root_path: /project/home/p201284/guo/xmad_data/
multilingual: True  model check for config: /project/home/p201284/guo/xmad-bench-repro/repro_tools/stepB/configs_crosslingual/config_crosslingual_septr.json

  OK  commonvoice-ar       rows=76602    sep=','
  OK  commonvoice-de       rows=14934    sep=','
  OK  commonvoice-ro       rows=30820    sep=','
  OK  commonvoice-ru       rows=67444    sep=','
  OK  commonvoice-es       rows=12694    sep=','
  OK  commonvoice-en       rows=96368    sep=','
  OK  commonvoice-zh       rows=13776    sep=','

PRE-FLIGHT PASSED — data layout looks correct for this config.

=== RUN crosslingual_septr_r01 (model=septr) ===
commonvoice-ar
commonvoice-de
commonvoice-ro
commonvoice-ru
commonvoice-es
commonvoice-ar
commonvoice-de
commonvoice-ro
commonvoice-ru
commonvoice-es
  [at-most] commonvoice-es: requested 1500 real samples, only 1129 available in this split - using 1129
Training on epoch 1
Training loss on iteration 0 = 0.7916461825370789
Training loss on iteration 20 = 1.3038143038749694
Training loss on iteration 40 = 0.7210608065128327
Training loss on iteration 60 = 0.8055629938840866
Training loss on iteration 80 = 0.6937267273664475
Training loss on iteration 100 = 0.7071116447448731
Training loss on iteration 120 = 0.6415631800889969
Training loss on iteration 140 = 0.6548105835914612
Training loss on iteration 160 = 0.7154612421989441
Training loss on iteration 180 = 0.67468431442976
Training loss on iteration 200 = 0.682728023827076
Training loss on iteration 220 = 0.568037286400795
Training loss on iteration 240 = 0.7890537843108177
Training loss on iteration 260 = 0.6033833235502243
Training loss on iteration 280 = 0.5872444495558738
Training loss on iteration 300 = 0.6177094280719757
Training loss on iteration 320 = 0.5516203425824642
Training loss on iteration 340 = 0.6126166716217994
Training loss on iteration 360 = 0.5883528038859367
Training loss on iteration 380 = 0.5098094418644905
Training loss on iteration 400 = 0.5685170605778694
Training loss on iteration 420 = 0.6908861294388771
Training loss on iteration 440 = 0.5646532528102398
Training loss on iteration 460 = 0.6175440482795238
Training loss on iteration 480 = 0.621429654955864
Training loss on iteration 500 = 0.5964179940521717
Training loss on iteration 520 = 0.5413754343986511
Training loss on iteration 540 = 0.554666530713439
Training loss on iteration 560 = 0.6291085362434388
Training loss on iteration 580 = 0.6058192387223243
Training loss on iteration 600 = 0.6127298012375831
Training loss on iteration 620 = 0.4619514554738998
Training loss on iteration 640 = 0.42758650965988637
Training loss on iteration 660 = 0.607504454255104
Training loss on iteration 680 = 0.4969018265604973
Training loss on iteration 700 = 0.5236163288354874
Training loss on iteration 720 = 0.5456882700324058
Training loss on iteration 740 = 0.5006818875670433
Training loss on iteration 760 = 0.5936360508203506
Training loss on iteration 780 = 0.4777007788419724
Training loss on iteration 800 = 0.5123404763638973
Training loss on iteration 820 = 0.5597935974597931
Training loss on iteration 840 = 0.4489362508058548
Training loss on iteration 860 = 0.5810337007045746
Training loss on iteration 880 = 0.4006067506968975
Training loss on iteration 900 = 0.5325381405651569
Training loss on iteration 920 = 0.5329768136143684
Training loss on iteration 940 = 0.5702499896287918
Training loss on iteration 960 = 0.45824237167835236
Training loss on iteration 980 = 0.43114184141159057
Training loss on iteration 1000 = 0.4926646087318659
Training loss on iteration 1020 = 0.4835698291659355
Training loss on iteration 1040 = 0.5379644110798836
Training loss on iteration 1060 = 0.5144293293356895
Training loss on iteration 1080 = 0.497789453342557
Training loss on iteration 1100 = 0.5108720421791076
Training loss on iteration 1120 = 0.47580995187163355
Training loss on iteration 1140 = 0.43056804686784744
Training loss on iteration 1160 = 0.46053001582622527
Training loss on iteration 1180 = 0.4876278296113014
Training loss on iteration 1200 = 0.4255651876330376
Training loss on iteration 1220 = 0.5000132173299789
Training loss on iteration 1240 = 0.44195790141820906
Training loss on iteration 1260 = 0.3998346894979477
Training loss on iteration 1280 = 0.4634287640452385
Training loss on iteration 1300 = 0.4893155820667744
Training loss on iteration 1320 = 0.4438012134283781
Training loss on iteration 1340 = 0.30391466673463585
Training loss on iteration 1360 = 0.5937408372759819
Training loss on iteration 1380 = 0.4655671935528517
Training loss on iteration 1400 = 0.43493280932307243
Training loss on iteration 1420 = 0.43711271658539774
Training loss on iteration 1440 = 0.36764075979590416
Training loss on iteration 1460 = 0.3847798604518175
Training loss on iteration 1480 = 0.4798989675939083
### EVAL:: Epoch 1:: Loss = 0.2811842786774984 :: ACC = 0.8771216159349138, AUC = 0.9472294247754658, EER = 0.12876981343806987
Training on epoch 2
Training loss on iteration 0 = 0.7197936177253723
Training loss on iteration 20 = 0.46063037142157554
Training loss on iteration 40 = 0.35774861946702
Training loss on iteration 60 = 0.40870166197419167
Training loss on iteration 80 = 0.46270645782351494
Training loss on iteration 100 = 0.3450761877000332
Training loss on iteration 120 = 0.29153429586440327
Training loss on iteration 140 = 0.3254369176924229
Training loss on iteration 160 = 0.3345660584047437
Training loss on iteration 180 = 0.5091624654829502
Training loss on iteration 200 = 0.36933979466557504
Training loss on iteration 220 = 0.40061916708946227
Training loss on iteration 240 = 0.42445705831050873
Training loss on iteration 260 = 0.31899974700063466
Training loss on iteration 280 = 0.3246631037443876
Training loss on iteration 300 = 0.3666997440159321
Training loss on iteration 320 = 0.35240981355309486
Training loss on iteration 340 = 0.25871062763035296
Training loss on iteration 360 = 0.38056685104966165
Training loss on iteration 380 = 0.31913124956190586
Training loss on iteration 400 = 0.39371443912386894
Training loss on iteration 420 = 0.349050160497427
Training loss on iteration 440 = 0.3932738810777664
Training loss on iteration 460 = 0.32455436903983353
Training loss on iteration 480 = 0.2534218281507492
Training loss on iteration 500 = 0.2582996418233961
Training loss on iteration 520 = 0.34015183448791503
Training loss on iteration 540 = 0.3758461117744446
Training loss on iteration 560 = 0.44602207411080597
Training loss on iteration 580 = 0.30132587663829324
Training loss on iteration 600 = 0.3038455035537481
Training loss on iteration 620 = 0.2945505570620298
Training loss on iteration 640 = 0.3672607935965061
Training loss on iteration 660 = 0.34926472008228304
Training loss on iteration 680 = 0.27256829626858237
Training loss on iteration 700 = 0.3634744666516781
Training loss on iteration 720 = 0.3607895810157061
Training loss on iteration 740 = 0.3813913963735104
Training loss on iteration 760 = 0.32904145698994397
Training loss on iteration 780 = 0.22600061986595393
Training loss on iteration 800 = 0.266613394767046
Training loss on iteration 820 = 0.30760538335889576
Training loss on iteration 840 = 0.3224457301199436
Training loss on iteration 860 = 0.3172894874587655
Training loss on iteration 880 = 0.2569370660930872
Training loss on iteration 900 = 0.357151161134243
Training loss on iteration 920 = 0.3219311780296266
Training loss on iteration 940 = 0.2112724371254444
Training loss on iteration 960 = 0.3691678887233138
Training loss on iteration 980 = 0.32498654518276454
Training loss on iteration 1000 = 0.30816099755465987
Training loss on iteration 1020 = 0.29915525354444983
Training loss on iteration 1040 = 0.2944604896008968
Training loss on iteration 1060 = 0.2967211803421378
Training loss on iteration 1080 = 0.341646096855402
Training loss on iteration 1100 = 0.33519754782319067
Training loss on iteration 1120 = 0.2678176649846137
Training loss on iteration 1140 = 0.3169906560331583
Training loss on iteration 1160 = 0.30494381096214057
Training loss on iteration 1180 = 0.3119831640273333
Training loss on iteration 1200 = 0.2942500028759241
Training loss on iteration 1220 = 0.29359714314341545
Training loss on iteration 1240 = 0.39328000508248806
Training loss on iteration 1260 = 0.3647876106202602
Training loss on iteration 1280 = 0.28183776661753657
Training loss on iteration 1300 = 0.25589129524305465
Training loss on iteration 1320 = 0.23192817885428668
Training loss on iteration 1340 = 0.1705493086948991
Training loss on iteration 1360 = 0.2359201873652637
Training loss on iteration 1380 = 0.1949333356693387
Training loss on iteration 1400 = 0.30204935371875763
Training loss on iteration 1420 = 0.2515156460925937
Training loss on iteration 1440 = 0.31423997692763805
Training loss on iteration 1460 = 0.2126546811312437
Training loss on iteration 1480 = 0.2595145419239998
### EVAL:: Epoch 2:: Loss = 0.14289527383018552 :: ACC = 0.9466965913872913, AUC = 0.9820461711149563, EER = 0.06354327395146585
Training on epoch 3
Training loss on iteration 0 = 0.16638636589050293
Training loss on iteration 20 = 0.26606643181294204
Training loss on iteration 40 = 0.3291353676468134
Training loss on iteration 60 = 0.30706166066229346
Training loss on iteration 80 = 0.2812197057530284
Training loss on iteration 100 = 0.26242840830236674
Training loss on iteration 120 = 0.2596995119005442
Training loss on iteration 140 = 0.23010140294209122
Training loss on iteration 160 = 0.22457024436444045
Training loss on iteration 180 = 0.18518871907144785
Training loss on iteration 200 = 0.2710240352898836
Training loss on iteration 220 = 0.2602494671940804
Training loss on iteration 240 = 0.26766784526407716
Training loss on iteration 260 = 0.31975311897695063
Training loss on iteration 280 = 0.2969637308269739
Training loss on iteration 300 = 0.3450311694294214
Training loss on iteration 320 = 0.18314431603066622
Training loss on iteration 340 = 0.25040221586823463
Training loss on iteration 360 = 0.23508627377450467
Training loss on iteration 380 = 0.22495341189205648
Training loss on iteration 400 = 0.32997955395840106
Training loss on iteration 420 = 0.25233485028147695
Training loss on iteration 440 = 0.2584053432568908
Training loss on iteration 460 = 0.258083005156368
Training loss on iteration 480 = 0.15757031968096272
Training loss on iteration 500 = 0.30095782815478744
Training loss on iteration 520 = 0.23058085762895644
Training loss on iteration 540 = 0.2552511813119054
Training loss on iteration 560 = 0.1398262744769454
Training loss on iteration 580 = 0.3623281082138419
Training loss on iteration 600 = 0.26155791655182836
Training loss on iteration 620 = 0.20452999118715526
Training loss on iteration 640 = 0.19098767209798098
Training loss on iteration 660 = 0.1963010412408039
Training loss on iteration 680 = 0.33480097353458405
Training loss on iteration 700 = 0.18617153400555253
Training loss on iteration 720 = 0.15665023447945714
Training loss on iteration 740 = 0.2427913423627615
Training loss on iteration 760 = 0.22282670848071576
Training loss on iteration 780 = 0.2922803370282054
Training loss on iteration 800 = 0.21024241326376797
Training loss on iteration 820 = 0.22690043803304433
Training loss on iteration 840 = 0.26363133266568184
Training loss on iteration 860 = 0.25165411494672296
Training loss on iteration 880 = 0.22732228301465512
Training loss on iteration 900 = 0.2698781605809927
Training loss on iteration 920 = 0.3254775147885084
Training loss on iteration 940 = 0.31674433015286924
Training loss on iteration 960 = 0.26791063346900046
Training loss on iteration 980 = 0.19871655851602554
Training loss on iteration 1000 = 0.21518286652863025
Training loss on iteration 1020 = 0.16603844333440065
Training loss on iteration 1040 = 0.1695991860702634
Training loss on iteration 1060 = 0.25609189718961717
Training loss on iteration 1080 = 0.2354408720508218
Training loss on iteration 1100 = 0.3064715491607785
Training loss on iteration 1120 = 0.2707720879465342
Training loss on iteration 1140 = 0.22146397111937405
Training loss on iteration 1160 = 0.12058364651165902
Training loss on iteration 1180 = 0.37456369372084736
Training loss on iteration 1200 = 0.18339589573442935
Training loss on iteration 1220 = 0.30706004835665224
Training loss on iteration 1240 = 0.29465886279940606
Training loss on iteration 1260 = 0.2328397915698588
Training loss on iteration 1280 = 0.22083353735506533
Training loss on iteration 1300 = 0.2440828062593937
Training loss on iteration 1320 = 0.22807955071330072
Training loss on iteration 1340 = 0.2509214302524924
Training loss on iteration 1360 = 0.28936359034851195
Training loss on iteration 1380 = 0.21867248732596636
Training loss on iteration 1400 = 0.27735637277364733
Training loss on iteration 1420 = 0.21219420861452817
Training loss on iteration 1440 = 0.33498170832172036
Training loss on iteration 1460 = 0.28156308457255363
Training loss on iteration 1480 = 0.22223668722435833
### EVAL:: Epoch 3:: Loss = 0.21922526657663324 :: ACC = 0.9055267218403703, AUC = 0.9854739150608093, EER = 0.05947538224154861
Training on epoch 4
Training loss on iteration 0 = 0.3328326642513275
Training loss on iteration 20 = 0.2743947336450219
Training loss on iteration 40 = 0.2782760079950094
Training loss on iteration 60 = 0.16887360913679003
Training loss on iteration 80 = 0.24451766423881055
Training loss on iteration 100 = 0.19097109828144312
Training loss on iteration 120 = 0.28123328313231466
Training loss on iteration 140 = 0.16934942565858363
Training loss on iteration 160 = 0.29924262035638094
Training loss on iteration 180 = 0.17318653911352158
Training loss on iteration 200 = 0.18437532596290113
Training loss on iteration 220 = 0.28108142260462043
Training loss on iteration 240 = 0.30609478019177916
Training loss on iteration 260 = 0.28050855323672297
Training loss on iteration 280 = 0.21111619770526885
Training loss on iteration 300 = 0.16374823302030564
Training loss on iteration 320 = 0.2123616232536733
Training loss on iteration 340 = 0.22131700944155455
Training loss on iteration 360 = 0.1457724603358656
Training loss on iteration 380 = 0.2350048460997641
Training loss on iteration 400 = 0.2578675761818886
Training loss on iteration 420 = 0.23477127254009247
Training loss on iteration 440 = 0.27474739868193865
Training loss on iteration 460 = 0.22703112764284014
Training loss on iteration 480 = 0.17517360839992763
Training loss on iteration 500 = 0.32776549085974693
Training loss on iteration 520 = 0.28635226637125016
Training loss on iteration 540 = 0.21828499380499125
Training loss on iteration 560 = 0.19233823735266925
Training loss on iteration 580 = 0.3532616399228573
Training loss on iteration 600 = 0.26723861545324323
Training loss on iteration 620 = 0.1814029447734356
Training loss on iteration 640 = 0.3099301841109991
Training loss on iteration 660 = 0.23796403682790696
Training loss on iteration 680 = 0.32037021722644565
Training loss on iteration 700 = 0.3265442706644535
Training loss on iteration 720 = 0.192973636649549
Training loss on iteration 740 = 0.30710463603027166
Training loss on iteration 760 = 0.28875746093690396
Training loss on iteration 780 = 0.23911158815026284
Training loss on iteration 800 = 0.16830717716366053
Training loss on iteration 820 = 0.29132859138771894
Training loss on iteration 840 = 0.21635739766061307
Training loss on iteration 860 = 0.24234531028196216
Training loss on iteration 880 = 0.19250307637266814
Training loss on iteration 900 = 0.1304135845042765
Training loss on iteration 920 = 0.2641462111845613
Training loss on iteration 940 = 0.1777535431087017
Training loss on iteration 960 = 0.3475343186408281
Training loss on iteration 980 = 0.22170250434428454
Training loss on iteration 1000 = 0.25461739394813776
Training loss on iteration 1020 = 0.2122755292803049
Training loss on iteration 1040 = 0.21498218765482308
Training loss on iteration 1060 = 0.17866743714548647
Training loss on iteration 1080 = 0.2934200823307037
Training loss on iteration 1100 = 0.21390345152467488
Training loss on iteration 1120 = 0.23250102270394563
Training loss on iteration 1140 = 0.2947798122651875
Training loss on iteration 1160 = 0.22851373255252838
Training loss on iteration 1180 = 0.24828736204653978
Training loss on iteration 1200 = 0.2526710767298937
Training loss on iteration 1220 = 0.2290374841541052
Training loss on iteration 1240 = 0.22447162345051766
Training loss on iteration 1260 = 0.2536244634538889
Training loss on iteration 1280 = 0.2450449370779097
Training loss on iteration 1300 = 0.23173131681978704
Training loss on iteration 1320 = 0.20747386198490858
Training loss on iteration 1340 = 0.20223143510520458
Training loss on iteration 1360 = 0.14641791861504316
Training loss on iteration 1380 = 0.21626624325290322
Training loss on iteration 1400 = 0.21763421073555947
Training loss on iteration 1420 = 0.20873242877423764
Training loss on iteration 1440 = 0.5511142304167151
Training loss on iteration 1460 = 0.7050824455916882
Training loss on iteration 1480 = 0.45426468551158905
### EVAL:: Epoch 4:: Loss = 0.3677730580671385 :: ACC = 0.8321643989339318, AUC = 0.9781667092034827, EER = 0.07280123439472577
Training on epoch 5
Training loss on iteration 0 = 0.5223666429519653
Training loss on iteration 20 = 0.25243739783763885
Training loss on iteration 40 = 0.23134191548451782
Training loss on iteration 60 = 0.2486599473282695
Training loss on iteration 80 = 0.2752790804952383
Training loss on iteration 100 = 0.26762785408645867
Training loss on iteration 120 = 0.21296786442399024
Training loss on iteration 140 = 0.2680438092909753
Training loss on iteration 160 = 0.19736888464540242
Training loss on iteration 180 = 0.26362597150728106
Training loss on iteration 200 = 0.2356785347685218
Training loss on iteration 220 = 0.16236974010244012
Training loss on iteration 240 = 0.27690472807735206
Training loss on iteration 260 = 0.22170421797782183
Training loss on iteration 280 = 0.23151957327499986
Training loss on iteration 300 = 0.2977186616510153
Training loss on iteration 320 = 0.20973178893327712
Training loss on iteration 340 = 0.21275856532156467
Training loss on iteration 360 = 0.3454404596239328
Training loss on iteration 380 = 0.33053400479257106
Training loss on iteration 400 = 0.31907186936587095
Training loss on iteration 420 = 0.2748620841652155
Training loss on iteration 440 = 0.4093963373452425
Training loss on iteration 460 = 0.2372316535562277
Training loss on iteration 480 = 0.4140755370259285
Training loss on iteration 500 = 0.39995394460856915
Training loss on iteration 520 = 0.25640252940356734
Training loss on iteration 540 = 0.27835202440619466
Training loss on iteration 560 = 0.2293186765164137
Training loss on iteration 580 = 0.3126555819064379
Training loss on iteration 600 = 0.29194005243480203
Training loss on iteration 620 = 0.18168914751149715
Training loss on iteration 640 = 0.1740865917294286
Training loss on iteration 660 = 0.25267806127667425
Training loss on iteration 680 = 0.26189000038430094
Training loss on iteration 700 = 0.24700007289648057
Training loss on iteration 720 = 0.24631132017821072
Training loss on iteration 740 = 0.31126691661775113
Training loss on iteration 760 = 0.24830034729093314
Training loss on iteration 780 = 0.26420076908543705
Training loss on iteration 800 = 0.27003041207790374
Training loss on iteration 820 = 0.3094652991741896
Training loss on iteration 840 = 0.25544410571455956
Training loss on iteration 860 = 0.23148472672328352
Training loss on iteration 880 = 0.2526361496187747
Training loss on iteration 900 = 0.29240398956462743
Training loss on iteration 920 = 0.22674298025667666
Training loss on iteration 940 = 0.2263794695958495
Training loss on iteration 960 = 0.18589180363342167
Training loss on iteration 980 = 0.2611779206432402
Training loss on iteration 1000 = 0.2546825564466417
Training loss on iteration 1020 = 0.25489599723368883
Training loss on iteration 1040 = 0.18580911867320538
Training loss on iteration 1060 = 0.32965599950402974
Training loss on iteration 1080 = 0.27648627646267415
Training loss on iteration 1100 = 0.3695587571710348
Training loss on iteration 1120 = 0.31849570721387865
Training loss on iteration 1140 = 0.3073221916332841
Training loss on iteration 1160 = 0.22695062085986137
Training loss on iteration 1180 = 0.27313327640295026
Training loss on iteration 1200 = 0.2265685062855482
Training loss on iteration 1220 = 0.23785203024744989
Training loss on iteration 1240 = 0.28450342267751694
Training loss on iteration 1260 = 0.19583958750590683
Training loss on iteration 1280 = 0.2750682165846229
Training loss on iteration 1300 = 0.3143886374309659
Training loss on iteration 1320 = 0.17728197500109671
Training loss on iteration 1340 = 0.25749460570514204
Training loss on iteration 1360 = 0.4177159801125526
Training loss on iteration 1380 = 0.2185495293699205
Training loss on iteration 1400 = 0.22376186698675155
Training loss on iteration 1420 = 0.2808060869574547
Training loss on iteration 1440 = 0.3388323843479156
Training loss on iteration 1460 = 0.30196476969867947
Training loss on iteration 1480 = 0.27174740582704543
### EVAL:: Epoch 5:: Loss = 0.23455382249934265 :: ACC = 0.8973208023565717, AUC = 0.9708361476138165, EER = 0.0899144340019638
Training on epoch 6
Training loss on iteration 0 = 0.10172390937805176
Training loss on iteration 20 = 0.2645240964367986
Training loss on iteration 40 = 0.25739795379340646
Training loss on iteration 60 = 0.2826970100402832
Training loss on iteration 80 = 0.32403615973889827
Training loss on iteration 100 = 0.3258832436054945
Training loss on iteration 120 = 0.32456583306193354
Training loss on iteration 140 = 0.19099975461140276
Training loss on iteration 160 = 0.2629553938284516
Training loss on iteration 180 = 0.3703249774873257
Training loss on iteration 200 = 0.30064960159361365
Training loss on iteration 220 = 0.15708191539160907
Training loss on iteration 240 = 0.21004853006452323
Training loss on iteration 260 = 0.2200736843980849
Training loss on iteration 280 = 0.25881886258721354
Training loss on iteration 300 = 0.2535549506545067
Training loss on iteration 320 = 0.22341824043542147
Training loss on iteration 340 = 0.21658404655754565
Training loss on iteration 360 = 0.3567797731608152
Training loss on iteration 380 = 0.30424244329333305
Training loss on iteration 400 = 0.3340296518057585
Training loss on iteration 420 = 0.32472570389509203
Training loss on iteration 440 = 0.3157191202044487
Training loss on iteration 460 = 0.38349603191018106
Training loss on iteration 480 = 0.3128799024969339
Training loss on iteration 500 = 0.27793490793555975
Training loss on iteration 520 = 0.30576722174882887
Training loss on iteration 540 = 0.2022450465708971
Training loss on iteration 560 = 0.2635384786874056
Training loss on iteration 580 = 0.24798880238085985
Training loss on iteration 600 = 0.32757931128144263
Training loss on iteration 620 = 0.33831006921827794
Training loss on iteration 640 = 0.31607195902615787
Training loss on iteration 660 = 0.28286990281194446
Training loss on iteration 680 = 0.3426562909036875
Training loss on iteration 700 = 0.25630673989653585
Training loss on iteration 720 = 0.21325068715959788
Training loss on iteration 740 = 0.2615360826253891
Training loss on iteration 760 = 0.32403332367539406
Training loss on iteration 780 = 0.25416674837470055
Training loss on iteration 800 = 0.23665162362158298
Training loss on iteration 820 = 0.17253093989565968
Training loss on iteration 840 = 0.2816518475301564
Training loss on iteration 860 = 0.4325359731912613
Training loss on iteration 880 = 0.3579595509916544
Training loss on iteration 900 = 0.465295347571373
Training loss on iteration 920 = 0.26448247767984867
Training loss on iteration 940 = 0.33489234317094085
Training loss on iteration 960 = 0.2945383880287409
Training loss on iteration 980 = 0.32786034923046825
Training loss on iteration 1000 = 0.281164584774524
Training loss on iteration 1020 = 0.4173099286854267
Training loss on iteration 1040 = 0.3205146800726652
Training loss on iteration 1060 = 0.251363411732018
Training loss on iteration 1080 = 0.31579109709709885
Training loss on iteration 1100 = 0.34710006210953
Training loss on iteration 1120 = 0.36797455698251724
Training loss on iteration 1140 = 0.3061653196811676
Training loss on iteration 1160 = 0.2692920112982392
Training loss on iteration 1180 = 0.34830773454159497
Training loss on iteration 1200 = 0.3831191319972277
Training loss on iteration 1220 = 0.2403438065201044
Training loss on iteration 1240 = 0.2662454016506672
Training loss on iteration 1260 = 0.23329031388275326
Training loss on iteration 1280 = 0.2895558378659189
Training loss on iteration 1300 = 0.27346056923270223
Training loss on iteration 1320 = 0.20914211347699166
Training loss on iteration 1340 = 0.18111650915816427
Training loss on iteration 1360 = 0.16424753116443752
Training loss on iteration 1380 = 0.2475193027406931
Training loss on iteration 1400 = 0.364192308485508
Training loss on iteration 1420 = 0.24789648610167206
Training loss on iteration 1440 = 0.3294613413512707
Training loss on iteration 1460 = 0.23508273679763078
Training loss on iteration 1480 = 0.24373567290604115
### EVAL:: Epoch 6:: Loss = 0.17090577648197944 :: ACC = 0.9367372703043905, AUC = 0.9544218589506199, EER = 0.11698695469210268
Training on epoch 7
Training loss on iteration 0 = 0.23230239748954773
Training loss on iteration 20 = 0.2446880791336298
Training loss on iteration 40 = 0.35788105316460134
Training loss on iteration 60 = 0.32241752184927464
Training loss on iteration 80 = 0.2998175371438265
Training loss on iteration 100 = 0.25493236873298886
Training loss on iteration 120 = 0.34037182107567787
Training loss on iteration 140 = 0.31105794943869114
Training loss on iteration 160 = 0.29563760766759517
Training loss on iteration 180 = 0.3314850057475269
Training loss on iteration 200 = 0.19306421279907227
Training loss on iteration 220 = 0.26715741781517865
Training loss on iteration 240 = 0.20213048548903317
Training loss on iteration 260 = 0.22104714182205498
Training loss on iteration 280 = 0.3036876542493701
Training loss on iteration 300 = 0.17459105663001537
Training loss on iteration 320 = 0.24351832251995803
Training loss on iteration 340 = 0.2514903826639056
Training loss on iteration 360 = 0.34017238914966585
Training loss on iteration 380 = 0.2292601365596056
Training loss on iteration 400 = 0.3383770437911153
Training loss on iteration 420 = 0.5175181873142719
Training loss on iteration 440 = 0.30680257342755796
Training loss on iteration 460 = 0.2280158894136548
Training loss on iteration 480 = 0.26276700757443905
Training loss on iteration 500 = 0.38148331418633463
Training loss on iteration 520 = 0.2620729928836226
Training loss on iteration 540 = 0.3061303259804845
Training loss on iteration 560 = 0.2843818135559559
Training loss on iteration 580 = 0.24076629504561425
Training loss on iteration 600 = 0.33299822015687824
Training loss on iteration 620 = 0.2787038967013359
Training loss on iteration 640 = 0.4329522415995598
Training loss on iteration 660 = 0.3127341805025935
Training loss on iteration 680 = 0.21079690558835865
Training loss on iteration 700 = 0.4336511973291636
Training loss on iteration 720 = 0.38447451367974284
Training loss on iteration 740 = 0.34211902916431425
Training loss on iteration 760 = 0.3114808488637209
Training loss on iteration 780 = 0.2620075140148401
Training loss on iteration 800 = 0.29359230790287255
Training loss on iteration 820 = 0.23147569745779037
Training loss on iteration 840 = 0.2535073164850473
Training loss on iteration 860 = 0.25235079526901244
Training loss on iteration 880 = 0.22760397978127003
Training loss on iteration 900 = 0.33520936220884323
Training loss on iteration 920 = 0.33062448920682075
Training loss on iteration 940 = 0.4408531993627548
Training loss on iteration 960 = 0.34339534044265746
Training loss on iteration 980 = 0.22854284904897212
Training loss on iteration 1000 = 0.2623066663742065
Training loss on iteration 1020 = 0.3044627640396357
Training loss on iteration 1040 = 0.23338634185492993
Training loss on iteration 1060 = 0.2995394880883396
Training loss on iteration 1080 = 0.35853124875575304
Training loss on iteration 1100 = 0.49649328291416167
Training loss on iteration 1120 = 0.4350632168352604
Training loss on iteration 1140 = 0.3068425692617893
Training loss on iteration 1160 = 0.28430183976888657
Training loss on iteration 1180 = 0.34980170503258706
Training loss on iteration 1200 = 0.2694036245346069
Training loss on iteration 1220 = 0.24654663670808077
Training loss on iteration 1240 = 0.2395478244870901
Training loss on iteration 1260 = 0.4176715506240726
Training loss on iteration 1280 = 0.3540084395557642
Training loss on iteration 1300 = 0.29558215439319613
Training loss on iteration 1320 = 0.2929739776998758
Training loss on iteration 1340 = 0.19852664619684218
Training loss on iteration 1360 = 0.36266365596093236
Training loss on iteration 1380 = 0.2975191455334425
Training loss on iteration 1400 = 0.25598512263968587
Training loss on iteration 1420 = 0.2416728482581675
Training loss on iteration 1440 = 0.36442225724458693
Training loss on iteration 1460 = 0.3736349646002054
Training loss on iteration 1480 = 0.3484899912029505
### EVAL:: Epoch 7:: Loss = 0.19006371440275782 :: ACC = 0.9323186982746529, AUC = 0.941104536460433, EER = 0.13031280684527985
Training on epoch 8
Training loss on iteration 0 = 0.14540055394172668
Training loss on iteration 20 = 0.20401185331866145
Training loss on iteration 40 = 0.24774080142378807
Training loss on iteration 60 = 0.35141347553581
Training loss on iteration 80 = 0.4506235994398594
Training loss on iteration 100 = 0.2313464257866144
Training loss on iteration 120 = 0.4690785862505436
Training loss on iteration 140 = 0.2913530332967639
Training loss on iteration 160 = 0.2501865955069661
Training loss on iteration 180 = 0.3421687617897987
Training loss on iteration 200 = 0.25289222728461025
Training loss on iteration 220 = 0.30732770524919034
Training loss on iteration 240 = 0.34660114869475367
Training loss on iteration 260 = 0.43785879723727705
Training loss on iteration 280 = 0.20212257243692874
Training loss on iteration 300 = 0.3182608811184764
Training loss on iteration 320 = 0.23969695642590522
Training loss on iteration 340 = 0.18928184369578957
Training loss on iteration 360 = 0.32281460240483284
Training loss on iteration 380 = 0.30635908544063567
Training loss on iteration 400 = 0.29825351275503637
Training loss on iteration 420 = 0.23426624722778797
Training loss on iteration 440 = 0.2909341694787145
Training loss on iteration 460 = 0.1599295748397708
Training loss on iteration 480 = 0.29493911657482386
Training loss on iteration 500 = 0.20758186969906092
Training loss on iteration 520 = 0.3737997140735388
Training loss on iteration 540 = 0.31407376416027544
Training loss on iteration 560 = 0.29741547256708145
Training loss on iteration 580 = 0.35594520941376684
Training loss on iteration 600 = 0.20115168802440167
Training loss on iteration 620 = 0.3220752652734518
Training loss on iteration 640 = 0.24203279446810483
Training loss on iteration 660 = 0.22262182086706161
Training loss on iteration 680 = 0.2843557149171829
Training loss on iteration 700 = 0.33319965489208697
Training loss on iteration 720 = 0.24610169511288404
Training loss on iteration 740 = 0.23625828102231025
Training loss on iteration 760 = 0.24460918959230185
Training loss on iteration 780 = 0.3585426827892661
Training loss on iteration 800 = 0.20732796592637898
Training loss on iteration 820 = 0.21680971328169107
Training loss on iteration 840 = 0.3951035548001528
Training loss on iteration 860 = 0.35882127899676564
Training loss on iteration 880 = 0.4046881139278412
Training loss on iteration 900 = 0.41924076061695814
Training loss on iteration 920 = 0.6568389900028706
Training loss on iteration 940 = 0.303096504509449
Training loss on iteration 960 = 0.38104631565511227
Training loss on iteration 980 = 0.46524477899074557
Training loss on iteration 1000 = 0.5894641295075417
Training loss on iteration 1020 = 0.4515157103538513
Training loss on iteration 1040 = 0.3797766365110874
Training loss on iteration 1060 = 0.2940385460853577
Training loss on iteration 1080 = 0.7052595399320125
Training loss on iteration 1100 = 0.36794852912425996
Training loss on iteration 1120 = 0.4076005969196558
Training loss on iteration 1140 = 0.403983836248517
Training loss on iteration 1160 = 0.3546853758394718
Training loss on iteration 1180 = 0.3913004709407687
Training loss on iteration 1200 = 0.29890702329576013
Training loss on iteration 1220 = 0.35468675680458545
Training loss on iteration 1240 = 0.43278704211115837
Training loss on iteration 1260 = 0.2860202305018902
Training loss on iteration 1280 = 0.25283476412296296
Training loss on iteration 1300 = 0.4141764812171459
Training loss on iteration 1320 = 0.46120412945747374
Training loss on iteration 1340 = 0.341623280569911
Training loss on iteration 1360 = 0.41053577661514284
Training loss on iteration 1380 = 0.49205467104911804
Training loss on iteration 1400 = 0.49614586904644964
Training loss on iteration 1420 = 0.41924645826220514
Training loss on iteration 1440 = 0.3234859392046928
Training loss on iteration 1460 = 0.4152551032602787
Training loss on iteration 1480 = 0.4292126737535
### EVAL:: Epoch 8:: Loss = 0.36221194042761184 :: ACC = 0.822976574554636, AUC = 0.9220598059829278, EER = 0.15135362603450694
Training on epoch 9
Training loss on iteration 0 = 0.3763701915740967
Training loss on iteration 20 = 0.33445670157670976
Training loss on iteration 40 = 0.39604704156517984
Training loss on iteration 60 = 0.47843250036239626
Training loss on iteration 80 = 0.42976716086268424
Training loss on iteration 100 = 0.3915721520781517
Training loss on iteration 120 = 0.35736115276813507
Training loss on iteration 140 = 0.3776405084878206
Training loss on iteration 160 = 0.5630090139806271
Training loss on iteration 180 = 0.3970776073634624
Training loss on iteration 200 = 0.4013870175927877
Training loss on iteration 220 = 0.34563543647527695
Training loss on iteration 240 = 0.29394505359232426
Training loss on iteration 260 = 0.36967305354774
Training loss on iteration 280 = 0.3903896361589432
Training loss on iteration 300 = 0.41872342228889464
Training loss on iteration 320 = 0.3896364562213421
Training loss on iteration 340 = 0.6056020252406598
Training loss on iteration 360 = 0.5198242582380772
Training loss on iteration 380 = 0.42525516599416735
Training loss on iteration 400 = 0.47948918789625167
Training loss on iteration 420 = 0.4087402280420065
Training loss on iteration 440 = 0.4123964987695217
Training loss on iteration 460 = 0.4954012371599674
Training loss on iteration 480 = 0.41078722327947614
Training loss on iteration 500 = 0.3349203340709209
Training loss on iteration 520 = 0.4861982561647892
Training loss on iteration 540 = 0.3586470946669579
Training loss on iteration 560 = 0.30769046060740946
Training loss on iteration 580 = 0.4223625771701336
Training loss on iteration 600 = 0.28174424543976784
Training loss on iteration 620 = 0.25748124327510596
Training loss on iteration 640 = 0.40214771702885627
Training loss on iteration 660 = 0.6404424577951431
Training loss on iteration 680 = 0.4198605462908745
Training loss on iteration 700 = 0.3122512888163328
Training loss on iteration 720 = 0.2396635476499796
Training loss on iteration 740 = 0.4346920229494572
Training loss on iteration 760 = 0.2651133880019188
Training loss on iteration 780 = 0.2182901818305254
Training loss on iteration 800 = 0.35102995587512853
Training loss on iteration 820 = 0.2973754333332181
Training loss on iteration 840 = 0.32158591337502
Training loss on iteration 860 = 0.41777921933680773
Training loss on iteration 880 = 0.29979871995747087
Training loss on iteration 900 = 0.23249296322464943
Training loss on iteration 920 = 0.24840255305171013
Training loss on iteration 940 = 0.2896921794861555
Training loss on iteration 960 = 0.3199179403483868
Training loss on iteration 980 = 0.37197368647903206
Training loss on iteration 1000 = 0.29230800159275533
Training loss on iteration 1020 = 0.2550911501981318
Training loss on iteration 1040 = 0.280166457593441
Training loss on iteration 1060 = 0.31765868328511715
Training loss on iteration 1080 = 0.28127754125744103
Training loss on iteration 1100 = 0.29669820368289945
Training loss on iteration 1120 = 0.2284706873819232
Training loss on iteration 1140 = 0.21034110886976123
Training loss on iteration 1160 = 0.32545662578195333
Training loss on iteration 1180 = 0.3002765104174614
Training loss on iteration 1200 = 0.28209758289158343
Training loss on iteration 1220 = 0.4186366776004434
Training loss on iteration 1240 = 0.36854870766401293
Training loss on iteration 1260 = 0.23816151730716228
Training loss on iteration 1280 = 0.17586911506950856
Training loss on iteration 1300 = 0.2678773794323206
Training loss on iteration 1320 = 0.23301593977957963
Training loss on iteration 1340 = 0.2600278005003929
Training loss on iteration 1360 = 0.2034093240275979
Training loss on iteration 1380 = 0.2009322877973318
Training loss on iteration 1400 = 0.3114230757579207
Training loss on iteration 1420 = 0.3208563124760985
Training loss on iteration 1440 = 0.2583338152617216
Training loss on iteration 1460 = 0.41416100300848485
Training loss on iteration 1480 = 0.26776724494993687
### EVAL:: Epoch 9:: Loss = 0.1352869843227167 :: ACC = 0.9508346191611726, AUC = 0.8998550862400088, EER = 0.18740356291204938
Training on epoch 10
Training loss on iteration 0 = 0.12587742507457733
Training loss on iteration 20 = 0.2391142811626196
Training loss on iteration 40 = 0.23768111583776771
Training loss on iteration 60 = 0.16469349153339863
Training loss on iteration 80 = 0.31625910503789784
Training loss on iteration 100 = 0.459932554885745
Training loss on iteration 120 = 0.2850057207047939
Training loss on iteration 140 = 0.2972144255414605
Training loss on iteration 160 = 0.31471374854445455
Training loss on iteration 180 = 0.2503214726224542
Training loss on iteration 200 = 0.20368099492043257
Training loss on iteration 220 = 0.17967594834044576
Training loss on iteration 240 = 0.21294732606038452
Training loss on iteration 260 = 0.28981793858110905
Training loss on iteration 280 = 0.24431675709784031
Training loss on iteration 300 = 0.2452083603478968
Training loss on iteration 320 = 0.1570374507457018
Training loss on iteration 340 = 0.19268544688820838
Training loss on iteration 360 = 0.13945391066372395
Training loss on iteration 380 = 0.24203118989244105
Training loss on iteration 400 = 0.21509545525768772
Training loss on iteration 420 = 0.3030222963541746
Training loss on iteration 440 = 0.24474540427327157
Training loss on iteration 460 = 0.2615948412567377
Training loss on iteration 480 = 0.2727497087791562
Training loss on iteration 500 = 0.29145147614181044
Training loss on iteration 520 = 0.2313715647906065
Training loss on iteration 540 = 0.21394072342664003
Training loss on iteration 560 = 0.343750374019146
Training loss on iteration 580 = 0.23390903733670712
Training loss on iteration 600 = 0.22069984739646314
Training loss on iteration 620 = 0.35769148087129
Training loss on iteration 640 = 0.6045107893645764
Training loss on iteration 660 = 0.24929766226559877
Training loss on iteration 680 = 0.2693127907812595
Training loss on iteration 700 = 0.24726803489029409
Training loss on iteration 720 = 0.14545201221480966
Training loss on iteration 740 = 0.23281271839514375
Training loss on iteration 760 = 0.5876630831509828
Training loss on iteration 780 = 0.30742342919111254
Training loss on iteration 800 = 0.2264279503375292
Training loss on iteration 820 = 0.25561678046360614
Training loss on iteration 840 = 0.3454656094312668
Training loss on iteration 860 = 0.25870381109416485
Training loss on iteration 880 = 0.3168965364806354
Training loss on iteration 900 = 0.2346039218828082
Training loss on iteration 920 = 0.23374409321695566
Training loss on iteration 940 = 0.42303208634257317
Training loss on iteration 960 = 0.3480467312037945
Training loss on iteration 980 = 0.33593052509240806
Training loss on iteration 1000 = 0.31695243492722514
Training loss on iteration 1020 = 0.45867990627884864
Training loss on iteration 1040 = 0.29758075773715975
Training loss on iteration 1060 = 0.4248030375689268
Training loss on iteration 1080 = 0.3367526225745678
Training loss on iteration 1100 = 0.27322732992470267
Training loss on iteration 1120 = 0.3665181927382946
Training loss on iteration 1140 = 0.3408387754112482
Training loss on iteration 1160 = 0.2761227782815695
Training loss on iteration 1180 = 0.25443895496428015
Training loss on iteration 1200 = 0.3759958423674107
Training loss on iteration 1220 = 0.3335005111992359
Training loss on iteration 1240 = 0.31031727995723485
Training loss on iteration 1260 = 0.29700593948364257
Training loss on iteration 1280 = 0.2642113421112299
Training loss on iteration 1300 = 0.26802724511362613
Training loss on iteration 1320 = 0.3234866112470627
Training loss on iteration 1340 = 0.26736590899527074
Training loss on iteration 1360 = 0.21026373226195574
Training loss on iteration 1380 = 0.20310105625540018
Training loss on iteration 1400 = 0.2678615891374648
Training loss on iteration 1420 = 0.13827308202162386
Training loss on iteration 1440 = 0.21512451767921448
Training loss on iteration 1460 = 0.27813733448274436
Training loss on iteration 1480 = 0.18617611173540355
### EVAL:: Epoch 10:: Loss = 0.14023163656044169 :: ACC = 0.9478889044746809, AUC = 0.9415376898654283, EER = 0.13367933791555617
Training on epoch 11
Training loss on iteration 0 = 0.09761788696050644
Training loss on iteration 20 = 0.1977926382794976
Training loss on iteration 40 = 0.21123455204069613
Training loss on iteration 60 = 0.208222246915102
Training loss on iteration 80 = 0.39568214751780034
Training loss on iteration 100 = 0.17698810053989292
Training loss on iteration 120 = 0.2361099275527522
Training loss on iteration 140 = 0.3159705731086433
Training loss on iteration 160 = 0.4048806011676788
Training loss on iteration 180 = 0.4602414879947901
Training loss on iteration 200 = 0.2943989023566246
Training loss on iteration 220 = 0.5010861426591873
Training loss on iteration 240 = 0.3742825219407678
Training loss on iteration 260 = 0.3541585374623537
Training loss on iteration 280 = 0.2406708943657577
Training loss on iteration 300 = 0.44555941633880136
Training loss on iteration 320 = 0.24127379022538661
Training loss on iteration 340 = 0.21542148189619184
Training loss on iteration 360 = 0.3567040614783764
Training loss on iteration 380 = 0.2794777754694223
Training loss on iteration 400 = 0.2862750988453627
Training loss on iteration 420 = 0.2648177482187748
Training loss on iteration 440 = 0.23745183013379573
Training loss on iteration 460 = 0.19528131391853093
Training loss on iteration 480 = 0.2596917819231749
Training loss on iteration 500 = 0.24326948067173362
Training loss on iteration 520 = 0.26219410076737404
Training loss on iteration 540 = 0.30046653002500534
Training loss on iteration 560 = 0.28871416449546816
Training loss on iteration 580 = 0.32328209951519965
Training loss on iteration 600 = 0.3203897476196289
Training loss on iteration 620 = 0.2503878060728312
Training loss on iteration 640 = 0.2915874094702303
Training loss on iteration 660 = 0.29611686151474714
Training loss on iteration 680 = 0.27805092073976995
Training loss on iteration 700 = 0.24690274875611068
Training loss on iteration 720 = 0.2763299740850925
Training loss on iteration 740 = 0.2674171827733517
Training loss on iteration 760 = 0.21812345515936613
Training loss on iteration 780 = 0.23874547388404607
Training loss on iteration 800 = 0.31952493283897637
Training loss on iteration 820 = 0.4184867233037949
Training loss on iteration 840 = 0.36048280708491803
Training loss on iteration 860 = 0.3734079997986555
Training loss on iteration 880 = 0.39415800869464873
Training loss on iteration 900 = 0.3620086252689362
Training loss on iteration 920 = 0.2404925897717476
Training loss on iteration 940 = 0.34721832871437075
Training loss on iteration 960 = 0.345582309179008
Training loss on iteration 980 = 0.32611142601817844
Training loss on iteration 1000 = 0.2604156335815787
Training loss on iteration 1020 = 0.32428310960531237
Training loss on iteration 1040 = 0.26900412831455467
Training loss on iteration 1060 = 0.26216264590620997
Training loss on iteration 1080 = 0.30696351137012245
Training loss on iteration 1100 = 0.30484839491546156
Training loss on iteration 1120 = 0.2681896546855569
Training loss on iteration 1140 = 0.2867960583418608
Training loss on iteration 1160 = 0.27528569772839545
Training loss on iteration 1180 = 0.45789778754115107
Training loss on iteration 1200 = 0.34479945451021193
Training loss on iteration 1220 = 0.3993514647707343
Training loss on iteration 1240 = 0.30272879600524905
Training loss on iteration 1260 = 0.2564556900411844
Training loss on iteration 1280 = 0.2505166154354811
Training loss on iteration 1300 = 0.28913580514490606
Training loss on iteration 1320 = 0.5592314675450325
Training loss on iteration 1340 = 0.5819857742637395
Training loss on iteration 1360 = 0.5286771435290575
Training loss on iteration 1380 = 0.6563232429325581
Training loss on iteration 1400 = 0.8312977820634841
Training loss on iteration 1420 = 0.5487924136221409
Training loss on iteration 1440 = 0.31049977280199526
Training loss on iteration 1460 = 0.41475162506103513
Training loss on iteration 1480 = 0.47442545741796494
### EVAL:: Epoch 11:: Loss = 0.5429111631638742 :: ACC = 0.7099873755084865, AUC = 0.7169728743533812, EER = 0.34156263150511995
Training on epoch 12
Training loss on iteration 0 = 0.29568690061569214
Training loss on iteration 20 = 0.5008766978979111
Training loss on iteration 40 = 0.5863211169838906
Training loss on iteration 60 = 0.4873819909989834
Training loss on iteration 80 = 0.4650914043188095
Training loss on iteration 100 = 0.43164002597332
Training loss on iteration 120 = 0.4109706684947014
Training loss on iteration 140 = 0.4510818086564541
Training loss on iteration 160 = 0.38191528916358947
Training loss on iteration 180 = 0.33297148272395133
Training loss on iteration 200 = 0.317066490277648
Training loss on iteration 220 = 0.36473385579884054
Training loss on iteration 240 = 0.35447738096117976
Training loss on iteration 260 = 0.4321057744324207
Training loss on iteration 280 = 0.3425100915133953
Training loss on iteration 300 = 0.3362979792058468
Training loss on iteration 320 = 0.41932682916522024
Training loss on iteration 340 = 0.40699195116758347
Training loss on iteration 360 = 0.49091080725193026
Training loss on iteration 380 = 0.3704181835055351
Training loss on iteration 400 = 0.4097979452461004
Training loss on iteration 420 = 0.2822085481137037
Training loss on iteration 440 = 0.42036210671067237
Training loss on iteration 460 = 0.5453125346451998
Training loss on iteration 480 = 0.44433713108301165
Training loss on iteration 500 = 0.47341126427054403
Training loss on iteration 520 = 0.3305991943925619
Training loss on iteration 540 = 0.4391803748905659
Training loss on iteration 560 = 0.277883175201714
Training loss on iteration 580 = 0.30432997895404695
Training loss on iteration 600 = 0.3081489846110344
Training loss on iteration 620 = 0.3619228325784206
Training loss on iteration 640 = 0.31820790432393553
Training loss on iteration 660 = 0.43607690669596194
Training loss on iteration 680 = 0.5013508051633835
Training loss on iteration 700 = 0.46296256631612775
Training loss on iteration 720 = 0.34910383746027945
Training loss on iteration 740 = 0.35031413212418555
Training loss on iteration 760 = 0.3395254973322153
Training loss on iteration 780 = 0.3528149835765362
Training loss on iteration 800 = 0.4534949608147144
Training loss on iteration 820 = 0.23668951503932475
Training loss on iteration 840 = 0.3180350996553898
Training loss on iteration 860 = 0.2852910656481981
Training loss on iteration 880 = 0.390148913860321
Training loss on iteration 900 = 0.3165467981249094
Training loss on iteration 920 = 0.32764845099300144
Training loss on iteration 940 = 0.34210394863039256
Training loss on iteration 960 = 0.3131727775558829
Training loss on iteration 980 = 0.3157232139259577
Training loss on iteration 1000 = 0.4192042017355561
Training loss on iteration 1020 = 0.32731577530503275
Training loss on iteration 1040 = 0.300321738794446
Training loss on iteration 1060 = 0.3206436365842819
Training loss on iteration 1080 = 0.4050451349467039
Training loss on iteration 1100 = 0.4378910519182682
Training loss on iteration 1120 = 0.42965917848050594
Training loss on iteration 1140 = 0.30136298220604657
Training loss on iteration 1160 = 0.30038583613932135
Training loss on iteration 1180 = 0.34540389850735664
Training loss on iteration 1200 = 0.28455164581537246
Training loss on iteration 1220 = 0.3397308200597763
Training loss on iteration 1240 = 0.41667677983641627
Training loss on iteration 1260 = 0.4418289877474308
Training loss on iteration 1280 = 0.29806089140474795
Training loss on iteration 1300 = 0.3082892056554556
Training loss on iteration 1320 = 0.26460994090884926
Training loss on iteration 1340 = 0.252159608155489
Training loss on iteration 1360 = 0.2256693348288536
Training loss on iteration 1380 = 0.28675359981134535
Training loss on iteration 1400 = 0.4170071344822645
Training loss on iteration 1420 = 0.3396688558161259
Training loss on iteration 1440 = 0.31406699270009997
Training loss on iteration 1460 = 0.3541118450462818
Training loss on iteration 1480 = 0.27164278253912927
### EVAL:: Epoch 12:: Loss = 0.21257976210397914 :: ACC = 0.9147846822836302, AUC = 0.8127413626537039, EER = 0.2590826202833497
Training on epoch 13
Training loss on iteration 0 = 0.16185665130615234
Training loss on iteration 20 = 0.27462800182402136
Training loss on iteration 40 = 0.30027912799268963
Training loss on iteration 60 = 0.328097215667367
Training loss on iteration 80 = 0.2509479034692049
Training loss on iteration 100 = 0.27433780021965504
Training loss on iteration 120 = 0.3568366089835763
Training loss on iteration 140 = 0.2674059238284826
Training loss on iteration 160 = 0.24152302918955684
Training loss on iteration 180 = 0.26089332569390533
Training loss on iteration 200 = 0.2606628205627203
Training loss on iteration 220 = 0.48050583265721797
Training loss on iteration 240 = 0.3044419903308153
Training loss on iteration 260 = 0.3597497932612896
Training loss on iteration 280 = 0.28020082898437976
Training loss on iteration 300 = 0.2797878835350275
Training loss on iteration 320 = 0.3995869440957904
Training loss on iteration 340 = 0.28015835527330635
Training loss on iteration 360 = 0.23490957766771317
Training loss on iteration 380 = 0.412415966950357
Training loss on iteration 400 = 0.22217091955244542
Training loss on iteration 420 = 0.2830504125915468
Training loss on iteration 440 = 0.2858874645084143
Training loss on iteration 460 = 0.22284236075356603
Training loss on iteration 480 = 0.2983431609347463
Training loss on iteration 500 = 0.28984669456258416
Training loss on iteration 520 = 0.37037674747407434
Training loss on iteration 540 = 0.3741560272872448
Training loss on iteration 560 = 0.29904806707054377
Training loss on iteration 580 = 0.5323812978342175
Training loss on iteration 600 = 0.4387325219810009
Training loss on iteration 620 = 0.3173620916903019
Training loss on iteration 640 = 0.3848092395812273
Training loss on iteration 660 = 0.3881229739636183
Training loss on iteration 680 = 0.23167121261358262
Training loss on iteration 700 = 0.3322224222123623
Training loss on iteration 720 = 0.4440064484253526
Training loss on iteration 740 = 0.24814463891088961
Training loss on iteration 760 = 0.2723134012892842
Training loss on iteration 780 = 0.34182135201990604
Training loss on iteration 800 = 0.2694551184773445
Training loss on iteration 820 = 0.3968252670019865
Training loss on iteration 840 = 0.4178203783929348
Training loss on iteration 860 = 0.33633225299417974
Training loss on iteration 880 = 0.2922317609190941
Training loss on iteration 900 = 0.2854640860110521
Training loss on iteration 920 = 0.35623267516493795
Training loss on iteration 940 = 0.2918534707278013
Training loss on iteration 960 = 0.27566828597337006
Training loss on iteration 980 = 0.23509664591401816
Training loss on iteration 1000 = 0.23462773114442825
Training loss on iteration 1020 = 0.266091138869524
Training loss on iteration 1040 = 0.25809789802879096
Training loss on iteration 1060 = 0.4069108010735363
Training loss on iteration 1080 = 0.3982815878465772
Training loss on iteration 1100 = 0.347675459831953
Training loss on iteration 1120 = 0.35080604162067175
Training loss on iteration 1140 = 0.3731651458889246
Training loss on iteration 1160 = 0.24339017886668443
Training loss on iteration 1180 = 0.44840308353304864
Training loss on iteration 1200 = 0.39441556930541993
Training loss on iteration 1220 = 0.39542426047846674
Training loss on iteration 1240 = 0.2369597082026303
Training loss on iteration 1260 = 0.2140055326744914
Training loss on iteration 1280 = 0.22281772745773196
Training loss on iteration 1300 = 0.3041640903800726
Training loss on iteration 1320 = 0.23938579224050044
Training loss on iteration 1340 = 0.29415203128010037
Training loss on iteration 1360 = 0.26848800424486396
Training loss on iteration 1380 = 0.25510368645191195
Training loss on iteration 1400 = 0.28605122249573467
Training loss on iteration 1420 = 0.2844139995053411
Training loss on iteration 1440 = 0.4656432304531336
Training loss on iteration 1460 = 0.2421255823224783
Training loss on iteration 1480 = 0.2845318902283907
### EVAL:: Epoch 13:: Loss = 0.2286184324900395 :: ACC = 0.9009678776827045, AUC = 0.91556242620292, EER = 0.15962968158226962
Training on epoch 14
Training loss on iteration 0 = 0.03537937253713608
Training loss on iteration 20 = 0.2205834524706006
Training loss on iteration 40 = 0.3315744515508413
Training loss on iteration 60 = 0.31254366859793664
Training loss on iteration 80 = 0.27774887792766095
Training loss on iteration 100 = 0.4238049674779177
Training loss on iteration 120 = 0.26269080899655817
Training loss on iteration 140 = 0.30002244729548694
Training loss on iteration 160 = 0.2435836721211672
Training loss on iteration 180 = 0.4239449732005596
Training loss on iteration 200 = 0.42262926921248434
Training loss on iteration 220 = 0.46394977197051046
Training loss on iteration 240 = 0.43255605250597
Training loss on iteration 260 = 0.38837403506040574
Training loss on iteration 280 = 0.2896729722619057
Training loss on iteration 300 = 0.34325659461319447
Training loss on iteration 320 = 0.28110662046819923
Training loss on iteration 340 = 0.3265829276293516
Training loss on iteration 360 = 0.336100341938436
Training loss on iteration 380 = 0.2810327815823257
Training loss on iteration 400 = 0.26570517271757127
Training loss on iteration 420 = 0.2598378272727132
Training loss on iteration 440 = 0.4256565373390913
Training loss on iteration 460 = 0.2498896524310112
Training loss on iteration 480 = 0.24367366544902325
Training loss on iteration 500 = 0.24490941409021616
Training loss on iteration 520 = 0.3737574886530638
Training loss on iteration 540 = 0.33830363489687443
Training loss on iteration 560 = 0.3750136548653245
Training loss on iteration 580 = 0.2765518702566624
Training loss on iteration 600 = 0.25195679515600206
Training loss on iteration 620 = 0.3143280138261616
Training loss on iteration 640 = 0.4116576759144664
Training loss on iteration 660 = 0.27325367759913205
Training loss on iteration 680 = 0.2652109505608678
Training loss on iteration 700 = 0.2938940227031708
Training loss on iteration 720 = 0.25280567780137064
Training loss on iteration 740 = 0.20053886380046607
Training loss on iteration 760 = 0.24204256273806096
Training loss on iteration 780 = 0.19849792011082174
Training loss on iteration 800 = 0.41037941090762614
Training loss on iteration 820 = 0.32114540264010427
Training loss on iteration 840 = 0.23113541658967734
Training loss on iteration 860 = 0.2135148573666811
Training loss on iteration 880 = 0.24237839914858342
Training loss on iteration 900 = 0.20464881034567953
Training loss on iteration 920 = 0.24688119562342764
Training loss on iteration 940 = 0.3369187215343118
Training loss on iteration 960 = 0.29683617819100616
Training loss on iteration 980 = 0.3821027236059308
Training loss on iteration 1000 = 0.4032207256183028
Training loss on iteration 1020 = 0.2801137611269951
Training loss on iteration 1040 = 0.2507779974490404
Training loss on iteration 1060 = 0.4317370867356658
Training loss on iteration 1080 = 0.22940410412847995
Training loss on iteration 1100 = 0.25528524473775177
Training loss on iteration 1120 = 0.39715211261063815
Training loss on iteration 1140 = 0.39292449280619623
Training loss on iteration 1160 = 0.3235852029174566
Training loss on iteration 1180 = 0.33275497816503047
Training loss on iteration 1200 = 0.33078252226114274
Training loss on iteration 1220 = 0.2841052206233144
Training loss on iteration 1240 = 0.22589765905868261
Training loss on iteration 1260 = 0.25200241301208737
Training loss on iteration 1280 = 0.25186578622087835
Training loss on iteration 1300 = 0.24734135782346128
Training loss on iteration 1320 = 0.27385626891627907
Training loss on iteration 1340 = 0.3197734721004963
Training loss on iteration 1360 = 0.26941519491374494
Training loss on iteration 1380 = 0.2762910097837448
Training loss on iteration 1400 = 0.25073055624961854
Training loss on iteration 1420 = 0.24936052970588207
Training loss on iteration 1440 = 0.16383349085226656
Training loss on iteration 1460 = 0.3431627243757248
Training loss on iteration 1480 = 0.33072800524532797
### EVAL:: Epoch 14:: Loss = 0.20074360269294245 :: ACC = 0.9235516902791415, AUC = 0.9087643438285705, EER = 0.17085145181652406
Training on epoch 15
Training loss on iteration 0 = 0.4468245506286621
Training loss on iteration 20 = 0.23118364689871668
Training loss on iteration 40 = 0.24571591587737202
Training loss on iteration 60 = 0.28168133869767187
Training loss on iteration 80 = 0.21555592361837625
Training loss on iteration 100 = 0.25549829080700875
Training loss on iteration 120 = 0.26211872859857976
Training loss on iteration 140 = 0.32945804484188557
Training loss on iteration 160 = 0.28507363647222517
Training loss on iteration 180 = 0.25530502386391163
Training loss on iteration 200 = 0.3051313400268555
Training loss on iteration 220 = 0.19873510859906673
Training loss on iteration 240 = 0.23135383129119874
Training loss on iteration 260 = 0.21753575475886464
Training loss on iteration 280 = 0.3544819176546298
Training loss on iteration 300 = 0.40769974440336226
Training loss on iteration 320 = 0.38236829908564685
Training loss on iteration 340 = 0.2194212770089507
Training loss on iteration 360 = 0.22445620121434331
Training loss on iteration 380 = 0.22733386233448982
Training loss on iteration 400 = 0.21348373256623746
Training loss on iteration 420 = 0.266749262297526
Training loss on iteration 440 = 0.27247356679290535
Training loss on iteration 460 = 0.21531015615910293
Training loss on iteration 480 = 0.3681000147014856
Training loss on iteration 500 = 0.5090747483074665
Training loss on iteration 520 = 0.4233948282897472
Training loss on iteration 540 = 0.22348170075565577
Training loss on iteration 560 = 0.3065446740016341
Training loss on iteration 580 = 0.33843133561313155
Training loss on iteration 600 = 0.4493490669876337
Training loss on iteration 620 = 0.5251086305826902
Training loss on iteration 640 = 0.362045868486166
Training loss on iteration 660 = 0.27398982979357245
Training loss on iteration 680 = 0.35298092775046824
Training loss on iteration 700 = 0.4360848909243941
Training loss on iteration 720 = 0.48126216381788256
Training loss on iteration 740 = 0.3506259582936764
Training loss on iteration 760 = 0.3141723804175854
Training loss on iteration 780 = 0.4483390737324953
Training loss on iteration 800 = 0.398279278120026
Training loss on iteration 820 = 0.3693072222173214
Training loss on iteration 840 = 0.25441204458475114
Training loss on iteration 860 = 0.34123900001868607
Training loss on iteration 880 = 0.267957928776741
Training loss on iteration 900 = 0.30961089469492437
Training loss on iteration 920 = 0.30119221229106186
Training loss on iteration 940 = 0.5518420316278935
Training loss on iteration 960 = 0.4500796668231487
Training loss on iteration 980 = 0.31508867237716914
Training loss on iteration 1000 = 0.35778981894254686
Training loss on iteration 1020 = 0.30384152606129644
Training loss on iteration 1040 = 0.3493083015084267
Training loss on iteration 1060 = 0.309076726064086
Training loss on iteration 1080 = 0.34392233742401
Training loss on iteration 1100 = 0.32621122151613235
Training loss on iteration 1120 = 0.306343749165535
Training loss on iteration 1140 = 0.357072988525033
Training loss on iteration 1160 = 0.23329865522682666
Training loss on iteration 1180 = 0.28836082322523
Training loss on iteration 1200 = 0.39818438068032264
Training loss on iteration 1220 = 0.30475012585520744
Training loss on iteration 1240 = 0.22089569345116616
Training loss on iteration 1260 = 0.40994270630180835
Training loss on iteration 1280 = 0.3685734122991562
Training loss on iteration 1300 = 0.2704171784222126
Training loss on iteration 1320 = 0.25240758154541254
Training loss on iteration 1340 = 0.31341999480500815
Training loss on iteration 1360 = 0.47150024250149725
Training loss on iteration 1380 = 0.4565475769340992
Training loss on iteration 1400 = 0.33360407296568156
Training loss on iteration 1420 = 0.24865887891501187
Training loss on iteration 1440 = 0.318242930714041
Training loss on iteration 1460 = 0.2610588066279888
Training loss on iteration 1480 = 0.3736568208783865
### EVAL:: Epoch 15:: Loss = 0.27109769403739853 :: ACC = 0.8864497124421378, AUC = 0.8384347637502743, EER = 0.2423902370598962
Training on epoch 16
Training loss on iteration 0 = 0.4054592549800873
Training loss on iteration 20 = 0.41071077026426794
Training loss on iteration 40 = 0.5131246780976653
Training loss on iteration 60 = 0.39967344179749487
Training loss on iteration 80 = 0.26821311227977274
Training loss on iteration 100 = 0.23047263137996196
Training loss on iteration 120 = 0.31525495517998936
Training loss on iteration 140 = 0.38860349729657173
Training loss on iteration 160 = 0.3946779005229473
Training loss on iteration 180 = 0.22609053999185563
Training loss on iteration 200 = 0.530511199682951
Training loss on iteration 220 = 0.2878426775336266
Training loss on iteration 240 = 0.2799729144200683
Training loss on iteration 260 = 0.3021247614175081
Training loss on iteration 280 = 0.46076755300164224
Training loss on iteration 300 = 0.28954393938183787
Training loss on iteration 320 = 0.3163197573274374
Training loss on iteration 340 = 0.2762854602187872
Training loss on iteration 360 = 0.23932372480630876
Training loss on iteration 380 = 0.2785541914403439
Training loss on iteration 400 = 0.2854498285800219
Training loss on iteration 420 = 0.2953066374640912
Training loss on iteration 440 = 0.35459586679935456
Training loss on iteration 460 = 0.33900374472141265
Training loss on iteration 480 = 0.24077745899558067
Training loss on iteration 500 = 0.2748193575069308
Training loss on iteration 520 = 0.32567524956539273
Training loss on iteration 540 = 0.3344183757901192
Training loss on iteration 560 = 0.3021679226309061
Training loss on iteration 580 = 0.3486104652285576
Training loss on iteration 600 = 0.34750161599367857
Training loss on iteration 620 = 0.2887800209224224
Training loss on iteration 640 = 0.22990127112716435
Training loss on iteration 660 = 0.21665561133995653
Training loss on iteration 680 = 0.27097031846642494
Training loss on iteration 700 = 0.3662083463743329
Training loss on iteration 720 = 0.2895693100988865
Training loss on iteration 740 = 0.383497205004096
Training loss on iteration 760 = 0.2883869048207998
Training loss on iteration 780 = 0.22194196190685034
Training loss on iteration 800 = 0.28656980525702236
Training loss on iteration 820 = 0.26781964804977176
Training loss on iteration 840 = 0.3906075157225132
Training loss on iteration 860 = 0.3251485139131546
Training loss on iteration 880 = 0.35664167515933515
Training loss on iteration 900 = 0.22516897227615118
Training loss on iteration 920 = 0.25076835891231897
Training loss on iteration 940 = 0.28198980148881675
Training loss on iteration 960 = 0.27778824493288995
Training loss on iteration 980 = 0.29786866810172796
Training loss on iteration 1000 = 0.3806223817169666
Training loss on iteration 1020 = 0.3404458686709404
Training loss on iteration 1040 = 0.31754492186009886
Training loss on iteration 1060 = 0.2807668784633279
Training loss on iteration 1080 = 0.3662928115576506
Training loss on iteration 1100 = 0.3482119105756283
Training loss on iteration 1120 = 0.34241611175239084
Training loss on iteration 1140 = 0.2890099760144949
Training loss on iteration 1160 = 0.23102443274110557
Training loss on iteration 1180 = 0.25640342973638325
Training loss on iteration 1200 = 0.1849187033250928
Training loss on iteration 1220 = 0.3599150711670518
Training loss on iteration 1240 = 0.2872968275099993
Training loss on iteration 1260 = 0.23616073988378047
Training loss on iteration 1280 = 0.3369636723771691
Training loss on iteration 1300 = 0.365838760510087
Training loss on iteration 1320 = 0.22693537622690202
Training loss on iteration 1340 = 0.2671434352174401
Training loss on iteration 1360 = 0.23306383099406958
Training loss on iteration 1380 = 0.31687334515154364
Training loss on iteration 1400 = 0.254949190095067
Training loss on iteration 1420 = 0.3017950922250748
Training loss on iteration 1440 = 0.16733295014128088
Training loss on iteration 1460 = 0.3354329036548734
Training loss on iteration 1480 = 0.26603872142732143
### EVAL:: Epoch 16:: Loss = 0.18663354478822172 :: ACC = 0.9274091737971665, AUC = 0.8819063830232671, EER = 0.2076027493337074
Training on epoch 17
Training loss on iteration 0 = 0.09218892455101013
Training loss on iteration 20 = 0.30610466860234736
Training loss on iteration 40 = 0.19280081344768404
Training loss on iteration 60 = 0.1829642651602626
Training loss on iteration 80 = 0.5077869612723589
Training loss on iteration 100 = 0.3513164553791285
Training loss on iteration 120 = 0.20047078439965843
Training loss on iteration 140 = 0.2118403995409608
Training loss on iteration 160 = 0.2694214157760143
Training loss on iteration 180 = 0.2675434361211956
Training loss on iteration 200 = 0.258830895088613
Training loss on iteration 220 = 0.343238296918571
Training loss on iteration 240 = 0.38936660811305046
Training loss on iteration 260 = 0.2515762163326144
Training loss on iteration 280 = 0.21618764298036694
Training loss on iteration 300 = 0.24515992449596524
Training loss on iteration 320 = 0.43644205648452045
Training loss on iteration 340 = 0.21165997684001922
Training loss on iteration 360 = 0.43072965294122695
Training loss on iteration 380 = 0.29627758711576463
Training loss on iteration 400 = 0.2254801232367754
Training loss on iteration 420 = 0.3143733639270067
Training loss on iteration 440 = 0.35795762203633785
Training loss on iteration 460 = 0.4200436197221279
Training loss on iteration 480 = 0.31518361512571574
Training loss on iteration 500 = 0.3512813005596399
Training loss on iteration 520 = 0.42185763977468016
Training loss on iteration 540 = 0.4186890210956335
Training loss on iteration 560 = 0.33864066638052465
Training loss on iteration 580 = 0.3549447782337666
Training loss on iteration 600 = 0.3350337591022253
Training loss on iteration 620 = 0.35203813798725603
Training loss on iteration 640 = 0.37341058552265166
Training loss on iteration 660 = 0.29474243298172953
Training loss on iteration 680 = 0.23273968640714884
Training loss on iteration 700 = 0.32264619404450057
Training loss on iteration 720 = 0.22982300892472268
Training loss on iteration 740 = 0.23502686792053282
Training loss on iteration 760 = 0.2362507304176688
Training loss on iteration 780 = 0.2611309584230185
Training loss on iteration 800 = 0.2989657651633024
Training loss on iteration 820 = 0.24059804242569954
Training loss on iteration 840 = 0.23220524028874934
Training loss on iteration 860 = 0.27520677279680966
Training loss on iteration 880 = 0.41001662947237494
Training loss on iteration 900 = 0.3219444101676345
Training loss on iteration 920 = 0.4231624938547611
Training loss on iteration 940 = 0.24874412473291158
Training loss on iteration 960 = 0.3424861864652485
Training loss on iteration 980 = 0.4282104704529047
Training loss on iteration 1000 = 0.35253594275563954
Training loss on iteration 1020 = 0.25166063392534854
Training loss on iteration 1040 = 0.23806454385630788
Training loss on iteration 1060 = 0.23415456749498845
Training loss on iteration 1080 = 0.20987811824306846
Training loss on iteration 1100 = 0.26831454671919347
Training loss on iteration 1120 = 0.22534093856811524
Training loss on iteration 1140 = 0.2703658390790224
Training loss on iteration 1160 = 0.26943024606443944
Training loss on iteration 1180 = 0.34888476263731716
Training loss on iteration 1200 = 0.23910504961386322
Training loss on iteration 1220 = 0.36242440789937974
Training loss on iteration 1240 = 0.30092218406498433
Training loss on iteration 1260 = 0.25650511011481286
Training loss on iteration 1280 = 0.2434192882850766
Training loss on iteration 1300 = 0.29603704661130903
Training loss on iteration 1320 = 0.32800260186195374
Training loss on iteration 1340 = 0.3378262771293521
Training loss on iteration 1360 = 0.2522941457107663
Training loss on iteration 1380 = 0.21628817394375802
Training loss on iteration 1400 = 0.7102410450577736
Training loss on iteration 1420 = 0.4149950250983238
Training loss on iteration 1440 = 0.28977399952709676
Training loss on iteration 1460 = 0.28559193536639216
Training loss on iteration 1480 = 0.3548073478974402
### EVAL:: Epoch 17:: Loss = 0.19985283783628496 :: ACC = 0.9196942067611166, AUC = 0.7927275168561193, EER = 0.2806845279842895
Training on epoch 18
Training loss on iteration 0 = 0.7581461668014526
Training loss on iteration 20 = 0.22084282897412777
Training loss on iteration 40 = 0.36442119553685187
Training loss on iteration 60 = 0.2672837648540735
Training loss on iteration 80 = 0.22266379054635763
Training loss on iteration 100 = 0.33392411172389985
Training loss on iteration 120 = 0.32233414333313704
Training loss on iteration 140 = 0.2837707933038473
Training loss on iteration 160 = 0.23423888497054576
Training loss on iteration 180 = 0.2850902875885367
Training loss on iteration 200 = 0.2460900275502354
Training loss on iteration 220 = 0.14957163035869597
Training loss on iteration 240 = 0.41540093086659907
Training loss on iteration 260 = 0.3194702945649624
Training loss on iteration 280 = 0.2723834067583084
Training loss on iteration 300 = 0.23945457842200996
Training loss on iteration 320 = 0.21245030798017978
Training loss on iteration 340 = 0.26885810911189767
Training loss on iteration 360 = 0.25867609344422815
Training loss on iteration 380 = 0.29658676236867904
Training loss on iteration 400 = 0.30442321915179493
Training loss on iteration 420 = 0.1832427761517465
Training loss on iteration 440 = 0.20837706536985934
Training loss on iteration 460 = 0.13094647419638933
Training loss on iteration 480 = 0.28695084555074574
Training loss on iteration 500 = 0.29594158828258516
Training loss on iteration 520 = 0.2595601390115917
Training loss on iteration 540 = 0.2727470353245735
Training loss on iteration 560 = 0.3619092570617795
Training loss on iteration 580 = 0.2949382796883583
Training loss on iteration 600 = 0.47223770394921305
Training loss on iteration 620 = 0.2553512740880251
Training loss on iteration 640 = 0.34482031371444466
Training loss on iteration 660 = 0.25606419434770944
Training loss on iteration 680 = 0.3566735453903675
Training loss on iteration 700 = 0.34444919489324094
Training loss on iteration 720 = 0.2901039022952318
Training loss on iteration 740 = 0.27894921880215406
Training loss on iteration 760 = 0.35674012517556547
Training loss on iteration 780 = 0.45672467201948164
Training loss on iteration 800 = 0.5807422738522291
Training loss on iteration 820 = 0.3910430036485195
Training loss on iteration 840 = 0.42568040899932386
Training loss on iteration 860 = 0.3315669156610966
Training loss on iteration 880 = 0.33140708282589915
Training loss on iteration 900 = 0.3725628640502691
Training loss on iteration 920 = 0.35824424028396606
Training loss on iteration 940 = 0.40602736435830594
Training loss on iteration 960 = 0.3221837654709816
Training loss on iteration 980 = 0.32258010320365427
Training loss on iteration 1000 = 0.31429822370409966
Training loss on iteration 1020 = 0.24532366544008255
Training loss on iteration 1040 = 0.3014342151582241
Training loss on iteration 1060 = 0.36587658412754537
Training loss on iteration 1080 = 0.2506642802618444
Training loss on iteration 1100 = 0.5073562538251281
Training loss on iteration 1120 = 0.30396476835012437
Training loss on iteration 1140 = 0.28890995867550373
Training loss on iteration 1160 = 0.4719554387032986
Training loss on iteration 1180 = 0.40186463929712773
Training loss on iteration 1200 = 0.35752297230064867
Training loss on iteration 1220 = 0.3885395623743534
Training loss on iteration 1240 = 0.30905295088887214
Training loss on iteration 1260 = 0.3965471420437098
Training loss on iteration 1280 = 0.32152135372161866
Training loss on iteration 1300 = 0.21561750778928399
Training loss on iteration 1320 = 0.32483359389007094
Training loss on iteration 1340 = 0.31720665786415336
Training loss on iteration 1360 = 0.4631639190018177
Training loss on iteration 1380 = 0.34439952336251733
Training loss on iteration 1400 = 0.35980056747794154
Training loss on iteration 1420 = 0.2838348314166069
Training loss on iteration 1440 = 0.3292006770148873
Training loss on iteration 1460 = 0.47193074226379395
Training loss on iteration 1480 = 0.3782453827559948
### EVAL:: Epoch 18:: Loss = 0.2586836563529405 :: ACC = 0.8962687613971104, AUC = 0.674582338214183, EER = 0.385888623930425
Training on epoch 19
Training loss on iteration 0 = 0.30668458342552185
Training loss on iteration 20 = 0.311087528988719
Training loss on iteration 40 = 0.4603894282132387
Training loss on iteration 60 = 0.26110520884394645
Training loss on iteration 80 = 0.24518188717775047
Training loss on iteration 100 = 0.2831283662468195
Training loss on iteration 120 = 0.2969477355480194
Training loss on iteration 140 = 0.2833446113392711
Training loss on iteration 160 = 0.27411817014217377
Training loss on iteration 180 = 0.269977767765522
Training loss on iteration 200 = 0.2787121219560504
Training loss on iteration 220 = 0.3618271958082914
Training loss on iteration 240 = 0.3669523257762194
Training loss on iteration 260 = 0.2721058916300535
Training loss on iteration 280 = 0.16373888887465
Training loss on iteration 300 = 0.3658280405914411
Training loss on iteration 320 = 0.3123711921274662
Training loss on iteration 340 = 0.3381264992058277
Training loss on iteration 360 = 0.34938663616776466
Training loss on iteration 380 = 0.288906878978014
Training loss on iteration 400 = 0.2986632505431771
Training loss on iteration 420 = 0.21338290385901929
Training loss on iteration 440 = 0.41071695163846017
Training loss on iteration 460 = 0.4143351435661316
Training loss on iteration 480 = 0.33865620493888854
Training loss on iteration 500 = 0.3467896535992622
Training loss on iteration 520 = 0.3832396883517504
Training loss on iteration 540 = 0.2728593096137047
Training loss on iteration 560 = 0.39928706251084806
Training loss on iteration 580 = 0.4262882687151432
Training loss on iteration 600 = 0.38779432997107505
Training loss on iteration 620 = 0.3821453083306551
Training loss on iteration 640 = 0.37097205128520727
Training loss on iteration 660 = 0.3597776437178254
Training loss on iteration 680 = 0.48303355257958175
Training loss on iteration 700 = 0.38039070796221497
Training loss on iteration 720 = 0.39105906561017034
Training loss on iteration 740 = 0.49878734052181245
Training loss on iteration 760 = 0.5289490416646003
Training loss on iteration 780 = 0.5104266449809074
Training loss on iteration 800 = 0.5230371192097664
Training loss on iteration 820 = 0.5310495600104332
Training loss on iteration 840 = 0.44674745202064514
Training loss on iteration 860 = 0.3437035704962909
Training loss on iteration 880 = 0.37819915935397147
Training loss on iteration 900 = 0.46729385666549206
Training loss on iteration 920 = 0.3720714718103409
Training loss on iteration 940 = 0.44551341608166695
Training loss on iteration 960 = 0.4681530537083745
Training loss on iteration 980 = 0.3993634354323149
Training loss on iteration 1000 = 0.36161393076181414
Training loss on iteration 1020 = 0.5500249218195676
Training loss on iteration 1040 = 0.5942713290452957
Training loss on iteration 1060 = 0.6640178762376309
Training loss on iteration 1080 = 0.3972397899255157
Training loss on iteration 1100 = 0.3568211950361729
Training loss on iteration 1120 = 0.36937687918543816
Training loss on iteration 1140 = 0.2721561655402184
Training loss on iteration 1160 = 0.28828540109097955
Training loss on iteration 1180 = 0.2841510059311986
Training loss on iteration 1200 = 0.46184511184692384
Training loss on iteration 1220 = 0.35185914151370523
Training loss on iteration 1240 = 0.2559934131801128
Training loss on iteration 1260 = 0.26630504317581655
Training loss on iteration 1280 = 0.37179400734603407
Training loss on iteration 1300 = 0.33549117147922514
Training loss on iteration 1320 = 0.2757204970344901
Training loss on iteration 1340 = 0.39613326359540224
Training loss on iteration 1360 = 0.31901375241577623
Training loss on iteration 1380 = 0.3606568470597267
Training loss on iteration 1400 = 0.3001114759594202
Training loss on iteration 1420 = 0.25870362054556606
Training loss on iteration 1440 = 0.34275881908833983
Training loss on iteration 1460 = 0.2310390744358301
Training loss on iteration 1480 = 0.36372707672417165
### EVAL:: Epoch 19:: Loss = 0.23893351182868955 :: ACC = 0.899845700659279, AUC = 0.8587178202722681, EER = 0.2292046570346472
Training on epoch 20
Training loss on iteration 0 = 0.24708227813243866
Training loss on iteration 20 = 0.2977357443422079
Training loss on iteration 40 = 0.2764596574008465
Training loss on iteration 60 = 0.3657538462430239
Training loss on iteration 80 = 0.4961799895390868
Training loss on iteration 100 = 0.5013304986059666
Training loss on iteration 120 = 0.2594431981444359
Training loss on iteration 140 = 0.20926889609545468
Training loss on iteration 160 = 0.35930880904197693
Training loss on iteration 180 = 0.19696702873334287
Training loss on iteration 200 = 0.36372811896726487
Training loss on iteration 220 = 0.3680754367262125
Training loss on iteration 240 = 0.39071918427944186
Training loss on iteration 260 = 0.24436803269200028
Training loss on iteration 280 = 0.17142184171825647
Training loss on iteration 300 = 0.24529597060754896
Training loss on iteration 320 = 0.30877943616360426
Training loss on iteration 340 = 0.3351656351238489
Training loss on iteration 360 = 0.3129082595929503
Training loss on iteration 380 = 0.23098131623119117
Training loss on iteration 400 = 0.28325652740895746
Training loss on iteration 420 = 0.30978287048637865
Training loss on iteration 440 = 0.28721513170748947
Training loss on iteration 460 = 0.2864533707499504
Training loss on iteration 480 = 0.23040835028514267
Training loss on iteration 500 = 0.34816294852644203
Training loss on iteration 520 = 0.24153732936829328
Training loss on iteration 540 = 0.2472455868497491
Training loss on iteration 560 = 0.3078438017517328
Training loss on iteration 580 = 0.27253707870841026
Training loss on iteration 600 = 0.177203188277781
Training loss on iteration 620 = 0.19963760543614625
Training loss on iteration 640 = 0.30366246663033963
Training loss on iteration 660 = 0.2131509161554277
Training loss on iteration 680 = 0.29393352195620537
Training loss on iteration 700 = 0.1708646221086383
Training loss on iteration 720 = 0.3102676114067435
Training loss on iteration 740 = 0.28867015335708857
Training loss on iteration 760 = 0.19341250588186085
Training loss on iteration 780 = 0.31322169564664365
Training loss on iteration 800 = 0.31158456318080424
Training loss on iteration 820 = 0.24711284320801497
Training loss on iteration 840 = 0.25175333032384517
Training loss on iteration 860 = 0.3371882397681475
Training loss on iteration 880 = 0.2161962480749935
Training loss on iteration 900 = 0.23265790455043317
Training loss on iteration 920 = 0.40869139730930326
Training loss on iteration 940 = 0.24841873794794084
Training loss on iteration 960 = 0.22819456588476897
Training loss on iteration 980 = 0.38950385302305224
Training loss on iteration 1000 = 0.30446487106382847
Training loss on iteration 1020 = 0.33566774632781743
Training loss on iteration 1040 = 0.22352206092327834
Training loss on iteration 1060 = 0.3537332437932491
Training loss on iteration 1080 = 0.4378142435569316
Training loss on iteration 1100 = 0.47415269259363413
Training loss on iteration 1120 = 0.459410085901618
Training loss on iteration 1140 = 0.29214355945587156
Training loss on iteration 1160 = 0.2810012426227331
Training loss on iteration 1180 = 0.3359111316502094
Training loss on iteration 1200 = 0.38413502275943756
Training loss on iteration 1220 = 0.4557780779898167
Training loss on iteration 1240 = 0.3403305482119322
Training loss on iteration 1260 = 0.4536539431661367
Training loss on iteration 1280 = 0.4185521200299263
Training loss on iteration 1300 = 0.38098862431943414
Training loss on iteration 1320 = 0.41765023693442344
Training loss on iteration 1340 = 0.44687947556376456
Training loss on iteration 1360 = 0.4447364050894976
Training loss on iteration 1380 = 0.37571862507611514
Training loss on iteration 1400 = 0.34775827787816527
Training loss on iteration 1420 = 0.3232610635459423
Training loss on iteration 1440 = 0.29395233280956745
Training loss on iteration 1460 = 0.42849833965301515
Training loss on iteration 1480 = 0.3370498016476631
### EVAL:: Epoch 20:: Loss = 0.3076601271162614 :: ACC = 0.8600084163276757, AUC = 0.9185520583237694, EER = 0.15429934072099874
### Out of domain:: Best epoch 9 :: ACC = 0.9396666666666667, AUC = 0.879579, EER = 0.21366666666666667
recorded: {'exp_name': 'crosslingual_septr_r01', 'model': 'septr', 'train': 'commonvoice-ar,commonvoice-de,commonvoice-ro,commonvoice-ru,commonvoice-es', 'test': 'commonvoice-en,commonvoice-zh', 'in_acc': 0.9508346191611726, 'in_auc': 0.8998550862400088, 'in_eer': 0.18740356291204938, 'cross_acc': 0.9396666666666667, 'cross_auc': 0.879579, 'cross_eer': 0.21366666666666667}
root_path: /project/home/p201284/guo/xmad_data/
multilingual: True  model check for config: /project/home/p201284/guo/xmad-bench-repro/repro_tools/stepB/configs_crosslingual/config_crosslingual_septr.json

  OK  commonvoice-ar       rows=76602    sep=','
  OK  commonvoice-de       rows=14934    sep=','
  OK  commonvoice-ro       rows=30820    sep=','
  OK  commonvoice-ru       rows=67444    sep=','
  OK  commonvoice-es       rows=12694    sep=','
  OK  commonvoice-en       rows=96368    sep=','
  OK  commonvoice-zh       rows=13776    sep=','

PRE-FLIGHT PASSED — data layout looks correct for this config.

=== RUN crosslingual_septr_r02 (model=septr) ===
commonvoice-ar
commonvoice-de
commonvoice-ro
commonvoice-ru
commonvoice-es
commonvoice-ar
commonvoice-de
commonvoice-ro
commonvoice-ru
commonvoice-es
  [at-most] commonvoice-es: requested 1500 real samples, only 1129 available in this split - using 1129
Training on epoch 1
Training loss on iteration 0 = 0.7463182210922241
Training loss on iteration 20 = 1.0652531862258912
Training loss on iteration 40 = 0.7433667540550232
Training loss on iteration 60 = 0.7056220591068267
Training loss on iteration 80 = 0.8735128492116928
Training loss on iteration 100 = 0.6858628213405609
Training loss on iteration 120 = 0.6939694225788117
Training loss on iteration 140 = 0.6713355049490929
Training loss on iteration 160 = 0.6614469215273857
Training loss on iteration 180 = 0.7428396552801132
Training loss on iteration 200 = 0.6731166988611221
Training loss on iteration 220 = 0.7178691521286964
Training loss on iteration 240 = 0.6264625146985054
Training loss on iteration 260 = 0.6710877761244773
Training loss on iteration 280 = 0.6042112365365029
Training loss on iteration 300 = 0.6811087995767593
Training loss on iteration 320 = 0.589822718501091
Training loss on iteration 340 = 0.6092358782887459
Training loss on iteration 360 = 0.6422448828816414
Training loss on iteration 380 = 0.6063788443803787
Training loss on iteration 400 = 0.7709802433848381
Training loss on iteration 420 = 0.6182330057024956
Training loss on iteration 440 = 0.6031083822250366
Training loss on iteration 460 = 0.636533322930336
Training loss on iteration 480 = 0.7779735922813416
Training loss on iteration 500 = 0.6495273321866989
Training loss on iteration 520 = 0.5944826170802117
Training loss on iteration 540 = 0.5532886162400246
Training loss on iteration 560 = 0.6645273849368095
Training loss on iteration 580 = 0.5493425548076629
Training loss on iteration 600 = 0.5461093790829181
Training loss on iteration 620 = 0.5611681073904038
Training loss on iteration 640 = 0.6151749402284622
Training loss on iteration 660 = 0.6015912443399429
Training loss on iteration 680 = 0.655937559902668
Training loss on iteration 700 = 0.5324621967971325
Training loss on iteration 720 = 0.5960411071777344
Training loss on iteration 740 = 0.5937445878982544
Training loss on iteration 760 = 0.5580627799034119
Training loss on iteration 780 = 0.6061025321483612
Training loss on iteration 800 = 0.548993656039238
Training loss on iteration 820 = 0.5396992407739163
Training loss on iteration 840 = 0.5799051612615586
Training loss on iteration 860 = 0.49516921043395995
Training loss on iteration 880 = 0.5542344972491264
Training loss on iteration 900 = 0.5523284420371055
Training loss on iteration 920 = 0.5375157043337822
Training loss on iteration 940 = 0.5640452891588211
Training loss on iteration 960 = 0.5533516362309456
Training loss on iteration 980 = 0.5159191571176052
Training loss on iteration 1000 = 0.5848223000764847
Training loss on iteration 1020 = 0.5659499391913414
Training loss on iteration 1040 = 0.5260014057159423
Training loss on iteration 1060 = 0.5416323557496071
Training loss on iteration 1080 = 0.4782054118812084
Training loss on iteration 1100 = 0.5335804753005504
Training loss on iteration 1120 = 0.5244799733161927
Training loss on iteration 1140 = 0.4755922220647335
Training loss on iteration 1160 = 0.5410993739962577
Training loss on iteration 1180 = 0.4079866256564856
Training loss on iteration 1200 = 0.5589239098131656
Training loss on iteration 1220 = 0.5736164454370737
Training loss on iteration 1240 = 0.4123163873329759
Training loss on iteration 1260 = 0.6560648281127215
Training loss on iteration 1280 = 0.432498849183321
Training loss on iteration 1300 = 0.5705213367938995
Training loss on iteration 1320 = 0.5872325301170349
Training loss on iteration 1340 = 0.5884093031287193
Training loss on iteration 1360 = 0.48988802805542947
Training loss on iteration 1380 = 0.3823693320155144
Training loss on iteration 1400 = 0.557832745462656
Training loss on iteration 1420 = 0.49194006621837616
Training loss on iteration 1440 = 0.4730899378657341
Training loss on iteration 1460 = 0.4660428807139397
Training loss on iteration 1480 = 0.4859993249177933
### EVAL:: Epoch 1:: Loss = 0.4871847127237048 :: ACC = 0.7408472436526862, AUC = 0.921170113926193, EER = 0.15850750455884416
Training on epoch 2
Training loss on iteration 0 = 0.390717476606369
Training loss on iteration 20 = 0.5280502006411553
Training loss on iteration 40 = 0.5106577113270759
Training loss on iteration 60 = 0.5389420188963413
Training loss on iteration 80 = 0.5176228038966656
Training loss on iteration 100 = 0.435580462962389
Training loss on iteration 120 = 0.5314147122204304
Training loss on iteration 140 = 0.4531726881861687
Training loss on iteration 160 = 0.47958620339632035
Training loss on iteration 180 = 0.5246254220604897
Training loss on iteration 200 = 0.4724339097738266
Training loss on iteration 220 = 0.4222481302917004
Training loss on iteration 240 = 0.5272269144654274
Training loss on iteration 260 = 0.5106460198760032
Training loss on iteration 280 = 0.43970511853694916
Training loss on iteration 300 = 0.41922450959682467
Training loss on iteration 320 = 0.4036623157560825
Training loss on iteration 340 = 0.39312212988734246
Training loss on iteration 360 = 0.44433683902025223
Training loss on iteration 380 = 0.5370754301548004
Training loss on iteration 400 = 0.3701772831380367
Training loss on iteration 420 = 0.4190358236432076
Training loss on iteration 440 = 0.4259026378393173
Training loss on iteration 460 = 0.4655609682202339
Training loss on iteration 480 = 0.47379702106118204
Training loss on iteration 500 = 0.4725578986108303
Training loss on iteration 520 = 0.4080661818385124
Training loss on iteration 540 = 0.46530685052275655
Training loss on iteration 560 = 0.41452345699071885
Training loss on iteration 580 = 0.44671462252736094
Training loss on iteration 600 = 0.38928262069821357
Training loss on iteration 620 = 0.37830344308167696
Training loss on iteration 640 = 0.38331186696887015
Training loss on iteration 660 = 0.4258744589984417
Training loss on iteration 680 = 0.3491097614169121
Training loss on iteration 700 = 0.31891460455954074
Training loss on iteration 720 = 0.4944929040968418
Training loss on iteration 740 = 0.49363474994897844
Training loss on iteration 760 = 0.4643780715763569
Training loss on iteration 780 = 0.44752354472875594
Training loss on iteration 800 = 0.3411396384239197
Training loss on iteration 820 = 0.4355125293135643
Training loss on iteration 840 = 0.32814078107476236
Training loss on iteration 860 = 0.33851092122495174
Training loss on iteration 880 = 0.46938936933875086
Training loss on iteration 900 = 0.4934206888079643
Training loss on iteration 920 = 0.4298026740550995
Training loss on iteration 940 = 0.41245516389608383
Training loss on iteration 960 = 0.36019075140357015
Training loss on iteration 980 = 0.31429120767861607
Training loss on iteration 1000 = 0.3727050181478262
Training loss on iteration 1020 = 0.3467200413346291
Training loss on iteration 1040 = 0.33667057082057
Training loss on iteration 1060 = 0.31656369753181934
Training loss on iteration 1080 = 0.35632220208644866
Training loss on iteration 1100 = 0.2585393160581589
Training loss on iteration 1120 = 0.3303173240274191
Training loss on iteration 1140 = 0.3763188675045967
Training loss on iteration 1160 = 0.5176945179700851
Training loss on iteration 1180 = 0.3490276101976633
Training loss on iteration 1200 = 0.39316692352294924
Training loss on iteration 1220 = 0.36620036568492653
Training loss on iteration 1240 = 0.4257372494786978
Training loss on iteration 1260 = 0.36514561884105207
Training loss on iteration 1280 = 0.347318109869957
Training loss on iteration 1300 = 0.3483255133032799
Training loss on iteration 1320 = 0.37904330641031264
Training loss on iteration 1340 = 0.26565272361040115
Training loss on iteration 1360 = 0.40228025838732717
Training loss on iteration 1380 = 0.26410395856946706
Training loss on iteration 1400 = 0.3555100753903389
Training loss on iteration 1420 = 0.3497055534273386
Training loss on iteration 1440 = 0.45209501013159753
Training loss on iteration 1460 = 0.43262297958135604
Training loss on iteration 1480 = 0.33545530065894125
### EVAL:: Epoch 2:: Loss = 0.3254011167674737 :: ACC = 0.859447327815963, AUC = 0.9226179528922944, EER = 0.16383784542011504
Training on epoch 3
Training loss on iteration 0 = 0.34628939628601074
Training loss on iteration 20 = 0.3453038640320301
Training loss on iteration 40 = 0.34160478226840496
Training loss on iteration 60 = 0.3379737112671137
Training loss on iteration 80 = 0.464675459638238
Training loss on iteration 100 = 0.3343465432524681
Training loss on iteration 120 = 0.4605242133140564
Training loss on iteration 140 = 0.43315846621990206
Training loss on iteration 160 = 0.3497242970392108
Training loss on iteration 180 = 0.4929555505514145
Training loss on iteration 200 = 0.2377442137338221
Training loss on iteration 220 = 0.364494913071394
Training loss on iteration 240 = 0.35486656203866007
Training loss on iteration 260 = 0.3573440842330456
Training loss on iteration 280 = 0.3771604783833027
Training loss on iteration 300 = 0.37102100625634193
Training loss on iteration 320 = 0.43861075192689897
Training loss on iteration 340 = 0.2964886173605919
Training loss on iteration 360 = 0.305016802623868
Training loss on iteration 380 = 0.27479794397950175
Training loss on iteration 400 = 0.29577121548354623
Training loss on iteration 420 = 0.27869026325643065
Training loss on iteration 440 = 0.30141476541757584
Training loss on iteration 460 = 0.3721004739403725
Training loss on iteration 480 = 0.4454184822738171
Training loss on iteration 500 = 0.462830888479948
Training loss on iteration 520 = 0.3673471622169018
Training loss on iteration 540 = 0.30147283561527727
Training loss on iteration 560 = 0.34599509499967096
Training loss on iteration 580 = 0.41309102028608324
Training loss on iteration 600 = 0.42686226703226565
Training loss on iteration 620 = 0.43585077971220015
Training loss on iteration 640 = 0.3948303297162056
Training loss on iteration 660 = 0.2978763785213232
Training loss on iteration 680 = 0.37048637345433233
Training loss on iteration 700 = 0.4067292094230652
Training loss on iteration 720 = 0.3667902320623398
Training loss on iteration 740 = 0.32875081300735476
Training loss on iteration 760 = 0.3079535163938999
Training loss on iteration 780 = 0.30586676113307476
Training loss on iteration 800 = 0.3355358883738518
Training loss on iteration 820 = 0.4371653463691473
Training loss on iteration 840 = 0.3641205683350563
Training loss on iteration 860 = 0.41172413229942323
Training loss on iteration 880 = 0.45253847241401673
Training loss on iteration 900 = 0.3480692144483328
Training loss on iteration 920 = 0.35490627139806746
Training loss on iteration 940 = 0.3707873672246933
Training loss on iteration 960 = 0.34571350254118444
Training loss on iteration 980 = 0.30858044847846033
Training loss on iteration 1000 = 0.28718594685196874
Training loss on iteration 1020 = 0.33159962967038153
Training loss on iteration 1040 = 0.29495247416198256
Training loss on iteration 1060 = 0.27525988314300776
Training loss on iteration 1080 = 0.29088537525385616
Training loss on iteration 1100 = 0.2589891392737627
Training loss on iteration 1120 = 0.36125182509422304
Training loss on iteration 1140 = 0.30109310559928415
Training loss on iteration 1160 = 0.29200784154236314
Training loss on iteration 1180 = 0.3350912882015109
Training loss on iteration 1200 = 0.47461206316947935
Training loss on iteration 1220 = 0.3867246761918068
Training loss on iteration 1240 = 0.3610359653830528
Training loss on iteration 1260 = 0.26484316401183605
Training loss on iteration 1280 = 0.4838514782488346
Training loss on iteration 1300 = 0.4065789610147476
Training loss on iteration 1320 = 0.39582673981785776
Training loss on iteration 1340 = 0.44934395477175715
Training loss on iteration 1360 = 0.29991428926587105
Training loss on iteration 1380 = 0.30472992211580274
Training loss on iteration 1400 = 0.34179621301591395
Training loss on iteration 1420 = 0.274779805354774
Training loss on iteration 1440 = 0.28681957852095363
Training loss on iteration 1460 = 0.5550888698548079
Training loss on iteration 1480 = 0.5580593317747116
### EVAL:: Epoch 3:: Loss = 0.39731697493845397 :: ACC = 0.8006031701500912, AUC = 0.9254817847817077, EER = 0.1603310422219105
Training on epoch 4
Training loss on iteration 0 = 0.6319003105163574
Training loss on iteration 20 = 0.34251029044389725
Training loss on iteration 40 = 0.31518116053193806
Training loss on iteration 60 = 0.2937571756541729
Training loss on iteration 80 = 0.4842504121363163
Training loss on iteration 100 = 0.4511616788804531
Training loss on iteration 120 = 0.40880852937698364
Training loss on iteration 140 = 0.3193060431629419
Training loss on iteration 160 = 0.4546262428164482
Training loss on iteration 180 = 0.3625355284661055
Training loss on iteration 200 = 0.27887095510959625
Training loss on iteration 220 = 0.35853156670928
Training loss on iteration 240 = 0.3345415621995926
Training loss on iteration 260 = 0.3505118642002344
Training loss on iteration 280 = 0.39378158673644065
Training loss on iteration 300 = 0.3373529866337776
Training loss on iteration 320 = 0.3022817412391305
Training loss on iteration 340 = 0.35913414917886255
Training loss on iteration 360 = 0.38717448338866234
Training loss on iteration 380 = 0.5061101205646992
Training loss on iteration 400 = 0.3709671676158905
Training loss on iteration 420 = 0.4656009504571557
Training loss on iteration 440 = 0.34046939946711063
Training loss on iteration 460 = 0.3555361535400152
Training loss on iteration 480 = 0.31369560547173025
Training loss on iteration 500 = 0.3246366657316685
Training loss on iteration 520 = 0.4171521535143256
Training loss on iteration 540 = 0.48167116940021515
Training loss on iteration 560 = 0.39049516171216964
Training loss on iteration 580 = 0.4126179963350296
Training loss on iteration 600 = 0.3136019933968782
Training loss on iteration 620 = 0.28247757256031036
Training loss on iteration 640 = 0.5155262609943747
Training loss on iteration 660 = 0.49167521446943285
Training loss on iteration 680 = 0.3936483360826969
Training loss on iteration 700 = 0.2882596287876368
Training loss on iteration 720 = 0.4445570230484009
Training loss on iteration 740 = 0.47209348529577255
Training loss on iteration 760 = 0.3139237552881241
Training loss on iteration 780 = 0.351916017383337
Training loss on iteration 800 = 0.3518107637763023
Training loss on iteration 820 = 0.40651277005672454
Training loss on iteration 840 = 0.4242380764335394
Training loss on iteration 860 = 0.31182806342840197
Training loss on iteration 880 = 0.3760696094483137
Training loss on iteration 900 = 0.3952411707490683
Training loss on iteration 920 = 0.345261187851429
Training loss on iteration 940 = 0.2646057493984699
Training loss on iteration 960 = 0.3946352798491716
Training loss on iteration 980 = 0.37214168049395085
Training loss on iteration 1000 = 0.4715238306671381
Training loss on iteration 1020 = 0.35741993188858034
Training loss on iteration 1040 = 0.35811446197330954
Training loss on iteration 1060 = 0.3907175907865167
Training loss on iteration 1080 = 0.3278700154274702
Training loss on iteration 1100 = 0.3218861611559987
Training loss on iteration 1120 = 0.3456110555678606
Training loss on iteration 1140 = 0.4356999758630991
Training loss on iteration 1160 = 0.2940086260437965
Training loss on iteration 1180 = 0.31433594934642317
Training loss on iteration 1200 = 0.3039085328578949
Training loss on iteration 1220 = 0.29290215149521825
Training loss on iteration 1240 = 0.44237651750445367
Training loss on iteration 1260 = 0.3938953571021557
Training loss on iteration 1280 = 0.3773887187242508
Training loss on iteration 1300 = 0.3353176634758711
Training loss on iteration 1320 = 0.27246876023709776
Training loss on iteration 1340 = 0.4620621245354414
Training loss on iteration 1360 = 0.4313345029950142
Training loss on iteration 1380 = 0.378660892508924
Training loss on iteration 1400 = 0.2860923197120428
Training loss on iteration 1420 = 0.2650020387023687
Training loss on iteration 1440 = 0.40344968996942043
Training loss on iteration 1460 = 0.3567005582153797
Training loss on iteration 1480 = 0.3577590182423592
### EVAL:: Epoch 4:: Loss = 0.32543633861968824 :: ACC = 0.839318277458269, AUC = 0.9722359371288871, EER = 0.0871089914434002
Training on epoch 5
Training loss on iteration 0 = 0.1817646324634552
Training loss on iteration 20 = 0.32597798984497783
Training loss on iteration 40 = 0.3087835177779198
Training loss on iteration 60 = 0.4812901999801397
Training loss on iteration 80 = 0.3213238134980202
Training loss on iteration 100 = 0.2451796199195087
Training loss on iteration 120 = 0.22246242817491294
Training loss on iteration 140 = 0.23246620800346135
Training loss on iteration 160 = 0.38925850205123425
Training loss on iteration 180 = 0.36618063077330587
Training loss on iteration 200 = 0.28138985894620416
Training loss on iteration 220 = 0.3820499360561371
Training loss on iteration 240 = 0.3447468250058591
Training loss on iteration 260 = 0.32356878109276294
Training loss on iteration 280 = 0.2604780338704586
Training loss on iteration 300 = 0.28343644104897975
Training loss on iteration 320 = 0.287432374432683
Training loss on iteration 340 = 0.24925853088498115
Training loss on iteration 360 = 0.3029705981723964
Training loss on iteration 380 = 0.29322327524423597
Training loss on iteration 400 = 0.34161389134824277
Training loss on iteration 420 = 0.49571205005049707
Training loss on iteration 440 = 0.3458520229905844
Training loss on iteration 460 = 0.41982958018779754
Training loss on iteration 480 = 0.35343112647533415
Training loss on iteration 500 = 0.33107137866318226
Training loss on iteration 520 = 0.26849685944616797
Training loss on iteration 540 = 0.38633674923330547
Training loss on iteration 560 = 0.2589891169220209
Training loss on iteration 580 = 0.29723681025207044
Training loss on iteration 600 = 0.3156342051923275
Training loss on iteration 620 = 0.40182087775319814
Training loss on iteration 640 = 0.3115250326693058
Training loss on iteration 660 = 0.24621119536459446
Training loss on iteration 680 = 0.3139633296057582
Training loss on iteration 700 = 0.5143871046602726
Training loss on iteration 720 = 0.414801437780261
Training loss on iteration 740 = 0.3237478017807007
Training loss on iteration 760 = 0.28180318176746366
Training loss on iteration 780 = 0.34077627435326574
Training loss on iteration 800 = 0.3063470710068941
Training loss on iteration 820 = 0.2767634350806475
Training loss on iteration 840 = 0.22076251273974776
Training loss on iteration 860 = 0.2287351897917688
Training loss on iteration 880 = 0.3267725512385368
Training loss on iteration 900 = 0.24400772228837014
Training loss on iteration 920 = 0.2803002355620265
Training loss on iteration 940 = 0.3385197713971138
Training loss on iteration 960 = 0.3431927986443043
Training loss on iteration 980 = 0.2700121156871319
Training loss on iteration 1000 = 0.38714568614959716
Training loss on iteration 1020 = 0.3448422208428383
Training loss on iteration 1040 = 0.40016680769622326
Training loss on iteration 1060 = 0.2742663290351629
Training loss on iteration 1080 = 0.4814195938408375
Training loss on iteration 1100 = 0.36486700139939787
Training loss on iteration 1120 = 0.22618401627987622
Training loss on iteration 1140 = 0.5209711089730262
Training loss on iteration 1160 = 0.4317606255412102
Training loss on iteration 1180 = 0.3358344160020351
Training loss on iteration 1200 = 0.3677584297955036
Training loss on iteration 1220 = 0.2700539126992226
Training loss on iteration 1240 = 0.2828637111000717
Training loss on iteration 1260 = 0.21325696390122176
Training loss on iteration 1280 = 0.36355147529393433
Training loss on iteration 1300 = 0.43824581503868104
Training loss on iteration 1320 = 0.3774583760648966
Training loss on iteration 1340 = 0.37380120176821946
Training loss on iteration 1360 = 0.43312878496944907
Training loss on iteration 1380 = 0.38622463010251523
Training loss on iteration 1400 = 0.3726144254207611
Training loss on iteration 1420 = 0.4012292854487896
Training loss on iteration 1440 = 0.30974698923528193
Training loss on iteration 1460 = 0.4538033239543438
Training loss on iteration 1480 = 0.2714660609140992
### EVAL:: Epoch 5:: Loss = 0.23988953969430904 :: ACC = 0.8971103941646795, AUC = 0.9356911420640263, EER = 0.14546219666152335
Training on epoch 6
Training loss on iteration 0 = 0.4246947169303894
Training loss on iteration 20 = 0.3807151660323143
Training loss on iteration 40 = 0.34165940135717393
Training loss on iteration 60 = 0.28374049812555313
Training loss on iteration 80 = 0.2578505612909794
Training loss on iteration 100 = 0.35366533473134043
Training loss on iteration 120 = 0.42419959157705306
Training loss on iteration 140 = 0.5372639894485474
Training loss on iteration 160 = 0.32232765704393385
Training loss on iteration 180 = 0.32996966149657964
Training loss on iteration 200 = 0.33698084130883216
Training loss on iteration 220 = 0.35774426236748696
Training loss on iteration 240 = 0.4060821238905191
Training loss on iteration 260 = 0.3845609713345766
Training loss on iteration 280 = 0.3190395928919315
Training loss on iteration 300 = 0.39091905802488325
Training loss on iteration 320 = 0.32332147024571894
Training loss on iteration 340 = 0.2563624747097492
Training loss on iteration 360 = 0.30888148304075
Training loss on iteration 380 = 0.37208669297397134
Training loss on iteration 400 = 0.2795776754617691
Training loss on iteration 420 = 0.39168638102710246
Training loss on iteration 440 = 0.383082590252161
Training loss on iteration 460 = 0.4291955891996622
Training loss on iteration 480 = 0.4556665599346161
Training loss on iteration 500 = 0.4646804355084896
Training loss on iteration 520 = 0.49654693230986596
Training loss on iteration 540 = 0.30734167359769343
Training loss on iteration 560 = 0.36684948280453683
Training loss on iteration 580 = 0.31048468351364134
Training loss on iteration 600 = 0.3931892938911915
Training loss on iteration 620 = 0.32004582434892653
Training loss on iteration 640 = 0.3288509681820869
Training loss on iteration 660 = 0.4723645709455013
Training loss on iteration 680 = 0.3682688791304827
Training loss on iteration 700 = 0.4342665523290634
Training loss on iteration 720 = 0.4072886787354946
Training loss on iteration 740 = 0.40798739790916444
Training loss on iteration 760 = 0.3474790334701538
Training loss on iteration 780 = 0.31245601959526537
Training loss on iteration 800 = 0.3098757956176996
Training loss on iteration 820 = 0.4373517481610179
Training loss on iteration 840 = 0.3928253769874573
Training loss on iteration 860 = 0.35458158850669863
Training loss on iteration 880 = 0.303601698204875
Training loss on iteration 900 = 0.3443001419305801
Training loss on iteration 920 = 0.25156116113066673
Training loss on iteration 940 = 0.47082886304706334
Training loss on iteration 960 = 0.4259609080851078
Training loss on iteration 980 = 0.41271903812885286
Training loss on iteration 1000 = 0.3779172159731388
Training loss on iteration 1020 = 0.298219383507967
Training loss on iteration 1040 = 0.31762398295104505
Training loss on iteration 1060 = 0.31635055541992185
Training loss on iteration 1080 = 0.31275928728282454
Training loss on iteration 1100 = 0.3281958304345608
Training loss on iteration 1120 = 0.45375330112874507
Training loss on iteration 1140 = 0.2795145956799388
Training loss on iteration 1160 = 0.3279336724430323
Training loss on iteration 1180 = 0.31623433381319044
Training loss on iteration 1200 = 0.2717627681791782
Training loss on iteration 1220 = 0.29020503973588346
Training loss on iteration 1240 = 0.3366112357005477
Training loss on iteration 1260 = 0.4713513135910034
Training loss on iteration 1280 = 0.42745518162846563
Training loss on iteration 1300 = 0.35721241123974323
Training loss on iteration 1320 = 0.3941594660282135
Training loss on iteration 1340 = 0.3515876825898886
Training loss on iteration 1360 = 0.4573902189731598
Training loss on iteration 1380 = 0.2919522289186716
Training loss on iteration 1400 = 0.4179346192628145
Training loss on iteration 1420 = 0.3682820774614811
Training loss on iteration 1440 = 0.33312245458364487
Training loss on iteration 1460 = 0.3346800174564123
Training loss on iteration 1480 = 0.331223626434803
### EVAL:: Epoch 6:: Loss = 0.2354471143746558 :: ACC = 0.9008276055547763, AUC = 0.9565717373876733, EER = 0.11782858745967176
Training on epoch 7
Training loss on iteration 0 = 0.3961993455886841
Training loss on iteration 20 = 0.2389364331960678
Training loss on iteration 40 = 0.41024743020534515
Training loss on iteration 60 = 0.30283017428591846
Training loss on iteration 80 = 0.45963952876627445
Training loss on iteration 100 = 0.2934554982930422
Training loss on iteration 120 = 0.4477453090250492
Training loss on iteration 140 = 0.3273088537156582
Training loss on iteration 160 = 0.4583889253437519
Training loss on iteration 180 = 0.3396026834845543
Training loss on iteration 200 = 0.265977300144732
Training loss on iteration 220 = 0.21427336474880576
Training loss on iteration 240 = 0.40989217180758714
Training loss on iteration 260 = 0.34826870560646056
Training loss on iteration 280 = 0.22751028519123792
Training loss on iteration 300 = 0.21953454613685608
Training loss on iteration 320 = 0.3414483103901148
Training loss on iteration 340 = 0.33104633912444115
Training loss on iteration 360 = 0.2628211872652173
Training loss on iteration 380 = 0.22923673391342164
Training loss on iteration 400 = 0.2910017427057028
Training loss on iteration 420 = 0.3370865426957607
Training loss on iteration 440 = 0.4017841748893261
Training loss on iteration 460 = 0.4203981064260006
Training loss on iteration 480 = 0.3062613822519779
Training loss on iteration 500 = 0.27500691898167134
Training loss on iteration 520 = 0.3429682280868292
Training loss on iteration 540 = 0.27528437934815886
Training loss on iteration 560 = 0.29056768529117105
Training loss on iteration 580 = 0.25711843874305484
Training loss on iteration 600 = 0.32244410142302515
Training loss on iteration 620 = 0.42340738922357557
Training loss on iteration 640 = 0.4231760635972023
Training loss on iteration 660 = 0.363564945012331
Training loss on iteration 680 = 0.3245521418750286
Training loss on iteration 700 = 0.32758412323892117
Training loss on iteration 720 = 0.4072082117199898
Training loss on iteration 740 = 0.33944412879645824
Training loss on iteration 760 = 0.2914705671370029
Training loss on iteration 780 = 0.2534972678869963
Training loss on iteration 800 = 0.35465317573398353
Training loss on iteration 820 = 0.36744517236948016
Training loss on iteration 840 = 0.24417663160711528
Training loss on iteration 860 = 0.3183537941426039
Training loss on iteration 880 = 0.3121642265468836
Training loss on iteration 900 = 0.43951028808951376
Training loss on iteration 920 = 0.2702853001654148
Training loss on iteration 940 = 0.30316974632441995
Training loss on iteration 960 = 0.33242177516222
Training loss on iteration 980 = 0.33483233489096165
Training loss on iteration 1000 = 0.4087085172533989
Training loss on iteration 1020 = 0.37607029601931574
Training loss on iteration 1040 = 0.38928572870790956
Training loss on iteration 1060 = 0.342977749556303
Training loss on iteration 1080 = 0.35969146601855756
Training loss on iteration 1100 = 0.40304341688752177
Training loss on iteration 1120 = 0.5403623305261135
Training loss on iteration 1140 = 0.39135645516216755
Training loss on iteration 1160 = 0.3982329875230789
Training loss on iteration 1180 = 0.28783082477748395
Training loss on iteration 1200 = 0.49785593152046204
Training loss on iteration 1220 = 0.23792536482214927
Training loss on iteration 1240 = 0.30816522017121317
Training loss on iteration 1260 = 0.3080772992223501
Training loss on iteration 1280 = 0.49812636747956274
Training loss on iteration 1300 = 0.40496827885508535
Training loss on iteration 1320 = 0.44326956644654275
Training loss on iteration 1340 = 0.43359254524111746
Training loss on iteration 1360 = 0.49903922751545904
Training loss on iteration 1380 = 0.4918598189949989
Training loss on iteration 1400 = 0.4196913443505764
Training loss on iteration 1420 = 0.3634967766702175
Training loss on iteration 1440 = 0.3317502595484257
Training loss on iteration 1460 = 0.368994627520442
Training loss on iteration 1480 = 0.3309078637510538
### EVAL:: Epoch 7:: Loss = 0.3109983986303691 :: ACC = 0.8679337915556179, AUC = 0.9119066834799081, EER = 0.17239444522373404
Training on epoch 8
Training loss on iteration 0 = 0.3878176808357239
Training loss on iteration 20 = 0.2658945109695196
Training loss on iteration 40 = 0.40523915477097033
Training loss on iteration 60 = 0.3482540640980005
Training loss on iteration 80 = 0.30051759332418443
Training loss on iteration 100 = 0.40498750656843185
Training loss on iteration 120 = 0.3856080438941717
Training loss on iteration 140 = 0.3835512615740299
Training loss on iteration 160 = 0.31333192214369776
Training loss on iteration 180 = 0.5876663841307164
Training loss on iteration 200 = 0.30507267396897075
Training loss on iteration 220 = 0.4201940968632698
Training loss on iteration 240 = 0.3700176186859608
Training loss on iteration 260 = 0.34621441885828974
Training loss on iteration 280 = 0.33591344505548476
Training loss on iteration 300 = 0.3665485456585884
Training loss on iteration 320 = 0.32607096433639526
Training loss on iteration 340 = 0.378829712793231
Training loss on iteration 360 = 0.3168619032949209
Training loss on iteration 380 = 0.25194169906899333
Training loss on iteration 400 = 0.32611382454633714
Training loss on iteration 420 = 0.24566982984542846
Training loss on iteration 440 = 0.3018922549672425
Training loss on iteration 460 = 0.2982214529067278
Training loss on iteration 480 = 0.36410250067710875
Training loss on iteration 500 = 0.39527825452387333
Training loss on iteration 520 = 0.32856815196573735
Training loss on iteration 540 = 0.32609467059373853
Training loss on iteration 560 = 0.27975636087357997
Training loss on iteration 580 = 0.3166848935186863
Training loss on iteration 600 = 0.2643395610153675
Training loss on iteration 620 = 0.43472460806369784
Training loss on iteration 640 = 0.2870530581101775
Training loss on iteration 660 = 0.4002764068543911
Training loss on iteration 680 = 0.33965113312005996
Training loss on iteration 700 = 0.4010355331003666
Training loss on iteration 720 = 0.30197691097855567
Training loss on iteration 740 = 0.3363535966724157
Training loss on iteration 760 = 0.27635649889707564
Training loss on iteration 780 = 0.227382686547935
Training loss on iteration 800 = 0.29197497498244046
Training loss on iteration 820 = 0.29702914115041495
Training loss on iteration 840 = 0.25184112712740897
Training loss on iteration 860 = 0.34796711299568417
Training loss on iteration 880 = 0.28938203044235705
Training loss on iteration 900 = 0.3241521446034312
Training loss on iteration 920 = 0.3357584780082107
Training loss on iteration 940 = 0.3326805017888546
Training loss on iteration 960 = 0.2297347217798233
Training loss on iteration 980 = 0.25445649959146976
Training loss on iteration 1000 = 0.32789311520755293
Training loss on iteration 1020 = 0.3876793678849936
Training loss on iteration 1040 = 0.27613272331655025
Training loss on iteration 1060 = 0.42389680482447145
Training loss on iteration 1080 = 0.449404301866889
Training loss on iteration 1100 = 0.28815714828670025
Training loss on iteration 1120 = 0.3501656178385019
Training loss on iteration 1140 = 0.37537495531141757
Training loss on iteration 1160 = 0.33921163752675054
Training loss on iteration 1180 = 0.34242668375372887
Training loss on iteration 1200 = 0.3690443880856037
Training loss on iteration 1220 = 0.29092372544109824
Training loss on iteration 1240 = 0.3179674670100212
Training loss on iteration 1260 = 0.36454923637211323
Training loss on iteration 1280 = 0.30063325762748716
Training loss on iteration 1300 = 0.36095038875937463
Training loss on iteration 1320 = 0.3656228441745043
Training loss on iteration 1340 = 0.33649710603058336
Training loss on iteration 1360 = 0.39809356182813643
Training loss on iteration 1380 = 0.46269332952797415
Training loss on iteration 1400 = 0.3328208923339844
Training loss on iteration 1420 = 0.31874417178332803
Training loss on iteration 1440 = 0.299434095621109
Training loss on iteration 1460 = 0.23511416986584663
Training loss on iteration 1480 = 0.27701542526483536
### EVAL:: Epoch 8:: Loss = 0.21247344786924313 :: ACC = 0.9168887642025529, AUC = 0.8872121875760057, EER = 0.20353485762379014
Training on epoch 9
Training loss on iteration 0 = 0.12968282401561737
Training loss on iteration 20 = 0.2780820667743683
Training loss on iteration 40 = 0.42115345895290374
Training loss on iteration 60 = 0.38631089627742765
Training loss on iteration 80 = 0.2908785428851843
Training loss on iteration 100 = 0.466848536580801
Training loss on iteration 120 = 0.3721881862729788
Training loss on iteration 140 = 0.26113363578915594
Training loss on iteration 160 = 0.3714421018958092
Training loss on iteration 180 = 0.24380105249583722
Training loss on iteration 200 = 0.3137645708397031
Training loss on iteration 220 = 0.3119905021041632
Training loss on iteration 240 = 0.3157993573695421
Training loss on iteration 260 = 0.3217454142868519
Training loss on iteration 280 = 0.3449027094990015
Training loss on iteration 300 = 0.2994335912168026
Training loss on iteration 320 = 0.3511660438030958
Training loss on iteration 340 = 0.6286985762417316
Training loss on iteration 360 = 0.37069086246192456
Training loss on iteration 380 = 0.40716266073286533
Training loss on iteration 400 = 0.3725774850696325
Training loss on iteration 420 = 0.35481913201510906
Training loss on iteration 440 = 0.2939608249813318
Training loss on iteration 460 = 0.4290624372661114
Training loss on iteration 480 = 0.26302273776382207
Training loss on iteration 500 = 0.33998309932649134
Training loss on iteration 520 = 0.25906768813729286
Training loss on iteration 540 = 0.33752581775188445
Training loss on iteration 560 = 0.24917530938982962
Training loss on iteration 580 = 0.2597305528819561
Training loss on iteration 600 = 0.5025166571140289
Training loss on iteration 620 = 0.5367175377905369
Training loss on iteration 640 = 0.29699563682079316
Training loss on iteration 660 = 0.31794153451919555
Training loss on iteration 680 = 0.336333198659122
Training loss on iteration 700 = 0.2510390108451247
Training loss on iteration 720 = 0.3285206635482609
Training loss on iteration 740 = 0.28843214493244884
Training loss on iteration 760 = 0.32674683518707753
Training loss on iteration 780 = 0.47894756495952606
Training loss on iteration 800 = 0.3689897142350674
Training loss on iteration 820 = 0.2288283256813884
Training loss on iteration 840 = 0.25314310304820536
Training loss on iteration 860 = 0.2943844925612211
Training loss on iteration 880 = 0.3917990181595087
Training loss on iteration 900 = 0.5030129089951515
Training loss on iteration 920 = 0.3907926917076111
Training loss on iteration 940 = 0.447252182662487
Training loss on iteration 960 = 0.3802089780569077
Training loss on iteration 980 = 0.4527674913406372
Training loss on iteration 1000 = 0.3202333390712738
Training loss on iteration 1020 = 0.4185657847672701
Training loss on iteration 1040 = 0.3259633481502533
Training loss on iteration 1060 = 0.3191825807094574
Training loss on iteration 1080 = 0.4240298192948103
Training loss on iteration 1100 = 0.38691898211836817
Training loss on iteration 1120 = 0.36524610556662085
Training loss on iteration 1140 = 0.2862640514969826
Training loss on iteration 1160 = 0.43543430902063845
Training loss on iteration 1180 = 0.33048948273062706
Training loss on iteration 1200 = 0.3461175290867686
Training loss on iteration 1220 = 0.30219923686236144
Training loss on iteration 1240 = 0.2860950442031026
Training loss on iteration 1260 = 0.3590971458703279
Training loss on iteration 1280 = 0.4365110319107771
Training loss on iteration 1300 = 0.36249723881483076
Training loss on iteration 1320 = 0.31979084834456445
Training loss on iteration 1340 = 0.35458422377705573
Training loss on iteration 1360 = 0.36572123430669307
Training loss on iteration 1380 = 0.4721750508993864
Training loss on iteration 1400 = 0.4068801192566752
Training loss on iteration 1420 = 0.24636778477579355
Training loss on iteration 1440 = 0.2778402207419276
Training loss on iteration 1460 = 0.25707031339406966
Training loss on iteration 1480 = 0.2741582203656435
### EVAL:: Epoch 9:: Loss = 0.26826462564821096 :: ACC = 0.8824519567961846, AUC = 0.9435217465381225, EER = 0.12722682003085986
Training on epoch 10
Training loss on iteration 0 = 0.12557892501354218
Training loss on iteration 20 = 0.42769108414649964
Training loss on iteration 40 = 0.3251445423811674
Training loss on iteration 60 = 0.38412444964051246
Training loss on iteration 80 = 0.29708082377910616
Training loss on iteration 100 = 0.4063610345125198
Training loss on iteration 120 = 0.35409693643450735
Training loss on iteration 140 = 0.3206984750926495
Training loss on iteration 160 = 0.27652858160436156
Training loss on iteration 180 = 0.3496654279530048
Training loss on iteration 200 = 0.291010657325387
Training loss on iteration 220 = 0.3656505007296801
Training loss on iteration 240 = 0.3506556410342455
Training loss on iteration 260 = 0.3063914079219103
Training loss on iteration 280 = 0.20476116258651017
Training loss on iteration 300 = 0.40845660530030725
Training loss on iteration 320 = 0.2764276122674346
Training loss on iteration 340 = 0.28600073512643576
Training loss on iteration 360 = 0.34969083592295647
Training loss on iteration 380 = 0.3953837167471647
Training loss on iteration 400 = 0.23171027638018132
Training loss on iteration 420 = 0.2968846347182989
Training loss on iteration 440 = 0.278233652561903
Training loss on iteration 460 = 0.26522900387644766
Training loss on iteration 480 = 0.30786625370383264
Training loss on iteration 500 = 0.34377253875136377
Training loss on iteration 520 = 0.24751604907214642
Training loss on iteration 540 = 0.3287346623837948
Training loss on iteration 560 = 0.29787676595151424
Training loss on iteration 580 = 0.30482458919286726
Training loss on iteration 600 = 0.38670896627008916
Training loss on iteration 620 = 0.33655133843421936
Training loss on iteration 640 = 0.3150572061538696
Training loss on iteration 660 = 0.336340406537056
Training loss on iteration 680 = 0.30963849537074567
Training loss on iteration 700 = 0.3748139124363661
Training loss on iteration 720 = 0.23840250968933105
Training loss on iteration 740 = 0.3141193054616451
Training loss on iteration 760 = 0.29740409515798094
Training loss on iteration 780 = 0.3731309473514557
Training loss on iteration 800 = 0.26200728584080935
Training loss on iteration 820 = 0.32606169395148754
Training loss on iteration 840 = 0.3155545466579497
Training loss on iteration 860 = 0.3293582208454609
Training loss on iteration 880 = 0.4804889738559723
Training loss on iteration 900 = 0.3242896020412445
Training loss on iteration 920 = 0.26040997058153154
Training loss on iteration 940 = 0.33641555476933716
Training loss on iteration 960 = 0.272783437371254
Training loss on iteration 980 = 0.31305297575891017
Training loss on iteration 1000 = 0.2908154230564833
Training loss on iteration 1020 = 0.2346005890518427
Training loss on iteration 1040 = 0.4097362104803324
Training loss on iteration 1060 = 0.3098784932866693
Training loss on iteration 1080 = 0.34845931120216844
Training loss on iteration 1100 = 0.41347368359565734
Training loss on iteration 1120 = 0.2904163710772991
Training loss on iteration 1140 = 0.25974435042589905
Training loss on iteration 1160 = 0.2851747713983059
Training loss on iteration 1180 = 0.47252033948898314
Training loss on iteration 1200 = 0.4441904701292515
Training loss on iteration 1220 = 0.4836882337927818
Training loss on iteration 1240 = 0.4208560802042484
Training loss on iteration 1260 = 0.37385466452687977
Training loss on iteration 1280 = 0.5101057630032301
Training loss on iteration 1300 = 0.4188660204410553
Training loss on iteration 1320 = 0.31428838670253756
Training loss on iteration 1340 = 0.37811497300863267
Training loss on iteration 1360 = 0.23714408185333014
Training loss on iteration 1380 = 0.2661112371832132
Training loss on iteration 1400 = 0.31818775050342085
Training loss on iteration 1420 = 0.332416751794517
Training loss on iteration 1440 = 0.3466234844177961
Training loss on iteration 1460 = 0.2506454848684371
Training loss on iteration 1480 = 0.2199367349036038
### EVAL:: Epoch 10:: Loss = 0.1803901056111632 :: ACC = 0.9315472015710479, AUC = 0.9587706195748467, EER = 0.10744844999298639
Training on epoch 11
Training loss on iteration 0 = 0.09855089336633682
Training loss on iteration 20 = 0.2833794839680195
Training loss on iteration 40 = 0.4346146252006292
Training loss on iteration 60 = 0.31223895847797395
Training loss on iteration 80 = 0.2762355709448457
Training loss on iteration 100 = 0.2923884505406022
Training loss on iteration 120 = 0.32071182411164045
Training loss on iteration 140 = 0.33044780530035495
Training loss on iteration 160 = 0.28897920027375223
Training loss on iteration 180 = 0.425392959266901
Training loss on iteration 200 = 0.3186465365812182
Training loss on iteration 220 = 0.3120064213871956
Training loss on iteration 240 = 0.2898809093981981
Training loss on iteration 260 = 0.2213042017072439
Training loss on iteration 280 = 0.28284099805168805
Training loss on iteration 300 = 0.2704013315960765
Training loss on iteration 320 = 0.2648615007288754
Training loss on iteration 340 = 0.3029116151854396
Training loss on iteration 360 = 0.30572309121489527
Training loss on iteration 380 = 0.40123373419046404
Training loss on iteration 400 = 0.35080245807766913
Training loss on iteration 420 = 0.3123643260449171
Training loss on iteration 440 = 0.323519803956151
Training loss on iteration 460 = 0.39862621426582334
Training loss on iteration 480 = 0.47691465765237806
Training loss on iteration 500 = 0.4313084587454796
Training loss on iteration 520 = 0.4858782060444355
Training loss on iteration 540 = 0.6033500701189041
Training loss on iteration 560 = 0.42075077444314957
Training loss on iteration 580 = 0.31596577912569046
Training loss on iteration 600 = 0.3695799358189106
Training loss on iteration 620 = 0.36557342670857906
Training loss on iteration 640 = 0.34798718318343164
Training loss on iteration 660 = 0.25657881386578085
Training loss on iteration 680 = 0.4928674563765526
Training loss on iteration 700 = 0.2816888434812427
Training loss on iteration 720 = 0.37205401472747324
Training loss on iteration 740 = 0.34066754635423424
Training loss on iteration 760 = 0.25491850525140763
Training loss on iteration 780 = 0.37520167557522655
Training loss on iteration 800 = 0.32591804713010786
Training loss on iteration 820 = 0.253184805251658
Training loss on iteration 840 = 0.347336919978261
Training loss on iteration 860 = 0.2773260036483407
Training loss on iteration 880 = 0.23771695587784053
Training loss on iteration 900 = 0.27446134872734546
Training loss on iteration 920 = 0.33300598338246346
Training loss on iteration 940 = 0.3452958658337593
Training loss on iteration 960 = 0.32075832299888135
Training loss on iteration 980 = 0.2525825632736087
Training loss on iteration 1000 = 0.2854007419664413
Training loss on iteration 1020 = 0.28727546259760856
Training loss on iteration 1040 = 0.27663295627571644
Training loss on iteration 1060 = 0.2843177108094096
Training loss on iteration 1080 = 0.26629684045910834
Training loss on iteration 1100 = 0.30049707321450114
Training loss on iteration 1120 = 0.3273978404700756
Training loss on iteration 1140 = 0.22686779908835888
Training loss on iteration 1160 = 0.246571100410074
Training loss on iteration 1180 = 0.32529825121164324
Training loss on iteration 1200 = 0.21717818956822157
Training loss on iteration 1220 = 0.33550451397895814
Training loss on iteration 1240 = 0.2941241875290871
Training loss on iteration 1260 = 0.4331018626689911
Training loss on iteration 1280 = 0.3382149450480938
Training loss on iteration 1300 = 0.3036290306597948
Training loss on iteration 1320 = 0.36970700323581696
Training loss on iteration 1340 = 0.2994229046627879
Training loss on iteration 1360 = 0.2500987764447927
Training loss on iteration 1380 = 0.19211605307646096
Training loss on iteration 1400 = 0.26016260832548144
Training loss on iteration 1420 = 0.31671433299779894
Training loss on iteration 1440 = 0.38838438093662264
Training loss on iteration 1460 = 0.373006073012948
Training loss on iteration 1480 = 0.24237717650830745
### EVAL:: Epoch 11:: Loss = 0.19257131880338135 :: ACC = 0.9222892411277879, AUC = 0.9112884354042128, EER = 0.17730396970122037
Training on epoch 12
Training loss on iteration 0 = 0.11697351932525635
Training loss on iteration 20 = 0.46055828034877777
Training loss on iteration 40 = 0.3296400658786297
Training loss on iteration 60 = 0.3607770711183548
Training loss on iteration 80 = 0.32456111209467053
Training loss on iteration 100 = 0.22001444660127162
Training loss on iteration 120 = 0.3503637756919488
Training loss on iteration 140 = 0.3645275142043829
Training loss on iteration 160 = 0.21837869444862007
Training loss on iteration 180 = 0.2967666987329721
Training loss on iteration 200 = 0.5272132927551866
Training loss on iteration 220 = 0.4268676083534956
Training loss on iteration 240 = 0.52267911657691
Training loss on iteration 260 = 0.2887089602649212
Training loss on iteration 280 = 0.3892455317080021
Training loss on iteration 300 = 0.32020393945276737
Training loss on iteration 320 = 0.4315527956932783
Training loss on iteration 340 = 0.3718158878386021
Training loss on iteration 360 = 0.31165070440620185
Training loss on iteration 380 = 0.3701922334730625
Training loss on iteration 400 = 0.311598090454936
Training loss on iteration 420 = 0.35345068424940107
Training loss on iteration 440 = 0.3272355567663908
Training loss on iteration 460 = 0.28858139775693414
Training loss on iteration 480 = 0.3198092248290777
Training loss on iteration 500 = 0.3754338562488556
Training loss on iteration 520 = 0.289453511685133
Training loss on iteration 540 = 0.35959086678922175
Training loss on iteration 560 = 0.3137684378772974
Training loss on iteration 580 = 0.3315869029611349
Training loss on iteration 600 = 0.2891874771565199
Training loss on iteration 620 = 0.34907841235399245
Training loss on iteration 640 = 0.3048848811537027
Training loss on iteration 660 = 0.2821625381708145
Training loss on iteration 680 = 0.24495569691061975
Training loss on iteration 700 = 0.2365741518791765
Training loss on iteration 720 = 0.42785511277616023
Training loss on iteration 740 = 0.3866208456456661
Training loss on iteration 760 = 0.33568933270871637
Training loss on iteration 780 = 0.4279873386025429
Training loss on iteration 800 = 0.31438317224383355
Training loss on iteration 820 = 0.30140472762286663
Training loss on iteration 840 = 0.2998101107776165
Training loss on iteration 860 = 0.30035125873982904
Training loss on iteration 880 = 0.41044986359775065
Training loss on iteration 900 = 0.2916426558047533
Training loss on iteration 920 = 0.29316141121089456
Training loss on iteration 940 = 0.30487240832298995
Training loss on iteration 960 = 0.2637077359482646
Training loss on iteration 980 = 0.23292924761772155
Training loss on iteration 1000 = 0.25647521037608384
Training loss on iteration 1020 = 0.3915384076535702
Training loss on iteration 1040 = 0.335135926771909
Training loss on iteration 1060 = 0.3543038759380579
Training loss on iteration 1080 = 0.39233496561646464
Training loss on iteration 1100 = 0.3123215690255165
Training loss on iteration 1120 = 0.2628857331350446
Training loss on iteration 1140 = 0.34822055920958517
Training loss on iteration 1160 = 0.25963995009660723
Training loss on iteration 1180 = 0.2709237921983004
Training loss on iteration 1200 = 0.29004388079047205
Training loss on iteration 1220 = 0.3935851380228996
Training loss on iteration 1240 = 0.3575807626359165
Training loss on iteration 1260 = 0.3924762964248657
Training loss on iteration 1280 = 0.456651920825243
Training loss on iteration 1300 = 0.27996787466108797
Training loss on iteration 1320 = 0.2852528549730778
Training loss on iteration 1340 = 0.3499836426228285
Training loss on iteration 1360 = 0.306207387894392
Training loss on iteration 1380 = 0.4219253085553646
Training loss on iteration 1400 = 0.27700739726424217
Training loss on iteration 1420 = 0.3846057130023837
Training loss on iteration 1440 = 0.23415506221354007
Training loss on iteration 1460 = 0.2548004202544689
Training loss on iteration 1480 = 0.18202443467453122
### EVAL:: Epoch 12:: Loss = 0.19090221853690528 :: ACC = 0.9253050918782438, AUC = 0.9746601224442468, EER = 0.08290082760555477
Training on epoch 13
Training loss on iteration 0 = 0.3269433081150055
Training loss on iteration 20 = 0.24205887634307147
Training loss on iteration 40 = 0.2256634535267949
Training loss on iteration 60 = 0.30027041472494603
Training loss on iteration 80 = 0.3099055107682943
Training loss on iteration 100 = 0.40477656982839105
Training loss on iteration 120 = 0.38358714058995247
Training loss on iteration 140 = 0.24321225583553313
Training loss on iteration 160 = 0.3276046680286527
Training loss on iteration 180 = 0.29523367807269096
Training loss on iteration 200 = 0.247954829223454
Training loss on iteration 220 = 0.476820108294487
Training loss on iteration 240 = 0.49213693253695967
Training loss on iteration 260 = 0.38774103336036203
Training loss on iteration 280 = 0.46949692331254483
Training loss on iteration 300 = 0.26361979097127913
Training loss on iteration 320 = 0.3457613967359066
Training loss on iteration 340 = 0.22179897949099542
Training loss on iteration 360 = 0.4015709534753114
Training loss on iteration 380 = 0.36620814763009546
Training loss on iteration 400 = 0.24524237345904112
Training loss on iteration 420 = 0.4877861265093088
Training loss on iteration 440 = 0.3545809408649802
Training loss on iteration 460 = 0.30330655314028265
Training loss on iteration 480 = 0.34603864699602127
Training loss on iteration 500 = 0.3158619737252593
Training loss on iteration 520 = 0.219474134221673
Training loss on iteration 540 = 0.2919405873864889
Training loss on iteration 560 = 0.24165596887469293
Training loss on iteration 580 = 0.36332368198782206
Training loss on iteration 600 = 0.3672370744869113
Training loss on iteration 620 = 0.4100609838962555
Training loss on iteration 640 = 0.36190702952444553
Training loss on iteration 660 = 0.35483374409377577
Training loss on iteration 680 = 0.3997041866183281
Training loss on iteration 700 = 0.34969909600913524
Training loss on iteration 720 = 0.3087430585175753
Training loss on iteration 740 = 0.30041105970740317
Training loss on iteration 760 = 0.4308089831843972
Training loss on iteration 780 = 0.39428807348012923
Training loss on iteration 800 = 0.36128756031394005
Training loss on iteration 820 = 0.3553450100123882
Training loss on iteration 840 = 0.37118491604924203
Training loss on iteration 860 = 0.41435711942613124
Training loss on iteration 880 = 0.39239450842142104
Training loss on iteration 900 = 0.2632854748517275
Training loss on iteration 920 = 0.2658776968717575
Training loss on iteration 940 = 0.3759257667697966
Training loss on iteration 960 = 0.34147561378777025
Training loss on iteration 980 = 0.3063431430608034
Training loss on iteration 1000 = 0.26497213505208494
Training loss on iteration 1020 = 0.4948760956525803
Training loss on iteration 1040 = 0.474281657487154
Training loss on iteration 1060 = 0.4221543699502945
Training loss on iteration 1080 = 0.8463973373174667
Training loss on iteration 1100 = 0.5046069361269474
Training loss on iteration 1120 = 0.4810825757682323
Training loss on iteration 1140 = 0.4944328166544437
Training loss on iteration 1160 = 0.5285171568393707
Training loss on iteration 1180 = 0.38834145925939084
Training loss on iteration 1200 = 0.44969872646033765
Training loss on iteration 1220 = 0.31331731043756006
Training loss on iteration 1240 = 0.322103263810277
Training loss on iteration 1260 = 0.3880491450428963
Training loss on iteration 1280 = 0.3492111824452877
Training loss on iteration 1300 = 0.35678182989358903
Training loss on iteration 1320 = 0.30581774059683087
Training loss on iteration 1340 = 0.27382080629467964
Training loss on iteration 1360 = 0.3002257116138935
Training loss on iteration 1380 = 0.459421556442976
Training loss on iteration 1400 = 0.3540285311639309
Training loss on iteration 1420 = 0.4540045350790024
Training loss on iteration 1440 = 0.5398757174611092
Training loss on iteration 1460 = 0.5046481400728225
Training loss on iteration 1480 = 0.4228437915444374
### EVAL:: Epoch 13:: Loss = 0.3316395664554962 :: ACC = 0.8497685509889185, AUC = 0.9064763478151401, EER = 0.17365689437508766
Training on epoch 14
Training loss on iteration 0 = 0.34228864312171936
Training loss on iteration 20 = 0.4943533204495907
Training loss on iteration 40 = 0.4214625097811222
Training loss on iteration 60 = 0.40321968495845795
Training loss on iteration 80 = 0.47568951100111007
Training loss on iteration 100 = 0.33220874816179274
Training loss on iteration 120 = 0.5065504431724548
Training loss on iteration 140 = 0.4695893436670303
Training loss on iteration 160 = 0.4975412718951702
Training loss on iteration 180 = 0.40741678774356843
Training loss on iteration 200 = 0.4084962148219347
Training loss on iteration 220 = 0.49226354211568835
Training loss on iteration 240 = 0.39970537796616556
Training loss on iteration 260 = 0.4628349684178829
Training loss on iteration 280 = 0.5008379623293877
Training loss on iteration 300 = 0.47039243429899213
Training loss on iteration 320 = 0.4413133360445499
Training loss on iteration 340 = 0.5181297741830349
Training loss on iteration 360 = 0.5385413378477096
Training loss on iteration 380 = 0.4471522822976112
Training loss on iteration 400 = 0.4270485587418079
Training loss on iteration 420 = 0.4692749038338661
Training loss on iteration 440 = 0.42911151647567747
Training loss on iteration 460 = 0.5265503861010075
Training loss on iteration 480 = 0.41577847823500635
Training loss on iteration 500 = 0.40893754959106443
Training loss on iteration 520 = 0.48148260861635206
Training loss on iteration 540 = 0.5433224618434906
Training loss on iteration 560 = 0.5177719723433256
Training loss on iteration 580 = 0.36140359826385976
Training loss on iteration 600 = 0.3548554418608546
Training loss on iteration 620 = 0.3987471528351307
Training loss on iteration 640 = 0.4254040792584419
Training loss on iteration 660 = 0.4748395189642906
Training loss on iteration 680 = 0.43782229721546173
Training loss on iteration 700 = 0.45160198882222174
Training loss on iteration 720 = 0.4633303664624691
Training loss on iteration 740 = 0.4512559615075588
Training loss on iteration 760 = 0.4730698920786381
Training loss on iteration 780 = 0.39224496856331825
Training loss on iteration 800 = 0.4400362320244312
Training loss on iteration 820 = 0.4863668095320463
Training loss on iteration 840 = 0.4468560256063938
Training loss on iteration 860 = 0.36939371936023235
Training loss on iteration 880 = 0.5902176901698113
Training loss on iteration 900 = 0.5522361636161804
Training loss on iteration 920 = 0.5570913180708885
Training loss on iteration 940 = 0.5119627945125103
Training loss on iteration 960 = 0.4960703909397125
Training loss on iteration 980 = 0.5613013327121734
Training loss on iteration 1000 = 0.6030777662992477
Training loss on iteration 1020 = 0.47781196385622027
Training loss on iteration 1040 = 0.5146257281303406
Training loss on iteration 1060 = 0.45989145785570146
Training loss on iteration 1080 = 0.5209405675530434
Training loss on iteration 1100 = 0.46495511680841445
Training loss on iteration 1120 = 0.4769785672426224
Training loss on iteration 1140 = 0.5429433077573776
Training loss on iteration 1160 = 0.6729471459984779
Training loss on iteration 1180 = 0.7213481336832046
Training loss on iteration 1200 = 0.5031161352992057
Training loss on iteration 1220 = 0.6335370063781738
Training loss on iteration 1240 = 0.4537184700369835
Training loss on iteration 1260 = 0.5164662778377533
Training loss on iteration 1280 = 0.457343490421772
Training loss on iteration 1300 = 0.4321505069732666
Training loss on iteration 1320 = 0.44283668473362925
Training loss on iteration 1340 = 0.5117430791258812
Training loss on iteration 1360 = 0.5089828424155712
Training loss on iteration 1380 = 0.5757027998566627
Training loss on iteration 1400 = 0.7212223134934902
Training loss on iteration 1420 = 0.5994849927723408
Training loss on iteration 1440 = 0.5895928382873535
Training loss on iteration 1460 = 0.5544399082660675
Training loss on iteration 1480 = 0.6117089331150055
### EVAL:: Epoch 14:: Loss = 0.5804915027854557 :: ACC = 0.6718333567120213, AUC = 0.4339589022931729, EER = 0.5472015710478328
Training on epoch 15
Training loss on iteration 0 = 0.7869852185249329
Training loss on iteration 20 = 0.5711256615817547
Training loss on iteration 40 = 0.4428719595074654
Training loss on iteration 60 = 0.5718226909637452
Training loss on iteration 80 = 0.5330396972596645
Training loss on iteration 100 = 0.549732156097889
Training loss on iteration 120 = 0.5442210536450147
Training loss on iteration 140 = 0.45710464008152485
Training loss on iteration 160 = 0.5296928234398365
Training loss on iteration 180 = 0.5110933914780617
Training loss on iteration 200 = 0.4469769485294819
Training loss on iteration 220 = 0.4672417126595974
Training loss on iteration 240 = 0.45618882179260256
Training loss on iteration 260 = 0.6290019452571869
Training loss on iteration 280 = 0.6429810017347336
Training loss on iteration 300 = 0.5978534683585167
Training loss on iteration 320 = 0.5237558349967003
Training loss on iteration 340 = 0.5564532727003098
Training loss on iteration 360 = 0.46173854172229767
Training loss on iteration 380 = 0.5823294192552566
Training loss on iteration 400 = 0.5117668703198432
Training loss on iteration 420 = 0.437533001601696
Training loss on iteration 440 = 0.46259431093931197
Training loss on iteration 460 = 0.4892976928502321
Training loss on iteration 480 = 0.477560655772686
Training loss on iteration 500 = 0.4669399008154869
Training loss on iteration 520 = 0.44543005526065826
Training loss on iteration 540 = 0.4688309669494629
Training loss on iteration 560 = 0.4250465027987957
Training loss on iteration 580 = 0.45844079554080963
Training loss on iteration 600 = 0.4689541108906269
Training loss on iteration 620 = 0.5500646159052849
Training loss on iteration 640 = 0.5081464447081089
Training loss on iteration 660 = 0.43124598935246466
Training loss on iteration 680 = 0.4504776746034622
Training loss on iteration 700 = 0.5009831741452218
Training loss on iteration 720 = 0.6363325886428356
Training loss on iteration 740 = 0.4858457587659359
Training loss on iteration 760 = 0.5197584122419358
Training loss on iteration 780 = 0.5339270778000355
Training loss on iteration 800 = 0.6050656840205193
Training loss on iteration 820 = 0.5023997515439987
Training loss on iteration 840 = 0.4963318154215813
Training loss on iteration 860 = 0.5447661951184273
Training loss on iteration 880 = 0.5340689793229103
Training loss on iteration 900 = 0.5177013799548149
Training loss on iteration 920 = 0.5106735698878765
Training loss on iteration 940 = 0.47204483300447464
Training loss on iteration 960 = 0.5901940926909447
Training loss on iteration 980 = 0.5688093855977059
Training loss on iteration 1000 = 0.4665548987686634
Training loss on iteration 1020 = 0.46663064137101173
Training loss on iteration 1040 = 0.5010314017534256
Training loss on iteration 1060 = 0.643645939975977
Training loss on iteration 1080 = 0.4791771970689297
Training loss on iteration 1100 = 0.4923831410706043
Training loss on iteration 1120 = 0.4799153983592987
Training loss on iteration 1140 = 0.5161100953817368
Training loss on iteration 1160 = 0.519166211783886
Training loss on iteration 1180 = 0.5504846632480621
Training loss on iteration 1200 = 0.4937815546989441
Training loss on iteration 1220 = 0.5084916114807129
Training loss on iteration 1240 = 0.47619000226259234
Training loss on iteration 1260 = 0.5654426366090775
Training loss on iteration 1280 = 0.47017855793237684
Training loss on iteration 1300 = 0.574160473048687
Training loss on iteration 1320 = 0.6102587975561619
Training loss on iteration 1340 = 0.5588075160980225
Training loss on iteration 1360 = 0.5425892323255539
Training loss on iteration 1380 = 0.49669863358139993
Training loss on iteration 1400 = 0.5013123020529747
Training loss on iteration 1420 = 0.5411292418837548
Training loss on iteration 1440 = 0.4745431937277317
Training loss on iteration 1460 = 0.5199984014034271
Training loss on iteration 1480 = 0.6385737881064415
### EVAL:: Epoch 15:: Loss = 0.3896385191268383 :: ACC = 0.8254313367933791, AUC = 0.676831178450565, EER = 0.3720016832655351
Training on epoch 16
Training loss on iteration 0 = 0.5001816153526306
Training loss on iteration 20 = 0.554652950912714
Training loss on iteration 40 = 0.4818707466125488
Training loss on iteration 60 = 0.4858940437436104
Training loss on iteration 80 = 0.5196736261248589
Training loss on iteration 100 = 0.5337066754698754
Training loss on iteration 120 = 0.5691892497241497
Training loss on iteration 140 = 0.5034812763333321
Training loss on iteration 160 = 0.4525350287556648
Training loss on iteration 180 = 0.4876985393464565
Training loss on iteration 200 = 0.5410278350114822
Training loss on iteration 220 = 0.4913926534354687
Training loss on iteration 240 = 0.5213939726352692
Training loss on iteration 260 = 0.5027548357844353
Training loss on iteration 280 = 0.41445741429924965
Training loss on iteration 300 = 0.5543323583900929
Training loss on iteration 320 = 0.5103171348571778
Training loss on iteration 340 = 0.5336512804031373
Training loss on iteration 360 = 0.5242772027850151
Training loss on iteration 380 = 0.4774301253259182
Training loss on iteration 400 = 0.5374919086694717
Training loss on iteration 420 = 0.5924170151352882
Training loss on iteration 440 = 0.4944019094109535
Training loss on iteration 460 = 0.5235782235860824
Training loss on iteration 480 = 0.5186773858964443
Training loss on iteration 500 = 0.5013087630271912
Training loss on iteration 520 = 0.5255932606756687
Training loss on iteration 540 = 0.5650079876184464
Training loss on iteration 560 = 0.4615805849432945
Training loss on iteration 580 = 0.5564102344214916
Training loss on iteration 600 = 0.470869255065918
Training loss on iteration 620 = 0.4586495772004128
Training loss on iteration 640 = 0.44888383969664575
Training loss on iteration 660 = 0.4895164743065834
Training loss on iteration 680 = 0.5348775163292885
Training loss on iteration 700 = 0.5644704006612301
Training loss on iteration 720 = 0.5880338385701179
Training loss on iteration 740 = 0.5433161601424217
Training loss on iteration 760 = 0.4491573691368103
Training loss on iteration 780 = 0.485952715575695
Training loss on iteration 800 = 0.4476642183959484
Training loss on iteration 820 = 0.47543457299470904
Training loss on iteration 840 = 0.523163552582264
Training loss on iteration 860 = 0.49080177396535873
Training loss on iteration 880 = 0.4549686245620251
Training loss on iteration 900 = 0.524738210439682
Training loss on iteration 920 = 0.49525281190872195
Training loss on iteration 940 = 0.498307878524065
Training loss on iteration 960 = 0.5406417042016983
Training loss on iteration 980 = 0.5745600402355194
Training loss on iteration 1000 = 0.4482760801911354
Training loss on iteration 1020 = 0.4523280017077923
Training loss on iteration 1040 = 0.6191190913319587
Training loss on iteration 1060 = 0.43872524350881575
Training loss on iteration 1080 = 0.5022783301770687
Training loss on iteration 1100 = 0.49828757271170615
Training loss on iteration 1120 = 0.5597545668482781
Training loss on iteration 1140 = 0.519188117980957
Training loss on iteration 1160 = 0.4426368214190006
Training loss on iteration 1180 = 0.4883268684148788
Training loss on iteration 1200 = 0.6288273442536593
Training loss on iteration 1220 = 0.6462180092930794
Training loss on iteration 1240 = 0.4574322696775198
Training loss on iteration 1260 = 0.3887425519526005
Training loss on iteration 1280 = 0.5114216335117817
Training loss on iteration 1300 = 0.4801074206829071
Training loss on iteration 1320 = 0.3993510380387306
Training loss on iteration 1340 = 0.463127601146698
Training loss on iteration 1360 = 0.5522554576396942
Training loss on iteration 1380 = 0.47362779825925827
Training loss on iteration 1400 = 0.4857779823243618
Training loss on iteration 1420 = 0.4817639082670212
Training loss on iteration 1440 = 0.5911107391119004
Training loss on iteration 1460 = 0.5070115998387337
Training loss on iteration 1480 = 0.4183276601135731
### EVAL:: Epoch 16:: Loss = 0.5269686766909265 :: ACC = 0.7433020058914294, AUC = 0.7896775868062424, EER = 0.28194697713564315
Training on epoch 17
Training loss on iteration 0 = 0.5175608396530151
Training loss on iteration 20 = 0.5437303066253663
Training loss on iteration 40 = 0.45068362131714823
Training loss on iteration 60 = 0.5012588150799274
Training loss on iteration 80 = 0.6385951071977616
Training loss on iteration 100 = 0.47840414121747016
Training loss on iteration 120 = 0.6203906238079071
Training loss on iteration 140 = 0.4932045333087444
Training loss on iteration 160 = 0.6330679722130299
Training loss on iteration 180 = 0.8626927495002746
Training loss on iteration 200 = 0.6057476624846458
Training loss on iteration 220 = 0.5508284538984298
Training loss on iteration 240 = 0.7313348516821861
Training loss on iteration 260 = 0.5942726083099842
Training loss on iteration 280 = 0.5907088726758957
Training loss on iteration 300 = 0.5012161999940872
Training loss on iteration 320 = 0.4753709599375725
Training loss on iteration 340 = 0.49207495227456094
Training loss on iteration 360 = 0.4508194275200367
Training loss on iteration 380 = 0.4845964938402176
Training loss on iteration 400 = 0.6352978780865669
Training loss on iteration 420 = 0.531402200460434
Training loss on iteration 440 = 0.5897183284163475
Training loss on iteration 460 = 0.5318367183208466
Training loss on iteration 480 = 0.512179584056139
Training loss on iteration 500 = 0.5614912614226342
Training loss on iteration 520 = 0.4850428357720375
Training loss on iteration 540 = 0.5319052927196026
Training loss on iteration 560 = 0.45812682509422303
Training loss on iteration 580 = 0.5253136828541756
Training loss on iteration 600 = 0.40211329609155655
Training loss on iteration 620 = 0.49940850734710696
Training loss on iteration 640 = 0.535483929514885
Training loss on iteration 660 = 0.49503682032227514
Training loss on iteration 680 = 0.5152523711323738
Training loss on iteration 700 = 0.5437990874052048
Training loss on iteration 720 = 0.4232179544866085
Training loss on iteration 740 = 0.5274549536406994
Training loss on iteration 760 = 0.479055567830801
Training loss on iteration 780 = 0.4363076988607645
Training loss on iteration 800 = 0.5598167680203915
Training loss on iteration 820 = 0.4505784444510937
Training loss on iteration 840 = 0.4534517236053944
Training loss on iteration 860 = 0.4051750048995018
Training loss on iteration 880 = 0.5685644432902336
Training loss on iteration 900 = 0.4827871315181255
Training loss on iteration 920 = 0.4164630673825741
Training loss on iteration 940 = 0.4862270586192608
Training loss on iteration 960 = 0.381807029992342
Training loss on iteration 980 = 0.46603230237960813
Training loss on iteration 1000 = 0.4789784163236618
Training loss on iteration 1020 = 0.5541665449738502
Training loss on iteration 1040 = 0.5226176053285598
Training loss on iteration 1060 = 0.4885227337479591
Training loss on iteration 1080 = 0.6100938230752945
Training loss on iteration 1100 = 0.48766164034605025
Training loss on iteration 1120 = 0.4988283574581146
Training loss on iteration 1140 = 0.4656209208071232
Training loss on iteration 1160 = 0.4286940600723028
Training loss on iteration 1180 = 0.5515784621238708
Training loss on iteration 1200 = 0.4664895266294479
Training loss on iteration 1220 = 0.48276396542787553
Training loss on iteration 1240 = 0.5865835703909397
Training loss on iteration 1260 = 0.5045271128416061
Training loss on iteration 1280 = 0.3663037605583668
Training loss on iteration 1300 = 0.4166868031024933
Training loss on iteration 1320 = 0.45349272936582563
Training loss on iteration 1340 = 0.6245412468910218
Training loss on iteration 1360 = 0.606387822329998
Training loss on iteration 1380 = 0.47833997532725336
Training loss on iteration 1400 = 0.4872987441718578
Training loss on iteration 1420 = 0.4462121851742268
Training loss on iteration 1440 = 0.44294029623270037
Training loss on iteration 1460 = 0.5456843771040439
Training loss on iteration 1480 = 0.4355819709599018
### EVAL:: Epoch 17:: Loss = 0.36030925533128183 :: ACC = 0.8384065086267358, AUC = 0.863128570984731, EER = 0.21728152616075186
Training on epoch 18
Training loss on iteration 0 = 0.16315579414367676
Training loss on iteration 20 = 0.5001861594617367
Training loss on iteration 40 = 0.6069267243146896
Training loss on iteration 60 = 0.5253215909004212
Training loss on iteration 80 = 0.47013034299016
Training loss on iteration 100 = 0.42623370289802553
Training loss on iteration 120 = 0.5201719366014004
Training loss on iteration 140 = 0.456923484057188
Training loss on iteration 160 = 0.4712696738541126
Training loss on iteration 180 = 0.567817448079586
Training loss on iteration 200 = 0.5387992650270462
Training loss on iteration 220 = 0.479422590136528
Training loss on iteration 240 = 0.4670271746814251
Training loss on iteration 260 = 0.4268389672040939
Training loss on iteration 280 = 0.47760695666074754
Training loss on iteration 300 = 0.5098611995577812
Training loss on iteration 320 = 0.4855287969112396
Training loss on iteration 340 = 0.45087086744606497
Training loss on iteration 360 = 0.5336525663733482
Training loss on iteration 380 = 0.4323328010737896
Training loss on iteration 400 = 0.5334260940551758
Training loss on iteration 420 = 0.47945914715528487
Training loss on iteration 440 = 0.5147276565432548
Training loss on iteration 460 = 0.4954332962632179
Training loss on iteration 480 = 0.48738599121570586
Training loss on iteration 500 = 0.4441322036087513
Training loss on iteration 520 = 0.463642792403698
Training loss on iteration 540 = 0.4561261095106602
Training loss on iteration 560 = 0.5591839350759983
Training loss on iteration 580 = 0.513201256096363
Training loss on iteration 600 = 0.4447859525680542
Training loss on iteration 620 = 0.39296436309814453
Training loss on iteration 640 = 0.4271702982485294
Training loss on iteration 660 = 0.4900967486202717
Training loss on iteration 680 = 0.5647019289433957
Training loss on iteration 700 = 0.5408856771886349
Training loss on iteration 720 = 0.4702876627445221
Training loss on iteration 740 = 0.5690700635313988
Training loss on iteration 760 = 0.547726371884346
Training loss on iteration 780 = 0.47682698518037797
Training loss on iteration 800 = 0.5001769229769707
Training loss on iteration 820 = 0.5407887853682041
Training loss on iteration 840 = 0.46738253608345987
Training loss on iteration 860 = 0.45595150887966157
Training loss on iteration 880 = 0.4700752258300781
Training loss on iteration 900 = 0.5131026998162269
Training loss on iteration 920 = 0.5768524594604969
Training loss on iteration 940 = 0.4618126392364502
Training loss on iteration 960 = 0.4988407723605633
Training loss on iteration 980 = 0.44180798903107643
Training loss on iteration 1000 = 0.4098952941596508
Training loss on iteration 1020 = 0.5362398475408554
Training loss on iteration 1040 = 0.45668181106448175
Training loss on iteration 1060 = 0.3515090011060238
Training loss on iteration 1080 = 0.3856988064944744
Training loss on iteration 1100 = 0.40206927955150606
Training loss on iteration 1120 = 0.35092661902308464
Training loss on iteration 1140 = 0.48379233218729495
Training loss on iteration 1160 = 0.41231043711304666
Training loss on iteration 1180 = 0.43334674537181855
Training loss on iteration 1200 = 0.46605490185320375
Training loss on iteration 1220 = 0.6107272431254387
Training loss on iteration 1240 = 0.3504581592977047
Training loss on iteration 1260 = 0.6040172085165978
Training loss on iteration 1280 = 0.6475489482283592
Training loss on iteration 1300 = 0.4758432894945145
Training loss on iteration 1320 = 0.5531194545328617
Training loss on iteration 1340 = 0.4620116792619228
Training loss on iteration 1360 = 0.5764160312712192
Training loss on iteration 1380 = 0.5033414974808693
Training loss on iteration 1400 = 0.44199604764580724
Training loss on iteration 1420 = 0.5132462553679943
Training loss on iteration 1440 = 0.510370510071516
Training loss on iteration 1460 = 0.46706297621130943
Training loss on iteration 1480 = 0.5233656667172909
### EVAL:: Epoch 18:: Loss = 0.3525412274566368 :: ACC = 0.8469631084303549, AUC = 0.687028149520998, EER = 0.3642867162294852
Training on epoch 19
Training loss on iteration 0 = 0.3287044167518616
Training loss on iteration 20 = 0.4462055370211601
Training loss on iteration 40 = 0.4639087677001953
Training loss on iteration 60 = 0.4929867133498192
Training loss on iteration 80 = 0.46442546769976617
Training loss on iteration 100 = 0.5155061051249504
Training loss on iteration 120 = 0.4947575286030769
Training loss on iteration 140 = 0.5201183393597603
Training loss on iteration 160 = 0.574952881038189
Training loss on iteration 180 = 0.6162777580320835
Training loss on iteration 200 = 0.5241496250033378
Training loss on iteration 220 = 0.5507355853915215
Training loss on iteration 240 = 0.46916344612836836
Training loss on iteration 260 = 0.5164452560245991
Training loss on iteration 280 = 0.4732270918786526
Training loss on iteration 300 = 0.5158782199025154
Training loss on iteration 320 = 0.4751847043633461
Training loss on iteration 340 = 0.559333224594593
Training loss on iteration 360 = 0.5408272683620453
Training loss on iteration 380 = 0.46787375770509243
Training loss on iteration 400 = 0.4523221366107464
Training loss on iteration 420 = 0.5376173704862595
Training loss on iteration 440 = 0.47882117703557014
Training loss on iteration 460 = 0.4963090538978577
Training loss on iteration 480 = 0.5586476415395737
Training loss on iteration 500 = 0.5140342265367508
Training loss on iteration 520 = 0.5298848308622837
Training loss on iteration 540 = 0.5175843939185143
Training loss on iteration 560 = 0.5732670269906521
Training loss on iteration 580 = 0.6060104012489319
Training loss on iteration 600 = 0.5941239044070243
Training loss on iteration 620 = 0.4318994045257568
Training loss on iteration 640 = 0.475171983987093
Training loss on iteration 660 = 0.5165966674685478
Training loss on iteration 680 = 0.4734475687146187
Training loss on iteration 700 = 0.5523437030613423
Training loss on iteration 720 = 0.4370617657899857
Training loss on iteration 740 = 0.4459486350417137
Training loss on iteration 760 = 0.5050159029662609
Training loss on iteration 780 = 0.5590734273195267
Training loss on iteration 800 = 0.5290372535586357
Training loss on iteration 820 = 0.5209145769476891
Training loss on iteration 840 = 0.5074699871242047
Training loss on iteration 860 = 0.5052555367350579
Training loss on iteration 880 = 0.4937420547008514
Training loss on iteration 900 = 0.581026366353035
Training loss on iteration 920 = 0.5746370196342468
Training loss on iteration 940 = 0.5428884834051132
Training loss on iteration 960 = 0.6276399686932563
Training loss on iteration 980 = 0.6092636711895466
Training loss on iteration 1000 = 0.6729478254914284
Training loss on iteration 1020 = 0.49965142235159876
Training loss on iteration 1040 = 0.526183633506298
Training loss on iteration 1060 = 0.5742916122078896
Training loss on iteration 1080 = 0.5170717462897301
Training loss on iteration 1100 = 0.4652850925922394
Training loss on iteration 1120 = 0.5129000104963779
Training loss on iteration 1140 = 0.5570373855531215
Training loss on iteration 1160 = 0.450150478631258
Training loss on iteration 1180 = 0.5189780339598655
Training loss on iteration 1200 = 0.550365737080574
Training loss on iteration 1220 = 0.5453030839562416
Training loss on iteration 1240 = 0.47456199377775193
Training loss on iteration 1260 = 0.5388466626405716
Training loss on iteration 1280 = 0.5469333469867707
Training loss on iteration 1300 = 0.35343036279082296
Training loss on iteration 1320 = 0.4340164303779602
Training loss on iteration 1340 = 0.5179354205727578
Training loss on iteration 1360 = 0.4720961421728134
Training loss on iteration 1380 = 0.5156054839491844
Training loss on iteration 1400 = 0.5104455716907979
Training loss on iteration 1420 = 0.45337076634168627
Training loss on iteration 1440 = 0.5025846503674984
Training loss on iteration 1460 = 0.45693483054637907
Training loss on iteration 1480 = 0.4559881594032049
### EVAL:: Epoch 19:: Loss = 0.4321736917692383 :: ACC = 0.7828587459671763, AUC = 0.5750165757816482, EER = 0.45476223874316174
Training on epoch 20
Training loss on iteration 0 = 0.3817293643951416
Training loss on iteration 20 = 0.5540286518633366
Training loss on iteration 40 = 0.5189875587821007
Training loss on iteration 60 = 0.5724108546972275
Training loss on iteration 80 = 0.4569795086979866
Training loss on iteration 100 = 0.37967674881219865
Training loss on iteration 120 = 0.48214649185538294
Training loss on iteration 140 = 0.499100835621357
Training loss on iteration 160 = 0.45767093673348425
Training loss on iteration 180 = 0.37936672046780584
Training loss on iteration 200 = 0.4233988806605339
Training loss on iteration 220 = 0.4404925599694252
Training loss on iteration 240 = 0.4985358163714409
Training loss on iteration 260 = 0.455616694688797
Training loss on iteration 280 = 0.45377180688083174
Training loss on iteration 300 = 0.5825477823615074
Training loss on iteration 320 = 0.5431175090372562
Training loss on iteration 340 = 0.5539564803242684
Training loss on iteration 360 = 0.37836905270814897
Training loss on iteration 380 = 0.5034043490886688
Training loss on iteration 400 = 0.4620976820588112
Training loss on iteration 420 = 0.5408657148480416
Training loss on iteration 440 = 0.5617732554674149
Training loss on iteration 460 = 0.4776311434805393
Training loss on iteration 480 = 0.4727042354643345
Training loss on iteration 500 = 0.5345160402357578
Training loss on iteration 520 = 0.4706809639930725
Training loss on iteration 540 = 0.5154785543680191
Training loss on iteration 560 = 0.49108675718307493
Training loss on iteration 580 = 0.5549533702433109
Training loss on iteration 600 = 0.5369970314204693
Training loss on iteration 620 = 0.569456247985363
Training loss on iteration 640 = 0.47333910316228867
Training loss on iteration 660 = 0.5965501636266708
Training loss on iteration 680 = 0.6088696330785751
Training loss on iteration 700 = 0.5015691861510276
Training loss on iteration 720 = 0.559020283818245
Training loss on iteration 740 = 0.5167441539466381
Training loss on iteration 760 = 0.6048584505915642
Training loss on iteration 780 = 0.4767925120890141
Training loss on iteration 800 = 0.5993541724979877
Training loss on iteration 820 = 0.5457633793354034
Training loss on iteration 840 = 0.5335698604583741
Training loss on iteration 860 = 0.5063824638724327
Training loss on iteration 880 = 0.4755352295935154
Training loss on iteration 900 = 0.5933600828051567
Training loss on iteration 920 = 0.5039100795984268
Training loss on iteration 940 = 0.6184254258871078
Training loss on iteration 960 = 0.6529019445180893
Training loss on iteration 980 = 0.540921451896429
Training loss on iteration 1000 = 0.5870338134467602
Training loss on iteration 1020 = 0.46593004912137986
Training loss on iteration 1040 = 0.5032734051346779
Training loss on iteration 1060 = 0.5014272972941398
Training loss on iteration 1080 = 0.47031348422169683
Training loss on iteration 1100 = 0.49087953120470046
Training loss on iteration 1120 = 0.4050506893545389
Training loss on iteration 1140 = 0.4241822212934494
Training loss on iteration 1160 = 0.5535063102841378
Training loss on iteration 1180 = 0.6662812747061253
Training loss on iteration 1200 = 0.4914707958698273
Training loss on iteration 1220 = 0.6125257819890976
Training loss on iteration 1240 = 0.47166033238172533
Training loss on iteration 1260 = 0.4393009178340435
Training loss on iteration 1280 = 0.437054680660367
Training loss on iteration 1300 = 0.5239406995475292
Training loss on iteration 1320 = 0.4550424560904503
Training loss on iteration 1340 = 0.5505514979362488
Training loss on iteration 1360 = 0.4723093159496784
Training loss on iteration 1380 = 0.48030344769358635
Training loss on iteration 1400 = 0.43922309279441835
Training loss on iteration 1420 = 0.5063579201698303
Training loss on iteration 1440 = 0.5314168997108937
Training loss on iteration 1460 = 0.49512204676866534
Training loss on iteration 1480 = 0.787518322467804
### EVAL:: Epoch 20:: Loss = 0.5004662272649677 :: ACC = 0.7569084023004629, AUC = 0.8161584027087456, EER = 0.2571188104923552
### Out of domain:: Best epoch 10 :: ACC = 0.915, AUC = 0.9579556666666666, EER = 0.11066666666666666
recorded: {'exp_name': 'crosslingual_septr_r02', 'model': 'septr', 'train': 'commonvoice-ar,commonvoice-de,commonvoice-ro,commonvoice-ru,commonvoice-es', 'test': 'commonvoice-en,commonvoice-zh', 'in_acc': 0.9315472015710479, 'in_auc': 0.9587706195748467, 'in_eer': 0.10744844999298639, 'cross_acc': 0.915, 'cross_auc': 0.9579556666666666, 'cross_eer': 0.11066666666666666}
root_path: /project/home/p201284/guo/xmad_data/
multilingual: True  model check for config: /project/home/p201284/guo/xmad-bench-repro/repro_tools/stepB/configs_crosslingual/config_crosslingual_septr.json

  OK  commonvoice-ar       rows=76602    sep=','
  OK  commonvoice-de       rows=14934    sep=','
  OK  commonvoice-ro       rows=30820    sep=','
  OK  commonvoice-ru       rows=67444    sep=','
  OK  commonvoice-es       rows=12694    sep=','
  OK  commonvoice-en       rows=96368    sep=','
  OK  commonvoice-zh       rows=13776    sep=','

PRE-FLIGHT PASSED — data layout looks correct for this config.

=== RUN crosslingual_septr_r03 (model=septr) ===
commonvoice-ar
commonvoice-de
commonvoice-ro
commonvoice-ru
commonvoice-es
commonvoice-ar
commonvoice-de
commonvoice-ro
commonvoice-ru
commonvoice-es
  [at-most] commonvoice-es: requested 1500 real samples, only 1129 available in this split - using 1129
Training on epoch 1
Training loss on iteration 0 = 0.6432750225067139
Training loss on iteration 20 = 1.5926570922136307
Training loss on iteration 40 = 0.7180877834558487
Training loss on iteration 60 = 0.6953567862510681
Training loss on iteration 80 = 0.7134111672639847
Training loss on iteration 100 = 0.7794647008180619
Training loss on iteration 120 = 0.7220104902982711
Training loss on iteration 140 = 0.6223672300577163
Training loss on iteration 160 = 0.742707745730877
Training loss on iteration 180 = 0.8629492491483688
Training loss on iteration 200 = 0.7733801633119584
Training loss on iteration 220 = 0.68997443318367
Training loss on iteration 240 = 0.6982425898313522
Training loss on iteration 260 = 0.5997758090496064
Training loss on iteration 280 = 0.6807706207036972
Training loss on iteration 300 = 0.6793159484863281
Training loss on iteration 320 = 0.7822372421622277
Training loss on iteration 340 = 0.6622226446866989
Training loss on iteration 360 = 0.557832682132721
Training loss on iteration 380 = 0.6495180636644363
Training loss on iteration 400 = 0.587320302426815
Training loss on iteration 420 = 0.6267569124698639
Training loss on iteration 440 = 0.5668656766414643
Training loss on iteration 460 = 0.6121446251869201
Training loss on iteration 480 = 0.6750981912016869
Training loss on iteration 500 = 0.5650627627968788
Training loss on iteration 520 = 0.5731118470430374
Training loss on iteration 540 = 0.649948550760746
Training loss on iteration 560 = 0.5853984221816063
Training loss on iteration 580 = 0.534034663438797
Training loss on iteration 600 = 0.5026067305356264
Training loss on iteration 620 = 0.49221866577863693
Training loss on iteration 640 = 0.6088297393172979
Training loss on iteration 660 = 0.5794476762413978
Training loss on iteration 680 = 0.5066635861992836
Training loss on iteration 700 = 0.4368820279836655
Training loss on iteration 720 = 0.5053041592240334
Training loss on iteration 740 = 0.47752792611718176
Training loss on iteration 760 = 0.4400778241455555
Training loss on iteration 780 = 0.4000151060521603
Training loss on iteration 800 = 0.45316502563655375
Training loss on iteration 820 = 0.39897855594754217
Training loss on iteration 840 = 0.424994121491909
Training loss on iteration 860 = 0.5855167657136917
Training loss on iteration 880 = 0.4273063473403454
Training loss on iteration 900 = 0.4208422347903252
Training loss on iteration 920 = 0.43856216594576836
Training loss on iteration 940 = 0.4187465041875839
Training loss on iteration 960 = 0.5076258718967438
Training loss on iteration 980 = 0.5637559503316879
Training loss on iteration 1000 = 0.4688581444323063
Training loss on iteration 1020 = 0.48699657022953036
Training loss on iteration 1040 = 0.39457212537527087
Training loss on iteration 1060 = 0.36894134134054185
Training loss on iteration 1080 = 0.4290761847048998
Training loss on iteration 1100 = 0.39989928230643274
Training loss on iteration 1120 = 0.45296168215572835
Training loss on iteration 1140 = 0.3811336524784565
Training loss on iteration 1160 = 0.28080312721431255
Training loss on iteration 1180 = 0.39154587090015414
Training loss on iteration 1200 = 0.47231087237596514
Training loss on iteration 1220 = 0.43514988496899604
Training loss on iteration 1240 = 0.4022324113175273
Training loss on iteration 1260 = 0.44926600009202955
Training loss on iteration 1280 = 0.43490513414144516
Training loss on iteration 1300 = 0.38355779368430376
Training loss on iteration 1320 = 0.4455118849873543
Training loss on iteration 1340 = 0.35805668458342554
Training loss on iteration 1360 = 0.38386331498622894
Training loss on iteration 1380 = 0.3241947297006845
Training loss on iteration 1400 = 0.37715561538934705
Training loss on iteration 1420 = 0.4208966728299856
Training loss on iteration 1440 = 0.4463294494897127
Training loss on iteration 1460 = 0.3427494511008263
Training loss on iteration 1480 = 0.3673496961593628
### EVAL:: Epoch 1:: Loss = 0.24215525800916468 :: ACC = 0.9105765184457848, AUC = 0.9684185144963244, EER = 0.09398232571188105
Training on epoch 2
Training loss on iteration 0 = 0.4596439003944397
Training loss on iteration 20 = 0.45230608694255353
Training loss on iteration 40 = 0.38385064266622065
Training loss on iteration 60 = 0.43609473630785944
Training loss on iteration 80 = 0.40175853930413724
Training loss on iteration 100 = 0.4012750878930092
Training loss on iteration 120 = 0.4490704994648695
Training loss on iteration 140 = 0.3944878548383713
Training loss on iteration 160 = 0.3417268626391888
Training loss on iteration 180 = 0.31364103592932224
Training loss on iteration 200 = 0.3058225832879543
Training loss on iteration 220 = 0.4159009039402008
Training loss on iteration 240 = 0.3609437201172113
Training loss on iteration 260 = 0.38412140794098376
Training loss on iteration 280 = 0.3637708079069853
Training loss on iteration 300 = 0.2982447907328606
Training loss on iteration 320 = 0.26760809049010276
Training loss on iteration 340 = 0.23461152520030737
Training loss on iteration 360 = 0.406386539619416
Training loss on iteration 380 = 0.39967562854290006
Training loss on iteration 400 = 0.47047904655337336
Training loss on iteration 420 = 0.4441368173807859
Training loss on iteration 440 = 0.3189908625558019
Training loss on iteration 460 = 0.3876424070447683
Training loss on iteration 480 = 0.3183704286813736
Training loss on iteration 500 = 0.36673138607293365
Training loss on iteration 520 = 0.35590956062078477
Training loss on iteration 540 = 0.3943200372159481
Training loss on iteration 560 = 0.368396158516407
Training loss on iteration 580 = 0.3864304262213409
Training loss on iteration 600 = 0.3496562514454126
Training loss on iteration 620 = 0.2608446467667818
Training loss on iteration 640 = 0.35540873035788534
Training loss on iteration 660 = 0.2724088229238987
Training loss on iteration 680 = 0.4689991556107998
Training loss on iteration 700 = 0.3338297575712204
Training loss on iteration 720 = 0.33066385313868524
Training loss on iteration 740 = 0.3129987735301256
Training loss on iteration 760 = 0.35357303861528633
Training loss on iteration 780 = 0.30857344791293145
Training loss on iteration 800 = 0.3600616954267025
Training loss on iteration 820 = 0.3679422691464424
Training loss on iteration 840 = 0.4049550354480743
Training loss on iteration 860 = 0.31714661456644533
Training loss on iteration 880 = 0.30913194864988325
Training loss on iteration 900 = 0.3818248651921749
Training loss on iteration 920 = 0.34041163586080075
Training loss on iteration 940 = 0.3941944785416126
Training loss on iteration 960 = 0.28895533215254543
Training loss on iteration 980 = 0.36053717620670794
Training loss on iteration 1000 = 0.2861682366579771
Training loss on iteration 1020 = 0.3578666431829333
Training loss on iteration 1040 = 0.287499089166522
Training loss on iteration 1060 = 0.3420873139053583
Training loss on iteration 1080 = 0.4017573855817318
Training loss on iteration 1100 = 0.35547149516642096
Training loss on iteration 1120 = 0.2538688013330102
Training loss on iteration 1140 = 0.2677890010178089
Training loss on iteration 1160 = 0.5125320851802826
Training loss on iteration 1180 = 0.30930988285690547
Training loss on iteration 1200 = 0.31679495675489305
Training loss on iteration 1220 = 0.34685388654470445
Training loss on iteration 1240 = 0.24778550397604704
Training loss on iteration 1260 = 0.46009715255349876
Training loss on iteration 1280 = 0.31705824956297873
Training loss on iteration 1300 = 0.27530210502445696
Training loss on iteration 1320 = 0.3344979614019394
Training loss on iteration 1340 = 0.3154625196009874
Training loss on iteration 1360 = 0.3548408322036266
Training loss on iteration 1380 = 0.2937394749373198
Training loss on iteration 1400 = 0.3308512452989817
Training loss on iteration 1420 = 0.2450194140896201
Training loss on iteration 1440 = 0.29867286533117293
Training loss on iteration 1460 = 0.3229588609188795
Training loss on iteration 1480 = 0.30762054696679114
### EVAL:: Epoch 2:: Loss = 0.2221126916038191 :: ACC = 0.9135923691962408, AUC = 0.9776850242788445, EER = 0.08177865058212933
Training on epoch 3
Training loss on iteration 0 = 0.3758763372898102
Training loss on iteration 20 = 0.33432929664850236
Training loss on iteration 40 = 0.3268523136153817
Training loss on iteration 60 = 0.20691525246948003
Training loss on iteration 80 = 0.2873604467138648
Training loss on iteration 100 = 0.27665824759751556
Training loss on iteration 120 = 0.3588499382138252
Training loss on iteration 140 = 0.38651365898549556
Training loss on iteration 160 = 0.2844521950930357
Training loss on iteration 180 = 0.30163938775658605
Training loss on iteration 200 = 0.2844772532582283
Training loss on iteration 220 = 0.39709662143141033
Training loss on iteration 240 = 0.31895458344370126
Training loss on iteration 260 = 0.3393397020176053
Training loss on iteration 280 = 0.2834198247641325
Training loss on iteration 300 = 0.28993415683507917
Training loss on iteration 320 = 0.2849448645487428
Training loss on iteration 340 = 0.28642911799252035
Training loss on iteration 360 = 0.22776466659270228
Training loss on iteration 380 = 0.2622877064161003
Training loss on iteration 400 = 0.2992276638746262
Training loss on iteration 420 = 0.2711596855893731
Training loss on iteration 440 = 0.31284514237195254
Training loss on iteration 460 = 0.2546673623844981
Training loss on iteration 480 = 0.27582211922854183
Training loss on iteration 500 = 0.267382313683629
Training loss on iteration 520 = 0.2710653250105679
Training loss on iteration 540 = 0.2735192243009806
Training loss on iteration 560 = 0.28896439373493193
Training loss on iteration 580 = 0.295069807395339
Training loss on iteration 600 = 0.27115719094872476
Training loss on iteration 620 = 0.3226519262418151
Training loss on iteration 640 = 0.2558247776702046
Training loss on iteration 660 = 0.20804664436727763
Training loss on iteration 680 = 0.27593716527335344
Training loss on iteration 700 = 0.3460625186562538
Training loss on iteration 720 = 0.22398767806589603
Training loss on iteration 740 = 0.4021562375128269
Training loss on iteration 760 = 0.2923922587186098
Training loss on iteration 780 = 0.22106372173875571
Training loss on iteration 800 = 0.24425080455839634
Training loss on iteration 820 = 0.3266143649816513
Training loss on iteration 840 = 0.3046740058809519
Training loss on iteration 860 = 0.3303650595247746
Training loss on iteration 880 = 0.20101490747183562
Training loss on iteration 900 = 0.2564377711154521
Training loss on iteration 920 = 0.22361502181738616
Training loss on iteration 940 = 0.17736929641105234
Training loss on iteration 960 = 0.21874376544728874
Training loss on iteration 980 = 0.27545522768050434
Training loss on iteration 1000 = 0.28049229849129914
Training loss on iteration 1020 = 0.14110705330967904
Training loss on iteration 1040 = 0.32706608045846225
Training loss on iteration 1060 = 0.20832547838799656
Training loss on iteration 1080 = 0.14934041942469775
Training loss on iteration 1100 = 0.3166050877422094
Training loss on iteration 1120 = 0.35561605636030436
Training loss on iteration 1140 = 0.23362041786313056
Training loss on iteration 1160 = 0.32027749828994273
Training loss on iteration 1180 = 0.2199954147450626
Training loss on iteration 1200 = 0.21085954462178053
Training loss on iteration 1220 = 0.2207040694076568
Training loss on iteration 1240 = 0.2737814776599407
Training loss on iteration 1260 = 0.2346118526533246
Training loss on iteration 1280 = 0.41100079342722895
Training loss on iteration 1300 = 0.2733304787427187
Training loss on iteration 1320 = 0.2007013840600848
Training loss on iteration 1340 = 0.21557737414259465
Training loss on iteration 1360 = 0.20759619679301977
Training loss on iteration 1380 = 0.2496629361063242
Training loss on iteration 1400 = 0.2582688983529806
Training loss on iteration 1420 = 0.25966274496167896
Training loss on iteration 1440 = 0.18985103946179152
Training loss on iteration 1460 = 0.26230617258697747
Training loss on iteration 1480 = 0.1774273502640426
### EVAL:: Epoch 3:: Loss = 0.09701772338931881 :: ACC = 0.9649319680179548, AUC = 0.9945257075483348, EER = 0.035208304109973346
Training on epoch 4
Training loss on iteration 0 = 0.17024511098861694
Training loss on iteration 20 = 0.22192493313923478
Training loss on iteration 40 = 0.27187142968177797
Training loss on iteration 60 = 0.22912902776151894
Training loss on iteration 80 = 0.18452804423868657
Training loss on iteration 100 = 0.2052222135476768
Training loss on iteration 120 = 0.22860056636855006
Training loss on iteration 140 = 0.27182303071022035
Training loss on iteration 160 = 0.16243379143998027
Training loss on iteration 180 = 0.1832092680968344
Training loss on iteration 200 = 0.19528241504449398
Training loss on iteration 220 = 0.2419961942359805
Training loss on iteration 240 = 0.34857401847839353
Training loss on iteration 260 = 0.24261426348239185
Training loss on iteration 280 = 0.3397172449156642
Training loss on iteration 300 = 0.23165775276720524
Training loss on iteration 320 = 0.25568758994340895
Training loss on iteration 340 = 0.16847892720252275
Training loss on iteration 360 = 0.2688776555936784
Training loss on iteration 380 = 0.22115521654486656
Training loss on iteration 400 = 0.16770179457962514
Training loss on iteration 420 = 0.14401586283929646
Training loss on iteration 440 = 0.2789645773358643
Training loss on iteration 460 = 0.24906670730561017
Training loss on iteration 480 = 0.2220925610512495
Training loss on iteration 500 = 0.16075541069731117
Training loss on iteration 520 = 0.15179484421387315
Training loss on iteration 540 = 0.256144408788532
Training loss on iteration 560 = 0.1518597655929625
Training loss on iteration 580 = 0.17927423929795622
Training loss on iteration 600 = 0.1862951616756618
Training loss on iteration 620 = 0.2511553706601262
Training loss on iteration 640 = 0.24374505560845136
Training loss on iteration 660 = 0.12391756707802415
Training loss on iteration 680 = 0.23353368863463403
Training loss on iteration 700 = 0.17523748464882374
Training loss on iteration 720 = 0.15931564182974398
Training loss on iteration 740 = 0.17189987041056157
Training loss on iteration 760 = 0.1570458789356053
Training loss on iteration 780 = 0.18142880480736495
Training loss on iteration 800 = 0.20496025681495667
Training loss on iteration 820 = 0.2993455272633582
Training loss on iteration 840 = 0.20790898143313824
Training loss on iteration 860 = 0.19000298543833197
Training loss on iteration 880 = 0.17994093701709063
Training loss on iteration 900 = 0.16411543525755407
Training loss on iteration 920 = 0.17472970677772537
Training loss on iteration 940 = 0.11231495060492307
Training loss on iteration 960 = 0.19621132211759687
Training loss on iteration 980 = 0.24619980789721013
Training loss on iteration 1000 = 0.24460461884737014
Training loss on iteration 1020 = 0.3087017353624105
Training loss on iteration 1040 = 0.34157197289168834
Training loss on iteration 1060 = 0.15262304488569498
Training loss on iteration 1080 = 0.19140092171728612
Training loss on iteration 1100 = 0.20126900295726954
Training loss on iteration 1120 = 0.2209629848599434
Training loss on iteration 1140 = 0.1602950317785144
Training loss on iteration 1160 = 0.260108707100153
Training loss on iteration 1180 = 0.2087887167930603
Training loss on iteration 1200 = 0.13571698624873535
Training loss on iteration 1220 = 0.2255648617632687
Training loss on iteration 1240 = 0.3577729623764753
Training loss on iteration 1260 = 0.1567119278945029
Training loss on iteration 1280 = 0.26235508397221563
Training loss on iteration 1300 = 0.21828295257873834
Training loss on iteration 1320 = 0.2328085948713124
Training loss on iteration 1340 = 0.14052690071985124
Training loss on iteration 1360 = 0.21550742364488543
Training loss on iteration 1380 = 0.18269782019779085
Training loss on iteration 1400 = 0.2871173838153481
Training loss on iteration 1420 = 0.16475984782446176
Training loss on iteration 1440 = 0.22602010052651167
Training loss on iteration 1460 = 0.39595437329262495
Training loss on iteration 1480 = 0.18795012505725026
### EVAL:: Epoch 4:: Loss = 0.1686489504109168 :: ACC = 0.9384205358395287, AUC = 0.9831199248382232, EER = 0.06634871651002945
Training on epoch 5
Training loss on iteration 0 = 0.33447957038879395
Training loss on iteration 20 = 0.21515379585325717
Training loss on iteration 40 = 0.2491956959478557
Training loss on iteration 60 = 0.3377539244480431
Training loss on iteration 80 = 0.32312817573547364
Training loss on iteration 100 = 0.19901618883013725
Training loss on iteration 120 = 0.31326641235500574
Training loss on iteration 140 = 0.26927036643028257
Training loss on iteration 160 = 0.4348572600632906
Training loss on iteration 180 = 0.28086569532752037
Training loss on iteration 200 = 0.28233255138620733
Training loss on iteration 220 = 0.19164977353066207
Training loss on iteration 240 = 0.24411822035908698
Training loss on iteration 260 = 0.23053361428901553
Training loss on iteration 280 = 0.25180064253509044
Training loss on iteration 300 = 0.2872968968003988
Training loss on iteration 320 = 0.3602773905964568
Training loss on iteration 340 = 0.1974399134516716
Training loss on iteration 360 = 0.21533139422535896
Training loss on iteration 380 = 0.25846827365458014
Training loss on iteration 400 = 0.23403769675642253
Training loss on iteration 420 = 0.17127053188160063
Training loss on iteration 440 = 0.30367945819161835
Training loss on iteration 460 = 0.25808960683643817
Training loss on iteration 480 = 0.23408570252358912
Training loss on iteration 500 = 0.2740280095487833
Training loss on iteration 520 = 0.15990643184632064
Training loss on iteration 540 = 0.3516150124371052
Training loss on iteration 560 = 0.3542162723839283
Training loss on iteration 580 = 0.308029069006443
Training loss on iteration 600 = 0.23264759518206118
Training loss on iteration 620 = 0.12473107064142823
Training loss on iteration 640 = 0.2361928155180067
Training loss on iteration 660 = 0.3176648635417223
Training loss on iteration 680 = 0.2468008203431964
Training loss on iteration 700 = 0.23886140752583743
Training loss on iteration 720 = 0.26546558951959015
Training loss on iteration 740 = 0.24817481748759745
Training loss on iteration 760 = 0.27909828554838895
Training loss on iteration 780 = 0.2847076838836074
Training loss on iteration 800 = 0.25270810201764105
Training loss on iteration 820 = 0.24556367322802544
Training loss on iteration 840 = 0.23103888090699912
Training loss on iteration 860 = 0.19802843276411294
Training loss on iteration 880 = 0.2137225078418851
Training loss on iteration 900 = 0.2686693649739027
Training loss on iteration 920 = 0.20016972608864309
Training loss on iteration 940 = 0.26640237495303154
Training loss on iteration 960 = 0.3069699190557003
Training loss on iteration 980 = 0.1855624658986926
Training loss on iteration 1000 = 0.27702548652887343
Training loss on iteration 1020 = 0.28663337472826245
Training loss on iteration 1040 = 0.34571257680654527
Training loss on iteration 1060 = 0.233445196878165
Training loss on iteration 1080 = 0.3052968082949519
Training loss on iteration 1100 = 0.3430510708130896
Training loss on iteration 1120 = 0.22284600511193275
Training loss on iteration 1140 = 0.2154832947999239
Training loss on iteration 1160 = 0.2277372969314456
Training loss on iteration 1180 = 0.3103011490777135
Training loss on iteration 1200 = 0.23435696475207807
Training loss on iteration 1220 = 0.2267762592062354
Training loss on iteration 1240 = 0.23379436107352375
Training loss on iteration 1260 = 0.3159393047913909
Training loss on iteration 1280 = 0.2756153175607324
Training loss on iteration 1300 = 0.44136701747775076
Training loss on iteration 1320 = 0.32175971381366253
Training loss on iteration 1340 = 0.29504233356565235
Training loss on iteration 1360 = 0.2523363070562482
Training loss on iteration 1380 = 0.22121020015329124
Training loss on iteration 1400 = 0.20660203639417887
Training loss on iteration 1420 = 0.30277410205453636
Training loss on iteration 1440 = 0.2179726380854845
Training loss on iteration 1460 = 0.21220125500112771
Training loss on iteration 1480 = 0.24099563751369715
### EVAL:: Epoch 5:: Loss = 0.41450441468570404 :: ACC = 0.7995511291906299, AUC = 0.9845900471799567, EER = 0.06508626735867583
Training on epoch 6
Training loss on iteration 0 = 0.45352140069007874
Training loss on iteration 20 = 0.17531786449253559
Training loss on iteration 40 = 0.201391177251935
Training loss on iteration 60 = 0.4577481681481004
Training loss on iteration 80 = 0.3084369895979762
Training loss on iteration 100 = 0.27008954947814345
Training loss on iteration 120 = 0.2502121031284332
Training loss on iteration 140 = 0.31107962373644116
Training loss on iteration 160 = 0.29536239374428985
Training loss on iteration 180 = 0.24343160800635816
Training loss on iteration 200 = 0.38355341367423534
Training loss on iteration 220 = 0.25538613917306063
Training loss on iteration 240 = 0.22779931277036666
Training loss on iteration 260 = 0.222609081864357
Training loss on iteration 280 = 0.20210135355591774
Training loss on iteration 300 = 0.38556611016392706
Training loss on iteration 320 = 0.36816799081861973
Training loss on iteration 340 = 0.4599452134221792
Training loss on iteration 360 = 0.3210018057376146
Training loss on iteration 380 = 0.290370312333107
Training loss on iteration 400 = 0.24448782652616502
Training loss on iteration 420 = 0.2903098613023758
Training loss on iteration 440 = 0.25475204437971116
Training loss on iteration 460 = 0.22520196717232466
Training loss on iteration 480 = 0.27602595519274475
Training loss on iteration 500 = 0.2744959411211312
Training loss on iteration 520 = 0.3612793441861868
Training loss on iteration 540 = 0.2590707644820213
Training loss on iteration 560 = 0.35816712602972983
Training loss on iteration 580 = 0.30282780416309835
Training loss on iteration 600 = 0.27991032749414446
Training loss on iteration 620 = 0.3588689614087343
Training loss on iteration 640 = 0.23734406605362893
Training loss on iteration 660 = 0.2729238947853446
Training loss on iteration 680 = 0.27051726039499047
Training loss on iteration 700 = 0.24935475457459688
Training loss on iteration 720 = 0.37003306597471236
Training loss on iteration 740 = 0.31665107207372784
Training loss on iteration 760 = 0.24449626430869104
Training loss on iteration 780 = 0.2875695988535881
Training loss on iteration 800 = 0.3814857302233577
Training loss on iteration 820 = 0.2530678639188409
Training loss on iteration 840 = 0.1848131835460663
Training loss on iteration 860 = 0.3814979173243046
Training loss on iteration 880 = 0.3868559762835503
Training loss on iteration 900 = 0.3606328942812979
Training loss on iteration 920 = 0.25556580936536194
Training loss on iteration 940 = 0.28131231302395465
Training loss on iteration 960 = 0.223975782841444
Training loss on iteration 980 = 0.4142274189740419
Training loss on iteration 1000 = 0.26990636736154555
Training loss on iteration 1020 = 0.18241263469681143
Training loss on iteration 1040 = 0.40222252570092676
Training loss on iteration 1060 = 0.2581630814820528
Training loss on iteration 1080 = 0.24151907935738565
Training loss on iteration 1100 = 0.2778764104470611
Training loss on iteration 1120 = 0.3657994017004967
Training loss on iteration 1140 = 0.22903756462037564
Training loss on iteration 1160 = 0.35334801897406576
Training loss on iteration 1180 = 0.20305634159594774
Training loss on iteration 1200 = 0.4359571225941181
Training loss on iteration 1220 = 0.27945807091891767
Training loss on iteration 1240 = 0.3215952530503273
Training loss on iteration 1260 = 0.2990273106843233
Training loss on iteration 1280 = 0.31237212885171173
Training loss on iteration 1300 = 0.22435635551810265
Training loss on iteration 1320 = 0.2886688308790326
Training loss on iteration 1340 = 0.18325720727443695
Training loss on iteration 1360 = 0.23619648413732647
Training loss on iteration 1380 = 0.31610993165522816
Training loss on iteration 1400 = 0.16593055566772819
Training loss on iteration 1420 = 0.27714177798479794
Training loss on iteration 1440 = 0.33088362738490107
Training loss on iteration 1460 = 0.15214076228439807
Training loss on iteration 1480 = 0.22326630204916
### EVAL:: Epoch 6:: Loss = 0.1718644491589494 :: ACC = 0.9304951606115864, AUC = 0.983718339233886, EER = 0.06564735587038856
Training on epoch 7
Training loss on iteration 0 = 0.10453332960605621
Training loss on iteration 20 = 0.26710438886657356
Training loss on iteration 40 = 0.2801990810781717
Training loss on iteration 60 = 0.27988606616854667
Training loss on iteration 80 = 0.24215697795152663
Training loss on iteration 100 = 0.31736822314560414
Training loss on iteration 120 = 0.21888146530836822
Training loss on iteration 140 = 0.28384020626544954
Training loss on iteration 160 = 0.24916861690580844
Training loss on iteration 180 = 0.3600572865456343
Training loss on iteration 200 = 0.21896484419703482
Training loss on iteration 220 = 0.23311289269477128
Training loss on iteration 240 = 0.254595148563385
Training loss on iteration 260 = 0.17073416719213128
Training loss on iteration 280 = 0.21061735479161142
Training loss on iteration 300 = 0.39081480354070663
Training loss on iteration 320 = 0.29764335667714475
Training loss on iteration 340 = 0.31163515988737345
Training loss on iteration 360 = 0.27401820532977583
Training loss on iteration 380 = 0.27057569809257986
Training loss on iteration 400 = 0.3755665248259902
Training loss on iteration 420 = 0.25931851333007216
Training loss on iteration 440 = 0.28425517939031125
Training loss on iteration 460 = 0.25593979340046646
Training loss on iteration 480 = 0.25096250493079425
Training loss on iteration 500 = 0.257609549164772
Training loss on iteration 520 = 0.27890249975025655
Training loss on iteration 540 = 0.2909786382690072
Training loss on iteration 560 = 0.28403831627219917
Training loss on iteration 580 = 0.372757450863719
Training loss on iteration 600 = 0.4634186739102006
Training loss on iteration 620 = 0.29415871649980546
Training loss on iteration 640 = 0.3196899268776178
Training loss on iteration 660 = 0.2522796791046858
Training loss on iteration 680 = 0.22870051711797715
Training loss on iteration 700 = 0.2905936107039452
Training loss on iteration 720 = 0.25247792797163127
Training loss on iteration 740 = 0.3871686955913901
Training loss on iteration 760 = 0.28736919686198237
Training loss on iteration 780 = 0.22546892771497368
Training loss on iteration 800 = 0.200202913954854
Training loss on iteration 820 = 0.3102937648072839
Training loss on iteration 840 = 0.2345503866672516
Training loss on iteration 860 = 0.2504570124670863
Training loss on iteration 880 = 0.3553904589265585
Training loss on iteration 900 = 0.2377682339400053
Training loss on iteration 920 = 0.1737657066434622
Training loss on iteration 940 = 0.27120276968926194
Training loss on iteration 960 = 0.2547782177105546
Training loss on iteration 980 = 0.38921987265348434
Training loss on iteration 1000 = 0.2784746862947941
Training loss on iteration 1020 = 0.25748614612966775
Training loss on iteration 1040 = 0.33423346281051636
Training loss on iteration 1060 = 0.25222779558971525
Training loss on iteration 1080 = 0.21923686265945436
Training loss on iteration 1100 = 0.34363302669953555
Training loss on iteration 1120 = 0.25103686535730957
Training loss on iteration 1140 = 0.3152267137542367
Training loss on iteration 1160 = 0.26280288603156804
Training loss on iteration 1180 = 0.24248101785779
Training loss on iteration 1200 = 0.2188715621829033
Training loss on iteration 1220 = 0.1793481631204486
Training loss on iteration 1240 = 0.22563998010009528
Training loss on iteration 1260 = 0.24112378852441907
Training loss on iteration 1280 = 0.2533391501754522
Training loss on iteration 1300 = 0.22145359320566058
Training loss on iteration 1320 = 0.39015613198280336
Training loss on iteration 1340 = 0.2429052921012044
Training loss on iteration 1360 = 0.2882529150694609
Training loss on iteration 1380 = 0.2622613461688161
Training loss on iteration 1400 = 0.3666686836630106
Training loss on iteration 1420 = 0.5652770832180977
Training loss on iteration 1440 = 0.3509766861796379
Training loss on iteration 1460 = 0.3253842078149319
Training loss on iteration 1480 = 0.36342213302850723
### EVAL:: Epoch 7:: Loss = 0.2454791961751779 :: ACC = 0.8993547482115304, AUC = 0.964722592830231, EER = 0.09861130593351101
Training on epoch 8
Training loss on iteration 0 = 0.5519364476203918
Training loss on iteration 20 = 0.37708935476839545
Training loss on iteration 40 = 0.43336338084191084
Training loss on iteration 60 = 0.34476804099977015
Training loss on iteration 80 = 0.301048481836915
Training loss on iteration 100 = 0.2965347908437252
Training loss on iteration 120 = 0.2529323060065508
Training loss on iteration 140 = 0.3354894656687975
Training loss on iteration 160 = 0.3274596270173788
Training loss on iteration 180 = 0.31010645553469657
Training loss on iteration 200 = 0.3343789163976908
Training loss on iteration 220 = 0.2609269481152296
Training loss on iteration 240 = 0.33651323691010476
Training loss on iteration 260 = 0.4130370024591684
Training loss on iteration 280 = 0.43331454917788503
Training loss on iteration 300 = 0.3794638792052865
Training loss on iteration 320 = 0.36114205569028857
Training loss on iteration 340 = 0.3492956213653088
Training loss on iteration 360 = 0.27662872411310674
Training loss on iteration 380 = 0.29582213908433913
Training loss on iteration 400 = 0.44744770638644693
Training loss on iteration 420 = 0.37693496197462084
Training loss on iteration 440 = 0.31969060339033606
Training loss on iteration 460 = 0.2996536623686552
Training loss on iteration 480 = 0.3383160106837749
Training loss on iteration 500 = 0.36400875002145766
Training loss on iteration 520 = 0.4246229939162731
Training loss on iteration 540 = 0.38578175008296967
Training loss on iteration 560 = 0.4039601616561413
Training loss on iteration 580 = 0.5116788979619742
Training loss on iteration 600 = 0.8968478828668595
Training loss on iteration 620 = 0.42303424030542375
Training loss on iteration 640 = 0.48392833955585957
Training loss on iteration 660 = 0.5333827018737793
Training loss on iteration 680 = 0.4647753149271011
Training loss on iteration 700 = 0.43772056326270103
Training loss on iteration 720 = 0.2979775762185454
Training loss on iteration 740 = 0.5952327616512776
Training loss on iteration 760 = 0.3480276525020599
Training loss on iteration 780 = 0.3566017832607031
Training loss on iteration 800 = 0.42459763735532763
Training loss on iteration 820 = 0.3622277922928333
Training loss on iteration 840 = 0.44106429666280744
Training loss on iteration 860 = 0.3989323012530804
Training loss on iteration 880 = 0.31940952129662037
Training loss on iteration 900 = 0.4426480531692505
Training loss on iteration 920 = 0.38530001863837243
Training loss on iteration 940 = 0.3260808181017637
Training loss on iteration 960 = 0.3341096308082342
Training loss on iteration 980 = 0.5492887817323208
Training loss on iteration 1000 = 0.5140609696507454
Training loss on iteration 1020 = 0.5388013839721679
Training loss on iteration 1040 = 0.40714471489191056
Training loss on iteration 1060 = 0.5055753514170647
Training loss on iteration 1080 = 0.5106822326779366
Training loss on iteration 1100 = 0.5320987425744533
Training loss on iteration 1120 = 0.42309405878186224
Training loss on iteration 1140 = 0.47712732553482057
Training loss on iteration 1160 = 0.37428072579205035
Training loss on iteration 1180 = 0.3954367993399501
Training loss on iteration 1200 = 0.39879102893173696
Training loss on iteration 1220 = 0.5828903302550316
Training loss on iteration 1240 = 0.37040806859731673
Training loss on iteration 1260 = 0.4884387649595737
Training loss on iteration 1280 = 0.4202287934720516
Training loss on iteration 1300 = 0.4362560287117958
Training loss on iteration 1320 = 0.38396702110767367
Training loss on iteration 1340 = 0.41128681749105456
Training loss on iteration 1360 = 0.37691290453076365
Training loss on iteration 1380 = 0.4287690207362175
Training loss on iteration 1400 = 0.4338545385748148
Training loss on iteration 1420 = 0.40755544528365134
Training loss on iteration 1440 = 0.30214962400496004
Training loss on iteration 1460 = 0.30280245542526246
Training loss on iteration 1480 = 0.38850145488977433
### EVAL:: Epoch 8:: Loss = 0.2957075344333961 :: ACC = 0.8675831112357975, AUC = 0.9517689173217109, EER = 0.12035348576237902
Training on epoch 9
Training loss on iteration 0 = 0.6615397334098816
Training loss on iteration 20 = 0.48541826456785203
Training loss on iteration 40 = 0.35648930687457325
Training loss on iteration 60 = 0.36293674930930137
Training loss on iteration 80 = 0.31774004697799685
Training loss on iteration 100 = 0.35165504068136216
Training loss on iteration 120 = 0.3793812833726406
Training loss on iteration 140 = 0.4380515284836292
Training loss on iteration 160 = 0.27619815059006214
Training loss on iteration 180 = 0.4772366568446159
Training loss on iteration 200 = 0.3894328698515892
Training loss on iteration 220 = 0.436711098998785
Training loss on iteration 240 = 0.37399192396551373
Training loss on iteration 260 = 0.3659058608114719
Training loss on iteration 280 = 0.36224804259836674
Training loss on iteration 300 = 0.4173901081085205
Training loss on iteration 320 = 0.41960119605064394
Training loss on iteration 340 = 0.3737234190106392
Training loss on iteration 360 = 0.35609396919608116
Training loss on iteration 380 = 0.38651208840310575
Training loss on iteration 400 = 0.48989985659718516
Training loss on iteration 420 = 0.3581337809562683
Training loss on iteration 440 = 0.3871804837137461
Training loss on iteration 460 = 0.383779864013195
Training loss on iteration 480 = 0.43638267293572425
Training loss on iteration 500 = 0.459066716209054
Training loss on iteration 520 = 0.3252039268612862
Training loss on iteration 540 = 0.4389730587601662
Training loss on iteration 560 = 0.34226188957691195
Training loss on iteration 580 = 0.39412121679633855
Training loss on iteration 600 = 0.4923345252871513
Training loss on iteration 620 = 0.37946695163846017
Training loss on iteration 640 = 0.40991263315081594
Training loss on iteration 660 = 0.4246360190212727
Training loss on iteration 680 = 0.3948328927159309
Training loss on iteration 700 = 0.34405477456748484
Training loss on iteration 720 = 0.4304404132068157
Training loss on iteration 740 = 0.3933111522346735
Training loss on iteration 760 = 0.3763356380164623
Training loss on iteration 780 = 0.42480920255184174
Training loss on iteration 800 = 0.29509827867150307
Training loss on iteration 820 = 0.2932592108845711
Training loss on iteration 840 = 0.3277653183788061
Training loss on iteration 860 = 0.34276335816830394
Training loss on iteration 880 = 0.35550451949238776
Training loss on iteration 900 = 0.512646670639515
Training loss on iteration 920 = 0.32201722376048564
Training loss on iteration 940 = 0.40270966067910197
Training loss on iteration 960 = 0.3905936896800995
Training loss on iteration 980 = 0.3834182698279619
Training loss on iteration 1000 = 0.3312097992748022
Training loss on iteration 1020 = 0.3576345190405846
Training loss on iteration 1040 = 0.3383814426138997
Training loss on iteration 1060 = 0.31014880537986755
Training loss on iteration 1080 = 0.36023842003196477
Training loss on iteration 1100 = 0.33436517156660556
Training loss on iteration 1120 = 0.47952657714486124
Training loss on iteration 1140 = 0.3501026902347803
Training loss on iteration 1160 = 0.3039014466106892
Training loss on iteration 1180 = 0.3586346536874771
Training loss on iteration 1200 = 0.2904729902744293
Training loss on iteration 1220 = 0.2878585509955883
Training loss on iteration 1240 = 0.3518949694931507
Training loss on iteration 1260 = 0.2865407273173332
Training loss on iteration 1280 = 0.3896004715934396
Training loss on iteration 1300 = 0.41976140178740023
Training loss on iteration 1320 = 0.34751227870583534
Training loss on iteration 1340 = 0.3627033315598965
Training loss on iteration 1360 = 0.2901669092476368
Training loss on iteration 1380 = 0.35171004887670276
Training loss on iteration 1400 = 0.35638568066060544
Training loss on iteration 1420 = 0.48501692041754724
Training loss on iteration 1440 = 0.4348090134561062
Training loss on iteration 1460 = 0.3485091559588909
Training loss on iteration 1480 = 0.4957969680428505
### EVAL:: Epoch 9:: Loss = 0.30233203226780103 :: ACC = 0.8813297797727592, AUC = 0.9135466612213246, EER = 0.17211390096787768
Training on epoch 10
Training loss on iteration 0 = 0.3540753722190857
Training loss on iteration 20 = 0.3368153560906649
Training loss on iteration 40 = 0.5216054238379002
Training loss on iteration 60 = 0.3180602688342333
Training loss on iteration 80 = 0.3160609766840935
Training loss on iteration 100 = 0.3394725970923901
Training loss on iteration 120 = 0.28220954108983276
Training loss on iteration 140 = 0.2759648054838181
Training loss on iteration 160 = 0.3715109513141215
Training loss on iteration 180 = 0.4530284658074379
Training loss on iteration 200 = 0.3051496736705303
Training loss on iteration 220 = 0.3458506915718317
Training loss on iteration 240 = 0.47602931037545204
Training loss on iteration 260 = 0.4912603374570608
Training loss on iteration 280 = 0.3584884889423847
Training loss on iteration 300 = 0.38666735514998435
Training loss on iteration 320 = 0.30894598364830017
Training loss on iteration 340 = 0.32955183908343316
Training loss on iteration 360 = 0.4570292204618454
Training loss on iteration 380 = 0.3962099179625511
Training loss on iteration 400 = 0.433355563133955
Training loss on iteration 420 = 0.5097940310835838
Training loss on iteration 440 = 0.3108577989041805
Training loss on iteration 460 = 0.299095899797976
Training loss on iteration 480 = 0.35966284982860086
Training loss on iteration 500 = 0.29064358621835706
Training loss on iteration 520 = 0.3673499632626772
Training loss on iteration 540 = 0.43507887572050097
Training loss on iteration 560 = 0.3700916491448879
Training loss on iteration 580 = 0.3536982350051403
Training loss on iteration 600 = 0.30606549270451067
Training loss on iteration 620 = 0.2770260890945792
Training loss on iteration 640 = 0.28592527555301783
Training loss on iteration 660 = 0.3434866305440664
Training loss on iteration 680 = 0.3871128149330616
Training loss on iteration 700 = 0.3867735296487808
Training loss on iteration 720 = 0.3812227874994278
Training loss on iteration 740 = 0.3509338371455669
Training loss on iteration 760 = 0.2864463057368994
Training loss on iteration 780 = 0.31457269862294196
Training loss on iteration 800 = 0.3715467985719442
Training loss on iteration 820 = 0.504387404024601
Training loss on iteration 840 = 0.326463414169848
Training loss on iteration 860 = 0.3493948996067047
Training loss on iteration 880 = 0.40043955296278
Training loss on iteration 900 = 0.3047968965023756
Training loss on iteration 920 = 0.38284844160079956
Training loss on iteration 940 = 0.434399276971817
Training loss on iteration 960 = 0.2750204261392355
Training loss on iteration 980 = 0.3782853879034519
Training loss on iteration 1000 = 0.32913389429450035
Training loss on iteration 1020 = 0.32043880634009836
Training loss on iteration 1040 = 0.3735018625855446
Training loss on iteration 1060 = 0.3023618023842573
Training loss on iteration 1080 = 0.3287982001900673
Training loss on iteration 1100 = 0.3070981647819281
Training loss on iteration 1120 = 0.3272314738482237
Training loss on iteration 1140 = 0.395785896666348
Training loss on iteration 1160 = 0.33857972025871275
Training loss on iteration 1180 = 0.2804361450485885
Training loss on iteration 1200 = 0.301785079203546
Training loss on iteration 1220 = 0.3040507696568966
Training loss on iteration 1240 = 0.28443948179483414
Training loss on iteration 1260 = 0.27941628359258175
Training loss on iteration 1280 = 0.4688783442601562
Training loss on iteration 1300 = 0.3613737288862467
Training loss on iteration 1320 = 0.3771212114021182
Training loss on iteration 1340 = 0.3145386163145304
Training loss on iteration 1360 = 0.23824063185602426
Training loss on iteration 1380 = 0.3172888718545437
Training loss on iteration 1400 = 0.5969815291464329
Training loss on iteration 1420 = 0.4015962820500135
Training loss on iteration 1440 = 0.2740095812827349
Training loss on iteration 1460 = 0.38834612295031545
Training loss on iteration 1480 = 0.2564482256770134
### EVAL:: Epoch 10:: Loss = 0.23607759501884312 :: ACC = 0.9027212792818067, AUC = 0.9647688714169733, EER = 0.10099593210829008
Training on epoch 11
Training loss on iteration 0 = 0.2506357729434967
Training loss on iteration 20 = 0.21109067611396312
Training loss on iteration 40 = 0.33889693655073644
Training loss on iteration 60 = 0.35924593508243563
Training loss on iteration 80 = 0.2780473604798317
Training loss on iteration 100 = 0.40506990514695645
Training loss on iteration 120 = 0.3921651117503643
Training loss on iteration 140 = 0.3194813709706068
Training loss on iteration 160 = 0.32365921773016454
Training loss on iteration 180 = 0.35777780786156654
Training loss on iteration 200 = 0.32869261130690575
Training loss on iteration 220 = 0.3620030652731657
Training loss on iteration 240 = 0.301394977979362
Training loss on iteration 260 = 0.37820057608187196
Training loss on iteration 280 = 0.3406100545078516
Training loss on iteration 300 = 0.33226359598338606
Training loss on iteration 320 = 0.29688331112265587
Training loss on iteration 340 = 0.2804888065904379
Training loss on iteration 360 = 0.41934141628444194
Training loss on iteration 380 = 0.3282242679968476
Training loss on iteration 400 = 0.33638948649168016
Training loss on iteration 420 = 0.4064739875495434
Training loss on iteration 440 = 0.26209181658923625
Training loss on iteration 460 = 0.35731791891157627
Training loss on iteration 480 = 0.22402814850211145
Training loss on iteration 500 = 0.33918839078396557
Training loss on iteration 520 = 0.40727679915726184
Training loss on iteration 540 = 0.3454729214310646
Training loss on iteration 560 = 0.27264602296054363
Training loss on iteration 580 = 0.2520768940448761
Training loss on iteration 600 = 0.35472689345479014
Training loss on iteration 620 = 0.2554650051519275
Training loss on iteration 640 = 0.26555658765137197
Training loss on iteration 660 = 0.34767039529979227
Training loss on iteration 680 = 0.2780625369399786
Training loss on iteration 700 = 0.35979328863322735
Training loss on iteration 720 = 0.26788654625415803
Training loss on iteration 740 = 0.21455393377691506
Training loss on iteration 760 = 0.30154763758182523
Training loss on iteration 780 = 0.3563075693324208
Training loss on iteration 800 = 0.39861176796257497
Training loss on iteration 820 = 0.3554815873503685
Training loss on iteration 840 = 0.34289119206368923
Training loss on iteration 860 = 0.36006560921669006
Training loss on iteration 880 = 0.37944133318960666
Training loss on iteration 900 = 0.29508962854743004
Training loss on iteration 920 = 0.34709132071584464
Training loss on iteration 940 = 0.2965183608233929
Training loss on iteration 960 = 0.3536284343339503
Training loss on iteration 980 = 0.24484725594520568
Training loss on iteration 1000 = 0.2496664570644498
Training loss on iteration 1020 = 0.45473329052329065
Training loss on iteration 1040 = 0.4934154190123081
Training loss on iteration 1060 = 0.3078428447246552
Training loss on iteration 1080 = 0.5259367853403092
Training loss on iteration 1100 = 0.4087125942111015
Training loss on iteration 1120 = 0.4283474076539278
Training loss on iteration 1140 = 0.337007424980402
Training loss on iteration 1160 = 0.3648321956396103
Training loss on iteration 1180 = 0.4879115618765354
Training loss on iteration 1200 = 0.4710835576057434
Training loss on iteration 1220 = 0.5441234726458788
Training loss on iteration 1240 = 0.4820895090699196
Training loss on iteration 1260 = 0.4080306738615036
Training loss on iteration 1280 = 0.46755390539765357
Training loss on iteration 1300 = 0.563745740056038
Training loss on iteration 1320 = 0.8085251569747924
Training loss on iteration 1340 = 0.47547925226390364
Training loss on iteration 1360 = 0.535216896981001
Training loss on iteration 1380 = 0.5132735453546047
Training loss on iteration 1400 = 0.5208378560841084
Training loss on iteration 1420 = 0.4967068240046501
Training loss on iteration 1440 = 0.34032466225326063
Training loss on iteration 1460 = 0.3621662050485611
Training loss on iteration 1480 = 0.5697096664458513
### EVAL:: Epoch 11:: Loss = 0.3893721700191425 :: ACC = 0.8064945995230748, AUC = 0.8693443538284443, EER = 0.21728152616075186
Training on epoch 12
Training loss on iteration 0 = 0.49209171533584595
Training loss on iteration 20 = 0.28307683654129506
Training loss on iteration 40 = 0.5160807423293591
Training loss on iteration 60 = 0.4954212874174118
Training loss on iteration 80 = 0.4111813470721245
Training loss on iteration 100 = 0.4103797938674688
Training loss on iteration 120 = 0.5342092528939247
Training loss on iteration 140 = 0.3427568346261978
Training loss on iteration 160 = 0.33120532929897306
Training loss on iteration 180 = 0.552165487408638
Training loss on iteration 200 = 0.4911191865801811
Training loss on iteration 220 = 0.49670746326446535
Training loss on iteration 240 = 0.42032774314284327
Training loss on iteration 260 = 0.40845234096050265
Training loss on iteration 280 = 0.3080768845975399
Training loss on iteration 300 = 0.36132577285170553
Training loss on iteration 320 = 0.3969567842781544
Training loss on iteration 340 = 0.34123234897851945
Training loss on iteration 360 = 0.3667876571416855
Training loss on iteration 380 = 0.6033154048025609
Training loss on iteration 400 = 0.5178239330649376
Training loss on iteration 420 = 0.5928160957992077
Training loss on iteration 440 = 0.5874923795461655
Training loss on iteration 460 = 0.5313124276697636
Training loss on iteration 480 = 0.5624257296323776
Training loss on iteration 500 = 0.6153974838554859
Training loss on iteration 520 = 0.5069201715290547
Training loss on iteration 540 = 0.4849418468773365
Training loss on iteration 560 = 0.4952550813555717
Training loss on iteration 580 = 0.540577158331871
Training loss on iteration 600 = 0.531306853890419
Training loss on iteration 620 = 0.540431896597147
Training loss on iteration 640 = 0.6046025045216084
Training loss on iteration 660 = 0.46875578314065935
Training loss on iteration 680 = 0.4928820952773094
Training loss on iteration 700 = 0.47769213020801543
Training loss on iteration 720 = 0.43184458613395693
Training loss on iteration 740 = 0.38964785933494567
Training loss on iteration 760 = 0.39707928001880644
Training loss on iteration 780 = 0.444828449934721
Training loss on iteration 800 = 0.45440427139401435
Training loss on iteration 820 = 0.4382825970649719
Training loss on iteration 840 = 0.7006321676075459
Training loss on iteration 860 = 0.5136521562933922
Training loss on iteration 880 = 0.4718937937170267
Training loss on iteration 900 = 0.4653847083449364
Training loss on iteration 920 = 0.424808344990015
Training loss on iteration 940 = 0.43329123631119726
Training loss on iteration 960 = 0.5561472080647946
Training loss on iteration 980 = 0.34417095929384234
Training loss on iteration 1000 = 0.421029144525528
Training loss on iteration 1020 = 0.3786595035344362
Training loss on iteration 1040 = 0.46594818606972693
Training loss on iteration 1060 = 0.37784548550844194
Training loss on iteration 1080 = 0.3110255770385265
Training loss on iteration 1100 = 0.2968160815536976
Training loss on iteration 1120 = 0.5566277202218771
Training loss on iteration 1140 = 0.2937550149857998
Training loss on iteration 1160 = 0.4342967692762613
Training loss on iteration 1180 = 0.4793975204229355
Training loss on iteration 1200 = 0.34926825724542143
Training loss on iteration 1220 = 0.4725189059972763
Training loss on iteration 1240 = 0.36036465540528295
Training loss on iteration 1260 = 0.3803312752395868
Training loss on iteration 1280 = 0.48414448127150533
Training loss on iteration 1300 = 0.3433534577488899
Training loss on iteration 1320 = 0.3755190346390009
Training loss on iteration 1340 = 0.42256401143968103
Training loss on iteration 1360 = 0.345767630636692
Training loss on iteration 1380 = 0.3653745360672474
Training loss on iteration 1400 = 0.4879525128751993
Training loss on iteration 1420 = 0.3926298402249813
Training loss on iteration 1440 = 0.4910016000270844
Training loss on iteration 1460 = 0.5595520749688149
Training loss on iteration 1480 = 0.6215415000915527
### EVAL:: Epoch 12:: Loss = 0.54068171617093 :: ACC = 0.7151774442418292, AUC = 0.7815240750672519, EER = 0.29344929162575395
Training on epoch 13
Training loss on iteration 0 = 0.9925774335861206
Training loss on iteration 20 = 0.4736102670431137
Training loss on iteration 40 = 0.5525815237313509
Training loss on iteration 60 = 0.5431113809347152
Training loss on iteration 80 = 0.43971642255783083
Training loss on iteration 100 = 0.44280447363853453
Training loss on iteration 120 = 0.5741380497813224
Training loss on iteration 140 = 0.6351465120911598
Training loss on iteration 160 = 0.4587709203362465
Training loss on iteration 180 = 0.4697391726076603
Training loss on iteration 200 = 0.41244072988629343
Training loss on iteration 220 = 0.3642338776960969
Training loss on iteration 240 = 0.38668181374669075
Training loss on iteration 260 = 0.3381336845457554
Training loss on iteration 280 = 0.4856323689222336
Training loss on iteration 300 = 0.5492032147943974
Training loss on iteration 320 = 0.4511901386082172
Training loss on iteration 340 = 0.34549168422818183
Training loss on iteration 360 = 0.4505154214799404
Training loss on iteration 380 = 0.41611451506614683
Training loss on iteration 400 = 0.40544506050646306
Training loss on iteration 420 = 0.5004183359444141
Training loss on iteration 440 = 0.5216958738863469
Training loss on iteration 460 = 0.3901698477566242
Training loss on iteration 480 = 0.4604782648384571
Training loss on iteration 500 = 0.4473315253853798
Training loss on iteration 520 = 0.3986242707818747
Training loss on iteration 540 = 0.3333376567810774
Training loss on iteration 560 = 0.568179918313399
Training loss on iteration 580 = 0.40004129707813263
Training loss on iteration 600 = 0.44309219159185886
Training loss on iteration 620 = 0.4274682454764843
Training loss on iteration 640 = 0.3510723151266575
Training loss on iteration 660 = 0.40899971798062323
Training loss on iteration 680 = 0.3851676009595394
Training loss on iteration 700 = 0.34538388550281524
Training loss on iteration 720 = 0.5643663570284844
Training loss on iteration 740 = 0.3914721511304379
Training loss on iteration 760 = 0.31874226331710814
Training loss on iteration 780 = 0.5095218285918236
Training loss on iteration 800 = 0.5086245156824589
Training loss on iteration 820 = 0.42188328951597215
Training loss on iteration 840 = 0.428235500305891
Training loss on iteration 860 = 0.3180276039987803
Training loss on iteration 880 = 0.545926646143198
Training loss on iteration 900 = 0.4107415806502104
Training loss on iteration 920 = 0.44652868881821633
Training loss on iteration 940 = 0.35440180748701094
Training loss on iteration 960 = 0.49035888388752935
Training loss on iteration 980 = 0.5028721690177917
Training loss on iteration 1000 = 0.6456962339580059
Training loss on iteration 1020 = 0.5105191268026829
Training loss on iteration 1040 = 0.4631171032786369
Training loss on iteration 1060 = 0.44709947630763053
Training loss on iteration 1080 = 0.4871703121811152
Training loss on iteration 1100 = 0.36988266706466677
Training loss on iteration 1120 = 0.4003711983561516
Training loss on iteration 1140 = 0.37998822182416914
Training loss on iteration 1160 = 0.38097585663199424
Training loss on iteration 1180 = 0.3581949882209301
Training loss on iteration 1200 = 0.3142096307128668
Training loss on iteration 1220 = 0.314323378354311
Training loss on iteration 1240 = 0.37706427201628684
Training loss on iteration 1260 = 0.4771559309214354
Training loss on iteration 1280 = 0.3910638473927975
Training loss on iteration 1300 = 0.30810613818466664
Training loss on iteration 1320 = 0.39040489979088305
Training loss on iteration 1340 = 0.4031257931143045
Training loss on iteration 1360 = 0.4598772644996643
Training loss on iteration 1380 = 0.31712851487100124
Training loss on iteration 1400 = 0.36638214960694315
Training loss on iteration 1420 = 0.41132744327187537
Training loss on iteration 1440 = 0.37147248163819313
Training loss on iteration 1460 = 0.49553228057920934
Training loss on iteration 1480 = 0.3787700116634369
### EVAL:: Epoch 13:: Loss = 0.32291430992245423 :: ACC = 0.864917940805162, AUC = 0.8952421028257858, EER = 0.18389675971384487
Training on epoch 14
Training loss on iteration 0 = 0.726142168045044
Training loss on iteration 20 = 0.3516027547419071
Training loss on iteration 40 = 0.33701817467808726
Training loss on iteration 60 = 0.40450201109051703
Training loss on iteration 80 = 0.3417392298579216
Training loss on iteration 100 = 0.3704671826213598
Training loss on iteration 120 = 0.45959492698311805
Training loss on iteration 140 = 0.3835746478289366
Training loss on iteration 160 = 0.4517481356859207
Training loss on iteration 180 = 0.4208689916878939
Training loss on iteration 200 = 0.4106873333454132
Training loss on iteration 220 = 0.34315076395869254
Training loss on iteration 240 = 0.3488383747637272
Training loss on iteration 260 = 0.3286438055336475
Training loss on iteration 280 = 0.4052189148962498
Training loss on iteration 300 = 0.5159822516143322
Training loss on iteration 320 = 0.3425506018102169
Training loss on iteration 340 = 0.400570972263813
Training loss on iteration 360 = 0.46726133301854134
Training loss on iteration 380 = 0.45264795124530793
Training loss on iteration 400 = 0.5032904841005802
Training loss on iteration 420 = 0.4312930777668953
Training loss on iteration 440 = 0.37339593209326266
Training loss on iteration 460 = 0.5003698915243149
Training loss on iteration 480 = 0.3263637810945511
Training loss on iteration 500 = 0.34317862093448637
Training loss on iteration 520 = 0.3479531355202198
Training loss on iteration 540 = 0.3472200881689787
Training loss on iteration 560 = 0.2807826904579997
Training loss on iteration 580 = 0.33308171965181826
Training loss on iteration 600 = 0.4646304648369551
Training loss on iteration 620 = 0.3411742515861988
Training loss on iteration 640 = 0.342915877699852
Training loss on iteration 660 = 0.5002592258155346
Training loss on iteration 680 = 0.5193789049983024
Training loss on iteration 700 = 0.45305150747299194
Training loss on iteration 720 = 0.3858236216008663
Training loss on iteration 740 = 0.28760585710406306
Training loss on iteration 760 = 0.4639063492417336
Training loss on iteration 780 = 0.36119030937552454
Training loss on iteration 800 = 0.32167996279895306
Training loss on iteration 820 = 0.3808812901377678
Training loss on iteration 840 = 0.44091841727495196
Training loss on iteration 860 = 0.3692938476800919
Training loss on iteration 880 = 0.5238699715584516
Training loss on iteration 900 = 0.46456947177648544
Training loss on iteration 920 = 0.37146391458809375
Training loss on iteration 940 = 0.35602460578083994
Training loss on iteration 960 = 0.31294689923524854
Training loss on iteration 980 = 0.410581886023283
Training loss on iteration 1000 = 0.35056668482720854
Training loss on iteration 1020 = 0.502958107739687
Training loss on iteration 1040 = 0.3703876193612814
Training loss on iteration 1060 = 0.3341088887304068
Training loss on iteration 1080 = 0.282513015717268
Training loss on iteration 1100 = 0.34097147919237614
Training loss on iteration 1120 = 0.39582071639597416
Training loss on iteration 1140 = 0.35291490629315375
Training loss on iteration 1160 = 0.339465643838048
Training loss on iteration 1180 = 0.2978523034602404
Training loss on iteration 1200 = 0.4257978081703186
Training loss on iteration 1220 = 0.3352812543511391
Training loss on iteration 1240 = 0.3667569629848003
Training loss on iteration 1260 = 0.27983242012560366
Training loss on iteration 1280 = 0.2613190146163106
Training loss on iteration 1300 = 0.418669768050313
Training loss on iteration 1320 = 0.31933275833725927
Training loss on iteration 1340 = 0.39908860959112646
Training loss on iteration 1360 = 0.45801646299660204
Training loss on iteration 1380 = 0.40927671901881696
Training loss on iteration 1400 = 0.3998620260506868
Training loss on iteration 1420 = 0.46360802873969076
Training loss on iteration 1440 = 0.4134820647537708
Training loss on iteration 1460 = 0.5602344967424869
Training loss on iteration 1480 = 0.43875396996736526
### EVAL:: Epoch 14:: Loss = 0.2578349644194134 :: ACC = 0.9008276055547763, AUC = 0.9539440699274169, EER = 0.11404124000561089
Training on epoch 15
Training loss on iteration 0 = 0.21581682562828064
Training loss on iteration 20 = 0.31093360371887685
Training loss on iteration 40 = 0.43172589093446734
Training loss on iteration 60 = 0.2896348688751459
Training loss on iteration 80 = 0.27416390292346476
Training loss on iteration 100 = 0.318543435074389
Training loss on iteration 120 = 0.5492585204541683
Training loss on iteration 140 = 0.49174380153417585
Training loss on iteration 160 = 0.4155364088714123
Training loss on iteration 180 = 0.34001325648277997
Training loss on iteration 200 = 0.37501560188829897
Training loss on iteration 220 = 0.2895097672939301
Training loss on iteration 240 = 0.40704759061336515
Training loss on iteration 260 = 0.3771688282489777
Training loss on iteration 280 = 0.550463979691267
Training loss on iteration 300 = 0.39954508021473883
Training loss on iteration 320 = 0.4471496492624283
Training loss on iteration 340 = 0.4732737332582474
Training loss on iteration 360 = 0.41166513711214064
Training loss on iteration 380 = 0.3499288348481059
Training loss on iteration 400 = 0.6300783231854439
Training loss on iteration 420 = 0.5727985724806786
Training loss on iteration 440 = 0.34082072116434575
Training loss on iteration 460 = 0.40518158711493013
Training loss on iteration 480 = 0.6220772884786129
Training loss on iteration 500 = 0.5088121887296438
Training loss on iteration 520 = 0.39163075052201746
Training loss on iteration 540 = 0.4846742257475853
Training loss on iteration 560 = 0.3888875424861908
Training loss on iteration 580 = 0.6192057497799397
Training loss on iteration 600 = 0.5398850604891777
Training loss on iteration 620 = 0.4136419571936131
Training loss on iteration 640 = 0.3599285945296288
Training loss on iteration 660 = 0.39608466252684593
Training loss on iteration 680 = 0.3763333797454834
Training loss on iteration 700 = 0.3078140068799257
Training loss on iteration 720 = 0.4995323531329632
Training loss on iteration 740 = 0.511054315418005
Training loss on iteration 760 = 0.4446155674755573
Training loss on iteration 780 = 0.3586327563971281
Training loss on iteration 800 = 0.39250785708427427
Training loss on iteration 820 = 0.32209558635950086
Training loss on iteration 840 = 0.3816904090344906
Training loss on iteration 860 = 0.3851403333246708
Training loss on iteration 880 = 0.39816088825464246
Training loss on iteration 900 = 0.43740531131625177
Training loss on iteration 920 = 0.4427384153008461
Training loss on iteration 940 = 0.3986024156212807
Training loss on iteration 960 = 0.3537935771048069
Training loss on iteration 980 = 0.44431404285132886
Training loss on iteration 1000 = 0.32259142212569714
Training loss on iteration 1020 = 0.3004206385463476
Training loss on iteration 1040 = 0.3929987855255604
Training loss on iteration 1060 = 0.4050188705325127
Training loss on iteration 1080 = 0.3257297506555915
Training loss on iteration 1100 = 0.48373315744102
Training loss on iteration 1120 = 0.6090351518243551
Training loss on iteration 1140 = 0.317383024841547
Training loss on iteration 1160 = 0.38495813086628916
Training loss on iteration 1180 = 0.3457156628370285
Training loss on iteration 1200 = 0.3356039490550756
Training loss on iteration 1220 = 0.43074387051165103
Training loss on iteration 1240 = 0.33016108721494675
Training loss on iteration 1260 = 0.2545215804129839
Training loss on iteration 1280 = 0.316905200202018
Training loss on iteration 1300 = 0.29155957847833636
Training loss on iteration 1320 = 0.4352452464401722
Training loss on iteration 1340 = 0.3652330316603184
Training loss on iteration 1360 = 0.38715394139289855
Training loss on iteration 1380 = 0.4842282056808472
Training loss on iteration 1400 = 0.2773226611316204
Training loss on iteration 1420 = 0.32266548462212086
Training loss on iteration 1440 = 0.4013016063719988
Training loss on iteration 1460 = 0.3736978929489851
Training loss on iteration 1480 = 0.3167198565788567
### EVAL:: Epoch 15:: Loss = 0.26766403903760183 :: ACC = 0.8875017534015991, AUC = 0.9506328488517548, EER = 0.12273811193715808
Training on epoch 16
Training loss on iteration 0 = 0.29480600357055664
Training loss on iteration 20 = 0.37414377853274344
Training loss on iteration 40 = 0.33079992793500423
Training loss on iteration 60 = 0.5821407653391362
Training loss on iteration 80 = 0.4583027966320515
Training loss on iteration 100 = 0.48934534266591073
Training loss on iteration 120 = 0.3753522776067257
Training loss on iteration 140 = 0.4393422737717628
Training loss on iteration 160 = 0.4412273518741131
Training loss on iteration 180 = 0.410081541351974
Training loss on iteration 200 = 0.4090629480779171
Training loss on iteration 220 = 0.39644902274012567
Training loss on iteration 240 = 0.2946934387087822
Training loss on iteration 260 = 0.27997544035315514
Training loss on iteration 280 = 0.3753096081316471
Training loss on iteration 300 = 0.2955584838986397
Training loss on iteration 320 = 0.2603054828941822
Training loss on iteration 340 = 0.4752692421898246
Training loss on iteration 360 = 0.3257729306817055
Training loss on iteration 380 = 0.36271558087319133
Training loss on iteration 400 = 0.3480200359597802
Training loss on iteration 420 = 0.29272455759346483
Training loss on iteration 440 = 0.38282841593027117
Training loss on iteration 460 = 0.4721658881753683
Training loss on iteration 480 = 0.3932553391903639
Training loss on iteration 500 = 0.31501191258430483
Training loss on iteration 520 = 0.2472096343524754
Training loss on iteration 540 = 0.41521090939641
Training loss on iteration 560 = 0.29788343608379364
Training loss on iteration 580 = 0.24828850515186787
Training loss on iteration 600 = 0.30665244329720737
Training loss on iteration 620 = 0.46143743470311166
Training loss on iteration 640 = 0.31337437480688096
Training loss on iteration 660 = 0.43286654725670815
Training loss on iteration 680 = 0.32126950696110723
Training loss on iteration 700 = 0.3197315812110901
Training loss on iteration 720 = 0.36045556962490083
Training loss on iteration 740 = 0.3123500360175967
Training loss on iteration 760 = 0.30949831777252257
Training loss on iteration 780 = 0.5054199814796447
Training loss on iteration 800 = 0.33516995832324026
Training loss on iteration 820 = 0.40525385122746227
Training loss on iteration 840 = 0.3511007182300091
Training loss on iteration 860 = 0.3732356756925583
Training loss on iteration 880 = 0.43416961673647164
Training loss on iteration 900 = 0.48345859311521056
Training loss on iteration 920 = 0.4114748066291213
Training loss on iteration 940 = 0.3463273964822292
Training loss on iteration 960 = 0.3229678839445114
Training loss on iteration 980 = 0.44114005416631696
Training loss on iteration 1000 = 0.437614332139492
Training loss on iteration 1020 = 0.36981159895658494
Training loss on iteration 1040 = 0.39625731743872167
Training loss on iteration 1060 = 0.4341744430363178
Training loss on iteration 1080 = 0.4625177398324013
Training loss on iteration 1100 = 0.8567490268498659
Training loss on iteration 1120 = 1.0104657046496868
Training loss on iteration 1140 = 0.6729823313653469
Training loss on iteration 1160 = 0.6648299995809793
Training loss on iteration 1180 = 0.5640803471207618
Training loss on iteration 1200 = 0.5546267297118902
Training loss on iteration 1220 = 0.51509213373065
Training loss on iteration 1240 = 0.578337500244379
Training loss on iteration 1260 = 0.5970690369606018
Training loss on iteration 1280 = 0.5345414876937866
Training loss on iteration 1300 = 0.47649194970726966
Training loss on iteration 1320 = 0.4875798709690571
Training loss on iteration 1340 = 0.743726110458374
Training loss on iteration 1360 = 0.5759008347988128
Training loss on iteration 1380 = 0.42632079124450684
Training loss on iteration 1400 = 0.543565784394741
Training loss on iteration 1420 = 0.4933242678642273
Training loss on iteration 1440 = 0.4612859323620796
Training loss on iteration 1460 = 0.5056659512221813
Training loss on iteration 1480 = 0.6346776157617569
### EVAL:: Epoch 16:: Loss = 0.4267422535233356 :: ACC = 0.7982185439753121, AUC = 0.85928915028245, EER = 0.23088792256978538
Training on epoch 17
Training loss on iteration 0 = 0.9280317425727844
Training loss on iteration 20 = 0.5392528429627419
Training loss on iteration 40 = 0.5300784558057785
Training loss on iteration 60 = 0.5205991618335247
Training loss on iteration 80 = 0.37853501215577123
Training loss on iteration 100 = 0.4537506751716137
Training loss on iteration 120 = 0.4549432620406151
Training loss on iteration 140 = 0.4416539028286934
Training loss on iteration 160 = 0.4253415435552597
Training loss on iteration 180 = 0.4205397207289934
Training loss on iteration 200 = 0.42424708530306815
Training loss on iteration 220 = 0.4743883848190308
Training loss on iteration 240 = 0.4286068268120289
Training loss on iteration 260 = 0.4414481848478317
Training loss on iteration 280 = 0.521230286732316
Training loss on iteration 300 = 0.48182554841041564
Training loss on iteration 320 = 0.4795097902417183
Training loss on iteration 340 = 0.49826350659132
Training loss on iteration 360 = 0.36517178267240524
Training loss on iteration 380 = 0.47558648213744165
Training loss on iteration 400 = 0.4440281931310892
Training loss on iteration 420 = 0.5316200099885464
Training loss on iteration 440 = 0.5526719242334366
Training loss on iteration 460 = 0.4130703486502171
Training loss on iteration 480 = 0.4233464539051056
Training loss on iteration 500 = 0.4476074203848839
Training loss on iteration 520 = 0.5360661707818508
Training loss on iteration 540 = 0.3972440168261528
Training loss on iteration 560 = 0.36755595803260804
Training loss on iteration 580 = 0.37010050285607576
Training loss on iteration 600 = 0.49131087176501753
Training loss on iteration 620 = 0.44430323541164396
Training loss on iteration 640 = 0.46449332162737844
Training loss on iteration 660 = 0.5070449940860271
Training loss on iteration 680 = 0.4574904106557369
Training loss on iteration 700 = 0.5306517034769058
Training loss on iteration 720 = 0.46902993246912955
Training loss on iteration 740 = 0.42950912937521935
Training loss on iteration 760 = 0.47676010876894
Training loss on iteration 780 = 0.5684135690331459
Training loss on iteration 800 = 0.2925300806760788
Training loss on iteration 820 = 0.44653130350634457
Training loss on iteration 840 = 0.5955502821132541
Training loss on iteration 860 = 0.401988472789526
Training loss on iteration 880 = 0.422378608584404
Training loss on iteration 900 = 0.3377929523587227
Training loss on iteration 920 = 0.31722783744335176
Training loss on iteration 940 = 0.4227604363113642
Training loss on iteration 960 = 0.40621342658996584
Training loss on iteration 980 = 0.37644077092409134
Training loss on iteration 1000 = 0.41819692850112916
Training loss on iteration 1020 = 0.2772876609116793
Training loss on iteration 1040 = 0.33853489309549334
Training loss on iteration 1060 = 0.2928291171789169
Training loss on iteration 1080 = 0.3989059843122959
Training loss on iteration 1100 = 0.36962523981928824
Training loss on iteration 1120 = 0.34828418791294097
Training loss on iteration 1140 = 0.39657954275608065
Training loss on iteration 1160 = 0.4164134543389082
Training loss on iteration 1180 = 0.5081389710307121
Training loss on iteration 1200 = 0.3473664242774248
Training loss on iteration 1220 = 0.2915267802774906
Training loss on iteration 1240 = 0.30927170515060426
Training loss on iteration 1260 = 0.4473666276782751
Training loss on iteration 1280 = 0.4282473370432854
Training loss on iteration 1300 = 0.353412314504385
Training loss on iteration 1320 = 0.3479500666260719
Training loss on iteration 1340 = 0.3213433692231774
Training loss on iteration 1360 = 0.2799347139894962
Training loss on iteration 1380 = 0.42969692647457125
Training loss on iteration 1400 = 0.3742649804800749
Training loss on iteration 1420 = 0.35126430448144674
Training loss on iteration 1440 = 0.3661316454410553
Training loss on iteration 1460 = 0.33009324595332146
Training loss on iteration 1480 = 0.3965975146740675
### EVAL:: Epoch 17:: Loss = 0.4082863975124356 :: ACC = 0.7978678636554917, AUC = 0.9156548161281112, EER = 0.1618740356291205
Training on epoch 18
Training loss on iteration 0 = 0.5400535464286804
Training loss on iteration 20 = 0.4531600885093212
Training loss on iteration 40 = 0.36063605435192586
Training loss on iteration 60 = 0.4719646655023098
Training loss on iteration 80 = 0.4703806214034557
Training loss on iteration 100 = 0.4973203934729099
Training loss on iteration 120 = 0.49109638631343844
Training loss on iteration 140 = 0.3383510418236256
Training loss on iteration 160 = 0.4984157145023346
Training loss on iteration 180 = 0.5651449158787727
Training loss on iteration 200 = 0.5224498555064201
Training loss on iteration 220 = 0.29623466581106184
Training loss on iteration 240 = 0.45511841736733916
Training loss on iteration 260 = 0.3195161152631044
Training loss on iteration 280 = 0.4451309688389301
Training loss on iteration 300 = 0.4802856631577015
Training loss on iteration 320 = 0.4472465649247169
Training loss on iteration 340 = 0.5413608849048615
Training loss on iteration 360 = 0.5335554420948029
Training loss on iteration 380 = 0.4613769818097353
Training loss on iteration 400 = 0.4272977687418461
Training loss on iteration 420 = 0.42110894396901133
Training loss on iteration 440 = 0.35701980870217087
Training loss on iteration 460 = 0.3410645011812449
Training loss on iteration 480 = 0.3735513098537922
Training loss on iteration 500 = 0.3713984746485949
Training loss on iteration 520 = 0.3920936569571495
Training loss on iteration 540 = 0.36913379803299906
Training loss on iteration 560 = 0.325844781845808
Training loss on iteration 580 = 0.4599555008113384
Training loss on iteration 600 = 0.37413968741893766
Training loss on iteration 620 = 0.32952518984675405
Training loss on iteration 640 = 0.334584703668952
Training loss on iteration 660 = 0.45531401634216306
Training loss on iteration 680 = 0.44259625747799874
Training loss on iteration 700 = 0.5440832212567329
Training loss on iteration 720 = 0.5623236142098904
Training loss on iteration 740 = 0.5747462816536426
Training loss on iteration 760 = 0.36334444060921667
Training loss on iteration 780 = 0.6975205367431044
Training loss on iteration 800 = 0.8485895827412605
Training loss on iteration 820 = 0.42206001132726667
Training loss on iteration 840 = 0.4858693230897188
Training loss on iteration 860 = 0.3172902937978506
Training loss on iteration 880 = 0.30522420406341555
Training loss on iteration 900 = 0.3289475627243519
Training loss on iteration 920 = 0.35538201592862606
Training loss on iteration 940 = 0.3788795243948698
Training loss on iteration 960 = 0.4213668204843998
Training loss on iteration 980 = 0.2769865944981575
Training loss on iteration 1000 = 0.43401756063103675
Training loss on iteration 1020 = 0.38075809329748156
Training loss on iteration 1040 = 0.30575455278158187
Training loss on iteration 1060 = 0.31548125185072423
Training loss on iteration 1080 = 0.4984909132122993
Training loss on iteration 1100 = 0.3125756744295359
Training loss on iteration 1120 = 0.2751853339374065
Training loss on iteration 1140 = 0.36413224451243875
Training loss on iteration 1160 = 0.5159598287194967
Training loss on iteration 1180 = 0.5137314166873693
Training loss on iteration 1200 = 0.5758365906774998
Training loss on iteration 1220 = 0.4352574750781059
Training loss on iteration 1240 = 0.5712392244488
Training loss on iteration 1260 = 0.7921789824962616
Training loss on iteration 1280 = 0.6850491136312484
Training loss on iteration 1300 = 0.49907554090023043
Training loss on iteration 1320 = 0.46694588363170625
Training loss on iteration 1340 = 0.35867543816566466
Training loss on iteration 1360 = 0.4223932459950447
Training loss on iteration 1380 = 0.3682772062718868
Training loss on iteration 1400 = 0.3054908119142056
Training loss on iteration 1420 = 0.3005379721522331
Training loss on iteration 1440 = 0.37714950926601887
Training loss on iteration 1460 = 0.4129601903259754
Training loss on iteration 1480 = 0.2857169657945633
### EVAL:: Epoch 18:: Loss = 0.6530295451129285 :: ACC = 0.7477907139851312, AUC = 0.9578643896132828, EER = 0.11362042362182634
Training on epoch 19
Training loss on iteration 0 = 1.4929579496383667
Training loss on iteration 20 = 0.34867433793842795
Training loss on iteration 40 = 0.37013466134667394
Training loss on iteration 60 = 0.3240601815283298
Training loss on iteration 80 = 0.326141107827425
Training loss on iteration 100 = 0.3437033075839281
Training loss on iteration 120 = 0.417039031162858
Training loss on iteration 140 = 0.3298783011734486
Training loss on iteration 160 = 0.30969496108591554
Training loss on iteration 180 = 0.4362292341887951
Training loss on iteration 200 = 0.35382318794727324
Training loss on iteration 220 = 0.31816576756536963
Training loss on iteration 240 = 0.3123226463794708
Training loss on iteration 260 = 0.37437530122697354
Training loss on iteration 280 = 0.4027265928685665
Training loss on iteration 300 = 0.31644462384283545
Training loss on iteration 320 = 0.3995470376685262
Training loss on iteration 340 = 0.35072572603821756
Training loss on iteration 360 = 0.3107820861041546
Training loss on iteration 380 = 0.3512315981090069
Training loss on iteration 400 = 0.38705572709441183
Training loss on iteration 420 = 0.4011298198252916
Training loss on iteration 440 = 0.3025109626352787
Training loss on iteration 460 = 0.4936237338930368
Training loss on iteration 480 = 0.5887983083724976
Training loss on iteration 500 = 0.5713688716292381
Training loss on iteration 520 = 0.5417787790298462
Training loss on iteration 540 = 0.42132514119148257
Training loss on iteration 560 = 0.37345422357320784
Training loss on iteration 580 = 0.3853152707219124
Training loss on iteration 600 = 0.4414508931338787
Training loss on iteration 620 = 0.3755394171923399
Training loss on iteration 640 = 0.41578369215130806
Training loss on iteration 660 = 0.36532465517520907
Training loss on iteration 680 = 0.47831436768174174
Training loss on iteration 700 = 0.3373819921165705
Training loss on iteration 720 = 0.3952407963573933
Training loss on iteration 740 = 0.319134870916605
Training loss on iteration 760 = 0.3481514260172844
Training loss on iteration 780 = 0.5878127910196781
Training loss on iteration 800 = 0.44853221736848353
Training loss on iteration 820 = 0.41168207973241805
Training loss on iteration 840 = 0.40086365938186647
Training loss on iteration 860 = 0.4292169488966465
Training loss on iteration 880 = 0.3464626906439662
Training loss on iteration 900 = 0.4353133399039507
Training loss on iteration 920 = 0.3781620776280761
Training loss on iteration 940 = 0.42363499104976654
Training loss on iteration 960 = 0.2915173310786486
Training loss on iteration 980 = 0.29279909990727904
Training loss on iteration 1000 = 0.35762002170085905
Training loss on iteration 1020 = 0.32130014784634114
Training loss on iteration 1040 = 0.3945140462368727
Training loss on iteration 1060 = 0.38744459822773936
Training loss on iteration 1080 = 0.3242695968598127
Training loss on iteration 1100 = 0.33723687306046485
Training loss on iteration 1120 = 0.3565201759338379
Training loss on iteration 1140 = 0.3523670371621847
Training loss on iteration 1160 = 0.3330484442412853
Training loss on iteration 1180 = 0.30659877695143223
Training loss on iteration 1200 = 0.4183141183108091
Training loss on iteration 1220 = 0.5161733195185662
Training loss on iteration 1240 = 0.3868544135242701
Training loss on iteration 1260 = 0.38963803350925447
Training loss on iteration 1280 = 0.5464975886046887
Training loss on iteration 1300 = 0.5138736825436354
Training loss on iteration 1320 = 0.42271003797650336
Training loss on iteration 1340 = 0.3236841090023518
Training loss on iteration 1360 = 0.44900707751512525
Training loss on iteration 1380 = 0.2892875961959362
Training loss on iteration 1400 = 0.4353017881512642
Training loss on iteration 1420 = 0.3935435365885496
Training loss on iteration 1440 = 0.36499690972268584
Training loss on iteration 1460 = 0.37545083947479724
Training loss on iteration 1480 = 0.3200268343091011
### EVAL:: Epoch 19:: Loss = 0.23296327188285787 :: ACC = 0.9039135923691962, AUC = 0.9575306603999585, EER = 0.11305933511011362
Training on epoch 20
Training loss on iteration 0 = 0.06417449563741684
Training loss on iteration 20 = 0.25624943189322946
Training loss on iteration 40 = 0.3028209704905748
Training loss on iteration 60 = 0.42045230194926264
Training loss on iteration 80 = 0.3429627887904644
Training loss on iteration 100 = 0.42346488162875173
Training loss on iteration 120 = 0.3568558499217033
Training loss on iteration 140 = 0.36677115578204394
Training loss on iteration 160 = 0.3132225204259157
Training loss on iteration 180 = 0.2872407590970397
Training loss on iteration 200 = 0.2778365336358547
Training loss on iteration 220 = 0.42024159990251064
Training loss on iteration 240 = 0.33395079169422387
Training loss on iteration 260 = 0.39450390338897706
Training loss on iteration 280 = 0.4258532576262951
Training loss on iteration 300 = 0.3241926595568657
Training loss on iteration 320 = 0.2931936450302601
Training loss on iteration 340 = 0.26950105670839547
Training loss on iteration 360 = 0.38942102938890455
Training loss on iteration 380 = 0.42089522927999495
Training loss on iteration 400 = 0.4059228302910924
Training loss on iteration 420 = 0.30397327784448863
Training loss on iteration 440 = 0.3658410381525755
Training loss on iteration 460 = 0.26341122929006816
Training loss on iteration 480 = 0.3188005868345499
Training loss on iteration 500 = 0.32768955230712893
Training loss on iteration 520 = 0.3676709059625864
Training loss on iteration 540 = 0.2868131114169955
Training loss on iteration 560 = 0.37393420860171317
Training loss on iteration 580 = 0.3328391663730145
Training loss on iteration 600 = 0.36419782042503357
Training loss on iteration 620 = 0.37719710543751717
Training loss on iteration 640 = 0.3412650924175978
Training loss on iteration 660 = 0.3138143219053745
Training loss on iteration 680 = 0.23803693745285273
Training loss on iteration 700 = 0.2875626739114523
Training loss on iteration 720 = 0.38494978528469803
Training loss on iteration 740 = 0.33922602981328964
Training loss on iteration 760 = 0.3555027678608894
Training loss on iteration 780 = 0.33336540758609773
Training loss on iteration 800 = 0.36098781526088713
Training loss on iteration 820 = 0.32698102463036777
Training loss on iteration 840 = 0.32319825012236836
Training loss on iteration 860 = 0.5777951933443546
Training loss on iteration 880 = 0.33920571971684693
Training loss on iteration 900 = 0.34560777321457864
Training loss on iteration 920 = 0.3627996101975441
Training loss on iteration 940 = 0.37904264628887174
Training loss on iteration 960 = 0.34548164568841455
Training loss on iteration 980 = 0.47605756036937236
Training loss on iteration 1000 = 0.5302145617082715
Training loss on iteration 1020 = 0.30430410914123057
Training loss on iteration 1040 = 0.37077335007488726
Training loss on iteration 1060 = 0.31882810592651367
Training loss on iteration 1080 = 0.27305578999221325
Training loss on iteration 1100 = 0.37662488147616385
Training loss on iteration 1120 = 0.40242955535650254
Training loss on iteration 1140 = 0.3701847456395626
Training loss on iteration 1160 = 0.30318111516535284
Training loss on iteration 1180 = 0.34680303521454336
Training loss on iteration 1200 = 0.4658957920968533
Training loss on iteration 1220 = 0.4633898988366127
Training loss on iteration 1240 = 0.4442828241735697
Training loss on iteration 1260 = 0.40269854068756106
Training loss on iteration 1280 = 0.2547199971973896
Training loss on iteration 1300 = 0.5710122711025178
Training loss on iteration 1320 = 0.528111283481121
Training loss on iteration 1340 = 0.3830216806381941
Training loss on iteration 1360 = 0.30708386916667224
Training loss on iteration 1380 = 0.3905171900987625
Training loss on iteration 1400 = 0.3085004918277264
Training loss on iteration 1420 = 0.3549483139067888
Training loss on iteration 1440 = 0.3575928620994091
Training loss on iteration 1460 = 0.45206226110458375
Training loss on iteration 1480 = 0.4382403764873743
### EVAL:: Epoch 20:: Loss = 0.40910541158759584 :: ACC = 0.8032683405807266, AUC = 0.9559912480738654, EER = 0.11193715808668818
### Out of domain:: Best epoch 3 :: ACC = 0.9476666666666667, AUC = 0.9910733333333334, EER = 0.049
recorded: {'exp_name': 'crosslingual_septr_r03', 'model': 'septr', 'train': 'commonvoice-ar,commonvoice-de,commonvoice-ro,commonvoice-ru,commonvoice-es', 'test': 'commonvoice-en,commonvoice-zh', 'in_acc': 0.9649319680179548, 'in_auc': 0.9945257075483348, 'in_eer': 0.035208304109973346, 'cross_acc': 0.9476666666666667, 'cross_auc': 0.9910733333333334, 'cross_eer': 0.049}

Done. Results -> /project/home/p201284/guo/xmad-bench-repro/results_crosslingual_septr.csv
