root_path: /project/home/p201284/guo/xmad_data/
multilingual: True  model check for config: /project/home/p201284/guo/xmad-bench-repro/repro_tools/stepB/configs_crosslingual/config_crosslingual_ast.json

  OK  commonvoice-ar       rows=76602    sep=','
  OK  commonvoice-de       rows=14934    sep=','
  OK  commonvoice-ro       rows=30820    sep=','
  OK  commonvoice-ru       rows=67444    sep=','
  OK  commonvoice-es       rows=12694    sep=','
  OK  commonvoice-en       rows=96368    sep=','
  OK  commonvoice-zh       rows=13776    sep=','

PRE-FLIGHT PASSED — data layout looks correct for this config.

=== RUN crosslingual_ast_r01 (model=ast) ===

Loading weights:   0%|          | 0/199 [00:00<?, ?it/s]
Loading weights:   1%|          | 1/199 [00:00<01:00,  3.29it/s]
Loading weights:   8%|▊         | 16/199 [00:00<00:06, 28.74it/s]
Loading weights:  10%|█         | 20/199 [00:00<00:06, 27.38it/s]
Loading weights:  15%|█▌        | 30/199 [00:00<00:04, 38.67it/s]
Loading weights:  22%|██▏       | 43/199 [00:01<00:02, 56.07it/s]
Loading weights:  38%|███▊      | 75/199 [00:01<00:01, 109.85it/s]
Loading weights:  45%|████▍     | 89/199 [00:01<00:01, 104.38it/s]
Loading weights:  54%|█████▍    | 107/199 [00:01<00:00, 120.47it/s]
Loading weights:  61%|██████    | 121/199 [00:01<00:00, 106.03it/s]
Loading weights:  67%|██████▋   | 133/199 [00:01<00:00, 108.65it/s]
Loading weights:  73%|███████▎  | 146/199 [00:01<00:00, 104.62it/s]
Loading weights:  79%|███████▉  | 158/199 [00:01<00:00, 103.85it/s]
Loading weights:  85%|████████▍ | 169/199 [00:02<00:00, 98.29it/s] 
Loading weights:  92%|█████████▏| 183/199 [00:02<00:00, 93.28it/s]
Loading weights:  97%|█████████▋| 193/199 [00:02<00:00, 46.61it/s]
Loading weights: 100%|██████████| 199/199 [00:02<00:00, 70.33it/s]
[transformers] [1mASTModel LOAD REPORT[0m from: MIT/ast-finetuned-audioset-10-10-0.4593
Key                         | Status     |  | 
----------------------------+------------+--+-
classifier.layernorm.bias   | UNEXPECTED |  | 
classifier.dense.bias       | UNEXPECTED |  | 
classifier.dense.weight     | UNEXPECTED |  | 
classifier.layernorm.weight | UNEXPECTED |  | 

Notes:
- UNEXPECTED:	can be ignored when loading from different task/architecture; not ok if you expect identical arch.
/mnt/tier2/project/p201284/guo/xmad-bench-repro/venv/lib/python3.13/site-packages/transformers/audio_utils.py:704: UserWarning: At least one mel filter has all zero values. The value for `num_mel_filters` (128) may be set too high. Or, the value for `num_frequency_bins` (257) may be set too low.
  warnings.warn(
commonvoice-ar
commonvoice-de
commonvoice-ro
commonvoice-ru
commonvoice-es
/mnt/tier2/project/p201284/guo/xmad-bench-repro/venv/lib/python3.13/site-packages/transformers/audio_utils.py:704: UserWarning: At least one mel filter has all zero values. The value for `num_mel_filters` (128) may be set too high. Or, the value for `num_frequency_bins` (257) may be set too low.
  warnings.warn(
commonvoice-ar
commonvoice-de
commonvoice-ro
commonvoice-ru
commonvoice-es
  [at-most] commonvoice-es: requested 1500 real samples, only 1129 available in this split - using 1129
/mnt/tier2/project/p201284/guo/xmad-bench-repro/venv/lib/python3.13/site-packages/transformers/audio_utils.py:704: UserWarning: At least one mel filter has all zero values. The value for `num_mel_filters` (128) may be set too high. Or, the value for `num_frequency_bins` (257) may be set too low.
  warnings.warn(
Training on epoch 1
Training loss on iteration 0 = 0.9692023992538452
Training loss on iteration 20 = 1.341129443049431
Training loss on iteration 40 = 0.7886523753404617
Training loss on iteration 60 = 0.7967316538095475
Training loss on iteration 80 = 0.8811252444982529
Training loss on iteration 100 = 0.6846406430006027
Training loss on iteration 120 = 0.761672568321228
Training loss on iteration 140 = 0.7309817910194397
Training loss on iteration 160 = 0.7141920700669289
Training loss on iteration 180 = 0.6816930055618287
Training loss on iteration 200 = 0.4592091482132673
Training loss on iteration 220 = 0.5262672178447246
Training loss on iteration 240 = 0.4084191288799047
Training loss on iteration 260 = 0.3364105958491564
Training loss on iteration 280 = 0.2545797176659107
Training loss on iteration 300 = 0.1975224234163761
Training loss on iteration 320 = 0.3590472338721156
Training loss on iteration 340 = 0.33145617973059416
Training loss on iteration 360 = 0.23802272137254477
Training loss on iteration 380 = 0.2491641802713275
Training loss on iteration 400 = 0.24791265139356256
Training loss on iteration 420 = 0.17728077787905933
Training loss on iteration 440 = 0.16417140811681746
Training loss on iteration 460 = 0.15067469137720763
Training loss on iteration 480 = 0.16182175418362021
Training loss on iteration 500 = 0.1910425792913884
Training loss on iteration 520 = 0.19095726306550204
Training loss on iteration 540 = 0.14019338535144926
Training loss on iteration 560 = 0.153763745049946
Training loss on iteration 580 = 0.14639824158512055
Training loss on iteration 600 = 0.15807897662743925
Training loss on iteration 620 = 0.14825922180898488
Training loss on iteration 640 = 0.2853657893836498
Training loss on iteration 660 = 0.24412440559826792
Training loss on iteration 680 = 0.12636903775855898
Training loss on iteration 700 = 0.16723302379250526
Training loss on iteration 720 = 0.12505271905101836
Training loss on iteration 740 = 0.21647803336381913
Training loss on iteration 760 = 0.11565380475949497
Training loss on iteration 780 = 0.14497044940944762
Training loss on iteration 800 = 0.17978539038449526
Training loss on iteration 820 = 0.17038088822737335
Training loss on iteration 840 = 0.14921507299877704
Training loss on iteration 860 = 0.2318590272217989
Training loss on iteration 880 = 0.12707905035931616
Training loss on iteration 900 = 0.17234827298671007
Training loss on iteration 920 = 0.21542700119316577
Training loss on iteration 940 = 0.12930228024488316
Training loss on iteration 960 = 0.08095710467314347
Training loss on iteration 980 = 0.10734955719672143
Training loss on iteration 1000 = 0.1110041408566758
Training loss on iteration 1020 = 0.0272118333959952
Training loss on iteration 1040 = 0.11739955589873716
Training loss on iteration 1060 = 0.12358284560032189
Training loss on iteration 1080 = 0.20194961780216544
Training loss on iteration 1100 = 0.08678776102606207
Training loss on iteration 1120 = 0.10127713216934353
Training loss on iteration 1140 = 0.12504876339808108
Training loss on iteration 1160 = 0.11059022780973464
Training loss on iteration 1180 = 0.04860042541986331
Training loss on iteration 1200 = 0.21709424330038019
Training loss on iteration 1220 = 0.050590558210387826
Training loss on iteration 1240 = 0.0747813657624647
Training loss on iteration 1260 = 0.06705526171135716
Training loss on iteration 1280 = 0.08126312126987614
Training loss on iteration 1300 = 0.014875977457268163
Training loss on iteration 1320 = 0.04811708297638688
Training loss on iteration 1340 = 0.3024840296129696
Training loss on iteration 1360 = 0.19764847308397293
Training loss on iteration 1380 = 0.11289583854377269
Training loss on iteration 1400 = 0.1386425586650148
Training loss on iteration 1420 = 0.07261313449707814
Training loss on iteration 1440 = 0.1427875745575875
Training loss on iteration 1460 = 0.08061076344456523
Training loss on iteration 1480 = 0.0975551409414038
### EVAL:: Epoch 1:: Loss = 0.13789496399913026 :: ACC = 0.9488708093701781, AUC = 0.9969596031028769, EER = 0.02735306494599523
Training on epoch 2
Training loss on iteration 0 = 0.15235960483551025
Training loss on iteration 20 = 0.10209768670611083
Training loss on iteration 40 = 0.06824215208180248
Training loss on iteration 60 = 0.09947495748056098
Training loss on iteration 80 = 0.12079020510427654
Training loss on iteration 100 = 0.33353696297854185
Training loss on iteration 120 = 0.13937970218248666
Training loss on iteration 140 = 0.12764310704078524
Training loss on iteration 160 = 0.09055443892721086
Training loss on iteration 180 = 0.1153699835529551
Training loss on iteration 200 = 0.06234181132167578
Training loss on iteration 220 = 0.16214654773939402
Training loss on iteration 240 = 0.17189801577478647
Training loss on iteration 260 = 0.0994020958954934
Training loss on iteration 280 = 0.08157272950047627
Training loss on iteration 300 = 0.14776420393027365
Training loss on iteration 320 = 0.19341285414993764
Training loss on iteration 340 = 0.1467113688122481
Training loss on iteration 360 = 0.07058921097777784
Training loss on iteration 380 = 0.06381995818228461
Training loss on iteration 400 = 0.05905179249821231
Training loss on iteration 420 = 0.02672233203156793
Training loss on iteration 440 = 0.21359061206458135
Training loss on iteration 460 = 0.12464642521226779
Training loss on iteration 480 = 0.11378332781605423
Training loss on iteration 500 = 0.09913283898495137
Training loss on iteration 520 = 0.07153929944615811
Training loss on iteration 540 = 0.1225830360170221
Training loss on iteration 560 = 0.08508337918901816
Training loss on iteration 580 = 0.09172143395990133
Training loss on iteration 600 = 0.07667889206204563
Training loss on iteration 620 = 0.09132431132020428
Training loss on iteration 640 = 0.13468439287971706
Training loss on iteration 660 = 0.06335513604572043
Training loss on iteration 680 = 0.05337147304671817
Training loss on iteration 700 = 0.12859721099957824
Training loss on iteration 720 = 0.04071451111230999
Training loss on iteration 740 = 0.12374723996617831
Training loss on iteration 760 = 0.042448251153109594
Training loss on iteration 780 = 0.14406094269361347
Training loss on iteration 800 = 0.07089024623855948
Training loss on iteration 820 = 0.06012980912928469
Training loss on iteration 840 = 0.07416364959208295
Training loss on iteration 860 = 0.08793754549114965
Training loss on iteration 880 = 0.11231964621692896
Training loss on iteration 900 = 0.06274029458872973
Training loss on iteration 920 = 0.048012614400067835
Training loss on iteration 940 = 0.02162290049891453
Training loss on iteration 960 = 0.1846274289127905
Training loss on iteration 980 = 0.10821927697397768
Training loss on iteration 1000 = 0.09052094314247369
Training loss on iteration 1020 = 0.06303930975554976
Training loss on iteration 1040 = 0.03255808802496176
Training loss on iteration 1060 = 0.0980066818301566
Training loss on iteration 1080 = 0.06321561369113624
Training loss on iteration 1100 = 0.0890618808567524
Training loss on iteration 1120 = 0.08747111744887662
Training loss on iteration 1140 = 0.19074863813002593
Training loss on iteration 1160 = 0.09016135861165822
Training loss on iteration 1180 = 0.081626767385751
Training loss on iteration 1200 = 0.06697857631370426
Training loss on iteration 1220 = 0.0623966483224649
Training loss on iteration 1240 = 0.07453969121124829
Training loss on iteration 1260 = 0.11330665615387261
Training loss on iteration 1280 = 0.025921800755895674
Training loss on iteration 1300 = 0.09052764653170016
Training loss on iteration 1320 = 0.0773268646968063
Training loss on iteration 1340 = 0.056006805099605116
Training loss on iteration 1360 = 0.10132353130175034
Training loss on iteration 1380 = 0.09256451922701672
Training loss on iteration 1400 = 0.07249010313535109
Training loss on iteration 1420 = 0.1541666714765597
Training loss on iteration 1440 = 0.05849615284241736
Training loss on iteration 1460 = 0.02854725854613207
Training loss on iteration 1480 = 0.07156931871650159
### EVAL:: Epoch 2:: Loss = 0.12561320762383799 :: ACC = 0.9756627858044606, AUC = 0.9969522441779443, EER = 0.024407350259503437
Training on epoch 3
Training loss on iteration 0 = 0.002374195959419012
Training loss on iteration 20 = 0.22485866650240496
Training loss on iteration 40 = 0.32475161273032427
Training loss on iteration 60 = 0.31868274046573786
Training loss on iteration 80 = 0.29082014560699465
Training loss on iteration 100 = 0.4424008153378963
Training loss on iteration 120 = 0.32618131022900343
Training loss on iteration 140 = 0.27404947578907013
Training loss on iteration 160 = 0.45345464497804644
Training loss on iteration 180 = 0.259962714323774
Training loss on iteration 200 = 0.2780617646872997
Training loss on iteration 220 = 0.26552434638142586
Training loss on iteration 240 = 0.28927688477560876
Training loss on iteration 260 = 0.21733897719532252
Training loss on iteration 280 = 0.20212855865247548
Training loss on iteration 300 = 0.09805928245186805
Training loss on iteration 320 = 0.1227353343507275
Training loss on iteration 340 = 0.14596927929669617
Training loss on iteration 360 = 0.13924508083146064
Training loss on iteration 380 = 0.126686423830688
Training loss on iteration 400 = 0.2037488323636353
Training loss on iteration 420 = 0.11419115071184933
Training loss on iteration 440 = 0.09718988598324359
Training loss on iteration 460 = 0.13571545081213116
Training loss on iteration 480 = 0.11135745588690042
Training loss on iteration 500 = 0.06955411524977535
Training loss on iteration 520 = 0.18928356611868366
Training loss on iteration 540 = 0.15008599804714323
Training loss on iteration 560 = 0.1706252704374492
Training loss on iteration 580 = 0.1593744303099811
Training loss on iteration 600 = 0.08011107090860606
Training loss on iteration 620 = 0.05168683471274562
Training loss on iteration 640 = 0.11594978382345289
Training loss on iteration 660 = 0.1754043370485306
Training loss on iteration 680 = 0.1295688551152125
Training loss on iteration 700 = 0.23351416961522772
Training loss on iteration 720 = 0.17011670176871121
Training loss on iteration 740 = 0.1219959519803524
Training loss on iteration 760 = 0.1325680932495743
Training loss on iteration 780 = 0.08411805192008615
Training loss on iteration 800 = 0.10089754976797849
Training loss on iteration 820 = 0.0778205628041178
Training loss on iteration 840 = 0.08894091179827228
Training loss on iteration 860 = 0.03439817933831364
Training loss on iteration 880 = 0.16036393184331246
Training loss on iteration 900 = 0.15807244330644607
Training loss on iteration 920 = 0.11305834779050201
Training loss on iteration 940 = 0.06626597889699042
Training loss on iteration 960 = 0.025673920891131276
Training loss on iteration 980 = 0.0778082868157071
Training loss on iteration 1000 = 0.05220599258318544
Training loss on iteration 1020 = 0.1426438827707898
Training loss on iteration 1040 = 0.08711359086446464
Training loss on iteration 1060 = 0.054977873945608734
Training loss on iteration 1080 = 0.13830341954599135
Training loss on iteration 1100 = 0.06261682813055813
Training loss on iteration 1120 = 0.0626564032281749
Training loss on iteration 1140 = 0.07871969671687111
Training loss on iteration 1160 = 0.04478841754826135
Training loss on iteration 1180 = 0.25535564495366997
Training loss on iteration 1200 = 0.07914415446575732
Training loss on iteration 1220 = 0.07191825606860221
Training loss on iteration 1240 = 0.2426024492830038
Training loss on iteration 1260 = 0.08826139322482049
Training loss on iteration 1280 = 0.012727546901442111
Training loss on iteration 1300 = 0.06234213062562048
Training loss on iteration 1320 = 0.09422525193076581
Training loss on iteration 1340 = 0.06026092144893482
Training loss on iteration 1360 = 0.10566195397404954
Training loss on iteration 1380 = 0.07221742260735482
Training loss on iteration 1400 = 0.10305077306693419
Training loss on iteration 1420 = 0.12793448050506412
Training loss on iteration 1440 = 0.051108285901136696
Training loss on iteration 1460 = 0.08665873346035369
Training loss on iteration 1480 = 0.0876945573836565
### EVAL:: Epoch 3:: Loss = 0.053543449148673206 :: ACC = 0.9802216299621265, AUC = 0.9993794104481899, EER = 0.011502314490110814
Training on epoch 4
Training loss on iteration 0 = 0.22147519886493683
Training loss on iteration 20 = 0.028449720749631525
Training loss on iteration 40 = 0.06846215417026542
Training loss on iteration 60 = 0.12712724998709746
Training loss on iteration 80 = 0.1313550716266036
Training loss on iteration 100 = 0.08334601577371359
Training loss on iteration 120 = 0.050319672573823485
Training loss on iteration 140 = 0.0330427849519765
Training loss on iteration 160 = 0.07215052596548048
Training loss on iteration 180 = 0.25647228456073207
Training loss on iteration 200 = 0.11314697237685323
Training loss on iteration 220 = 0.09639163606334478
Training loss on iteration 240 = 0.09600200369604864
Training loss on iteration 260 = 0.03593813742045313
Training loss on iteration 280 = 0.12130638070811983
Training loss on iteration 300 = 0.08091576113365591
Training loss on iteration 320 = 0.07556123700924218
Training loss on iteration 340 = 0.1138017945282627
Training loss on iteration 360 = 0.06755131671670825
Training loss on iteration 380 = 0.06858269046060742
Training loss on iteration 400 = 0.044308225205168125
Training loss on iteration 420 = 0.11838982105837204
Training loss on iteration 440 = 0.11965317125432193
Training loss on iteration 460 = 0.05501659938599914
Training loss on iteration 480 = 0.05727292147930711
Training loss on iteration 500 = 0.054098349492414856
Training loss on iteration 520 = 0.11297258549602703
Training loss on iteration 540 = 0.08833305487642065
Training loss on iteration 560 = 0.07900439172517508
Training loss on iteration 580 = 0.05938530706334859
Training loss on iteration 600 = 0.03225500404078048
Training loss on iteration 620 = 0.05233735051442636
Training loss on iteration 640 = 0.053325718367705124
Training loss on iteration 660 = 0.07795697879046201
Training loss on iteration 680 = 0.04967829111265019
Training loss on iteration 700 = 0.11209702902124263
Training loss on iteration 720 = 0.11177767347253394
Training loss on iteration 740 = 0.06330157748889179
Training loss on iteration 760 = 0.10938090491108596
Training loss on iteration 780 = 0.1418826366541907
Training loss on iteration 800 = 0.30128754964098337
Training loss on iteration 820 = 0.15650569871068
Training loss on iteration 840 = 0.12104746883269399
Training loss on iteration 860 = 0.08201036363607273
Training loss on iteration 880 = 0.049989065458066764
Training loss on iteration 900 = 0.06027053039870225
Training loss on iteration 920 = 0.07305810583784478
Training loss on iteration 940 = 0.07866652212105692
Training loss on iteration 960 = 0.09127091356785969
Training loss on iteration 980 = 0.03103698919294402
Training loss on iteration 1000 = 0.0859770658891648
Training loss on iteration 1020 = 0.10432928153313696
Training loss on iteration 1040 = 0.09152496755123138
Training loss on iteration 1060 = 0.17263048652093857
Training loss on iteration 1080 = 0.08661635242169723
Training loss on iteration 1100 = 0.0881902786088176
Training loss on iteration 1120 = 0.1563630147604272
Training loss on iteration 1140 = 0.1804950214922428
Training loss on iteration 1160 = 0.05784427216276526
Training loss on iteration 1180 = 0.20698081732261925
Training loss on iteration 1200 = 0.10118633527308703
Training loss on iteration 1220 = 0.06849322323687375
Training loss on iteration 1240 = 0.14758197078481317
Training loss on iteration 1260 = 0.19520458220504225
Training loss on iteration 1280 = 0.11729803709313273
Training loss on iteration 1300 = 0.06241327236348297
Training loss on iteration 1320 = 0.10631411636713892
Training loss on iteration 1340 = 0.11578438247088343
Training loss on iteration 1360 = 0.145337296416983
Training loss on iteration 1380 = 0.1286759844981134
Training loss on iteration 1400 = 0.1347023371141404
Training loss on iteration 1420 = 0.10497337060514837
Training loss on iteration 1440 = 0.13648569672368466
Training loss on iteration 1460 = 0.0884274019044824
Training loss on iteration 1480 = 0.1737321250140667
### EVAL:: Epoch 4:: Loss = 0.2279423336376146 :: ACC = 0.9244634591106747, AUC = 0.9931384124646335, EER = 0.04011782858745967
Training on epoch 5
Training loss on iteration 0 = 0.010262642055749893
Training loss on iteration 20 = 0.09367886951658874
Training loss on iteration 40 = 0.1198608705541119
Training loss on iteration 60 = 0.10946495914831758
Training loss on iteration 80 = 0.06579479363281279
Training loss on iteration 100 = 0.06438637697137892
Training loss on iteration 120 = 0.09352406293619424
Training loss on iteration 140 = 0.06042847621720284
Training loss on iteration 160 = 0.12402274468913674
Training loss on iteration 180 = 0.059786568651907145
Training loss on iteration 200 = 0.08041141787543893
Training loss on iteration 220 = 0.05435742459958419
Training loss on iteration 240 = 0.10930014827754349
Training loss on iteration 260 = 0.09644314552424475
Training loss on iteration 280 = 0.07288117107236758
Training loss on iteration 300 = 0.03315285372664221
Training loss on iteration 320 = 0.027744345185055863
Training loss on iteration 340 = 0.11377705339109526
Training loss on iteration 360 = 0.07248400477692485
Training loss on iteration 380 = 0.04609914978500455
Training loss on iteration 400 = 0.06203555739775766
Training loss on iteration 420 = 0.1082595320942346
Training loss on iteration 440 = 0.03728607506491244
Training loss on iteration 460 = 0.03705958175996784
Training loss on iteration 480 = 0.10840250089895562
Training loss on iteration 500 = 0.11659142808057368
Training loss on iteration 520 = 0.08822480000089854
Training loss on iteration 540 = 0.07366748646600171
Training loss on iteration 560 = 0.0961652675876394
Training loss on iteration 580 = 0.07619245687674266
Training loss on iteration 600 = 0.07453945064626169
Training loss on iteration 620 = 0.13507525132736192
Training loss on iteration 640 = 0.04827563603175804
Training loss on iteration 660 = 0.08609765012515709
Training loss on iteration 680 = 0.041578643713728526
Training loss on iteration 700 = 0.04067650140823389
Training loss on iteration 720 = 0.08268458986131008
Training loss on iteration 740 = 0.08668737804982811
Training loss on iteration 760 = 0.06067277144175023
Training loss on iteration 780 = 0.06435745572671295
Training loss on iteration 800 = 0.07070680008619093
Training loss on iteration 820 = 0.14359140484593808
Training loss on iteration 840 = 0.07156035620719195
Training loss on iteration 860 = 0.08276054802117869
Training loss on iteration 880 = 0.07342857599142008
Training loss on iteration 900 = 0.07894520049449057
Training loss on iteration 920 = 0.07887397771846735
Training loss on iteration 940 = 0.14828090014998452
Training loss on iteration 960 = 0.057842082483693956
Training loss on iteration 980 = 0.0807287957315566
Training loss on iteration 1000 = 0.032562503195367756
Training loss on iteration 1020 = 0.08195983960758894
Training loss on iteration 1040 = 0.08174946666695178
Training loss on iteration 1060 = 0.04275395364384167
Training loss on iteration 1080 = 0.13864370892988517
Training loss on iteration 1100 = 0.09966578711755573
Training loss on iteration 1120 = 0.06216254950486473
Training loss on iteration 1140 = 0.13097866942553082
Training loss on iteration 1160 = 0.07461595884524286
Training loss on iteration 1180 = 0.0621691822016146
Training loss on iteration 1200 = 0.09013445145392325
Training loss on iteration 1220 = 0.14648662552936004
Training loss on iteration 1240 = 0.06299194116145372
Training loss on iteration 1260 = 0.05979844261310063
Training loss on iteration 1280 = 0.17453471645712854
Training loss on iteration 1300 = 0.08137122656917199
Training loss on iteration 1320 = 0.0785123253292113
Training loss on iteration 1340 = 0.07317159911617636
Training loss on iteration 1360 = 0.07177655728301033
Training loss on iteration 1380 = 0.09665275801671669
Training loss on iteration 1400 = 0.13009305253508502
Training loss on iteration 1420 = 0.07691034723538906
Training loss on iteration 1440 = 0.055794360511936245
Training loss on iteration 1460 = 0.07909083168779034
Training loss on iteration 1480 = 0.06467681925278157
### EVAL:: Epoch 5:: Loss = 0.09229351813612943 :: ACC = 0.9692102679197644, AUC = 0.9991481749246365, EER = 0.01248421938560808
Training on epoch 6
Training loss on iteration 0 = 0.07977311313152313
Training loss on iteration 20 = 0.1103906020289287
Training loss on iteration 40 = 0.037531983567168935
Training loss on iteration 60 = 0.10582608386757783
Training loss on iteration 80 = 0.15837425023782997
Training loss on iteration 100 = 0.06491490821354091
Training loss on iteration 120 = 0.04142837152467109
Training loss on iteration 140 = 0.05704488062183373
Training loss on iteration 160 = 0.05994133276399225
Training loss on iteration 180 = 0.02717707143165171
Training loss on iteration 200 = 0.07912712542783992
Training loss on iteration 220 = 0.08206290988600813
Training loss on iteration 240 = 0.054977803980000316
Training loss on iteration 260 = 0.04581687555037206
Training loss on iteration 280 = 0.05621663928759517
Training loss on iteration 300 = 0.08643533282447606
Training loss on iteration 320 = 0.07688846720848233
Training loss on iteration 340 = 0.04824724934296683
Training loss on iteration 360 = 0.012979235996317584
Training loss on iteration 380 = 0.06403821031271946
Training loss on iteration 400 = 0.11842613382905257
Training loss on iteration 420 = 0.025808110367506742
Training loss on iteration 440 = 0.10985095154937881
Training loss on iteration 460 = 0.06884963373886421
Training loss on iteration 480 = 0.0646302938752342
Training loss on iteration 500 = 0.08594654235057533
Training loss on iteration 520 = 0.04628392846789211
Training loss on iteration 540 = 0.010566513727826531
Training loss on iteration 560 = 0.11365114676882512
Training loss on iteration 580 = 0.05305830051074736
Training loss on iteration 600 = 0.06966271799174137
Training loss on iteration 620 = 0.09759748738724738
Training loss on iteration 640 = 0.08943589619593695
Training loss on iteration 660 = 0.051080971129704264
Training loss on iteration 680 = 0.02581928150902968
Training loss on iteration 700 = 0.06882953071617522
Training loss on iteration 720 = 0.07116827308491339
Training loss on iteration 740 = 0.05069858297356404
Training loss on iteration 760 = 0.017492976932408054
Training loss on iteration 780 = 0.07757595828988997
Training loss on iteration 800 = 0.07971006911539007
Training loss on iteration 820 = 0.05598595110932365
Training loss on iteration 840 = 0.025708694452623602
Training loss on iteration 860 = 0.14762061163200996
Training loss on iteration 880 = 0.0321249972039368
Training loss on iteration 900 = 0.13805221228394657
Training loss on iteration 920 = 0.108702455740422
Training loss on iteration 940 = 0.30130699519068005
Training loss on iteration 960 = 0.19693644121289253
Training loss on iteration 980 = 0.14253246309235693
Training loss on iteration 1000 = 0.07377889354247599
Training loss on iteration 1020 = 0.17693764076102525
Training loss on iteration 1040 = 0.24794772043824195
Training loss on iteration 1060 = 0.11003921403898857
Training loss on iteration 1080 = 0.10319516600866337
Training loss on iteration 1100 = 0.09471091404557228
Training loss on iteration 1120 = 0.17054443238303066
Training loss on iteration 1140 = 0.0760952341806842
Training loss on iteration 1160 = 0.1099068968789652
Training loss on iteration 1180 = 0.11895986250601709
Training loss on iteration 1200 = 0.23621562574990093
Training loss on iteration 1220 = 0.08684230472426861
Training loss on iteration 1240 = 0.13172675226815045
Training loss on iteration 1260 = 0.03220208702259697
Training loss on iteration 1280 = 0.04318617431999883
Training loss on iteration 1300 = 0.04528402404248481
Training loss on iteration 1320 = 0.14922738079912962
Training loss on iteration 1340 = 0.11045892147812993
Training loss on iteration 1360 = 0.06949262337730033
Training loss on iteration 1380 = 0.11048545149969868
Training loss on iteration 1400 = 0.06687873378396034
Training loss on iteration 1420 = 0.031228525465121493
Training loss on iteration 1440 = 0.012456333292357158
Training loss on iteration 1460 = 0.1499232411297271
Training loss on iteration 1480 = 0.14536228445358573
### EVAL:: Epoch 6:: Loss = 0.044707746978635825 :: ACC = 0.9849207462477205, AUC = 0.9991190540452236, EER = 0.012905035769392621
Training on epoch 7
Training loss on iteration 0 = 0.040933750569820404
Training loss on iteration 20 = 0.10022122890222818
Training loss on iteration 40 = 0.040889547707047315
Training loss on iteration 60 = 0.0839869031275157
Training loss on iteration 80 = 0.07730074371502269
Training loss on iteration 100 = 0.08794460892677307
Training loss on iteration 120 = 0.12994721652939917
Training loss on iteration 140 = 0.08405804829671978
Training loss on iteration 160 = 0.10540900512132793
Training loss on iteration 180 = 0.06967012198874727
Training loss on iteration 200 = 0.07782567637041211
Training loss on iteration 220 = 0.050595798215363176
Training loss on iteration 240 = 0.07187860856647603
Training loss on iteration 260 = 0.031606716255191715
Training loss on iteration 280 = 0.046151468974130694
Training loss on iteration 300 = 0.10678310065268307
Training loss on iteration 320 = 0.09055667955544777
Training loss on iteration 340 = 0.09119324140483513
Training loss on iteration 360 = 0.07887747667264193
Training loss on iteration 380 = 0.04072941173799336
Training loss on iteration 400 = 0.07500914824195207
Training loss on iteration 420 = 0.026604266677168198
Training loss on iteration 440 = 0.09780724303564056
Training loss on iteration 460 = 0.04032399361021817
Training loss on iteration 480 = 0.08223672580788843
Training loss on iteration 500 = 0.07937341350479983
Training loss on iteration 520 = 0.06618735266383738
Training loss on iteration 540 = 0.05269332971656695
Training loss on iteration 560 = 0.030937717709457503
Training loss on iteration 580 = 0.1045808893861249
Training loss on iteration 600 = 0.10106556897517294
Training loss on iteration 620 = 0.05202474945690483
Training loss on iteration 640 = 0.055994726379867646
Training loss on iteration 660 = 0.06451109444606118
Training loss on iteration 680 = 0.09218149047810584
Training loss on iteration 700 = 0.07738419845991303
Training loss on iteration 720 = 0.10747981218155474
Training loss on iteration 740 = 0.023069089525961317
Training loss on iteration 760 = 0.1429396095511038
Training loss on iteration 780 = 0.09042541733942926
Training loss on iteration 800 = 0.08484314266825095
Training loss on iteration 820 = 0.053187501576030624
Training loss on iteration 840 = 0.05069686356873717
Training loss on iteration 860 = 0.01771276773652062
Training loss on iteration 880 = 0.1046854273736244
Training loss on iteration 900 = 0.07940546795725822
Training loss on iteration 920 = 0.014178090204950422
Training loss on iteration 940 = 0.07714160598115996
Training loss on iteration 960 = 0.02905566691188142
Training loss on iteration 980 = 0.1047313623217633
Training loss on iteration 1000 = 0.05279067263472825
Training loss on iteration 1020 = 0.04335586055531167
Training loss on iteration 1040 = 0.05358954495168291
Training loss on iteration 1060 = 0.020495803345693276
Training loss on iteration 1080 = 0.027981507019285347
Training loss on iteration 1100 = 0.056887993842974535
Training loss on iteration 1120 = 0.060724425964872354
Training loss on iteration 1140 = 0.10346832619979977
Training loss on iteration 1160 = 0.04344473115634173
Training loss on iteration 1180 = 0.03748939834185876
Training loss on iteration 1200 = 0.028212550160242246
Training loss on iteration 1220 = 0.05795233872777317
Training loss on iteration 1240 = 0.07865972254658118
Training loss on iteration 1260 = 0.035801871155854315
Training loss on iteration 1280 = 0.11831674091517926
Training loss on iteration 1300 = 0.1947384147439152
Training loss on iteration 1320 = 0.07764355735853315
Training loss on iteration 1340 = 0.06608437899267301
Training loss on iteration 1360 = 0.007928624845226296
Training loss on iteration 1380 = 0.1079482224493404
Training loss on iteration 1400 = 0.25407165177166463
Training loss on iteration 1420 = 0.3485426415223628
Training loss on iteration 1440 = 0.1842107695993036
Training loss on iteration 1460 = 0.21219102626200764
Training loss on iteration 1480 = 0.1527381248306483
### EVAL:: Epoch 7:: Loss = 0.06743724717903953 :: ACC = 0.982956936456726, AUC = 0.9984944308580893, EER = 0.0166923832234535
Training on epoch 8
Training loss on iteration 0 = 0.051441490650177
Training loss on iteration 20 = 0.051575279352255164
Training loss on iteration 40 = 0.113372651708778
Training loss on iteration 60 = 0.0650018913904205
Training loss on iteration 80 = 0.06662698599975556
Training loss on iteration 100 = 0.06384731273865327
Training loss on iteration 120 = 0.07284762716153637
Training loss on iteration 140 = 0.08319978432846256
Training loss on iteration 160 = 0.03419749669265002
Training loss on iteration 180 = 0.10348999655398075
Training loss on iteration 200 = 0.04655510637676343
Training loss on iteration 220 = 0.1467927620949922
Training loss on iteration 240 = 0.1866199907846749
Training loss on iteration 260 = 0.1259421689901501
Training loss on iteration 280 = 0.14510390756186098
Training loss on iteration 300 = 0.2870553458109498
Training loss on iteration 320 = 0.16627119295299053
Training loss on iteration 340 = 0.1949353380361572
Training loss on iteration 360 = 0.15590453315526248
Training loss on iteration 380 = 0.16898212102241814
Training loss on iteration 400 = 0.13980838605202733
Training loss on iteration 420 = 0.11770123322494327
Training loss on iteration 440 = 0.129665204975754
Training loss on iteration 460 = 0.14393987972289324
Training loss on iteration 480 = 0.13097723154351115
Training loss on iteration 500 = 0.059280497505096716
Training loss on iteration 520 = 0.18137071981327607
Training loss on iteration 540 = 0.13789602024480702
Training loss on iteration 560 = 0.07398341285297647
Training loss on iteration 580 = 0.1414815337397158
Training loss on iteration 600 = 0.09568088450469077
Training loss on iteration 620 = 0.045344653492793444
Training loss on iteration 640 = 0.0679618738940917
Training loss on iteration 660 = 0.05307022270280868
Training loss on iteration 680 = 0.07818327118293382
Training loss on iteration 700 = 0.1286364017985761
Training loss on iteration 720 = 0.11003798074088991
Training loss on iteration 740 = 0.0492510165902786
Training loss on iteration 760 = 0.07331193774007261
Training loss on iteration 780 = 0.0897092825442087
Training loss on iteration 800 = 0.05769885330228135
Training loss on iteration 820 = 0.11632369828876107
Training loss on iteration 840 = 0.09764108143281192
Training loss on iteration 860 = 0.04950402322574519
Training loss on iteration 880 = 0.16272648883750662
Training loss on iteration 900 = 0.1369017047341913
Training loss on iteration 920 = 0.13919342074077576
Training loss on iteration 940 = 0.13963806265965104
Training loss on iteration 960 = 0.10549428360536695
Training loss on iteration 980 = 0.09637704947963358
Training loss on iteration 1000 = 0.10652246368117631
Training loss on iteration 1020 = 0.10507418657653034
Training loss on iteration 1040 = 0.08773664334439672
Training loss on iteration 1060 = 0.06218674713745713
Training loss on iteration 1080 = 0.15021363766863943
Training loss on iteration 1100 = 0.09120244830846787
Training loss on iteration 1120 = 0.10353102769004181
Training loss on iteration 1140 = 0.11890085430932232
Training loss on iteration 1160 = 0.1304078521206975
Training loss on iteration 1180 = 0.0860586706083268
Training loss on iteration 1200 = 0.04084934009006247
Training loss on iteration 1220 = 0.03714018094469793
Training loss on iteration 1240 = 0.04654616098850965
Training loss on iteration 1260 = 0.09070315713179297
Training loss on iteration 1280 = 0.056127808423480016
Training loss on iteration 1300 = 0.10095469640800729
Training loss on iteration 1320 = 0.04288171719526872
Training loss on iteration 1340 = 0.10749323144555092
Training loss on iteration 1360 = 0.07506614639423788
Training loss on iteration 1380 = 0.09843730488792062
Training loss on iteration 1400 = 0.2702900357544422
Training loss on iteration 1420 = 0.18796192505396903
Training loss on iteration 1440 = 0.16390363953541964
Training loss on iteration 1460 = 0.10113479048013688
Training loss on iteration 1480 = 0.10960454128216952
### EVAL:: Epoch 8:: Loss = 0.05848725860995807 :: ACC = 0.9823257118810492, AUC = 0.9980408141324257, EER = 0.017814560246878944
Training on epoch 9
Training loss on iteration 0 = 0.02653438225388527
Training loss on iteration 20 = 0.06067681908607483
Training loss on iteration 40 = 0.2029367570474278
Training loss on iteration 60 = 0.318445223197341
Training loss on iteration 80 = 0.07642296492122114
Training loss on iteration 100 = 0.10632411180995405
Training loss on iteration 120 = 0.1014901484362781
Training loss on iteration 140 = 0.08537487197900191
Training loss on iteration 160 = 0.24155884257052093
Training loss on iteration 180 = 0.1634123358555371
Training loss on iteration 200 = 0.04975191585253924
Training loss on iteration 220 = 0.21362145171733574
Training loss on iteration 240 = 0.33845418468117716
Training loss on iteration 260 = 0.08473346678074449
Training loss on iteration 280 = 0.05017836198676377
Training loss on iteration 300 = 0.07628989214426837
Training loss on iteration 320 = 0.05456790868192911
Training loss on iteration 340 = 0.05074529593111947
Training loss on iteration 360 = 0.17273598089814185
Training loss on iteration 380 = 0.10211212390568107
Training loss on iteration 400 = 0.08386065524537116
Training loss on iteration 420 = 0.09761652337620035
Training loss on iteration 440 = 0.0955592178273946
Training loss on iteration 460 = 0.155156948720105
Training loss on iteration 480 = 0.1643006983678788
Training loss on iteration 500 = 0.06657518732827157
Training loss on iteration 520 = 0.2112394864903763
Training loss on iteration 540 = 0.10049373316578566
Training loss on iteration 560 = 0.0888584099826403
Training loss on iteration 580 = 0.06501088340301067
Training loss on iteration 600 = 0.024276382269454187
Training loss on iteration 620 = 0.10988941997638904
Training loss on iteration 640 = 0.099723617779091
Training loss on iteration 660 = 0.05754334208322689
Training loss on iteration 680 = 0.11887592438142747
Training loss on iteration 700 = 0.05746238622814417
Training loss on iteration 720 = 0.07064056425297167
Training loss on iteration 740 = 0.11811922698980197
Training loss on iteration 760 = 0.12553171348990871
Training loss on iteration 780 = 0.12658747024834155
Training loss on iteration 800 = 0.0852140162838623
Training loss on iteration 820 = 0.07196168332302477
Training loss on iteration 840 = 0.04911605913075619
Training loss on iteration 860 = 0.057031544391065836
Training loss on iteration 880 = 0.051175266125937924
Training loss on iteration 900 = 0.0839852832723409
Training loss on iteration 920 = 0.07712620849197264
Training loss on iteration 940 = 0.022798305738251656
Training loss on iteration 960 = 0.04935355554916896
Training loss on iteration 980 = 0.0899463189591188
Training loss on iteration 1000 = 0.1031405069399625
Training loss on iteration 1020 = 0.06075803525745869
Training loss on iteration 1040 = 0.057844565610866996
Training loss on iteration 1060 = 0.021213211491703986
Training loss on iteration 1080 = 0.13506229348713533
Training loss on iteration 1100 = 0.21524674319662154
Training loss on iteration 1120 = 0.13912837198004127
Training loss on iteration 1140 = 0.1403195785358548
Training loss on iteration 1160 = 0.08067617430351674
Training loss on iteration 1180 = 0.07592628553975374
Training loss on iteration 1200 = 0.06227743698400445
Training loss on iteration 1220 = 0.15170296826399862
Training loss on iteration 1240 = 0.11324784094467759
Training loss on iteration 1260 = 0.16321157505735756
Training loss on iteration 1280 = 0.4029669601470232
Training loss on iteration 1300 = 0.28828331977128985
Training loss on iteration 1320 = 0.3096379094291478
Training loss on iteration 1340 = 0.4100300192832947
Training loss on iteration 1360 = 0.2366922258399427
Training loss on iteration 1380 = 0.2076912524178624
Training loss on iteration 1400 = 0.23592924792319536
Training loss on iteration 1420 = 0.15195396412163972
Training loss on iteration 1440 = 0.28166976664215326
Training loss on iteration 1460 = 0.21767588444054126
Training loss on iteration 1480 = 0.2606204477138817
### EVAL:: Epoch 9:: Loss = 0.197545588208032 :: ACC = 0.919273390377332, AUC = 0.9951479499068141, EER = 0.03296395006312246
Training on epoch 10
Training loss on iteration 0 = 0.25069260597229004
Training loss on iteration 20 = 0.17421068865805864
Training loss on iteration 40 = 0.12953117354772986
Training loss on iteration 60 = 0.16558966040611267
Training loss on iteration 80 = 0.24192687598988413
Training loss on iteration 100 = 0.16210331078618764
Training loss on iteration 120 = 0.10244793873280286
Training loss on iteration 140 = 0.1223746448289603
Training loss on iteration 160 = 0.1492912023793906
Training loss on iteration 180 = 0.14934613569639624
Training loss on iteration 200 = 0.10592142855748535
Training loss on iteration 220 = 0.077836449816823
Training loss on iteration 240 = 0.10506651024334132
Training loss on iteration 260 = 0.11612854973063805
Training loss on iteration 280 = 0.1333315792493522
Training loss on iteration 300 = 0.10096779484301806
Training loss on iteration 320 = 0.14630276914685963
Training loss on iteration 340 = 0.11261887181317434
Training loss on iteration 360 = 0.14486053409054875
Training loss on iteration 380 = 0.06840762011706829
Training loss on iteration 400 = 0.11567667843773961
Training loss on iteration 420 = 0.15387521932134404
Training loss on iteration 440 = 0.09505562181584537
Training loss on iteration 460 = 0.17331826938316225
Training loss on iteration 480 = 0.2795814801007509
Training loss on iteration 500 = 0.1698798886500299
Training loss on iteration 520 = 0.0707178738899529
Training loss on iteration 540 = 0.04900515411864035
Training loss on iteration 560 = 0.06345024469774216
Training loss on iteration 580 = 0.10441323342965916
Training loss on iteration 600 = 0.09243240650976077
Training loss on iteration 620 = 0.15256219515576958
Training loss on iteration 640 = 0.116715128114447
Training loss on iteration 660 = 0.08722010396886618
Training loss on iteration 680 = 0.1769458323251456
Training loss on iteration 700 = 0.10640277918428183
Training loss on iteration 720 = 0.07190877408720553
Training loss on iteration 740 = 0.051630958181340246
Training loss on iteration 760 = 0.11650936233345419
Training loss on iteration 780 = 0.09924062805948779
Training loss on iteration 800 = 0.06587356426753103
Training loss on iteration 820 = 0.08645798366051168
Training loss on iteration 840 = 0.10969952633604407
Training loss on iteration 860 = 0.1374971521552652
Training loss on iteration 880 = 0.12519922049250454
Training loss on iteration 900 = 0.12834201336372644
Training loss on iteration 920 = 0.06598304294748232
Training loss on iteration 940 = 0.20899801693158224
Training loss on iteration 960 = 0.09925239812582731
Training loss on iteration 980 = 0.1465013746637851
Training loss on iteration 1000 = 0.12718831226229668
Training loss on iteration 1020 = 0.10542856031097472
Training loss on iteration 1040 = 0.12542789508588612
Training loss on iteration 1060 = 0.08324380933772772
Training loss on iteration 1080 = 0.08643089539837093
Training loss on iteration 1100 = 0.11697881190339103
Training loss on iteration 1120 = 0.09025000315159559
Training loss on iteration 1140 = 0.0895207610214129
Training loss on iteration 1160 = 0.03603589457925409
Training loss on iteration 1180 = 0.03569338553352282
Training loss on iteration 1200 = 0.013327625789679587
Training loss on iteration 1220 = 0.052407594716351015
Training loss on iteration 1240 = 0.024590601950330894
Training loss on iteration 1260 = 0.08647825778607512
Training loss on iteration 1280 = 0.08212867097463458
Training loss on iteration 1300 = 0.09103018051246181
Training loss on iteration 1320 = 0.0806554539303761
Training loss on iteration 1340 = 0.06698087094118818
Training loss on iteration 1360 = 0.034594452462624756
Training loss on iteration 1380 = 0.06036259476095438
Training loss on iteration 1400 = 0.09109605747507885
Training loss on iteration 1420 = 0.05765356789779617
Training loss on iteration 1440 = 0.08316956040798687
Training loss on iteration 1460 = 0.12051101217512042
Training loss on iteration 1480 = 0.0806947274832055
### EVAL:: Epoch 10:: Loss = 0.03482115080499975 :: ACC = 0.9873053724224996, AUC = 0.9992100371171188, EER = 0.01262449151353626
Training on epoch 11
Training loss on iteration 0 = 0.0024796477518975735
Training loss on iteration 20 = 0.05719494844088331
Training loss on iteration 40 = 0.044958170311292636
Training loss on iteration 60 = 0.06050016619265079
Training loss on iteration 80 = 0.090524800500134
Training loss on iteration 100 = 0.023751578299561517
Training loss on iteration 120 = 0.09709944620262831
Training loss on iteration 140 = 0.009069150849245488
Training loss on iteration 160 = 0.07968735428294167
Training loss on iteration 180 = 0.08715102840214968
Training loss on iteration 200 = 0.08837377668824047
Training loss on iteration 220 = 0.065246294089593
Training loss on iteration 240 = 0.07039738934254273
Training loss on iteration 260 = 0.14261326738633215
Training loss on iteration 280 = 0.06258804330136628
Training loss on iteration 300 = 0.030331019149161875
Training loss on iteration 320 = 0.0770254159491742
Training loss on iteration 340 = 0.08611425599083304
Training loss on iteration 360 = 0.09382664331933484
Training loss on iteration 380 = 0.0739627534057945
Training loss on iteration 400 = 0.09358958479424473
Training loss on iteration 420 = 0.13454002665821463
Training loss on iteration 440 = 0.07843473301036283
Training loss on iteration 460 = 0.05630596871487796
Training loss on iteration 480 = 0.012571087313699537
Training loss on iteration 500 = 0.2961897573142778
Training loss on iteration 520 = 0.3333503296598792
Training loss on iteration 540 = 0.23608219362795352
Training loss on iteration 560 = 0.06791594410315156
Training loss on iteration 580 = 0.11233757385052741
Training loss on iteration 600 = 0.11102603294420987
Training loss on iteration 620 = 0.3216114388778806
Training loss on iteration 640 = 0.22167718652635812
Training loss on iteration 660 = 0.15569390449672937
Training loss on iteration 680 = 0.1147867045365274
Training loss on iteration 700 = 0.2422341917641461
Training loss on iteration 720 = 0.1526644562371075
Training loss on iteration 740 = 0.14184941280400382
Training loss on iteration 760 = 0.1369564939290285
Training loss on iteration 780 = 0.08787926209624856
Training loss on iteration 800 = 0.1119943251251243
Training loss on iteration 820 = 0.07827169981319457
Training loss on iteration 840 = 0.06271358422818593
Training loss on iteration 860 = 0.08170871764887125
Training loss on iteration 880 = 0.06288916867924854
Training loss on iteration 900 = 0.177594326029066
Training loss on iteration 920 = 0.0740014741080813
Training loss on iteration 940 = 0.1108899564947933
Training loss on iteration 960 = 0.08744973316788673
Training loss on iteration 980 = 0.07700082794763148
Training loss on iteration 1000 = 0.032214021356776354
Training loss on iteration 1020 = 0.050560589603264816
Training loss on iteration 1040 = 0.12925132952514104
Training loss on iteration 1060 = 0.09322948674671352
Training loss on iteration 1080 = 0.10597855801170226
Training loss on iteration 1100 = 0.11742283997155027
Training loss on iteration 1120 = 0.24618539572693407
Training loss on iteration 1140 = 0.18003385877236724
Training loss on iteration 1160 = 0.09911405426682904
Training loss on iteration 1180 = 0.16909517431631685
Training loss on iteration 1200 = 0.13236051115673036
Training loss on iteration 1220 = 0.11714428453706205
Training loss on iteration 1240 = 0.11067548827268184
Training loss on iteration 1260 = 0.10564724501455203
Training loss on iteration 1280 = 0.07654239295516163
Training loss on iteration 1300 = 0.043112157876021226
Training loss on iteration 1320 = 0.26890738306101414
Training loss on iteration 1340 = 0.08113126081880181
Training loss on iteration 1360 = 0.09965697888983413
Training loss on iteration 1380 = 0.09632330648601055
Training loss on iteration 1400 = 0.08895818909222726
Training loss on iteration 1420 = 0.10772899111616425
Training loss on iteration 1440 = 0.0911228182259947
Training loss on iteration 1460 = 0.11619755104184151
Training loss on iteration 1480 = 0.05595320280408487
### EVAL:: Epoch 11:: Loss = 0.034434070138527784 :: ACC = 0.9870248281666433, AUC = 0.9993605409053811, EER = 0.011642586618038995
Training on epoch 12
Training loss on iteration 0 = 0.0029775940347462893
Training loss on iteration 20 = 0.12642890323186293
Training loss on iteration 40 = 0.07250099966768175
Training loss on iteration 60 = 0.12712958783959039
Training loss on iteration 80 = 0.06351187792606652
Training loss on iteration 100 = 0.14944842508994044
Training loss on iteration 120 = 0.17153792497701942
Training loss on iteration 140 = 0.10084569555474446
Training loss on iteration 160 = 0.09060873700218508
Training loss on iteration 180 = 0.13001113848295062
Training loss on iteration 200 = 0.07229894767515362
Training loss on iteration 220 = 0.03390884444088442
Training loss on iteration 240 = 0.19439574159441692
Training loss on iteration 260 = 0.08257991480641066
Training loss on iteration 280 = 0.06270192933734506
Training loss on iteration 300 = 0.07914398499124217
Training loss on iteration 320 = 0.0754503182368353
Training loss on iteration 340 = 0.07036224689800293
Training loss on iteration 360 = 0.06025649821967818
Training loss on iteration 380 = 0.5095478970557451
Training loss on iteration 400 = 0.2035015403293073
Training loss on iteration 420 = 0.21992033198475838
Training loss on iteration 440 = 0.1447812423110008
Training loss on iteration 460 = 0.13326572910882534
Training loss on iteration 480 = 0.09019451851490885
Training loss on iteration 500 = 0.09189651283668354
Training loss on iteration 520 = 0.11543323721271008
Training loss on iteration 540 = 0.07341361404396593
Training loss on iteration 560 = 0.06822306469548493
Training loss on iteration 580 = 0.1350202002795413
Training loss on iteration 600 = 0.06516288470011204
Training loss on iteration 620 = 0.1590389113058336
Training loss on iteration 640 = 0.10892033418640494
Training loss on iteration 660 = 0.07366591880563647
Training loss on iteration 680 = 0.114081298164092
Training loss on iteration 700 = 0.12567900884896516
Training loss on iteration 720 = 0.09901582545135171
Training loss on iteration 740 = 0.23442120712134057
Training loss on iteration 760 = 0.11924117133021354
Training loss on iteration 780 = 0.08181291474029422
Training loss on iteration 800 = 0.07733295131474734
Training loss on iteration 820 = 0.09405047819018364
Training loss on iteration 840 = 0.07942324599716813
Training loss on iteration 860 = 0.05012064227776136
Training loss on iteration 880 = 0.1812833511386998
Training loss on iteration 900 = 0.07711062650196254
Training loss on iteration 920 = 0.10615296252071857
Training loss on iteration 940 = 0.05396743655437604
Training loss on iteration 960 = 0.11372456931276247
Training loss on iteration 980 = 0.09776092735119164
Training loss on iteration 1000 = 0.0785108900628984
Training loss on iteration 1020 = 0.04488969100639224
Training loss on iteration 1040 = 0.15029954228084536
Training loss on iteration 1060 = 0.058072324900422245
Training loss on iteration 1080 = 0.08558439869375434
Training loss on iteration 1100 = 0.09885514214402065
Training loss on iteration 1120 = 0.08927142734173685
Training loss on iteration 1140 = 0.04636625322746113
Training loss on iteration 1160 = 0.11734332172782161
Training loss on iteration 1180 = 0.05496015783865005
Training loss on iteration 1200 = 0.05523551988881081
Training loss on iteration 1220 = 0.05238860244862735
Training loss on iteration 1240 = 0.10299307180102915
Training loss on iteration 1260 = 0.07152285148622468
Training loss on iteration 1280 = 0.03644045192340854
Training loss on iteration 1300 = 0.11913766884244978
Training loss on iteration 1320 = 0.024811410973779858
Training loss on iteration 1340 = 0.05995517123374157
Training loss on iteration 1360 = 0.09942338140681387
Training loss on iteration 1380 = 0.03889503560931189
Training loss on iteration 1400 = 0.08994001466489862
Training loss on iteration 1420 = 0.10584311075508594
Training loss on iteration 1440 = 0.06170532051473856
Training loss on iteration 1460 = 0.08902939643303398
Training loss on iteration 1480 = 0.1463027612771839
### EVAL:: Epoch 12:: Loss = 0.06836241204120398 :: ACC = 0.9802917660260906, AUC = 0.998532150267437, EER = 0.017393743863094405
Training on epoch 13
Training loss on iteration 0 = 0.03577933460474014
Training loss on iteration 20 = 0.08589373574068304
Training loss on iteration 40 = 0.06609534975141287
Training loss on iteration 60 = 0.05206933077424765
Training loss on iteration 80 = 0.11564914108021185
Training loss on iteration 100 = 0.040070355869829655
Training loss on iteration 120 = 0.06283429216127842
Training loss on iteration 140 = 0.06315408938098699
Training loss on iteration 160 = 0.06483820882858708
Training loss on iteration 180 = 0.04618363073968794
Training loss on iteration 200 = 0.16669186705257744
Training loss on iteration 220 = 0.09811486701946706
Training loss on iteration 240 = 0.0698542142403312
Training loss on iteration 260 = 0.042766458698315545
Training loss on iteration 280 = 0.10917358626029454
Training loss on iteration 300 = 0.05081958160735667
Training loss on iteration 320 = 0.0542858473258093
Training loss on iteration 340 = 0.061950212123338136
Training loss on iteration 360 = 0.03681233611423522
Training loss on iteration 380 = 0.057201821234775706
Training loss on iteration 400 = 0.09184064279252198
Training loss on iteration 420 = 0.046864210825879125
Training loss on iteration 440 = 0.03876540087512694
Training loss on iteration 460 = 0.09662698949687183
Training loss on iteration 480 = 0.05393836046569049
Training loss on iteration 500 = 0.06651121219620108
Training loss on iteration 520 = 0.09140953570604324
Training loss on iteration 540 = 0.05609644101350568
Training loss on iteration 560 = 0.08032162771560251
Training loss on iteration 580 = 0.04826818228466436
Training loss on iteration 600 = 0.09776794397621416
Training loss on iteration 620 = 0.018127376853954047
Training loss on iteration 640 = 0.0446039897215087
Training loss on iteration 660 = 0.0435827539418824
Training loss on iteration 680 = 0.03321768008172512
Training loss on iteration 700 = 0.014696353455656208
Training loss on iteration 720 = 0.016345529200771126
Training loss on iteration 740 = 0.04984392467158614
Training loss on iteration 760 = 0.024978301807277604
Training loss on iteration 780 = 0.08816561179701239
Training loss on iteration 800 = 0.11986204906133935
Training loss on iteration 820 = 0.06039588536368683
Training loss on iteration 840 = 0.0845420595142059
Training loss on iteration 860 = 0.0478342458489351
Training loss on iteration 880 = 0.04529340867011342
Training loss on iteration 900 = 0.08182675819261931
Training loss on iteration 920 = 0.06299177076434717
Training loss on iteration 940 = 0.0856943734397646
Training loss on iteration 960 = 0.09879836479667574
Training loss on iteration 980 = 0.09430111311376095
Training loss on iteration 1000 = 0.060614579892717305
Training loss on iteration 1020 = 0.05334489500382915
Training loss on iteration 1040 = 0.06853775391355157
Training loss on iteration 1060 = 0.08430338691687211
Training loss on iteration 1080 = 0.10333563073072582
Training loss on iteration 1100 = 0.11236789682880044
Training loss on iteration 1120 = 0.0626720082713291
Training loss on iteration 1140 = 0.057221464603208004
Training loss on iteration 1160 = 0.01998873901902698
Training loss on iteration 1180 = 0.024891994371137115
Training loss on iteration 1200 = 0.024217687966302037
Training loss on iteration 1220 = 0.1654266524623381
Training loss on iteration 1240 = 0.0634148723213002
Training loss on iteration 1260 = 0.09991429038345814
Training loss on iteration 1280 = 0.02669851911487058
Training loss on iteration 1300 = 0.033322918284102346
Training loss on iteration 1320 = 0.03216829576267628
Training loss on iteration 1340 = 0.03644059950238443
Training loss on iteration 1360 = 0.0671375897305552
Training loss on iteration 1380 = 0.05540554918698035
Training loss on iteration 1400 = 0.05765191029495327
Training loss on iteration 1420 = 0.10079558354627807
Training loss on iteration 1440 = 0.15146984104067088
Training loss on iteration 1460 = 0.09498387555358931
Training loss on iteration 1480 = 0.06459669956821017
### EVAL:: Epoch 13:: Loss = 0.05697921689571516 :: ACC = 0.9768550988918502, AUC = 0.998598852822308, EER = 0.017954832374807127
Training on epoch 14
Training loss on iteration 0 = 0.11441951990127563
Training loss on iteration 20 = 0.0719452757097315
Training loss on iteration 40 = 0.07046940149739385
Training loss on iteration 60 = 0.07239358597435057
Training loss on iteration 80 = 0.0803804261086043
Training loss on iteration 100 = 0.04979537395993248
Training loss on iteration 120 = 0.07005609209736577
Training loss on iteration 140 = 0.06466799122281372
Training loss on iteration 160 = 0.0700050081621157
Training loss on iteration 180 = 0.07407302749925293
Training loss on iteration 200 = 0.03908901495160535
Training loss on iteration 220 = 0.12903396697947755
Training loss on iteration 240 = 0.023924908775370568
Training loss on iteration 260 = 0.05382242619234603
Training loss on iteration 280 = 0.08932054838514887
Training loss on iteration 300 = 0.050484731032338456
Training loss on iteration 320 = 0.06991446136089507
Training loss on iteration 340 = 0.046179131625103766
Training loss on iteration 360 = 0.08893232999835163
Training loss on iteration 380 = 0.10816416842862964
Training loss on iteration 400 = 0.15469532539136707
Training loss on iteration 420 = 0.06874793444876559
Training loss on iteration 440 = 0.08351611226535169
Training loss on iteration 460 = 0.13835894773947074
Training loss on iteration 480 = 0.059679490188136695
Training loss on iteration 500 = 0.14068017004756256
Training loss on iteration 520 = 0.08879605933325366
Training loss on iteration 540 = 0.1096680614631623
Training loss on iteration 560 = 0.08122512004338205
Training loss on iteration 580 = 0.05755405840463936
Training loss on iteration 600 = 0.10369576350785792
Training loss on iteration 620 = 0.06147478159982711
Training loss on iteration 640 = 0.055835763551294805
Training loss on iteration 660 = 0.05874715922400355
Training loss on iteration 680 = 0.07583164504612797
Training loss on iteration 700 = 0.04097421229234897
Training loss on iteration 720 = 0.049195114229223694
Training loss on iteration 740 = 0.02718570748984348
Training loss on iteration 760 = 0.0628963979826949
Training loss on iteration 780 = 0.019195839601161425
Training loss on iteration 800 = 0.03650184719372192
Training loss on iteration 820 = 0.04009230971059878
Training loss on iteration 840 = 0.0385221068856481
Training loss on iteration 860 = 0.0722841015609447
Training loss on iteration 880 = 0.034761296529904936
Training loss on iteration 900 = 0.0830156994794379
Training loss on iteration 920 = 0.09532078657066449
Training loss on iteration 940 = 0.057462240336462855
Training loss on iteration 960 = 0.04303907653520582
Training loss on iteration 980 = 0.08905694092973135
Training loss on iteration 1000 = 0.07960930678818841
Training loss on iteration 1020 = 0.0635592641076073
Training loss on iteration 1040 = 0.04966632198775187
Training loss on iteration 1060 = 0.06626051088096574
Training loss on iteration 1080 = 0.04204628693405539
Training loss on iteration 1100 = 0.06791701967886184
Training loss on iteration 1120 = 0.031933875412505586
Training loss on iteration 1140 = 0.05122081289300695
Training loss on iteration 1160 = 0.035841794105363076
Training loss on iteration 1180 = 0.008976580368471331
Training loss on iteration 1200 = 0.004578148911969037
Training loss on iteration 1220 = 0.059907329921770724
Training loss on iteration 1240 = 0.06657527533825487
Training loss on iteration 1260 = 0.0473027897241991
Training loss on iteration 1280 = 0.02458681965363212
Training loss on iteration 1300 = 0.05146562144800555
Training loss on iteration 1320 = 0.04203829224425135
Training loss on iteration 1340 = 0.09651304342696676
Training loss on iteration 1360 = 0.04223553593546967
Training loss on iteration 1380 = 0.05783658532018308
Training loss on iteration 1400 = 0.08490977101319004
Training loss on iteration 1420 = 0.06196029442653526
Training loss on iteration 1440 = 0.020257852529175578
Training loss on iteration 1460 = 0.0471875107352389
Training loss on iteration 1480 = 0.11080949210736435
### EVAL:: Epoch 14:: Loss = 0.10543891496551708 :: ACC = 0.9626174779071398, AUC = 0.9978193773912694, EER = 0.017954832374807127
Training on epoch 15
Training loss on iteration 0 = 0.003526143031194806
Training loss on iteration 20 = 0.0816314134048298
Training loss on iteration 40 = 0.12718778480775655
Training loss on iteration 60 = 0.048042210133280604
Training loss on iteration 80 = 0.07713331496343016
Training loss on iteration 100 = 0.03832620141911321
Training loss on iteration 120 = 0.03824554208258633
Training loss on iteration 140 = 0.05683986609510612
Training loss on iteration 160 = 0.013974604749819264
Training loss on iteration 180 = 0.12541601118282414
Training loss on iteration 200 = 0.07806499797152355
Training loss on iteration 220 = 0.09413009549025446
Training loss on iteration 240 = 0.041954743466340004
Training loss on iteration 260 = 0.06155856391415
Training loss on iteration 280 = 0.06876326269702986
Training loss on iteration 300 = 0.08385425487067551
Training loss on iteration 320 = 0.030580349900992586
Training loss on iteration 340 = 0.051270756171288664
Training loss on iteration 360 = 0.04697019041341264
Training loss on iteration 380 = 0.04892108241911046
Training loss on iteration 400 = 0.04217887578997761
Training loss on iteration 420 = 0.020368642942776204
Training loss on iteration 440 = 0.033322115390001274
Training loss on iteration 460 = 0.058957318682951156
Training loss on iteration 480 = 0.06849910660821479
Training loss on iteration 500 = 0.05036462935968302
Training loss on iteration 520 = 0.08832990044029429
Training loss on iteration 540 = 0.02037092448445037
Training loss on iteration 560 = 0.03969485427842301
Training loss on iteration 580 = 0.02350099473133014
Training loss on iteration 600 = 0.023964911381335698
Training loss on iteration 620 = 0.08594810518843587
Training loss on iteration 640 = 0.03571540059056133
Training loss on iteration 660 = 0.019714249012758957
Training loss on iteration 680 = 0.08000559919310035
Training loss on iteration 700 = 0.05188816873123869
Training loss on iteration 720 = 0.022748370817862452
Training loss on iteration 740 = 0.11619895761250518
Training loss on iteration 760 = 0.40030180094763634
Training loss on iteration 780 = 0.1577272686525248
Training loss on iteration 800 = 0.1351124530483503
Training loss on iteration 820 = 0.14382649917388335
Training loss on iteration 840 = 0.1334868358913809
Training loss on iteration 860 = 0.08290356907527893
Training loss on iteration 880 = 0.050646583671914415
Training loss on iteration 900 = 0.047156914119841534
Training loss on iteration 920 = 0.07910646850723424
Training loss on iteration 940 = 0.07708144293865189
Training loss on iteration 960 = 0.05742996865883469
Training loss on iteration 980 = 0.022707516624359415
Training loss on iteration 1000 = 0.06266481766942888
Training loss on iteration 1020 = 0.05739496961905388
Training loss on iteration 1040 = 0.06504039261490106
Training loss on iteration 1060 = 0.04108377433149144
Training loss on iteration 1080 = 0.06495493901893497
Training loss on iteration 1100 = 0.03884535400866298
Training loss on iteration 1120 = 0.06358698240073864
Training loss on iteration 1140 = 0.07844565341365524
Training loss on iteration 1160 = 0.04352310105459765
Training loss on iteration 1180 = 0.06597698814002798
Training loss on iteration 1200 = 0.03274609236686956
Training loss on iteration 1220 = 0.027939186793810224
Training loss on iteration 1240 = 0.04958846830268158
Training loss on iteration 1260 = 0.07180715146096191
Training loss on iteration 1280 = 0.0981906121771317
Training loss on iteration 1300 = 0.06944947844021954
Training loss on iteration 1320 = 0.043884424748830496
Training loss on iteration 1340 = 0.06875572427161387
Training loss on iteration 1360 = 0.060459565505152565
Training loss on iteration 1380 = 0.06828661297913641
Training loss on iteration 1400 = 0.030322963144863026
Training loss on iteration 1420 = 0.06271331581228878
Training loss on iteration 1440 = 0.0604709516861476
Training loss on iteration 1460 = 0.03653726440388709
Training loss on iteration 1480 = 0.025104539007588755
### EVAL:: Epoch 15:: Loss = 0.0286784132267683 :: ACC = 0.9881470051900687, AUC = 0.9996718981998595, EER = 0.008696871931547202
Training on epoch 16
Training loss on iteration 0 = 0.014671118929982185
Training loss on iteration 20 = 0.03461667913506972
Training loss on iteration 40 = 0.05116819246322848
Training loss on iteration 60 = 0.01961871730454732
Training loss on iteration 80 = 0.05058286930725444
Training loss on iteration 100 = 0.05434993435483193
Training loss on iteration 120 = 0.04395609290804714
Training loss on iteration 140 = 0.009975555348501076
Training loss on iteration 160 = 0.01000019948987756
Training loss on iteration 180 = 0.0866550453081345
Training loss on iteration 200 = 0.0654861064918805
Training loss on iteration 220 = 0.04231351485359482
Training loss on iteration 240 = 0.07009810994204599
Training loss on iteration 260 = 0.038271683541825044
Training loss on iteration 280 = 0.0422722980249091
Training loss on iteration 300 = 0.08764511521731037
Training loss on iteration 320 = 0.11448522774735466
Training loss on iteration 340 = 0.09110127512831241
Training loss on iteration 360 = 0.04823705145972781
Training loss on iteration 380 = 0.03905896953656338
Training loss on iteration 400 = 0.028290917217964305
Training loss on iteration 420 = 0.07345992266054964
Training loss on iteration 440 = 0.03844947906618472
Training loss on iteration 460 = 0.09786288951290771
Training loss on iteration 480 = 0.07053012015530839
Training loss on iteration 500 = 0.023422369168838487
Training loss on iteration 520 = 0.1021300216554664
Training loss on iteration 540 = 0.09285539910197257
Training loss on iteration 560 = 0.09790425525861793
Training loss on iteration 580 = 0.11748310758266597
Training loss on iteration 600 = 0.08409403320401906
Training loss on iteration 620 = 0.21567348577082157
Training loss on iteration 640 = 0.08295394142623991
Training loss on iteration 660 = 0.037984564836369826
Training loss on iteration 680 = 0.0314451685975655
Training loss on iteration 700 = 0.033514836578979156
Training loss on iteration 720 = 0.03244512177479919
Training loss on iteration 740 = 0.02890845200381591
Training loss on iteration 760 = 0.1534708395891357
Training loss on iteration 780 = 0.0637166550499387
Training loss on iteration 800 = 0.07428569108014926
Training loss on iteration 820 = 0.04287546533159912
Training loss on iteration 840 = 0.05956847003544681
Training loss on iteration 860 = 0.09119614551891572
Training loss on iteration 880 = 0.04957275704946369
Training loss on iteration 900 = 0.023922295833472162
Training loss on iteration 920 = 0.03942070130142383
Training loss on iteration 940 = 0.06198892720858566
Training loss on iteration 960 = 0.04081609841668978
Training loss on iteration 980 = 0.057357958157081154
Training loss on iteration 1000 = 0.07456809746217914
Training loss on iteration 1020 = 0.04351986332912929
Training loss on iteration 1040 = 0.037573859799886124
Training loss on iteration 1060 = 0.046387573835090734
Training loss on iteration 1080 = 0.06882684878364671
Training loss on iteration 1100 = 0.07715177311329172
Training loss on iteration 1120 = 0.0433599510230124
Training loss on iteration 1140 = 0.01163097786702565
Training loss on iteration 1160 = 0.06466564155562082
Training loss on iteration 1180 = 0.007171354857564438
Training loss on iteration 1200 = 0.04160616366352769
Training loss on iteration 1220 = 0.07962185535288882
Training loss on iteration 1240 = 0.07493588904617354
Training loss on iteration 1260 = 0.043137821170967074
Training loss on iteration 1280 = 0.09152689147740603
Training loss on iteration 1300 = 0.03157498328946531
Training loss on iteration 1320 = 0.030496798030799254
Training loss on iteration 1340 = 0.031652799603762105
Training loss on iteration 1360 = 0.026915447446663167
Training loss on iteration 1380 = 0.023124027675658
Training loss on iteration 1400 = 0.031382564279920186
Training loss on iteration 1420 = 0.07783569163802895
Training loss on iteration 1440 = 0.047801135887857525
Training loss on iteration 1460 = 0.05782344580220524
Training loss on iteration 1480 = 0.08334224358550273
### EVAL:: Epoch 16:: Loss = 0.02536551224663972 :: ACC = 0.9917940805162014, AUC = 0.9996526941604629, EER = 0.00841632767569084
Training on epoch 17
Training loss on iteration 0 = 0.03230704739689827
Training loss on iteration 20 = 0.016183454984275158
Training loss on iteration 40 = 0.020557882252614946
Training loss on iteration 60 = 0.00807032317534322
Training loss on iteration 80 = 0.02338220037854626
Training loss on iteration 100 = 0.1000129904190544
Training loss on iteration 120 = 0.08700994946993887
Training loss on iteration 140 = 0.051268303929828105
Training loss on iteration 160 = 0.024321415898157284
Training loss on iteration 180 = 0.013098631986940746
Training loss on iteration 200 = 0.04530385063626454
Training loss on iteration 220 = 0.010724796340218746
Training loss on iteration 240 = 0.011955233886601491
Training loss on iteration 260 = 0.007251507594264695
Training loss on iteration 280 = 0.09299896895263374
Training loss on iteration 300 = 0.057873140065930785
Training loss on iteration 320 = 0.09064110089675523
Training loss on iteration 340 = 0.03965575845213607
Training loss on iteration 360 = 0.02479939379845746
Training loss on iteration 380 = 0.03277718188837753
Training loss on iteration 400 = 0.10390568352595438
Training loss on iteration 420 = 0.13864688352914528
Training loss on iteration 440 = 0.02367718133609742
Training loss on iteration 460 = 0.073520137288142
Training loss on iteration 480 = 0.04834747086279094
Training loss on iteration 500 = 0.0370737059856765
Training loss on iteration 520 = 0.09204794715624302
Training loss on iteration 540 = 0.015039392458857038
Training loss on iteration 560 = 0.08522209318471141
Training loss on iteration 580 = 0.02067923624708783
Training loss on iteration 600 = 0.008117439366469626
Training loss on iteration 620 = 0.0947053699688695
Training loss on iteration 640 = 0.030971053615212442
Training loss on iteration 660 = 0.07498844575020484
Training loss on iteration 680 = 0.03455737485201098
Training loss on iteration 700 = 0.0264584036776796
Training loss on iteration 720 = 0.01500197708955966
Training loss on iteration 740 = 0.04433828791006818
Training loss on iteration 760 = 0.049177678435808045
Training loss on iteration 780 = 0.057405255665071306
Training loss on iteration 800 = 0.024693156834109685
Training loss on iteration 820 = 0.021288753655971958
Training loss on iteration 840 = 0.02438594619889045
Training loss on iteration 860 = 0.046292234773136445
Training loss on iteration 880 = 0.006750167447171407
Training loss on iteration 900 = 0.06651434314235302
Training loss on iteration 920 = 0.0673075752099976
Training loss on iteration 940 = 0.07226395929465071
Training loss on iteration 960 = 0.07879057308018673
Training loss on iteration 980 = 0.0576463469362352
Training loss on iteration 1000 = 0.020461083791451527
Training loss on iteration 1020 = 0.15222433235030622
Training loss on iteration 1040 = 0.11467449511401355
Training loss on iteration 1060 = 0.10119132613763213
Training loss on iteration 1080 = 0.08487333690281958
Training loss on iteration 1100 = 0.15189952136715873
Training loss on iteration 1120 = 0.09284806940704585
Training loss on iteration 1140 = 0.09011779292486607
Training loss on iteration 1160 = 0.07027110585477203
Training loss on iteration 1180 = 0.07353496389696375
Training loss on iteration 1200 = 0.09575759958242998
Training loss on iteration 1220 = 0.07112613030476496
Training loss on iteration 1240 = 0.0712229919852689
Training loss on iteration 1260 = 0.08739441023208201
Training loss on iteration 1280 = 0.04732665152405389
Training loss on iteration 1300 = 0.0390862628351897
Training loss on iteration 1320 = 0.07200468597147847
Training loss on iteration 1340 = 0.018009946518577635
Training loss on iteration 1360 = 0.019748859871469904
Training loss on iteration 1380 = 0.11435344986966811
Training loss on iteration 1400 = 0.06705444711842574
Training loss on iteration 1420 = 0.11408615162363275
Training loss on iteration 1440 = 0.09001060440205037
Training loss on iteration 1460 = 0.05593925685971044
Training loss on iteration 1480 = 0.027356932457769288
### EVAL:: Epoch 17:: Loss = 0.023195780033311828 :: ACC = 0.9917239444522373, AUC = 0.9996235536047802, EER = 0.006873334268480853
Training on epoch 18
Training loss on iteration 0 = 0.004462726414203644
Training loss on iteration 20 = 0.011133051353681367
Training loss on iteration 40 = 0.10513822322536726
Training loss on iteration 60 = 0.03146202911157161
Training loss on iteration 80 = 0.09937450346187689
Training loss on iteration 100 = 0.07768352121929638
Training loss on iteration 120 = 0.03730837432667613
Training loss on iteration 140 = 0.03549575316137634
Training loss on iteration 160 = 0.04873496200161753
Training loss on iteration 180 = 0.08898288778946153
Training loss on iteration 200 = 0.0605406986316666
Training loss on iteration 220 = 0.0641174715172383
Training loss on iteration 240 = 0.05358263764355797
Training loss on iteration 260 = 0.025296352664008738
Training loss on iteration 280 = 0.04373898813209962
Training loss on iteration 300 = 0.058510834437038285
Training loss on iteration 320 = 0.04778218511492014
Training loss on iteration 340 = 0.032579040748532864
Training loss on iteration 360 = 0.05387444451916963
Training loss on iteration 380 = 0.017366457624302712
Training loss on iteration 400 = 0.019714622381798108
Training loss on iteration 420 = 0.059502890522708185
Training loss on iteration 440 = 0.03365412976927473
Training loss on iteration 460 = 0.07391831880668179
Training loss on iteration 480 = 0.061031059036031364
Training loss on iteration 500 = 0.03018525500083342
Training loss on iteration 520 = 0.011813850674661808
Training loss on iteration 540 = 0.048356659650744406
Training loss on iteration 560 = 0.0880221780622378
Training loss on iteration 580 = 0.08907177055953071
Training loss on iteration 600 = 0.06193037832854316
Training loss on iteration 620 = 0.056702825077809396
Training loss on iteration 640 = 0.026955717649616417
Training loss on iteration 660 = 0.06502471757121384
Training loss on iteration 680 = 0.11213049037760356
Training loss on iteration 700 = 0.0458410072082188
Training loss on iteration 720 = 0.047051170316990465
Training loss on iteration 740 = 0.046801337182114364
Training loss on iteration 760 = 0.04832854621199658
Training loss on iteration 780 = 0.056522225499793424
Training loss on iteration 800 = 0.04992282442981377
Training loss on iteration 820 = 0.034349864552496
Training loss on iteration 840 = 0.04357029497041367
Training loss on iteration 860 = 0.09784336996817729
Training loss on iteration 880 = 0.04908045429037884
Training loss on iteration 900 = 0.028475288779009133
Training loss on iteration 920 = 0.04290520087670302
Training loss on iteration 940 = 0.010401836274832021
Training loss on iteration 960 = 0.08259588674118276
Training loss on iteration 980 = 0.043998295837081966
Training loss on iteration 1000 = 0.03358757911191788
Training loss on iteration 1020 = 0.06703316165949218
Training loss on iteration 1040 = 0.007932263452676124
Training loss on iteration 1060 = 0.007630329062158126
Training loss on iteration 1080 = 0.09418529586764635
Training loss on iteration 1100 = 0.03821629484300502
Training loss on iteration 1120 = 0.048696771718095985
Training loss on iteration 1140 = 0.010223233216674999
Training loss on iteration 1160 = 0.030174155488202813
Training loss on iteration 1180 = 0.045371346906176765
Training loss on iteration 1200 = 0.027657853937125765
Training loss on iteration 1220 = 0.06258846104610712
Training loss on iteration 1240 = 0.03471604009246221
Training loss on iteration 1260 = 0.024046126927714795
Training loss on iteration 1280 = 0.06144546578143491
Training loss on iteration 1300 = 0.0929890000319574
Training loss on iteration 1320 = 0.03667495686095208
Training loss on iteration 1340 = 0.021888497514009942
Training loss on iteration 1360 = 0.05834940419226768
Training loss on iteration 1380 = 0.06507026607869193
Training loss on iteration 1400 = 0.03328268273617141
Training loss on iteration 1420 = 0.01088916114240419
Training loss on iteration 1440 = 0.05391364047245588
Training loss on iteration 1460 = 0.020866695942822845
Training loss on iteration 1480 = 0.03860287578281714
### EVAL:: Epoch 18:: Loss = 0.01656607688529507 :: ACC = 0.9947397952026932, AUC = 0.9997922972952153, EER = 0.005751157245055407
Training on epoch 19
Training loss on iteration 0 = 0.00020642315212171525
Training loss on iteration 20 = 0.044747363675560335
Training loss on iteration 40 = 0.042552944001363356
Training loss on iteration 60 = 0.05507552097551525
Training loss on iteration 80 = 0.022834434128526482
Training loss on iteration 100 = 0.0195577593294729
Training loss on iteration 120 = 0.012486158337560482
Training loss on iteration 140 = 0.05269568542425986
Training loss on iteration 160 = 0.018954452379693974
Training loss on iteration 180 = 0.006202851828857092
Training loss on iteration 200 = 0.011248926118059898
Training loss on iteration 220 = 0.046402874809973585
Training loss on iteration 240 = 0.028143833463764166
Training loss on iteration 260 = 0.12025828058831393
Training loss on iteration 280 = 0.1883301974274218
Training loss on iteration 300 = 0.048658030084334315
Training loss on iteration 320 = 0.0575826905813301
Training loss on iteration 340 = 0.05381908743875101
Training loss on iteration 360 = 0.05446780214260798
Training loss on iteration 380 = 0.09457859148387797
Training loss on iteration 400 = 0.06648568701930344
Training loss on iteration 420 = 0.06825217455334495
Training loss on iteration 440 = 0.11331067201681436
Training loss on iteration 460 = 0.08469708892516792
Training loss on iteration 480 = 0.06727550439536571
Training loss on iteration 500 = 0.053911431087180973
Training loss on iteration 520 = 0.09323315129149705
Training loss on iteration 540 = 0.035247400705702606
Training loss on iteration 560 = 0.08365546358472783
Training loss on iteration 580 = 0.05308873100584606
Training loss on iteration 600 = 0.04966950006419211
Training loss on iteration 620 = 0.03112015820479428
Training loss on iteration 640 = 0.0401051926339278
Training loss on iteration 660 = 0.05547453519247938
Training loss on iteration 680 = 0.06252743402728811
Training loss on iteration 700 = 0.0794178759213537
Training loss on iteration 720 = 0.0705058915016707
Training loss on iteration 740 = 0.11484695845283568
Training loss on iteration 760 = 0.032333704747725275
Training loss on iteration 780 = 0.04844504450738896
Training loss on iteration 800 = 0.02257527343754191
Training loss on iteration 820 = 0.06925546697893878
Training loss on iteration 840 = 0.03628636286302935
Training loss on iteration 860 = 0.07229929622844793
Training loss on iteration 880 = 0.03805126157822088
Training loss on iteration 900 = 0.03648640242172405
Training loss on iteration 920 = 0.0403495757636847
Training loss on iteration 940 = 0.08400821043760516
Training loss on iteration 960 = 0.013210246215749066
Training loss on iteration 980 = 0.023341861683729804
Training loss on iteration 1000 = 0.04585072121626581
Training loss on iteration 1020 = 0.02593144731799839
Training loss on iteration 1040 = 0.036590912938845574
Training loss on iteration 1060 = 0.0505847547101439
Training loss on iteration 1080 = 0.05573164047964383
Training loss on iteration 1100 = 0.08815895760781131
Training loss on iteration 1120 = 0.05871023788349703
Training loss on iteration 1140 = 0.04174014826130588
Training loss on iteration 1160 = 0.028339996721479112
Training loss on iteration 1180 = 0.012755236879456788
Training loss on iteration 1200 = 0.0641611906394246
Training loss on iteration 1220 = 0.0467335065768566
Training loss on iteration 1240 = 0.027281788233085535
Training loss on iteration 1260 = 0.04670668755134102
Training loss on iteration 1280 = 0.0717018507537432
Training loss on iteration 1300 = 0.03899265957879834
Training loss on iteration 1320 = 0.017904983981861734
Training loss on iteration 1340 = 0.06001195987482788
Training loss on iteration 1360 = 0.03966740677715279
Training loss on iteration 1380 = 0.02926498707092833
Training loss on iteration 1400 = 0.051312426513322865
Training loss on iteration 1420 = 0.0628494884702377
Training loss on iteration 1440 = 0.029955254535889254
Training loss on iteration 1460 = 0.07880554837465752
Training loss on iteration 1480 = 0.02609311030828394
### EVAL:: Epoch 19:: Loss = 0.02272948751652617 :: ACC = 0.9916538083882732, AUC = 0.9995987221521998, EER = 0.00855659980361902
Training on epoch 20
Training loss on iteration 0 = 0.002550953533500433
Training loss on iteration 20 = 0.03922065725491848
Training loss on iteration 40 = 0.010715829528635368
Training loss on iteration 60 = 0.015143302074284293
Training loss on iteration 80 = 0.08092587970313617
Training loss on iteration 100 = 0.047874410136137156
Training loss on iteration 120 = 0.09393016245448962
Training loss on iteration 140 = 0.032091085717547686
Training loss on iteration 160 = 0.021393320539209525
Training loss on iteration 180 = 0.02479480335168773
Training loss on iteration 200 = 0.0857688109506853
Training loss on iteration 220 = 0.07252575059246738
Training loss on iteration 240 = 0.037850591106689535
Training loss on iteration 260 = 0.04280350872577401
Training loss on iteration 280 = 0.010620711283991113
Training loss on iteration 300 = 0.007379814598971279
Training loss on iteration 320 = 0.049629035752514025
Training loss on iteration 340 = 0.06739761835415266
Training loss on iteration 360 = 0.0256121959653683
Training loss on iteration 380 = 0.014597150617919396
Training loss on iteration 400 = 0.04213321289935266
Training loss on iteration 420 = 0.003902207020291826
Training loss on iteration 440 = 0.040792439179494974
Training loss on iteration 460 = 0.06783531957589731
Training loss on iteration 480 = 0.014623268283321523
Training loss on iteration 500 = 0.08520658889319747
Training loss on iteration 520 = 0.04387164347572252
Training loss on iteration 540 = 0.05320577560341917
Training loss on iteration 560 = 0.055975910555571315
Training loss on iteration 580 = 0.06155753463390283
Training loss on iteration 600 = 0.045288585641537794
Training loss on iteration 620 = 0.07031099334126338
Training loss on iteration 640 = 0.03459302745468449
Training loss on iteration 660 = 0.03740491701319115
Training loss on iteration 680 = 0.079623465356417
Training loss on iteration 700 = 0.06518421120708809
Training loss on iteration 720 = 0.03768085703486577
Training loss on iteration 740 = 0.05669934185425518
Training loss on iteration 760 = 0.037379255576524884
Training loss on iteration 780 = 0.11267361871432513
Training loss on iteration 800 = 0.07711184271611274
Training loss on iteration 820 = 0.08808717997744679
Training loss on iteration 840 = 0.0455572648672387
Training loss on iteration 860 = 0.01902318069478497
Training loss on iteration 880 = 0.018737078111735174
Training loss on iteration 900 = 0.053749831319146325
Training loss on iteration 920 = 0.06806052847678075
Training loss on iteration 940 = 0.029634310863912106
Training loss on iteration 960 = 0.052586790299392304
Training loss on iteration 980 = 0.02837661121156998
Training loss on iteration 1000 = 0.028204671177081763
Training loss on iteration 1020 = 0.014541142051530186
Training loss on iteration 1040 = 0.024555870068979857
Training loss on iteration 1060 = 0.05365433886181563
Training loss on iteration 1080 = 0.052854529104661194
Training loss on iteration 1100 = 0.04029620238870848
Training loss on iteration 1120 = 0.033635824933298863
Training loss on iteration 1140 = 0.05248332464398118
Training loss on iteration 1160 = 0.025585383197903867
Training loss on iteration 1180 = 0.028742593109200243
Training loss on iteration 1200 = 0.06274356035210076
Training loss on iteration 1220 = 0.046776549107016764
Training loss on iteration 1240 = 0.027775297401240094
Training loss on iteration 1260 = 0.017975286925502588
Training loss on iteration 1280 = 0.08486483218439389
Training loss on iteration 1300 = 0.046035039305570534
Training loss on iteration 1320 = 0.039631883779657075
Training loss on iteration 1340 = 0.014299321343423798
Training loss on iteration 1360 = 0.04890015499404399
Training loss on iteration 1380 = 0.012157983495853841
Training loss on iteration 1400 = 0.014185613070731051
Training loss on iteration 1420 = 0.033809721036232074
Training loss on iteration 1440 = 0.0274693689578271
Training loss on iteration 1460 = 0.05340865926700644
Training loss on iteration 1480 = 0.024886144133051857
### EVAL:: Epoch 20:: Loss = 0.05292696725348693 :: ACC = 0.9819750315612288, AUC = 0.9994125649629267, EER = 0.010800953850469912
### Out of domain:: Best epoch 18 :: ACC = 0.9935, AUC = 0.9996668888888889, EER = 0.006
recorded: {'exp_name': 'crosslingual_ast_r01', 'model': 'ast', 'train': 'commonvoice-ar,commonvoice-de,commonvoice-ro,commonvoice-ru,commonvoice-es', 'test': 'commonvoice-en,commonvoice-zh', 'in_acc': 0.9947397952026932, 'in_auc': 0.9997922972952153, 'in_eer': 0.005751157245055407, 'cross_acc': 0.9935, 'cross_auc': 0.9996668888888889, 'cross_eer': 0.006}
root_path: /project/home/p201284/guo/xmad_data/
multilingual: True  model check for config: /project/home/p201284/guo/xmad-bench-repro/repro_tools/stepB/configs_crosslingual/config_crosslingual_ast.json

  OK  commonvoice-ar       rows=76602    sep=','
  OK  commonvoice-de       rows=14934    sep=','
  OK  commonvoice-ro       rows=30820    sep=','
  OK  commonvoice-ru       rows=67444    sep=','
  OK  commonvoice-es       rows=12694    sep=','
  OK  commonvoice-en       rows=96368    sep=','
  OK  commonvoice-zh       rows=13776    sep=','

PRE-FLIGHT PASSED — data layout looks correct for this config.

=== RUN crosslingual_ast_r02 (model=ast) ===

Loading weights:   0%|          | 0/199 [00:00<?, ?it/s]
Loading weights:   2%|▏         | 3/199 [00:00<00:13, 14.58it/s]
Loading weights:   9%|▊         | 17/199 [00:00<00:04, 43.17it/s]
Loading weights:  17%|█▋        | 34/199 [00:00<00:02, 77.41it/s]
Loading weights:  25%|██▌       | 50/199 [00:00<00:02, 73.22it/s]
Loading weights:  38%|███▊      | 75/199 [00:00<00:01, 109.35it/s]
Loading weights:  45%|████▍     | 89/199 [00:00<00:00, 116.10it/s]
Loading weights:  57%|█████▋    | 114/199 [00:01<00:00, 147.49it/s]
Loading weights:  71%|███████   | 141/199 [00:01<00:00, 155.99it/s]
Loading weights:  83%|████████▎ | 166/199 [00:01<00:00, 152.40it/s]
Loading weights:  95%|█████████▌| 190/199 [00:01<00:00, 168.51it/s]
Loading weights: 100%|██████████| 199/199 [00:01<00:00, 129.56it/s]
[transformers] [1mASTModel LOAD REPORT[0m from: MIT/ast-finetuned-audioset-10-10-0.4593
Key                         | Status     |  | 
----------------------------+------------+--+-
classifier.layernorm.bias   | UNEXPECTED |  | 
classifier.dense.weight     | UNEXPECTED |  | 
classifier.dense.bias       | UNEXPECTED |  | 
classifier.layernorm.weight | UNEXPECTED |  | 

Notes:
- UNEXPECTED:	can be ignored when loading from different task/architecture; not ok if you expect identical arch.
/mnt/tier2/project/p201284/guo/xmad-bench-repro/venv/lib/python3.13/site-packages/transformers/audio_utils.py:704: UserWarning: At least one mel filter has all zero values. The value for `num_mel_filters` (128) may be set too high. Or, the value for `num_frequency_bins` (257) may be set too low.
  warnings.warn(
commonvoice-ar
commonvoice-de
commonvoice-ro
commonvoice-ru
commonvoice-es
/mnt/tier2/project/p201284/guo/xmad-bench-repro/venv/lib/python3.13/site-packages/transformers/audio_utils.py:704: UserWarning: At least one mel filter has all zero values. The value for `num_mel_filters` (128) may be set too high. Or, the value for `num_frequency_bins` (257) may be set too low.
  warnings.warn(
commonvoice-ar
commonvoice-de
commonvoice-ro
commonvoice-ru
commonvoice-es
  [at-most] commonvoice-es: requested 1500 real samples, only 1129 available in this split - using 1129
/mnt/tier2/project/p201284/guo/xmad-bench-repro/venv/lib/python3.13/site-packages/transformers/audio_utils.py:704: UserWarning: At least one mel filter has all zero values. The value for `num_mel_filters` (128) may be set too high. Or, the value for `num_frequency_bins` (257) may be set too low.
  warnings.warn(
Training on epoch 1
Training loss on iteration 0 = 0.3493052124977112
Training loss on iteration 20 = 1.8689638048410415
Training loss on iteration 40 = 0.8528000563383102
Training loss on iteration 60 = 0.7139398425817489
Training loss on iteration 80 = 0.6920430123806
Training loss on iteration 100 = 0.7410900950431824
Training loss on iteration 120 = 0.7144024431705475
Training loss on iteration 140 = 0.716083949804306
Training loss on iteration 160 = 0.7224923938512802
Training loss on iteration 180 = 0.6777382999658584
Training loss on iteration 200 = 0.6336474850773811
Training loss on iteration 220 = 0.523812384903431
Training loss on iteration 240 = 0.3943620689213276
Training loss on iteration 260 = 0.356792776286602
Training loss on iteration 280 = 0.32878150306642057
Training loss on iteration 300 = 0.30084970910102127
Training loss on iteration 320 = 0.3151900501921773
Training loss on iteration 340 = 0.38011090774089096
Training loss on iteration 360 = 0.2744568269699812
Training loss on iteration 380 = 0.3197540927678347
Training loss on iteration 400 = 0.2554750250652432
Training loss on iteration 420 = 0.30739089101552963
Training loss on iteration 440 = 0.3136825364083052
Training loss on iteration 460 = 0.14873142852447926
Training loss on iteration 480 = 0.2302313414402306
Training loss on iteration 500 = 0.2945426071994007
Training loss on iteration 520 = 0.2349182441830635
Training loss on iteration 540 = 0.15110137960873543
Training loss on iteration 560 = 0.2942887473851442
Training loss on iteration 580 = 0.10682885682326741
Training loss on iteration 600 = 0.23147883639903738
Training loss on iteration 620 = 0.19963793661445378
Training loss on iteration 640 = 0.16185458446852863
Training loss on iteration 660 = 0.20395986633375288
Training loss on iteration 680 = 0.15483710188418626
Training loss on iteration 700 = 0.17430157344788313
Training loss on iteration 720 = 0.21818347033113242
Training loss on iteration 740 = 0.21936813243664802
Training loss on iteration 760 = 0.14408761253580452
Training loss on iteration 780 = 0.28070237692445515
Training loss on iteration 800 = 0.18625886938534678
Training loss on iteration 820 = 0.2993624210357666
Training loss on iteration 840 = 0.30170273296535016
Training loss on iteration 860 = 0.18170249797403812
Training loss on iteration 880 = 0.147822639439255
Training loss on iteration 900 = 0.21539297690615059
Training loss on iteration 920 = 0.24467992456629872
Training loss on iteration 940 = 0.1408173088449985
Training loss on iteration 960 = 0.15224032705882565
Training loss on iteration 980 = 0.14043501974083483
Training loss on iteration 1000 = 0.14378041215240955
Training loss on iteration 1020 = 0.1873163051204756
Training loss on iteration 1040 = 0.21596203157678245
Training loss on iteration 1060 = 0.13167372341267763
Training loss on iteration 1080 = 0.07772504251915961
Training loss on iteration 1100 = 0.16480395719408988
Training loss on iteration 1120 = 0.10115710753016174
Training loss on iteration 1140 = 0.1977538541192189
Training loss on iteration 1160 = 0.21736425571143628
Training loss on iteration 1180 = 0.15888660000637173
Training loss on iteration 1200 = 0.12728884200332685
Training loss on iteration 1220 = 0.12455511435400694
Training loss on iteration 1240 = 0.2052835521288216
Training loss on iteration 1260 = 0.1074990686494857
Training loss on iteration 1280 = 0.11334465956315398
Training loss on iteration 1300 = 0.1020507873618044
Training loss on iteration 1320 = 0.11657528076320886
Training loss on iteration 1340 = 0.2225080139003694
Training loss on iteration 1360 = 0.15160658778622746
Training loss on iteration 1380 = 0.12122611494269223
Training loss on iteration 1400 = 0.18377196965739132
Training loss on iteration 1420 = 0.07173270804341883
Training loss on iteration 1440 = 0.09221235889417585
Training loss on iteration 1460 = 0.20527618555352092
Training loss on iteration 1480 = 0.2564773359335959
### EVAL:: Epoch 1:: Loss = 0.31321707233603063 :: ACC = 0.8963388974610745, AUC = 0.992160777319699, EER = 0.045448169448730535
Training on epoch 2
Training loss on iteration 0 = 0.8430578112602234
Training loss on iteration 20 = 0.12666444685310124
Training loss on iteration 40 = 0.16074586620088666
Training loss on iteration 60 = 0.11916741109453141
Training loss on iteration 80 = 0.2664657448418438
Training loss on iteration 100 = 0.19894333789125085
Training loss on iteration 120 = 0.15292095504701136
Training loss on iteration 140 = 0.10287592131644488
Training loss on iteration 160 = 0.09714249572716653
Training loss on iteration 180 = 0.09501626897254027
Training loss on iteration 200 = 0.17359853489906527
Training loss on iteration 220 = 0.17166782568674535
Training loss on iteration 240 = 0.15408079675398767
Training loss on iteration 260 = 0.19734644033014775
Training loss on iteration 280 = 0.0761513670673594
Training loss on iteration 300 = 0.2305084544728743
Training loss on iteration 320 = 0.199560166336596
Training loss on iteration 340 = 0.12734372396953403
Training loss on iteration 360 = 0.1821760626975447
Training loss on iteration 380 = 0.13104877851437777
Training loss on iteration 400 = 0.07105409756768495
Training loss on iteration 420 = 0.14584199606906623
Training loss on iteration 440 = 0.14374568406492472
Training loss on iteration 460 = 0.1764041581656784
Training loss on iteration 480 = 0.12845403859391807
Training loss on iteration 500 = 0.2442671344615519
Training loss on iteration 520 = 0.14877501400187612
Training loss on iteration 540 = 0.12037444461602717
Training loss on iteration 560 = 0.10682292154524475
Training loss on iteration 580 = 0.11273114471696317
Training loss on iteration 600 = 0.09273520258720964
Training loss on iteration 620 = 0.2532673696056008
Training loss on iteration 640 = 0.17438188386149706
Training loss on iteration 660 = 0.10564176025800406
Training loss on iteration 680 = 0.1028434255393222
Training loss on iteration 700 = 0.06639493323746137
Training loss on iteration 720 = 0.14405811296310275
Training loss on iteration 740 = 0.19281513611786066
Training loss on iteration 760 = 0.1300822377204895
Training loss on iteration 780 = 0.23282777452841402
Training loss on iteration 800 = 0.1174528859788552
Training loss on iteration 820 = 0.0818882011808455
Training loss on iteration 840 = 0.18869249520357698
Training loss on iteration 860 = 0.14934632098302245
Training loss on iteration 880 = 0.18603657744824886
Training loss on iteration 900 = 0.0984682863112539
Training loss on iteration 920 = 0.14754168302752077
Training loss on iteration 940 = 0.18933630120009184
Training loss on iteration 960 = 0.09878818835131824
Training loss on iteration 980 = 0.08378425762057304
Training loss on iteration 1000 = 0.21963665587827563
Training loss on iteration 1020 = 0.10606394374044611
Training loss on iteration 1040 = 0.25252568400464953
Training loss on iteration 1060 = 0.1524257019162178
Training loss on iteration 1080 = 0.284593319427222
Training loss on iteration 1100 = 0.15275656685698777
Training loss on iteration 1120 = 0.14327998737571762
Training loss on iteration 1140 = 0.126432901120279
Training loss on iteration 1160 = 0.16308492934331298
Training loss on iteration 1180 = 0.12213393640704454
Training loss on iteration 1200 = 0.06572927501983941
Training loss on iteration 1220 = 0.13696589185856284
Training loss on iteration 1240 = 0.17015383527614175
Training loss on iteration 1260 = 0.11183787528425455
Training loss on iteration 1280 = 0.060415141843259336
Training loss on iteration 1300 = 0.12966038894956
Training loss on iteration 1320 = 0.1997516696806997
Training loss on iteration 1340 = 0.08709326344542205
Training loss on iteration 1360 = 0.04279405599227175
Training loss on iteration 1380 = 0.16249490066547878
Training loss on iteration 1400 = 0.11607622196897864
Training loss on iteration 1420 = 0.1087274994701147
Training loss on iteration 1440 = 0.1048258132301271
Training loss on iteration 1460 = 0.07967782865744084
Training loss on iteration 1480 = 0.08553327813278884
### EVAL:: Epoch 2:: Loss = 0.07291099698408338 :: ACC = 0.9791695890026652, AUC = 0.9978309273616851, EER = 0.021742179828868002
Training on epoch 3
Training loss on iteration 0 = 0.03938112407922745
Training loss on iteration 20 = 0.11195312389172614
Training loss on iteration 40 = 0.16365841371007264
Training loss on iteration 60 = 0.1353546099504456
Training loss on iteration 80 = 0.0960672620916739
Training loss on iteration 100 = 0.05890132635831833
Training loss on iteration 120 = 0.1089857966231648
Training loss on iteration 140 = 0.04271460521267727
Training loss on iteration 160 = 0.1630423215450719
Training loss on iteration 180 = 0.08976412483025342
Training loss on iteration 200 = 0.37008066289126873
Training loss on iteration 220 = 0.507939912751317
Training loss on iteration 240 = 0.4977406904101372
Training loss on iteration 260 = 0.8373968601226807
Training loss on iteration 280 = 0.4177361086010933
Training loss on iteration 300 = 0.5355392336845398
Training loss on iteration 320 = 0.37923860773444173
Training loss on iteration 340 = 0.5998054798692465
Training loss on iteration 360 = 0.6044835641980171
Training loss on iteration 380 = 0.4985924303531647
Training loss on iteration 400 = 0.5161628410220146
Training loss on iteration 420 = 0.4894701823592186
Training loss on iteration 440 = 0.31113441213965415
Training loss on iteration 460 = 0.3736958377063274
Training loss on iteration 480 = 0.30859374180436133
Training loss on iteration 500 = 0.2981287185102701
Training loss on iteration 520 = 0.3112438075244427
Training loss on iteration 540 = 0.38018928007222713
Training loss on iteration 560 = 0.40562849640846255
Training loss on iteration 580 = 0.4655730813741684
Training loss on iteration 600 = 0.37801089473068716
Training loss on iteration 620 = 0.33339205347001555
Training loss on iteration 640 = 0.3055529177188873
Training loss on iteration 660 = 0.3660996355116367
Training loss on iteration 680 = 0.34528540819883347
Training loss on iteration 700 = 0.34070437531918285
Training loss on iteration 720 = 0.3146925769746304
Training loss on iteration 740 = 0.2959969166666269
Training loss on iteration 760 = 0.2960992094129324
Training loss on iteration 780 = 0.3333773471415043
Training loss on iteration 800 = 0.3094828136265278
Training loss on iteration 820 = 0.2985573220998049
Training loss on iteration 840 = 0.27570907296612857
Training loss on iteration 860 = 0.3396975837647915
Training loss on iteration 880 = 0.30764799769967793
Training loss on iteration 900 = 0.22322841212153435
Training loss on iteration 920 = 0.338042299170047
Training loss on iteration 940 = 0.26248816810548303
Training loss on iteration 960 = 0.3099560134112835
Training loss on iteration 980 = 0.23561237268149854
Training loss on iteration 1000 = 0.2631470821797848
Training loss on iteration 1020 = 0.2514837023802102
Training loss on iteration 1040 = 0.1830322427675128
Training loss on iteration 1060 = 0.2096586935222149
Training loss on iteration 1080 = 0.2694211233407259
Training loss on iteration 1100 = 0.293904397264123
Training loss on iteration 1120 = 0.23715075813233852
Training loss on iteration 1140 = 0.27365592289716006
Training loss on iteration 1160 = 0.172767024487257
Training loss on iteration 1180 = 0.19587358641438185
Training loss on iteration 1200 = 0.16664441945031286
Training loss on iteration 1220 = 0.14690813310444356
Training loss on iteration 1240 = 0.20202701119706035
Training loss on iteration 1260 = 0.21687440732493996
Training loss on iteration 1280 = 0.19810386933386326
Training loss on iteration 1300 = 0.2627957005985081
Training loss on iteration 1320 = 0.23158454112708568
Training loss on iteration 1340 = 0.2427204491570592
Training loss on iteration 1360 = 0.26848096027970314
Training loss on iteration 1380 = 0.2278402065858245
Training loss on iteration 1400 = 0.16039237221702934
Training loss on iteration 1420 = 0.1574903489788994
Training loss on iteration 1440 = 0.1789151981472969
Training loss on iteration 1460 = 0.2469886529725045
Training loss on iteration 1480 = 0.13011754462495445
### EVAL:: Epoch 3:: Loss = 0.12394844830300017 :: ACC = 0.9534997895918081, AUC = 0.9909228251243378, EER = 0.04586898583251508
Training on epoch 4
Training loss on iteration 0 = 0.45064035058021545
Training loss on iteration 20 = 0.23523603146895766
Training loss on iteration 40 = 0.1579787524882704
Training loss on iteration 60 = 0.23009583838284015
Training loss on iteration 80 = 0.1672714981250465
Training loss on iteration 100 = 0.2420963529497385
Training loss on iteration 120 = 0.13543885201215744
Training loss on iteration 140 = 0.18334786342456938
Training loss on iteration 160 = 0.23163218460977078
Training loss on iteration 180 = 0.1252448950894177
Training loss on iteration 200 = 0.2222332337871194
Training loss on iteration 220 = 0.2226673688273877
Training loss on iteration 240 = 0.20373840127140283
Training loss on iteration 260 = 0.14602937791496515
Training loss on iteration 280 = 0.23497229302302003
Training loss on iteration 300 = 0.15268604070879518
Training loss on iteration 320 = 0.21274067424237728
Training loss on iteration 340 = 0.30556031242012976
Training loss on iteration 360 = 0.1574164504185319
Training loss on iteration 380 = 0.1423554815351963
Training loss on iteration 400 = 0.23700234750285745
Training loss on iteration 420 = 0.1969483695924282
Training loss on iteration 440 = 0.15218785153701903
Training loss on iteration 460 = 0.17295262021943927
Training loss on iteration 480 = 0.1469461632426828
Training loss on iteration 500 = 0.16645975722931325
Training loss on iteration 520 = 0.19025369603186845
Training loss on iteration 540 = 0.14891822459176182
Training loss on iteration 560 = 0.2862134012859315
Training loss on iteration 580 = 0.1706437673419714
Training loss on iteration 600 = 0.10215528858825565
Training loss on iteration 620 = 0.2650235556997359
Training loss on iteration 640 = 0.14187878086231648
Training loss on iteration 660 = 0.180331319430843
Training loss on iteration 680 = 0.1108330782968551
Training loss on iteration 700 = 0.1011316820513457
Training loss on iteration 720 = 0.15408515306189657
Training loss on iteration 740 = 0.12196217877790332
Training loss on iteration 760 = 0.22974841855466366
Training loss on iteration 780 = 0.1708001723513007
Training loss on iteration 800 = 0.12986536789685488
Training loss on iteration 820 = 0.18704778831452132
Training loss on iteration 840 = 0.11456798170693219
Training loss on iteration 860 = 0.09195089486893267
Training loss on iteration 880 = 0.14066099408082663
Training loss on iteration 900 = 0.07409800629829988
Training loss on iteration 920 = 0.08995355910155922
Training loss on iteration 940 = 0.1416060229530558
Training loss on iteration 960 = 0.09440588313154877
Training loss on iteration 980 = 0.13191932295449077
Training loss on iteration 1000 = 0.16064999953377992
Training loss on iteration 1020 = 0.1469219669001177
Training loss on iteration 1040 = 0.1407190235797316
Training loss on iteration 1060 = 0.1490729893790558
Training loss on iteration 1080 = 0.19967829294037073
Training loss on iteration 1100 = 0.25448979921638964
Training loss on iteration 1120 = 0.10616393741220236
Training loss on iteration 1140 = 0.08806402322370559
Training loss on iteration 1160 = 0.08141392734833061
Training loss on iteration 1180 = 0.23073209449648857
Training loss on iteration 1200 = 0.39033338651061056
Training loss on iteration 1220 = 0.1961763920262456
Training loss on iteration 1240 = 0.32125941407866776
Training loss on iteration 1260 = 0.1879323882982135
Training loss on iteration 1280 = 0.12759400843642651
Training loss on iteration 1300 = 0.20237297588028014
Training loss on iteration 1320 = 0.2072486207354814
Training loss on iteration 1340 = 0.2006591295823455
Training loss on iteration 1360 = 0.1829119105823338
Training loss on iteration 1380 = 0.18932572612538934
Training loss on iteration 1400 = 0.20211212150752544
Training loss on iteration 1420 = 0.22625932600349188
Training loss on iteration 1440 = 0.1471518069971353
Training loss on iteration 1460 = 0.12448901345487684
Training loss on iteration 1480 = 0.23550076372921466
### EVAL:: Epoch 4:: Loss = 0.21883600302291042 :: ACC = 0.9317576097629401, AUC = 0.979852778607078, EER = 0.06648898863795764
Training on epoch 5
Training loss on iteration 0 = 0.1555236279964447
Training loss on iteration 20 = 0.19121537487953902
Training loss on iteration 40 = 0.4344757318496704
Training loss on iteration 60 = 0.34235409237444403
Training loss on iteration 80 = 0.30059628933668137
Training loss on iteration 100 = 0.2688502039760351
Training loss on iteration 120 = 0.26680239140987394
Training loss on iteration 140 = 0.4060201596468687
Training loss on iteration 160 = 0.21153868939727544
Training loss on iteration 180 = 0.17957807083148508
Training loss on iteration 200 = 0.2068833899218589
Training loss on iteration 220 = 0.27060636356472967
Training loss on iteration 240 = 0.32760127186775206
Training loss on iteration 260 = 0.2176266498863697
Training loss on iteration 280 = 0.19497384540736676
Training loss on iteration 300 = 0.22984761893749237
Training loss on iteration 320 = 0.17049800166860224
Training loss on iteration 340 = 0.24077256657183171
Training loss on iteration 360 = 0.2000330612063408
Training loss on iteration 380 = 0.16763984129065648
Training loss on iteration 400 = 0.08640856370329857
Training loss on iteration 420 = 0.14795305794104935
Training loss on iteration 440 = 0.2767256791703403
Training loss on iteration 460 = 0.16719350237399339
Training loss on iteration 480 = 0.11273467219434678
Training loss on iteration 500 = 0.24422494587488472
Training loss on iteration 520 = 0.1845221310853958
Training loss on iteration 540 = 0.2655079547315836
Training loss on iteration 560 = 0.19150769636034964
Training loss on iteration 580 = 0.14312806823290886
Training loss on iteration 600 = 0.16091225217096508
Training loss on iteration 620 = 0.17245293860323727
Training loss on iteration 640 = 0.14728730637580156
Training loss on iteration 660 = 0.1260651750024408
Training loss on iteration 680 = 0.16575336470268667
Training loss on iteration 700 = 0.12481634528376162
Training loss on iteration 720 = 0.09651399936992675
Training loss on iteration 740 = 0.15140129069332034
Training loss on iteration 760 = 0.14548313543200492
Training loss on iteration 780 = 0.1692584660835564
Training loss on iteration 800 = 0.13411809685640036
Training loss on iteration 820 = 0.11118158579338341
Training loss on iteration 840 = 0.14096900229342282
Training loss on iteration 860 = 0.14853508472442628
Training loss on iteration 880 = 0.15444971732795237
Training loss on iteration 900 = 0.18156875632703304
Training loss on iteration 920 = 0.11981076947413385
Training loss on iteration 940 = 0.17269364558160305
Training loss on iteration 960 = 0.2103613456711173
Training loss on iteration 980 = 0.16511340411379932
Training loss on iteration 1000 = 0.09539070716127754
Training loss on iteration 1020 = 0.17510093143209815
Training loss on iteration 1040 = 0.1424895716831088
Training loss on iteration 1060 = 0.09840197259327396
Training loss on iteration 1080 = 0.1283319934969768
Training loss on iteration 1100 = 0.10325537826865912
Training loss on iteration 1120 = 0.27977326628752053
Training loss on iteration 1140 = 0.33566235937178135
Training loss on iteration 1160 = 0.2557998772710562
Training loss on iteration 1180 = 0.28852234231308105
Training loss on iteration 1200 = 0.1478857879526913
Training loss on iteration 1220 = 0.14185645673424005
Training loss on iteration 1240 = 0.1252362977946177
Training loss on iteration 1260 = 0.37787219332531097
Training loss on iteration 1280 = 0.2312936257570982
Training loss on iteration 1300 = 0.1885366069152951
Training loss on iteration 1320 = 0.15554152708500624
Training loss on iteration 1340 = 0.1588139315135777
Training loss on iteration 1360 = 0.14250301220454276
Training loss on iteration 1380 = 0.1967129115946591
Training loss on iteration 1400 = 0.3515451975166798
Training loss on iteration 1420 = 0.15661816792562605
Training loss on iteration 1440 = 0.2082955445162952
Training loss on iteration 1460 = 0.15630289217224344
Training loss on iteration 1480 = 0.22672440162859858
### EVAL:: Epoch 5:: Loss = 0.11454677853393606 :: ACC = 0.9622667975873194, AUC = 0.9957860119862719, EER = 0.030719596016271566
Training on epoch 6
Training loss on iteration 0 = 0.02220573090016842
Training loss on iteration 20 = 0.09944302290678024
Training loss on iteration 40 = 0.11999590212362818
Training loss on iteration 60 = 0.09821045170538127
Training loss on iteration 80 = 0.0628337242640555
Training loss on iteration 100 = 0.12314925193786622
Training loss on iteration 120 = 0.09095364026725292
Training loss on iteration 140 = 0.1308951152022928
Training loss on iteration 160 = 0.43507885274011643
Training loss on iteration 180 = 0.24671649783849717
Training loss on iteration 200 = 0.1490250053582713
Training loss on iteration 220 = 0.23136409933213145
Training loss on iteration 240 = 0.2602267999202013
Training loss on iteration 260 = 0.16597474385052918
Training loss on iteration 280 = 0.13641398805193602
Training loss on iteration 300 = 0.1260972749441862
Training loss on iteration 320 = 0.12886845008470119
Training loss on iteration 340 = 0.11224002237431704
Training loss on iteration 360 = 0.07641803533770145
Training loss on iteration 380 = 0.1935740569839254
Training loss on iteration 400 = 0.057290361111517994
Training loss on iteration 420 = 0.14924826323986054
Training loss on iteration 440 = 0.0891983985900879
Training loss on iteration 460 = 0.1471679381094873
Training loss on iteration 480 = 0.07864973559044301
Training loss on iteration 500 = 0.07279076170525514
Training loss on iteration 520 = 0.13355395464459435
Training loss on iteration 540 = 0.10748106390237808
Training loss on iteration 560 = 0.07942078892374412
Training loss on iteration 580 = 0.10546078131155809
Training loss on iteration 600 = 0.14686240514856763
Training loss on iteration 620 = 0.1190926336683333
Training loss on iteration 640 = 0.14834338878281414
Training loss on iteration 660 = 0.08254345660097898
Training loss on iteration 680 = 0.14889783123508096
Training loss on iteration 700 = 0.1484725416637957
Training loss on iteration 720 = 0.09828880447894335
Training loss on iteration 740 = 0.04050479417201132
Training loss on iteration 760 = 0.10280591541086323
Training loss on iteration 780 = 0.11592965386807919
Training loss on iteration 800 = 0.1034659095807001
Training loss on iteration 820 = 0.06282243399182334
Training loss on iteration 840 = 0.11883360740612262
Training loss on iteration 860 = 0.2194822059944272
Training loss on iteration 880 = 0.1333221610635519
Training loss on iteration 900 = 0.16210859369020908
Training loss on iteration 920 = 0.09122595330700278
Training loss on iteration 940 = 0.08491492513567209
Training loss on iteration 960 = 0.1453033104131464
Training loss on iteration 980 = 0.14723458529915662
Training loss on iteration 1000 = 0.3046465676277876
Training loss on iteration 1020 = 0.22159797782078386
Training loss on iteration 1040 = 0.3077154915779829
Training loss on iteration 1060 = 0.22043498326092958
Training loss on iteration 1080 = 0.20939363157376648
Training loss on iteration 1100 = 0.18695501601323486
Training loss on iteration 1120 = 0.12951352642849087
Training loss on iteration 1140 = 0.08015660515520721
Training loss on iteration 1160 = 0.12362541444599628
Training loss on iteration 1180 = 0.10306242115329951
Training loss on iteration 1200 = 0.12285633510909974
Training loss on iteration 1220 = 0.1189451566664502
Training loss on iteration 1240 = 0.1509148685261607
Training loss on iteration 1260 = 0.11463723120396026
Training loss on iteration 1280 = 0.18304538108641283
Training loss on iteration 1300 = 0.1355518607189879
Training loss on iteration 1320 = 0.13429634669446386
Training loss on iteration 1340 = 0.14578836455475538
Training loss on iteration 1360 = 0.1724725090432912
Training loss on iteration 1380 = 0.11127151832915842
Training loss on iteration 1400 = 0.13926235642284154
Training loss on iteration 1420 = 0.09528007830958814
Training loss on iteration 1440 = 0.0556832057191059
Training loss on iteration 1460 = 0.11164282362442464
Training loss on iteration 1480 = 0.17384855024283752
### EVAL:: Epoch 6:: Loss = 0.08268521697888886 :: ACC = 0.9795904053864497, AUC = 0.9978178819947592, EER = 0.020199186421658015
Training on epoch 7
Training loss on iteration 0 = 0.03022640384733677
Training loss on iteration 20 = 0.08270920356735587
Training loss on iteration 40 = 0.13300840402953326
Training loss on iteration 60 = 0.14853929504752159
Training loss on iteration 80 = 0.1356327342800796
Training loss on iteration 100 = 0.17689257487654686
Training loss on iteration 120 = 0.12175723696127534
Training loss on iteration 140 = 0.160118569387123
Training loss on iteration 160 = 0.08196594014298171
Training loss on iteration 180 = 0.15670529752969742
Training loss on iteration 200 = 0.07695660323370249
Training loss on iteration 220 = 0.1015087622217834
Training loss on iteration 240 = 0.21150461616925895
Training loss on iteration 260 = 0.14164679911918937
Training loss on iteration 280 = 0.14456406948156655
Training loss on iteration 300 = 0.10073760775849223
Training loss on iteration 320 = 0.058653949870495124
Training loss on iteration 340 = 0.13505202466621996
Training loss on iteration 360 = 0.12585776182822883
Training loss on iteration 380 = 0.10481559553882107
Training loss on iteration 400 = 0.07708802558481694
Training loss on iteration 420 = 0.20574948522262276
Training loss on iteration 440 = 0.14888940467499195
Training loss on iteration 460 = 0.12556279907003046
Training loss on iteration 480 = 0.11839218467939645
Training loss on iteration 500 = 0.11860333608929068
Training loss on iteration 520 = 0.10564661026000977
Training loss on iteration 540 = 0.11326036413083784
Training loss on iteration 560 = 0.10897861474659294
Training loss on iteration 580 = 0.1201538342051208
Training loss on iteration 600 = 0.14537007068283855
Training loss on iteration 620 = 0.10282056014984846
Training loss on iteration 640 = 0.07665384639985859
Training loss on iteration 660 = 0.1821102392845205
Training loss on iteration 680 = 0.1366455140057951
Training loss on iteration 700 = 0.12167928302660584
Training loss on iteration 720 = 0.08776793746510521
Training loss on iteration 740 = 0.07315146119799465
Training loss on iteration 760 = 0.16261792536824943
Training loss on iteration 780 = 0.1476435306482017
Training loss on iteration 800 = 0.10679261367768049
Training loss on iteration 820 = 0.09444208276690916
Training loss on iteration 840 = 0.13985321138170548
Training loss on iteration 860 = 0.11231771174352616
Training loss on iteration 880 = 0.07766534069087357
Training loss on iteration 900 = 0.10430516237393021
Training loss on iteration 920 = 0.10140044606523588
Training loss on iteration 940 = 0.05808846498839557
Training loss on iteration 960 = 0.05568636974785477
Training loss on iteration 980 = 0.11162787527428009
Training loss on iteration 1000 = 0.09055146179161966
Training loss on iteration 1020 = 0.18010067788418382
Training loss on iteration 1040 = 0.1278790151234716
Training loss on iteration 1060 = 0.20266569680534302
Training loss on iteration 1080 = 0.060320115415379405
Training loss on iteration 1100 = 0.09353995078708977
Training loss on iteration 1120 = 0.12862681120168418
Training loss on iteration 1140 = 0.07988488357514142
Training loss on iteration 1160 = 0.1029989778995514
Training loss on iteration 1180 = 0.2124373735743575
Training loss on iteration 1200 = 0.13433968126773835
Training loss on iteration 1220 = 0.07825024358462543
Training loss on iteration 1240 = 0.14909124854020775
Training loss on iteration 1260 = 0.1112240412272513
Training loss on iteration 1280 = 0.15406238685827703
Training loss on iteration 1300 = 0.1032027063658461
Training loss on iteration 1320 = 0.17002179040573537
Training loss on iteration 1340 = 0.16221399842761458
Training loss on iteration 1360 = 0.14006583229638636
Training loss on iteration 1380 = 0.11968853957951069
Training loss on iteration 1400 = 0.16518478018697352
Training loss on iteration 1420 = 0.0917142222635448
Training loss on iteration 1440 = 0.14049926969455556
Training loss on iteration 1460 = 0.10305160824209451
Training loss on iteration 1480 = 0.20213784819934516
### EVAL:: Epoch 7:: Loss = 0.11866560069955807 :: ACC = 0.9623369336512835, AUC = 0.9982997538439611, EER = 0.017674288118950766
Training on epoch 8
Training loss on iteration 0 = 0.025551313534379005
Training loss on iteration 20 = 0.1488816793076694
Training loss on iteration 40 = 0.076278206682764
Training loss on iteration 60 = 0.12098457491956652
Training loss on iteration 80 = 0.07438281364738941
Training loss on iteration 100 = 0.09058887197170407
Training loss on iteration 120 = 0.06263048649416306
Training loss on iteration 140 = 0.07254791412560735
Training loss on iteration 160 = 0.10145782015752047
Training loss on iteration 180 = 0.06565161211183294
Training loss on iteration 200 = 0.09538530106656254
Training loss on iteration 220 = 0.11118734292685986
Training loss on iteration 240 = 0.1576007170137018
Training loss on iteration 260 = 0.156629884801805
Training loss on iteration 280 = 0.2031524373218417
Training loss on iteration 300 = 0.11343061937950552
Training loss on iteration 320 = 0.13710678239585833
Training loss on iteration 340 = 0.10422571361996233
Training loss on iteration 360 = 0.13739377297461033
Training loss on iteration 380 = 0.06329383794218302
Training loss on iteration 400 = 0.12891331783175702
Training loss on iteration 420 = 0.08780608063098043
Training loss on iteration 440 = 0.22966175386682153
Training loss on iteration 460 = 0.1440268107689917
Training loss on iteration 480 = 0.13415702474303542
Training loss on iteration 500 = 0.08407800616696477
Training loss on iteration 520 = 0.10012517176801339
Training loss on iteration 540 = 0.18447572827572004
Training loss on iteration 560 = 0.07310264110565186
Training loss on iteration 580 = 0.12510145808337256
Training loss on iteration 600 = 0.10238314568996429
Training loss on iteration 620 = 0.06844348150771111
Training loss on iteration 640 = 0.06453870334662497
Training loss on iteration 660 = 0.12569662785972469
Training loss on iteration 680 = 0.06441598746459931
Training loss on iteration 700 = 0.07125106147723273
Training loss on iteration 720 = 0.0632726427342277
Training loss on iteration 740 = 0.11356414973561187
Training loss on iteration 760 = 0.056686761425225995
Training loss on iteration 780 = 0.04999870386673137
Training loss on iteration 800 = 0.07825205064873444
Training loss on iteration 820 = 0.06981797354237643
Training loss on iteration 840 = 0.12030799806816503
Training loss on iteration 860 = 0.056526924681384115
Training loss on iteration 880 = 0.18071488498244434
Training loss on iteration 900 = 0.08871402591466904
Training loss on iteration 920 = 0.044354797166306525
Training loss on iteration 940 = 0.1495931702433154
Training loss on iteration 960 = 0.08248363011516631
Training loss on iteration 980 = 0.056736547837499526
Training loss on iteration 1000 = 0.0366702441329835
Training loss on iteration 1020 = 0.11142061217105947
Training loss on iteration 1040 = 0.13826748332940042
Training loss on iteration 1060 = 0.07943829912692309
Training loss on iteration 1080 = 0.1616595641884487
Training loss on iteration 1100 = 0.1357018882408738
Training loss on iteration 1120 = 0.1619401639327407
Training loss on iteration 1140 = 0.13091847584582866
Training loss on iteration 1160 = 0.08238105045165867
Training loss on iteration 1180 = 0.14856240283697844
Training loss on iteration 1200 = 0.1148828872013837
Training loss on iteration 1220 = 0.15967641198658383
Training loss on iteration 1240 = 0.0888878955040127
Training loss on iteration 1260 = 0.10602667594794184
Training loss on iteration 1280 = 0.056109687546268106
Training loss on iteration 1300 = 0.2246765590578434
Training loss on iteration 1320 = 0.20739233489148318
Training loss on iteration 1340 = 0.08659002352505922
Training loss on iteration 1360 = 0.13154906044946985
Training loss on iteration 1380 = 0.4559460036456585
Training loss on iteration 1400 = 0.1401486848015338
Training loss on iteration 1420 = 0.2138475988060236
Training loss on iteration 1440 = 0.21641959147527814
Training loss on iteration 1460 = 0.13945387355051936
Training loss on iteration 1480 = 0.17491149259731173
### EVAL:: Epoch 8:: Loss = 0.08391216002612022 :: ACC = 0.9689998597278721, AUC = 0.9964140096536896, EER = 0.026230887922569786
Training on epoch 9
Training loss on iteration 0 = 0.2442515790462494
Training loss on iteration 20 = 0.11328927781432867
Training loss on iteration 40 = 0.13401218176586555
Training loss on iteration 60 = 0.10678047584369779
Training loss on iteration 80 = 0.12153071470092983
Training loss on iteration 100 = 0.06485587109345943
Training loss on iteration 120 = 0.17031973657431082
Training loss on iteration 140 = 0.08858614129712805
Training loss on iteration 160 = 0.12332110790302978
Training loss on iteration 180 = 0.0791579669690691
Training loss on iteration 200 = 0.14337212769314647
Training loss on iteration 220 = 0.08136005946435035
Training loss on iteration 240 = 0.09242685995995999
Training loss on iteration 260 = 0.15501354411244392
Training loss on iteration 280 = 0.12338257830124348
Training loss on iteration 300 = 0.10448049702681601
Training loss on iteration 320 = 0.0819004368619062
Training loss on iteration 340 = 0.08208851497620344
Training loss on iteration 360 = 0.07316580566111952
Training loss on iteration 380 = 0.17112216224195437
Training loss on iteration 400 = 0.1237032431177795
Training loss on iteration 420 = 0.06950078085064888
Training loss on iteration 440 = 0.06226717527024448
Training loss on iteration 460 = 0.07998321297636721
Training loss on iteration 480 = 0.07072496470063924
Training loss on iteration 500 = 0.14508688519708812
Training loss on iteration 520 = 0.08244711140869185
Training loss on iteration 540 = 0.04156029923178721
Training loss on iteration 560 = 0.07055244282819331
Training loss on iteration 580 = 0.11088135651079938
Training loss on iteration 600 = 0.1435413107275963
Training loss on iteration 620 = 0.13433915651403366
Training loss on iteration 640 = 0.09998510166187771
Training loss on iteration 660 = 0.12566648456268012
Training loss on iteration 680 = 0.08287090316880494
Training loss on iteration 700 = 0.11433713041478769
Training loss on iteration 720 = 0.09803225981304423
Training loss on iteration 740 = 0.15777743700891733
Training loss on iteration 760 = 0.11085073419380934
Training loss on iteration 780 = 0.1717189744114876
Training loss on iteration 800 = 0.10846113841980695
Training loss on iteration 820 = 0.10102438824251295
Training loss on iteration 840 = 0.09857714283280075
Training loss on iteration 860 = 0.1681283912155777
Training loss on iteration 880 = 0.14866493884474039
Training loss on iteration 900 = 0.10054763634689153
Training loss on iteration 920 = 0.08472252731444314
Training loss on iteration 940 = 0.0762239491159562
Training loss on iteration 960 = 0.12269605895271525
Training loss on iteration 980 = 0.11233835712773725
Training loss on iteration 1000 = 0.06812616847455502
Training loss on iteration 1020 = 0.08163898033089936
Training loss on iteration 1040 = 0.10759904334481689
Training loss on iteration 1060 = 0.10961636450374498
Training loss on iteration 1080 = 0.16874445406137967
Training loss on iteration 1100 = 0.18934745051374194
Training loss on iteration 1120 = 0.13317591429222375
Training loss on iteration 1140 = 0.06270565609447658
Training loss on iteration 1160 = 0.14509943414959708
Training loss on iteration 1180 = 0.10131491638603621
Training loss on iteration 1200 = 0.20220273055601864
Training loss on iteration 1220 = 0.07971946438774466
Training loss on iteration 1240 = 0.1648820186499506
Training loss on iteration 1260 = 0.1337439213995822
Training loss on iteration 1280 = 0.08129459697520361
Training loss on iteration 1300 = 0.1191861136816442
Training loss on iteration 1320 = 0.044734310440253465
Training loss on iteration 1340 = 0.0934246519813314
Training loss on iteration 1360 = 0.08610238254768773
Training loss on iteration 1380 = 0.12430815826519392
Training loss on iteration 1400 = 0.10399084058590233
Training loss on iteration 1420 = 0.07469771136529743
Training loss on iteration 1440 = 0.07607883370947092
Training loss on iteration 1460 = 0.08841068720794283
Training loss on iteration 1480 = 0.10870802276767791
### EVAL:: Epoch 9:: Loss = 0.0770355944421808 :: ACC = 0.9736989760134661, AUC = 0.9966418903732295, EER = 0.025950343666713425
Training on epoch 10
Training loss on iteration 0 = 0.012269911356270313
Training loss on iteration 20 = 0.11948115632403641
Training loss on iteration 40 = 0.06386656754766591
Training loss on iteration 60 = 0.10490384483709932
Training loss on iteration 80 = 0.09862275961786508
Training loss on iteration 100 = 0.10602733613923192
Training loss on iteration 120 = 0.11990082315169275
Training loss on iteration 140 = 0.03276953088934533
Training loss on iteration 160 = 0.07243588504206855
Training loss on iteration 180 = 0.11365179154090584
Training loss on iteration 200 = 0.07217378574423491
Training loss on iteration 220 = 0.08999916989123449
Training loss on iteration 240 = 0.06823972822749055
Training loss on iteration 260 = 0.12834803357254715
Training loss on iteration 280 = 0.05669173604110256
Training loss on iteration 300 = 0.09206204118672759
Training loss on iteration 320 = 0.07005713972030207
Training loss on iteration 340 = 0.12525665485300125
Training loss on iteration 360 = 0.05476389161776751
Training loss on iteration 380 = 0.12238813984149602
Training loss on iteration 400 = 0.05222643094020896
Training loss on iteration 420 = 0.09616156814154238
Training loss on iteration 440 = 0.11039933355059475
Training loss on iteration 460 = 0.06335759805515409
Training loss on iteration 480 = 0.07806884383317084
Training loss on iteration 500 = 0.022518661979120225
Training loss on iteration 520 = 0.07150847804150544
Training loss on iteration 540 = 0.0786457966605667
Training loss on iteration 560 = 0.0903707961231703
Training loss on iteration 580 = 0.0904636487364769
Training loss on iteration 600 = 0.06616595386294648
Training loss on iteration 620 = 0.2139269480132498
Training loss on iteration 640 = 0.08831502223620191
Training loss on iteration 660 = 0.06647687470540405
Training loss on iteration 680 = 0.04504935862496495
Training loss on iteration 700 = 0.03650667561159935
Training loss on iteration 720 = 0.01395714987302199
Training loss on iteration 740 = 0.041878486479981804
Training loss on iteration 760 = 0.12108262002584524
Training loss on iteration 780 = 0.09533888897276484
Training loss on iteration 800 = 0.055536755674984305
Training loss on iteration 820 = 0.05818738921661861
Training loss on iteration 840 = 0.09455823539756239
Training loss on iteration 860 = 0.06221957034431398
Training loss on iteration 880 = 0.07742716264037881
Training loss on iteration 900 = 0.08480428432812914
Training loss on iteration 920 = 0.03702075891487766
Training loss on iteration 940 = 0.04804447300048196
Training loss on iteration 960 = 0.11731519851309713
Training loss on iteration 980 = 0.06982896849513054
Training loss on iteration 1000 = 0.0789661611779593
Training loss on iteration 1020 = 0.10542057538405061
Training loss on iteration 1040 = 0.10810584754799493
Training loss on iteration 1060 = 0.1746823985420633
Training loss on iteration 1080 = 0.0644808774581179
Training loss on iteration 1100 = 0.08205357501283288
Training loss on iteration 1120 = 0.07553561918903143
Training loss on iteration 1140 = 0.09306833013542928
Training loss on iteration 1160 = 0.0729639981931541
Training loss on iteration 1180 = 0.07666355820838362
Training loss on iteration 1200 = 0.08923656861297787
Training loss on iteration 1220 = 0.06301775649189949
Training loss on iteration 1240 = 0.1015500181936659
Training loss on iteration 1260 = 0.09573534323426429
Training loss on iteration 1280 = 0.08760240012779832
Training loss on iteration 1300 = 0.09032024722546339
Training loss on iteration 1320 = 0.03694417586084455
Training loss on iteration 1340 = 0.1984737303457223
Training loss on iteration 1360 = 0.0787095142994076
Training loss on iteration 1380 = 0.05556408847332932
Training loss on iteration 1400 = 0.05824569907563273
Training loss on iteration 1420 = 0.1004184591001831
Training loss on iteration 1440 = 0.0608933107694611
Training loss on iteration 1460 = 0.09333450425183401
Training loss on iteration 1480 = 0.048126180001418106
### EVAL:: Epoch 10:: Loss = 0.040440874253327416 :: ACC = 0.9862533314630383, AUC = 0.9989475556770062, EER = 0.01472857343245897
Training on epoch 11
Training loss on iteration 0 = 0.022346733137965202
Training loss on iteration 20 = 0.08231402656529099
Training loss on iteration 40 = 0.059958905819803475
Training loss on iteration 60 = 0.05086546955863014
Training loss on iteration 80 = 0.05152603506685409
Training loss on iteration 100 = 0.04763605771586299
Training loss on iteration 120 = 0.10985319625469855
Training loss on iteration 140 = 0.20893495493219233
Training loss on iteration 160 = 0.21741895359009505
Training loss on iteration 180 = 0.10137597108259797
Training loss on iteration 200 = 0.251977232680656
Training loss on iteration 220 = 0.15558821270242335
Training loss on iteration 240 = 0.1095627362607047
Training loss on iteration 260 = 0.12510044538648799
Training loss on iteration 280 = 0.1967430788790807
Training loss on iteration 300 = 0.07540078205056489
Training loss on iteration 320 = 0.09128071134909987
Training loss on iteration 340 = 0.07509907052153722
Training loss on iteration 360 = 0.08487108871922829
Training loss on iteration 380 = 0.10872265150537715
Training loss on iteration 400 = 0.08852161241229624
Training loss on iteration 420 = 0.06625121970428154
Training loss on iteration 440 = 0.09003148748306558
Training loss on iteration 460 = 0.05655241976201068
Training loss on iteration 480 = 0.11645442671142518
Training loss on iteration 500 = 0.07709303001174703
Training loss on iteration 520 = 0.15198214151896536
Training loss on iteration 540 = 0.166292419412639
Training loss on iteration 560 = 0.10201338911429048
Training loss on iteration 580 = 0.1256166061386466
Training loss on iteration 600 = 0.1108631580369547
Training loss on iteration 620 = 0.07524887127801776
Training loss on iteration 640 = 0.15822978318901731
Training loss on iteration 660 = 0.061114401987288146
Training loss on iteration 680 = 0.10019978932105005
Training loss on iteration 700 = 0.12802483420819044
Training loss on iteration 720 = 0.07656217804178596
Training loss on iteration 740 = 0.0665707862470299
Training loss on iteration 760 = 0.1651418298657518
Training loss on iteration 780 = 0.0857450074458029
Training loss on iteration 800 = 0.08850511375349016
Training loss on iteration 820 = 0.07878578179515898
Training loss on iteration 840 = 0.11620732730953023
Training loss on iteration 860 = 0.04981339501682669
Training loss on iteration 880 = 0.08980153477750719
Training loss on iteration 900 = 0.06530690873041749
Training loss on iteration 920 = 0.05016901182534639
Training loss on iteration 940 = 0.08949513566913084
Training loss on iteration 960 = 0.07104912815848366
Training loss on iteration 980 = 0.04127277433217387
Training loss on iteration 1000 = 0.07534823596361093
Training loss on iteration 1020 = 0.14742125397315248
Training loss on iteration 1040 = 0.041132709570229055
Training loss on iteration 1060 = 0.061273602809524166
Training loss on iteration 1080 = 0.12347301085246727
Training loss on iteration 1100 = 0.05424142474075779
Training loss on iteration 1120 = 0.07417721910387627
Training loss on iteration 1140 = 0.11211242183344439
Training loss on iteration 1160 = 0.1603374812984839
Training loss on iteration 1180 = 0.0764038615510799
Training loss on iteration 1200 = 0.0779089891933836
Training loss on iteration 1220 = 0.0648974324692972
Training loss on iteration 1240 = 0.16214365879422984
Training loss on iteration 1260 = 0.11452395015512593
Training loss on iteration 1280 = 0.24923849196638911
Training loss on iteration 1300 = 0.11826491821557283
Training loss on iteration 1320 = 0.06299699528608471
Training loss on iteration 1340 = 0.08257984293159097
Training loss on iteration 1360 = 0.06314627712126822
Training loss on iteration 1380 = 0.08061010383535176
Training loss on iteration 1400 = 0.05559252016246319
Training loss on iteration 1420 = 0.07236252726870589
Training loss on iteration 1440 = 0.08752453462220729
Training loss on iteration 1460 = 0.14892307473346592
Training loss on iteration 1480 = 0.06465353555977345
### EVAL:: Epoch 11:: Loss = 0.051284654724146665 :: ACC = 0.9826763922008697, AUC = 0.9987224001208438, EER = 0.015429934072099874
Training on epoch 12
Training loss on iteration 0 = 0.1733209788799286
Training loss on iteration 20 = 0.10063751961570233
Training loss on iteration 40 = 0.08051966175553389
Training loss on iteration 60 = 0.09281775716808624
Training loss on iteration 80 = 0.061012050788849595
Training loss on iteration 100 = 0.09944201642065309
Training loss on iteration 120 = 0.07502526789903641
Training loss on iteration 140 = 0.07446907949633896
Training loss on iteration 160 = 0.06459118158672936
Training loss on iteration 180 = 0.08693524340633303
Training loss on iteration 200 = 0.08010521673131735
Training loss on iteration 220 = 0.0690578774549067
Training loss on iteration 240 = 0.06452068054641132
Training loss on iteration 260 = 0.075523427061853
Training loss on iteration 280 = 0.0605992436001543
Training loss on iteration 300 = 0.04661278205167037
Training loss on iteration 320 = 0.06826986755186226
Training loss on iteration 340 = 0.15469650013837963
Training loss on iteration 360 = 0.058881179662421346
Training loss on iteration 380 = 0.09467172728618607
Training loss on iteration 400 = 0.09809022691915743
Training loss on iteration 420 = 0.07204028866253794
Training loss on iteration 440 = 0.045414782740408555
Training loss on iteration 460 = 0.04690165102801984
Training loss on iteration 480 = 0.10068154455220793
Training loss on iteration 500 = 0.0597023656941019
Training loss on iteration 520 = 0.13663940387777984
Training loss on iteration 540 = 0.16567181814461945
Training loss on iteration 560 = 0.1216653565177694
Training loss on iteration 580 = 0.13234827589185444
Training loss on iteration 600 = 0.09835579646751284
Training loss on iteration 620 = 0.06371524163987488
Training loss on iteration 640 = 0.06471542621729895
Training loss on iteration 660 = 0.03341801033529919
Training loss on iteration 680 = 0.08199193355103489
Training loss on iteration 700 = 0.10655488760676235
Training loss on iteration 720 = 0.13342813117196783
Training loss on iteration 740 = 0.1534301538951695
Training loss on iteration 760 = 0.11635232304688543
Training loss on iteration 780 = 0.058168411976657806
Training loss on iteration 800 = 0.08030335591174662
Training loss on iteration 820 = 0.0643705268856138
Training loss on iteration 840 = 0.06495083275949583
Training loss on iteration 860 = 0.08894627631525509
Training loss on iteration 880 = 0.19607201867038385
Training loss on iteration 900 = 0.1970365065615624
Training loss on iteration 920 = 0.1272040693555027
Training loss on iteration 940 = 0.08023243116040249
Training loss on iteration 960 = 0.06444749879592564
Training loss on iteration 980 = 0.12016693321056664
Training loss on iteration 1000 = 0.06801777199143544
Training loss on iteration 1020 = 0.11852549011819065
Training loss on iteration 1040 = 0.0804612228879705
Training loss on iteration 1060 = 0.05532854872290045
Training loss on iteration 1080 = 0.12442950876429677
Training loss on iteration 1100 = 0.08745701957959681
Training loss on iteration 1120 = 0.0917046079877764
Training loss on iteration 1140 = 0.04947824006085284
Training loss on iteration 1160 = 0.16714236746774985
Training loss on iteration 1180 = 0.07569548120955005
Training loss on iteration 1200 = 0.27357196691446006
Training loss on iteration 1220 = 0.2826702837366611
Training loss on iteration 1240 = 0.3762679293751717
Training loss on iteration 1260 = 0.32654170468449595
Training loss on iteration 1280 = 0.17311027646064758
Training loss on iteration 1300 = 0.21109488569200038
Training loss on iteration 1320 = 0.18237998681142925
Training loss on iteration 1340 = 0.17977895475924016
Training loss on iteration 1360 = 0.22988722631707786
Training loss on iteration 1380 = 0.30757637433707713
Training loss on iteration 1400 = 0.23507833164185285
Training loss on iteration 1420 = 0.27637947872281077
Training loss on iteration 1440 = 0.21726099792867898
Training loss on iteration 1460 = 0.19272661060094834
Training loss on iteration 1480 = 0.17828680872917174
### EVAL:: Epoch 12:: Loss = 0.16950950037732535 :: ACC = 0.933160331042222, AUC = 0.9922757654408397, EER = 0.04306354327395147
Training on epoch 13
Training loss on iteration 0 = 0.2867252230644226
Training loss on iteration 20 = 0.16603902373462914
Training loss on iteration 40 = 0.12441473313374445
Training loss on iteration 60 = 0.17774689216166734
Training loss on iteration 80 = 0.16765322326682508
Training loss on iteration 100 = 0.15374531596899033
Training loss on iteration 120 = 0.14109613625332712
Training loss on iteration 140 = 0.0998135925270617
Training loss on iteration 160 = 0.174539872945752
Training loss on iteration 180 = 0.11534934302326291
Training loss on iteration 200 = 0.17456176932901143
Training loss on iteration 220 = 0.1350559796905145
Training loss on iteration 240 = 0.10575125524774194
Training loss on iteration 260 = 0.09098886959254741
Training loss on iteration 280 = 0.11138188727200031
Training loss on iteration 300 = 0.06618539600167424
Training loss on iteration 320 = 0.13367372318170964
Training loss on iteration 340 = 0.15221001212485136
Training loss on iteration 360 = 0.08128322244156153
Training loss on iteration 380 = 0.1672048129606992
Training loss on iteration 400 = 0.2139936897903681
Training loss on iteration 420 = 0.1424414785578847
Training loss on iteration 440 = 0.07409229716286063
Training loss on iteration 460 = 0.1626211941591464
Training loss on iteration 480 = 0.2214114898815751
Training loss on iteration 500 = 0.12249861236196011
Training loss on iteration 520 = 0.11290166943799704
Training loss on iteration 540 = 0.12684667287394405
Training loss on iteration 560 = 0.08762432477378752
Training loss on iteration 580 = 0.14381809396581957
Training loss on iteration 600 = 0.09294580942951143
Training loss on iteration 620 = 0.0800762090133503
Training loss on iteration 640 = 0.17298304166179151
Training loss on iteration 660 = 0.18223039124859497
Training loss on iteration 680 = 0.07976717262063175
Training loss on iteration 700 = 0.08614119209814816
Training loss on iteration 720 = 0.1031802045297809
Training loss on iteration 740 = 0.12260213603731245
Training loss on iteration 760 = 0.061754030641168356
Training loss on iteration 780 = 0.10275306476978585
Training loss on iteration 800 = 0.07926395838148892
Training loss on iteration 820 = 0.06224541793344542
Training loss on iteration 840 = 0.03966200065333396
Training loss on iteration 860 = 0.10337332027265803
Training loss on iteration 880 = 0.14896183499949983
Training loss on iteration 900 = 0.1110412163194269
Training loss on iteration 920 = 0.12819627756252885
Training loss on iteration 940 = 0.12398986793123186
Training loss on iteration 960 = 0.07130286585306748
Training loss on iteration 980 = 0.13325112868333236
Training loss on iteration 1000 = 0.09677914525382221
Training loss on iteration 1020 = 0.08088951237732545
Training loss on iteration 1040 = 0.10161531295161694
Training loss on iteration 1060 = 0.10119420966366306
Training loss on iteration 1080 = 0.08490547857945785
Training loss on iteration 1100 = 0.125180211244151
Training loss on iteration 1120 = 0.03954097551759332
Training loss on iteration 1140 = 0.09418580936035141
Training loss on iteration 1160 = 0.10918401840608567
Training loss on iteration 1180 = 0.09196190956281498
Training loss on iteration 1200 = 0.07404646130744368
Training loss on iteration 1220 = 0.0543807476060465
Training loss on iteration 1240 = 0.0706081954529509
Training loss on iteration 1260 = 0.0780961639713496
Training loss on iteration 1280 = 0.0856508940923959
Training loss on iteration 1300 = 0.0898113607079722
Training loss on iteration 1320 = 0.13460116103524342
Training loss on iteration 1340 = 0.12944083479233087
Training loss on iteration 1360 = 0.09155315808020532
Training loss on iteration 1380 = 0.09445748972939327
Training loss on iteration 1400 = 0.12971711212303488
Training loss on iteration 1420 = 0.13214332421775907
Training loss on iteration 1440 = 0.11053599696606398
Training loss on iteration 1460 = 0.1107865837868303
Training loss on iteration 1480 = 0.07235010310541838
### EVAL:: Epoch 13:: Loss = 0.15833452910909718 :: ACC = 0.9398933931827745, AUC = 0.9959919044742285, EER = 0.02959741899284612
Training on epoch 14
Training loss on iteration 0 = 0.12995967268943787
Training loss on iteration 20 = 0.09089238701853901
Training loss on iteration 40 = 0.09747844142839313
Training loss on iteration 60 = 0.09597598314285279
Training loss on iteration 80 = 0.16809436607873068
Training loss on iteration 100 = 0.1683199908118695
Training loss on iteration 120 = 0.11009735444094985
Training loss on iteration 140 = 0.11237084632739425
Training loss on iteration 160 = 0.03614069102331996
Training loss on iteration 180 = 0.09658966169226915
Training loss on iteration 200 = 0.14490879954537378
Training loss on iteration 220 = 0.08609748960006983
Training loss on iteration 240 = 0.06559687874978408
Training loss on iteration 260 = 0.025755067390855403
Training loss on iteration 280 = 0.10206587364664302
Training loss on iteration 300 = 0.09404814379522577
Training loss on iteration 320 = 0.03572923234896734
Training loss on iteration 340 = 0.07166242697858252
Training loss on iteration 360 = 0.14753452081349677
Training loss on iteration 380 = 0.12171844444237649
Training loss on iteration 400 = 0.03919607443967834
Training loss on iteration 420 = 0.16845696566160767
Training loss on iteration 440 = 0.10416523618623615
Training loss on iteration 460 = 0.14630046794191004
Training loss on iteration 480 = 0.12573107383213938
Training loss on iteration 500 = 0.12738791555166246
Training loss on iteration 520 = 0.10445170397870243
Training loss on iteration 540 = 0.13287810906767844
Training loss on iteration 560 = 0.12430477512534707
Training loss on iteration 580 = 0.08178411333356053
Training loss on iteration 600 = 0.04448271701694466
Training loss on iteration 620 = 0.08094395528314635
Training loss on iteration 640 = 0.09439283261308447
Training loss on iteration 660 = 0.13909002572763712
Training loss on iteration 680 = 0.12423834200017154
Training loss on iteration 700 = 0.1042011113895569
Training loss on iteration 720 = 0.14567850574385374
Training loss on iteration 740 = 0.09868233555462211
Training loss on iteration 760 = 0.10291149003896863
Training loss on iteration 780 = 0.06337443548254669
Training loss on iteration 800 = 0.12885205443017184
Training loss on iteration 820 = 0.06339756278903223
Training loss on iteration 840 = 0.10607061990303919
Training loss on iteration 860 = 0.07537485995271709
Training loss on iteration 880 = 0.09685044252546504
Training loss on iteration 900 = 0.1330335239181295
Training loss on iteration 920 = 0.06893939756555482
Training loss on iteration 940 = 0.05203113766619936
Training loss on iteration 960 = 0.055230481218313796
Training loss on iteration 980 = 0.10592980313376757
Training loss on iteration 1000 = 0.07630438165324449
Training loss on iteration 1020 = 0.13587708262493833
Training loss on iteration 1040 = 0.10280056421179325
Training loss on iteration 1060 = 0.07114682742394507
Training loss on iteration 1080 = 0.08564794827252627
Training loss on iteration 1100 = 0.08332493954803795
Training loss on iteration 1120 = 0.06243148555513471
Training loss on iteration 1140 = 0.10595708771143109
Training loss on iteration 1160 = 0.057452425337396563
Training loss on iteration 1180 = 0.08726304061710835
Training loss on iteration 1200 = 0.05811829352751374
Training loss on iteration 1220 = 0.07828144583618268
Training loss on iteration 1240 = 0.08384977022651582
Training loss on iteration 1260 = 0.0798884829855524
Training loss on iteration 1280 = 0.06626233109273016
Training loss on iteration 1300 = 0.10755151570774615
Training loss on iteration 1320 = 0.09840993776451797
Training loss on iteration 1340 = 0.08627072684466838
Training loss on iteration 1360 = 0.09356225379160606
Training loss on iteration 1380 = 0.09758450814697425
Training loss on iteration 1400 = 0.08468862948939204
Training loss on iteration 1420 = 0.05684232026105747
Training loss on iteration 1440 = 0.07645324014883954
Training loss on iteration 1460 = 0.05398831354104914
Training loss on iteration 1480 = 0.09519299427047372
### EVAL:: Epoch 14:: Loss = 0.04407903807027024 :: ACC = 0.9835881610324029, AUC = 0.9989204811296603, EER = 0.013045307897320802
Training on epoch 15
Training loss on iteration 0 = 0.02434013970196247
Training loss on iteration 20 = 0.073433681007009
Training loss on iteration 40 = 0.0595301284105517
Training loss on iteration 60 = 0.045857338304631415
Training loss on iteration 80 = 0.28603855301626024
Training loss on iteration 100 = 0.27361610569059847
Training loss on iteration 120 = 0.17611899254843594
Training loss on iteration 140 = 0.2409537397325039
Training loss on iteration 160 = 0.5786728676408529
Training loss on iteration 180 = 0.5068989083170891
Training loss on iteration 200 = 0.2880505591630936
Training loss on iteration 220 = 0.22507308665663003
Training loss on iteration 240 = 0.1538971796631813
Training loss on iteration 260 = 0.2432511698221788
Training loss on iteration 280 = 0.14380727764219045
Training loss on iteration 300 = 0.07175306007266044
Training loss on iteration 320 = 0.14739330653101207
Training loss on iteration 340 = 0.2527018159045838
Training loss on iteration 360 = 0.09555631843395532
Training loss on iteration 380 = 0.15704444888979197
Training loss on iteration 400 = 0.14545586286112666
Training loss on iteration 420 = 0.09423230621032416
Training loss on iteration 440 = 0.17939096074551344
Training loss on iteration 460 = 0.1606342002749443
Training loss on iteration 480 = 0.1091618402628228
Training loss on iteration 500 = 0.19156758282333614
Training loss on iteration 520 = 0.21123293591663242
Training loss on iteration 540 = 0.17231220435351133
Training loss on iteration 560 = 0.1470162737183273
Training loss on iteration 580 = 0.18675888255238532
Training loss on iteration 600 = 0.2550444789696485
Training loss on iteration 620 = 0.1794708119239658
Training loss on iteration 640 = 0.18213282050564886
Training loss on iteration 660 = 0.09590168609283864
Training loss on iteration 680 = 0.1654390429612249
Training loss on iteration 700 = 0.14536141102435068
Training loss on iteration 720 = 0.13386942555662246
Training loss on iteration 740 = 0.07277016742154956
Training loss on iteration 760 = 0.1407220513327047
Training loss on iteration 780 = 0.0886177177715581
Training loss on iteration 800 = 0.09072874179109931
Training loss on iteration 820 = 0.12060629036277533
Training loss on iteration 840 = 0.12467113446909935
Training loss on iteration 860 = 0.10134326196275652
Training loss on iteration 880 = 0.12495811311528086
Training loss on iteration 900 = 0.0923109652590938
Training loss on iteration 920 = 0.07926791671779938
Training loss on iteration 940 = 0.14761143957730383
Training loss on iteration 960 = 0.10678711353102699
Training loss on iteration 980 = 0.1559541963157244
Training loss on iteration 1000 = 0.21812557699158788
Training loss on iteration 1020 = 0.10705966232344508
Training loss on iteration 1040 = 0.10780899431556464
Training loss on iteration 1060 = 0.06262300404487178
Training loss on iteration 1080 = 0.06612467679660768
Training loss on iteration 1100 = 0.03611500110127963
Training loss on iteration 1120 = 0.1860011242562905
Training loss on iteration 1140 = 0.06484973207116126
Training loss on iteration 1160 = 0.08933231388218701
Training loss on iteration 1180 = 0.099200765194837
Training loss on iteration 1200 = 0.11095141839032294
Training loss on iteration 1220 = 0.09176737442612648
Training loss on iteration 1240 = 0.052896261506248266
Training loss on iteration 1260 = 0.10421499649528414
Training loss on iteration 1280 = 0.09164628987200558
Training loss on iteration 1300 = 0.04462067391723394
Training loss on iteration 1320 = 0.06868222656776198
Training loss on iteration 1340 = 0.10754388789646327
Training loss on iteration 1360 = 0.06989905016671401
Training loss on iteration 1380 = 0.11005713157355786
Training loss on iteration 1400 = 0.05610815067775547
Training loss on iteration 1420 = 0.1025460748351179
Training loss on iteration 1440 = 0.16302898058202117
Training loss on iteration 1460 = 0.07397873511072248
Training loss on iteration 1480 = 0.0986670539714396
### EVAL:: Epoch 15:: Loss = 0.04428330114154306 :: ACC = 0.9882872773179969, AUC = 0.9990037904563047, EER = 0.012063403001823538
Training on epoch 16
Training loss on iteration 0 = 0.2100999355316162
Training loss on iteration 20 = 0.06884328883606941
Training loss on iteration 40 = 0.08112281877547503
Training loss on iteration 60 = 0.15202832031063734
Training loss on iteration 80 = 0.061142771589220504
Training loss on iteration 100 = 0.10229517566040158
Training loss on iteration 120 = 0.12751427217153832
Training loss on iteration 140 = 0.09786933936411515
Training loss on iteration 160 = 0.15942709180526435
Training loss on iteration 180 = 0.14106245463481173
Training loss on iteration 200 = 0.11938762317877263
Training loss on iteration 220 = 0.17139029218815266
Training loss on iteration 240 = 0.08864883648930118
Training loss on iteration 260 = 0.0879403269616887
Training loss on iteration 280 = 0.09077108919154853
Training loss on iteration 300 = 0.10311722845071927
Training loss on iteration 320 = 0.0908904557581991
Training loss on iteration 340 = 0.055859423021320256
Training loss on iteration 360 = 0.0905613032868132
Training loss on iteration 380 = 0.08541700662462973
Training loss on iteration 400 = 0.06220403022598475
Training loss on iteration 420 = 0.13504565335460939
Training loss on iteration 440 = 0.08147696249652654
Training loss on iteration 460 = 0.08964147686492652
Training loss on iteration 480 = 0.06897407671203837
Training loss on iteration 500 = 0.053835554758552465
Training loss on iteration 520 = 0.14375268049770967
Training loss on iteration 540 = 0.13994235047721304
Training loss on iteration 560 = 0.24686950729228557
Training loss on iteration 580 = 0.09307530978694559
Training loss on iteration 600 = 0.111845901212655
Training loss on iteration 620 = 0.22360712193185464
Training loss on iteration 640 = 0.09387825790327042
Training loss on iteration 660 = 0.09192850205581635
Training loss on iteration 680 = 0.09077442098059692
Training loss on iteration 700 = 0.16662909591104835
Training loss on iteration 720 = 0.08333945339545608
Training loss on iteration 740 = 0.06462511545978486
Training loss on iteration 760 = 0.12862810760270804
Training loss on iteration 780 = 0.07033636334817857
Training loss on iteration 800 = 0.05998085271276068
Training loss on iteration 820 = 0.10667154886759818
Training loss on iteration 840 = 0.0834996149642393
Training loss on iteration 860 = 0.09151837211393285
Training loss on iteration 880 = 0.09253875748254359
Training loss on iteration 900 = 0.10921964459703304
Training loss on iteration 920 = 0.0653112563653849
Training loss on iteration 940 = 0.08245369428768753
Training loss on iteration 960 = 0.05886859557358548
Training loss on iteration 980 = 0.15454531968571245
Training loss on iteration 1000 = 0.09371601868188009
Training loss on iteration 1020 = 0.08487445279024541
Training loss on iteration 1040 = 0.06025068320450373
Training loss on iteration 1060 = 0.06951370648457669
Training loss on iteration 1080 = 0.08839760245609796
Training loss on iteration 1100 = 0.0489705192449037
Training loss on iteration 1120 = 0.06925760231097229
Training loss on iteration 1140 = 0.06206939543480985
Training loss on iteration 1160 = 0.07761755040846766
Training loss on iteration 1180 = 0.12303088408662007
Training loss on iteration 1200 = 0.06558063878328539
Training loss on iteration 1220 = 0.179254565294832
Training loss on iteration 1240 = 0.13380147004500031
Training loss on iteration 1260 = 0.11885012448765338
Training loss on iteration 1280 = 0.07083055888651871
Training loss on iteration 1300 = 0.0462913085881155
Training loss on iteration 1320 = 0.07871786585310474
Training loss on iteration 1340 = 0.07529294166015461
Training loss on iteration 1360 = 0.022334612302074675
Training loss on iteration 1380 = 0.0703268461234984
Training loss on iteration 1400 = 0.044030367891537026
Training loss on iteration 1420 = 0.06758123008185066
Training loss on iteration 1440 = 0.1030466137570329
Training loss on iteration 1460 = 0.09684223225340247
Training loss on iteration 1480 = 0.07916234005242587
### EVAL:: Epoch 16:: Loss = 0.043044369772164325 :: ACC = 0.985201290503577, AUC = 0.998849469471687, EER = 0.014167484920746248
Training on epoch 17
Training loss on iteration 0 = 0.031801942735910416
Training loss on iteration 20 = 0.026200126169715076
Training loss on iteration 40 = 0.041332494124071674
Training loss on iteration 60 = 0.03240997113462072
Training loss on iteration 80 = 0.05206953269080259
Training loss on iteration 100 = 0.08954384750395547
Training loss on iteration 120 = 0.1090292124717962
Training loss on iteration 140 = 0.029520115267951043
Training loss on iteration 160 = 0.05612338934151921
Training loss on iteration 180 = 0.12892913522873642
Training loss on iteration 200 = 0.23586015403270721
Training loss on iteration 220 = 0.13912470075301825
Training loss on iteration 240 = 0.1788637231104076
Training loss on iteration 260 = 0.15655857743695378
Training loss on iteration 280 = 0.05191651473287493
Training loss on iteration 300 = 0.13085477582280874
Training loss on iteration 320 = 0.09857711883378215
Training loss on iteration 340 = 0.07361951624625362
Training loss on iteration 360 = 0.06664596972987055
Training loss on iteration 380 = 0.07930207146564498
Training loss on iteration 400 = 0.06616867417469621
Training loss on iteration 420 = 0.06380960129899904
Training loss on iteration 440 = 0.13096812842122746
Training loss on iteration 460 = 0.058911965764127674
Training loss on iteration 480 = 0.08860456437105313
Training loss on iteration 500 = 0.1624280639574863
Training loss on iteration 520 = 0.17349792709574102
Training loss on iteration 540 = 0.233309031650424
Training loss on iteration 560 = 0.1582791583612561
Training loss on iteration 580 = 0.1632021026685834
Training loss on iteration 600 = 0.132318269694224
Training loss on iteration 620 = 0.19217569511383772
Training loss on iteration 640 = 0.2296444907784462
Training loss on iteration 660 = 0.08476750741247088
Training loss on iteration 680 = 0.09950936730019748
Training loss on iteration 700 = 0.0963635206921026
Training loss on iteration 720 = 0.14431093484163285
Training loss on iteration 740 = 0.09031896013766527
Training loss on iteration 760 = 0.1294753559399396
Training loss on iteration 780 = 0.08290718523785472
Training loss on iteration 800 = 0.108575797022786
Training loss on iteration 820 = 0.09628085949225351
Training loss on iteration 840 = 0.12326683951541781
Training loss on iteration 860 = 0.1657348629552871
Training loss on iteration 880 = 0.1287324790144339
Training loss on iteration 900 = 0.08753734384663403
Training loss on iteration 920 = 0.11369386821170338
Training loss on iteration 940 = 0.12661107033491134
Training loss on iteration 960 = 0.11289956672117114
Training loss on iteration 980 = 0.07818678431212903
Training loss on iteration 1000 = 0.14289168462855742
Training loss on iteration 1020 = 0.20277387253008783
Training loss on iteration 1040 = 0.11034483555704355
Training loss on iteration 1060 = 0.12132484316825867
Training loss on iteration 1080 = 0.126745061611291
Training loss on iteration 1100 = 0.08039336013607681
Training loss on iteration 1120 = 0.09356367759173737
Training loss on iteration 1140 = 0.18291003371123224
Training loss on iteration 1160 = 0.1443209124263376
Training loss on iteration 1180 = 0.08389316285029054
Training loss on iteration 1200 = 0.09004102386534214
Training loss on iteration 1220 = 0.07522548150736838
Training loss on iteration 1240 = 0.06549219221924432
Training loss on iteration 1260 = 0.047955937960068695
Training loss on iteration 1280 = 0.0936650061456021
Training loss on iteration 1300 = 0.06051258624647744
Training loss on iteration 1320 = 0.0872525650789612
Training loss on iteration 1340 = 0.08741287712473422
Training loss on iteration 1360 = 0.10281392388278618
Training loss on iteration 1380 = 0.09082684591412545
Training loss on iteration 1400 = 0.10733626475557685
Training loss on iteration 1420 = 0.07547475737519563
Training loss on iteration 1440 = 0.13886461522488389
Training loss on iteration 1460 = 0.09492843546904624
Training loss on iteration 1480 = 0.09970203780103475
### EVAL:: Epoch 17:: Loss = 0.05111571315345506 :: ACC = 0.9838687052882592, AUC = 0.9981195979169993, EER = 0.01711319960723804
Training on epoch 18
Training loss on iteration 0 = 0.41343387961387634
Training loss on iteration 20 = 0.08543115837965161
Training loss on iteration 40 = 0.028770568786421792
Training loss on iteration 60 = 0.04814418849418871
Training loss on iteration 80 = 0.0398176995688118
Training loss on iteration 100 = 0.08471023263700772
Training loss on iteration 120 = 0.16313771224522497
Training loss on iteration 140 = 0.08751681268331594
Training loss on iteration 160 = 0.06972140315920114
Training loss on iteration 180 = 0.03984995284699835
Training loss on iteration 200 = 0.030577551102032884
Training loss on iteration 220 = 0.09410263056051918
Training loss on iteration 240 = 0.045055954081180974
Training loss on iteration 260 = 0.11123212948441505
Training loss on iteration 280 = 0.10464416500180959
Training loss on iteration 300 = 0.08940422390587628
Training loss on iteration 320 = 0.06316332063870504
Training loss on iteration 340 = 0.12208212036639451
Training loss on iteration 360 = 0.13301882563973777
Training loss on iteration 380 = 0.07213801088510081
Training loss on iteration 400 = 0.07494806704926305
Training loss on iteration 420 = 0.08379616629099473
Training loss on iteration 440 = 0.12060979614034295
Training loss on iteration 460 = 0.10892986437538639
Training loss on iteration 480 = 0.07550947554409504
Training loss on iteration 500 = 0.07663486108649523
Training loss on iteration 520 = 0.08474522119504399
Training loss on iteration 540 = 0.05629148526350036
Training loss on iteration 560 = 0.10252202718984335
Training loss on iteration 580 = 0.055716267589014025
Training loss on iteration 600 = 0.05027847871533595
Training loss on iteration 620 = 0.08918524827022338
Training loss on iteration 640 = 0.11719959348556586
Training loss on iteration 660 = 0.04134039686759934
Training loss on iteration 680 = 0.0822649628855288
Training loss on iteration 700 = 0.09180235086823814
Training loss on iteration 720 = 0.13827428125296137
Training loss on iteration 740 = 0.07028052548412234
Training loss on iteration 760 = 0.0705119427293539
Training loss on iteration 780 = 0.09277005681069568
Training loss on iteration 800 = 0.11568946226034313
Training loss on iteration 820 = 0.10281136471312494
Training loss on iteration 840 = 0.04297705295030028
Training loss on iteration 860 = 0.05167848625278566
Training loss on iteration 880 = 0.03485170851345174
Training loss on iteration 900 = 0.07111167780822143
Training loss on iteration 920 = 0.08429954505991191
Training loss on iteration 940 = 0.06938273627893068
Training loss on iteration 960 = 0.12134538094687741
Training loss on iteration 980 = 0.06934995418414473
Training loss on iteration 1000 = 0.11137230910826475
Training loss on iteration 1020 = 0.08156319002155214
Training loss on iteration 1040 = 0.08569475525873713
Training loss on iteration 1060 = 0.14019712056033312
Training loss on iteration 1080 = 0.24062161287292838
Training loss on iteration 1100 = 0.11255425596609711
Training loss on iteration 1120 = 0.1443520908942446
Training loss on iteration 1140 = 0.1179158577695489
Training loss on iteration 1160 = 0.08628963336814195
Training loss on iteration 1180 = 0.19895290806889535
Training loss on iteration 1200 = 0.09735859495121986
Training loss on iteration 1220 = 0.15296485917642713
Training loss on iteration 1240 = 0.1486108756624162
Training loss on iteration 1260 = 0.10088967233896255
Training loss on iteration 1280 = 0.06293548682006075
Training loss on iteration 1300 = 0.13860301045933737
Training loss on iteration 1320 = 0.13133311325218527
Training loss on iteration 1340 = 0.08861629338935018
Training loss on iteration 1360 = 0.06511777583509684
Training loss on iteration 1380 = 0.07069329970981926
Training loss on iteration 1400 = 0.06546847695717588
Training loss on iteration 1420 = 0.0700570707267616
Training loss on iteration 1440 = 0.13529074251418932
Training loss on iteration 1460 = 0.10179988258751109
Training loss on iteration 1480 = 0.08863752072211355
### EVAL:: Epoch 18:: Loss = 0.07048053077815182 :: ACC = 0.975873193996353, AUC = 0.9973086207778932, EER = 0.024407350259503437
Training on epoch 19
Training loss on iteration 0 = 0.05560658499598503
Training loss on iteration 20 = 0.07864053668454289
Training loss on iteration 40 = 0.0989937947364524
Training loss on iteration 60 = 0.09658989391755313
Training loss on iteration 80 = 0.06706943764438619
Training loss on iteration 100 = 0.052730602875817566
Training loss on iteration 120 = 0.07473634619964287
Training loss on iteration 140 = 0.10136667401529849
Training loss on iteration 160 = 0.08919324060552754
Training loss on iteration 180 = 0.07328288914868608
Training loss on iteration 200 = 0.06018963212845847
Training loss on iteration 220 = 0.10580106917768717
Training loss on iteration 240 = 0.15050936439074575
Training loss on iteration 260 = 0.07848613508976995
Training loss on iteration 280 = 0.2158213552320376
Training loss on iteration 300 = 0.21536185829900206
Training loss on iteration 320 = 0.2173844716278836
Training loss on iteration 340 = 0.13363842300605028
Training loss on iteration 360 = 0.11178466719575227
Training loss on iteration 380 = 0.09247482188220602
Training loss on iteration 400 = 0.1697522472590208
Training loss on iteration 420 = 0.10984399376902729
Training loss on iteration 440 = 0.10400158143602312
Training loss on iteration 460 = 0.1014494958682917
Training loss on iteration 480 = 0.06978470622561872
Training loss on iteration 500 = 0.06131011987163219
Training loss on iteration 520 = 0.0821937298111152
Training loss on iteration 540 = 0.1834500177530572
Training loss on iteration 560 = 0.10455122663988732
Training loss on iteration 580 = 0.08761780696222558
Training loss on iteration 600 = 0.05880021298944484
Training loss on iteration 620 = 0.07617311121430248
Training loss on iteration 640 = 0.11204131386475638
Training loss on iteration 660 = 0.13972615165403113
Training loss on iteration 680 = 0.08529230756685138
Training loss on iteration 700 = 0.05410297632333823
Training loss on iteration 720 = 0.08256488372571766
Training loss on iteration 740 = 0.12099796830443665
Training loss on iteration 760 = 0.04271006843773648
Training loss on iteration 780 = 0.0540057826670818
Training loss on iteration 800 = 0.158085836697137
Training loss on iteration 820 = 0.1439643721561879
Training loss on iteration 840 = 0.0994415545836091
Training loss on iteration 860 = 0.05556940247770399
Training loss on iteration 880 = 0.04247836383292451
Training loss on iteration 900 = 0.11299957586452365
Training loss on iteration 920 = 0.11997584432829171
Training loss on iteration 940 = 0.06409124877536669
Training loss on iteration 960 = 0.14230725688394158
Training loss on iteration 980 = 0.1296352340374142
Training loss on iteration 1000 = 0.08421375479083508
Training loss on iteration 1020 = 0.0818142797332257
Training loss on iteration 1040 = 0.10671997022000142
Training loss on iteration 1060 = 0.08617951253254433
Training loss on iteration 1080 = 0.09369074100395665
Training loss on iteration 1100 = 0.07637086259201169
Training loss on iteration 1120 = 0.09871106845093891
Training loss on iteration 1140 = 0.06821186711313203
Training loss on iteration 1160 = 0.09537690439610742
Training loss on iteration 1180 = 0.08143457596306689
Training loss on iteration 1200 = 0.10902405710949097
Training loss on iteration 1220 = 0.1516818406060338
Training loss on iteration 1240 = 0.15479471781291068
Training loss on iteration 1260 = 0.15292990272864698
Training loss on iteration 1280 = 0.20753851892659442
Training loss on iteration 1300 = 0.19099011612124742
Training loss on iteration 1320 = 0.1325075187254697
Training loss on iteration 1340 = 0.07170875794254243
Training loss on iteration 1360 = 0.2192618801142089
Training loss on iteration 1380 = 0.19330850462429225
Training loss on iteration 1400 = 0.12543556930031627
Training loss on iteration 1420 = 0.12159996484406292
Training loss on iteration 1440 = 0.06248881736537441
Training loss on iteration 1460 = 0.13773741812910884
Training loss on iteration 1480 = 0.18934322353452443
### EVAL:: Epoch 19:: Loss = 0.07723196066466237 :: ACC = 0.9727170711179689, AUC = 0.9961771762313574, EER = 0.026791976434282508
Training on epoch 20
Training loss on iteration 0 = 0.00894773006439209
Training loss on iteration 20 = 0.08922282716957852
Training loss on iteration 40 = 0.10228198401164264
Training loss on iteration 60 = 0.1532272756099701
Training loss on iteration 80 = 0.11009917352348567
Training loss on iteration 100 = 0.12017432400025427
Training loss on iteration 120 = 0.06056990879587829
Training loss on iteration 140 = 0.0973735585110262
Training loss on iteration 160 = 0.06892917684745044
Training loss on iteration 180 = 0.0949447413207963
Training loss on iteration 200 = 0.1371923106489703
Training loss on iteration 220 = 0.09919682145118713
Training loss on iteration 240 = 0.14860471865395083
Training loss on iteration 260 = 0.11784822044428438
Training loss on iteration 280 = 0.08388646871317178
Training loss on iteration 300 = 0.1047051380155608
Training loss on iteration 320 = 0.1257832299452275
Training loss on iteration 340 = 0.08751424591173418
Training loss on iteration 360 = 0.12187304496765136
Training loss on iteration 380 = 0.13296430776827037
Training loss on iteration 400 = 0.08617971373023466
Training loss on iteration 420 = 0.07996131712570786
Training loss on iteration 440 = 0.09727818104438483
Training loss on iteration 460 = 0.13120777821168303
Training loss on iteration 480 = 0.08412092493672389
Training loss on iteration 500 = 0.08768084750045091
Training loss on iteration 520 = 0.08773281548637897
Training loss on iteration 540 = 0.1107214409057633
Training loss on iteration 560 = 0.06299248521681874
Training loss on iteration 580 = 0.09160534953698515
Training loss on iteration 600 = 0.09540380828548223
Training loss on iteration 620 = 0.06360116266587283
Training loss on iteration 640 = 0.15412716325372458
Training loss on iteration 660 = 0.11097751238849014
Training loss on iteration 680 = 0.06903547700494528
Training loss on iteration 700 = 0.09610032488999423
Training loss on iteration 720 = 0.048397965996991844
Training loss on iteration 740 = 0.09748186499346048
Training loss on iteration 760 = 0.14459257672424428
Training loss on iteration 780 = 0.0814467677148059
Training loss on iteration 800 = 0.06409807199961506
Training loss on iteration 820 = 0.09520650618942454
Training loss on iteration 840 = 0.04480915741296485
Training loss on iteration 860 = 0.0230427109869197
Training loss on iteration 880 = 0.06286618390586227
Training loss on iteration 900 = 0.1154460397316143
Training loss on iteration 920 = 0.04476808102626819
Training loss on iteration 940 = 0.1180899836588651
Training loss on iteration 960 = 0.05852101222444617
Training loss on iteration 980 = 0.07997271781787277
Training loss on iteration 1000 = 0.08934434397378936
Training loss on iteration 1020 = 0.06601499090902507
Training loss on iteration 1040 = 0.05642891695606522
Training loss on iteration 1060 = 0.12584274738037493
Training loss on iteration 1080 = 0.07569199145073072
Training loss on iteration 1100 = 0.04886128637008369
Training loss on iteration 1120 = 0.09765622834675014
Training loss on iteration 1140 = 0.13818158076610415
Training loss on iteration 1160 = 0.07903801500797272
Training loss on iteration 1180 = 0.04893365321331657
Training loss on iteration 1200 = 0.03470235935237724
Training loss on iteration 1220 = 0.04635714214527979
Training loss on iteration 1240 = 0.11285073776598438
Training loss on iteration 1260 = 0.020414064248325304
Training loss on iteration 1280 = 0.06667459586969926
Training loss on iteration 1300 = 0.050954608828760684
Training loss on iteration 1320 = 0.09127208256832091
Training loss on iteration 1340 = 0.10661983359750593
Training loss on iteration 1360 = 0.03259594088303856
Training loss on iteration 1380 = 0.1033796007221099
Training loss on iteration 1400 = 0.08996110439184121
Training loss on iteration 1420 = 0.11955068247625604
Training loss on iteration 1440 = 0.09558030664920807
Training loss on iteration 1460 = 0.08839618700440041
Training loss on iteration 1480 = 0.05263104269979522
### EVAL:: Epoch 20:: Loss = 0.04769101298238484 :: ACC = 0.9830270725206901, AUC = 0.9984043332183388, EER = 0.017393743863094405
### Out of domain:: Best epoch 15 :: ACC = 0.983, AUC = 0.9986452222222223, EER = 0.017333333333333333
recorded: {'exp_name': 'crosslingual_ast_r02', 'model': 'ast', 'train': 'commonvoice-ar,commonvoice-de,commonvoice-ro,commonvoice-ru,commonvoice-es', 'test': 'commonvoice-en,commonvoice-zh', 'in_acc': 0.9882872773179969, 'in_auc': 0.9990037904563047, 'in_eer': 0.012063403001823538, 'cross_acc': 0.983, 'cross_auc': 0.9986452222222223, 'cross_eer': 0.017333333333333333}
root_path: /project/home/p201284/guo/xmad_data/
multilingual: True  model check for config: /project/home/p201284/guo/xmad-bench-repro/repro_tools/stepB/configs_crosslingual/config_crosslingual_ast.json

  OK  commonvoice-ar       rows=76602    sep=','
  OK  commonvoice-de       rows=14934    sep=','
  OK  commonvoice-ro       rows=30820    sep=','
  OK  commonvoice-ru       rows=67444    sep=','
  OK  commonvoice-es       rows=12694    sep=','
  OK  commonvoice-en       rows=96368    sep=','
  OK  commonvoice-zh       rows=13776    sep=','

PRE-FLIGHT PASSED — data layout looks correct for this config.

=== RUN crosslingual_ast_r03 (model=ast) ===

Loading weights:   0%|          | 0/199 [00:00<?, ?it/s]
Loading weights:   1%|          | 1/199 [00:00<00:24,  8.14it/s]
Loading weights:  18%|█▊        | 35/199 [00:00<00:01, 155.04it/s]
Loading weights:  30%|██▉       | 59/199 [00:00<00:00, 187.76it/s]
Loading weights:  39%|███▉      | 78/199 [00:00<00:00, 149.97it/s]
Loading weights:  50%|████▉     | 99/199 [00:00<00:00, 163.78it/s]
Loading weights:  60%|██████    | 120/199 [00:00<00:00, 173.10it/s]
Loading weights:  74%|███████▍  | 147/199 [00:00<00:00, 189.19it/s]
Loading weights:  84%|████████▍ | 167/199 [00:00<00:00, 187.14it/s]
Loading weights: 100%|██████████| 199/199 [00:00<00:00, 200.96it/s]
[transformers] [1mASTModel LOAD REPORT[0m from: MIT/ast-finetuned-audioset-10-10-0.4593
Key                         | Status     |  | 
----------------------------+------------+--+-
classifier.layernorm.bias   | UNEXPECTED |  | 
classifier.dense.weight     | UNEXPECTED |  | 
classifier.dense.bias       | UNEXPECTED |  | 
classifier.layernorm.weight | UNEXPECTED |  | 

Notes:
- UNEXPECTED:	can be ignored when loading from different task/architecture; not ok if you expect identical arch.
/mnt/tier2/project/p201284/guo/xmad-bench-repro/venv/lib/python3.13/site-packages/transformers/audio_utils.py:704: UserWarning: At least one mel filter has all zero values. The value for `num_mel_filters` (128) may be set too high. Or, the value for `num_frequency_bins` (257) may be set too low.
  warnings.warn(
commonvoice-ar
commonvoice-de
commonvoice-ro
commonvoice-ru
commonvoice-es
/mnt/tier2/project/p201284/guo/xmad-bench-repro/venv/lib/python3.13/site-packages/transformers/audio_utils.py:704: UserWarning: At least one mel filter has all zero values. The value for `num_mel_filters` (128) may be set too high. Or, the value for `num_frequency_bins` (257) may be set too low.
  warnings.warn(
commonvoice-ar
commonvoice-de
commonvoice-ro
commonvoice-ru
commonvoice-es
  [at-most] commonvoice-es: requested 1500 real samples, only 1129 available in this split - using 1129
/mnt/tier2/project/p201284/guo/xmad-bench-repro/venv/lib/python3.13/site-packages/transformers/audio_utils.py:704: UserWarning: At least one mel filter has all zero values. The value for `num_mel_filters` (128) may be set too high. Or, the value for `num_frequency_bins` (257) may be set too low.
  warnings.warn(
Training on epoch 1
Training loss on iteration 0 = 0.7513040900230408
Training loss on iteration 20 = 1.4422611147165298
Training loss on iteration 40 = 0.8397227555513382
Training loss on iteration 60 = 0.7271028757095337
Training loss on iteration 80 = 0.6696873933076859
Training loss on iteration 100 = 0.7092750102281571
Training loss on iteration 120 = 0.6516419798135757
Training loss on iteration 140 = 0.5921675324440002
Training loss on iteration 160 = 0.4365683011710644
Training loss on iteration 180 = 0.43285500779747965
Training loss on iteration 200 = 0.5108305487781764
Training loss on iteration 220 = 0.33993924744427206
Training loss on iteration 240 = 0.31093003656715157
Training loss on iteration 260 = 0.24487530039623379
Training loss on iteration 280 = 0.19646655321121215
Training loss on iteration 300 = 0.1900682423263788
Training loss on iteration 320 = 0.2517033705487847
Training loss on iteration 340 = 0.27440775409340856
Training loss on iteration 360 = 0.1893799452111125
Training loss on iteration 380 = 0.25944844670593736
Training loss on iteration 400 = 0.204513456299901
Training loss on iteration 420 = 0.1800277067348361
Training loss on iteration 440 = 0.1446815914940089
Training loss on iteration 460 = 0.09388005905784666
Training loss on iteration 480 = 0.321324011584511
Training loss on iteration 500 = 0.3292234091088176
Training loss on iteration 520 = 0.23103957427665592
Training loss on iteration 540 = 0.16992304809391498
Training loss on iteration 560 = 0.15728872031904756
Training loss on iteration 580 = 0.13018781463615597
Training loss on iteration 600 = 0.18785575665533544
Training loss on iteration 620 = 0.141049372125417
Training loss on iteration 640 = 0.23106093793176113
Training loss on iteration 660 = 0.16518354997970164
Training loss on iteration 680 = 0.13703507920727134
Training loss on iteration 700 = 0.13193349270150065
Training loss on iteration 720 = 0.08498682032804936
Training loss on iteration 740 = 0.20310766648035497
Training loss on iteration 760 = 0.07547150026075541
Training loss on iteration 780 = 0.11327768653864041
Training loss on iteration 800 = 0.1442487950436771
Training loss on iteration 820 = 0.164813958061859
Training loss on iteration 840 = 0.19428996902424842
Training loss on iteration 860 = 0.07229746338562108
Training loss on iteration 880 = 0.1402124840649776
Training loss on iteration 900 = 0.12179059605114162
Training loss on iteration 920 = 0.0824575916863978
Training loss on iteration 940 = 0.1336410446325317
Training loss on iteration 960 = 0.054628999589476736
Training loss on iteration 980 = 0.10732367658056319
Training loss on iteration 1000 = 0.08631345990579575
Training loss on iteration 1020 = 0.05194039675116073
Training loss on iteration 1040 = 0.19124125856906177
Training loss on iteration 1060 = 0.10469738816609606
Training loss on iteration 1080 = 0.09241665718145668
Training loss on iteration 1100 = 0.13664069457445294
Training loss on iteration 1120 = 0.09803937087999656
Training loss on iteration 1140 = 0.10111587230348959
Training loss on iteration 1160 = 0.15006788268219678
Training loss on iteration 1180 = 0.09295457086991518
Training loss on iteration 1200 = 0.12968033724464476
Training loss on iteration 1220 = 0.23382733575999737
Training loss on iteration 1240 = 0.07831765824230388
Training loss on iteration 1260 = 0.10526058638934047
Training loss on iteration 1280 = 0.07350707980804146
Training loss on iteration 1300 = 0.11721260531339794
Training loss on iteration 1320 = 0.04595479318522848
Training loss on iteration 1340 = 0.16744522053777472
Training loss on iteration 1360 = 0.12010598215274512
Training loss on iteration 1380 = 0.08221279652789235
Training loss on iteration 1400 = 0.05845872921636328
Training loss on iteration 1420 = 0.15101727809524162
Training loss on iteration 1440 = 0.09934833593433723
Training loss on iteration 1460 = 0.21985903445165605
Training loss on iteration 1480 = 0.1556740205269307
### EVAL:: Epoch 1:: Loss = 0.051137493031057725 :: ACC = 0.9810632627296956, AUC = 0.9987163791822625, EER = 0.015009117688315332
Training on epoch 2
Training loss on iteration 0 = 0.048296451568603516
Training loss on iteration 20 = 0.09889520107535646
Training loss on iteration 40 = 0.05436055319732987
Training loss on iteration 60 = 0.16008245625416748
Training loss on iteration 80 = 0.0670636004419066
Training loss on iteration 100 = 0.13274154051905498
Training loss on iteration 120 = 0.12901627658866346
Training loss on iteration 140 = 0.09041869663633406
Training loss on iteration 160 = 0.08690278158173896
Training loss on iteration 180 = 0.07903429812286049
Training loss on iteration 200 = 0.12445063291816041
Training loss on iteration 220 = 0.04731476731249131
Training loss on iteration 240 = 0.0940901558715268
Training loss on iteration 260 = 0.034218632464762776
Training loss on iteration 280 = 0.1536746907280758
Training loss on iteration 300 = 0.09658111144090072
Training loss on iteration 320 = 0.09432921528350562
Training loss on iteration 340 = 0.06931472456781193
Training loss on iteration 360 = 0.07850492912111803
Training loss on iteration 380 = 0.16613746335788165
Training loss on iteration 400 = 0.10310975732281805
Training loss on iteration 420 = 0.14551675506518222
Training loss on iteration 440 = 0.08842363730072975
Training loss on iteration 460 = 0.07126769378082827
Training loss on iteration 480 = 0.05284240195178427
Training loss on iteration 500 = 0.3559200489660725
Training loss on iteration 520 = 0.15608569218311458
Training loss on iteration 540 = 0.14306746292859315
Training loss on iteration 560 = 0.10843657891382463
Training loss on iteration 580 = 0.46997486120526444
Training loss on iteration 600 = 0.5194203615712467
Training loss on iteration 620 = 0.30335545814596115
Training loss on iteration 640 = 0.5731461048126221
Training loss on iteration 660 = 0.627768336981535
Training loss on iteration 680 = 0.7727455511689186
Training loss on iteration 700 = 0.6942231327295303
Training loss on iteration 720 = 0.7924152433872222
Training loss on iteration 740 = 0.716705733537674
Training loss on iteration 760 = 0.6814877897500992
Training loss on iteration 780 = 0.6940515875816345
Training loss on iteration 800 = 0.7065410286188125
Training loss on iteration 820 = 0.6384314298629761
Training loss on iteration 840 = 0.6855059757828712
Training loss on iteration 860 = 0.6726211398839951
Training loss on iteration 880 = 0.6646629303693772
Training loss on iteration 900 = 0.5878104358911515
Training loss on iteration 920 = 0.544383105635643
Training loss on iteration 940 = 0.554874163866043
Training loss on iteration 960 = 0.545152435451746
Training loss on iteration 980 = 0.47999159544706343
Training loss on iteration 1000 = 0.6398185804486275
Training loss on iteration 1020 = 0.5401003822684288
Training loss on iteration 1040 = 0.44812490716576575
Training loss on iteration 1060 = 0.3793919488787651
Training loss on iteration 1080 = 0.2527200225740671
Training loss on iteration 1100 = 0.23797500785440207
Training loss on iteration 1120 = 0.23700620429590344
Training loss on iteration 1140 = 0.25292358063161374
Training loss on iteration 1160 = 0.24875674843788148
Training loss on iteration 1180 = 0.21363302944228052
Training loss on iteration 1200 = 0.2512720566242933
Training loss on iteration 1220 = 0.1900433488190174
Training loss on iteration 1240 = 0.16786723383702337
Training loss on iteration 1260 = 0.17140301978215575
Training loss on iteration 1280 = 0.15757139488123356
Training loss on iteration 1300 = 0.1286430713138543
Training loss on iteration 1320 = 0.19450550014153123
Training loss on iteration 1340 = 0.2108978196978569
Training loss on iteration 1360 = 0.1722244307398796
Training loss on iteration 1380 = 0.21487651113420725
Training loss on iteration 1400 = 0.19561353707686066
Training loss on iteration 1420 = 0.14186716503463687
Training loss on iteration 1440 = 0.21991748572327197
Training loss on iteration 1460 = 0.15859481859952212
Training loss on iteration 1480 = 0.04635031771613285
### EVAL:: Epoch 2:: Loss = 0.17025706137673044 :: ACC = 0.944873053724225, AUC = 0.9983423431301021, EER = 0.015991022583812596
Training on epoch 3
Training loss on iteration 0 = 0.6784161925315857
Training loss on iteration 20 = 0.11303868750110269
Training loss on iteration 40 = 0.19143227441236377
Training loss on iteration 60 = 0.1501123716123402
Training loss on iteration 80 = 0.04928849467542022
Training loss on iteration 100 = 0.17504697036929429
Training loss on iteration 120 = 0.1341614263597876
Training loss on iteration 140 = 0.12096091606654227
Training loss on iteration 160 = 0.12141752270981669
Training loss on iteration 180 = 0.09521198745351285
Training loss on iteration 200 = 0.08507878867676481
Training loss on iteration 220 = 0.07601145937805995
Training loss on iteration 240 = 0.1610996475443244
Training loss on iteration 260 = 0.12800600961782038
Training loss on iteration 280 = 0.09207177152857185
Training loss on iteration 300 = 0.14155770768411458
Training loss on iteration 320 = 0.16314024375751615
Training loss on iteration 340 = 0.08108185809105635
Training loss on iteration 360 = 0.19396389760076999
Training loss on iteration 380 = 0.19606662271544337
Training loss on iteration 400 = 0.0684168734587729
Training loss on iteration 420 = 0.1159879723098129
Training loss on iteration 440 = 0.14081680234521626
Training loss on iteration 460 = 0.17197667532600464
Training loss on iteration 480 = 0.0958704651799053
Training loss on iteration 500 = 0.11461896526161582
Training loss on iteration 520 = 0.07637778306379914
Training loss on iteration 540 = 0.15511787806171923
Training loss on iteration 560 = 0.20559843545779585
Training loss on iteration 580 = 0.08801241854671389
Training loss on iteration 600 = 0.06440427846391686
Training loss on iteration 620 = 0.057252328586764635
Training loss on iteration 640 = 0.1766700802720152
Training loss on iteration 660 = 0.08298617200925947
Training loss on iteration 680 = 0.16927992282435297
Training loss on iteration 700 = 0.20115644820034503
Training loss on iteration 720 = 0.16797389406710864
Training loss on iteration 740 = 0.1537494990043342
Training loss on iteration 760 = 0.236082500545308
Training loss on iteration 780 = 0.10829707272350789
Training loss on iteration 800 = 0.1336248129606247
Training loss on iteration 820 = 0.11069184204097837
Training loss on iteration 840 = 0.19962764959782361
Training loss on iteration 860 = 0.11157149858772755
Training loss on iteration 880 = 0.10428334327880293
Training loss on iteration 900 = 0.14062672802247106
Training loss on iteration 920 = 0.12101496671093628
Training loss on iteration 940 = 0.16466610645875335
Training loss on iteration 960 = 0.13584708711132407
Training loss on iteration 980 = 0.10974697477649897
Training loss on iteration 1000 = 0.12621790857519954
Training loss on iteration 1020 = 0.10127866105176508
Training loss on iteration 1040 = 0.13098512436263263
Training loss on iteration 1060 = 0.08993448030669242
Training loss on iteration 1080 = 0.10028460321482272
Training loss on iteration 1100 = 0.11589122066507115
Training loss on iteration 1120 = 0.13029148997738957
Training loss on iteration 1140 = 0.14322704896330835
Training loss on iteration 1160 = 0.06292268154211342
Training loss on iteration 1180 = 0.08417757570277899
Training loss on iteration 1200 = 0.08297067650128157
Training loss on iteration 1220 = 0.18494365266524254
Training loss on iteration 1240 = 0.07745957146398723
Training loss on iteration 1260 = 0.09944409315939992
Training loss on iteration 1280 = 0.07963197646313347
Training loss on iteration 1300 = 0.12668951575760729
Training loss on iteration 1320 = 0.07340391762554646
Training loss on iteration 1340 = 0.06446064830524847
Training loss on iteration 1360 = 0.1220041961001698
Training loss on iteration 1380 = 0.0698894680594094
Training loss on iteration 1400 = 0.08228025459684432
Training loss on iteration 1420 = 0.058790605387184766
Training loss on iteration 1440 = 0.07768966837320476
Training loss on iteration 1460 = 0.06827475387835875
Training loss on iteration 1480 = 0.05522081843810156
### EVAL:: Epoch 3:: Loss = 0.06463321014476021 :: ACC = 0.9765044185720297, AUC = 0.9991437084113751, EER = 0.014448029176602609
Training on epoch 4
Training loss on iteration 0 = 0.11524531990289688
Training loss on iteration 20 = 0.08391743729589507
Training loss on iteration 40 = 0.07420248158741742
Training loss on iteration 60 = 0.0508420338970609
Training loss on iteration 80 = 0.09372193621820771
Training loss on iteration 100 = 0.08009250885806977
Training loss on iteration 120 = 0.052517425024416295
Training loss on iteration 140 = 0.11538586561800912
Training loss on iteration 160 = 0.059438061458058654
Training loss on iteration 180 = 0.091788899875246
Training loss on iteration 200 = 0.04149268760811538
Training loss on iteration 220 = 0.06531903932336718
Training loss on iteration 240 = 0.07746546070557088
Training loss on iteration 260 = 0.05197117093484849
Training loss on iteration 280 = 0.08884520046412944
Training loss on iteration 300 = 0.09076110405148938
Training loss on iteration 320 = 0.07323032792191952
Training loss on iteration 340 = 0.11035083793103695
Training loss on iteration 360 = 0.06391451943782159
Training loss on iteration 380 = 0.07747209739754908
Training loss on iteration 400 = 0.0571339595480822
Training loss on iteration 420 = 0.03962954429734964
Training loss on iteration 440 = 0.08248548410629156
Training loss on iteration 460 = 0.09421611274592578
Training loss on iteration 480 = 0.08567601180984638
Training loss on iteration 500 = 0.10297595883021131
Training loss on iteration 520 = 0.0764663059846498
Training loss on iteration 540 = 0.10310320942662657
Training loss on iteration 560 = 0.03639153101248667
Training loss on iteration 580 = 0.10571631962666288
Training loss on iteration 600 = 0.044621231663040814
Training loss on iteration 620 = 0.06330844421754592
Training loss on iteration 640 = 0.16855219005956315
Training loss on iteration 660 = 0.1626335998997092
Training loss on iteration 680 = 0.12919850961770862
Training loss on iteration 700 = 0.12390822749584914
Training loss on iteration 720 = 0.1197989825392142
Training loss on iteration 740 = 0.10674542235210538
Training loss on iteration 760 = 0.11374480735976249
Training loss on iteration 780 = 0.06316751707345247
Training loss on iteration 800 = 0.09579131262726151
Training loss on iteration 820 = 0.08556120943976567
Training loss on iteration 840 = 0.08128909312654287
Training loss on iteration 860 = 0.05330045105656609
Training loss on iteration 880 = 0.09679064446827397
Training loss on iteration 900 = 0.02998343576909974
Training loss on iteration 920 = 0.08697050509799738
Training loss on iteration 940 = 0.03945535705424845
Training loss on iteration 960 = 0.233935287600616
Training loss on iteration 980 = 0.06403598203323782
Training loss on iteration 1000 = 0.054390901463921185
Training loss on iteration 1020 = 0.04307441307901172
Training loss on iteration 1040 = 0.07207584398274776
Training loss on iteration 1060 = 0.10261737516848371
Training loss on iteration 1080 = 0.05990398761350661
Training loss on iteration 1100 = 0.028954626363702118
Training loss on iteration 1120 = 0.06462139059731271
Training loss on iteration 1140 = 0.07976770888199099
Training loss on iteration 1160 = 0.06555786111857742
Training loss on iteration 1180 = 0.05283947882708162
Training loss on iteration 1200 = 0.06825183066539467
Training loss on iteration 1220 = 0.047724737360840666
Training loss on iteration 1240 = 0.05204490754986182
Training loss on iteration 1260 = 0.039472683373605835
Training loss on iteration 1280 = 0.03845749643514864
Training loss on iteration 1300 = 0.08471080049930606
Training loss on iteration 1320 = 0.11354930166853591
Training loss on iteration 1340 = 0.06438897945918143
Training loss on iteration 1360 = 0.03982358390057925
Training loss on iteration 1380 = 0.1291914190573152
Training loss on iteration 1400 = 0.12954724486917257
Training loss on iteration 1420 = 0.10235173688852228
Training loss on iteration 1440 = 0.07994201050314587
Training loss on iteration 1460 = 0.14778288835659623
Training loss on iteration 1480 = 0.12184458132833242
### EVAL:: Epoch 4:: Loss = 0.037952415970407834 :: ACC = 0.9856922429513256, AUC = 0.9989249869954612, EER = 0.014307757048674428
Training on epoch 5
Training loss on iteration 0 = 0.28848493099212646
Training loss on iteration 20 = 0.05083697532536462
Training loss on iteration 40 = 0.06039697077940218
Training loss on iteration 60 = 0.05887206898041768
Training loss on iteration 80 = 0.09339177465299145
Training loss on iteration 100 = 0.09574094883864745
Training loss on iteration 120 = 0.07156214870046824
Training loss on iteration 140 = 0.14139383942820133
Training loss on iteration 160 = 0.0882052663131617
Training loss on iteration 180 = 0.05911141505348496
Training loss on iteration 200 = 0.0565568939113291
Training loss on iteration 220 = 0.0896254176623188
Training loss on iteration 240 = 0.06766847416292876
Training loss on iteration 260 = 0.03530914391740225
Training loss on iteration 280 = 0.08170373106840997
Training loss on iteration 300 = 0.12764533365843816
Training loss on iteration 320 = 0.12450870550237596
Training loss on iteration 340 = 0.036800897907232864
Training loss on iteration 360 = 0.027461501908692298
Training loss on iteration 380 = 0.025060456345090642
Training loss on iteration 400 = 0.026130397088854805
Training loss on iteration 420 = 0.07179237179079792
Training loss on iteration 440 = 0.07814329088287195
Training loss on iteration 460 = 0.03760154494084418
Training loss on iteration 480 = 0.12095275645406219
Training loss on iteration 500 = 0.10352592888521031
Training loss on iteration 520 = 0.06489480870077387
Training loss on iteration 540 = 0.09663039740407839
Training loss on iteration 560 = 0.23444587723352014
Training loss on iteration 580 = 0.16533332355320454
Training loss on iteration 600 = 0.12914131281431765
Training loss on iteration 620 = 0.1107941691065207
Training loss on iteration 640 = 0.05278160402085632
Training loss on iteration 660 = 0.08337196758948266
Training loss on iteration 680 = 0.1407536937156692
Training loss on iteration 700 = 0.07893781582824885
Training loss on iteration 720 = 0.07001878614537418
Training loss on iteration 740 = 0.08400087236659601
Training loss on iteration 760 = 0.09895420296816156
Training loss on iteration 780 = 0.05758771479595452
Training loss on iteration 800 = 0.03324301691027358
Training loss on iteration 820 = 0.02926306650915649
Training loss on iteration 840 = 0.09302930120611563
Training loss on iteration 860 = 0.012880687694996595
Training loss on iteration 880 = 0.019328821923409123
Training loss on iteration 900 = 0.07595709103334229
Training loss on iteration 920 = 0.08896058454411104
Training loss on iteration 940 = 0.036797849205322565
Training loss on iteration 960 = 0.05021204591321293
Training loss on iteration 980 = 0.10919148463290185
Training loss on iteration 1000 = 0.0686436416930519
Training loss on iteration 1020 = 0.04295278695062734
Training loss on iteration 1040 = 0.04412310623447411
Training loss on iteration 1060 = 0.0578718902397668
Training loss on iteration 1080 = 0.06379356257093605
Training loss on iteration 1100 = 0.07750457706861198
Training loss on iteration 1120 = 0.03048635709565133
Training loss on iteration 1140 = 0.01485016443184577
Training loss on iteration 1160 = 0.03550220189790707
Training loss on iteration 1180 = 0.038633791418396866
Training loss on iteration 1200 = 0.09138020241225604
Training loss on iteration 1220 = 0.10004345488268881
Training loss on iteration 1240 = 0.050648629729403184
Training loss on iteration 1260 = 0.04649936630157754
Training loss on iteration 1280 = 0.08083746491465718
Training loss on iteration 1300 = 0.02292473043198697
Training loss on iteration 1320 = 0.07540747124585323
Training loss on iteration 1340 = 0.12898349615279586
Training loss on iteration 1360 = 0.042448010586667806
Training loss on iteration 1380 = 0.06701508166697749
Training loss on iteration 1400 = 0.047122161369770765
Training loss on iteration 1420 = 0.044043664739001544
Training loss on iteration 1440 = 0.07657630237517879
Training loss on iteration 1460 = 0.07232069341698662
Training loss on iteration 1480 = 0.06353786557447165
### EVAL:: Epoch 5:: Loss = 0.03682442908705019 :: ACC = 0.9863234675270024, AUC = 0.9994244297536604, EER = 0.010941225978398092
Training on epoch 6
Training loss on iteration 0 = 0.0038640100974589586
Training loss on iteration 20 = 0.06547920333323418
Training loss on iteration 40 = 0.03747044581832597
Training loss on iteration 60 = 0.06354756985529093
Training loss on iteration 80 = 0.041802448616363105
Training loss on iteration 100 = 0.06071987037721556
Training loss on iteration 120 = 0.055752611377829456
Training loss on iteration 140 = 0.06777674324112012
Training loss on iteration 160 = 0.07441166182979941
Training loss on iteration 180 = 0.06306771563831717
Training loss on iteration 200 = 0.05480091248173267
Training loss on iteration 220 = 0.02562534230237361
Training loss on iteration 240 = 0.016330476970324526
Training loss on iteration 260 = 0.04499716769751103
Training loss on iteration 280 = 0.043535763392719674
Training loss on iteration 300 = 0.12102352275469457
Training loss on iteration 320 = 0.07740634473157115
Training loss on iteration 340 = 0.06726716429693624
Training loss on iteration 360 = 0.06512895753548946
Training loss on iteration 380 = 0.07610356707591563
Training loss on iteration 400 = 0.06057460847077891
Training loss on iteration 420 = 0.07313071173848584
Training loss on iteration 440 = 0.08995475917472504
Training loss on iteration 460 = 0.10733057099860162
Training loss on iteration 480 = 0.12278333769645541
Training loss on iteration 500 = 0.06360093339171727
Training loss on iteration 520 = 0.04577211093273945
Training loss on iteration 540 = 0.07105956099694595
Training loss on iteration 560 = 0.12033116832608357
Training loss on iteration 580 = 0.07333266861387529
Training loss on iteration 600 = 0.07727401580777951
Training loss on iteration 620 = 0.09229249887284822
Training loss on iteration 640 = 0.030571203742874788
Training loss on iteration 660 = 0.019607355701737106
Training loss on iteration 680 = 0.11333132578001823
Training loss on iteration 700 = 0.06716942058410495
Training loss on iteration 720 = 0.0925079734006431
Training loss on iteration 740 = 0.0773799681570381
Training loss on iteration 760 = 0.08892317574936896
Training loss on iteration 780 = 0.054392806388204915
Training loss on iteration 800 = 0.04481552533688955
Training loss on iteration 820 = 0.07923924706992694
Training loss on iteration 840 = 0.0577461970387958
Training loss on iteration 860 = 0.07490362631797325
Training loss on iteration 880 = 0.05567408772185445
Training loss on iteration 900 = 0.029951670323498547
Training loss on iteration 920 = 0.1238660513132345
Training loss on iteration 940 = 0.06487404019571841
Training loss on iteration 960 = 0.051187991176266226
Training loss on iteration 980 = 0.047057475021574646
Training loss on iteration 1000 = 0.040797084581572565
Training loss on iteration 1020 = 0.040634830018098
Training loss on iteration 1040 = 0.03908705947105773
Training loss on iteration 1060 = 0.043420842703199014
Training loss on iteration 1080 = 0.022519027518865187
Training loss on iteration 1100 = 0.03009692454652395
Training loss on iteration 1120 = 0.020302213536342605
Training loss on iteration 1140 = 0.0645377241409733
Training loss on iteration 1160 = 0.040127954160561786
Training loss on iteration 1180 = 0.09201090300921351
Training loss on iteration 1200 = 0.08163042053347454
Training loss on iteration 1220 = 0.0363909402047284
Training loss on iteration 1240 = 0.0219976109394338
Training loss on iteration 1260 = 0.03052265424048528
Training loss on iteration 1280 = 0.04893293466011528
Training loss on iteration 1300 = 0.10656367354822578
Training loss on iteration 1320 = 0.06747051689308137
Training loss on iteration 1340 = 0.06559552262770012
Training loss on iteration 1360 = 0.04886916761170142
Training loss on iteration 1380 = 0.041623268893454225
Training loss on iteration 1400 = 0.06421805808204226
Training loss on iteration 1420 = 0.07787939723930322
Training loss on iteration 1440 = 0.08003299436823
Training loss on iteration 1460 = 0.02035301204305142
Training loss on iteration 1480 = 0.05333318050688831
### EVAL:: Epoch 6:: Loss = 0.04919182964974666 :: ACC = 0.9819048954972647, AUC = 0.9992545054870328, EER = 0.009819048954972646
Training on epoch 7
Training loss on iteration 0 = 0.06221798062324524
Training loss on iteration 20 = 0.04705981209117453
Training loss on iteration 40 = 0.07649640293093399
Training loss on iteration 60 = 0.01173815204310813
Training loss on iteration 80 = 0.053712558661209185
Training loss on iteration 100 = 0.05954616715753218
Training loss on iteration 120 = 0.0813321092602564
Training loss on iteration 140 = 0.024297922724508682
Training loss on iteration 160 = 0.045018950246594615
Training loss on iteration 180 = 0.04043392552994192
Training loss on iteration 200 = 0.08439802795182913
Training loss on iteration 220 = 0.04030939629301429
Training loss on iteration 240 = 0.04909270491625648
Training loss on iteration 260 = 0.05409455753979273
Training loss on iteration 280 = 0.08646529167017433
Training loss on iteration 300 = 0.07449709217762575
Training loss on iteration 320 = 0.08051333943149075
Training loss on iteration 340 = 0.020656938635511324
Training loss on iteration 360 = 0.03436524723074399
Training loss on iteration 380 = 0.020010062454093713
Training loss on iteration 400 = 0.0710555885831127
Training loss on iteration 420 = 0.046041879689437334
Training loss on iteration 440 = 0.024117313441820443
Training loss on iteration 460 = 0.08841064972912135
Training loss on iteration 480 = 0.0861448195297271
Training loss on iteration 500 = 0.10241607227362692
Training loss on iteration 520 = 0.09889760848600418
Training loss on iteration 540 = 0.05599801023490727
Training loss on iteration 560 = 0.017198738330262132
Training loss on iteration 580 = 0.02554974391532596
Training loss on iteration 600 = 0.021853810420725494
Training loss on iteration 620 = 0.037035614797787275
Training loss on iteration 640 = 0.15399854439456248
Training loss on iteration 660 = 0.13071633675135672
Training loss on iteration 680 = 0.09448844362050295
Training loss on iteration 700 = 0.15957681376021354
Training loss on iteration 720 = 0.1365980541871977
Training loss on iteration 740 = 0.11831853031180799
Training loss on iteration 760 = 0.10218051059055142
Training loss on iteration 780 = 0.09444127246679272
Training loss on iteration 800 = 0.04151367245940492
Training loss on iteration 820 = 0.055338843315985285
Training loss on iteration 840 = 0.0833240960346302
Training loss on iteration 860 = 0.06237991468515247
Training loss on iteration 880 = 0.00740015055926051
Training loss on iteration 900 = 0.034442657120234796
Training loss on iteration 920 = 0.12963493291354097
Training loss on iteration 940 = 0.09309807873796672
Training loss on iteration 960 = 0.03325049522391055
Training loss on iteration 980 = 0.09659759699134156
Training loss on iteration 1000 = 0.065311177179683
Training loss on iteration 1020 = 0.31977993305772545
Training loss on iteration 1040 = 0.09211757266893983
Training loss on iteration 1060 = 0.06349009906698484
Training loss on iteration 1080 = 0.1768329178390559
Training loss on iteration 1100 = 0.08864327750634401
Training loss on iteration 1120 = 0.03226648299023509
Training loss on iteration 1140 = 0.15137888166937047
Training loss on iteration 1160 = 0.1578650609822944
Training loss on iteration 1180 = 0.07716171003412456
Training loss on iteration 1200 = 0.10653832814423367
Training loss on iteration 1220 = 0.061133322422392666
Training loss on iteration 1240 = 0.09278709024656565
Training loss on iteration 1260 = 0.06823929820275225
Training loss on iteration 1280 = 0.07644987805979327
Training loss on iteration 1300 = 0.12443033757153898
Training loss on iteration 1320 = 0.07494624410755932
Training loss on iteration 1340 = 0.04699860002147034
Training loss on iteration 1360 = 0.036690770447603424
Training loss on iteration 1380 = 0.02930778926820494
Training loss on iteration 1400 = 0.048686256291694006
Training loss on iteration 1420 = 0.04211059813387692
Training loss on iteration 1440 = 0.0706881508929655
Training loss on iteration 1460 = 0.02761317602125928
Training loss on iteration 1480 = 0.01780020975274965
### EVAL:: Epoch 7:: Loss = 0.07909838632852575 :: ACC = 0.9727170711179689, AUC = 0.9991085272408413, EER = 0.014027212792818067
Training on epoch 8
Training loss on iteration 0 = 0.2938314974308014
Training loss on iteration 20 = 0.07118575191125273
Training loss on iteration 40 = 0.061649026756640524
Training loss on iteration 60 = 0.05581266247900203
Training loss on iteration 80 = 0.07205019373795948
Training loss on iteration 100 = 0.01958667505532503
Training loss on iteration 120 = 0.09367848894617055
Training loss on iteration 140 = 0.10199095532298089
Training loss on iteration 160 = 0.10444309964950663
Training loss on iteration 180 = 0.07728748593690397
Training loss on iteration 200 = 0.15609160979802256
Training loss on iteration 220 = 0.09186140896053985
Training loss on iteration 240 = 0.12655337919131854
Training loss on iteration 260 = 0.09362082675215788
Training loss on iteration 280 = 0.04659332864684984
Training loss on iteration 300 = 0.07279714493488428
Training loss on iteration 320 = 0.07539107421180233
Training loss on iteration 340 = 0.04866449357941747
Training loss on iteration 360 = 0.07511402581585572
Training loss on iteration 380 = 0.020799596727010795
Training loss on iteration 400 = 0.04055352722643875
Training loss on iteration 420 = 0.023753342276904732
Training loss on iteration 440 = 0.0821565731355804
Training loss on iteration 460 = 0.07745586363598704
Training loss on iteration 480 = 0.09293777232524007
Training loss on iteration 500 = 0.019648667599540204
Training loss on iteration 520 = 0.01295854834606871
Training loss on iteration 540 = 0.02963428252551239
Training loss on iteration 560 = 0.10128874410875141
Training loss on iteration 580 = 0.03453316936211195
Training loss on iteration 600 = 0.042231569916475566
Training loss on iteration 620 = 0.06393573361565359
Training loss on iteration 640 = 0.05619576727040112
Training loss on iteration 660 = 0.01565540629962925
Training loss on iteration 680 = 0.08065528634760995
Training loss on iteration 700 = 0.061761451815254984
Training loss on iteration 720 = 0.12494670589221642
Training loss on iteration 740 = 0.06356180589646102
Training loss on iteration 760 = 0.06266597581561655
Training loss on iteration 780 = 0.04918677104869858
Training loss on iteration 800 = 0.03840746937785298
Training loss on iteration 820 = 0.0857795236457605
Training loss on iteration 840 = 0.07041918419417925
Training loss on iteration 860 = 0.034132835772470574
Training loss on iteration 880 = 0.030780628661159427
Training loss on iteration 900 = 0.022024923280696385
Training loss on iteration 920 = 0.044038299356179776
Training loss on iteration 940 = 0.038232390688790474
Training loss on iteration 960 = 0.03928424752084538
Training loss on iteration 980 = 0.022795525882975197
Training loss on iteration 1000 = 0.04879031376185594
Training loss on iteration 1020 = 0.052845619025174526
Training loss on iteration 1040 = 0.023632508688024245
Training loss on iteration 1060 = 0.06453122025704942
Training loss on iteration 1080 = 0.09189104379620402
Training loss on iteration 1100 = 0.035835474118357524
Training loss on iteration 1120 = 0.059714052552590144
Training loss on iteration 1140 = 0.040119069890351966
Training loss on iteration 1160 = 0.04775334228761494
Training loss on iteration 1180 = 0.03152633840945782
Training loss on iteration 1200 = 0.04349105632136343
Training loss on iteration 1220 = 0.027764306668541395
Training loss on iteration 1240 = 0.060053935817268214
Training loss on iteration 1260 = 0.05380630094441585
Training loss on iteration 1280 = 0.038752455404028295
Training loss on iteration 1300 = 0.034046182766905984
Training loss on iteration 1320 = 0.06699008044088259
Training loss on iteration 1340 = 0.08958431751816534
Training loss on iteration 1360 = 0.031497206196945626
Training loss on iteration 1380 = 0.08618478680873523
Training loss on iteration 1400 = 0.04301051056245342
Training loss on iteration 1420 = 0.08366839469963452
Training loss on iteration 1440 = 0.046765376511029896
Training loss on iteration 1460 = 0.08256864659488201
Training loss on iteration 1480 = 0.03840895965404343
### EVAL:: Epoch 8:: Loss = 0.027987646960302752 :: ACC = 0.9903212231729556, AUC = 0.9994348581766932, EER = 0.009538504699116285
Training on epoch 9
Training loss on iteration 0 = 0.0799752026796341
Training loss on iteration 20 = 0.14460602128747269
Training loss on iteration 40 = 0.06345119834877551
Training loss on iteration 60 = 0.0194768080546055
Training loss on iteration 80 = 0.013043062777433079
Training loss on iteration 100 = 0.05080839120128076
Training loss on iteration 120 = 0.029676564491091996
Training loss on iteration 140 = 0.051937774721591265
Training loss on iteration 160 = 0.057929965551011264
Training loss on iteration 180 = 0.029615270452632105
Training loss on iteration 200 = 0.016720584951690397
Training loss on iteration 220 = 0.016384730068966746
Training loss on iteration 240 = 0.057143050587183095
Training loss on iteration 260 = 0.04992591365298722
Training loss on iteration 280 = 0.015554459069971927
Training loss on iteration 300 = 0.02704847025452182
Training loss on iteration 320 = 0.06258779763156781
Training loss on iteration 340 = 0.11495166287350003
Training loss on iteration 360 = 0.05565372506389395
Training loss on iteration 380 = 0.06556680182693526
Training loss on iteration 400 = 0.07439458532026037
Training loss on iteration 420 = 0.05971651080180891
Training loss on iteration 440 = 0.027405910851666705
Training loss on iteration 460 = 0.029177166178124027
Training loss on iteration 480 = 0.051277193904388695
Training loss on iteration 500 = 0.044334112186334096
Training loss on iteration 520 = 0.035746660170843825
Training loss on iteration 540 = 0.07843831689824583
Training loss on iteration 560 = 0.050446507695596665
Training loss on iteration 580 = 0.06904845390818082
Training loss on iteration 600 = 0.028024616026959846
Training loss on iteration 620 = 0.06522078403504565
Training loss on iteration 640 = 0.3069957775063813
Training loss on iteration 660 = 0.1014072212157771
Training loss on iteration 680 = 0.18011413994827308
Training loss on iteration 700 = 0.11772677215049043
Training loss on iteration 720 = 0.08846573158516549
Training loss on iteration 740 = 0.17731818300671875
Training loss on iteration 760 = 0.057573132566176355
Training loss on iteration 780 = 0.08105395393795334
Training loss on iteration 800 = 0.3339750818908215
Training loss on iteration 820 = 0.1176457507070154
Training loss on iteration 840 = 0.08735710757755441
Training loss on iteration 860 = 0.10307206941070035
Training loss on iteration 880 = 0.0890046761604026
Training loss on iteration 900 = 0.06267355564050377
Training loss on iteration 920 = 0.052326188114238906
Training loss on iteration 940 = 0.07499985278118401
Training loss on iteration 960 = 0.05540903970540967
Training loss on iteration 980 = 0.058350045164115724
Training loss on iteration 1000 = 0.026404654403449968
Training loss on iteration 1020 = 0.0620656898827292
Training loss on iteration 1040 = 0.05349871715297923
Training loss on iteration 1060 = 0.10493615942250471
Training loss on iteration 1080 = 0.030897651379927994
Training loss on iteration 1100 = 0.019247345463372766
Training loss on iteration 1120 = 0.03555015448946506
Training loss on iteration 1140 = 0.08720556816115277
Training loss on iteration 1160 = 0.09096147598320385
Training loss on iteration 1180 = 0.08227740169968456
Training loss on iteration 1200 = 0.024300888855941595
Training loss on iteration 1220 = 0.04707331747049466
Training loss on iteration 1240 = 0.03249629276251653
Training loss on iteration 1260 = 0.06079945531382691
Training loss on iteration 1280 = 0.11517432027540053
Training loss on iteration 1300 = 0.09218611648539081
Training loss on iteration 1320 = 0.06187044294783846
Training loss on iteration 1340 = 0.051873866317328064
Training loss on iteration 1360 = 0.019053698354400694
Training loss on iteration 1380 = 0.08498604769993108
Training loss on iteration 1400 = 0.08182494543725624
Training loss on iteration 1420 = 0.07256187919992954
Training loss on iteration 1440 = 0.05844884102698415
Training loss on iteration 1460 = 0.02045151393103879
Training loss on iteration 1480 = 0.016922608502500224
### EVAL:: Epoch 9:: Loss = 0.026936323238787845 :: ACC = 0.9910225838125964, AUC = 0.9993123733967307, EER = 0.008696871931547202
Training on epoch 10
Training loss on iteration 0 = 0.0004611268232110888
Training loss on iteration 20 = 0.053212718207214495
Training loss on iteration 40 = 0.05437078902177746
Training loss on iteration 60 = 0.0755704919807613
Training loss on iteration 80 = 0.09237104485509917
Training loss on iteration 100 = 0.045791208832815754
Training loss on iteration 120 = 0.05270594522007741
Training loss on iteration 140 = 0.03564462079521036
Training loss on iteration 160 = 0.06664232002876816
Training loss on iteration 180 = 0.032265871472191066
Training loss on iteration 200 = 0.0623526329647575
Training loss on iteration 220 = 0.06751797896577046
Training loss on iteration 240 = 0.02613615466398187
Training loss on iteration 260 = 0.04611602570366813
Training loss on iteration 280 = 0.07773067370435456
Training loss on iteration 300 = 0.04868808900937438
Training loss on iteration 320 = 0.05178219069202896
Training loss on iteration 340 = 0.01271093611503602
Training loss on iteration 360 = 0.06193547851580661
Training loss on iteration 380 = 0.03092232359922491
Training loss on iteration 400 = 0.017142992503067944
Training loss on iteration 420 = 0.030865146093128716
Training loss on iteration 440 = 0.09385015101725003
Training loss on iteration 460 = 0.04742474772501737
Training loss on iteration 480 = 0.02598651763109956
Training loss on iteration 500 = 0.072648157045478
Training loss on iteration 520 = 0.03167060781852342
Training loss on iteration 540 = 0.018727274051343556
Training loss on iteration 560 = 0.07220385365217226
Training loss on iteration 580 = 0.04526072898006532
Training loss on iteration 600 = 0.04720995632233098
Training loss on iteration 620 = 0.014439512050012126
Training loss on iteration 640 = 0.028124571703665426
Training loss on iteration 660 = 0.03797558676014887
Training loss on iteration 680 = 0.024284917827390017
Training loss on iteration 700 = 0.034323158109327775
Training loss on iteration 720 = 0.02697679892589804
Training loss on iteration 740 = 0.028854009398492052
Training loss on iteration 760 = 0.05185436703686719
Training loss on iteration 780 = 0.00232795953124878
Training loss on iteration 800 = 0.04528837031612056
Training loss on iteration 820 = 0.04858752911677584
Training loss on iteration 840 = 0.009611504743952537
Training loss on iteration 860 = 0.010936878748907475
Training loss on iteration 880 = 0.039336332424136346
Training loss on iteration 900 = 0.07123927193752025
Training loss on iteration 920 = 0.02571514949959237
Training loss on iteration 940 = 0.08721407107077539
Training loss on iteration 960 = 0.023099352171993815
Training loss on iteration 980 = 0.05389965538342949
Training loss on iteration 1000 = 0.03795254714787007
Training loss on iteration 1020 = 0.010770557075738907
Training loss on iteration 1040 = 0.05322299168183235
Training loss on iteration 1060 = 0.0133388470771024
Training loss on iteration 1080 = 0.0497407019691309
Training loss on iteration 1100 = 0.05492782209767029
Training loss on iteration 1120 = 0.0544714824995026
Training loss on iteration 1140 = 0.04931891523883678
Training loss on iteration 1160 = 0.011846328077081126
Training loss on iteration 1180 = 0.018355251950924866
Training loss on iteration 1200 = 0.0532746179625974
Training loss on iteration 1220 = 0.018090806061809416
Training loss on iteration 1240 = 0.028317905429867098
Training loss on iteration 1260 = 0.047433758419356306
Training loss on iteration 1280 = 0.007144246207462857
Training loss on iteration 1300 = 0.05323407080468314
Training loss on iteration 1320 = 0.08668328502099029
Training loss on iteration 1340 = 0.06511034014401958
Training loss on iteration 1360 = 0.027596299702418038
Training loss on iteration 1380 = 0.04934586030940409
Training loss on iteration 1400 = 0.01660562482793466
Training loss on iteration 1420 = 0.048642674076836555
Training loss on iteration 1440 = 0.030956375482492148
Training loss on iteration 1460 = 0.03620136330573587
Training loss on iteration 1480 = 0.04786629544105381
### EVAL:: Epoch 10:: Loss = 0.02143222161198811 :: ACC = 0.9939682984990882, AUC = 0.9995824892295543, EER = 0.006592790012624491
Training on epoch 11
Training loss on iteration 0 = 0.012787587940692902
Training loss on iteration 20 = 0.05439043933292851
Training loss on iteration 40 = 0.03341089003079105
Training loss on iteration 60 = 0.014891558985982555
Training loss on iteration 80 = 0.009643141389460652
Training loss on iteration 100 = 0.03757147969736252
Training loss on iteration 120 = 0.017106978961237473
Training loss on iteration 140 = 0.008892816899242461
Training loss on iteration 160 = 0.018787412598067023
Training loss on iteration 180 = 0.002236501574589056
Training loss on iteration 200 = 0.09012856002937042
Training loss on iteration 220 = 0.04819963493064279
Training loss on iteration 240 = 0.029538690793560817
Training loss on iteration 260 = 0.06320161761104828
Training loss on iteration 280 = 0.049185226124245675
Training loss on iteration 300 = 0.0285178408754291
Training loss on iteration 320 = 0.08909467671910534
Training loss on iteration 340 = 0.015721107245190068
Training loss on iteration 360 = 0.04529019860201515
Training loss on iteration 380 = 0.020605205005267635
Training loss on iteration 400 = 0.05518605177858262
Training loss on iteration 420 = 0.082995528428728
Training loss on iteration 440 = 0.01762229319429025
Training loss on iteration 460 = 0.015954829810652882
Training loss on iteration 480 = 0.048891008146165406
Training loss on iteration 500 = 0.02192917029678938
Training loss on iteration 520 = 0.0221695200260001
Training loss on iteration 540 = 0.019246503312024286
Training loss on iteration 560 = 0.05405797366620391
Training loss on iteration 580 = 0.09943452002553385
Training loss on iteration 600 = 0.05525580232497305
Training loss on iteration 620 = 0.013312118164321873
Training loss on iteration 640 = 0.03897094851126894
Training loss on iteration 660 = 0.05165167254308471
Training loss on iteration 680 = 0.02159177578287199
Training loss on iteration 700 = 0.054011381426244044
Training loss on iteration 720 = 0.031751937290846396
Training loss on iteration 740 = 0.0368400079649291
Training loss on iteration 760 = 0.014972601225599647
Training loss on iteration 780 = 0.0588427945622243
Training loss on iteration 800 = 0.08322503420640714
Training loss on iteration 820 = 0.050594904454192145
Training loss on iteration 840 = 0.03751712366356515
Training loss on iteration 860 = 0.016069028378115035
Training loss on iteration 880 = 0.06319778016477358
Training loss on iteration 900 = 0.017151798770646563
Training loss on iteration 920 = 0.0408000050811097
Training loss on iteration 940 = 0.04164924893993884
Training loss on iteration 960 = 0.012082377568003722
Training loss on iteration 980 = 0.004218786030469346
Training loss on iteration 1000 = 0.04494834956494742
Training loss on iteration 1020 = 0.01615468573218095
Training loss on iteration 1040 = 0.06426334489078726
Training loss on iteration 1060 = 0.03682725721155293
Training loss on iteration 1080 = 0.061665486986748876
Training loss on iteration 1100 = 0.04563970934832469
Training loss on iteration 1120 = 0.05774575826653745
Training loss on iteration 1140 = 0.022976152501360047
Training loss on iteration 1160 = 0.04126466281741159
Training loss on iteration 1180 = 0.04166577720316127
Training loss on iteration 1200 = 0.0705055164944497
Training loss on iteration 1220 = 0.032390902563929555
Training loss on iteration 1240 = 0.018113837350392716
Training loss on iteration 1260 = 0.02552277771028457
Training loss on iteration 1280 = 0.09696528349450091
Training loss on iteration 1300 = 0.04633007301017642
Training loss on iteration 1320 = 0.0146435928545543
Training loss on iteration 1340 = 0.04106180770759238
Training loss on iteration 1360 = 0.06719977983011631
Training loss on iteration 1380 = 0.02911462648771703
Training loss on iteration 1400 = 0.050177736941259356
Training loss on iteration 1420 = 0.046990629330684895
Training loss on iteration 1440 = 0.02101971030351706
Training loss on iteration 1460 = 0.03128416989929974
Training loss on iteration 1480 = 0.08978428287664428
### EVAL:: Epoch 11:: Loss = 0.024803196525079337 :: ACC = 0.9912329920044887, AUC = 0.9994285027415242, EER = 0.00855659980361902
Training on epoch 12
Training loss on iteration 0 = 0.00282463850453496
Training loss on iteration 20 = 0.03709478521486744
Training loss on iteration 40 = 0.05442703359003644
Training loss on iteration 60 = 0.10770683567097876
Training loss on iteration 80 = 0.06097595253959298
Training loss on iteration 100 = 0.05395458822604269
Training loss on iteration 120 = 0.06216849183983868
Training loss on iteration 140 = 0.03057870552474924
Training loss on iteration 160 = 0.07111217261262937
Training loss on iteration 180 = 0.052008363307686524
Training loss on iteration 200 = 0.05373863379354589
Training loss on iteration 220 = 0.07571063302457333
Training loss on iteration 240 = 0.03792183453915641
Training loss on iteration 260 = 0.01109747628797777
Training loss on iteration 280 = 0.03899926178855821
Training loss on iteration 300 = 0.03349311433266848
Training loss on iteration 320 = 0.018946746613073627
Training loss on iteration 340 = 0.09153692446998321
Training loss on iteration 360 = 0.4914369492471451
Training loss on iteration 380 = 0.3007337347575231
Training loss on iteration 400 = 0.5008960705250501
Training loss on iteration 420 = 0.3632479913532734
Training loss on iteration 440 = 0.29254048988223075
Training loss on iteration 460 = 0.3230315419845283
Training loss on iteration 480 = 0.20192986303009092
Training loss on iteration 500 = 0.20427136961370707
Training loss on iteration 520 = 0.20529087092727422
Training loss on iteration 540 = 0.19546610238030554
Training loss on iteration 560 = 0.22490482777357101
Training loss on iteration 580 = 0.17074570823460816
Training loss on iteration 600 = 0.1057415519375354
Training loss on iteration 620 = 0.04965148656629026
Training loss on iteration 640 = 0.09763847031863407
Training loss on iteration 660 = 0.09823737675324082
Training loss on iteration 680 = 0.07689255444565787
Training loss on iteration 700 = 0.11618181733647362
Training loss on iteration 720 = 0.14492105341050773
Training loss on iteration 740 = 0.09122817735187709
Training loss on iteration 760 = 0.06771256949286908
Training loss on iteration 780 = 0.1223435421125032
Training loss on iteration 800 = 0.09105634223669767
Training loss on iteration 820 = 0.061368632328230886
Training loss on iteration 840 = 0.09612013751175255
Training loss on iteration 860 = 0.09829434612765908
Training loss on iteration 880 = 0.09525603195652366
Training loss on iteration 900 = 0.0911715158028528
Training loss on iteration 920 = 0.07690008312929422
Training loss on iteration 940 = 0.05399565300904215
Training loss on iteration 960 = 0.03309435461560497
Training loss on iteration 980 = 0.015824240767688024
Training loss on iteration 1000 = 0.10570356348034693
Training loss on iteration 1020 = 0.017443063942482694
Training loss on iteration 1040 = 0.03921755453338847
Training loss on iteration 1060 = 0.0955284507072065
Training loss on iteration 1080 = 0.05718454817542806
Training loss on iteration 1100 = 0.04537500459846342
Training loss on iteration 1120 = 0.0770865009049885
Training loss on iteration 1140 = 0.11055306915659457
Training loss on iteration 1160 = 0.045797734730876984
Training loss on iteration 1180 = 0.03571347003453411
Training loss on iteration 1200 = 0.11989047365495935
Training loss on iteration 1220 = 0.07973105449927971
Training loss on iteration 1240 = 0.08101392523385584
Training loss on iteration 1260 = 0.061949718790128824
Training loss on iteration 1280 = 0.05561464022030123
Training loss on iteration 1300 = 0.029195642232662068
Training loss on iteration 1320 = 0.12103662452136632
Training loss on iteration 1340 = 0.051356211412348786
Training loss on iteration 1360 = 0.04805910667637363
Training loss on iteration 1380 = 0.037585591920651494
Training loss on iteration 1400 = 0.09345903136127162
Training loss on iteration 1420 = 0.09631783745717257
Training loss on iteration 1440 = 0.07050416566198692
Training loss on iteration 1460 = 0.0677080532477703
Training loss on iteration 1480 = 0.06809571677586064
### EVAL:: Epoch 12:: Loss = 0.04865414165969171 :: ACC = 0.981413943049516, AUC = 0.9993313413208887, EER = 0.011642586618038995
Training on epoch 13
Training loss on iteration 0 = 0.009883210062980652
Training loss on iteration 20 = 0.05931494712131098
Training loss on iteration 40 = 0.117437474289909
Training loss on iteration 60 = 0.06090207134839147
Training loss on iteration 80 = 0.07627964296843856
Training loss on iteration 100 = 0.029636654502246527
Training loss on iteration 120 = 0.06277071122312919
Training loss on iteration 140 = 0.10724999520462006
Training loss on iteration 160 = 0.028387194429524244
Training loss on iteration 180 = 0.053074992771144025
Training loss on iteration 200 = 0.04962248296942562
Training loss on iteration 220 = 0.03441833044053055
Training loss on iteration 240 = 0.0682346444344148
Training loss on iteration 260 = 0.04002740125288255
Training loss on iteration 280 = 0.048683674137282654
Training loss on iteration 300 = 0.025772119959583506
Training loss on iteration 320 = 0.011396164674079046
Training loss on iteration 340 = 0.044336686719907446
Training loss on iteration 360 = 0.041389418870676306
Training loss on iteration 380 = 0.05359718682593666
Training loss on iteration 400 = 0.0606261808599811
Training loss on iteration 420 = 0.05184157085168408
Training loss on iteration 440 = 0.09155591939634178
Training loss on iteration 460 = 0.012357547723513562
Training loss on iteration 480 = 0.03322372998009086
Training loss on iteration 500 = 0.03775870563840726
Training loss on iteration 520 = 0.07370691778924084
Training loss on iteration 540 = 0.016522558237193154
Training loss on iteration 560 = 0.12491535801673308
Training loss on iteration 580 = 0.031813389135641044
Training loss on iteration 600 = 0.09713492761366069
Training loss on iteration 620 = 0.03157671570952516
Training loss on iteration 640 = 0.05608578569372184
Training loss on iteration 660 = 0.061135861126240344
Training loss on iteration 680 = 0.03709206335770432
Training loss on iteration 700 = 0.029967050303821453
Training loss on iteration 720 = 0.03629862244706601
Training loss on iteration 740 = 0.041623629885725676
Training loss on iteration 760 = 0.07026817008154466
Training loss on iteration 780 = 0.05393494297750294
Training loss on iteration 800 = 0.05943017642712221
Training loss on iteration 820 = 0.06564754899591208
Training loss on iteration 840 = 0.07307611806318164
Training loss on iteration 860 = 0.05045103564625606
Training loss on iteration 880 = 0.03298739297315478
Training loss on iteration 900 = 0.05241187327774242
Training loss on iteration 920 = 0.039298230559506916
Training loss on iteration 940 = 0.034236933998181486
Training loss on iteration 960 = 0.0229726012206811
Training loss on iteration 980 = 0.04008941038700868
Training loss on iteration 1000 = 0.03652945464127697
Training loss on iteration 1020 = 0.026239569210156334
Training loss on iteration 1040 = 0.04790315967693459
Training loss on iteration 1060 = 0.04051438301539747
Training loss on iteration 1080 = 0.023672462157264818
Training loss on iteration 1100 = 0.031283146436908285
Training loss on iteration 1120 = 0.026417021261841
Training loss on iteration 1140 = 0.014382333640241995
Training loss on iteration 1160 = 0.022610721981254755
Training loss on iteration 1180 = 0.053900435389005
Training loss on iteration 1200 = 0.028011105991026852
Training loss on iteration 1220 = 0.038797345563943965
Training loss on iteration 1240 = 0.03338444905966753
Training loss on iteration 1260 = 0.046648321744578426
Training loss on iteration 1280 = 0.08319635491643566
Training loss on iteration 1300 = 0.06919659256236628
Training loss on iteration 1320 = 0.0739851881749928
Training loss on iteration 1340 = 0.06907088599400595
Training loss on iteration 1360 = 0.050103543314617124
Training loss on iteration 1380 = 0.029039265308529138
Training loss on iteration 1400 = 0.04657228128053248
Training loss on iteration 1420 = 0.01248528251380776
Training loss on iteration 1440 = 0.05865181949920952
Training loss on iteration 1460 = 0.03669787837716285
Training loss on iteration 1480 = 0.030585246538976207
### EVAL:: Epoch 13:: Loss = 0.027855540224660028 :: ACC = 0.989900406789171, AUC = 0.9995506923774387, EER = 0.008135783419834479
Training on epoch 14
Training loss on iteration 0 = 0.036604657769203186
Training loss on iteration 20 = 0.029325960553251207
Training loss on iteration 40 = 0.046615322499565084
Training loss on iteration 60 = 0.07259601985570044
Training loss on iteration 80 = 0.029630709775665308
Training loss on iteration 100 = 0.017398714399314487
Training loss on iteration 120 = 0.05746121788397431
Training loss on iteration 140 = 0.03930389621964423
Training loss on iteration 160 = 0.07495669934432954
Training loss on iteration 180 = 0.06027979539358057
Training loss on iteration 200 = 0.05015262279193848
Training loss on iteration 220 = 0.030286771935061553
Training loss on iteration 240 = 0.03831028463173425
Training loss on iteration 260 = 0.022533364058472217
Training loss on iteration 280 = 0.004269840110646328
Training loss on iteration 300 = 0.014413015229729353
Training loss on iteration 320 = 0.012606409916588745
Training loss on iteration 340 = 0.0744456406275276
Training loss on iteration 360 = 0.06878210688591935
Training loss on iteration 380 = 0.049733749957522375
Training loss on iteration 400 = 0.028054465632885696
Training loss on iteration 420 = 0.01672946686230716
Training loss on iteration 440 = 0.07687085390498397
Training loss on iteration 460 = 0.026980997822829523
Training loss on iteration 480 = 0.031074724218342453
Training loss on iteration 500 = 0.018193099935888312
Training loss on iteration 520 = 0.04261735793261323
Training loss on iteration 540 = 0.04638326011627214
Training loss on iteration 560 = 0.024505614586814772
Training loss on iteration 580 = 0.018633431072521488
Training loss on iteration 600 = 0.019250490518970764
Training loss on iteration 620 = 0.05654725151180173
Training loss on iteration 640 = 0.05140594908443745
Training loss on iteration 660 = 0.03276219577237498
Training loss on iteration 680 = 0.04621996646892512
Training loss on iteration 700 = 0.05594565591891296
Training loss on iteration 720 = 0.030290520971175284
Training loss on iteration 740 = 0.05506287269818131
Training loss on iteration 760 = 0.009193088603205979
Training loss on iteration 780 = 0.08403227005619555
Training loss on iteration 800 = 0.054464999679476024
Training loss on iteration 820 = 0.03435026634833775
Training loss on iteration 840 = 0.02276867988985032
Training loss on iteration 860 = 0.021678764030366438
Training loss on iteration 880 = 0.05205562883420498
Training loss on iteration 900 = 0.04188990928960266
Training loss on iteration 920 = 0.06384702985815238
Training loss on iteration 940 = 0.05087161492847372
Training loss on iteration 960 = 0.017797751867328772
Training loss on iteration 980 = 0.035292405088694065
Training loss on iteration 1000 = 0.021471854875198915
Training loss on iteration 1020 = 0.01501789761332475
Training loss on iteration 1040 = 0.042105296862428074
Training loss on iteration 1060 = 0.05800099603657145
Training loss on iteration 1080 = 0.11043364958604798
Training loss on iteration 1100 = 0.04106829661759548
Training loss on iteration 1120 = 0.035387598611123394
Training loss on iteration 1140 = 0.003876275306538446
Training loss on iteration 1160 = 0.02794798145041568
Training loss on iteration 1180 = 0.06980585928831715
Training loss on iteration 1200 = 0.044817357147985605
Training loss on iteration 1220 = 0.025049408816266806
Training loss on iteration 1240 = 0.04616204780613771
Training loss on iteration 1260 = 0.012972239232476568
Training loss on iteration 1280 = 0.0026786417241964956
Training loss on iteration 1300 = 0.0384569340661983
Training loss on iteration 1320 = 0.010945811593410326
Training loss on iteration 1340 = 0.006598853206378407
Training loss on iteration 1360 = 0.008381815048414865
Training loss on iteration 1380 = 0.054794150269663076
Training loss on iteration 1400 = 0.04735506269353209
Training loss on iteration 1420 = 0.03752974488597829
Training loss on iteration 1440 = 0.0656729425812955
Training loss on iteration 1460 = 0.044944501353893426
Training loss on iteration 1480 = 0.055783068852906584
### EVAL:: Epoch 14:: Loss = 0.02640171205461469 :: ACC = 0.9924954411558423, AUC = 0.9997450742475189, EER = 0.0070136063964090336
Training on epoch 15
Training loss on iteration 0 = 0.01019945926964283
Training loss on iteration 20 = 0.030343254422768952
Training loss on iteration 40 = 0.04171192138310289
Training loss on iteration 60 = 0.05273192035383545
Training loss on iteration 80 = 0.025004646870365833
Training loss on iteration 100 = 0.04796157023811247
Training loss on iteration 120 = 0.02855201650527306
Training loss on iteration 140 = 0.01710584139545972
Training loss on iteration 160 = 0.03611644508127938
Training loss on iteration 180 = 0.01338909280821099
Training loss on iteration 200 = 0.02925024359901727
Training loss on iteration 220 = 0.03518396969320747
Training loss on iteration 240 = 0.045574083018436795
Training loss on iteration 260 = 0.0756683142251859
Training loss on iteration 280 = 0.03173023172421381
Training loss on iteration 300 = 0.03798993356067513
Training loss on iteration 320 = 0.017215515281714035
Training loss on iteration 340 = 0.020412898738686635
Training loss on iteration 360 = 0.06112427498155739
Training loss on iteration 380 = 0.04066258214588743
Training loss on iteration 400 = 0.043693592113413615
Training loss on iteration 420 = 0.03496385370090138
Training loss on iteration 440 = 0.04183687008480774
Training loss on iteration 460 = 0.0299759580862883
Training loss on iteration 480 = 0.031796331033547176
Training loss on iteration 500 = 0.022467200796381804
Training loss on iteration 520 = 0.01097127715474926
Training loss on iteration 540 = 0.07029958847933812
Training loss on iteration 560 = 0.04344025461177807
Training loss on iteration 580 = 0.01887986047368031
Training loss on iteration 600 = 0.07583046702202409
Training loss on iteration 620 = 0.03618537679431029
Training loss on iteration 640 = 0.01261093854700448
Training loss on iteration 660 = 0.059387469134526326
Training loss on iteration 680 = 0.041231600460014305
Training loss on iteration 700 = 0.017995685800269712
Training loss on iteration 720 = 0.03318397238617763
Training loss on iteration 740 = 0.021132948176091303
Training loss on iteration 760 = 0.011339824029710144
Training loss on iteration 780 = 0.023951149292406625
Training loss on iteration 800 = 0.04431243059952976
Training loss on iteration 820 = 0.035935924272052944
Training loss on iteration 840 = 0.039385234061046506
Training loss on iteration 860 = 0.05023169546475401
Training loss on iteration 880 = 0.010039483912987635
Training loss on iteration 900 = 0.04640326834196458
Training loss on iteration 920 = 0.03417836323787924
Training loss on iteration 940 = 0.022323311412401382
Training loss on iteration 960 = 0.046708185490206236
Training loss on iteration 980 = 0.00663221804134082
Training loss on iteration 1000 = 0.007005782976193586
Training loss on iteration 1020 = 0.024854050647991243
Training loss on iteration 1040 = 0.02493355897022411
Training loss on iteration 1060 = 0.05438952596305171
Training loss on iteration 1080 = 0.02699851364013739
Training loss on iteration 1100 = 0.03243043726615724
Training loss on iteration 1120 = 0.020694027621357237
Training loss on iteration 1140 = 0.038080357076250945
Training loss on iteration 1160 = 0.027689655663562008
Training loss on iteration 1180 = 0.05848191447003046
Training loss on iteration 1200 = 0.08828780043695587
Training loss on iteration 1220 = 0.05543738913256675
Training loss on iteration 1240 = 0.02738282744085154
Training loss on iteration 1260 = 0.13122749328285863
Training loss on iteration 1280 = 0.037120954412966964
Training loss on iteration 1300 = 0.01841946291679051
Training loss on iteration 1320 = 0.04014145146793453
Training loss on iteration 1340 = 0.06967412251688074
Training loss on iteration 1360 = 0.01278209571610205
Training loss on iteration 1380 = 0.05355721226660535
Training loss on iteration 1400 = 0.04955129692389164
Training loss on iteration 1420 = 0.0425669801341428
Training loss on iteration 1440 = 0.06649590580127551
Training loss on iteration 1460 = 0.039842403022339566
Training loss on iteration 1480 = 0.03823418906686129
### EVAL:: Epoch 15:: Loss = 0.017529698326165584 :: ACC = 0.9946696591387292, AUC = 0.9998419995529159, EER = 0.004628980221629962
Training on epoch 16
Training loss on iteration 0 = 0.04266659542918205
Training loss on iteration 20 = 0.028680544787494
Training loss on iteration 40 = 0.015345976017124485
Training loss on iteration 60 = 0.06111430374367046
Training loss on iteration 80 = 0.00504496423091041
Training loss on iteration 100 = 0.0025314517737569987
Training loss on iteration 120 = 0.024423946576644085
Training loss on iteration 140 = 0.014636501749191667
Training loss on iteration 160 = 0.006779611777528771
Training loss on iteration 180 = 0.055178387494197526
Training loss on iteration 200 = 0.06902761515084421
Training loss on iteration 220 = 0.03365871651330963
Training loss on iteration 240 = 0.058578534744447096
Training loss on iteration 260 = 0.06172314605864813
Training loss on iteration 280 = 0.0377462943084538
Training loss on iteration 300 = 0.02155702766540344
Training loss on iteration 320 = 0.025025120814098044
Training loss on iteration 340 = 0.0671960657589807
Training loss on iteration 360 = 0.04749635062762536
Training loss on iteration 380 = 0.014536776073509828
Training loss on iteration 400 = 0.021829843350860755
Training loss on iteration 420 = 0.016894704279548024
Training loss on iteration 440 = 0.04299293462536298
Training loss on iteration 460 = 0.1011313624214381
Training loss on iteration 480 = 0.011098273273091763
Training loss on iteration 500 = 0.03773575723171234
Training loss on iteration 520 = 0.0555398895899998
Training loss on iteration 540 = 0.027728701088926756
Training loss on iteration 560 = 0.025155933329369874
Training loss on iteration 580 = 0.055002603909815664
Training loss on iteration 600 = 0.014905586806708015
Training loss on iteration 620 = 0.012317661361157662
Training loss on iteration 640 = 0.01976589007645089
Training loss on iteration 660 = 0.05153877574157377
Training loss on iteration 680 = 0.035625085461651905
Training loss on iteration 700 = 0.0195237727049971
Training loss on iteration 720 = 0.013515698778792284
Training loss on iteration 740 = 0.049063877941807735
Training loss on iteration 760 = 0.015230210731533588
Training loss on iteration 780 = 0.025530645858088973
Training loss on iteration 800 = 0.0538543854643649
Training loss on iteration 820 = 0.02747945340233855
Training loss on iteration 840 = 0.054401061656244566
Training loss on iteration 860 = 0.02223050319807953
Training loss on iteration 880 = 0.012811163324658991
Training loss on iteration 900 = 0.00617480165019515
Training loss on iteration 920 = 0.04224215066296892
Training loss on iteration 940 = 0.01605512083369831
Training loss on iteration 960 = 0.041284180800721514
Training loss on iteration 980 = 0.03001046719164151
Training loss on iteration 1000 = 0.04661602879641578
Training loss on iteration 1020 = 0.03585421910174773
Training loss on iteration 1040 = 0.09099970200331882
Training loss on iteration 1060 = 0.06805252041085623
Training loss on iteration 1080 = 0.06255726188246627
Training loss on iteration 1100 = 0.06459989316645079
Training loss on iteration 1120 = 0.030065199313685297
Training loss on iteration 1140 = 0.006302873670210829
Training loss on iteration 1160 = 0.07963408969371813
Training loss on iteration 1180 = 0.042710493892082015
Training loss on iteration 1200 = 0.025423890809179284
Training loss on iteration 1220 = 0.05747114245677949
Training loss on iteration 1240 = 0.04350798223167658
Training loss on iteration 1260 = 0.03563315883948235
Training loss on iteration 1280 = 0.014460818396764807
Training loss on iteration 1300 = 0.0255474013996718
Training loss on iteration 1320 = 0.038485463528559194
Training loss on iteration 1340 = 0.047704542626161126
Training loss on iteration 1360 = 0.040438988272217105
Training loss on iteration 1380 = 0.04021566926530795
Training loss on iteration 1400 = 0.06616162452264689
Training loss on iteration 1420 = 0.03297756597166881
Training loss on iteration 1440 = 0.040363902821263765
Training loss on iteration 1460 = 0.04060961065115407
Training loss on iteration 1480 = 0.018307514487241862
### EVAL:: Epoch 16:: Loss = 0.012276275400115803 :: ACC = 0.9960022443540468, AUC = 0.9998971127848315, EER = 0.003927619581989059
Training on epoch 17
Training loss on iteration 0 = 0.00032794021535664797
Training loss on iteration 20 = 0.030150469887485088
Training loss on iteration 40 = 0.0030332889007695487
Training loss on iteration 60 = 0.13323607906986581
Training loss on iteration 80 = 0.06357880260329693
Training loss on iteration 100 = 0.13340070971753448
Training loss on iteration 120 = 0.09750029004062526
Training loss on iteration 140 = 0.08041819259378827
Training loss on iteration 160 = 0.021750821179011837
Training loss on iteration 180 = 0.028509927293634975
Training loss on iteration 200 = 0.033554990380071106
Training loss on iteration 220 = 0.0564609190903866
Training loss on iteration 240 = 0.0771711128007155
Training loss on iteration 260 = 0.028228557165130043
Training loss on iteration 280 = 0.041629122648737395
Training loss on iteration 300 = 0.033734373355582645
Training loss on iteration 320 = 0.03082189485867275
Training loss on iteration 340 = 0.02944373802947666
Training loss on iteration 360 = 0.046907377167008234
Training loss on iteration 380 = 0.013368189362518023
Training loss on iteration 400 = 0.035367834146745734
Training loss on iteration 420 = 0.0426368520122196
Training loss on iteration 440 = 0.035756063042208554
Training loss on iteration 460 = 0.0168494602345163
Training loss on iteration 480 = 0.0077667883438152785
Training loss on iteration 500 = 0.009582423072333767
Training loss on iteration 520 = 0.05812018719389016
Training loss on iteration 540 = 0.0669018482134561
Training loss on iteration 560 = 0.038040898373583334
Training loss on iteration 580 = 0.07936818726157072
Training loss on iteration 600 = 0.026224821066716687
Training loss on iteration 620 = 0.026196400208573323
Training loss on iteration 640 = 0.040949571559758625
Training loss on iteration 660 = 0.05387249279528987
Training loss on iteration 680 = 0.03634984281452489
Training loss on iteration 700 = 0.04013201893503719
Training loss on iteration 720 = 0.02320773061510408
Training loss on iteration 740 = 0.022314323354657974
Training loss on iteration 760 = 0.04373579745551979
Training loss on iteration 780 = 0.019567378878446107
Training loss on iteration 800 = 0.019488792180982272
Training loss on iteration 820 = 0.03216069029504069
Training loss on iteration 840 = 0.031834421437088166
Training loss on iteration 860 = 0.03304955655330559
