>> activated env: /project/home/p201284/guo/xmad-bench-repro/venv/bin/activate  (Python 3.13.12)
>> torch 2.12.0+cu132 | CUDA available: True
Applying resumable-training patch...
  already patched: /project/home/p201284/guo/xmad-bench-repro/detection/trainer.py
  trainer.py is valid Python.
Done. Killed runs now continue from their last completed epoch.
>> Generating configs for: ar  (models: septr, tag=ar_septr_r02, GPU=2)
Wrote 1 configs to /project/home/p201284/guo/xmad-bench-repro/repro_tools/stepB/configs_ar_septr_r02/  (languages: ar)
>> single-repeat mode: this process runs ONLY repeat r02
root_path: /project/home/p201284/guo/xmad_data/
multilingual: True  model check for config: /project/home/p201284/guo/xmad-bench-repro/repro_tools/stepB/configs_ar_septr_r02/config_ar_septr.json

  OK  commonvoice-ar       rows=76602    sep=','
  OK  masc                 rows=12984    sep=','

PRE-FLIGHT PASSED — data layout looks correct for this config.

=== RUN ar_septr_r02 (model=septr) ===
commonvoice-ar
commonvoice-ar
Training on epoch 1
Training loss on iteration 0 = 0.6912298798561096
Training loss on iteration 20 = 1.2274580478668213
Training loss on iteration 40 = 0.7041089624166489
Training loss on iteration 60 = 0.700031754374504
Training loss on iteration 80 = 0.7624468132853508
Training loss on iteration 100 = 0.6440591841936112
Training loss on iteration 120 = 0.5823997050523758
Training loss on iteration 140 = 0.5966812491416931
Training loss on iteration 160 = 0.5386277750134468
Training loss on iteration 180 = 0.39574541300535204
Training loss on iteration 200 = 0.47411092892289164
Training loss on iteration 220 = 0.3093365740031004
Training loss on iteration 240 = 0.44913463019765915
Training loss on iteration 260 = 0.27885400131344795
Training loss on iteration 280 = 0.3020096099935472
Training loss on iteration 300 = 0.27580087911337614
Training loss on iteration 320 = 0.22345876395702363
Training loss on iteration 340 = 0.35511384475976226
Training loss on iteration 360 = 0.40801057368516924
Training loss on iteration 380 = 0.26066397707909345
Training loss on iteration 400 = 0.24170852974057197
Training loss on iteration 420 = 0.20849639554508032
Training loss on iteration 440 = 0.2921682121232152
Training loss on iteration 460 = 0.19409565074602142
Training loss on iteration 480 = 0.31847212091088295
Training loss on iteration 500 = 0.42488987441174686
Training loss on iteration 520 = 0.213796372176148
Training loss on iteration 540 = 0.2861164592206478
Training loss on iteration 560 = 0.2318680406548083
Training loss on iteration 580 = 0.2485667798668146
Training loss on iteration 600 = 0.25127359516918657
Training loss on iteration 620 = 0.23137730974704027
Training loss on iteration 640 = 0.3127619023434818
Training loss on iteration 660 = 0.2604468109086156
Training loss on iteration 680 = 0.23449478363618254
Training loss on iteration 700 = 0.227319292165339
Training loss on iteration 720 = 0.1643447929993272
Training loss on iteration 740 = 0.2279986580135301
Training loss on iteration 760 = 0.15121433192398398
Training loss on iteration 780 = 0.3127978924661875
Training loss on iteration 800 = 0.20475657815113663
Training loss on iteration 820 = 0.22534525394439697
Training loss on iteration 840 = 0.2594684511423111
Training loss on iteration 860 = 0.208724173810333
Training loss on iteration 880 = 0.13404230701271444
Training loss on iteration 900 = 0.15437387651763856
Training loss on iteration 920 = 0.2608705201651901
Training loss on iteration 940 = 0.14791254154406488
Training loss on iteration 960 = 0.36429394914302976
Training loss on iteration 980 = 0.1875302068889141
Training loss on iteration 1000 = 0.41306812288239597
Training loss on iteration 1020 = 0.3800016775727272
Training loss on iteration 1040 = 0.2304825930390507
Training loss on iteration 1060 = 0.48032995047979055
Training loss on iteration 1080 = 0.23095820914022624
Training loss on iteration 1100 = 0.3058083292096853
Training loss on iteration 1120 = 0.3496497760526836
Training loss on iteration 1140 = 0.2554584321565926
Training loss on iteration 1160 = 0.31751180146820845
Training loss on iteration 1180 = 0.14697428680956365
Training loss on iteration 1200 = 0.198908551922068
Training loss on iteration 1220 = 0.17311626430600882
Training loss on iteration 1240 = 0.2584436610341072
Training loss on iteration 1260 = 0.18827929757535458
Training loss on iteration 1280 = 0.27364808027632537
Training loss on iteration 1300 = 0.12025056565180421
Training loss on iteration 1320 = 0.07755588390864432
Training loss on iteration 1340 = 0.25135226639686153
Training loss on iteration 1360 = 0.17905617034994065
Training loss on iteration 1380 = 0.29109376948326826
Training loss on iteration 1400 = 0.11927494690753519
Training loss on iteration 1420 = 0.17860929230228068
Training loss on iteration 1440 = 0.15548131610266863
Training loss on iteration 1460 = 0.20814250123221428
Training loss on iteration 1480 = 0.16266927225515246
Training loss on iteration 1500 = 0.16618675091303886
Training loss on iteration 1520 = 0.2770102802664042
Training loss on iteration 1540 = 0.19021317921578884
Training loss on iteration 1560 = 0.11271775583736598
Training loss on iteration 1580 = 0.173202513018623
Training loss on iteration 1600 = 0.18586284671910108
Training loss on iteration 1620 = 0.1458329100627452
Training loss on iteration 1640 = 0.16105715208686888
Training loss on iteration 1660 = 0.23218114832416176
Training loss on iteration 1680 = 0.17672076928429306
Training loss on iteration 1700 = 0.18443024600856006
Training loss on iteration 1720 = 0.16796472519636155
Training loss on iteration 1740 = 0.10322062484920025
Training loss on iteration 1760 = 0.19354073987342418
Training loss on iteration 1780 = 0.19396397471427917
Training loss on iteration 1800 = 0.16634131104219704
Training loss on iteration 1820 = 0.12428955747745932
Training loss on iteration 1840 = 0.15108470702543855
Training loss on iteration 1860 = 0.17398012711200864
Training loss on iteration 1880 = 0.14273296473547817
Training loss on iteration 1900 = 0.1769895466044545
Training loss on iteration 1920 = 0.22361161559820175
Training loss on iteration 1940 = 0.149877276038751
Training loss on iteration 1960 = 0.08240679264999926
Training loss on iteration 1980 = 0.2566714869812131
Training loss on iteration 2000 = 0.2210494602099061
Training loss on iteration 2020 = 0.14090076712891458
Training loss on iteration 2040 = 0.08061277178348973
Training loss on iteration 2060 = 0.1369166170246899
Training loss on iteration 2080 = 0.11744145276024938
Training loss on iteration 2100 = 0.18262982268352063
Training loss on iteration 2120 = 0.16056121829897166
Training loss on iteration 2140 = 0.09262239229865372
Training loss on iteration 2160 = 0.15881448272848503
Training loss on iteration 2180 = 0.12403040565550327
Training loss on iteration 2200 = 0.2549861798528582
Training loss on iteration 2220 = 0.23609562632627784
Training loss on iteration 2240 = 0.12469078497961164
Training loss on iteration 2260 = 0.16966171842068434
Training loss on iteration 2280 = 0.21826915899291635
Training loss on iteration 2300 = 0.1519345823675394
Training loss on iteration 2320 = 0.15160983529058286
Training loss on iteration 2340 = 0.144385656612576
Training loss on iteration 2360 = 0.23331187599687836
Training loss on iteration 2380 = 0.1813438652548939
Training loss on iteration 2400 = 0.1687111234292388
Training loss on iteration 2420 = 0.12029845640063286
Training loss on iteration 2440 = 0.09788812398910522
Training loss on iteration 2460 = 0.1263824558700435
Training loss on iteration 2480 = 0.16067010544938967
Training loss on iteration 2500 = 0.20000833668746054
Training loss on iteration 2520 = 0.12362275102641433
Training loss on iteration 2540 = 0.21754152229987084
Training loss on iteration 2560 = 0.09293470252305269
Training loss on iteration 2580 = 0.04327019582269713
Training loss on iteration 2600 = 0.1480662536341697
Training loss on iteration 2620 = 0.18092698873952032
Training loss on iteration 2640 = 0.13226307220757008
Training loss on iteration 2660 = 0.16379290935583413
Training loss on iteration 2680 = 0.1428065628744662
Training loss on iteration 2700 = 0.14646459489595146
Training loss on iteration 2720 = 0.10045106709003448
Training loss on iteration 2740 = 0.15073507191846147
Training loss on iteration 2760 = 0.18323775576427578
Training loss on iteration 2780 = 0.08778418935835361
Training loss on iteration 2800 = 0.11205395297147333
Training loss on iteration 2820 = 0.17419045525602997
Training loss on iteration 2840 = 0.2663310352480039
Training loss on iteration 2860 = 0.22939302967861294
Training loss on iteration 2880 = 0.08211855976842344
Training loss on iteration 2900 = 0.15924978103721515
Training loss on iteration 2920 = 0.12224804349243641
Training loss on iteration 2940 = 0.11389095587655902
Training loss on iteration 2960 = 0.10191774017876014
Training loss on iteration 2980 = 0.25491299824789165
Training loss on iteration 3000 = 0.1679782341234386
Training loss on iteration 3020 = 0.12134254390839487
Training loss on iteration 3040 = 0.21060733090853317
Training loss on iteration 3060 = 0.24066034303978084
Training loss on iteration 3080 = 0.18786554019898177
Training loss on iteration 3100 = 0.17238597190007568
Training loss on iteration 3120 = 0.15519175371155142
Training loss on iteration 3140 = 0.09753579690586775
Training loss on iteration 3160 = 0.08581759468652309
Training loss on iteration 3180 = 0.10052610505372286
Training loss on iteration 3200 = 0.23859921079128982
Training loss on iteration 3220 = 0.1887794346548617
Training loss on iteration 3240 = 0.26484380941838026
Training loss on iteration 3260 = 0.29307991433888675
Training loss on iteration 3280 = 0.27386483661830424
Training loss on iteration 3300 = 0.29550780151039363
Training loss on iteration 3320 = 0.38007398452609775
Training loss on iteration 3340 = 0.5144414579495787
Training loss on iteration 3360 = 0.17111233016476035
Training loss on iteration 3380 = 0.21920329621061682
Training loss on iteration 3400 = 0.12867034324444832
Training loss on iteration 3420 = 0.1667648771777749
Training loss on iteration 3440 = 0.1577018485404551
Training loss on iteration 3460 = 0.18472213256172837
Training loss on iteration 3480 = 0.15954311511013658
Training loss on iteration 3500 = 0.15167607348412276
Training loss on iteration 3520 = 0.07541005297098309
Training loss on iteration 3540 = 0.15928442939184606
Training loss on iteration 3560 = 0.06967262709513307
Training loss on iteration 3580 = 0.1402196131180972
Training loss on iteration 3600 = 0.22184626429807394
Training loss on iteration 3620 = 0.18381666033528746
Training loss on iteration 3640 = 0.17996163349598646
Training loss on iteration 3660 = 0.10638612033799291
Training loss on iteration 3680 = 0.268736772891134
Training loss on iteration 3700 = 0.1659540249966085
Training loss on iteration 3720 = 0.08220817224355415
Training loss on iteration 3740 = 0.07978270082676317
Training loss on iteration 3760 = 0.1462247682735324
Training loss on iteration 3780 = 0.10757042325567454
Training loss on iteration 3800 = 0.1380878181196749
Training loss on iteration 3820 = 0.09094535678741522
Training loss on iteration 3840 = 0.14450870552100242
Training loss on iteration 3860 = 0.30747694298624995
Training loss on iteration 3880 = 0.20849296352826058
Training loss on iteration 3900 = 0.13626934681087732
Training loss on iteration 3920 = 0.15110019193962215
Training loss on iteration 3940 = 0.17905877754092217
Training loss on iteration 3960 = 0.09826943194493651
Training loss on iteration 3980 = 0.1521689971908927
Training loss on iteration 4000 = 0.14804742202395574
Training loss on iteration 4020 = 0.23217583793448285
Training loss on iteration 4040 = 0.15246674679219724
Training loss on iteration 4060 = 0.17601300843525677
Training loss on iteration 4080 = 0.25044356202706697
Training loss on iteration 4100 = 0.12213216554373503
Training loss on iteration 4120 = 0.28287873878143727
Training loss on iteration 4140 = 0.13948247749358417
Training loss on iteration 4160 = 0.11926969746127725
Training loss on iteration 4180 = 0.08563985679065808
Training loss on iteration 4200 = 0.09663990058470517
Training loss on iteration 4220 = 0.10667781343217939
Training loss on iteration 4240 = 0.15807761463802308
Training loss on iteration 4260 = 0.21435323702171444
Training loss on iteration 4280 = 0.15692692412994802
Training loss on iteration 4300 = 0.11906475974246859
Training loss on iteration 4320 = 0.14250388401560485
Training loss on iteration 4340 = 0.22495896853506564
Training loss on iteration 4360 = 0.13822764293290674
Training loss on iteration 4380 = 0.25346382942516354
Training loss on iteration 4400 = 0.17740118799265475
Training loss on iteration 4420 = 0.27620600988157096
Training loss on iteration 4440 = 0.2804405260598287
Training loss on iteration 4460 = 0.10481583261862397
Training loss on iteration 4480 = 0.19339380161836744
Training loss on iteration 4500 = 0.20697034378536044
Training loss on iteration 4520 = 0.26397255919873713
Training loss on iteration 4540 = 0.2538086611777544
Training loss on iteration 4560 = 0.12368392553180456
Training loss on iteration 4580 = 0.2960958718787879
Training loss on iteration 4600 = 0.19435381265357138
Training loss on iteration 4620 = 0.19225303847342728
Training loss on iteration 4640 = 0.1834840155672282
Training loss on iteration 4660 = 0.13177985658403485
Training loss on iteration 4680 = 0.21722782962024212
Training loss on iteration 4700 = 0.2705680200830102
Training loss on iteration 4720 = 0.11468732226639985
Training loss on iteration 4740 = 0.1395382413174957
Training loss on iteration 4760 = 0.12165681067854166
Training loss on iteration 4780 = 0.19054188448935747
Training loss on iteration 4800 = 0.19399604368954898
Training loss on iteration 4820 = 0.17086129379458725
Training loss on iteration 4840 = 0.15470620756968856
Training loss on iteration 4860 = 0.15797848431393505
Training loss on iteration 4880 = 0.2830631413031369
Training loss on iteration 4900 = 0.20110854525119065
Training loss on iteration 4920 = 0.23299710564315318
Training loss on iteration 4940 = 0.15928478414425626
Training loss on iteration 4960 = 0.14870788832195103
Training loss on iteration 4980 = 0.10495339105837047
Training loss on iteration 5000 = 0.1345464402344078
Training loss on iteration 5020 = 0.12541057667694985
Training loss on iteration 5040 = 0.14426057893433608
Training loss on iteration 5060 = 0.28991522307042034
Training loss on iteration 5080 = 0.40930182076990607
Training loss on iteration 5100 = 0.19419627282768487
Training loss on iteration 5120 = 0.24295740448869765
Training loss on iteration 5140 = 0.48892821464687586
Training loss on iteration 5160 = 0.5002201601862908
Training loss on iteration 5180 = 0.275381676107645
Training loss on iteration 5200 = 0.16001772778108717
Training loss on iteration 5220 = 0.26160711590200664
Training loss on iteration 5240 = 0.18162223566323518
Training loss on iteration 5260 = 0.12771934510674327
Training loss on iteration 5280 = 0.19195353491231798
Training loss on iteration 5300 = 0.27045357497408984
Training loss on iteration 5320 = 0.20423787422478198
Training loss on iteration 5340 = 0.2063887017313391
Training loss on iteration 5360 = 0.11894842036999762
Training loss on iteration 5380 = 0.18842851910740138
Training loss on iteration 5400 = 0.2360898439772427
Training loss on iteration 5420 = 0.31976417610421776
Training loss on iteration 5440 = 0.16613981304690242
Training loss on iteration 5460 = 0.12311507128179074
Training loss on iteration 5480 = 0.2234725604765117
Training loss on iteration 5500 = 0.1838052961975336
Training loss on iteration 5520 = 0.32841953141614794
Training loss on iteration 5540 = 0.263772378815338
Training loss on iteration 5560 = 0.4356142388656735
Training loss on iteration 5580 = 0.18345242347568275
Training loss on iteration 5600 = 0.38151402212679386
### EVAL:: Epoch 1:: Loss = 0.2589555174551392 :: ACC = 0.8729988285825849, AUC = 0.995867315441532, EER = 0.0266497461928934
Training on epoch 2
Training loss on iteration 0 = 0.42256197333335876
Training loss on iteration 20 = 0.2643404506146908
Training loss on iteration 40 = 0.28585897013545036
Training loss on iteration 60 = 0.26048367135226724
Training loss on iteration 80 = 0.1865577295422554
Training loss on iteration 100 = 0.20888691265136003
Training loss on iteration 120 = 0.38116224405821414
Training loss on iteration 140 = 0.3580485038459301
Training loss on iteration 160 = 0.2323551857843995
Training loss on iteration 180 = 0.21691172467544675
Training loss on iteration 200 = 0.1665356120094657
Training loss on iteration 220 = 0.16562205785885453
Training loss on iteration 240 = 0.18587877415120602
Training loss on iteration 260 = 0.21501478590071202
Training loss on iteration 280 = 0.21149344043806195
Training loss on iteration 300 = 0.257281403336674
Training loss on iteration 320 = 0.12494639535434544
Training loss on iteration 340 = 0.10312068781349808
Training loss on iteration 360 = 0.20906603746116162
Training loss on iteration 380 = 0.21128688943572344
Training loss on iteration 400 = 0.15408828388899565
Training loss on iteration 420 = 0.36120163584128023
Training loss on iteration 440 = 0.3666180742904544
Training loss on iteration 460 = 0.17752595944330096
Training loss on iteration 480 = 0.12910410407930611
Training loss on iteration 500 = 0.28461203183978795
Training loss on iteration 520 = 0.20882382821291684
Training loss on iteration 540 = 0.16669300375506282
Training loss on iteration 560 = 0.0956304703373462
Training loss on iteration 580 = 0.19915305199101568
Training loss on iteration 600 = 0.1395013409317471
Training loss on iteration 620 = 0.1061292621307075
Training loss on iteration 640 = 0.1171056741848588
Training loss on iteration 660 = 0.18002002676948906
Training loss on iteration 680 = 0.15819751457311212
Training loss on iteration 700 = 0.20470913173630834
Training loss on iteration 720 = 0.13199798970017582
Training loss on iteration 740 = 0.2895599196664989
Training loss on iteration 760 = 0.14066004834603518
Training loss on iteration 780 = 0.204508276283741
Training loss on iteration 800 = 0.15607702474808322
Training loss on iteration 820 = 0.23541149608790873
Training loss on iteration 840 = 0.2922007915563881
Training loss on iteration 860 = 0.1838578011840582
Training loss on iteration 880 = 0.08736218174453825
Training loss on iteration 900 = 0.12886848133057355
Training loss on iteration 920 = 0.13695199973881245
Training loss on iteration 940 = 0.15771143983583896
Training loss on iteration 960 = 0.3378418299369514
Training loss on iteration 980 = 0.15543760494329034
Training loss on iteration 1000 = 0.09739184495992959
Training loss on iteration 1020 = 0.22902416579890997
Training loss on iteration 1040 = 0.28948161131702366
Training loss on iteration 1060 = 0.11382767944596708
Training loss on iteration 1080 = 0.2867889804765582
Training loss on iteration 1100 = 0.16411264901980757
Training loss on iteration 1120 = 0.0889600875787437
Training loss on iteration 1140 = 0.17118891184218227
Training loss on iteration 1160 = 0.2415878102183342
Training loss on iteration 1180 = 0.27828060192987325
Training loss on iteration 1200 = 0.18702523205429317
Training loss on iteration 1220 = 0.1376960389316082
Training loss on iteration 1240 = 0.16079926323145627
Training loss on iteration 1260 = 0.2281299146823585
Training loss on iteration 1280 = 0.19127381332218646
Training loss on iteration 1300 = 0.16444348003715276
Training loss on iteration 1320 = 0.16106293662451207
Training loss on iteration 1340 = 0.2403035031631589
Training loss on iteration 1360 = 0.17078176108188928
Training loss on iteration 1380 = 0.08855984925758094
Training loss on iteration 1400 = 0.15681951991282403
Training loss on iteration 1420 = 0.0932196986163035
Training loss on iteration 1440 = 0.103669120837003
Training loss on iteration 1460 = 0.17860320429317653
Training loss on iteration 1480 = 0.4128168383613229
Training loss on iteration 1500 = 0.17054388336837292
Training loss on iteration 1520 = 0.13510277550667524
Training loss on iteration 1540 = 0.36683679837733507
Training loss on iteration 1560 = 0.20133913569152356
Training loss on iteration 1580 = 0.21239927355200053
Training loss on iteration 1600 = 0.39441413767635825
Training loss on iteration 1620 = 0.2569515161216259
Training loss on iteration 1640 = 0.14916872847825288
Training loss on iteration 1660 = 0.2528350019827485
Training loss on iteration 1680 = 0.1428076285403222
Training loss on iteration 1700 = 0.07922481072600931
Training loss on iteration 1720 = 0.3077193595119752
Training loss on iteration 1740 = 0.11998251909390092
Training loss on iteration 1760 = 0.04459922593086958
Training loss on iteration 1780 = 0.13182128025218845
Training loss on iteration 1800 = 0.1135900632943958
Training loss on iteration 1820 = 0.1890203308314085
Training loss on iteration 1840 = 0.1678515181876719
Training loss on iteration 1860 = 0.1766647906973958
Training loss on iteration 1880 = 0.12651797393336892
Training loss on iteration 1900 = 0.22596491558942944
Training loss on iteration 1920 = 0.2616994300857186
Training loss on iteration 1940 = 0.34418935254216193
Training loss on iteration 1960 = 0.8712504535913468
Training loss on iteration 1980 = 0.5403506144881248
Training loss on iteration 2000 = 0.19704759446904063
Training loss on iteration 2020 = 0.1861721660941839
Training loss on iteration 2040 = 0.1644493445754051
Training loss on iteration 2060 = 0.1049373668152839
Training loss on iteration 2080 = 0.15280860736966134
Training loss on iteration 2100 = 0.2862849895842373
Training loss on iteration 2120 = 0.24828424425795675
Training loss on iteration 2140 = 0.1218502076342702
Training loss on iteration 2160 = 0.22772673149593176
Training loss on iteration 2180 = 0.11098761367611587
Training loss on iteration 2200 = 0.07378260572440923
Training loss on iteration 2220 = 0.09556249921442941
Training loss on iteration 2240 = 0.24858965380117298
Training loss on iteration 2260 = 0.26953411716967823
Training loss on iteration 2280 = 0.16953248158097267
Training loss on iteration 2300 = 0.160801483085379
Training loss on iteration 2320 = 0.254028723295778
Training loss on iteration 2340 = 0.20314385041128843
Training loss on iteration 2360 = 0.1842066847719252
Training loss on iteration 2380 = 0.15921490006148814
Training loss on iteration 2400 = 0.09549758471548557
Training loss on iteration 2420 = 0.09645302928984165
Training loss on iteration 2440 = 0.12747250269749202
Training loss on iteration 2460 = 0.11572187142446637
Training loss on iteration 2480 = 0.15718892463482917
Training loss on iteration 2500 = 0.32964938986115155
Training loss on iteration 2520 = 0.1639499444514513
Training loss on iteration 2540 = 0.1961529000662267
Training loss on iteration 2560 = 0.23497977696824818
Training loss on iteration 2580 = 0.24287599734961987
Training loss on iteration 2600 = 0.1739996430464089
Training loss on iteration 2620 = 0.1670340919867158
Training loss on iteration 2640 = 0.11669815992936491
Training loss on iteration 2660 = 0.13438957664184273
Training loss on iteration 2680 = 0.08488857238553464
Training loss on iteration 2700 = 0.1047275235876441
Training loss on iteration 2720 = 0.15328185891266913
Training loss on iteration 2740 = 0.09863449675031007
Training loss on iteration 2760 = 0.12972102263011037
Training loss on iteration 2780 = 0.21396600208245217
Training loss on iteration 2800 = 0.357331376185175
Training loss on iteration 2820 = 0.3073452152311802
Training loss on iteration 2840 = 0.19812277592718602
Training loss on iteration 2860 = 0.15730431340634823
Training loss on iteration 2880 = 0.46164813209325073
Training loss on iteration 2900 = 0.1910524569451809
Training loss on iteration 2920 = 0.33073549922555684
Training loss on iteration 2940 = 0.2671807733364403
Training loss on iteration 2960 = 0.1549942300654948
Training loss on iteration 2980 = 0.2642354175914079
Training loss on iteration 3000 = 0.5848609752953052
Training loss on iteration 3020 = 0.30126706287264826
Training loss on iteration 3040 = 0.23564154841005802
Training loss on iteration 3060 = 0.28949814569205046
Training loss on iteration 3080 = 0.3050448564812541
Training loss on iteration 3100 = 0.2767665199935436
Training loss on iteration 3120 = 0.25134418793022634
Training loss on iteration 3140 = 0.2799628717824817
Training loss on iteration 3160 = 0.14442471284419298
Training loss on iteration 3180 = 0.20283251339569688
Training loss on iteration 3200 = 0.22542271008715034
Training loss on iteration 3220 = 0.2246354087255895
Training loss on iteration 3240 = 0.19930672319605947
Training loss on iteration 3260 = 0.20973263001069425
Training loss on iteration 3280 = 0.11942227459512651
Training loss on iteration 3300 = 0.16279498231597245
Training loss on iteration 3320 = 0.23101575034670532
Training loss on iteration 3340 = 0.37843556529842315
Training loss on iteration 3360 = 0.21258811643347145
Training loss on iteration 3380 = 0.10190706443972886
Training loss on iteration 3400 = 0.1841656344709918
Training loss on iteration 3420 = 0.2578971641138196
Training loss on iteration 3440 = 0.27219963348470627
Training loss on iteration 3460 = 0.18340550865978003
Training loss on iteration 3480 = 0.23325695972889662
Training loss on iteration 3500 = 0.16605309499427676
Training loss on iteration 3520 = 0.3364305587485433
Training loss on iteration 3540 = 0.19313572077080607
Training loss on iteration 3560 = 0.28763129822909833
Training loss on iteration 3580 = 0.1704951971769333
Training loss on iteration 3600 = 0.13300240435637534
Training loss on iteration 3620 = 0.10351917641237378
Training loss on iteration 3640 = 0.1592556688003242
Training loss on iteration 3660 = 0.2181569030508399
Training loss on iteration 3680 = 0.24649681304581464
Training loss on iteration 3700 = 0.08844447894953192
Training loss on iteration 3720 = 0.14989424625819084
Training loss on iteration 3740 = 0.1501643824391067
Training loss on iteration 3760 = 0.2299676664173603
Training loss on iteration 3780 = 0.1705171877518296
Training loss on iteration 3800 = 0.13494196385145188
Training loss on iteration 3820 = 0.22963196518830956
Training loss on iteration 3840 = 0.0910021879710257
Training loss on iteration 3860 = 0.08269308024318889
Training loss on iteration 3880 = 0.1441581971012056
Training loss on iteration 3900 = 0.19379826476797463
Training loss on iteration 3920 = 0.17019806946627797
Training loss on iteration 3940 = 0.17858179253526033
Training loss on iteration 3960 = 0.1266604408621788
Training loss on iteration 3980 = 0.17647826382890344
Training loss on iteration 4000 = 0.13455839990638196
Training loss on iteration 4020 = 0.08911980409175158
Training loss on iteration 4040 = 0.20841438381467015
Training loss on iteration 4060 = 0.10217689159326256
Training loss on iteration 4080 = 0.17600235806312411
Training loss on iteration 4100 = 0.20700503611005844
Training loss on iteration 4120 = 0.0747913946339395
Training loss on iteration 4140 = 0.17941928741929586
Training loss on iteration 4160 = 0.15487838455010206
Training loss on iteration 4180 = 0.34658385985530915
Training loss on iteration 4200 = 0.18732358021661638
Training loss on iteration 4220 = 0.22804677495732903
Training loss on iteration 4240 = 0.24016951927915214
Training loss on iteration 4260 = 0.18066443931311368
Training loss on iteration 4280 = 0.1878100040834397
Training loss on iteration 4300 = 0.09233201071619987
Training loss on iteration 4320 = 0.057669111801078546
Training loss on iteration 4340 = 0.18913075160235165
Training loss on iteration 4360 = 0.19201746257022023
Training loss on iteration 4380 = 0.21432892885059118
Training loss on iteration 4400 = 0.13849283852614463
Training loss on iteration 4420 = 0.2125927943736315
Training loss on iteration 4440 = 0.11883351898286491
Training loss on iteration 4460 = 0.21931247068569065
Training loss on iteration 4480 = 0.1759842318482697
Training loss on iteration 4500 = 0.4382956323213875
Training loss on iteration 4520 = 0.21216012274380774
Training loss on iteration 4540 = 0.12378915632143617
Training loss on iteration 4560 = 0.1678703497396782
Training loss on iteration 4580 = 0.17584047284908594
Training loss on iteration 4600 = 0.14719822369515895
Training loss on iteration 4620 = 0.09923493834212423
Training loss on iteration 4640 = 0.15088659743778407
Training loss on iteration 4660 = 0.13052431668620557
Training loss on iteration 4680 = 0.08796160900965333
Training loss on iteration 4700 = 0.10356743281008676
Training loss on iteration 4720 = 0.10937152411788702
Training loss on iteration 4740 = 0.08974219514348078
Training loss on iteration 4760 = 0.17456011010508518
Training loss on iteration 4780 = 0.18834011657163502
Training loss on iteration 4800 = 0.11560616316273808
Training loss on iteration 4820 = 0.22439341684803366
Training loss on iteration 4840 = 0.15699600079096854
Training loss on iteration 4860 = 0.1517947875428945
Training loss on iteration 4880 = 0.15286119114607571
Training loss on iteration 4900 = 0.32558115776628255
Training loss on iteration 4920 = 0.18301428928971292
Training loss on iteration 4940 = 0.07254583020694554
Training loss on iteration 4960 = 0.06370187737047672
Training loss on iteration 4980 = 0.06420312051195651
Training loss on iteration 5000 = 0.07761982875235844
Training loss on iteration 5020 = 0.2127002978886594
Training loss on iteration 5040 = 0.4104581579566002
Training loss on iteration 5060 = 0.3695259746629745
Training loss on iteration 5080 = 0.2903757572174072
Training loss on iteration 5100 = 0.6042030053213239
Training loss on iteration 5120 = 0.5212344110012055
Training loss on iteration 5140 = 0.2851847825571895
Training loss on iteration 5160 = 0.14849733114242553
Training loss on iteration 5180 = 0.2177431672345847
Training loss on iteration 5200 = 0.19699748642742634
Training loss on iteration 5220 = 0.22919425880536437
Training loss on iteration 5240 = 0.20902490101289004
Training loss on iteration 5260 = 0.12979088276624678
Training loss on iteration 5280 = 0.16468151658773422
Training loss on iteration 5300 = 0.33507961304858325
Training loss on iteration 5320 = 0.4198952155187726
Training loss on iteration 5340 = 0.22042640764266253
Training loss on iteration 5360 = 0.11439094641245902
Training loss on iteration 5380 = 0.3371298676356673
Training loss on iteration 5400 = 0.1798619067762047
Training loss on iteration 5420 = 0.2171003955474589
Training loss on iteration 5440 = 0.13760988153517245
Training loss on iteration 5460 = 0.10983792110346258
Training loss on iteration 5480 = 0.17078035455197096
Training loss on iteration 5500 = 0.17225862450432033
Training loss on iteration 5520 = 0.18824317948892713
Training loss on iteration 5540 = 0.16055610328912734
Training loss on iteration 5560 = 0.15137386014685034
Training loss on iteration 5580 = 0.13580424287356435
Training loss on iteration 5600 = 0.14242201480083166
### EVAL:: Epoch 2:: Loss = 0.07310392390157101 :: ACC = 0.9766204607575166, AUC = 0.9969523593090788, EER = 0.024892620070285046
Training on epoch 3
Training loss on iteration 0 = 0.02274296246469021
Training loss on iteration 20 = 0.1782521704211831
Training loss on iteration 40 = 0.22187482048757373
Training loss on iteration 60 = 0.1725358371157199
Training loss on iteration 80 = 0.17001863308250903
Training loss on iteration 100 = 0.2055079758167267
Training loss on iteration 120 = 0.19183987828437238
Training loss on iteration 140 = 0.0970018977066502
Training loss on iteration 160 = 0.12280350413639099
Training loss on iteration 180 = 0.14718929363880306
Training loss on iteration 200 = 0.17416945546865464
Training loss on iteration 220 = 0.10234275516122579
Training loss on iteration 240 = 0.21677259793505071
Training loss on iteration 260 = 0.14574744147248567
Training loss on iteration 280 = 0.13470361155923455
Training loss on iteration 300 = 0.11490472918376327
Training loss on iteration 320 = 0.16775738243013621
Training loss on iteration 340 = 0.1245309968246147
Training loss on iteration 360 = 0.07710294602438808
Training loss on iteration 380 = 0.11904992831405252
Training loss on iteration 400 = 0.1618233320536092
Training loss on iteration 420 = 0.23003517016768454
Training loss on iteration 440 = 0.1922984825912863
Training loss on iteration 460 = 0.22942808968946338
Training loss on iteration 480 = 0.26490593710914256
Training loss on iteration 500 = 0.2383371338248253
Training loss on iteration 520 = 0.14121854482218624
Training loss on iteration 540 = 0.22698675421997905
Training loss on iteration 560 = 0.2176350419409573
Training loss on iteration 580 = 0.09762243572622538
Training loss on iteration 600 = 0.16533125664573162
Training loss on iteration 620 = 0.23653263940941543
Training loss on iteration 640 = 0.14259508331306278
Training loss on iteration 660 = 0.1426748014637269
Training loss on iteration 680 = 0.11573737809376325
Training loss on iteration 700 = 0.27107250881381334
Training loss on iteration 720 = 0.2774381985887885
Training loss on iteration 740 = 0.2382546503096819
Training loss on iteration 760 = 0.3217397263739258
Training loss on iteration 780 = 0.5481195270083845
Training loss on iteration 800 = 0.38997167721390724
Training loss on iteration 820 = 0.4591900401748717
Training loss on iteration 840 = 0.3625312724150717
Training loss on iteration 860 = 0.44335418650880454
Training loss on iteration 880 = 0.4511791840195656
Training loss on iteration 900 = 0.6560548543930054
Training loss on iteration 920 = 0.2577784236520529
Training loss on iteration 940 = 0.21197966421023012
Training loss on iteration 960 = 0.16733713806606829
Training loss on iteration 980 = 0.1781717963516712
Training loss on iteration 1000 = 0.23693055917974562
Training loss on iteration 1020 = 0.17327631348744035
Training loss on iteration 1040 = 0.18040016051381827
Training loss on iteration 1060 = 0.10377768229227513
Training loss on iteration 1080 = 0.23065294176340104
Training loss on iteration 1100 = 0.266203125519678
Training loss on iteration 1120 = 0.37525577247142794
Training loss on iteration 1140 = 0.3586549310944974
Training loss on iteration 1160 = 0.44149261601269246
Training loss on iteration 1180 = 0.15461558997631072
Training loss on iteration 1200 = 0.06623115113470704
Training loss on iteration 1220 = 0.14265903853811324
Training loss on iteration 1240 = 0.19101474983617664
Training loss on iteration 1260 = 0.13817911916412412
Training loss on iteration 1280 = 0.349793248064816
Training loss on iteration 1300 = 0.6212244361639023
Training loss on iteration 1320 = 0.32926280903629956
Training loss on iteration 1340 = 0.1998581205494702
Training loss on iteration 1360 = 0.31263784859329463
Training loss on iteration 1380 = 0.3012631246820092
Training loss on iteration 1400 = 0.37715474907308816
Training loss on iteration 1420 = 0.6976345151662826
Training loss on iteration 1440 = 0.3335212390869856
Training loss on iteration 1460 = 0.256501011364162
Training loss on iteration 1480 = 0.6015959236770868
Training loss on iteration 1500 = 0.26404670234769584
Training loss on iteration 1520 = 0.2734889004379511
Training loss on iteration 1540 = 0.3121984012424946
Training loss on iteration 1560 = 0.4330544739961624
Training loss on iteration 1580 = 0.2914643515832722
Training loss on iteration 1600 = 0.18833947740495205
Training loss on iteration 1620 = 0.22777083404362203
Training loss on iteration 1640 = 0.17369984779506922
Training loss on iteration 1660 = 0.3581567661836743
Training loss on iteration 1680 = 0.22321525774896145
Training loss on iteration 1700 = 0.2377456328831613
Training loss on iteration 1720 = 0.20164748132228852
Training loss on iteration 1740 = 0.1648912392091006
Training loss on iteration 1760 = 0.20259290765970944
Training loss on iteration 1780 = 0.19615733441896738
Training loss on iteration 1800 = 0.19376966841518878
Training loss on iteration 1820 = 0.31357656698673964
Training loss on iteration 1840 = 0.4261386442929506
Training loss on iteration 1860 = 0.2517764840275049
Training loss on iteration 1880 = 0.39581703320145606
Training loss on iteration 1900 = 0.35137097500264647
Training loss on iteration 1920 = 0.21167822144925594
Training loss on iteration 1940 = 0.4703006070107222
Training loss on iteration 1960 = 0.35579087771475315
Training loss on iteration 1980 = 0.2664560448378325
Training loss on iteration 2000 = 0.26088274642825127
Training loss on iteration 2020 = 0.13537934999912976
Training loss on iteration 2040 = 0.19484270424582065
Training loss on iteration 2060 = 0.19550667880102993
Training loss on iteration 2080 = 0.32205559238791465
Training loss on iteration 2100 = 0.31926254108548163
Training loss on iteration 2120 = 0.14253711849451065
Training loss on iteration 2140 = 0.27589841159060596
Training loss on iteration 2160 = 0.25308725209906696
Training loss on iteration 2180 = 0.08634520154446364
Training loss on iteration 2200 = 0.17754294250626118
Training loss on iteration 2220 = 0.20395626612007617
Training loss on iteration 2240 = 0.23958118557929992
Training loss on iteration 2260 = 0.2735515250824392
Training loss on iteration 2280 = 0.22021472556516528
Training loss on iteration 2300 = 0.28436140730045734
Training loss on iteration 2320 = 0.2824488215148449
Training loss on iteration 2340 = 0.24638334885239602
Training loss on iteration 2360 = 0.18231104547157884
Training loss on iteration 2380 = 0.1338797607459128
Training loss on iteration 2400 = 0.2195057224482298
Training loss on iteration 2420 = 0.13138939165510238
Training loss on iteration 2440 = 0.18592688711360097
Training loss on iteration 2460 = 0.21339925173670055
Training loss on iteration 2480 = 0.12586954459547997
Training loss on iteration 2500 = 0.185302751371637
Training loss on iteration 2520 = 0.09083680815529079
Training loss on iteration 2540 = 0.22284137923270464
Training loss on iteration 2560 = 0.2135043131187558
Training loss on iteration 2580 = 0.22027264260686935
Training loss on iteration 2600 = 0.10772576564922928
Training loss on iteration 2620 = 0.3018787816166878
Training loss on iteration 2640 = 0.36936258133500816
Training loss on iteration 2660 = 0.18764199307188392
Training loss on iteration 2680 = 0.16899408479221165
Training loss on iteration 2700 = 0.10015552234835923
Training loss on iteration 2720 = 0.22034213652368634
Training loss on iteration 2740 = 0.21602503033354878
Training loss on iteration 2760 = 0.1729193502571434
Training loss on iteration 2780 = 0.22085904362611472
Training loss on iteration 2800 = 0.23450631080195308
Training loss on iteration 2820 = 0.17305212579667567
Training loss on iteration 2840 = 0.11507325861603021
Training loss on iteration 2860 = 0.12540732957422734
Training loss on iteration 2880 = 0.1643850482068956
Training loss on iteration 2900 = 0.18367137571331113
Training loss on iteration 2920 = 0.15984616791829467
Training loss on iteration 2940 = 0.24678882169537247
Training loss on iteration 2960 = 0.33859656639397145
Training loss on iteration 2980 = 0.4179146588314325
Training loss on iteration 3000 = 0.2423774681519717
Training loss on iteration 3020 = 0.10383650730364025
Training loss on iteration 3040 = 0.1956798596889712
Training loss on iteration 3060 = 0.1361209698021412
Training loss on iteration 3080 = 0.2296060383785516
Training loss on iteration 3100 = 0.10621205633506178
Training loss on iteration 3120 = 0.2280467872042209
Training loss on iteration 3140 = 0.48911961931735276
Training loss on iteration 3160 = 0.261141748726368
Training loss on iteration 3180 = 0.16478343517519534
Training loss on iteration 3200 = 0.1907884268090129
Training loss on iteration 3220 = 0.128273784276098
Training loss on iteration 3240 = 0.3274898998439312
Training loss on iteration 3260 = 0.26457034561317416
Training loss on iteration 3280 = 0.10355273160384967
Training loss on iteration 3300 = 0.13038272543344648
Training loss on iteration 3320 = 0.2812290565110743
Training loss on iteration 3340 = 0.12809948960784823
Training loss on iteration 3360 = 0.18529798190575092
Training loss on iteration 3380 = 0.12130589983426035
Training loss on iteration 3400 = 0.1670242728665471
Training loss on iteration 3420 = 0.21513525084592403
Training loss on iteration 3440 = 0.20427513434551656
Training loss on iteration 3460 = 0.20104144234210253
Training loss on iteration 3480 = 0.07586826919578016
Training loss on iteration 3500 = 0.23723016432486474
Training loss on iteration 3520 = 0.0868993852287531
Training loss on iteration 3540 = 0.15930763664655387
Training loss on iteration 3560 = 0.36534324660897255
Training loss on iteration 3580 = 0.25759354112669824
Training loss on iteration 3600 = 0.25228309649974107
Training loss on iteration 3620 = 0.1748725429177284
Training loss on iteration 3640 = 0.1690462260507047
Training loss on iteration 3660 = 0.39725270960479975
Training loss on iteration 3680 = 0.5771091051399708
Training loss on iteration 3700 = 0.43754512798041106
Training loss on iteration 3720 = 0.35571508556604386
Training loss on iteration 3740 = 0.24947727471590042
Training loss on iteration 3760 = 0.378858488611877
Training loss on iteration 3780 = 0.19764722660183906
Training loss on iteration 3800 = 0.17046511452645063
Training loss on iteration 3820 = 0.2872937196865678
Training loss on iteration 3840 = 0.18657735206652432
Training loss on iteration 3860 = 0.23548049677629024
Training loss on iteration 3880 = 0.11743529653176665
Training loss on iteration 3900 = 0.15344352694228292
Training loss on iteration 3920 = 0.34630479239858686
Training loss on iteration 3940 = 0.1963920909911394
Training loss on iteration 3960 = 0.16730411974713205
Training loss on iteration 3980 = 0.2635826049838215
Training loss on iteration 4000 = 0.23153965678066016
Training loss on iteration 4020 = 0.36821060054935517
Training loss on iteration 4040 = 0.3026340022683144
Training loss on iteration 4060 = 0.288190845400095
Training loss on iteration 4080 = 0.14544907296076418
Training loss on iteration 4100 = 0.1916181243257597
Training loss on iteration 4120 = 0.18884539653081447
Training loss on iteration 4140 = 0.21442627310752868
Training loss on iteration 4160 = 0.21469409400597214
Training loss on iteration 4180 = 0.243740679230541
Training loss on iteration 4200 = 0.16402791030704975
Training loss on iteration 4220 = 0.1859246409498155
Training loss on iteration 4240 = 0.29179094749270007
Training loss on iteration 4260 = 0.14421925842761993
Training loss on iteration 4280 = 0.09085171758197248
Training loss on iteration 4300 = 0.17253954731859267
Training loss on iteration 4320 = 0.1598863649647683
Training loss on iteration 4340 = 0.30469474678393454
Training loss on iteration 4360 = 0.31027699932456015
Training loss on iteration 4380 = 0.22292828541249038
Training loss on iteration 4400 = 0.15800293385982514
Training loss on iteration 4420 = 0.3074097841978073
Training loss on iteration 4440 = 0.3032355668954551
Training loss on iteration 4460 = 0.3952949947211891
Training loss on iteration 4480 = 0.17523824144154787
Training loss on iteration 4500 = 0.16084237433969975
Training loss on iteration 4520 = 0.1553777179447934
Training loss on iteration 4540 = 0.23245059000328183
Training loss on iteration 4560 = 0.1305600142572075
Training loss on iteration 4580 = 0.14001642521470786
Training loss on iteration 4600 = 0.13427564430749045
Training loss on iteration 4620 = 0.12805939168902114
Training loss on iteration 4640 = 0.270578412245959
Training loss on iteration 4660 = 0.21645455211400985
Training loss on iteration 4680 = 0.16471879598684608
Training loss on iteration 4700 = 0.1870867423596792
Training loss on iteration 4720 = 0.1678938228171319
Training loss on iteration 4740 = 0.16045820387080312
Training loss on iteration 4760 = 0.11564884772524238
Training loss on iteration 4780 = 0.09095142934238538
Training loss on iteration 4800 = 0.21984227430075406
Training loss on iteration 4820 = 0.22628964339382945
Training loss on iteration 4840 = 0.08322805395000614
Training loss on iteration 4860 = 0.2107079550391063
Training loss on iteration 4880 = 0.1501547336578369
Training loss on iteration 4900 = 0.18666259627789258
Training loss on iteration 4920 = 0.1972664755769074
Training loss on iteration 4940 = 0.1530941987875849
Training loss on iteration 4960 = 0.12742821932770312
Training loss on iteration 4980 = 0.12205967712216079
Training loss on iteration 5000 = 0.28176428815349935
Training loss on iteration 5020 = 0.2567628677934408
Training loss on iteration 5040 = 0.13834029301069678
Training loss on iteration 5060 = 0.14131873238366097
Training loss on iteration 5080 = 0.17219840744510292
Training loss on iteration 5100 = 0.30628158077597617
Training loss on iteration 5120 = 0.2784608750604093
Training loss on iteration 5140 = 0.17299446780234576
Training loss on iteration 5160 = 0.36501098023727535
Training loss on iteration 5180 = 0.1805678559932858
Training loss on iteration 5200 = 0.28290845558512956
Training loss on iteration 5220 = 0.22361810905858875
Training loss on iteration 5240 = 0.30630878563970326
Training loss on iteration 5260 = 0.18349378202110528
Training loss on iteration 5280 = 0.11136583054903895
Training loss on iteration 5300 = 0.3244766488671303
Training loss on iteration 5320 = 0.3589365888386965
Training loss on iteration 5340 = 0.24010063521564007
Training loss on iteration 5360 = 0.07879959772108122
Training loss on iteration 5380 = 0.20319004179909825
Training loss on iteration 5400 = 0.1442309956997633
Training loss on iteration 5420 = 0.20749557442031802
Training loss on iteration 5440 = 0.1005719288252294
Training loss on iteration 5460 = 0.11602341395337135
Training loss on iteration 5480 = 0.10808084749151022
Training loss on iteration 5500 = 0.0874085312243551
Training loss on iteration 5520 = 0.1574705518083647
Training loss on iteration 5540 = 0.14902408234775066
Training loss on iteration 5560 = 0.20768484761356376
Training loss on iteration 5580 = 0.2769349141977727
Training loss on iteration 5600 = 0.1810443968512118
### EVAL:: Epoch 3:: Loss = 0.07698373064878176 :: ACC = 0.9758883248730964, AUC = 0.9952239258995771, EER = 0.03416634127294026
Training on epoch 4
Training loss on iteration 0 = 0.08071087300777435
Training loss on iteration 20 = 0.11311149219982326
Training loss on iteration 40 = 0.12522998063359408
Training loss on iteration 60 = 0.07533950223587453
Training loss on iteration 80 = 0.16656355666927994
Training loss on iteration 100 = 0.10148741449229419
Training loss on iteration 120 = 0.13463303907774388
Training loss on iteration 140 = 0.14161759256967343
Training loss on iteration 160 = 0.19745765912812202
Training loss on iteration 180 = 0.29189529940485953
Training loss on iteration 200 = 0.22949249944649636
Training loss on iteration 220 = 0.21988515658304095
Training loss on iteration 240 = 0.17654379149898886
Training loss on iteration 260 = 0.44276886004954574
Training loss on iteration 280 = 0.1913658231496811
Training loss on iteration 300 = 0.13099211296066643
Training loss on iteration 320 = 0.6113852337934077
Training loss on iteration 340 = 0.3098115275148302
Training loss on iteration 360 = 0.2133609746117145
Training loss on iteration 380 = 0.23688693477306516
Training loss on iteration 400 = 0.46685422183945774
Training loss on iteration 420 = 0.2756571970880032
Training loss on iteration 440 = 0.15124073922634124
Training loss on iteration 460 = 0.18226127377711238
Training loss on iteration 480 = 0.18269188480917364
Training loss on iteration 500 = 0.3632228679023683
Training loss on iteration 520 = 0.17658926479052753
Training loss on iteration 540 = 0.20750494566746056
Training loss on iteration 560 = 0.16418531378731133
Training loss on iteration 580 = 0.2773275822401047
Training loss on iteration 600 = 0.10801212834194303
Training loss on iteration 620 = 0.19194628950208426
Training loss on iteration 640 = 0.27530833780765535
Training loss on iteration 660 = 0.1791734502185136
Training loss on iteration 680 = 0.19530189782381058
Training loss on iteration 700 = 0.15159308032598345
Training loss on iteration 720 = 0.2573871040251106
Training loss on iteration 740 = 0.29418611340224743
Training loss on iteration 760 = 0.11291827000677586
Training loss on iteration 780 = 0.1935978763154708
Training loss on iteration 800 = 0.3783332016086206
Training loss on iteration 820 = 0.25205768453888594
Training loss on iteration 840 = 0.17506673200405204
Training loss on iteration 860 = 0.15113529900554568
Training loss on iteration 880 = 0.09246977364527993
Training loss on iteration 900 = 0.17873051912756638
Training loss on iteration 920 = 0.16880572135560215
Training loss on iteration 940 = 0.16408589323982598
Training loss on iteration 960 = 0.2077502580359578
Training loss on iteration 980 = 0.14862674893811345
Training loss on iteration 1000 = 0.1412229581736028
Training loss on iteration 1020 = 0.13764015689957887
Training loss on iteration 1040 = 0.17866251014638693
Training loss on iteration 1060 = 0.15549172351602464
Training loss on iteration 1080 = 0.11224757299060002
Training loss on iteration 1100 = 0.198816257819999
Training loss on iteration 1120 = 0.12304212641902268
Training loss on iteration 1140 = 0.17909415264148265
Training loss on iteration 1160 = 0.10861963033676147
Training loss on iteration 1180 = 0.1994911389425397
Training loss on iteration 1200 = 0.2715416909661144
Training loss on iteration 1220 = 0.24457114664837717
Training loss on iteration 1240 = 0.3095353225246072
Training loss on iteration 1260 = 0.20188571820035578
Training loss on iteration 1280 = 0.20448867566883563
Training loss on iteration 1300 = 0.14617143487557768
Training loss on iteration 1320 = 0.336197768105194
Training loss on iteration 1340 = 0.1584855536930263
Training loss on iteration 1360 = 0.28449351391755046
Training loss on iteration 1380 = 0.2939417132176459
Training loss on iteration 1400 = 0.4063866509124637
Training loss on iteration 1420 = 0.25495148058980704
Training loss on iteration 1440 = 0.2883329579839483
Training loss on iteration 1460 = 0.268363373214379
Training loss on iteration 1480 = 0.18006465770304203
Training loss on iteration 1500 = 0.19254738199524582
Training loss on iteration 1520 = 0.3420313791371882
Training loss on iteration 1540 = 0.2263682491146028
Training loss on iteration 1560 = 0.1591393407434225
Training loss on iteration 1580 = 0.08666463072877377
Training loss on iteration 1600 = 0.12763543003238736
Training loss on iteration 1620 = 0.2018338715657592
Training loss on iteration 1640 = 0.10207620495930314
Training loss on iteration 1660 = 0.2743751347064972
Training loss on iteration 1680 = 0.09627857469022275
Training loss on iteration 1700 = 0.29038835206301883
Training loss on iteration 1720 = 0.3842799453064799
Training loss on iteration 1740 = 0.18188038524240255
Training loss on iteration 1760 = 0.08895001267082989
Training loss on iteration 1780 = 0.2326005719602108
Training loss on iteration 1800 = 0.19818522371351718
Training loss on iteration 1820 = 0.1097022992093116
Training loss on iteration 1840 = 0.21781027372926473
Training loss on iteration 1860 = 0.15790872151846996
Training loss on iteration 1880 = 0.26378103378228845
Training loss on iteration 1900 = 0.09979323912411928
Training loss on iteration 1920 = 0.1446002264507115
Training loss on iteration 1940 = 0.14325824840925633
Training loss on iteration 1960 = 0.1413766735466197
Training loss on iteration 1980 = 0.10701161595061422
Training loss on iteration 2000 = 0.0918084935110528
Training loss on iteration 2020 = 0.14033837061142548
Training loss on iteration 2040 = 0.2538860760629177
Training loss on iteration 2060 = 0.2602441865950823
Training loss on iteration 2080 = 0.23460730765946208
Training loss on iteration 2100 = 0.18412492643110454
Training loss on iteration 2120 = 0.1279035171493888
Training loss on iteration 2140 = 0.16452276865020393
Training loss on iteration 2160 = 0.11157314660958946
Training loss on iteration 2180 = 0.06755380461690948
Training loss on iteration 2200 = 0.12880841495934875
Training loss on iteration 2220 = 0.13525647230562754
Training loss on iteration 2240 = 0.340459493920207
Training loss on iteration 2260 = 0.14831302561797202
Training loss on iteration 2280 = 0.19549552861717528
Training loss on iteration 2300 = 0.16997045879252254
Training loss on iteration 2320 = 0.13627246065880172
Training loss on iteration 2340 = 0.145982186391484
Training loss on iteration 2360 = 0.15513722454197704
Training loss on iteration 2380 = 0.14968748579267413
Training loss on iteration 2400 = 0.16100000486476346
Training loss on iteration 2420 = 0.2175817898940295
Training loss on iteration 2440 = 0.20907330572081265
Training loss on iteration 2460 = 0.387504593655467
Training loss on iteration 2480 = 0.15023831019643694
Training loss on iteration 2500 = 0.13127523502334953
Training loss on iteration 2520 = 0.11710083273937925
Training loss on iteration 2540 = 0.12345459603238851
Training loss on iteration 2560 = 0.32209441531449556
Training loss on iteration 2580 = 0.13103223983198403
Training loss on iteration 2600 = 0.02084691928466782
Training loss on iteration 2620 = 0.17194433718541405
Training loss on iteration 2640 = 0.15119970892556012
Training loss on iteration 2660 = 0.11600329601205886
Training loss on iteration 2680 = 0.14192456118762492
Training loss on iteration 2700 = 0.28403633143752816
Training loss on iteration 2720 = 0.19187949504703283
Training loss on iteration 2740 = 0.17971278403420002
Training loss on iteration 2760 = 0.19069000012241305
Training loss on iteration 2780 = 0.18170194397680461
Training loss on iteration 2800 = 0.24794141128659247
Training loss on iteration 2820 = 0.3525600815191865
Training loss on iteration 2840 = 0.18295172061771153
Training loss on iteration 2860 = 0.5427972814824897
Training loss on iteration 2880 = 0.1810907071456313
Training loss on iteration 2900 = 0.12609676222782581
Training loss on iteration 2920 = 0.13705548586440272
Training loss on iteration 2940 = 0.19241897747851908
Training loss on iteration 2960 = 0.1415347944246605
Training loss on iteration 2980 = 0.15097612922545522
Training loss on iteration 3000 = 0.15255712219513953
Training loss on iteration 3020 = 0.19051499385386705
Training loss on iteration 3040 = 0.19327528306748717
Training loss on iteration 3060 = 0.12462839807849377
Training loss on iteration 3080 = 0.24573398127686233
Training loss on iteration 3100 = 0.22705357968807222
Training loss on iteration 3120 = 0.17818617089651526
Training loss on iteration 3140 = 0.2288991458248347
Training loss on iteration 3160 = 0.1510641673114151
Training loss on iteration 3180 = 0.08275358385872096
Training loss on iteration 3200 = 0.14209779042284937
Training loss on iteration 3220 = 0.1638644165825099
Training loss on iteration 3240 = 0.27432182552292944
Training loss on iteration 3260 = 0.27524528484791516
Training loss on iteration 3280 = 0.251327819772996
Training loss on iteration 3300 = 0.23079705769196152
Training loss on iteration 3320 = 0.17598914466798304
Training loss on iteration 3340 = 0.15542011484503745
Training loss on iteration 3360 = 0.1134192485595122
Training loss on iteration 3380 = 0.27010742044076325
Training loss on iteration 3400 = 0.2534417419694364
Training loss on iteration 3420 = 0.14244561628438532
Training loss on iteration 3440 = 0.1273283703252673
Training loss on iteration 3460 = 0.13714047558605671
Training loss on iteration 3480 = 0.2979540254571475
Training loss on iteration 3500 = 0.10402851873077452
Training loss on iteration 3520 = 0.07532214564271271
Training loss on iteration 3540 = 0.141943346435437
Training loss on iteration 3560 = 0.25636178529821335
Training loss on iteration 3580 = 0.14159258757717907
Training loss on iteration 3600 = 0.15463914245483465
Training loss on iteration 3620 = 0.14130891766399145
Training loss on iteration 3640 = 0.1515772202750668
Training loss on iteration 3660 = 0.35201043765991924
Training loss on iteration 3680 = 0.167646081186831
Training loss on iteration 3700 = 0.15662721019471065
Training loss on iteration 3720 = 0.16645701124798506
Training loss on iteration 3740 = 0.2842809982597828
Training loss on iteration 3760 = 0.23052440490573645
Training loss on iteration 3780 = 0.21573322983458637
Training loss on iteration 3800 = 0.09505027361446991
Training loss on iteration 3820 = 0.39644466880708934
Training loss on iteration 3840 = 0.3191479771398008
Training loss on iteration 3860 = 0.196892006136477
Training loss on iteration 3880 = 0.15880000488832594
Training loss on iteration 3900 = 0.10748477347660809
Training loss on iteration 3920 = 0.23346033142879605
Training loss on iteration 3940 = 0.22280473522841931
Training loss on iteration 3960 = 0.1709577031666413
Training loss on iteration 3980 = 0.12809821059927345
Training loss on iteration 4000 = 0.0958447998156771
Training loss on iteration 4020 = 0.2666522376588546
Training loss on iteration 4040 = 0.29791451995261015
Training loss on iteration 4060 = 0.19000993557274343
Training loss on iteration 4080 = 0.1144427506485954
Training loss on iteration 4100 = 0.2884565141052008
Training loss on iteration 4120 = 0.18994913045316936
Training loss on iteration 4140 = 0.12351254634559154
Training loss on iteration 4160 = 0.2081806263886392
Training loss on iteration 4180 = 0.2144330140668899
Training loss on iteration 4200 = 0.08794157258234918
Training loss on iteration 4220 = 0.2341012866701931
Training loss on iteration 4240 = 0.13556699305772782
Training loss on iteration 4260 = 0.14402243117801844
Training loss on iteration 4280 = 0.08689356571994722
Training loss on iteration 4300 = 0.12006079880520701
Training loss on iteration 4320 = 0.18104724660515786
Training loss on iteration 4340 = 0.23407848211936652
Training loss on iteration 4360 = 0.25595266092568636
Training loss on iteration 4380 = 0.09312397642061114
Training loss on iteration 4400 = 0.1022686846437864
Training loss on iteration 4420 = 0.29937639107229186
Training loss on iteration 4440 = 0.17636953199980782
Training loss on iteration 4460 = 0.31788900271058085
Training loss on iteration 4480 = 0.27296863389201464
Training loss on iteration 4500 = 0.14432629402726888
Training loss on iteration 4520 = 0.16544079962186514
Training loss on iteration 4540 = 0.15234702005982398
Training loss on iteration 4560 = 0.24880211604759098
Training loss on iteration 4580 = 0.19648755863308906
Training loss on iteration 4600 = 0.1989865167066455
Training loss on iteration 4620 = 0.17242752122692764
Training loss on iteration 4640 = 0.17887967405840755
Training loss on iteration 4660 = 0.3212973698042333
Training loss on iteration 4680 = 0.32771538142114875
Training loss on iteration 4700 = 0.15212555397301913
Training loss on iteration 4720 = 0.1777647995389998
Training loss on iteration 4740 = 0.6177366513875313
Training loss on iteration 4760 = 0.3721714119426906
Training loss on iteration 4780 = 0.2794354558223858
Training loss on iteration 4800 = 0.1816687358543277
Training loss on iteration 4820 = 0.2050370691344142
Training loss on iteration 4840 = 0.10122944572940469
Training loss on iteration 4860 = 0.11879786776844412
Training loss on iteration 4880 = 0.1324494676431641
Training loss on iteration 4900 = 0.1682480236515403
Training loss on iteration 4920 = 0.12383849534671754
Training loss on iteration 4940 = 0.07582038822583854
Training loss on iteration 4960 = 0.22251798827201127
Training loss on iteration 4980 = 0.17033439832739533
Training loss on iteration 5000 = 0.050991477497154845
Training loss on iteration 5020 = 0.2894603590713814
Training loss on iteration 5040 = 0.32443243321031334
Training loss on iteration 5060 = 0.11829665107652546
Training loss on iteration 5080 = 0.17789993550395594
Training loss on iteration 5100 = 0.1117378177237697
Training loss on iteration 5120 = 0.26456701252609494
Training loss on iteration 5140 = 0.15471166679635645
Training loss on iteration 5160 = 0.10050569865852595
Training loss on iteration 5180 = 0.08864233955973759
Training loss on iteration 5200 = 0.1142385371029377
Training loss on iteration 5220 = 0.15334805025486276
Training loss on iteration 5240 = 0.2325723768561147
Training loss on iteration 5260 = 0.1346369049977511
Training loss on iteration 5280 = 0.14053502748720348
Training loss on iteration 5300 = 0.16640483597293496
Training loss on iteration 5320 = 0.14401205866597594
Training loss on iteration 5340 = 0.08400676770834252
Training loss on iteration 5360 = 0.14353766803396867
Training loss on iteration 5380 = 0.09134481770452112
Training loss on iteration 5400 = 0.11619337123411241
Training loss on iteration 5420 = 0.1719744965666905
Training loss on iteration 5440 = 0.11575996296014637
Training loss on iteration 5460 = 0.1843586373026483
Training loss on iteration 5480 = 0.1764682041015476
Training loss on iteration 5500 = 0.09391688881441951
Training loss on iteration 5520 = 0.13504796382039785
Training loss on iteration 5540 = 0.16367563102394342
Training loss on iteration 5560 = 0.1515652948990464
Training loss on iteration 5580 = 0.16659914469346404
Training loss on iteration 5600 = 0.3039867273240816
### EVAL:: Epoch 4:: Loss = 0.12862016874074159 :: ACC = 0.9653455681374463, AUC = 0.9939780846753506, EER = 0.03201874267864115
Training on epoch 5
Training loss on iteration 0 = 0.16228395700454712
Training loss on iteration 20 = 0.31395086254924537
Training loss on iteration 40 = 0.1339132312685251
Training loss on iteration 60 = 0.29128906740807
Training loss on iteration 80 = 0.10705066940281541
Training loss on iteration 100 = 0.22466713960748166
Training loss on iteration 120 = 0.15100206164643168
Training loss on iteration 140 = 0.1878253346774727
Training loss on iteration 160 = 0.16166183336172252
Training loss on iteration 180 = 0.10657612601062283
Training loss on iteration 200 = 0.1583822533953935
Training loss on iteration 220 = 0.14880652814754286
Training loss on iteration 240 = 0.6414529381552712
Training loss on iteration 260 = 0.27232770193368194
Training loss on iteration 280 = 0.14466996729024686
Training loss on iteration 300 = 0.2678919211728498
Training loss on iteration 320 = 0.3281220141798258
Training loss on iteration 340 = 0.34744141399860384
Training loss on iteration 360 = 0.3188481343910098
Training loss on iteration 380 = 0.24949925988912583
Training loss on iteration 400 = 0.13517629059497266
Training loss on iteration 420 = 0.2566848576068878
Training loss on iteration 440 = 0.22325656581670045
Training loss on iteration 460 = 0.13304644613526762
Training loss on iteration 480 = 0.22316257655620575
Training loss on iteration 500 = 0.25480401441454886
Training loss on iteration 520 = 0.207037062686868
Training loss on iteration 540 = 0.11890420811250806
Training loss on iteration 560 = 0.23634016674477606
Training loss on iteration 580 = 0.31315180347301064
Training loss on iteration 600 = 0.11237556418927852
Training loss on iteration 620 = 0.1537442126311362
Training loss on iteration 640 = 0.1825827544205822
Training loss on iteration 660 = 0.11669698096811772
Training loss on iteration 680 = 0.284312006412074
Training loss on iteration 700 = 0.2751798008568585
Training loss on iteration 720 = 0.18495214122813194
Training loss on iteration 740 = 0.17952376725152136
Training loss on iteration 760 = 0.24100972835440188
Training loss on iteration 780 = 0.25885791345499454
Training loss on iteration 800 = 0.12649392494931816
Training loss on iteration 820 = 0.1735455750487745
Training loss on iteration 840 = 0.14653567932546138
Training loss on iteration 860 = 0.22612845636904239
Training loss on iteration 880 = 0.13478472596034408
Training loss on iteration 900 = 0.1812423225492239
Training loss on iteration 920 = 0.1696486670174636
Training loss on iteration 940 = 0.1919299765606411
Training loss on iteration 960 = 0.1994937701150775
Training loss on iteration 980 = 0.17597911600023508
Training loss on iteration 1000 = 0.16615932330023497
Training loss on iteration 1020 = 0.12526390184648334
Training loss on iteration 1040 = 0.16627246853895486
Training loss on iteration 1060 = 0.14340453032637016
Training loss on iteration 1080 = 0.22647912008687854
Training loss on iteration 1100 = 0.28967416463419793
Training loss on iteration 1120 = 0.16925589501624927
Training loss on iteration 1140 = 0.3401566141750664
Training loss on iteration 1160 = 0.19098953176289796
Training loss on iteration 1180 = 0.16145904175937176
Training loss on iteration 1200 = 0.24025084543973207
Training loss on iteration 1220 = 0.17949455324560404
Training loss on iteration 1240 = 0.1763392879627645
Training loss on iteration 1260 = 0.15060636433772742
Training loss on iteration 1280 = 0.1987879005027935
Training loss on iteration 1300 = 0.18380472669377923
Training loss on iteration 1320 = 0.24341831072233616
Training loss on iteration 1340 = 0.17907093111425637
Training loss on iteration 1360 = 0.19819565350189805
Training loss on iteration 1380 = 0.1439338244497776
Training loss on iteration 1400 = 0.13429994389880448
Training loss on iteration 1420 = 0.17415183511911891
Training loss on iteration 1440 = 0.1683644348755479
Training loss on iteration 1460 = 0.1891510055400431
Training loss on iteration 1480 = 0.1771456385497004
Training loss on iteration 1500 = 0.24992832969874143
Training loss on iteration 1520 = 0.14903479132335634
Training loss on iteration 1540 = 0.37225063795922325
Training loss on iteration 1560 = 0.17207632921636104
Training loss on iteration 1580 = 0.13119921477045865
Training loss on iteration 1600 = 0.2885411183349788
Training loss on iteration 1620 = 0.15969392757397144
Training loss on iteration 1640 = 0.19698082990944385
Training loss on iteration 1660 = 0.2586971067124978
Training loss on iteration 1680 = 0.15095270094461738
Training loss on iteration 1700 = 0.13889623137656598
Training loss on iteration 1720 = 0.1577202544314787
Training loss on iteration 1740 = 0.17819707517046482
Training loss on iteration 1760 = 0.1380214360076934
Training loss on iteration 1780 = 0.12928435773355887
Training loss on iteration 1800 = 0.3208748980658129
Training loss on iteration 1820 = 0.17217105145100503
Training loss on iteration 1840 = 0.09031941086868756
Training loss on iteration 1860 = 0.12416914242785423
Training loss on iteration 1880 = 0.40928005024325104
Training loss on iteration 1900 = 0.18234534598886967
Training loss on iteration 1920 = 0.18816139881964772
Training loss on iteration 1940 = 0.16526797078549862
Training loss on iteration 1960 = 0.18315529531682842
Training loss on iteration 1980 = 0.13413078910671175
Training loss on iteration 2000 = 0.2042060660198331
Training loss on iteration 2020 = 0.17274629801977426
Training loss on iteration 2040 = 0.1765518413623795
Training loss on iteration 2060 = 0.19211349128745497
Training loss on iteration 2080 = 0.20487699038349091
Training loss on iteration 2100 = 0.18608017591759562
Training loss on iteration 2120 = 0.16800657140556724
Training loss on iteration 2140 = 0.14470525910146534
Training loss on iteration 2160 = 0.1433334445115179
Training loss on iteration 2180 = 0.20539288010913878
Training loss on iteration 2200 = 0.12730038994923235
Training loss on iteration 2220 = 0.1571686531882733
Training loss on iteration 2240 = 0.2163202424533665
Training loss on iteration 2260 = 0.27081553894095123
Training loss on iteration 2280 = 0.20896201967261732
Training loss on iteration 2300 = 0.24295050986111164
Training loss on iteration 2320 = 0.2968802824616432
Training loss on iteration 2340 = 0.5318810534663498
Training loss on iteration 2360 = 0.1670978106558323
Training loss on iteration 2380 = 0.25790662453509866
Training loss on iteration 2400 = 0.1376802680082619
Training loss on iteration 2420 = 0.30219864267855884
Training loss on iteration 2440 = 0.1667472615838051
Training loss on iteration 2460 = 0.21122575215995312
Training loss on iteration 2480 = 0.19148897817358373
Training loss on iteration 2500 = 0.11957862256094813
Training loss on iteration 2520 = 0.17178241494111718
Training loss on iteration 2540 = 0.1290216262685135
Training loss on iteration 2560 = 0.25322423873003574
Training loss on iteration 2580 = 0.16593848443590103
Training loss on iteration 2600 = 0.12304255955386907
Training loss on iteration 2620 = 0.1488226121175103
Training loss on iteration 2640 = 0.1312115183332935
Training loss on iteration 2660 = 0.16769484812393784
Training loss on iteration 2680 = 0.25691865938715636
Training loss on iteration 2700 = 0.160789873637259
Training loss on iteration 2720 = 0.18721201941370963
Training loss on iteration 2740 = 0.12860686369240285
Training loss on iteration 2760 = 0.1124461344559677
Training loss on iteration 2780 = 0.1633473157300614
Training loss on iteration 2800 = 0.13966021643718704
Training loss on iteration 2820 = 0.13974314494989812
Training loss on iteration 2840 = 0.14630196942016482
Training loss on iteration 2860 = 0.09938776162452996
Training loss on iteration 2880 = 0.14543149425298907
Training loss on iteration 2900 = 0.2047388689185027
Training loss on iteration 2920 = 0.12751693793106825
Training loss on iteration 2940 = 0.1841412265319377
Training loss on iteration 2960 = 0.11957442068960518
Training loss on iteration 2980 = 0.2734471881529316
Training loss on iteration 3000 = 0.14791640006005763
Training loss on iteration 3020 = 0.220616468321532
Training loss on iteration 3040 = 0.2472721773199737
Training loss on iteration 3060 = 0.23933341940864922
Training loss on iteration 3080 = 0.1555500164628029
Training loss on iteration 3100 = 0.14836333732819185
Training loss on iteration 3120 = 0.3371145373501349
Training loss on iteration 3140 = 0.1523910384858027
Training loss on iteration 3160 = 0.14145636321045457
Training loss on iteration 3180 = 0.1463500287383795
Training loss on iteration 3200 = 0.202906505134888
Training loss on iteration 3220 = 0.12001852898974903
Training loss on iteration 3240 = 0.14041348034515977
Training loss on iteration 3260 = 0.24171413509175182
Training loss on iteration 3280 = 0.4520734814926982
Training loss on iteration 3300 = 0.1723759541520849
Training loss on iteration 3320 = 0.31159748711215796
Training loss on iteration 3340 = 0.30962641462683677
Training loss on iteration 3360 = 0.16103845721227117
Training loss on iteration 3380 = 0.2276619050069712
Training loss on iteration 3400 = 0.11167184463702143
Training loss on iteration 3420 = 0.18928922376362606
Training loss on iteration 3440 = 0.1286223175993655
Training loss on iteration 3460 = 0.24037420435342938
Training loss on iteration 3480 = 0.23972036074846984
Training loss on iteration 3500 = 0.08275081585161388
Training loss on iteration 3520 = 0.37801047321408987
Training loss on iteration 3540 = 0.1859939751215279
Training loss on iteration 3560 = 0.2166330112144351
Training loss on iteration 3580 = 0.13393200682476164
Training loss on iteration 3600 = 0.15167091004550456
Training loss on iteration 3620 = 0.15621434040367604
Training loss on iteration 3640 = 0.18629394178278744
Training loss on iteration 3660 = 0.14322118209674956
Training loss on iteration 3680 = 0.17235252705868334
Training loss on iteration 3700 = 0.1228182322345674
Training loss on iteration 3720 = 0.15234167005401106
Training loss on iteration 3740 = 0.22511962479911746
Training loss on iteration 3760 = 0.24449327099137008
Training loss on iteration 3780 = 0.09048681603744627
Training loss on iteration 3800 = 0.19708519326522947
Training loss on iteration 3820 = 0.2587622048915364
Training loss on iteration 3840 = 0.2453828423283994
Training loss on iteration 3860 = 0.13759913828689604
Training loss on iteration 3880 = 0.13518508159322665
Training loss on iteration 3900 = 0.30871501807123425
Training loss on iteration 3920 = 0.1277449300745502
Training loss on iteration 3940 = 0.15042673908174037
Training loss on iteration 3960 = 0.14474286374170334
Training loss on iteration 3980 = 0.16760354169528
Training loss on iteration 4000 = 0.19054687924217434
Training loss on iteration 4020 = 0.23617899734526873
Training loss on iteration 4040 = 0.11167909144423901
Training loss on iteration 4060 = 0.15393406164366752
Training loss on iteration 4080 = 0.1391838934388943
Training loss on iteration 4100 = 0.1138683675788343
Training loss on iteration 4120 = 0.15268120971741156
Training loss on iteration 4140 = 0.17574248132295905
Training loss on iteration 4160 = 0.15395498515572398
Training loss on iteration 4180 = 0.17995993681252004
Training loss on iteration 4200 = 0.17684434857219458
Training loss on iteration 4220 = 0.08282704949378968
Training loss on iteration 4240 = 0.16639561129559297
Training loss on iteration 4260 = 0.13416158044710755
Training loss on iteration 4280 = 0.2437741353176534
Training loss on iteration 4300 = 0.25534306894987824
Training loss on iteration 4320 = 0.26883858647197484
Training loss on iteration 4340 = 0.23378970129415394
Training loss on iteration 4360 = 0.1812463353620842
Training loss on iteration 4380 = 0.14844223191030323
Training loss on iteration 4400 = 0.2963729743845761
Training loss on iteration 4420 = 0.17391391147393734
Training loss on iteration 4440 = 0.2149462786037475
Training loss on iteration 4460 = 0.16616272181272507
Training loss on iteration 4480 = 0.26175191774964335
Training loss on iteration 4500 = 0.24021726804785432
Training loss on iteration 4520 = 0.17405195543542504
Training loss on iteration 4540 = 0.12387014450505376
Training loss on iteration 4560 = 0.21031770617701112
Training loss on iteration 4580 = 0.13226735960924998
Training loss on iteration 4600 = 0.18525778392795472
Training loss on iteration 4620 = 0.23211638936772944
Training loss on iteration 4640 = 0.11783697088249027
Training loss on iteration 4660 = 0.12318441773531959
Training loss on iteration 4680 = 0.09484835320618004
Training loss on iteration 4700 = 0.09243919180007651
Training loss on iteration 4720 = 0.10014916858635843
Training loss on iteration 4740 = 0.1157382853445597
Training loss on iteration 4760 = 0.303495362191461
Training loss on iteration 4780 = 0.2973003529943526
Training loss on iteration 4800 = 0.16960515528917314
Training loss on iteration 4820 = 0.24998649638146161
Training loss on iteration 4840 = 0.1604182455688715
Training loss on iteration 4860 = 0.7723794747143984
Training loss on iteration 4880 = 0.693793773278594
Training loss on iteration 4900 = 0.5254171896725893
Training loss on iteration 4920 = 0.43727975627407434
Training loss on iteration 4940 = 0.3188032219186425
Training loss on iteration 4960 = 0.27781685534864664
Training loss on iteration 4980 = 0.28803780749440194
Training loss on iteration 5000 = 0.2514357975684106
Training loss on iteration 5020 = 0.19843313514720648
Training loss on iteration 5040 = 0.18545788247138262
Training loss on iteration 5060 = 0.19245245773345232
Training loss on iteration 5080 = 0.22413404881954194
Training loss on iteration 5100 = 0.11742919487878681
Training loss on iteration 5120 = 0.10319691324839368
Training loss on iteration 5140 = 0.13603016739943996
Training loss on iteration 5160 = 0.2678805459290743
Training loss on iteration 5180 = 0.23882038719020784
Training loss on iteration 5200 = 0.19362243651412428
Training loss on iteration 5220 = 0.2119939208670985
Training loss on iteration 5240 = 0.21660370798781514
Training loss on iteration 5260 = 0.1927609821781516
Training loss on iteration 5280 = 0.22532200398854912
Training loss on iteration 5300 = 0.1747848947881721
Training loss on iteration 5320 = 0.1481901946477592
Training loss on iteration 5340 = 0.17728830211563035
Training loss on iteration 5360 = 0.19147403175011277
Training loss on iteration 5380 = 0.27551457220688463
Training loss on iteration 5400 = 0.2471197841921821
Training loss on iteration 5420 = 0.21469765619840472
Training loss on iteration 5440 = 0.12706338914576917
Training loss on iteration 5460 = 0.13531596226384862
Training loss on iteration 5480 = 0.08576121481601148
Training loss on iteration 5500 = 0.09213933747960254
Training loss on iteration 5520 = 0.1176246490329504
Training loss on iteration 5540 = 0.09040231232938822
Training loss on iteration 5560 = 0.15753514023672324
Training loss on iteration 5580 = 0.15759251520503312
Training loss on iteration 5600 = 0.12745812721550465
### EVAL:: Epoch 5:: Loss = 0.07402858528192922 :: ACC = 0.9748145255759469, AUC = 0.9944676904231785, EER = 0.032897305739945336
Training on epoch 6
Training loss on iteration 0 = 0.02905787155032158
Training loss on iteration 20 = 0.18968936800956726
Training loss on iteration 40 = 0.13338893600739538
Training loss on iteration 60 = 0.13462638054043055
Training loss on iteration 80 = 0.07918696887791157
Training loss on iteration 100 = 0.16599729443551042
Training loss on iteration 120 = 0.1748330083442852
Training loss on iteration 140 = 0.12432441716082394
Training loss on iteration 160 = 0.1481627463363111
Training loss on iteration 180 = 0.10325267224106938
Training loss on iteration 200 = 0.11643234305083752
Training loss on iteration 220 = 0.11621398252318613
Training loss on iteration 240 = 0.12958438144996762
Training loss on iteration 260 = 0.22186028674477712
Training loss on iteration 280 = 0.18714847457595168
Training loss on iteration 300 = 0.1348391579464078
Training loss on iteration 320 = 0.1923627525800839
Training loss on iteration 340 = 0.20061306385323405
Training loss on iteration 360 = 0.09282346232794225
Training loss on iteration 380 = 0.12169434905517847
Training loss on iteration 400 = 0.17421914963051677
Training loss on iteration 420 = 0.2055120178963989
Training loss on iteration 440 = 0.13551369695924223
Training loss on iteration 460 = 0.09258354215417057
Training loss on iteration 480 = 0.14295906107872725
Training loss on iteration 500 = 0.25399528471753
Training loss on iteration 520 = 0.10433190499898046
Training loss on iteration 540 = 0.09852138336282223
Training loss on iteration 560 = 0.1397132272250019
Training loss on iteration 580 = 0.1636388447834179
Training loss on iteration 600 = 0.11315093319863082
Training loss on iteration 620 = 0.12093436744180508
Training loss on iteration 640 = 0.26893663897644726
Training loss on iteration 660 = 0.16848601419478654
Training loss on iteration 680 = 0.08032842730171978
Training loss on iteration 700 = 0.1859826058265753
Training loss on iteration 720 = 0.1257922003045678
Training loss on iteration 740 = 0.11014600425842218
Training loss on iteration 760 = 0.09318739511072635
Training loss on iteration 780 = 0.10476405745139346
Training loss on iteration 800 = 0.14581900993362068
Training loss on iteration 820 = 0.08533671631012112
Training loss on iteration 840 = 0.15212671065237374
Training loss on iteration 860 = 0.18255605613812803
Training loss on iteration 880 = 0.15186199704185127
Training loss on iteration 900 = 0.15531958152787412
Training loss on iteration 920 = 0.2353335906751454
Training loss on iteration 940 = 0.20353756861295552
Training loss on iteration 960 = 0.1003787022200413
Training loss on iteration 980 = 0.15462137109134347
Training loss on iteration 1000 = 0.15137730864807963
Training loss on iteration 1020 = 0.17204364752396942
Training loss on iteration 1040 = 0.1521398023935035
Training loss on iteration 1060 = 0.1118742501246743
Training loss on iteration 1080 = 0.16734655066393317
Training loss on iteration 1100 = 0.10937332860194146
Training loss on iteration 1120 = 0.11593840301502496
Training loss on iteration 1140 = 0.207257518498227
Training loss on iteration 1160 = 0.10827278813812882
Training loss on iteration 1180 = 0.131513480306603
Training loss on iteration 1200 = 0.15094120083376766
Training loss on iteration 1220 = 0.11385004521871452
Training loss on iteration 1240 = 0.24782736962661148
Training loss on iteration 1260 = 0.21475044577382504
Training loss on iteration 1280 = 0.27934903437271713
Training loss on iteration 1300 = 0.2923425975139253
Training loss on iteration 1320 = 0.2973039972945116
Training loss on iteration 1340 = 0.16935580065473915
Training loss on iteration 1360 = 0.17509815287776292
Training loss on iteration 1380 = 0.20578133780509233
Training loss on iteration 1400 = 0.15094475788064302
Training loss on iteration 1420 = 0.15084900411311536
Training loss on iteration 1440 = 0.09450639584101736
Training loss on iteration 1460 = 0.1020553746726364
Training loss on iteration 1480 = 0.16982522741891443
Training loss on iteration 1500 = 0.3043832940980792
Training loss on iteration 1520 = 0.19515884976717643
Training loss on iteration 1540 = 0.128109606099315
Training loss on iteration 1560 = 0.16030180581146852
Training loss on iteration 1580 = 0.15710988382343202
Training loss on iteration 1600 = 0.1837759233399993
Training loss on iteration 1620 = 0.3121627838118002
Training loss on iteration 1640 = 0.14855744619853795
Training loss on iteration 1660 = 0.18625752012012525
Training loss on iteration 1680 = 0.4307291290257126
Training loss on iteration 1700 = 0.28097661687061193
Training loss on iteration 1720 = 0.2806072908104397
Training loss on iteration 1740 = 0.13230675279628484
Training loss on iteration 1760 = 0.26892032036557795
Training loss on iteration 1780 = 0.25066820685751734
Training loss on iteration 1800 = 0.20492265960201622
Training loss on iteration 1820 = 0.24729428114369512
Training loss on iteration 1840 = 0.1634396631270647
Training loss on iteration 1860 = 0.14812011909671127
Training loss on iteration 1880 = 0.21727014943026007
Training loss on iteration 1900 = 0.22429604046046733
Training loss on iteration 1920 = 0.19350015711970628
Training loss on iteration 1940 = 0.1914277751930058
Training loss on iteration 1960 = 0.11372851491905749
Training loss on iteration 1980 = 0.20111076841130854
Training loss on iteration 2000 = 0.09319665296934546
Training loss on iteration 2020 = 0.17960514137521386
Training loss on iteration 2040 = 0.21515297192090657
Training loss on iteration 2060 = 0.16642947538057343
Training loss on iteration 2080 = 0.12148834641557187
Training loss on iteration 2100 = 0.11886292350245639
Training loss on iteration 2120 = 0.2169673380907625
Training loss on iteration 2140 = 0.13978845216333866
Training loss on iteration 2160 = 0.12882000661920756
Training loss on iteration 2180 = 0.10970019630622119
Training loss on iteration 2200 = 0.21364284508745185
Training loss on iteration 2220 = 0.0884833465795964
Training loss on iteration 2240 = 0.08665052070573438
Training loss on iteration 2260 = 0.07106899803038687
Training loss on iteration 2280 = 0.15970465184072963
Training loss on iteration 2300 = 0.2005123277194798
Training loss on iteration 2320 = 0.175901469681412
Training loss on iteration 2340 = 0.12855551205575466
Training loss on iteration 2360 = 0.06732742458116263
Training loss on iteration 2380 = 0.14881039671599866
Training loss on iteration 2400 = 0.23330739606171846
Training loss on iteration 2420 = 0.20111955982283689
Training loss on iteration 2440 = 0.13089791255188174
Training loss on iteration 2460 = 0.1071929072320927
Training loss on iteration 2480 = 0.23582124072127045
Training loss on iteration 2500 = 0.21063045164337382
Training loss on iteration 2520 = 0.10813987064175308
Training loss on iteration 2540 = 0.1489338485407643
Training loss on iteration 2560 = 0.09829544345848262
Training loss on iteration 2580 = 0.10745287875179202
Training loss on iteration 2600 = 0.15257163131609558
Training loss on iteration 2620 = 0.10900858561508357
Training loss on iteration 2640 = 0.23317301064380444
Training loss on iteration 2660 = 0.31905072117224337
Training loss on iteration 2680 = 0.2329992342274636
Training loss on iteration 2700 = 0.13452478765102568
Training loss on iteration 2720 = 0.10478242267854512
Training loss on iteration 2740 = 0.296352377301082
Training loss on iteration 2760 = 0.1082864564290503
Training loss on iteration 2780 = 0.222812141419854
Training loss on iteration 2800 = 0.23454719344154001
Training loss on iteration 2820 = 0.17446774116251618
Training loss on iteration 2840 = 0.17228977307677268
Training loss on iteration 2860 = 0.20247556203976275
Training loss on iteration 2880 = 0.1994421899144072
Training loss on iteration 2900 = 0.11300673736259341
Training loss on iteration 2920 = 0.1193695498863235
Training loss on iteration 2940 = 0.14942811296787112
Training loss on iteration 2960 = 0.10023903059773147
Training loss on iteration 2980 = 0.12784531916840933
Training loss on iteration 3000 = 0.13639551475644113
Training loss on iteration 3020 = 0.15015533827245237
Training loss on iteration 3040 = 0.16913987810257822
Training loss on iteration 3060 = 0.0899287398904562
Training loss on iteration 3080 = 0.06670152425649575
Training loss on iteration 3100 = 0.18216316460166126
Training loss on iteration 3120 = 0.2416126265656203
Training loss on iteration 3140 = 0.1465207114815712
Training loss on iteration 3160 = 0.28257523439824583
Training loss on iteration 3180 = 0.10397305677179247
Training loss on iteration 3200 = 0.14579046932049095
Training loss on iteration 3220 = 0.19330717683769763
Training loss on iteration 3240 = 0.22742917388677597
Training loss on iteration 3260 = 0.1529736158438027
Training loss on iteration 3280 = 0.17774701076559724
Training loss on iteration 3300 = 0.14015061159152536
Training loss on iteration 3320 = 0.10619956030859612
Training loss on iteration 3340 = 0.22672090326668695
Training loss on iteration 3360 = 0.16229923595674337
Training loss on iteration 3380 = 0.11371830139541998
Training loss on iteration 3400 = 0.0897419441047532
Training loss on iteration 3420 = 0.11768940486363136
Training loss on iteration 3440 = 0.09231747733429074
Training loss on iteration 3460 = 0.11014034948893822
Training loss on iteration 3480 = 0.129545077549119
Training loss on iteration 3500 = 0.17140117776580155
Training loss on iteration 3520 = 0.16960318994242699
Training loss on iteration 3540 = 0.1580995798460208
Training loss on iteration 3560 = 0.07404024684801698
Training loss on iteration 3580 = 0.1719324693782255
Training loss on iteration 3600 = 0.1656143417581916
Training loss on iteration 3620 = 0.09991335163649637
Training loss on iteration 3640 = 0.1822925426531583
Training loss on iteration 3660 = 0.23708263689186423
Training loss on iteration 3680 = 0.15732684768736363
Training loss on iteration 3700 = 0.10358052150695585
Training loss on iteration 3720 = 0.1582751338602975
Training loss on iteration 3740 = 0.11978189500514418
Training loss on iteration 3760 = 0.11417423458769918
Training loss on iteration 3780 = 0.09773576124571264
Training loss on iteration 3800 = 0.13109376136562786
Training loss on iteration 3820 = 0.21135078821098432
Training loss on iteration 3840 = 0.25850676773115994
Training loss on iteration 3860 = 0.24009757707826793
Training loss on iteration 3880 = 0.09271415017428808
Training loss on iteration 3900 = 0.17196645534131677
Training loss on iteration 3920 = 0.16019951470661908
Training loss on iteration 3940 = 0.15960261542350054
Training loss on iteration 3960 = 0.1268132131546736
Training loss on iteration 3980 = 0.14922728701494634
Training loss on iteration 4000 = 0.19641152136027812
Training loss on iteration 4020 = 0.2240822337102145
Training loss on iteration 4040 = 0.07104695949237794
Training loss on iteration 4060 = 0.10505478149279952
Training loss on iteration 4080 = 0.1505360671726521
Training loss on iteration 4100 = 0.20180232686689123
Training loss on iteration 4120 = 0.11286848136223852
Training loss on iteration 4140 = 0.18857261140365153
Training loss on iteration 4160 = 0.3334300410700962
Training loss on iteration 4180 = 0.16163095202064143
Training loss on iteration 4200 = 0.21312783208559266
Training loss on iteration 4220 = 0.23843651763163506
Training loss on iteration 4240 = 0.21742022527614607
Training loss on iteration 4260 = 0.11767309398273937
Training loss on iteration 4280 = 0.1373596548801288
Training loss on iteration 4300 = 0.24193621445447205
Training loss on iteration 4320 = 0.2725139090558514
Training loss on iteration 4340 = 0.19137697238475085
Training loss on iteration 4360 = 0.11468997483607382
Training loss on iteration 4380 = 0.057636671653017404
Training loss on iteration 4400 = 0.12709586506243795
Training loss on iteration 4420 = 0.24119985078286846
Training loss on iteration 4440 = 0.11102491486817598
Training loss on iteration 4460 = 0.06304189884103835
Training loss on iteration 4480 = 0.178426596976351
Training loss on iteration 4500 = 0.08079634714522399
Training loss on iteration 4520 = 0.10718890931166243
Training loss on iteration 4540 = 0.15565001193608624
Training loss on iteration 4560 = 0.2099845478311181
Training loss on iteration 4580 = 0.078633955353871
Training loss on iteration 4600 = 0.0686490021616919
Training loss on iteration 4620 = 0.1529811677755788
Training loss on iteration 4640 = 0.11612089383415877
Training loss on iteration 4660 = 0.27597115058451893
Training loss on iteration 4680 = 0.15219286628998815
Training loss on iteration 4700 = 0.08872844013385475
Training loss on iteration 4720 = 0.1482299700495787
Training loss on iteration 4740 = 0.14642145339166746
Training loss on iteration 4760 = 0.1445654349459801
Training loss on iteration 4780 = 0.2340797323427978
Training loss on iteration 4800 = 0.3805777876055799
Training loss on iteration 4820 = 0.2681238356701215
Training loss on iteration 4840 = 0.13364347278620697
Training loss on iteration 4860 = 0.16498008170747197
Training loss on iteration 4880 = 0.1241723686514888
Training loss on iteration 4900 = 0.20239307787269353
Training loss on iteration 4920 = 0.16155058180447668
Training loss on iteration 4940 = 0.15180096600670367
Training loss on iteration 4960 = 0.20144516201689838
Training loss on iteration 4980 = 0.1887626984156668
Training loss on iteration 5000 = 0.13021970349363982
Training loss on iteration 5020 = 0.09860114043112844
Training loss on iteration 5040 = 0.15463065617950633
Training loss on iteration 5060 = 0.13729447145015
Training loss on iteration 5080 = 0.17704811748117208
Training loss on iteration 5100 = 0.17944569627288728
Training loss on iteration 5120 = 0.22596236122772098
Training loss on iteration 5140 = 0.12994341555749997
Training loss on iteration 5160 = 0.19280199213535526
Training loss on iteration 5180 = 0.1616354978643358
Training loss on iteration 5200 = 0.10686313093174249
Training loss on iteration 5220 = 0.2123782895039767
Training loss on iteration 5240 = 0.10819587577134371
Training loss on iteration 5260 = 0.19015064666891704
Training loss on iteration 5280 = 0.1444270453415811
Training loss on iteration 5300 = 0.12250312067917549
Training loss on iteration 5320 = 0.14588386772666126
Training loss on iteration 5340 = 0.10175806526094675
Training loss on iteration 5360 = 0.17673379865009337
Training loss on iteration 5380 = 0.14881774322129787
Training loss on iteration 5400 = 0.08233057787147118
Training loss on iteration 5420 = 0.10322737918177154
Training loss on iteration 5440 = 0.12098627276718617
Training loss on iteration 5460 = 0.13242993297753855
Training loss on iteration 5480 = 0.13572713136672973
Training loss on iteration 5500 = 0.13513824846595526
Training loss on iteration 5520 = 0.13385556181892752
Training loss on iteration 5540 = 0.08199361464940011
Training loss on iteration 5560 = 0.14421336160448844
Training loss on iteration 5580 = 0.14351760630961508
Training loss on iteration 5600 = 0.06558995452942326
### EVAL:: Epoch 6:: Loss = 0.06705271517994124 :: ACC = 0.983795392424834, AUC = 0.9913914618414169, EER = 0.04588051542366263
Training on epoch 7
Training loss on iteration 0 = 0.03472026437520981
Training loss on iteration 20 = 0.07963971858844161
Training loss on iteration 40 = 0.07744514602236449
Training loss on iteration 60 = 0.1026518683793256
Training loss on iteration 80 = 0.24715566185186616
Training loss on iteration 100 = 0.10899834765587002
Training loss on iteration 120 = 0.20297452418599277
Training loss on iteration 140 = 0.1363674162887037
Training loss on iteration 160 = 0.11772394406725653
Training loss on iteration 180 = 0.17672358797572088
Training loss on iteration 200 = 0.1291906303697033
Training loss on iteration 220 = 0.1431798851059284
Training loss on iteration 240 = 0.17245386472786778
Training loss on iteration 260 = 0.2379764267243445
Training loss on iteration 280 = 0.13911924303974957
Training loss on iteration 300 = 0.13224575619678944
Training loss on iteration 320 = 0.17540685598505662
Training loss on iteration 340 = 0.2038950190212745
Training loss on iteration 360 = 0.43546569949248803
Training loss on iteration 380 = 0.2409558360814117
Training loss on iteration 400 = 1.5255788681097329
Training loss on iteration 420 = 0.6373189640085911
Training loss on iteration 440 = 0.288649237586651
Training loss on iteration 460 = 0.5652745928149671
Training loss on iteration 480 = 0.21440365457674487
Training loss on iteration 500 = 0.1474384275614284
Training loss on iteration 520 = 0.13252017492777668
Training loss on iteration 540 = 0.18031303980387747
Training loss on iteration 560 = 0.17236293042078615
Training loss on iteration 580 = 0.11095983153209091
Training loss on iteration 600 = 0.18587611301918514
Training loss on iteration 620 = 0.163601901975926
Training loss on iteration 640 = 0.15351412631571293
Training loss on iteration 660 = 0.06189235585043207
Training loss on iteration 680 = 0.0842575086222496
Training loss on iteration 700 = 0.06329027617466636
Training loss on iteration 720 = 0.10405979581992142
Training loss on iteration 740 = 0.14478291352279485
Training loss on iteration 760 = 0.149179681960959
Training loss on iteration 780 = 0.14989265254698694
Training loss on iteration 800 = 0.18177600570488722
Training loss on iteration 820 = 0.09130794652737677
Training loss on iteration 840 = 0.06103812382207252
Training loss on iteration 860 = 0.1226101397885941
Training loss on iteration 880 = 0.16708101460244507
Training loss on iteration 900 = 0.10763731800252571
Training loss on iteration 920 = 0.19824973992072045
Training loss on iteration 940 = 0.06915452684042975
Training loss on iteration 960 = 0.18964210329577327
Training loss on iteration 980 = 0.1518650463782251
Training loss on iteration 1000 = 0.18267711191438138
Training loss on iteration 1020 = 0.09539327289385255
Training loss on iteration 1040 = 0.17320865008514374
Training loss on iteration 1060 = 0.08943346631713212
Training loss on iteration 1080 = 0.13397598275914788
Training loss on iteration 1100 = 0.19568292050389574
Training loss on iteration 1120 = 0.12816016387660056
Training loss on iteration 1140 = 0.09129585105692968
Training loss on iteration 1160 = 0.15892501696944236
Training loss on iteration 1180 = 0.13574667812790722
Training loss on iteration 1200 = 0.10419068314367905
Training loss on iteration 1220 = 0.10046250380109996
Training loss on iteration 1240 = 0.042776806320762265
Training loss on iteration 1260 = 0.060918758402112874
Training loss on iteration 1280 = 0.1012531428510556
Training loss on iteration 1300 = 0.09916853184113279
Training loss on iteration 1320 = 0.10813277710039984
Training loss on iteration 1340 = 0.04861452012555674
Training loss on iteration 1360 = 0.11105068389442749
Training loss on iteration 1380 = 0.15435154516017063
Training loss on iteration 1400 = 0.08142569060437381
Training loss on iteration 1420 = 0.1519416889292188
Training loss on iteration 1440 = 0.1803938504846883
Training loss on iteration 1460 = 0.134660044265911
Training loss on iteration 1480 = 0.18900883907917887
Training loss on iteration 1500 = 0.11474071871489286
Training loss on iteration 1520 = 0.10416855444200337
Training loss on iteration 1540 = 0.17904762937687338
Training loss on iteration 1560 = 0.11096363973338157
Training loss on iteration 1580 = 0.1380788645299617
Training loss on iteration 1600 = 0.095154411601834
Training loss on iteration 1620 = 0.17128880134550856
Training loss on iteration 1640 = 0.21176135332789273
Training loss on iteration 1660 = 0.11643127117713448
Training loss on iteration 1680 = 0.0986418925691396
Training loss on iteration 1700 = 0.05258340608561411
Training loss on iteration 1720 = 0.09892932417569682
Training loss on iteration 1740 = 0.19376122744870372
Training loss on iteration 1760 = 0.18761362826917322
Training loss on iteration 1780 = 0.0939508335723076
Training loss on iteration 1800 = 0.0737552345264703
Training loss on iteration 1820 = 0.12311157406657003
Training loss on iteration 1840 = 0.13310178716201335
Training loss on iteration 1860 = 0.14304015066009015
Training loss on iteration 1880 = 0.11859000043477863
Training loss on iteration 1900 = 0.22465810235589742
Training loss on iteration 1920 = 0.19469341770745813
Training loss on iteration 1940 = 0.09524131272046361
Training loss on iteration 1960 = 0.11531679136387538
Training loss on iteration 1980 = 0.117864771024324
Training loss on iteration 2000 = 0.11912060981849208
Training loss on iteration 2020 = 0.2792214650195092
Training loss on iteration 2040 = 0.07135389891918749
Training loss on iteration 2060 = 0.07130728231859393
Training loss on iteration 2080 = 0.34932474200613794
Training loss on iteration 2100 = 0.15077249151072464
Training loss on iteration 2120 = 0.10994977134541842
Training loss on iteration 2140 = 0.12899990504738526
Training loss on iteration 2160 = 0.07931392744794721
Training loss on iteration 2180 = 0.07717082052258775
Training loss on iteration 2200 = 0.08043552251183428
Training loss on iteration 2220 = 0.20083024627529084
Training loss on iteration 2240 = 0.14085946556879209
Training loss on iteration 2260 = 0.14505044372344855
Training loss on iteration 2280 = 0.18990675946697594
Training loss on iteration 2300 = 0.2708544203080237
Training loss on iteration 2320 = 0.1667024361435324
Training loss on iteration 2340 = 0.07311100473161787
Training loss on iteration 2360 = 0.17160254913032985
Training loss on iteration 2380 = 0.34686633283272383
Training loss on iteration 2400 = 0.24032606538385154
Training loss on iteration 2420 = 0.38547735535539684
Training loss on iteration 2440 = 0.3065957967424765
Training loss on iteration 2460 = 0.15413149814121424
Training loss on iteration 2480 = 0.09075378583511337
Training loss on iteration 2500 = 0.2059845799289178
Training loss on iteration 2520 = 0.12435981426388025
Training loss on iteration 2540 = 0.12425380530767142
Training loss on iteration 2560 = 0.13925266177393497
Training loss on iteration 2580 = 0.03814954054541886
Training loss on iteration 2600 = 0.20264019957976415
Training loss on iteration 2620 = 0.1192354071419686
Training loss on iteration 2640 = 0.1742816141108051
Training loss on iteration 2660 = 0.09791153583792038
Training loss on iteration 2680 = 0.062364630110096186
Training loss on iteration 2700 = 0.034974751991103406
Training loss on iteration 2720 = 0.19422234328230842
Training loss on iteration 2740 = 0.19267126196064055
Training loss on iteration 2760 = 0.13475564868422224
Training loss on iteration 2780 = 0.0749879302980844
Training loss on iteration 2800 = 0.0953807169906213
Training loss on iteration 2820 = 0.08231519820692483
Training loss on iteration 2840 = 0.11425425658526364
Training loss on iteration 2860 = 0.11914832043694332
Training loss on iteration 2880 = 0.06190351316472516
Training loss on iteration 2900 = 0.11161476310226134
Training loss on iteration 2920 = 0.14306289120577276
Training loss on iteration 2940 = 0.25688535859808326
Training loss on iteration 2960 = 0.06313545904122293
Training loss on iteration 2980 = 0.1284747966332361
Training loss on iteration 3000 = 0.10053456933237612
Training loss on iteration 3020 = 0.07750468245940283
Training loss on iteration 3040 = 0.06618921141780447
Training loss on iteration 3060 = 0.11558761431952007
Training loss on iteration 3080 = 0.16330228210426867
Training loss on iteration 3100 = 0.1474323662929237
Training loss on iteration 3120 = 0.12397024406818673
Training loss on iteration 3140 = 0.1219042342621833
Training loss on iteration 3160 = 0.1646968566637952
Training loss on iteration 3180 = 0.21140208350261674
Training loss on iteration 3200 = 0.13482930758036674
Training loss on iteration 3220 = 0.19847681913524867
Training loss on iteration 3240 = 0.17062996616587042
Training loss on iteration 3260 = 0.16307959761470556
Training loss on iteration 3280 = 0.13636380925308914
Training loss on iteration 3300 = 0.24988799868151546
Training loss on iteration 3320 = 0.16245649805350695
Training loss on iteration 3340 = 0.16385390940122307
Training loss on iteration 3360 = 0.13190969382412732
Training loss on iteration 3380 = 0.15151713925879448
Training loss on iteration 3400 = 0.117728118004743
Training loss on iteration 3420 = 0.2161327164620161
Training loss on iteration 3440 = 0.14272529161535202
Training loss on iteration 3460 = 0.20052196140168235
Training loss on iteration 3480 = 0.1211510843859287
Training loss on iteration 3500 = 0.06955715688527561
Training loss on iteration 3520 = 0.08229826528695412
Training loss on iteration 3540 = 0.10005306520033627
Training loss on iteration 3560 = 0.135589959481149
Training loss on iteration 3580 = 0.2295648531988263
Training loss on iteration 3600 = 0.15776628251187502
Training loss on iteration 3620 = 0.09865991873957683
Training loss on iteration 3640 = 0.1547223853820469
Training loss on iteration 3660 = 0.14485183268843685
Training loss on iteration 3680 = 0.07294545593904331
Training loss on iteration 3700 = 0.21898455842601833
Training loss on iteration 3720 = 0.16809302782639862
Training loss on iteration 3740 = 0.3151307518302929
Training loss on iteration 3760 = 0.20780105628073214
Training loss on iteration 3780 = 0.11173112778342328
Training loss on iteration 3800 = 0.23526762608671561
Training loss on iteration 3820 = 0.15002139486023225
Training loss on iteration 3840 = 0.1592055195767898
Training loss on iteration 3860 = 0.16542480442440138
Training loss on iteration 3880 = 0.11417141659767367
Training loss on iteration 3900 = 0.42517830135766416
Training loss on iteration 3920 = 0.1069329171499703
Training loss on iteration 3940 = 0.2533092249475885
Training loss on iteration 3960 = 0.1638203751645051
Training loss on iteration 3980 = 0.26941300653852523
Training loss on iteration 4000 = 0.2604870888404548
Training loss on iteration 4020 = 0.13322895165765658
Training loss on iteration 4040 = 0.18441183909308165
Training loss on iteration 4060 = 0.11532612500304822
Training loss on iteration 4080 = 0.1473843519052025
Training loss on iteration 4100 = 0.2091985009610653
Training loss on iteration 4120 = 0.1234763823216781
Training loss on iteration 4140 = 0.18440061979927122
Training loss on iteration 4160 = 0.30215631508617663
Training loss on iteration 4180 = 0.37213765317574143
Training loss on iteration 4200 = 0.483690918906359
Training loss on iteration 4220 = 0.4707083904533647
Training loss on iteration 4240 = 0.17592884792247787
Training loss on iteration 4260 = 0.23496691333130001
Training loss on iteration 4280 = 0.3038767345249653
Training loss on iteration 4300 = 0.13501115422695875
Training loss on iteration 4320 = 0.10490190987766254
Training loss on iteration 4340 = 0.22820389424741733
Training loss on iteration 4360 = 0.17203524557407945
Training loss on iteration 4380 = 0.13442628746852278
Training loss on iteration 4400 = 0.11455112061521504
Training loss on iteration 4420 = 0.13443124199984596
Training loss on iteration 4440 = 0.1611923443269916
Training loss on iteration 4460 = 0.10694337482564151
Training loss on iteration 4480 = 0.064187175326515
Training loss on iteration 4500 = 0.08262240850017406
Training loss on iteration 4520 = 0.11134517709870125
Training loss on iteration 4540 = 0.10078400907586911
Training loss on iteration 4560 = 0.10897349737060721
Training loss on iteration 4580 = 0.11252346008841414
Training loss on iteration 4600 = 0.06917178113944829
Training loss on iteration 4620 = 0.08923268262296916
Training loss on iteration 4640 = 0.22342654194217176
Training loss on iteration 4660 = 0.22968348745489492
Training loss on iteration 4680 = 0.5819860145012171
Training loss on iteration 4700 = 0.7103290323459077
Training loss on iteration 4720 = 0.33496535243466496
Training loss on iteration 4740 = 0.2570304446620867
Training loss on iteration 4760 = 0.1023763527860865
Training loss on iteration 4780 = 0.11105650573736056
Training loss on iteration 4800 = 0.15055103125050665
Training loss on iteration 4820 = 0.1388637810247019
Training loss on iteration 4840 = 0.11934239054244244
Training loss on iteration 4860 = 0.1128812790615484
Training loss on iteration 4880 = 0.0411308282520622
Training loss on iteration 4900 = 0.11272214548662304
Training loss on iteration 4920 = 0.09772471722681075
Training loss on iteration 4940 = 0.10129308495670557
Training loss on iteration 4960 = 0.15444059486035258
Training loss on iteration 4980 = 0.11389978416264057
Training loss on iteration 5000 = 0.13921748206485063
Training loss on iteration 5020 = 0.09963065623305738
Training loss on iteration 5040 = 0.11566198795335367
Training loss on iteration 5060 = 0.08337045751977712
Training loss on iteration 5080 = 0.1904383581597358
Training loss on iteration 5100 = 0.36574069610796867
Training loss on iteration 5120 = 0.22104154704866233
Training loss on iteration 5140 = 0.2115236291429028
Training loss on iteration 5160 = 0.15278006331063806
Training loss on iteration 5180 = 0.19307500329450705
Training loss on iteration 5200 = 0.12034106325882021
Training loss on iteration 5220 = 0.22721794757526367
Training loss on iteration 5240 = 0.09189815158897545
Training loss on iteration 5260 = 0.16526393495805677
Training loss on iteration 5280 = 0.1165847908705473
Training loss on iteration 5300 = 0.2528915613889694
Training loss on iteration 5320 = 0.3104288595728576
Training loss on iteration 5340 = 0.14450447019480633
Training loss on iteration 5360 = 0.1535904775839299
Training loss on iteration 5380 = 0.13517365988809615
Training loss on iteration 5400 = 0.11654743410472293
Training loss on iteration 5420 = 0.15217676893807947
Training loss on iteration 5440 = 0.0954011868685484
Training loss on iteration 5460 = 0.1953210346517153
Training loss on iteration 5480 = 0.13047287767985835
Training loss on iteration 5500 = 0.07313638072955655
Training loss on iteration 5520 = 0.18496519341133535
Training loss on iteration 5540 = 0.13837355247233063
Training loss on iteration 5560 = 0.1728114690631628
Training loss on iteration 5580 = 0.10280020908685401
Training loss on iteration 5600 = 0.2127617877908051
### EVAL:: Epoch 7:: Loss = 0.15788123085754105 :: ACC = 0.9340589613432253, AUC = 0.9797106021128205, EER = 0.07223740726278798
Training on epoch 8
Training loss on iteration 0 = 0.039750147610902786
Training loss on iteration 20 = 0.26999327309895305
Training loss on iteration 40 = 0.07794172135181725
Training loss on iteration 60 = 0.0780377329851035
Training loss on iteration 80 = 0.22109840945340692
Training loss on iteration 100 = 0.20026101944968105
Training loss on iteration 120 = 0.21879607681185007
Training loss on iteration 140 = 0.14358564269496127
Training loss on iteration 160 = 0.12419607206247747
Training loss on iteration 180 = 0.1274537642719224
Training loss on iteration 200 = 0.24269104228296784
Training loss on iteration 220 = 0.12459371788427234
Training loss on iteration 240 = 0.09701274908293271
Training loss on iteration 260 = 0.11124713606841397
Training loss on iteration 280 = 0.06471161268709694
Training loss on iteration 300 = 0.13351276827452238
Training loss on iteration 320 = 0.13747613797313535
Training loss on iteration 340 = 0.1101061494271562
Training loss on iteration 360 = 0.18265558509156107
Training loss on iteration 380 = 0.16460927217267454
Training loss on iteration 400 = 0.10455119186080992
Training loss on iteration 420 = 0.0703079126396915
Training loss on iteration 440 = 0.0770655796630308
Training loss on iteration 460 = 0.15530092430708464
Training loss on iteration 480 = 0.14645590644795448
Training loss on iteration 500 = 0.21561779650801327
Training loss on iteration 520 = 0.06040649975184351
Training loss on iteration 540 = 0.18496340543497353
Training loss on iteration 560 = 0.05836852782522328
Training loss on iteration 580 = 0.13246557785896584
Training loss on iteration 600 = 0.14245759922778234
Training loss on iteration 620 = 0.10796307612909004
Training loss on iteration 640 = 0.07793892257323023
Training loss on iteration 660 = 0.07947489689104259
Training loss on iteration 680 = 0.06267352149588987
Training loss on iteration 700 = 0.11590466439665761
Training loss on iteration 720 = 0.0748429562401725
Training loss on iteration 740 = 0.14673262981814333
Training loss on iteration 760 = 0.04226974219782278
Training loss on iteration 780 = 0.13480111697572283
Training loss on iteration 800 = 0.22644699672819116
Training loss on iteration 820 = 0.09639031223487109
Training loss on iteration 840 = 0.17872912279563025
Training loss on iteration 860 = 0.08331647249870003
Training loss on iteration 880 = 0.1571181078616064
Training loss on iteration 900 = 0.14141506906598805
Training loss on iteration 920 = 0.1828948450682219
Training loss on iteration 940 = 0.18303241438698023
Training loss on iteration 960 = 0.2730630621226737
Training loss on iteration 980 = 0.2088969730582903
Training loss on iteration 1000 = 0.12323221433034633
Training loss on iteration 1020 = 0.16386716081615305
Training loss on iteration 1040 = 0.21462542174849658
Training loss on iteration 1060 = 0.1332930831122212
Training loss on iteration 1080 = 0.2390373133122921
Training loss on iteration 1100 = 0.7378509855945594
Training loss on iteration 1120 = 0.07749248741311021
Training loss on iteration 1140 = 0.2321176232129801
Training loss on iteration 1160 = 0.2412637282104697
Training loss on iteration 1180 = 0.23994701990159228
Training loss on iteration 1200 = 0.5232145047280937
Training loss on iteration 1220 = 0.1955530745908618
Training loss on iteration 1240 = 0.17434356597950681
Training loss on iteration 1260 = 0.0836074920167448
Training loss on iteration 1280 = 0.17281434301985427
Training loss on iteration 1300 = 0.23677886435762047
Training loss on iteration 1320 = 0.08421358559280634
Training loss on iteration 1340 = 0.14913988059852273
Training loss on iteration 1360 = 0.12053786308679264
Training loss on iteration 1380 = 0.10111593510955572
Training loss on iteration 1400 = 0.1509552140138112
Training loss on iteration 1420 = 0.1483676474657841
Training loss on iteration 1440 = 0.16288852124416736
Training loss on iteration 1460 = 0.08729216954670846
Training loss on iteration 1480 = 0.1468707828404149
Training loss on iteration 1500 = 0.13383542941883206
Training loss on iteration 1520 = 0.09318143787095323
Training loss on iteration 1540 = 0.15184862407040783
Training loss on iteration 1560 = 0.09332426952023525
Training loss on iteration 1580 = 0.18462984545622022
Training loss on iteration 1600 = 0.12108043360058218
Training loss on iteration 1620 = 0.11000901449006051
Training loss on iteration 1640 = 0.0778749467281159
Training loss on iteration 1660 = 0.15531583138508723
Training loss on iteration 1680 = 0.36027203316334633
Training loss on iteration 1700 = 0.10683992184640374
Training loss on iteration 1720 = 0.15062356331472984
Training loss on iteration 1740 = 0.07237139344797469
Training loss on iteration 1760 = 0.10086032698745839
Training loss on iteration 1780 = 0.131759704137221
Training loss on iteration 1800 = 0.05868073340388946
Training loss on iteration 1820 = 0.12657209442986642
Training loss on iteration 1840 = 0.12489270734367892
Training loss on iteration 1860 = 0.0705042696383316
Training loss on iteration 1880 = 0.08944659148692154
Training loss on iteration 1900 = 0.075163961132057
Training loss on iteration 1920 = 0.20702603365061806
Training loss on iteration 1940 = 0.10470006758405362
Training loss on iteration 1960 = 0.13785286714605718
Training loss on iteration 1980 = 0.1443008546717465
Training loss on iteration 2000 = 0.15473224153975024
Training loss on iteration 2020 = 0.210474926547613
Training loss on iteration 2040 = 0.19985767491161824
Training loss on iteration 2060 = 0.1420592778129503
Training loss on iteration 2080 = 0.1347282278642524
Training loss on iteration 2100 = 0.13960510542383417
Training loss on iteration 2120 = 0.14332184141967447
Training loss on iteration 2140 = 0.06071233981347177
Training loss on iteration 2160 = 0.1293371950421715
Training loss on iteration 2180 = 0.18308361670351586
Training loss on iteration 2200 = 0.12006508469348773
Training loss on iteration 2220 = 0.11639469363726676
Training loss on iteration 2240 = 0.13065995282959192
Training loss on iteration 2260 = 0.09732375228777528
Training loss on iteration 2280 = 0.07993932806421071
Training loss on iteration 2300 = 0.06058224143635016
Training loss on iteration 2320 = 0.11273140209377744
Training loss on iteration 2340 = 0.15579845663523884
Training loss on iteration 2360 = 0.22294726727996023
Training loss on iteration 2380 = 0.24772283604033873
Training loss on iteration 2400 = 0.11172211199736921
Training loss on iteration 2420 = 0.27070963110309093
Training loss on iteration 2440 = 0.32488982094509994
Training loss on iteration 2460 = 0.14272324400953948
Training loss on iteration 2480 = 0.11396467469749041
Training loss on iteration 2500 = 0.17886568602989428
Training loss on iteration 2520 = 0.17017791271209717
Training loss on iteration 2540 = 0.07111554264556616
Training loss on iteration 2560 = 0.08716060999431648
Training loss on iteration 2580 = 0.11242836324381641
Training loss on iteration 2600 = 0.1163012019766029
Training loss on iteration 2620 = 0.08862331240088679
Training loss on iteration 2640 = 0.1665862698457204
Training loss on iteration 2660 = 0.19165879923384638
Training loss on iteration 2680 = 0.0875457061920315
Training loss on iteration 2700 = 0.09241735257674008
Training loss on iteration 2720 = 0.1875984115060419
Training loss on iteration 2740 = 0.128935525030829
Training loss on iteration 2760 = 0.10890970525797457
Training loss on iteration 2780 = 0.09547112944419496
Training loss on iteration 2800 = 0.1123584322980605
Training loss on iteration 2820 = 0.09128713053069078
Training loss on iteration 2840 = 0.09469073849031702
Training loss on iteration 2860 = 0.06390141565352678
Training loss on iteration 2880 = 0.09701612364733592
Training loss on iteration 2900 = 0.08825905142148258
Training loss on iteration 2920 = 0.2945972353219986
Training loss on iteration 2940 = 0.12776895693386905
Training loss on iteration 2960 = 0.06271381754777394
Training loss on iteration 2980 = 0.10157481580972672
Training loss on iteration 3000 = 0.047967862721998246
Training loss on iteration 3020 = 0.11711698267317842
Training loss on iteration 3040 = 0.044808347632351794
Training loss on iteration 3060 = 0.10649525250773877
Training loss on iteration 3080 = 0.08315921516623348
Training loss on iteration 3100 = 0.16019747168684262
Training loss on iteration 3120 = 0.07352355557595729
Training loss on iteration 3140 = 0.1114074372802861
Training loss on iteration 3160 = 0.16486692398466402
Training loss on iteration 3180 = 0.2122958199121058
Training loss on iteration 3200 = 0.08335872187453788
Training loss on iteration 3220 = 0.1656449905683985
Training loss on iteration 3240 = 0.09446865810314194
Training loss on iteration 3260 = 0.1353374027297832
Training loss on iteration 3280 = 0.07319832990178839
Training loss on iteration 3300 = 0.19701259520152234
Training loss on iteration 3320 = 0.13004543066490443
Training loss on iteration 3340 = 0.03895149828749709
Training loss on iteration 3360 = 0.06842156179336598
Training loss on iteration 3380 = 0.10793404662690591
Training loss on iteration 3400 = 0.3626429726369679
Training loss on iteration 3420 = 0.2892545364855323
Training loss on iteration 3440 = 0.098451360461695
Training loss on iteration 3460 = 0.2138187708100304
Training loss on iteration 3480 = 0.19565320829860866
Training loss on iteration 3500 = 0.19214212221559138
Training loss on iteration 3520 = 0.17374683537054808
Training loss on iteration 3540 = 0.16540352725423874
Training loss on iteration 3560 = 0.10817260690382682
Training loss on iteration 3580 = 0.11606516353785992
Training loss on iteration 3600 = 0.1890395741444081
Training loss on iteration 3620 = 0.03661019268911332
Training loss on iteration 3640 = 0.0897427693271311
Training loss on iteration 3660 = 0.16786201146314852
Training loss on iteration 3680 = 0.15550260318923392
Training loss on iteration 3700 = 0.1391940722387517
Training loss on iteration 3720 = 0.2497364711947739
Training loss on iteration 3740 = 0.47909275288984643
Training loss on iteration 3760 = 0.45607210522039165
Training loss on iteration 3780 = 0.1658840455202153
Training loss on iteration 3800 = 0.11673526360573305
Training loss on iteration 3820 = 0.15922618727199733
Training loss on iteration 3840 = 0.055214707329287196
Training loss on iteration 3860 = 0.07746863440042943
Training loss on iteration 3880 = 0.0993462476595596
Training loss on iteration 3900 = 0.1126666892960202
Training loss on iteration 3920 = 0.18046426287619396
Training loss on iteration 3940 = 0.14921844175551086
Training loss on iteration 3960 = 0.07491540437331423
Training loss on iteration 3980 = 0.05200804916967172
Training loss on iteration 4000 = 0.09863290187495295
Training loss on iteration 4020 = 0.09986325179925189
Training loss on iteration 4040 = 0.08931521774211433
Training loss on iteration 4060 = 0.07463675409089773
Training loss on iteration 4080 = 0.16719403321039863
Training loss on iteration 4100 = 0.1373348754597828
Training loss on iteration 4120 = 0.21992656927905047
Training loss on iteration 4140 = 0.10561915992293507
Training loss on iteration 4160 = 0.3353412214433774
Training loss on iteration 4180 = 0.06747567108468502
Training loss on iteration 4200 = 0.07838819285534555
Training loss on iteration 4220 = 0.10759612712645321
Training loss on iteration 4240 = 0.14822625872575373
Training loss on iteration 4260 = 0.11378652396961116
Training loss on iteration 4280 = 0.12177446058485657
Training loss on iteration 4300 = 0.11978863859549164
Training loss on iteration 4320 = 0.1017776298103854
Training loss on iteration 4340 = 0.1607742493506521
Training loss on iteration 4360 = 0.11631854469887912
Training loss on iteration 4380 = 0.13668445869116114
Training loss on iteration 4400 = 0.06057911100215278
Training loss on iteration 4420 = 0.038183273837785234
Training loss on iteration 4440 = 0.1313621399422118
Training loss on iteration 4460 = 0.22746475306921637
Training loss on iteration 4480 = 0.290909504937008
Training loss on iteration 4500 = 0.19123487444594503
Training loss on iteration 4520 = 0.06667112613504286
Training loss on iteration 4540 = 0.10441833281656727
Training loss on iteration 4560 = 0.07457361040869728
Training loss on iteration 4580 = 0.07103772911941633
Training loss on iteration 4600 = 0.40351511396002027
Training loss on iteration 4620 = 0.10547286217333748
Training loss on iteration 4640 = 0.07879838907430212
Training loss on iteration 4660 = 0.08238433010483277
Training loss on iteration 4680 = 0.17599452596186893
Training loss on iteration 4700 = 0.27064709095284345
Training loss on iteration 4720 = 0.23768748351139948
Training loss on iteration 4740 = 0.0925318541314482
Training loss on iteration 4760 = 0.3473834052681923
Training loss on iteration 4780 = 0.3634721379261464
Training loss on iteration 4800 = 0.34477602534170726
Training loss on iteration 4820 = 0.1789812902396079
Training loss on iteration 4840 = 0.14146801707101986
Training loss on iteration 4860 = 0.14485554432030767
Training loss on iteration 4880 = 0.11117452933685854
Training loss on iteration 4900 = 0.125034925158252
Training loss on iteration 4920 = 0.1412629577680491
Training loss on iteration 4940 = 0.11185786908026785
Training loss on iteration 4960 = 0.10784167800738942
Training loss on iteration 4980 = 0.0763613766641356
Training loss on iteration 5000 = 0.09640995360750822
Training loss on iteration 5020 = 0.07425576022360474
Training loss on iteration 5040 = 0.14574458515271543
Training loss on iteration 5060 = 0.1167267628479749
Training loss on iteration 5080 = 0.18351541862357407
Training loss on iteration 5100 = 0.17775505757308566
Training loss on iteration 5120 = 0.13157474459148943
Training loss on iteration 5140 = 0.15470526546487234
Training loss on iteration 5160 = 0.1452732355799526
Training loss on iteration 5180 = 0.10283521490637212
Training loss on iteration 5200 = 0.20661235635634512
Training loss on iteration 5220 = 0.11609625457203947
Training loss on iteration 5240 = 0.12582227517850697
Training loss on iteration 5260 = 0.09839183491712902
Training loss on iteration 5280 = 0.10187885169871151
Training loss on iteration 5300 = 0.2704822188592516
Training loss on iteration 5320 = 0.06221859792713076
Training loss on iteration 5340 = 0.12113596247509122
Training loss on iteration 5360 = 0.05899132105987519
Training loss on iteration 5380 = 0.12045611385256053
Training loss on iteration 5400 = 0.1355752159783151
Training loss on iteration 5420 = 0.24644763999967836
Training loss on iteration 5440 = 0.1240290471818298
Training loss on iteration 5460 = 0.15597572838887572
Training loss on iteration 5480 = 0.10846770803909749
Training loss on iteration 5500 = 0.12243224128033034
Training loss on iteration 5520 = 0.0813406094792299
Training loss on iteration 5540 = 0.07278092974593164
Training loss on iteration 5560 = 0.19493784840742592
Training loss on iteration 5580 = 0.19131636719685047
Training loss on iteration 5600 = 0.1431621084018843
### EVAL:: Epoch 8:: Loss = 0.0985926804373516 :: ACC = 0.9610503709488482, AUC = 0.9968984520762509, EER = 0.025771183131589222
Training on epoch 9
Training loss on iteration 0 = 0.068118616938591
Training loss on iteration 20 = 0.07153734012972564
Training loss on iteration 40 = 0.14275343590416015
Training loss on iteration 60 = 0.14170011166715996
Training loss on iteration 80 = 0.18059190260246397
Training loss on iteration 100 = 0.03101262665768445
Training loss on iteration 120 = 0.09223992375736997
Training loss on iteration 140 = 0.1504454542940948
Training loss on iteration 160 = 0.1365038286196068
Training loss on iteration 180 = 0.16582984899578151
Training loss on iteration 200 = 0.13612157539464534
Training loss on iteration 220 = 0.17133039394393562
Training loss on iteration 240 = 0.1062509452458471
Training loss on iteration 260 = 0.0792958478210494
Training loss on iteration 280 = 0.09218987025087699
Training loss on iteration 300 = 0.11522190237883478
Training loss on iteration 320 = 0.09458452500693966
Training loss on iteration 340 = 0.13925079808104784
Training loss on iteration 360 = 0.08026266403030605
Training loss on iteration 380 = 0.08625709263142198
Training loss on iteration 400 = 0.06947144099685829
Training loss on iteration 420 = 0.1601333866652567
Training loss on iteration 440 = 0.3364499686518684
Training loss on iteration 460 = 0.3188285369076766
Training loss on iteration 480 = 0.837186755505536
Training loss on iteration 500 = 0.8986219265498221
Training loss on iteration 520 = 1.2639947407937142
Training loss on iteration 540 = 0.2510775078088045
Training loss on iteration 560 = 0.20377528733806685
Training loss on iteration 580 = 0.15593089156318457
Training loss on iteration 600 = 0.14939385827747173
Training loss on iteration 620 = 0.2182021355634788
Training loss on iteration 640 = 0.10124845479149372
Training loss on iteration 660 = 0.13037594861816615
Training loss on iteration 680 = 0.09351442990591749
Training loss on iteration 700 = 0.25402810509694973
Training loss on iteration 720 = 0.17146686379273887
Training loss on iteration 740 = 0.1854629840119742
Training loss on iteration 760 = 0.11655322527512908
Training loss on iteration 780 = 0.16577188349328936
Training loss on iteration 800 = 0.21099786995910108
Training loss on iteration 820 = 0.9321845473721624
Training loss on iteration 840 = 0.8850627187173814
Training loss on iteration 860 = 0.2890323526225984
Training loss on iteration 880 = 0.22098563667968846
Training loss on iteration 900 = 0.04214102956757415
Training loss on iteration 920 = 0.07494036163261626
Training loss on iteration 940 = 0.19148704179388004
Training loss on iteration 960 = 0.12192994204815477
Training loss on iteration 980 = 0.034735595510574056
Training loss on iteration 1000 = 0.13108524716226383
Training loss on iteration 1020 = 0.1370717078447342
Training loss on iteration 1040 = 0.09698111780453474
Training loss on iteration 1060 = 0.11085267451708206
Training loss on iteration 1080 = 0.11933295173803345
Training loss on iteration 1100 = 0.1411091490939725
Training loss on iteration 1120 = 0.1289217783662025
Training loss on iteration 1140 = 0.12733105542138218
Training loss on iteration 1160 = 0.12194466898217797
Training loss on iteration 1180 = 0.1625216999440454
Training loss on iteration 1200 = 0.20924217288848013
Training loss on iteration 1220 = 0.0899188912822865
Training loss on iteration 1240 = 0.12856054743751882
Training loss on iteration 1260 = 0.12044699685066007
Training loss on iteration 1280 = 0.185878028254956
Training loss on iteration 1300 = 0.15349768418818713
Training loss on iteration 1320 = 0.14991819388233124
Training loss on iteration 1340 = 0.11656197835691273
Training loss on iteration 1360 = 0.09972002281574532
Training loss on iteration 1380 = 0.16612811980303377
Training loss on iteration 1400 = 0.11845489908009768
Training loss on iteration 1420 = 0.11698825815692544
Training loss on iteration 1440 = 0.06719211186282337
Training loss on iteration 1460 = 0.08119251370662824
Training loss on iteration 1480 = 0.09560420928755775
Training loss on iteration 1500 = 0.09091360862366855
Training loss on iteration 1520 = 0.08577405904070474
Training loss on iteration 1540 = 0.13005008097970858
Training loss on iteration 1560 = 0.294926866190508
Training loss on iteration 1580 = 0.09701249208301306
Training loss on iteration 1600 = 0.11655570133589208
Training loss on iteration 1620 = 0.07027916076476685
Training loss on iteration 1640 = 0.16118155932344963
Training loss on iteration 1660 = 0.09552304154494777
Training loss on iteration 1680 = 0.0665078290097881
Training loss on iteration 1700 = 0.1093367440480506
Training loss on iteration 1720 = 0.15451135062612592
Training loss on iteration 1740 = 0.059144847188144924
Training loss on iteration 1760 = 0.05362808261997998
Training loss on iteration 1780 = 0.03380987852287944
Training loss on iteration 1800 = 0.0504789182676177
Training loss on iteration 1820 = 0.10817690970143304
Training loss on iteration 1840 = 0.07609595078392886
Training loss on iteration 1860 = 0.08876789763162378
Training loss on iteration 1880 = 0.11408110246993601
Training loss on iteration 1900 = 0.15278943239245563
Training loss on iteration 1920 = 0.17835369936656206
Training loss on iteration 1940 = 0.11486309221945704
Training loss on iteration 1960 = 0.06940556276822463
Training loss on iteration 1980 = 0.15722772359731607
Training loss on iteration 2000 = 0.08516466898145154
Training loss on iteration 2020 = 0.12367294090799988
Training loss on iteration 2040 = 0.10407741136023105
Training loss on iteration 2060 = 0.1916687260425533
Training loss on iteration 2080 = 0.2765451478364412
Training loss on iteration 2100 = 0.17112123421393335
Training loss on iteration 2120 = 0.30321273793524595
Training loss on iteration 2140 = 0.11907281728927047
Training loss on iteration 2160 = 0.19402682534419
Training loss on iteration 2180 = 0.27214457003574355
Training loss on iteration 2200 = 0.2792157071933616
Training loss on iteration 2220 = 0.25309539447771384
Training loss on iteration 2240 = 0.10804168393951841
Training loss on iteration 2260 = 0.10464371924463194
Training loss on iteration 2280 = 0.17674825175199657
Training loss on iteration 2300 = 0.17182909265393392
Training loss on iteration 2320 = 0.12447115168906749
Training loss on iteration 2340 = 0.12141320465016178
Training loss on iteration 2360 = 0.14609651051578113
Training loss on iteration 2380 = 0.07190111789386719
Training loss on iteration 2400 = 0.2591081005753949
Training loss on iteration 2420 = 0.09807591482531279
Training loss on iteration 2440 = 0.16689182233531027
Training loss on iteration 2460 = 0.09071669991099043
Training loss on iteration 2480 = 0.04853697406942956
Training loss on iteration 2500 = 0.2663783910451457
Training loss on iteration 2520 = 0.14051882855128497
Training loss on iteration 2540 = 0.20228581252740696
Training loss on iteration 2560 = 0.25077667015139016
Training loss on iteration 2580 = 0.18015258356463165
Training loss on iteration 2600 = 0.098660803103121
Training loss on iteration 2620 = 0.26648911377415063
Training loss on iteration 2640 = 0.2671254432760179
Training loss on iteration 2660 = 0.12548881953553065
Training loss on iteration 2680 = 0.22520614718960133
Training loss on iteration 2700 = 0.23326368117850507
Training loss on iteration 2720 = 0.289944979421125
Training loss on iteration 2740 = 0.2128438805739279
Training loss on iteration 2760 = 0.6549585791557547
Training loss on iteration 2780 = 0.32995471887115857
Training loss on iteration 2800 = 0.22070474977590493
Training loss on iteration 2820 = 0.25278681677446
Training loss on iteration 2840 = 0.12989780410716775
Training loss on iteration 2860 = 0.06302655021718237
Training loss on iteration 2880 = 0.2244827729642566
Training loss on iteration 2900 = 0.1003260406665504
Training loss on iteration 2920 = 0.10909800110384822
Training loss on iteration 2940 = 0.11388614231254905
Training loss on iteration 2960 = 0.05060122301802039
Training loss on iteration 2980 = 0.15572772799059748
Training loss on iteration 3000 = 0.14867673083208502
Training loss on iteration 3020 = 0.1663092161063105
Training loss on iteration 3040 = 0.22012088652700185
Training loss on iteration 3060 = 0.16800539204850792
Training loss on iteration 3080 = 0.15733053362928331
Training loss on iteration 3100 = 0.21153922583907842
Training loss on iteration 3120 = 0.11057577989995479
Training loss on iteration 3140 = 0.06924896195414476
Training loss on iteration 3160 = 0.13276575360214338
Training loss on iteration 3180 = 0.11230023612151854
Training loss on iteration 3200 = 0.21485807828139514
Training loss on iteration 3220 = 0.04650025034788996
Training loss on iteration 3240 = 0.05475353137189813
Training loss on iteration 3260 = 0.1309885624272283
Training loss on iteration 3280 = 0.17441434536813177
Training loss on iteration 3300 = 0.04309676599223167
Training loss on iteration 3320 = 0.04623051040689461
Training loss on iteration 3340 = 0.27850740193680396
Training loss on iteration 3360 = 0.3488449562340975
Training loss on iteration 3380 = 0.1548386934620794
Training loss on iteration 3400 = 0.16218640477745794
Training loss on iteration 3420 = 0.3151208812276309
Training loss on iteration 3440 = 0.22647739103267667
Training loss on iteration 3460 = 0.3034547990147985
Training loss on iteration 3480 = 0.30177142076136076
Training loss on iteration 3500 = 0.2937830208291416
Training loss on iteration 3520 = 0.05423665095377146
Training loss on iteration 3540 = 0.17078479022311513
Training loss on iteration 3560 = 0.10595898968458642
Training loss on iteration 3580 = 0.11356781986542046
Training loss on iteration 3600 = 0.31831945274025203
Training loss on iteration 3620 = 0.13502278822124936
Training loss on iteration 3640 = 0.1868403316504555
Training loss on iteration 3660 = 0.18301533199846745
Training loss on iteration 3680 = 0.10277787570375949
Training loss on iteration 3700 = 0.12160118274769047
Training loss on iteration 3720 = 0.11663058935664594
Training loss on iteration 3740 = 0.0965363294526469
Training loss on iteration 3760 = 0.11358291697979439
Training loss on iteration 3780 = 0.0803317865356803
Training loss on iteration 3800 = 0.07416005063569173
Training loss on iteration 3820 = 0.12373714185960125
Training loss on iteration 3840 = 0.08777007829630748
Training loss on iteration 3860 = 0.1758520535462594
Training loss on iteration 3880 = 0.16552528170868755
Training loss on iteration 3900 = 0.1343997257645242
Training loss on iteration 3920 = 0.25193271941679996
Training loss on iteration 3940 = 0.1334340506698936
Training loss on iteration 3960 = 0.09701964877313003
Training loss on iteration 3980 = 0.11140510222903685
Training loss on iteration 4000 = 0.15187973744759803
Training loss on iteration 4020 = 0.18117130391765385
Training loss on iteration 4040 = 0.12948201395338402
Training loss on iteration 4060 = 0.1353805817081593
Training loss on iteration 4080 = 0.02786459498165641
Training loss on iteration 4100 = 0.19794627211376792
Training loss on iteration 4120 = 0.09154674490710021
Training loss on iteration 4140 = 0.15161930962567566
Training loss on iteration 4160 = 0.08740375952329486
Training loss on iteration 4180 = 0.08313867754768581
Training loss on iteration 4200 = 0.06685339426912833
Training loss on iteration 4220 = 0.12681285218859556
Training loss on iteration 4240 = 0.14650732988957316
Training loss on iteration 4260 = 0.08612319139647298
Training loss on iteration 4280 = 0.10745281567797065
Training loss on iteration 4300 = 0.0642382592195645
Training loss on iteration 4320 = 0.14919857627828606
Training loss on iteration 4340 = 0.08435763025190682
Training loss on iteration 4360 = 0.14764858743583317
Training loss on iteration 4380 = 0.08490311921341345
Training loss on iteration 4400 = 0.06412158304592594
Training loss on iteration 4420 = 0.08156320296475314
Training loss on iteration 4440 = 0.17152817111564217
Training loss on iteration 4460 = 0.19536540671251715
Training loss on iteration 4480 = 0.12163873361423612
Training loss on iteration 4500 = 0.10843745111487806
Training loss on iteration 4520 = 0.09711672520934371
Training loss on iteration 4540 = 0.11883802670054137
Training loss on iteration 4560 = 0.091017373703653
Training loss on iteration 4580 = 0.08464767764380668
Training loss on iteration 4600 = 0.1011574956106415
Training loss on iteration 4620 = 0.23270838849712164
Training loss on iteration 4640 = 0.2935858294251375
Training loss on iteration 4660 = 0.1841293501900509
Training loss on iteration 4680 = 0.12996264582907316
Training loss on iteration 4700 = 0.1333387557999231
Training loss on iteration 4720 = 0.0769588875817135
Training loss on iteration 4740 = 0.2536794137515244
Training loss on iteration 4760 = 0.4080902340512694
Training loss on iteration 4780 = 0.30508567154683985
Training loss on iteration 4800 = 0.13340851513203233
Training loss on iteration 4820 = 0.15261673973000142
Training loss on iteration 4840 = 0.33887569382204674
Training loss on iteration 4860 = 0.26025462641846386
Training loss on iteration 4880 = 0.2383937547681853
Training loss on iteration 4900 = 0.1345508529804647
Training loss on iteration 4920 = 0.25767737329006196
Training loss on iteration 4940 = 0.16654611945559736
Training loss on iteration 4960 = 0.12843797095119952
Training loss on iteration 4980 = 0.11721970799844712
Training loss on iteration 5000 = 0.13954613296446042
Training loss on iteration 5020 = 0.19049638444557787
Training loss on iteration 5040 = 0.22979080065269955
Training loss on iteration 5060 = 0.12695372940506786
Training loss on iteration 5080 = 0.13421317557804285
Training loss on iteration 5100 = 0.22912202661391348
Training loss on iteration 5120 = 0.13490298950346186
Training loss on iteration 5140 = 0.14561102122534067
Training loss on iteration 5160 = 0.15470576494117266
Training loss on iteration 5180 = 0.20973560110214748
Training loss on iteration 5200 = 0.6902832054591272
Training loss on iteration 5220 = 0.4954523055432219
Training loss on iteration 5240 = 0.3158353823360812
Training loss on iteration 5260 = 0.5536217158201907
Training loss on iteration 5280 = 0.5370706123678246
Training loss on iteration 5300 = 0.12051710400846787
Training loss on iteration 5320 = 0.1192645243165316
Training loss on iteration 5340 = 0.14079123551928205
Training loss on iteration 5360 = 0.09419913633028046
Training loss on iteration 5380 = 0.22305658429468167
Training loss on iteration 5400 = 0.06218181230360642
Training loss on iteration 5420 = 0.2956497182225576
Training loss on iteration 5440 = 0.06681318418850424
Training loss on iteration 5460 = 0.3396671588823665
Training loss on iteration 5480 = 0.12988536970951828
Training loss on iteration 5500 = 0.12374586530859233
Training loss on iteration 5520 = 0.10930537865497172
Training loss on iteration 5540 = 0.12273600024927873
Training loss on iteration 5560 = 0.1366027943789959
Training loss on iteration 5580 = 0.1631872630212456
Training loss on iteration 5600 = 0.223095324067981
### EVAL:: Epoch 9:: Loss = 0.059012434017002374 :: ACC = 0.9791585318235064, AUC = 0.9918487013321651, EER = 0.03768059351815697
Training on epoch 10
Training loss on iteration 0 = 0.005151079036295414
Training loss on iteration 20 = 0.10651431726873853
Training loss on iteration 40 = 0.07352425823919476
Training loss on iteration 60 = 0.12807231440674513
Training loss on iteration 80 = 0.0392991902801441
Training loss on iteration 100 = 0.10924256253056228
Training loss on iteration 120 = 0.038835413980996235
Training loss on iteration 140 = 0.1545573809184134
Training loss on iteration 160 = 0.10414337739348412
Training loss on iteration 180 = 0.13300284565775655
Training loss on iteration 200 = 0.05386451736849267
Training loss on iteration 220 = 0.11849173716036603
Training loss on iteration 240 = 0.14607109596254303
Training loss on iteration 260 = 0.06474062741035595
Training loss on iteration 280 = 0.05576979650650173
Training loss on iteration 300 = 0.1308448120151297
Training loss on iteration 320 = 0.13325580104719847
Training loss on iteration 340 = 0.08037676224921597
Training loss on iteration 360 = 0.04994983620126732
Training loss on iteration 380 = 0.17721280348778237
Training loss on iteration 400 = 0.12349900235421955
Training loss on iteration 420 = 0.054722618241794405
Training loss on iteration 440 = 0.10600030003697611
Training loss on iteration 460 = 0.08297241934924386
Training loss on iteration 480 = 0.07116996021068189
Training loss on iteration 500 = 0.1461589038022794
Training loss on iteration 520 = 0.06511552187730558
Training loss on iteration 540 = 0.11773518488771514
Training loss on iteration 560 = 0.06515936967916787
Training loss on iteration 580 = 0.132984220655635
Training loss on iteration 600 = 0.1549864023909322
Training loss on iteration 620 = 0.15212274478399196
Training loss on iteration 640 = 0.20347946501387923
Training loss on iteration 660 = 0.12247486562846462
Training loss on iteration 680 = 0.06378895121233655
Training loss on iteration 700 = 0.10587816902698251
Training loss on iteration 720 = 0.30398015331011263
Training loss on iteration 740 = 0.2790945424701931
Training loss on iteration 760 = 0.21690943062421866
Training loss on iteration 780 = 0.45902010817080735
Training loss on iteration 800 = 0.1885485818143934
Training loss on iteration 820 = 0.4631165773142129
Training loss on iteration 840 = 0.22872239153948612
Training loss on iteration 860 = 0.22169494905974715
Training loss on iteration 880 = 0.14943625948217232
Training loss on iteration 900 = 0.08176237776642666
Training loss on iteration 920 = 0.07455584235140122
Training loss on iteration 940 = 0.10692722588282777
Training loss on iteration 960 = 0.1279948262468679
Training loss on iteration 980 = 0.05898480441537686
Training loss on iteration 1000 = 0.07865854235133156
Training loss on iteration 1020 = 0.1812291784393892
Training loss on iteration 1040 = 0.11707921366032678
Training loss on iteration 1060 = 0.04722592802718282
Training loss on iteration 1080 = 0.020721194849465975
Training loss on iteration 1100 = 0.12469207711110357
Training loss on iteration 1120 = 0.08716820137342438
Training loss on iteration 1140 = 0.07615673284162768
Training loss on iteration 1160 = 0.08997678434243425
Training loss on iteration 1180 = 0.07147968232166022
Training loss on iteration 1200 = 0.14198185930144974
Training loss on iteration 1220 = 0.0864903536537895
Training loss on iteration 1240 = 0.0820256842765957
Training loss on iteration 1260 = 0.05070025596651249
Training loss on iteration 1280 = 0.12752616333891637
Training loss on iteration 1300 = 0.13636145178461448
Training loss on iteration 1320 = 0.1005728314165026
Training loss on iteration 1340 = 0.0868172955000773
Training loss on iteration 1360 = 0.15189347698178607
Training loss on iteration 1380 = 0.12072089929133653
Training loss on iteration 1400 = 0.13530031208065338
Training loss on iteration 1420 = 0.0736484738648869
Training loss on iteration 1440 = 0.07132457778789103
Training loss on iteration 1460 = 0.14128828772809357
Training loss on iteration 1480 = 0.1294146167987492
Training loss on iteration 1500 = 0.07259550731396303
Training loss on iteration 1520 = 0.15993834277323912
Training loss on iteration 1540 = 0.3107051915023476
Training loss on iteration 1560 = 0.32052571955136955
Training loss on iteration 1580 = 0.16151647177612177
Training loss on iteration 1600 = 0.22708328303681355
Training loss on iteration 1620 = 0.2123984486426707
Training loss on iteration 1640 = 0.05483933978393907
Training loss on iteration 1660 = 0.22942537045455538
Training loss on iteration 1680 = 0.2142907087531057
Training loss on iteration 1700 = 0.2412916472821962
Training loss on iteration 1720 = 0.21658492712303995
Training loss on iteration 1740 = 0.12271539035136811
Training loss on iteration 1760 = 0.10722466896349943
Training loss on iteration 1780 = 0.1553817685598915
Training loss on iteration 1800 = 0.09008668130263686
Training loss on iteration 1820 = 0.13375464946257126
Training loss on iteration 1840 = 0.28824833398393823
Training loss on iteration 1860 = 0.13810913515044376
Training loss on iteration 1880 = 0.0894933864416089
Training loss on iteration 1900 = 0.19030664374586195
Training loss on iteration 1920 = 0.0800494665512815
Training loss on iteration 1940 = 0.038146044290624556
Training loss on iteration 1960 = 0.15908863174495308
Training loss on iteration 1980 = 0.17694198157551
Training loss on iteration 2000 = 0.08757468628464267
Training loss on iteration 2020 = 0.10014001245435793
Training loss on iteration 2040 = 0.21186448111693607
Training loss on iteration 2060 = 0.16631322694884149
Training loss on iteration 2080 = 0.14549400291871278
Training loss on iteration 2100 = 0.38441364358441205
Training loss on iteration 2120 = 0.1754757415386848
Training loss on iteration 2140 = 0.29914991862606255
Training loss on iteration 2160 = 0.5393887251149863
Training loss on iteration 2180 = 0.21951335337944328
Training loss on iteration 2200 = 0.08687383466167375
Training loss on iteration 2220 = 0.19623022535815834
Training loss on iteration 2240 = 0.14900091394720222
Training loss on iteration 2260 = 0.18678210563957692
Training loss on iteration 2280 = 0.24443165369448253
Training loss on iteration 2300 = 0.19671343945665284
Training loss on iteration 2320 = 0.12329752119258046
Training loss on iteration 2340 = 0.1906811695545912
Training loss on iteration 2360 = 0.16761113399406896
Training loss on iteration 2380 = 0.18983610924333333
Training loss on iteration 2400 = 0.13684698692522942
Training loss on iteration 2420 = 0.19746515720908064
Training loss on iteration 2440 = 0.23196486218075735
Training loss on iteration 2460 = 0.15373874308425
Training loss on iteration 2480 = 0.26249226490035654
Training loss on iteration 2500 = 0.23166009781270985
Training loss on iteration 2520 = 0.26124563845805826
Training loss on iteration 2540 = 0.2575838881894015
Training loss on iteration 2560 = 0.41954843666753733
Training loss on iteration 2580 = 0.2927510123467073
Training loss on iteration 2600 = 0.20076081653824077
Training loss on iteration 2620 = 0.10143682535272092
Training loss on iteration 2640 = 0.08360890445619588
Training loss on iteration 2660 = 0.0404852781619411
Training loss on iteration 2680 = 0.19179132978897542
Training loss on iteration 2700 = 0.1576587086194195
Training loss on iteration 2720 = 0.1921911482932046
Training loss on iteration 2740 = 0.0767775796703063
Training loss on iteration 2760 = 0.16406498224241658
Training loss on iteration 2780 = 0.1244100705254823
Training loss on iteration 2800 = 0.1301942621357739
Training loss on iteration 2820 = 0.10246554833138362
Training loss on iteration 2840 = 0.22876346177654341
Training loss on iteration 2860 = 0.09373034744639881
Training loss on iteration 2880 = 0.0640563132474199
Training loss on iteration 2900 = 0.13188569398480468
Training loss on iteration 2920 = 0.08527250865008681
Training loss on iteration 2940 = 0.16480271447217093
Training loss on iteration 2960 = 0.18543022770318202
Training loss on iteration 2980 = 0.14971352039356134
Training loss on iteration 3000 = 0.17497085094219073
Training loss on iteration 3020 = 0.11998029293026775
Training loss on iteration 3040 = 0.15994338750606402
Training loss on iteration 3060 = 0.08673981321044266
Training loss on iteration 3080 = 0.1136840961087728
Training loss on iteration 3100 = 0.11469780085026286
Training loss on iteration 3120 = 0.13913267210591584
Training loss on iteration 3140 = 0.11145319850184024
Training loss on iteration 3160 = 0.08944836478913203
Training loss on iteration 3180 = 0.1453221782343462
Training loss on iteration 3200 = 0.11990682517644018
Training loss on iteration 3220 = 0.10887260048184544
Training loss on iteration 3240 = 0.2299126963946037
Training loss on iteration 3260 = 0.1520300094562117
Training loss on iteration 3280 = 0.1765688324579969
Training loss on iteration 3300 = 0.14364941315725446
Training loss on iteration 3320 = 0.11845722906000447
Training loss on iteration 3340 = 0.11839522027585189
Training loss on iteration 3360 = 0.1516312349936925
Training loss on iteration 3380 = 0.07431681487942114
Training loss on iteration 3400 = 0.15287048363825306
Training loss on iteration 3420 = 0.056053689902182666
Training loss on iteration 3440 = 0.1353926620882703
Training loss on iteration 3460 = 0.1725628411397338
Training loss on iteration 3480 = 0.22712425743811765
Training loss on iteration 3500 = 0.17309249220998027
Training loss on iteration 3520 = 0.12236617809394375
Training loss on iteration 3540 = 0.17939387978985905
Training loss on iteration 3560 = 0.08915321246022359
Training loss on iteration 3580 = 0.216043553838972
Training loss on iteration 3600 = 0.13545101523050107
Training loss on iteration 3620 = 0.15696883793571031
Training loss on iteration 3640 = 0.06830959937651641
Training loss on iteration 3660 = 0.45886926766615943
Training loss on iteration 3680 = 0.09862488733569989
Training loss on iteration 3700 = 0.28809804818556584
Training loss on iteration 3720 = 0.32992723241768546
Training loss on iteration 3740 = 0.3423882242156651
Training loss on iteration 3760 = 0.19342203824344323
Training loss on iteration 3780 = 0.14251647351775318
Training loss on iteration 3800 = 0.12923511113040148
Training loss on iteration 3820 = 0.08725310344598255
Training loss on iteration 3840 = 0.12438706452521728
Training loss on iteration 3860 = 0.1415744076075498
Training loss on iteration 3880 = 0.1387060725461197
Training loss on iteration 3900 = 0.27245074428792576
Training loss on iteration 3920 = 0.19588209238863782
Training loss on iteration 3940 = 0.26839783760224234
Training loss on iteration 3960 = 0.6135279510053806
Training loss on iteration 3980 = 0.2731728932194528
Training loss on iteration 4000 = 0.1541522221206833
Training loss on iteration 4020 = 0.16938495525100733
Training loss on iteration 4040 = 0.7563173947390169
Training loss on iteration 4060 = 0.3696313181277219
Training loss on iteration 4080 = 0.3917023221089039
Training loss on iteration 4100 = 0.2197156399841333
Training loss on iteration 4120 = 0.17836940286215394
Training loss on iteration 4140 = 0.09463767692213879
Training loss on iteration 4160 = 0.07570325554115698
Training loss on iteration 4180 = 0.07511898695374838
Training loss on iteration 4200 = 0.06849403251253534
Training loss on iteration 4220 = 0.09521172310196561
Training loss on iteration 4240 = 0.08117995963912109
Training loss on iteration 4260 = 0.22433833246468565
Training loss on iteration 4280 = 0.11564510719035752
Training loss on iteration 4300 = 0.1701319136656821
Training loss on iteration 4320 = 0.0968958260549698
Training loss on iteration 4340 = 0.06392265311442316
Training loss on iteration 4360 = 0.1981150213861838
Training loss on iteration 4380 = 0.12227724183903774
Training loss on iteration 4400 = 0.053220093963318504
Training loss on iteration 4420 = 0.13329436241474468
Training loss on iteration 4440 = 0.14664481760701165
Training loss on iteration 4460 = 0.12692660517641344
Training loss on iteration 4480 = 0.04449746925674845
Training loss on iteration 4500 = 0.07874888560036197
Training loss on iteration 4520 = 0.0881563835326233
Training loss on iteration 4540 = 0.18917748689636937
Training loss on iteration 4560 = 0.10753240639169234
Training loss on iteration 4580 = 0.10433106677955947
Training loss on iteration 4600 = 0.0956007787870476
Training loss on iteration 4620 = 0.11079010971589014
Training loss on iteration 4640 = 0.09507910411339253
Training loss on iteration 4660 = 0.12686965343891643
Training loss on iteration 4680 = 0.08837570378091186
Training loss on iteration 4700 = 0.02457354582147673
Training loss on iteration 4720 = 0.08443601625258453
Training loss on iteration 4740 = 0.05673558297858108
Training loss on iteration 4760 = 0.16107399134780281
Training loss on iteration 4780 = 0.11899613864370621
Training loss on iteration 4800 = 0.09324560951645253
Training loss on iteration 4820 = 0.07126496476266767
Training loss on iteration 4840 = 0.06649572587921285
Training loss on iteration 4860 = 0.10579409407509957
Training loss on iteration 4880 = 0.12772588476072996
Training loss on iteration 4900 = 0.04687174481805414
Training loss on iteration 4920 = 0.07247197531469282
Training loss on iteration 4940 = 0.10249024381337221
Training loss on iteration 4960 = 0.08938613865175285
Training loss on iteration 4980 = 0.14842835886083777
Training loss on iteration 5000 = 0.11223272774368524
Training loss on iteration 5020 = 0.11865359769981296
Training loss on iteration 5040 = 0.18829404918506043
Training loss on iteration 5060 = 0.3912579573923722
Training loss on iteration 5080 = 0.1904553191154264
Training loss on iteration 5100 = 0.08529980307794176
Training loss on iteration 5120 = 0.13109814340714365
Training loss on iteration 5140 = 0.12743131941388128
Training loss on iteration 5160 = 0.08285957179723483
Training loss on iteration 5180 = 0.27952831668662836
Training loss on iteration 5200 = 0.17480915125925095
Training loss on iteration 5220 = 0.10108429348911159
Training loss on iteration 5240 = 0.14493629985954612
Training loss on iteration 5260 = 0.09359989738441073
Training loss on iteration 5280 = 0.1657593310359516
Training loss on iteration 5300 = 0.24318414740264416
Training loss on iteration 5320 = 0.2359309570339974
Training loss on iteration 5340 = 0.23981210600904887
Training loss on iteration 5360 = 0.26587815880236576
Training loss on iteration 5380 = 0.16667812587620628
Training loss on iteration 5400 = 0.3299035767512123
Training loss on iteration 5420 = 0.10137310436839471
Training loss on iteration 5440 = 0.4169138696452137
Training loss on iteration 5460 = 0.24892638565506786
Training loss on iteration 5480 = 0.12260017459630035
Training loss on iteration 5500 = 0.22975063903722912
Training loss on iteration 5520 = 0.14907123504672198
Training loss on iteration 5540 = 0.11287324914010241
Training loss on iteration 5560 = 0.13570480724374648
Training loss on iteration 5580 = 0.0893497622688301
Training loss on iteration 5600 = 0.15224466509826015
### EVAL:: Epoch 10:: Loss = 0.10591071246696272 :: ACC = 0.961733697774307, AUC = 0.9976899173634615, EER = 0.020109332292073408
Training on epoch 11
Training loss on iteration 0 = 0.0001992687175516039
Training loss on iteration 20 = 0.05688391693547601
Training loss on iteration 40 = 0.2044608525582589
Training loss on iteration 60 = 0.07627389647532254
Training loss on iteration 80 = 0.11079426947981119
Training loss on iteration 100 = 0.1791702935472131
Training loss on iteration 120 = 0.18653081503580324
Training loss on iteration 140 = 0.36426486001582814
Training loss on iteration 160 = 0.48421155612300026
Training loss on iteration 180 = 0.51573857862968
Training loss on iteration 200 = 0.14579929996980354
Training loss on iteration 220 = 0.0851859956048429
Training loss on iteration 240 = 0.24670404036005494
Training loss on iteration 260 = 0.1006605641974602
Training loss on iteration 280 = 0.163713389064651
Training loss on iteration 300 = 0.1667462915647775
Training loss on iteration 320 = 0.16257515579927712
Training loss on iteration 340 = 0.05558772042641067
Training loss on iteration 360 = 0.23232537463500194
Training loss on iteration 380 = 0.24617042181198484
Training loss on iteration 400 = 0.09435125840973342
Training loss on iteration 420 = 0.05950321748896385
Training loss on iteration 440 = 0.23884347323910332
Training loss on iteration 460 = 0.07899829447560477
Training loss on iteration 480 = 0.09563199186213751
Training loss on iteration 500 = 0.03869108227081597
Training loss on iteration 520 = 0.14113448714197147
Training loss on iteration 540 = 0.0811678179888986
Training loss on iteration 560 = 0.13187564138497693
Training loss on iteration 580 = 0.1756162708159536
Training loss on iteration 600 = 0.10582970832329011
Training loss on iteration 620 = 0.11688466348859947
Training loss on iteration 640 = 0.09143957057385706
Training loss on iteration 660 = 0.14422047694097273
Training loss on iteration 680 = 0.275512707704911
Training loss on iteration 700 = 0.39075959598048937
Training loss on iteration 720 = 0.4607620477855619
Training loss on iteration 740 = 0.5124686077442675
Training loss on iteration 760 = 0.3128379001402209
Training loss on iteration 780 = 0.32557549038901923
Training loss on iteration 800 = 0.1122736342716962
Training loss on iteration 820 = 0.11311069994117133
Training loss on iteration 840 = 0.12549125841687783
Training loss on iteration 860 = 0.33128574010916056
Training loss on iteration 880 = 0.2565180582460016
Training loss on iteration 900 = 0.04572752260137349
Training loss on iteration 920 = 0.11310536521341419
Training loss on iteration 940 = 0.09587136065238155
Training loss on iteration 960 = 0.18651379180373623
Training loss on iteration 980 = 0.13519724474390388
Training loss on iteration 1000 = 0.15308447782881557
Training loss on iteration 1020 = 0.08145114888902753
Training loss on iteration 1040 = 0.11113384874770418
Training loss on iteration 1060 = 0.2747093148820568
Training loss on iteration 1080 = 0.11634705798642245
Training loss on iteration 1100 = 0.30381556996144354
Training loss on iteration 1120 = 0.4070641625497956
Training loss on iteration 1140 = 0.13991205827333034
Training loss on iteration 1160 = 0.13697953770169988
Training loss on iteration 1180 = 0.19200443720910698
Training loss on iteration 1200 = 0.1995152267976664
Training loss on iteration 1220 = 0.16202722834423183
Training loss on iteration 1240 = 0.14849333954043686
Training loss on iteration 1260 = 0.2109450043644756
Training loss on iteration 1280 = 0.10969858227763325
Training loss on iteration 1300 = 0.2006487198639661
Training loss on iteration 1320 = 0.07412585655692965
Training loss on iteration 1340 = 0.19798494049464352
Training loss on iteration 1360 = 0.1871649401029572
Training loss on iteration 1380 = 0.19665960143320263
Training loss on iteration 1400 = 0.21079698513785844
Training loss on iteration 1420 = 0.25336806212435475
Training loss on iteration 1440 = 0.3647226946312003
Training loss on iteration 1460 = 0.3002379615965765
Training loss on iteration 1480 = 0.2351370078045875
Training loss on iteration 1500 = 0.272616044303868
Training loss on iteration 1520 = 0.24245217461138963
Training loss on iteration 1540 = 0.2371303964871913
Training loss on iteration 1560 = 0.15341596426442267
Training loss on iteration 1580 = 0.13426911403075792
Training loss on iteration 1600 = 0.21149125720548909
Training loss on iteration 1620 = 0.13423657570383513
Training loss on iteration 1640 = 0.22770007225190056
Training loss on iteration 1660 = 0.2612150715023745
Training loss on iteration 1680 = 0.2295294277369976
Training loss on iteration 1700 = 0.09322695514274529
Training loss on iteration 1720 = 0.17335811685479713
Training loss on iteration 1740 = 0.19774735500104726
Training loss on iteration 1760 = 0.07577249078312889
Training loss on iteration 1780 = 0.17748996467898906
Training loss on iteration 1800 = 0.19214667682244907
Training loss on iteration 1820 = 0.14826908786781132
Training loss on iteration 1840 = 0.09345994058530778
Training loss on iteration 1860 = 0.2613210194860585
Training loss on iteration 1880 = 0.17233504513278602
Training loss on iteration 1900 = 0.14761249964067247
Training loss on iteration 1920 = 0.16488815121119843
Training loss on iteration 1940 = 0.1612861735513434
Training loss on iteration 1960 = 0.15757728724274783
Training loss on iteration 1980 = 0.1383828205638565
Training loss on iteration 2000 = 0.16053379559889436
Training loss on iteration 2020 = 0.08110010100062937
Training loss on iteration 2040 = 0.19890412520617246
Training loss on iteration 2060 = 0.1458465874195099
Training loss on iteration 2080 = 0.158322737069102
Training loss on iteration 2100 = 0.9739517403766513
Training loss on iteration 2120 = 0.16558354652806884
Training loss on iteration 2140 = 0.5637489458415075
Training loss on iteration 2160 = 0.19895903555734548
Training loss on iteration 2180 = 0.041941506666626084
Training loss on iteration 2200 = 0.12875368096865714
Training loss on iteration 2220 = 0.09490613922826015
Training loss on iteration 2240 = 0.09242238654987886
Training loss on iteration 2260 = 0.1305254628357943
Training loss on iteration 2280 = 0.14733978545700666
Training loss on iteration 2300 = 0.11909742164425552
Training loss on iteration 2320 = 0.046740949709783305
Training loss on iteration 2340 = 0.09878232167684473
Training loss on iteration 2360 = 0.10483910890179686
Training loss on iteration 2380 = 0.04401910646702163
Training loss on iteration 2400 = 0.11991964314365759
Training loss on iteration 2420 = 0.1348675709683448
Training loss on iteration 2440 = 0.08613486925023608
Training loss on iteration 2460 = 0.11360416651004926
Training loss on iteration 2480 = 0.0680441100441385
Training loss on iteration 2500 = 0.054216849097429076
Training loss on iteration 2520 = 0.13400439838296735
Training loss on iteration 2540 = 0.08908277384471149
Training loss on iteration 2560 = 0.21984866349957882
Training loss on iteration 2580 = 0.1630468236748129
Training loss on iteration 2600 = 0.10287179320584983
Training loss on iteration 2620 = 0.164729357464239
Training loss on iteration 2640 = 0.15732361988630145
Training loss on iteration 2660 = 0.05006485829726444
Training loss on iteration 2680 = 0.24395072883926333
Training loss on iteration 2700 = 0.13359052010346203
Training loss on iteration 2720 = 0.14094998472428416
Training loss on iteration 2740 = 0.04435543059807969
Training loss on iteration 2760 = 0.20978857438021806
Training loss on iteration 2780 = 0.17219707847107202
Training loss on iteration 2800 = 0.10266769955633208
Training loss on iteration 2820 = 0.1938506743463222
Training loss on iteration 2840 = 0.20322354992094915
Training loss on iteration 2860 = 0.19748267908580602
Training loss on iteration 2880 = 0.08973137568682432
Training loss on iteration 2900 = 0.12875021178624593
Training loss on iteration 2920 = 0.10609835374052637
Training loss on iteration 2940 = 0.23026542711886577
Training loss on iteration 2960 = 0.28839591795695013
Training loss on iteration 2980 = 0.08043027753155911
Training loss on iteration 3000 = 0.24619882496190257
Training loss on iteration 3020 = 0.22157810120843352
Training loss on iteration 3040 = 0.1733890517032705
Training loss on iteration 3060 = 0.0776352385408245
Training loss on iteration 3080 = 0.03833269215610926
Training loss on iteration 3100 = 0.19207719340920448
Training loss on iteration 3120 = 0.06994292475865223
Training loss on iteration 3140 = 0.12455739932192955
Training loss on iteration 3160 = 0.08411578735103831
Training loss on iteration 3180 = 0.1189850471506361
Training loss on iteration 3200 = 0.09354126572725363
Training loss on iteration 3220 = 0.11305752727785148
Training loss on iteration 3240 = 0.059226702633895914
Training loss on iteration 3260 = 0.07133739275159315
Training loss on iteration 3280 = 0.11382528384274337
Training loss on iteration 3300 = 0.16748431445157622
Training loss on iteration 3320 = 0.13056165697635153
Training loss on iteration 3340 = 0.33260887167707553
Training loss on iteration 3360 = 0.17307421019067987
Training loss on iteration 3380 = 0.17826406471431255
Training loss on iteration 3400 = 0.0744584885535005
Training loss on iteration 3420 = 0.212807364998298
Training loss on iteration 3440 = 0.18526958348229527
Training loss on iteration 3460 = 0.1198370780562982
Training loss on iteration 3480 = 0.23814254625467585
Training loss on iteration 3500 = 0.22101085537287873
Training loss on iteration 3520 = 0.04665005831193412
Training loss on iteration 3540 = 0.21841804450377822
Training loss on iteration 3560 = 0.48708758648135697
Training loss on iteration 3580 = 0.30929406358627604
Training loss on iteration 3600 = 0.24769971162168075
Training loss on iteration 3620 = 0.3350306980486494
Training loss on iteration 3640 = 0.19092018564770113
Training loss on iteration 3660 = 0.16618680395768023
Training loss on iteration 3680 = 0.1461361220222898
Training loss on iteration 3700 = 0.40357333210413343
Training loss on iteration 3720 = 0.3748403530655196
Training loss on iteration 3740 = 1.2136266933986917
Training loss on iteration 3760 = 0.4282353220623918
Training loss on iteration 3780 = 0.5335908816448864
Training loss on iteration 3800 = 0.5889777294825762
Training loss on iteration 3820 = 0.12103958558291197
Training loss on iteration 3840 = 0.15159189520636573
Training loss on iteration 3860 = 0.059568094182759525
Training loss on iteration 3880 = 0.05095537723100278
Training loss on iteration 3900 = 0.05061131884285715
Training loss on iteration 3920 = 0.11524497732316377
Training loss on iteration 3940 = 0.06039056517183781
Training loss on iteration 3960 = 0.14287522326922045
Training loss on iteration 3980 = 0.08711648331955076
Training loss on iteration 4000 = 0.16420435275649653
Training loss on iteration 4020 = 0.10120332516671623
Training loss on iteration 4040 = 0.053424811088189014
Training loss on iteration 4060 = 0.03680388520297129
Training loss on iteration 4080 = 0.16574171667452903
Training loss on iteration 4100 = 0.06677314132102766
Training loss on iteration 4120 = 0.1559183002449572
Training loss on iteration 4140 = 0.07393482824554667
Training loss on iteration 4160 = 0.05331028594082454
Training loss on iteration 4180 = 0.1270743960280015
Training loss on iteration 4200 = 0.2056103245005943
Training loss on iteration 4220 = 0.05546021480113268
Training loss on iteration 4240 = 0.14213530526612886
Training loss on iteration 4260 = 0.07991179992677644
Training loss on iteration 4280 = 0.13245720736522343
Training loss on iteration 4300 = 0.12256230862549274
Training loss on iteration 4320 = 0.21535054830601438
Training loss on iteration 4340 = 0.22377502128947527
Training loss on iteration 4360 = 0.21279358587926253
Training loss on iteration 4380 = 0.14134856886958005
Training loss on iteration 4400 = 0.15528936840128155
Training loss on iteration 4420 = 0.07368495189584792
Training loss on iteration 4440 = 0.09656652316916733
Training loss on iteration 4460 = 0.04519100211327896
Training loss on iteration 4480 = 0.19644993213005363
Training loss on iteration 4500 = 0.10146881816908718
Training loss on iteration 4520 = 0.1965007949824212
Training loss on iteration 4540 = 0.26923267235979437
Training loss on iteration 4560 = 0.18463266838225537
Training loss on iteration 4580 = 0.09702634748537094
Training loss on iteration 4600 = 0.14046808091225102
Training loss on iteration 4620 = 0.11926588114292827
Training loss on iteration 4640 = 0.13112489455379545
Training loss on iteration 4660 = 0.14771751879598014
Training loss on iteration 4680 = 0.06149174820748158
Training loss on iteration 4700 = 0.10653605727420654
Training loss on iteration 4720 = 0.14957468875509222
Training loss on iteration 4740 = 0.09886240480700507
Training loss on iteration 4760 = 0.14760697973542847
Training loss on iteration 4780 = 0.1114751897752285
Training loss on iteration 4800 = 0.17488251689646858
Training loss on iteration 4820 = 0.15596357411704959
Training loss on iteration 4840 = 0.14865802569547668
Training loss on iteration 4860 = 0.08483557924628257
Training loss on iteration 4880 = 0.06802372290403583
Training loss on iteration 4900 = 0.08604269429342822
Training loss on iteration 4920 = 0.0488971381331794
Training loss on iteration 4940 = 0.13563358725077707
Training loss on iteration 4960 = 0.1277915463782847
Training loss on iteration 4980 = 0.16222083540487803
Training loss on iteration 5000 = 0.14598078014096244
Training loss on iteration 5020 = 0.0999578727176413
Training loss on iteration 5040 = 0.1097718644887209
Training loss on iteration 5060 = 0.10201559188426472
Training loss on iteration 5080 = 0.033923244914331005
Training loss on iteration 5100 = 0.11642704789701383
Training loss on iteration 5120 = 0.08773094696225599
Training loss on iteration 5140 = 0.20052915562409906
Training loss on iteration 5160 = 0.10041536068019923
Training loss on iteration 5180 = 0.10965142361819744
Training loss on iteration 5200 = 0.08344952136394568
Training loss on iteration 5220 = 0.3302987298178778
Training loss on iteration 5240 = 0.1332882201881148
Training loss on iteration 5260 = 0.27308857138114034
Training loss on iteration 5280 = 0.47500134093597807
Training loss on iteration 5300 = 0.27724599125417626
Training loss on iteration 5320 = 0.07866137292112399
Training loss on iteration 5340 = 0.27351814551811204
Training loss on iteration 5360 = 0.30199081071518774
Training loss on iteration 5380 = 0.1047360119438963
Training loss on iteration 5400 = 0.08433990796183935
