>> activated env: /project/home/p201284/guo/xmad-bench-repro/venv/bin/activate  (Python 3.13.12)
>> torch 2.12.0+cu132 | CUDA available: True
Applying resumable-training patch...
  already patched: /project/home/p201284/guo/xmad-bench-repro/detection/trainer.py
  trainer.py is valid Python.
Done. Killed runs now continue from their last completed epoch.
>> Generating configs for: en  (models: septr, tag=en_septr_r02, GPU=3)
Wrote 1 configs to /project/home/p201284/guo/xmad-bench-repro/repro_tools/stepB/configs_en_septr_r02/  (languages: en)
>> single-repeat mode: this process runs ONLY repeat r02
root_path: /project/home/p201284/guo/xmad_data/
multilingual: True  model check for config: /project/home/p201284/guo/xmad-bench-repro/repro_tools/stepB/configs_en_septr_r02/config_en_septr.json

  OK  commonvoice-en       rows=96368    sep=','
  OK  mailabs-en           rows=39690    sep=','

PRE-FLIGHT PASSED — data layout looks correct for this config.

=== RUN en_septr_r02 (model=septr) ===
commonvoice-en
commonvoice-en
Training on epoch 1
Training loss on iteration 0 = 0.6544367074966431
Training loss on iteration 20 = 1.2522666692733764
Training loss on iteration 40 = 0.6984118580818176
Training loss on iteration 60 = 0.7408019691705704
Training loss on iteration 80 = 0.7084888696670533
Training loss on iteration 100 = 0.8525127843022346
Training loss on iteration 120 = 0.6535345867276192
Training loss on iteration 140 = 0.669956985116005
Training loss on iteration 160 = 0.6723879516124726
Training loss on iteration 180 = 0.6265769198536872
Training loss on iteration 200 = 0.5805019862949848
Training loss on iteration 220 = 0.6334985926747322
Training loss on iteration 240 = 0.6598023638129235
Training loss on iteration 260 = 0.47207974940538405
Training loss on iteration 280 = 0.5416452452540398
Training loss on iteration 300 = 0.603664492815733
Training loss on iteration 320 = 0.5233869813382626
Training loss on iteration 340 = 0.490045952424407
Training loss on iteration 360 = 0.4390167541801929
Training loss on iteration 380 = 0.5410735115408898
Training loss on iteration 400 = 0.5719980549067258
Training loss on iteration 420 = 0.42262795120477675
Training loss on iteration 440 = 0.4678470674902201
Training loss on iteration 460 = 0.34304422698915005
Training loss on iteration 480 = 0.41789033859968183
Training loss on iteration 500 = 0.2528819302096963
Training loss on iteration 520 = 0.35702337557449937
Training loss on iteration 540 = 0.2883830791339278
Training loss on iteration 560 = 0.21251434851437806
Training loss on iteration 580 = 0.24917979426681997
Training loss on iteration 600 = 0.1848104352131486
Training loss on iteration 620 = 0.2259072432294488
Training loss on iteration 640 = 0.34265158586204053
Training loss on iteration 660 = 0.27590175457298755
Training loss on iteration 680 = 0.3209144115447998
Training loss on iteration 700 = 0.38656566943973303
Training loss on iteration 720 = 0.33285695873200893
Training loss on iteration 740 = 0.3345794977620244
Training loss on iteration 760 = 0.2771607220172882
Training loss on iteration 780 = 0.2782832103781402
Training loss on iteration 800 = 0.20905511183664202
Training loss on iteration 820 = 0.21031756233423948
Training loss on iteration 840 = 0.262127080373466
Training loss on iteration 860 = 0.36741829887032507
Training loss on iteration 880 = 0.2425981733482331
Training loss on iteration 900 = 0.34609208507463335
Training loss on iteration 920 = 0.33994833156466486
Training loss on iteration 940 = 0.33487667329609394
Training loss on iteration 960 = 0.20919104088097812
Training loss on iteration 980 = 0.4799001855775714
Training loss on iteration 1000 = 0.3030576627701521
Training loss on iteration 1020 = 0.202516027726233
Training loss on iteration 1040 = 0.31276927785947917
Training loss on iteration 1060 = 0.27568305963650347
Training loss on iteration 1080 = 0.3021814037114382
Training loss on iteration 1100 = 0.3520692287012935
Training loss on iteration 1120 = 0.255875638872385
Training loss on iteration 1140 = 0.448926742374897
Training loss on iteration 1160 = 0.18576373280957342
Training loss on iteration 1180 = 0.3457980215549469
Training loss on iteration 1200 = 0.21869987696409227
Training loss on iteration 1220 = 0.35316458009183405
Training loss on iteration 1240 = 0.3050045513547957
Training loss on iteration 1260 = 0.12688697893172501
Training loss on iteration 1280 = 0.1853546483675018
Training loss on iteration 1300 = 0.17938926913775505
Training loss on iteration 1320 = 0.14844599450007082
Training loss on iteration 1340 = 0.2679704276495613
Training loss on iteration 1360 = 0.33230374241247773
Training loss on iteration 1380 = 0.20618640044704079
Training loss on iteration 1400 = 0.3294508121907711
Training loss on iteration 1420 = 0.3453031502664089
Training loss on iteration 1440 = 0.12423103696200996
Training loss on iteration 1460 = 0.19983376520685853
Training loss on iteration 1480 = 0.24615488667041063
Training loss on iteration 1500 = 0.2143859403207898
Training loss on iteration 1520 = 0.3368215071968734
Training loss on iteration 1540 = 0.323878838121891
Training loss on iteration 1560 = 0.2788409410044551
Training loss on iteration 1580 = 0.2208477657288313
Training loss on iteration 1600 = 0.23313547866418957
Training loss on iteration 1620 = 0.3165473200380802
Training loss on iteration 1640 = 0.30436351262032985
Training loss on iteration 1660 = 0.17695823200047017
Training loss on iteration 1680 = 0.25042871106415987
Training loss on iteration 1700 = 0.24457196686416866
Training loss on iteration 1720 = 0.36820936277508737
Training loss on iteration 1740 = 0.26890775710344317
Training loss on iteration 1760 = 0.14153014859184623
Training loss on iteration 1780 = 0.24998314874246716
Training loss on iteration 1800 = 0.28064960055053234
Training loss on iteration 1820 = 0.194584689848125
Training loss on iteration 1840 = 0.23724595909006893
Training loss on iteration 1860 = 0.21981717189773917
Training loss on iteration 1880 = 0.2832005131058395
Training loss on iteration 1900 = 0.18885190947912633
Training loss on iteration 1920 = 0.2053288826253265
Training loss on iteration 1940 = 0.23345789592713118
Training loss on iteration 1960 = 0.187147248769179
Training loss on iteration 1980 = 0.21649038065224885
Training loss on iteration 2000 = 0.23479895042255522
Training loss on iteration 2020 = 0.23213461935520172
Training loss on iteration 2040 = 0.17322882108855991
Training loss on iteration 2060 = 0.26160109993070363
Training loss on iteration 2080 = 0.2795769479125738
Training loss on iteration 2100 = 0.17181424414739013
Training loss on iteration 2120 = 0.20024044883903117
Training loss on iteration 2140 = 0.1475310032154084
Training loss on iteration 2160 = 0.19673713067313656
Training loss on iteration 2180 = 0.28214157475158574
Training loss on iteration 2200 = 0.23796462640166283
Training loss on iteration 2220 = 0.26935493275523187
Training loss on iteration 2240 = 0.11727606486529112
Training loss on iteration 2260 = 0.2576326911104843
Training loss on iteration 2280 = 0.25174874970689415
Training loss on iteration 2300 = 0.23448644243180752
Training loss on iteration 2320 = 0.1536165471188724
Training loss on iteration 2340 = 0.20796381244435908
Training loss on iteration 2360 = 0.24861855134367944
Training loss on iteration 2380 = 0.25708418316207826
Training loss on iteration 2400 = 0.12571577525231986
Training loss on iteration 2420 = 0.18115377854555845
Training loss on iteration 2440 = 0.15696908039972185
Training loss on iteration 2460 = 0.18305060802958906
Training loss on iteration 2480 = 0.20072438661009073
Training loss on iteration 2500 = 0.23518831208348273
Training loss on iteration 2520 = 0.21107715079560876
Training loss on iteration 2540 = 0.11462601493112742
Training loss on iteration 2560 = 0.20006911566015334
Training loss on iteration 2580 = 0.17330213636159897
Training loss on iteration 2600 = 0.14528327914886177
Training loss on iteration 2620 = 0.21392254503443836
Training loss on iteration 2640 = 0.2047003143467009
Training loss on iteration 2660 = 0.16694487677887082
Training loss on iteration 2680 = 0.19927376999985427
Training loss on iteration 2700 = 0.17790614608675243
Training loss on iteration 2720 = 0.2308912946842611
Training loss on iteration 2740 = 0.2542407618835568
Training loss on iteration 2760 = 0.2840279772877693
Training loss on iteration 2780 = 0.15966682340949773
Training loss on iteration 2800 = 0.11717931758612395
Training loss on iteration 2820 = 0.23318213354796172
Training loss on iteration 2840 = 0.23313088649883867
Training loss on iteration 2860 = 0.20515753654763103
Training loss on iteration 2880 = 0.20677962796762586
Training loss on iteration 2900 = 0.20201727049425244
Training loss on iteration 2920 = 0.16920682513155044
Training loss on iteration 2940 = 0.15954703921452165
Training loss on iteration 2960 = 0.2842006847262383
Training loss on iteration 2980 = 0.17392611764371396
Training loss on iteration 3000 = 0.18166558351367712
Training loss on iteration 3020 = 0.15215337577974425
Training loss on iteration 3040 = 0.2866678211838007
Training loss on iteration 3060 = 0.23374199522659184
Training loss on iteration 3080 = 0.19586905650794506
Training loss on iteration 3100 = 0.14524905923753978
Training loss on iteration 3120 = 0.2097875913605094
Training loss on iteration 3140 = 0.1872998778708279
Training loss on iteration 3160 = 0.14242144948802887
Training loss on iteration 3180 = 0.2027214358560741
Training loss on iteration 3200 = 0.1276086722034961
Training loss on iteration 3220 = 0.2530953777488321
Training loss on iteration 3240 = 0.23974153771996498
Training loss on iteration 3260 = 0.20795014835894107
Training loss on iteration 3280 = 0.18019696758128703
Training loss on iteration 3300 = 0.19646978061646223
Training loss on iteration 3320 = 0.2132110696984455
Training loss on iteration 3340 = 0.25061289230361583
Training loss on iteration 3360 = 0.1529747180407867
Training loss on iteration 3380 = 0.14622455295175313
Training loss on iteration 3400 = 0.17070781488437206
Training loss on iteration 3420 = 0.17653114013373852
Training loss on iteration 3440 = 0.1443368355743587
Training loss on iteration 3460 = 0.21356835756450893
Training loss on iteration 3480 = 0.1461631896905601
Training loss on iteration 3500 = 0.2743917567655444
Training loss on iteration 3520 = 0.20365173779428006
Training loss on iteration 3540 = 0.09578181984834373
Training loss on iteration 3560 = 0.17704475893406196
Training loss on iteration 3580 = 0.1979616622440517
Training loss on iteration 3600 = 0.10979862723033876
Training loss on iteration 3620 = 0.16251634389627725
Training loss on iteration 3640 = 0.17467291872017085
Training loss on iteration 3660 = 0.17339417980983854
Training loss on iteration 3680 = 0.15162547139334492
Training loss on iteration 3700 = 0.1402504316996783
Training loss on iteration 3720 = 0.133949905494228
Training loss on iteration 3740 = 0.13012478132732214
Training loss on iteration 3760 = 0.15746736917644738
Training loss on iteration 3780 = 0.07901585665531456
Training loss on iteration 3800 = 0.15043121902272105
Training loss on iteration 3820 = 0.14429384479299187
Training loss on iteration 3840 = 0.2966515508014709
Training loss on iteration 3860 = 0.17027225531055593
Training loss on iteration 3880 = 0.19624747643247248
Training loss on iteration 3900 = 0.22670135302469135
Training loss on iteration 3920 = 0.10504143214784563
Training loss on iteration 3940 = 0.1467892504297197
Training loss on iteration 3960 = 0.18784041097387671
Training loss on iteration 3980 = 0.06434079201426357
Training loss on iteration 4000 = 0.2017151794862002
Training loss on iteration 4020 = 0.12442710851319135
Training loss on iteration 4040 = 0.18158053690567613
Training loss on iteration 4060 = 0.1319454962387681
Training loss on iteration 4080 = 0.14254733019624838
Training loss on iteration 4100 = 0.1686616413295269
Training loss on iteration 4120 = 0.10547530259937048
Training loss on iteration 4140 = 0.21224405686371028
Training loss on iteration 4160 = 0.16849901843816043
Training loss on iteration 4180 = 0.15549167399294675
Training loss on iteration 4200 = 0.1870509990490973
Training loss on iteration 4220 = 0.13615504947956653
Training loss on iteration 4240 = 0.12032163502881303
Training loss on iteration 4260 = 0.34862524420022967
Training loss on iteration 4280 = 0.1924281559884548
Training loss on iteration 4300 = 0.16729775441344827
Training loss on iteration 4320 = 0.1911545972339809
Training loss on iteration 4340 = 0.16975417332723736
Training loss on iteration 4360 = 0.08661314139608293
Training loss on iteration 4380 = 0.34848339301534
Training loss on iteration 4400 = 0.0888388501945883
Training loss on iteration 4420 = 0.27448931950493716
Training loss on iteration 4440 = 0.15861453469842673
Training loss on iteration 4460 = 0.14045719280838967
Training loss on iteration 4480 = 0.1490685438620858
Training loss on iteration 4500 = 0.2810332571156323
Training loss on iteration 4520 = 0.11170986080542207
Training loss on iteration 4540 = 0.16671183900907635
Training loss on iteration 4560 = 0.16904404452070593
Training loss on iteration 4580 = 0.12324877725914121
Training loss on iteration 4600 = 0.1273584575537825
Training loss on iteration 4620 = 0.12493490175111219
Training loss on iteration 4640 = 0.1830644831759855
Training loss on iteration 4660 = 0.21955525795929134
Training loss on iteration 4680 = 0.15929509501438588
Training loss on iteration 4700 = 0.11950302508194
Training loss on iteration 4720 = 0.2637948803603649
Training loss on iteration 4740 = 0.12542130295187234
Training loss on iteration 4760 = 0.18407303569838404
Training loss on iteration 4780 = 0.18739882460795343
Training loss on iteration 4800 = 0.22535863164812325
Training loss on iteration 4820 = 0.16437978246249257
Training loss on iteration 4840 = 0.19297917755320668
Training loss on iteration 4860 = 0.20600962188327684
Training loss on iteration 4880 = 0.2287817195057869
Training loss on iteration 4900 = 0.11559434587834402
Training loss on iteration 4920 = 0.12432209078688175
Training loss on iteration 4940 = 0.16864201899152248
Training loss on iteration 4960 = 0.1420435619773343
Training loss on iteration 4980 = 0.12870923280715943
Training loss on iteration 5000 = 0.13594820275902747
Training loss on iteration 5020 = 0.1960248376475647
Training loss on iteration 5040 = 0.18244593902491033
Training loss on iteration 5060 = 0.13156910060206428
Training loss on iteration 5080 = 0.13345266389660537
Training loss on iteration 5100 = 0.15193594498559831
Training loss on iteration 5120 = 0.13360478568356485
Training loss on iteration 5140 = 0.1635340230539441
Training loss on iteration 5160 = 0.18446009382605552
Training loss on iteration 5180 = 0.2091864815913141
Training loss on iteration 5200 = 0.19062602422200142
Training loss on iteration 5220 = 0.1556326111778617
Training loss on iteration 5240 = 0.137478052591905
Training loss on iteration 5260 = 0.2572738936636597
Training loss on iteration 5280 = 0.2892851486802101
Training loss on iteration 5300 = 0.17254165671765803
Training loss on iteration 5320 = 0.3425678033963777
Training loss on iteration 5340 = 0.20764506009873002
Training loss on iteration 5360 = 0.12987573174759745
Training loss on iteration 5380 = 0.20442425679648296
Training loss on iteration 5400 = 0.25051246024668217
Training loss on iteration 5420 = 0.22506420973222702
Training loss on iteration 5440 = 0.1574947957182303
Training loss on iteration 5460 = 0.19161131596192718
Training loss on iteration 5480 = 0.1411965809762478
Training loss on iteration 5500 = 0.1239124792162329
Training loss on iteration 5520 = 0.13016117764636875
Training loss on iteration 5540 = 0.15152907310985028
Training loss on iteration 5560 = 0.14239644054323436
Training loss on iteration 5580 = 0.23490209616720675
Training loss on iteration 5600 = 0.2416287414263934
Training loss on iteration 5620 = 0.10074036929290742
Training loss on iteration 5640 = 0.20269470568746328
Training loss on iteration 5660 = 0.20033894879743458
Training loss on iteration 5680 = 0.2342027174308896
Training loss on iteration 5700 = 0.18596734022721648
Training loss on iteration 5720 = 0.13062122574774548
Training loss on iteration 5740 = 0.15241346107795833
Training loss on iteration 5760 = 0.24918607380241156
Training loss on iteration 5780 = 0.1447192129679024
Training loss on iteration 5800 = 0.235100720776245
Training loss on iteration 5820 = 0.2291594042442739
Training loss on iteration 5840 = 0.1367153292056173
Training loss on iteration 5860 = 0.1677753519732505
Training loss on iteration 5880 = 0.17093044794164597
Training loss on iteration 5900 = 0.20180767476558686
Training loss on iteration 5920 = 0.1932393066585064
Training loss on iteration 5940 = 0.19210699638351797
Training loss on iteration 5960 = 0.16500485138967633
Training loss on iteration 5980 = 0.17811096808873117
Training loss on iteration 6000 = 0.14042984584812074
Training loss on iteration 6020 = 0.12569238585419953
Training loss on iteration 6040 = 0.1422711069462821
Training loss on iteration 6060 = 0.13607380862813442
Training loss on iteration 6080 = 0.13266992373391986
Training loss on iteration 6100 = 0.22745422376319765
Training loss on iteration 6120 = 0.13724831417202948
Training loss on iteration 6140 = 0.12064452121267095
Training loss on iteration 6160 = 0.25186983505263927
Training loss on iteration 6180 = 0.1380915677174926
Training loss on iteration 6200 = 0.16033033486455678
Training loss on iteration 6220 = 0.15780354477465153
Training loss on iteration 6240 = 0.15757953671272845
Training loss on iteration 6260 = 0.1472826013341546
Training loss on iteration 6280 = 0.1964164830511436
Training loss on iteration 6300 = 0.17342347968369723
Training loss on iteration 6320 = 0.12813182179816068
Training loss on iteration 6340 = 0.18340021898038686
Training loss on iteration 6360 = 0.1725427560508251
Training loss on iteration 6380 = 0.14712019390426576
Training loss on iteration 6400 = 0.1829233704134822
Training loss on iteration 6420 = 0.25282826628535987
Training loss on iteration 6440 = 0.2058243365958333
Training loss on iteration 6460 = 0.2441140476614237
Training loss on iteration 6480 = 0.22970446394756436
Training loss on iteration 6500 = 0.2749249547719955
Training loss on iteration 6520 = 0.11308900672011077
Training loss on iteration 6540 = 0.30513069313019514
Training loss on iteration 6560 = 0.20446072071790694
Training loss on iteration 6580 = 0.2607906021177769
Training loss on iteration 6600 = 0.22047563758678734
Training loss on iteration 6620 = 0.17787542771548032
Training loss on iteration 6640 = 0.1760177717776969
Training loss on iteration 6660 = 0.11606634492054582
Training loss on iteration 6680 = 0.159487794758752
Training loss on iteration 6700 = 0.1279276150278747
Training loss on iteration 6720 = 0.1929262550547719
Training loss on iteration 6740 = 0.21962224524468182
Training loss on iteration 6760 = 0.2385398145765066
Training loss on iteration 6780 = 0.17623486914671957
Training loss on iteration 6800 = 0.2761814267374575
Training loss on iteration 6820 = 0.27211810518056156
Training loss on iteration 6840 = 0.23971654642373325
Training loss on iteration 6860 = 0.12543793572112918
Training loss on iteration 6880 = 0.18057648530229925
Training loss on iteration 6900 = 0.13872593296691776
Training loss on iteration 6920 = 0.1824646092718467
Training loss on iteration 6940 = 0.25594556517899036
Training loss on iteration 6960 = 0.2540792760439217
Training loss on iteration 6980 = 0.09570648776134476
Training loss on iteration 7000 = 0.1957255898974836
Training loss on iteration 7020 = 0.12624329059617595
Training loss on iteration 7040 = 0.23407502011395992
Training loss on iteration 7060 = 0.17361328238621354
Training loss on iteration 7080 = 0.15549752758815885
Training loss on iteration 7100 = 0.1943694272544235
Training loss on iteration 7120 = 0.11326212617568672
Training loss on iteration 7140 = 0.15851891036145388
Training loss on iteration 7160 = 0.09667950461152941
Training loss on iteration 7180 = 0.10833934683469124
Training loss on iteration 7200 = 0.1411151463515125
Training loss on iteration 7220 = 0.25718984883278606
Training loss on iteration 7240 = 0.13243197221308947
Training loss on iteration 7260 = 0.12507283743470907
Training loss on iteration 7280 = 0.1397563498117961
Training loss on iteration 7300 = 0.16167711613234131
Training loss on iteration 7320 = 0.1628103286959231
Training loss on iteration 7340 = 0.16271444179583341
Training loss on iteration 7360 = 0.1333201444358565
Training loss on iteration 7380 = 0.17087169224396348
Training loss on iteration 7400 = 0.1589597043581307
Training loss on iteration 7420 = 0.15658630605321378
Training loss on iteration 7440 = 0.16092722518369557
Training loss on iteration 7460 = 0.16954832741757855
Training loss on iteration 7480 = 0.11444287793710828
### EVAL:: Epoch 1:: Loss = 0.1579228048747849 :: ACC = 0.9359322351179333, AUC = 0.9787363417495989, EER = 0.07553350804941969
Training on epoch 2
Training loss on iteration 0 = 0.1689540147781372
Training loss on iteration 20 = 0.16707892268896102
Training loss on iteration 40 = 0.18395591322332622
Training loss on iteration 60 = 0.20757014965638518
Training loss on iteration 80 = 0.17453922950662673
Training loss on iteration 100 = 0.09736909749917685
Training loss on iteration 120 = 0.13144603533437477
Training loss on iteration 140 = 0.1527537398505956
Training loss on iteration 160 = 0.19021604815497994
Training loss on iteration 180 = 0.23269012980163098
Training loss on iteration 200 = 0.10953093017451465
Training loss on iteration 220 = 0.10331778551917523
Training loss on iteration 240 = 0.21648791062179953
Training loss on iteration 260 = 0.10030806318391114
Training loss on iteration 280 = 0.1460297075100243
Training loss on iteration 300 = 0.17773395916447043
Training loss on iteration 320 = 0.13929867828264833
Training loss on iteration 340 = 0.11671249544015154
Training loss on iteration 360 = 0.09382692407816648
Training loss on iteration 380 = 0.10195943429134786
Training loss on iteration 400 = 0.14943203870207072
Training loss on iteration 420 = 0.24062737422063946
Training loss on iteration 440 = 0.18348779452499003
Training loss on iteration 460 = 0.11767271291464568
Training loss on iteration 480 = 0.21284149019047618
Training loss on iteration 500 = 0.14063301188871263
Training loss on iteration 520 = 0.14959260690957307
Training loss on iteration 540 = 0.17765597642865033
Training loss on iteration 560 = 0.09908228062558919
Training loss on iteration 580 = 0.1691495070932433
Training loss on iteration 600 = 0.16555827911943197
Training loss on iteration 620 = 0.1990377967711538
Training loss on iteration 640 = 0.1638294911244884
Training loss on iteration 660 = 0.07740315461996942
Training loss on iteration 680 = 0.17460936597781257
Training loss on iteration 700 = 0.20578373335301875
Training loss on iteration 720 = 0.13837416619062423
Training loss on iteration 740 = 0.16399777040351182
Training loss on iteration 760 = 0.08998916407581418
Training loss on iteration 780 = 0.18925350380595773
Training loss on iteration 800 = 0.166377172479406
Training loss on iteration 820 = 0.14685498570324854
Training loss on iteration 840 = 0.24057412184774876
Training loss on iteration 860 = 0.08570631589973346
Training loss on iteration 880 = 0.08163582586566917
Training loss on iteration 900 = 0.2280308219138533
Training loss on iteration 920 = 0.23063931670039892
Training loss on iteration 940 = 0.20408495739102364
Training loss on iteration 960 = 0.06848125072428957
Training loss on iteration 980 = 0.22260885629802943
Training loss on iteration 1000 = 0.16126674287952483
Training loss on iteration 1020 = 0.1347247955854982
Training loss on iteration 1040 = 0.13793911945540457
Training loss on iteration 1060 = 0.15661882963031531
Training loss on iteration 1080 = 0.19095368832349777
Training loss on iteration 1100 = 0.18258876935578883
Training loss on iteration 1120 = 0.146939948014915
Training loss on iteration 1140 = 0.09785109313670545
Training loss on iteration 1160 = 0.26269592449534684
Training loss on iteration 1180 = 0.16998658794909716
Training loss on iteration 1200 = 0.23168041557073593
Training loss on iteration 1220 = 0.08387894921470433
Training loss on iteration 1240 = 0.19812980957794935
Training loss on iteration 1260 = 0.2102827339549549
Training loss on iteration 1280 = 0.21392129166051746
Training loss on iteration 1300 = 0.1828921286854893
Training loss on iteration 1320 = 0.19037104975432156
Training loss on iteration 1340 = 0.09843945358879864
Training loss on iteration 1360 = 0.17927190334303306
Training loss on iteration 1380 = 0.11499766670167447
Training loss on iteration 1400 = 0.09598231626441703
Training loss on iteration 1420 = 0.07836721395142376
Training loss on iteration 1440 = 0.17338745794841087
Training loss on iteration 1460 = 0.20144289705203847
Training loss on iteration 1480 = 0.13900576347950847
Training loss on iteration 1500 = 0.24674090333282947
Training loss on iteration 1520 = 0.14316769493743778
Training loss on iteration 1540 = 0.13386768731288612
Training loss on iteration 1560 = 0.17981750292237847
Training loss on iteration 1580 = 0.07417493253014981
Training loss on iteration 1600 = 0.23809574512997642
Training loss on iteration 1620 = 0.11385546000674367
Training loss on iteration 1640 = 0.15109200328588485
Training loss on iteration 1660 = 0.09919230355881155
Training loss on iteration 1680 = 0.13789990497753024
Training loss on iteration 1700 = 0.15447310416493565
Training loss on iteration 1720 = 0.10940830195322633
Training loss on iteration 1740 = 0.12296615226659924
Training loss on iteration 1760 = 0.18139447995927185
Training loss on iteration 1780 = 0.12225266452878714
Training loss on iteration 1800 = 0.2424837054219097
Training loss on iteration 1820 = 0.08526022434234619
Training loss on iteration 1840 = 0.23724032449536026
Training loss on iteration 1860 = 0.1354000798659399
Training loss on iteration 1880 = 0.14977596243843436
Training loss on iteration 1900 = 0.11888224137946964
Training loss on iteration 1920 = 0.2832209413871169
Training loss on iteration 1940 = 0.23146442309953272
Training loss on iteration 1960 = 0.22558185644447803
Training loss on iteration 1980 = 0.17245012683561073
Training loss on iteration 2000 = 0.23295647967606783
Training loss on iteration 2020 = 0.09207034701248631
Training loss on iteration 2040 = 0.11288600100087934
Training loss on iteration 2060 = 0.24577973412815482
Training loss on iteration 2080 = 0.24063925339141862
Training loss on iteration 2100 = 0.09030564776621759
Training loss on iteration 2120 = 0.12841903472435662
Training loss on iteration 2140 = 0.18460761138703674
Training loss on iteration 2160 = 0.2267256336286664
Training loss on iteration 2180 = 0.11171891442500055
Training loss on iteration 2200 = 0.21563517777249216
Training loss on iteration 2220 = 0.179943479411304
Training loss on iteration 2240 = 0.29574191896244884
Training loss on iteration 2260 = 0.24618485784158112
Training loss on iteration 2280 = 0.14503792002797128
Training loss on iteration 2300 = 0.2268971187993884
Training loss on iteration 2320 = 0.2185400844551623
Training loss on iteration 2340 = 0.18344029092695563
Training loss on iteration 2360 = 0.2074834989849478
Training loss on iteration 2380 = 0.19108006525784732
Training loss on iteration 2400 = 0.15804709385847673
Training loss on iteration 2420 = 0.2955666488967836
Training loss on iteration 2440 = 0.35557898320257664
Training loss on iteration 2460 = 0.15210004327818752
Training loss on iteration 2480 = 0.20601247041486204
Training loss on iteration 2500 = 0.18486677031032742
Training loss on iteration 2520 = 0.10555023301858454
Training loss on iteration 2540 = 0.12539194887503982
Training loss on iteration 2560 = 0.20445601055398582
Training loss on iteration 2580 = 0.1437013576272875
Training loss on iteration 2600 = 0.23741286043077708
Training loss on iteration 2620 = 0.25585104594938457
Training loss on iteration 2640 = 0.09835259150713682
Training loss on iteration 2660 = 0.12287425291142426
Training loss on iteration 2680 = 0.19789885880891234
Training loss on iteration 2700 = 0.15747813596390187
Training loss on iteration 2720 = 0.15268795620650052
Training loss on iteration 2740 = 0.14429256450384856
Training loss on iteration 2760 = 0.24634105069562792
Training loss on iteration 2780 = 0.1514722562395036
Training loss on iteration 2800 = 0.09633426873479038
Training loss on iteration 2820 = 0.16511736887623557
Training loss on iteration 2840 = 0.18242122889496387
Training loss on iteration 2860 = 0.15625476818531753
Training loss on iteration 2880 = 0.15128078511916102
Training loss on iteration 2900 = 0.08884816828649492
Training loss on iteration 2920 = 0.15828987716813572
Training loss on iteration 2940 = 0.19783330848440528
Training loss on iteration 2960 = 0.2523315121070482
Training loss on iteration 2980 = 0.16691403507720678
Training loss on iteration 3000 = 0.12226903955452144
Training loss on iteration 3020 = 0.1628611045423895
Training loss on iteration 3040 = 0.1417752321023727
Training loss on iteration 3060 = 0.14109399616718293
Training loss on iteration 3080 = 0.17830042764544488
Training loss on iteration 3100 = 0.1707465518731624
Training loss on iteration 3120 = 0.11130988853983581
Training loss on iteration 3140 = 0.13356763641349972
Training loss on iteration 3160 = 0.16779830197338014
Training loss on iteration 3180 = 0.1187498481478542
Training loss on iteration 3200 = 0.14465914564207197
Training loss on iteration 3220 = 0.18153068493120372
Training loss on iteration 3240 = 0.27565563265234233
Training loss on iteration 3260 = 0.11272713192738593
Training loss on iteration 3280 = 0.22854505851864815
Training loss on iteration 3300 = 0.29867880102247
Training loss on iteration 3320 = 0.13129933611489833
Training loss on iteration 3340 = 0.21407053703442216
Training loss on iteration 3360 = 0.16392863318324088
Training loss on iteration 3380 = 0.11135627743788064
Training loss on iteration 3400 = 0.18904092186130583
Training loss on iteration 3420 = 0.21200966611504554
Training loss on iteration 3440 = 0.20202854638919235
Training loss on iteration 3460 = 0.1814684023382142
Training loss on iteration 3480 = 0.25486081233248115
Training loss on iteration 3500 = 0.20930395545437933
Training loss on iteration 3520 = 0.20402031065896153
Training loss on iteration 3540 = 0.29879100471735
Training loss on iteration 3560 = 0.21645861715078354
Training loss on iteration 3580 = 0.27545689735561607
Training loss on iteration 3600 = 0.26264682803303
Training loss on iteration 3620 = 0.20560979433357715
Training loss on iteration 3640 = 0.17625210881233216
Training loss on iteration 3660 = 0.32004359969869256
Training loss on iteration 3680 = 0.21205581896938383
Training loss on iteration 3700 = 0.21590476795099675
Training loss on iteration 3720 = 0.22740625767037273
Training loss on iteration 3740 = 0.2233299327082932
Training loss on iteration 3760 = 0.18518244866281747
Training loss on iteration 3780 = 0.21429016734473408
Training loss on iteration 3800 = 0.13227476896718143
Training loss on iteration 3820 = 0.20622067811200395
Training loss on iteration 3840 = 0.2755751609802246
Training loss on iteration 3860 = 0.23468507127836347
Training loss on iteration 3880 = 0.19761128332465888
Training loss on iteration 3900 = 0.2590737443417311
Training loss on iteration 3920 = 0.1760423863073811
Training loss on iteration 3940 = 0.2948167523369193
Training loss on iteration 3960 = 0.21402638545259833
Training loss on iteration 3980 = 0.21798549508675932
Training loss on iteration 4000 = 0.15668461911845952
Training loss on iteration 4020 = 0.16393021694384516
Training loss on iteration 4040 = 0.19674270823597909
Training loss on iteration 4060 = 0.22639443539083004
Training loss on iteration 4080 = 0.1730922769056633
Training loss on iteration 4100 = 0.15771928103640676
Training loss on iteration 4120 = 0.35635485127568245
Training loss on iteration 4140 = 0.22016209531575442
Training loss on iteration 4160 = 0.28323624515905976
Training loss on iteration 4180 = 0.18278781324625015
Training loss on iteration 4200 = 0.13586378206964583
Training loss on iteration 4220 = 0.17915292895631865
Training loss on iteration 4240 = 0.18895562971010804
Training loss on iteration 4260 = 0.16406051274389027
Training loss on iteration 4280 = 0.17508563734591007
Training loss on iteration 4300 = 0.12905307365581392
Training loss on iteration 4320 = 0.1286236320156604
Training loss on iteration 4340 = 0.13722650380805135
Training loss on iteration 4360 = 0.2144215636420995
Training loss on iteration 4380 = 0.1480470084119588
Training loss on iteration 4400 = 0.10180941519793123
Training loss on iteration 4420 = 0.1830479527823627
Training loss on iteration 4440 = 0.22948521021753548
Training loss on iteration 4460 = 0.12422342468053102
Training loss on iteration 4480 = 0.16537606650963427
Training loss on iteration 4500 = 0.2987650108523667
Training loss on iteration 4520 = 0.15567397684790193
Training loss on iteration 4540 = 0.17986629263032228
Training loss on iteration 4560 = 0.1420071349479258
Training loss on iteration 4580 = 0.248168140091002
Training loss on iteration 4600 = 0.2053461997769773
Training loss on iteration 4620 = 0.1614061095751822
Training loss on iteration 4640 = 0.0956395903835073
Training loss on iteration 4660 = 0.24938947893679142
Training loss on iteration 4680 = 0.12398906205780805
Training loss on iteration 4700 = 0.13552038073539735
Training loss on iteration 4720 = 0.2728892644867301
Training loss on iteration 4740 = 0.3724269665777683
Training loss on iteration 4760 = 0.1654792598914355
Training loss on iteration 4780 = 0.17708773619960994
Training loss on iteration 4800 = 0.2258792303968221
Training loss on iteration 4820 = 0.1341386256739497
Training loss on iteration 4840 = 0.15237490804865955
Training loss on iteration 4860 = 0.1557249970268458
Training loss on iteration 4880 = 0.12452123714610934
Training loss on iteration 4900 = 0.10784799652174115
Training loss on iteration 4920 = 0.19633810487575828
Training loss on iteration 4940 = 0.22099882550537586
Training loss on iteration 4960 = 0.19823295762762427
Training loss on iteration 4980 = 0.24659675713628532
Training loss on iteration 5000 = 0.13829250144772232
Training loss on iteration 5020 = 0.2447345381602645
Training loss on iteration 5040 = 0.2581940526608378
Training loss on iteration 5060 = 0.16494761183857917
Training loss on iteration 5080 = 0.24511451805010437
Training loss on iteration 5100 = 0.11382174892351031
Training loss on iteration 5120 = 0.10429019222501665
Training loss on iteration 5140 = 0.16969436928629875
Training loss on iteration 5160 = 0.22810289529152214
Training loss on iteration 5180 = 0.1468021096661687
Training loss on iteration 5200 = 0.1857989674899727
Training loss on iteration 5220 = 0.19348781406879426
Training loss on iteration 5240 = 0.19009048254229127
Training loss on iteration 5260 = 0.11278328816406429
Training loss on iteration 5280 = 0.1835792501224205
Training loss on iteration 5300 = 0.1681577585171908
Training loss on iteration 5320 = 0.1357987882103771
Training loss on iteration 5340 = 0.10915452927583828
Training loss on iteration 5360 = 0.15439020260237157
Training loss on iteration 5380 = 0.20151170426979662
Training loss on iteration 5400 = 0.18801629934459924
Training loss on iteration 5420 = 0.18734004953876138
Training loss on iteration 5440 = 0.16171028630342335
Training loss on iteration 5460 = 0.18760995035991074
Training loss on iteration 5480 = 0.09299885910004377
Training loss on iteration 5500 = 0.2324262514943257
Training loss on iteration 5520 = 0.1635839571710676
Training loss on iteration 5540 = 0.10555274025537073
Training loss on iteration 5560 = 0.0978398772655055
Training loss on iteration 5580 = 0.13006037641316653
Training loss on iteration 5600 = 0.223387239407748
Training loss on iteration 5620 = 0.1175636626780033
Training loss on iteration 5640 = 0.16033510700799525
Training loss on iteration 5660 = 0.08598969541490079
Training loss on iteration 5680 = 0.16640169168822466
Training loss on iteration 5700 = 0.32606911286711693
Training loss on iteration 5720 = 0.21443325537256896
Training loss on iteration 5740 = 0.30863192994147537
Training loss on iteration 5760 = 0.24812251618131995
Training loss on iteration 5780 = 0.2091910295188427
Training loss on iteration 5800 = 0.19256677511148154
Training loss on iteration 5820 = 0.270611185953021
Training loss on iteration 5840 = 0.13587357015348972
Training loss on iteration 5860 = 0.21106672929599882
Training loss on iteration 5880 = 0.19146104222163557
Training loss on iteration 5900 = 0.1354182431474328
Training loss on iteration 5920 = 0.2275184732861817
Training loss on iteration 5940 = 0.1679425219539553
Training loss on iteration 5960 = 0.13071398998145015
Training loss on iteration 5980 = 0.2544310284778476
Training loss on iteration 6000 = 0.29726796937175093
Training loss on iteration 6020 = 0.28069605194032193
Training loss on iteration 6040 = 0.2902360999491066
Training loss on iteration 6060 = 0.19566817125305533
Training loss on iteration 6080 = 0.1887865335564129
Training loss on iteration 6100 = 0.18226874396204948
Training loss on iteration 6120 = 0.1660501745995134
Training loss on iteration 6140 = 0.16066144565120338
Training loss on iteration 6160 = 0.1795900583267212
Training loss on iteration 6180 = 0.1745003412012011
Training loss on iteration 6200 = 0.11975938947871327
Training loss on iteration 6220 = 0.20572188785299658
Training loss on iteration 6240 = 0.17882604715414346
Training loss on iteration 6260 = 0.2148164240643382
Training loss on iteration 6280 = 0.3504848273470998
Training loss on iteration 6300 = 0.24542114352807404
Training loss on iteration 6320 = 0.228227623924613
Training loss on iteration 6340 = 0.18413636279292406
Training loss on iteration 6360 = 0.1473746608477086
Training loss on iteration 6380 = 0.21991747475694864
Training loss on iteration 6400 = 0.14568969113752245
Training loss on iteration 6420 = 0.1689685813849792
Training loss on iteration 6440 = 0.19456645217724144
Training loss on iteration 6460 = 0.368068316206336
Training loss on iteration 6480 = 0.17236468032933772
Training loss on iteration 6500 = 0.2027814944041893
Training loss on iteration 6520 = 0.16718018952524288
Training loss on iteration 6540 = 0.12507679455447943
Training loss on iteration 6560 = 0.2407825535396114
Training loss on iteration 6580 = 0.19487720131874084
Training loss on iteration 6600 = 0.18348279129713774
Training loss on iteration 6620 = 0.20977308810688555
Training loss on iteration 6640 = 0.20083600832149387
Training loss on iteration 6660 = 0.2120855651330203
Training loss on iteration 6680 = 0.15086829769425095
Training loss on iteration 6700 = 0.1420230830553919
Training loss on iteration 6720 = 0.160881635453552
Training loss on iteration 6740 = 0.19014987358823418
Training loss on iteration 6760 = 0.1005621312186122
Training loss on iteration 6780 = 0.19278321522288025
Training loss on iteration 6800 = 0.21956380805931985
Training loss on iteration 6820 = 0.1756578319473192
Training loss on iteration 6840 = 0.2933552300557494
Training loss on iteration 6860 = 0.1910838957875967
Training loss on iteration 6880 = 0.19563748156651856
Training loss on iteration 6900 = 0.13234649539808743
Training loss on iteration 6920 = 0.2038593352306634
Training loss on iteration 6940 = 0.23508020536974072
Training loss on iteration 6960 = 0.22040336541831493
Training loss on iteration 6980 = 0.25056837340816857
Training loss on iteration 7000 = 0.15445913579314946
Training loss on iteration 7020 = 0.20780725348740817
Training loss on iteration 7040 = 0.07842445103451609
Training loss on iteration 7060 = 0.14077020939439536
Training loss on iteration 7080 = 0.14629257144406438
Training loss on iteration 7100 = 0.22087342225713655
Training loss on iteration 7120 = 0.19688867614604533
Training loss on iteration 7140 = 0.18389730313792824
Training loss on iteration 7160 = 0.11229308738838881
Training loss on iteration 7180 = 0.2624643535353243
Training loss on iteration 7200 = 0.22068241164088248
Training loss on iteration 7220 = 0.1719016488175839
Training loss on iteration 7240 = 0.13826489839702844
Training loss on iteration 7260 = 0.22276731985621154
Training loss on iteration 7280 = 0.1600048532593064
Training loss on iteration 7300 = 0.241916283685714
Training loss on iteration 7320 = 0.2845799393253401
Training loss on iteration 7340 = 0.18854112999979405
Training loss on iteration 7360 = 0.23286982774734497
Training loss on iteration 7380 = 0.1837821460328996
Training loss on iteration 7400 = 0.12629832047969103
Training loss on iteration 7420 = 0.1328294076025486
Training loss on iteration 7440 = 0.22509000699501486
Training loss on iteration 7460 = 0.24591887164860965
Training loss on iteration 7480 = 0.2277843221090734
### EVAL:: Epoch 2:: Loss = 0.2038666745933515 :: ACC = 0.9106140022463497, AUC = 0.9758169658482242, EER = 0.07918382628229127
Training on epoch 3
Training loss on iteration 0 = 0.027882084250450134
Training loss on iteration 20 = 0.4157980062067509
Training loss on iteration 40 = 0.24573031514883042
Training loss on iteration 60 = 0.22670653276145458
Training loss on iteration 80 = 0.3047765128314495
Training loss on iteration 100 = 0.18912799996323884
Training loss on iteration 120 = 0.2540268046781421
Training loss on iteration 140 = 0.1942159011028707
Training loss on iteration 160 = 0.28203954864293335
Training loss on iteration 180 = 0.13269855719991028
Training loss on iteration 200 = 0.23637135419994593
Training loss on iteration 220 = 0.2219552551396191
Training loss on iteration 240 = 0.17592498208396137
Training loss on iteration 260 = 0.1683603904210031
Training loss on iteration 280 = 0.25494815595448017
Training loss on iteration 300 = 0.21082253204658627
Training loss on iteration 320 = 0.1469149399548769
Training loss on iteration 340 = 0.29029524847865107
Training loss on iteration 360 = 0.1746898781042546
Training loss on iteration 380 = 0.23264304865151644
Training loss on iteration 400 = 0.20650639347732067
Training loss on iteration 420 = 0.14840086533222346
Training loss on iteration 440 = 0.20029172413051127
Training loss on iteration 460 = 0.14377690063556656
Training loss on iteration 480 = 0.2783076731488109
Training loss on iteration 500 = 0.14793250113725662
Training loss on iteration 520 = 0.38918088302016257
Training loss on iteration 540 = 0.21217121637891978
Training loss on iteration 560 = 0.2424399278126657
Training loss on iteration 580 = 0.2305250683799386
Training loss on iteration 600 = 0.17253664825111628
Training loss on iteration 620 = 0.16948655350133776
Training loss on iteration 640 = 0.23451178779359907
Training loss on iteration 660 = 0.14304263908416032
Training loss on iteration 680 = 0.1495789703913033
Training loss on iteration 700 = 0.2936859982088208
Training loss on iteration 720 = 0.2613362565636635
Training loss on iteration 740 = 0.273650818830356
Training loss on iteration 760 = 0.20761056896299124
Training loss on iteration 780 = 0.3952064486220479
Training loss on iteration 800 = 0.1684971483424306
Training loss on iteration 820 = 0.17571446909569205
Training loss on iteration 840 = 0.206219988130033
Training loss on iteration 860 = 0.1716430229600519
Training loss on iteration 880 = 0.17566160708665848
Training loss on iteration 900 = 0.17935205711983143
Training loss on iteration 920 = 0.16238620318472385
Training loss on iteration 940 = 0.1957061058259569
Training loss on iteration 960 = 0.17672515427693725
Training loss on iteration 980 = 0.15357523639686405
Training loss on iteration 1000 = 0.21683724476024507
Training loss on iteration 1020 = 0.19581373482942582
Training loss on iteration 1040 = 0.15946380509994923
Training loss on iteration 1060 = 0.20548967282520608
Training loss on iteration 1080 = 0.16630767937749624
Training loss on iteration 1100 = 0.3278120817616582
Training loss on iteration 1120 = 0.24940012376755477
Training loss on iteration 1140 = 0.1843524867668748
Training loss on iteration 1160 = 0.10823925230652094
Training loss on iteration 1180 = 0.1706803477369249
Training loss on iteration 1200 = 0.1545987674035132
Training loss on iteration 1220 = 0.22586906906217336
Training loss on iteration 1240 = 0.15619426975026726
Training loss on iteration 1260 = 0.13689410679508002
Training loss on iteration 1280 = 0.18286282336339355
Training loss on iteration 1300 = 0.1652089924318716
Training loss on iteration 1320 = 0.2524758819490671
Training loss on iteration 1340 = 0.13893073850777
Training loss on iteration 1360 = 0.22407021531835197
Training loss on iteration 1380 = 0.15585281478706747
Training loss on iteration 1400 = 0.18280465239658952
Training loss on iteration 1420 = 0.171179484995082
Training loss on iteration 1440 = 0.1411092513706535
Training loss on iteration 1460 = 0.1978303511859849
Training loss on iteration 1480 = 0.16462973365560174
Training loss on iteration 1500 = 0.2973246570210904
Training loss on iteration 1520 = 0.1521996813826263
Training loss on iteration 1540 = 0.18657008982263507
Training loss on iteration 1560 = 0.13861942146904765
Training loss on iteration 1580 = 0.1876298811752349
Training loss on iteration 1600 = 0.18748379938770085
Training loss on iteration 1620 = 0.13849454568699002
Training loss on iteration 1640 = 0.12510743357706816
Training loss on iteration 1660 = 0.058409320353530345
Training loss on iteration 1680 = 0.18871701383031905
Training loss on iteration 1700 = 0.20271411491557956
Training loss on iteration 1720 = 0.1752460333518684
Training loss on iteration 1740 = 0.16969413962215185
Training loss on iteration 1760 = 0.10697474186308682
Training loss on iteration 1780 = 0.1912355321459472
Training loss on iteration 1800 = 0.2502109446562827
Training loss on iteration 1820 = 0.16833426379598676
Training loss on iteration 1840 = 0.1470874048769474
Training loss on iteration 1860 = 0.15630637272261083
Training loss on iteration 1880 = 0.1021999073214829
Training loss on iteration 1900 = 0.10444089060183614
Training loss on iteration 1920 = 0.2632791635580361
Training loss on iteration 1940 = 0.10430772338295355
Training loss on iteration 1960 = 0.22608093614690006
Training loss on iteration 1980 = 0.2250924503430724
Training loss on iteration 2000 = 0.22617427431978285
Training loss on iteration 2020 = 0.24943299889564513
Training loss on iteration 2040 = 0.20325266403960995
Training loss on iteration 2060 = 0.14433996764710172
Training loss on iteration 2080 = 0.19356307266280054
Training loss on iteration 2100 = 0.14704643441364168
Training loss on iteration 2120 = 0.16715353764593602
Training loss on iteration 2140 = 0.20077931825071574
Training loss on iteration 2160 = 0.1370008050929755
Training loss on iteration 2180 = 0.29690527729690075
Training loss on iteration 2200 = 0.18707032189704478
Training loss on iteration 2220 = 0.1503105673007667
Training loss on iteration 2240 = 0.18296695295721294
Training loss on iteration 2260 = 0.14896788876503705
Training loss on iteration 2280 = 0.15507865690160544
Training loss on iteration 2300 = 0.6447683817707002
Training loss on iteration 2320 = 0.7505261089652777
Training loss on iteration 2340 = 0.8904418386518955
Training loss on iteration 2360 = 0.38855653554201125
Training loss on iteration 2380 = 0.37032189071178434
Training loss on iteration 2400 = 0.3028090979903936
Training loss on iteration 2420 = 0.2672300888225436
Training loss on iteration 2440 = 0.35809478275477885
Training loss on iteration 2460 = 0.35205310992896555
Training loss on iteration 2480 = 0.33574110753834246
Training loss on iteration 2500 = 0.22955082207918168
Training loss on iteration 2520 = 0.13034092392772437
Training loss on iteration 2540 = 0.30561613803729415
Training loss on iteration 2560 = 0.21976218877243808
Training loss on iteration 2580 = 0.30815674513578417
Training loss on iteration 2600 = 0.17946940483525395
Training loss on iteration 2620 = 0.17586919572204351
Training loss on iteration 2640 = 0.3918224796652794
Training loss on iteration 2660 = 0.26717829387634995
Training loss on iteration 2680 = 0.47252820115536454
Training loss on iteration 2700 = 0.3272920098155737
Training loss on iteration 2720 = 0.23602510653436184
Training loss on iteration 2740 = 0.20422249189577996
Training loss on iteration 2760 = 0.21707926895469426
Training loss on iteration 2780 = 0.4020775964483619
Training loss on iteration 2800 = 0.32911229934543373
Training loss on iteration 2820 = 0.3120739158242941
Training loss on iteration 2840 = 0.18708087634295226
Training loss on iteration 2860 = 0.21594924973323942
Training loss on iteration 2880 = 0.23265540711581706
Training loss on iteration 2900 = 0.1993917042389512
Training loss on iteration 2920 = 0.16299579292535782
Training loss on iteration 2940 = 0.2983079733327031
Training loss on iteration 2960 = 0.24039948862046004
Training loss on iteration 2980 = 0.18986902767792344
Training loss on iteration 3000 = 0.17180618084967136
Training loss on iteration 3020 = 0.24708367381244897
Training loss on iteration 3040 = 0.27336065117269753
Training loss on iteration 3060 = 0.2684013506397605
Training loss on iteration 3080 = 0.26342560537159443
Training loss on iteration 3100 = 0.17028872733935713
Training loss on iteration 3120 = 0.22183424402028323
Training loss on iteration 3140 = 0.2692126284353435
Training loss on iteration 3160 = 0.3252150319516659
Training loss on iteration 3180 = 0.2856316339224577
Training loss on iteration 3200 = 0.21673954660072922
Training loss on iteration 3220 = 0.25868887300603094
Training loss on iteration 3240 = 0.14184997682459652
Training loss on iteration 3260 = 0.19266988905146717
Training loss on iteration 3280 = 0.25567509648390113
Training loss on iteration 3300 = 0.22324911095201969
Training loss on iteration 3320 = 0.20319274570792914
Training loss on iteration 3340 = 0.2100797738879919
Training loss on iteration 3360 = 0.26368714272975924
Training loss on iteration 3380 = 0.5453383469954133
Training loss on iteration 3400 = 0.33048620242625476
Training loss on iteration 3420 = 0.1723485682858154
Training loss on iteration 3440 = 0.21708539878018202
Training loss on iteration 3460 = 0.21071092346683146
Training loss on iteration 3480 = 0.23585162088274955
Training loss on iteration 3500 = 0.14385054390877486
Training loss on iteration 3520 = 0.19741448916029186
Training loss on iteration 3540 = 0.151367795933038
Training loss on iteration 3560 = 0.19219847300555556
Training loss on iteration 3580 = 0.24348126873373985
Training loss on iteration 3600 = 0.266956664249301
Training loss on iteration 3620 = 0.20772704239934683
Training loss on iteration 3640 = 0.1739785170473624
Training loss on iteration 3660 = 0.20470313315745442
Training loss on iteration 3680 = 0.2658091489225626
Training loss on iteration 3700 = 0.18447471640538424
Training loss on iteration 3720 = 0.1961172493174672
Training loss on iteration 3740 = 0.3605953197344206
Training loss on iteration 3760 = 0.23804853931069375
Training loss on iteration 3780 = 0.20442901644855738
Training loss on iteration 3800 = 0.17597910091280938
Training loss on iteration 3820 = 0.30906289285048844
Training loss on iteration 3840 = 0.21633025007322432
Training loss on iteration 3860 = 0.21839169599115849
Training loss on iteration 3880 = 0.31483102263882756
Training loss on iteration 3900 = 0.17756799187045544
Training loss on iteration 3920 = 0.2982347604818642
Training loss on iteration 3940 = 0.2885113903321326
Training loss on iteration 3960 = 0.24455508086830377
Training loss on iteration 3980 = 0.1677163565531373
Training loss on iteration 4000 = 0.31187985353171827
Training loss on iteration 4020 = 0.18592049404978753
Training loss on iteration 4040 = 0.1704194201156497
Training loss on iteration 4060 = 0.2794761214405298
Training loss on iteration 4080 = 0.18258657157421113
Training loss on iteration 4100 = 0.1972258858382702
Training loss on iteration 4120 = 0.23789054062217474
Training loss on iteration 4140 = 0.14107840359210969
Training loss on iteration 4160 = 0.2820513483136892
Training loss on iteration 4180 = 0.2997239803895354
Training loss on iteration 4200 = 0.24105782988481222
Training loss on iteration 4220 = 0.24137143846601247
Training loss on iteration 4240 = 0.3627808276563883
Training loss on iteration 4260 = 0.18985337894409895
Training loss on iteration 4280 = 0.327493794541806
Training loss on iteration 4300 = 0.29237330313771964
Training loss on iteration 4320 = 0.2219614300876856
Training loss on iteration 4340 = 0.2531495948322117
Training loss on iteration 4360 = 0.16688713608309627
Training loss on iteration 4380 = 0.19854626106098294
Training loss on iteration 4400 = 0.2658129480667412
Training loss on iteration 4420 = 0.3055940616875887
Training loss on iteration 4440 = 0.22249410655349494
Training loss on iteration 4460 = 0.20997158028185367
Training loss on iteration 4480 = 0.2755965470336378
Training loss on iteration 4500 = 0.2911300830543041
Training loss on iteration 4520 = 0.21511560901999474
Training loss on iteration 4540 = 0.22778775878250598
Training loss on iteration 4560 = 0.2045859644189477
Training loss on iteration 4580 = 0.2893498386256397
Training loss on iteration 4600 = 0.1746264279820025
Training loss on iteration 4620 = 0.21991220088675617
Training loss on iteration 4640 = 0.19958443362265826
Training loss on iteration 4660 = 0.21536427927203478
Training loss on iteration 4680 = 0.31635352289304136
Training loss on iteration 4700 = 0.2680562940426171
Training loss on iteration 4720 = 0.21348583712242544
Training loss on iteration 4740 = 0.27133883275091647
Training loss on iteration 4760 = 0.13644025702960788
Training loss on iteration 4780 = 0.31024994887411594
Training loss on iteration 4800 = 0.18270117272622882
Training loss on iteration 4820 = 0.20310366842895747
Training loss on iteration 4840 = 0.28868999872356654
Training loss on iteration 4860 = 0.2261189863085747
Training loss on iteration 4880 = 0.14063984816893935
Training loss on iteration 4900 = 0.314105692692101
Training loss on iteration 4920 = 0.37326374016702174
Training loss on iteration 4940 = 0.18498014197684826
Training loss on iteration 4960 = 0.26472529417369517
Training loss on iteration 4980 = 0.2334264417178929
Training loss on iteration 5000 = 0.24162733908742667
Training loss on iteration 5020 = 0.21179238390177488
Training loss on iteration 5040 = 0.20124098770320414
Training loss on iteration 5060 = 0.23777801524847747
Training loss on iteration 5080 = 0.14598347885767
Training loss on iteration 5100 = 0.1911830183118582
Training loss on iteration 5120 = 0.12243578331544995
Training loss on iteration 5140 = 0.19701391169801355
Training loss on iteration 5160 = 0.22534500006586314
Training loss on iteration 5180 = 0.1786438378505409
Training loss on iteration 5200 = 0.18342455495148896
Training loss on iteration 5220 = 0.2843146338360384
Training loss on iteration 5240 = 0.17726523609599099
Training loss on iteration 5260 = 0.22118002390488983
Training loss on iteration 5280 = 0.1495239171665162
Training loss on iteration 5300 = 0.2423986468464136
Training loss on iteration 5320 = 0.4569256488233805
Training loss on iteration 5340 = 0.41152299754321575
Training loss on iteration 5360 = 0.3591314572840929
Training loss on iteration 5380 = 0.32649401370435954
Training loss on iteration 5400 = 0.30343670514412224
Training loss on iteration 5420 = 0.2664867635816336
Training loss on iteration 5440 = 0.24398518931120633
Training loss on iteration 5460 = 0.31027646753937005
Training loss on iteration 5480 = 0.25848186388611794
Training loss on iteration 5500 = 0.2156160455197096
Training loss on iteration 5520 = 0.2981965482234955
Training loss on iteration 5540 = 0.30543296337127684
Training loss on iteration 5560 = 0.18708737809211015
Training loss on iteration 5580 = 0.23823560709133745
Training loss on iteration 5600 = 0.30802166275680065
Training loss on iteration 5620 = 0.26754536051303146
Training loss on iteration 5640 = 0.1980288339778781
Training loss on iteration 5660 = 0.3095071390271187
Training loss on iteration 5680 = 0.20413045380264522
Training loss on iteration 5700 = 0.2503282672725618
Training loss on iteration 5720 = 0.22272801003418863
Training loss on iteration 5740 = 0.23443699842318894
Training loss on iteration 5760 = 0.17861247109249234
Training loss on iteration 5780 = 0.12103969035670162
Training loss on iteration 5800 = 0.3755800690501928
Training loss on iteration 5820 = 0.2186356522142887
Training loss on iteration 5840 = 0.19070995319634676
Training loss on iteration 5860 = 0.2751329442486167
Training loss on iteration 5880 = 0.22188230119645597
Training loss on iteration 5900 = 0.2618743410333991
Training loss on iteration 5920 = 0.31405005119740964
Training loss on iteration 5940 = 0.3385871484875679
Training loss on iteration 5960 = 0.2786951243877411
Training loss on iteration 5980 = 0.3178797887638211
Training loss on iteration 6000 = 0.23050489453598857
Training loss on iteration 6020 = 0.379556423984468
Training loss on iteration 6040 = 0.2903822610154748
Training loss on iteration 6060 = 0.19076698403805495
Training loss on iteration 6080 = 0.24773389962501824
Training loss on iteration 6100 = 0.25896376445889474
Training loss on iteration 6120 = 0.2960182338953018
Training loss on iteration 6140 = 0.3411215467378497
Training loss on iteration 6160 = 0.28342099618166683
Training loss on iteration 6180 = 0.31560111939907076
Training loss on iteration 6200 = 0.21961495839059353
Training loss on iteration 6220 = 0.2918972151353955
Training loss on iteration 6240 = 0.19877257142215968
Training loss on iteration 6260 = 0.19166396670043467
Training loss on iteration 6280 = 0.2045604011043906
Training loss on iteration 6300 = 0.2107999786734581
Training loss on iteration 6320 = 0.23898258893750607
Training loss on iteration 6340 = 0.24351905165240167
Training loss on iteration 6360 = 0.24276705221273004
Training loss on iteration 6380 = 0.2426464831456542
Training loss on iteration 6400 = 0.2167012379737571
Training loss on iteration 6420 = 0.29421605430543424
Training loss on iteration 6440 = 0.16678502820432187
Training loss on iteration 6460 = 0.26145222717896105
Training loss on iteration 6480 = 0.23114436045289039
Training loss on iteration 6500 = 0.18204475548118354
Training loss on iteration 6520 = 0.20960906259715556
Training loss on iteration 6540 = 0.21503525264561177
Training loss on iteration 6560 = 0.2917535463348031
Training loss on iteration 6580 = 0.16418199557811022
Training loss on iteration 6600 = 0.26058763917535543
Training loss on iteration 6620 = 0.19366569705307485
Training loss on iteration 6640 = 0.2972934301942587
Training loss on iteration 6660 = 0.19802861269563438
Training loss on iteration 6680 = 0.30472753662616014
Training loss on iteration 6700 = 0.2833757780492306
Training loss on iteration 6720 = 0.28838310642167925
Training loss on iteration 6740 = 0.24012809419073164
Training loss on iteration 6760 = 0.20911373682320117
Training loss on iteration 6780 = 0.21125202123075723
Training loss on iteration 6800 = 0.24163312069140375
Training loss on iteration 6820 = 0.22871267260052264
Training loss on iteration 6840 = 0.20908890208229422
Training loss on iteration 6860 = 0.19847004069015384
Training loss on iteration 6880 = 0.2581433649174869
Training loss on iteration 6900 = 0.2570342442020774
Training loss on iteration 6920 = 0.38110132832080124
Training loss on iteration 6940 = 0.317176563385874
Training loss on iteration 6960 = 0.22763783689588307
Training loss on iteration 6980 = 0.19358206642791628
Training loss on iteration 7000 = 0.24275913294404744
Training loss on iteration 7020 = 0.1538400619290769
Training loss on iteration 7040 = 0.18766143899410964
Training loss on iteration 7060 = 0.10952160023152828
Training loss on iteration 7080 = 0.23901581952814013
Training loss on iteration 7100 = 0.17470883685164154
Training loss on iteration 7120 = 0.20243936283513903
Training loss on iteration 7140 = 0.21874093934893607
Training loss on iteration 7160 = 0.21773591492092237
Training loss on iteration 7180 = 0.2858996628783643
Training loss on iteration 7200 = 0.1453219864051789
Training loss on iteration 7220 = 0.21195835079997777
Training loss on iteration 7240 = 0.2121669936925173
Training loss on iteration 7260 = 0.21573000717908145
Training loss on iteration 7280 = 0.16177060175687075
Training loss on iteration 7300 = 0.26795207876712085
Training loss on iteration 7320 = 0.30301100690849125
Training loss on iteration 7340 = 0.17731571020558476
Training loss on iteration 7360 = 0.1932099111378193
Training loss on iteration 7380 = 0.18106801779940723
Training loss on iteration 7400 = 0.2451790079474449
Training loss on iteration 7420 = 0.22156191202811898
Training loss on iteration 7440 = 0.269887488335371
Training loss on iteration 7460 = 0.15553973196074367
Training loss on iteration 7480 = 0.1545913272537291
### EVAL:: Epoch 3:: Loss = 0.16895303877354534 :: ACC = 0.9287719955073006, AUC = 0.9832667246943299, EER = 0.06224260576563085
Training on epoch 4
Training loss on iteration 0 = 0.45449233055114746
Training loss on iteration 20 = 0.17676925878040492
Training loss on iteration 40 = 0.1376169202849269
Training loss on iteration 60 = 0.1931739897467196
Training loss on iteration 80 = 0.13837420353665947
Training loss on iteration 100 = 0.26164181767962874
Training loss on iteration 120 = 0.21982739083468913
Training loss on iteration 140 = 0.1920118941925466
Training loss on iteration 160 = 0.23503254782408475
Training loss on iteration 180 = 0.23944002259522676
Training loss on iteration 200 = 0.20930797690525652
Training loss on iteration 220 = 0.24483880382031203
Training loss on iteration 240 = 0.18948484896682202
Training loss on iteration 260 = 0.20693656532093882
Training loss on iteration 280 = 0.25939885191619394
Training loss on iteration 300 = 0.24802095387130976
Training loss on iteration 320 = 0.24279346922412515
Training loss on iteration 340 = 0.19679853077977896
Training loss on iteration 360 = 0.13406603671610356
Training loss on iteration 380 = 0.20426876796409488
Training loss on iteration 400 = 0.17378798350691796
Training loss on iteration 420 = 0.20976059045642614
Training loss on iteration 440 = 0.42139211017638445
Training loss on iteration 460 = 0.31657752064056693
Training loss on iteration 480 = 0.1782984841382131
Training loss on iteration 500 = 0.304465592186898
Training loss on iteration 520 = 0.21524790953844786
Training loss on iteration 540 = 0.19784314632415773
Training loss on iteration 560 = 0.26344069205224513
Training loss on iteration 580 = 0.22659711306914687
Training loss on iteration 600 = 0.2471531003713608
Training loss on iteration 620 = 0.22215642984956502
Training loss on iteration 640 = 0.22353788586333395
Training loss on iteration 660 = 0.20143393790349365
Training loss on iteration 680 = 0.2053947334177792
Training loss on iteration 700 = 0.1372556909918785
Training loss on iteration 720 = 0.15939144864678384
Training loss on iteration 740 = 0.19276430174941198
Training loss on iteration 760 = 0.16260890022385865
Training loss on iteration 780 = 0.2257147716358304
Training loss on iteration 800 = 0.2244580433703959
Training loss on iteration 820 = 0.1608578499406576
Training loss on iteration 840 = 0.12584655177779497
Training loss on iteration 860 = 0.1974813325330615
Training loss on iteration 880 = 0.27602908089756967
Training loss on iteration 900 = 0.30615489920601247
Training loss on iteration 920 = 0.35740713514387606
Training loss on iteration 940 = 0.1950376268941909
Training loss on iteration 960 = 0.33709757775068283
Training loss on iteration 980 = 0.35760757960379125
Training loss on iteration 1000 = 0.27035335805267097
Training loss on iteration 1020 = 0.4137335535138845
Training loss on iteration 1040 = 0.25864810198545457
Training loss on iteration 1060 = 0.23893238757736981
Training loss on iteration 1080 = 0.3844854445196688
Training loss on iteration 1100 = 0.3268404208123684
Training loss on iteration 1120 = 0.3140437682159245
Training loss on iteration 1140 = 0.21489361890126019
Training loss on iteration 1160 = 0.20939438117202372
Training loss on iteration 1180 = 0.24316630344837903
Training loss on iteration 1200 = 0.28194634839892385
Training loss on iteration 1220 = 0.15861755898222327
Training loss on iteration 1240 = 0.323795360699296
Training loss on iteration 1260 = 0.2552429847419262
Training loss on iteration 1280 = 0.18693245183676482
Training loss on iteration 1300 = 0.11090770117007195
Training loss on iteration 1320 = 0.21465053018182517
Training loss on iteration 1340 = 0.20685708574019374
Training loss on iteration 1360 = 0.15517385508865117
Training loss on iteration 1380 = 0.27049924088642
Training loss on iteration 1400 = 0.22007511481642722
Training loss on iteration 1420 = 0.22178048249334098
Training loss on iteration 1440 = 0.26567411101423205
Training loss on iteration 1460 = 0.43607254009693863
Training loss on iteration 1480 = 0.3406902044080198
Training loss on iteration 1500 = 0.16664675390347838
Training loss on iteration 1520 = 0.2054178831167519
Training loss on iteration 1540 = 0.10583939929492772
Training loss on iteration 1560 = 0.2689425258198753
Training loss on iteration 1580 = 0.252104233764112
Training loss on iteration 1600 = 0.2580905569717288
Training loss on iteration 1620 = 0.3432468337006867
Training loss on iteration 1640 = 0.39972756076604127
Training loss on iteration 1660 = 0.32184957079589366
Training loss on iteration 1680 = 0.40568905901163815
Training loss on iteration 1700 = 0.1758003717288375
Training loss on iteration 1720 = 0.2601763064041734
Training loss on iteration 1740 = 0.1832288581877947
Training loss on iteration 1760 = 0.5011792446952313
Training loss on iteration 1780 = 0.2088052815757692
Training loss on iteration 1800 = 0.27334900964051484
Training loss on iteration 1820 = 0.22292951289564372
Training loss on iteration 1840 = 0.14457751922309398
Training loss on iteration 1860 = 0.2804575843736529
Training loss on iteration 1880 = 0.21238941517658533
Training loss on iteration 1900 = 0.31223211048636584
Training loss on iteration 1920 = 0.3180703676305711
Training loss on iteration 1940 = 0.20532901966944336
Training loss on iteration 1960 = 0.2509240861516446
Training loss on iteration 1980 = 0.33776930849999187
Training loss on iteration 2000 = 0.22393075497820975
Training loss on iteration 2020 = 0.22865844515617936
Training loss on iteration 2040 = 0.1902198180789128
Training loss on iteration 2060 = 0.24840614944696426
Training loss on iteration 2080 = 0.36346889175474645
Training loss on iteration 2100 = 0.2723913945257664
Training loss on iteration 2120 = 0.2753026696387678
Training loss on iteration 2140 = 0.31195108564570545
Training loss on iteration 2160 = 0.2000016941688955
Training loss on iteration 2180 = 0.20307207824662327
Training loss on iteration 2200 = 0.2367663798853755
Training loss on iteration 2220 = 0.18659291956573726
Training loss on iteration 2240 = 0.21905937157571315
Training loss on iteration 2260 = 0.3100347033701837
Training loss on iteration 2280 = 0.14218249628320337
Training loss on iteration 2300 = 0.24217963106930257
Training loss on iteration 2320 = 0.36663345340639353
Training loss on iteration 2340 = 0.2935792937874794
Training loss on iteration 2360 = 0.2563034171238542
Training loss on iteration 2380 = 0.24490864584222435
Training loss on iteration 2400 = 0.18458272963762284
Training loss on iteration 2420 = 0.2550816025584936
Training loss on iteration 2440 = 0.19746672112960367
Training loss on iteration 2460 = 0.2562630645581521
Training loss on iteration 2480 = 0.212241053301841
Training loss on iteration 2500 = 0.24679594840854407
Training loss on iteration 2520 = 0.2738904023543
Training loss on iteration 2540 = 0.1800986820831895
Training loss on iteration 2560 = 0.18710543382912875
Training loss on iteration 2580 = 0.21566202472895385
Training loss on iteration 2600 = 0.17121808445081116
Training loss on iteration 2620 = 0.2484590898267925
Training loss on iteration 2640 = 0.179111186764203
Training loss on iteration 2660 = 0.1991477981209755
Training loss on iteration 2680 = 0.20881611825898289
Training loss on iteration 2700 = 0.16709098187275231
Training loss on iteration 2720 = 0.2504453039728105
Training loss on iteration 2740 = 0.2429656645283103
Training loss on iteration 2760 = 0.18179221618920566
Training loss on iteration 2780 = 0.25215571336448195
Training loss on iteration 2800 = 0.21763581694103779
Training loss on iteration 2820 = 0.25677703600376844
Training loss on iteration 2840 = 0.25238837534561753
Training loss on iteration 2860 = 0.208571176789701
Training loss on iteration 2880 = 0.25115448692813513
Training loss on iteration 2900 = 0.19352325275540352
Training loss on iteration 2920 = 0.1849329681135714
Training loss on iteration 2940 = 0.20448594763875008
Training loss on iteration 2960 = 0.24648640006780625
Training loss on iteration 2980 = 0.1545389486476779
Training loss on iteration 3000 = 0.1402246568351984
Training loss on iteration 3020 = 0.21115743047557772
Training loss on iteration 3040 = 0.17183440122753382
Training loss on iteration 3060 = 0.14418217348866164
Training loss on iteration 3080 = 0.18051506327465178
Training loss on iteration 3100 = 0.27051998069509864
Training loss on iteration 3120 = 0.1722448511980474
Training loss on iteration 3140 = 0.24404069618321955
Training loss on iteration 3160 = 0.21002618074417115
Training loss on iteration 3180 = 0.21307283509522676
Training loss on iteration 3200 = 0.22036813646554948
Training loss on iteration 3220 = 0.20435267300345003
Training loss on iteration 3240 = 0.26070362646132705
Training loss on iteration 3260 = 0.13704574760049582
Training loss on iteration 3280 = 0.15142621113918722
Training loss on iteration 3300 = 0.20169655443169177
Training loss on iteration 3320 = 0.20239074379205704
Training loss on iteration 3340 = 0.22321562189608812
Training loss on iteration 3360 = 0.18113047443330288
Training loss on iteration 3380 = 0.21583127044141293
Training loss on iteration 3400 = 0.2081703504547477
Training loss on iteration 3420 = 0.20496112493565305
Training loss on iteration 3440 = 0.12861937010893598
Training loss on iteration 3460 = 0.3389040782232769
Training loss on iteration 3480 = 0.2558753122575581
Training loss on iteration 3500 = 0.16888998914510012
Training loss on iteration 3520 = 0.22249915195279754
Training loss on iteration 3540 = 0.3424219678156078
Training loss on iteration 3560 = 0.23635859824717045
Training loss on iteration 3580 = 0.23956049578264355
Training loss on iteration 3600 = 0.19383605159819126
Training loss on iteration 3620 = 0.30712226685136557
Training loss on iteration 3640 = 0.24631717898882927
Training loss on iteration 3660 = 0.25304392650723456
Training loss on iteration 3680 = 0.2969018223695457
Training loss on iteration 3700 = 0.21630538012832404
Training loss on iteration 3720 = 0.19072757959365844
Training loss on iteration 3740 = 0.25282917683944106
Training loss on iteration 3760 = 0.19420682918280363
Training loss on iteration 3780 = 0.27490246021188797
Training loss on iteration 3800 = 0.20639134682714938
Training loss on iteration 3820 = 0.2655653213150799
Training loss on iteration 3840 = 0.2906745171174407
Training loss on iteration 3860 = 0.3060409851372242
Training loss on iteration 3880 = 0.3356133684050292
Training loss on iteration 3900 = 0.1901063384488225
Training loss on iteration 3920 = 0.14153130454942583
Training loss on iteration 3940 = 0.18338212256785483
Training loss on iteration 3960 = 0.14840701147913932
Training loss on iteration 3980 = 0.2479448546655476
Training loss on iteration 4000 = 0.20149448518641294
Training loss on iteration 4020 = 0.16972069814801216
Training loss on iteration 4040 = 0.2585328336805105
Training loss on iteration 4060 = 0.16108734947629272
Training loss on iteration 4080 = 0.18844707240350544
Training loss on iteration 4100 = 0.18414744604378938
Training loss on iteration 4120 = 0.17813331307843328
Training loss on iteration 4140 = 0.1485386960208416
Training loss on iteration 4160 = 0.18584192905109376
Training loss on iteration 4180 = 0.15303819184191525
Training loss on iteration 4200 = 0.27432417771779
Training loss on iteration 4220 = 0.18463308515492827
Training loss on iteration 4240 = 0.2238953803665936
Training loss on iteration 4260 = 0.3102971477434039
Training loss on iteration 4280 = 0.28731143921613694
Training loss on iteration 4300 = 0.3139810157008469
Training loss on iteration 4320 = 0.20281401481479405
Training loss on iteration 4340 = 0.3049144729040563
Training loss on iteration 4360 = 0.23991159796714784
Training loss on iteration 4380 = 0.276604078989476
Training loss on iteration 4400 = 0.2291511395946145
Training loss on iteration 4420 = 0.22767434269189835
Training loss on iteration 4440 = 0.19930959502235054
Training loss on iteration 4460 = 0.3675622040405869
Training loss on iteration 4480 = 0.1698609609156847
Training loss on iteration 4500 = 0.1968844785587862
Training loss on iteration 4520 = 0.3136502705514431
Training loss on iteration 4540 = 0.28592048613354565
Training loss on iteration 4560 = 0.2163390844129026
Training loss on iteration 4580 = 0.15133643662557006
Training loss on iteration 4600 = 0.43808903098106383
Training loss on iteration 4620 = 0.5092028291895986
Training loss on iteration 4640 = 0.1935792166739702
Training loss on iteration 4660 = 0.21960223922505975
Training loss on iteration 4680 = 0.20251607783138753
Training loss on iteration 4700 = 0.2900171630084515
Training loss on iteration 4720 = 0.3732091158628464
Training loss on iteration 4740 = 0.3843479635193944
Training loss on iteration 4760 = 0.2841025760397315
Training loss on iteration 4780 = 0.13116439376026393
Training loss on iteration 4800 = 0.23218259820714593
Training loss on iteration 4820 = 0.3000474840402603
Training loss on iteration 4840 = 0.18214119353797287
Training loss on iteration 4860 = 0.18495977665297686
Training loss on iteration 4880 = 0.2563079172745347
Training loss on iteration 4900 = 0.19199231248348952
Training loss on iteration 4920 = 0.23425760250538588
Training loss on iteration 4940 = 0.1901008166372776
Training loss on iteration 4960 = 0.24323010668158532
Training loss on iteration 4980 = 0.2367641257122159
Training loss on iteration 5000 = 0.24699059836566448
Training loss on iteration 5020 = 0.2601310660596937
Training loss on iteration 5040 = 0.18419557753950358
Training loss on iteration 5060 = 0.18964144196361304
Training loss on iteration 5080 = 0.23635398130863905
Training loss on iteration 5100 = 0.13452804731205106
Training loss on iteration 5120 = 0.18341503711417317
Training loss on iteration 5140 = 0.239389003807446
Training loss on iteration 5160 = 0.24906423296779395
Training loss on iteration 5180 = 0.16660745271947236
Training loss on iteration 5200 = 0.20216753846034408
Training loss on iteration 5220 = 0.29795233607292176
Training loss on iteration 5240 = 0.26114442623220385
Training loss on iteration 5260 = 0.19090476725250483
Training loss on iteration 5280 = 0.2433406598865986
Training loss on iteration 5300 = 0.38446881221607326
Training loss on iteration 5320 = 0.3726652179844677
Training loss on iteration 5340 = 0.26006903164088724
Training loss on iteration 5360 = 0.23977416260167955
Training loss on iteration 5380 = 0.12659589145332575
Training loss on iteration 5400 = 0.20072692870162429
Training loss on iteration 5420 = 0.3714759977534413
Training loss on iteration 5440 = 0.2062355088070035
Training loss on iteration 5460 = 0.27287008734419943
Training loss on iteration 5480 = 0.191529250331223
Training loss on iteration 5500 = 0.27172937588766216
Training loss on iteration 5520 = 0.2459724016720429
Training loss on iteration 5540 = 0.17496714200824498
Training loss on iteration 5560 = 0.21734673674218358
Training loss on iteration 5580 = 0.20544286975637077
Training loss on iteration 5600 = 0.17506466638296841
Training loss on iteration 5620 = 0.22977839335799216
Training loss on iteration 5640 = 0.23392252754420043
Training loss on iteration 5660 = 0.25415250584483146
Training loss on iteration 5680 = 0.24392246333882212
Training loss on iteration 5700 = 0.17762671038508415
Training loss on iteration 5720 = 0.21116101080551744
Training loss on iteration 5740 = 0.16052482542581856
Training loss on iteration 5760 = 0.185851071216166
Training loss on iteration 5780 = 0.20400259513407945
Training loss on iteration 5800 = 0.15834864387288689
Training loss on iteration 5820 = 0.1857601385563612
Training loss on iteration 5840 = 0.274118566326797
Training loss on iteration 5860 = 0.15863327784463763
Training loss on iteration 5880 = 0.26843045502901075
Training loss on iteration 5900 = 0.2233454030007124
Training loss on iteration 5920 = 0.47133942442014815
Training loss on iteration 5940 = 0.2088140880689025
Training loss on iteration 5960 = 0.18346585514955221
Training loss on iteration 5980 = 0.3273379602469504
Training loss on iteration 6000 = 0.270728034991771
Training loss on iteration 6020 = 0.1909389884211123
Training loss on iteration 6040 = 0.21583212465047835
Training loss on iteration 6060 = 0.18417001673951744
Training loss on iteration 6080 = 0.264561805408448
Training loss on iteration 6100 = 0.2949820421170443
Training loss on iteration 6120 = 0.24985355213284494
Training loss on iteration 6140 = 0.7994236294180155
Training loss on iteration 6160 = 0.3686007497832179
Training loss on iteration 6180 = 0.3509143387433141
Training loss on iteration 6200 = 0.20830423906445503
Training loss on iteration 6220 = 0.3593188549974002
Training loss on iteration 6240 = 0.2647454193793237
Training loss on iteration 6260 = 0.2181189965456724
Training loss on iteration 6280 = 0.2655882641673088
Training loss on iteration 6300 = 0.29789817235432564
Training loss on iteration 6320 = 0.24385253116488456
Training loss on iteration 6340 = 0.23222869168967009
Training loss on iteration 6360 = 0.2555607113055885
Training loss on iteration 6380 = 0.21574841253459454
Training loss on iteration 6400 = 0.1696165713481605
Training loss on iteration 6420 = 0.18851550645194948
Training loss on iteration 6440 = 0.24419024176895618
Training loss on iteration 6460 = 0.14743188163265586
Training loss on iteration 6480 = 0.25449642445892096
Training loss on iteration 6500 = 0.198745855409652
Training loss on iteration 6520 = 0.19216497167944907
Training loss on iteration 6540 = 0.2494729846715927
Training loss on iteration 6560 = 0.24424642082303763
Training loss on iteration 6580 = 0.25337967751547696
Training loss on iteration 6600 = 0.17891792356967925
Training loss on iteration 6620 = 0.271173014305532
Training loss on iteration 6640 = 0.2147602278739214
Training loss on iteration 6660 = 0.1693174596875906
Training loss on iteration 6680 = 0.1466248592361808
Training loss on iteration 6700 = 0.13535984153859318
Training loss on iteration 6720 = 0.19607575475238265
Training loss on iteration 6740 = 0.16235851873643697
Training loss on iteration 6760 = 0.2390828624367714
Training loss on iteration 6780 = 0.21138261193409563
Training loss on iteration 6800 = 0.22913635866716503
Training loss on iteration 6820 = 0.18645219998434187
Training loss on iteration 6840 = 0.16966265132650732
Training loss on iteration 6860 = 0.18611095156520605
Training loss on iteration 6880 = 0.24676179261878134
Training loss on iteration 6900 = 0.20675157755613327
Training loss on iteration 6920 = 0.25225685602054
Training loss on iteration 6940 = 0.20021198937902226
Training loss on iteration 6960 = 0.15731501902919262
Training loss on iteration 6980 = 0.1529285872587934
Training loss on iteration 7000 = 0.34543549581430855
Training loss on iteration 7020 = 0.21297924346290528
Training loss on iteration 7040 = 0.2663940917700529
Training loss on iteration 7060 = 0.3774174194782972
Training loss on iteration 7080 = 0.1962786190211773
Training loss on iteration 7100 = 0.2951854694634676
Training loss on iteration 7120 = 0.3289696333929896
Training loss on iteration 7140 = 0.23454422536306083
Training loss on iteration 7160 = 0.367326058074832
Training loss on iteration 7180 = 0.33453936092555525
Training loss on iteration 7200 = 0.31960963550955057
Training loss on iteration 7220 = 0.29985010288655756
Training loss on iteration 7240 = 0.19493532134220004
Training loss on iteration 7260 = 0.19988297359086574
Training loss on iteration 7280 = 0.09684980917954818
Training loss on iteration 7300 = 0.19424141608178616
Training loss on iteration 7320 = 0.2035004452802241
Training loss on iteration 7340 = 0.16560062589123845
Training loss on iteration 7360 = 0.2469667273107916
Training loss on iteration 7380 = 0.13224555761553347
Training loss on iteration 7400 = 0.153069245594088
Training loss on iteration 7420 = 0.188005587272346
Training loss on iteration 7440 = 0.24958176026120782
Training loss on iteration 7460 = 0.23220279589295387
Training loss on iteration 7480 = 0.17372703121509403
### EVAL:: Epoch 4:: Loss = 0.23315973413999572 :: ACC = 0.9048109322351179, AUC = 0.9773181898396759, EER = 0.07824784724822163
Training on epoch 5
Training loss on iteration 0 = 0.15829043090343475
Training loss on iteration 20 = 0.17659326731227337
Training loss on iteration 40 = 0.18716283626854419
Training loss on iteration 60 = 0.22931291316635907
Training loss on iteration 80 = 0.19324006792157888
Training loss on iteration 100 = 0.23068671030923724
Training loss on iteration 120 = 0.2908082268666476
Training loss on iteration 140 = 0.1737822306342423
Training loss on iteration 160 = 0.17955476336646825
Training loss on iteration 180 = 0.2998075415380299
Training loss on iteration 200 = 0.22465260876342655
Training loss on iteration 220 = 0.11534074996598065
Training loss on iteration 240 = 0.2695368628017604
Training loss on iteration 260 = 0.18811321752145888
Training loss on iteration 280 = 0.2751901734620333
Training loss on iteration 300 = 0.2423544022720307
Training loss on iteration 320 = 0.18908123588189482
Training loss on iteration 340 = 0.24272234067320825
Training loss on iteration 360 = 0.28618134832940995
Training loss on iteration 380 = 0.22125909700989724
Training loss on iteration 400 = 0.20617559298407287
Training loss on iteration 420 = 0.2665982869453728
Training loss on iteration 440 = 0.270420917449519
Training loss on iteration 460 = 0.3351286950171925
Training loss on iteration 480 = 0.23274690471589565
Training loss on iteration 500 = 0.20666144508868456
Training loss on iteration 520 = 0.3367076037451625
Training loss on iteration 540 = 0.36266140174120665
Training loss on iteration 560 = 0.15680004376918077
Training loss on iteration 580 = 0.39262381829321386
Training loss on iteration 600 = 0.24916701447218656
Training loss on iteration 620 = 0.2628703309223056
Training loss on iteration 640 = 0.18550023203715682
Training loss on iteration 660 = 0.23502477463334798
Training loss on iteration 680 = 0.21856157202273607
Training loss on iteration 700 = 0.2639367563650012
Training loss on iteration 720 = 0.13134035053662957
Training loss on iteration 740 = 0.2572085081133991
Training loss on iteration 760 = 0.22620779238641261
Training loss on iteration 780 = 0.2357502387254499
Training loss on iteration 800 = 0.2921686784364283
Training loss on iteration 820 = 0.25076947808265687
Training loss on iteration 840 = 0.202797513268888
Training loss on iteration 860 = 0.19975787168368697
Training loss on iteration 880 = 0.14965741969645024
Training loss on iteration 900 = 0.2108059692196548
Training loss on iteration 920 = 0.24185171711724252
Training loss on iteration 940 = 0.2384486174909398
Training loss on iteration 960 = 0.2823495551943779
Training loss on iteration 980 = 0.21805705898441374
Training loss on iteration 1000 = 0.2227107184007764
Training loss on iteration 1020 = 0.28720444180071353
Training loss on iteration 1040 = 0.1839259101077914
Training loss on iteration 1060 = 0.1958909522742033
Training loss on iteration 1080 = 0.22933760145679116
Training loss on iteration 1100 = 0.2980719215236604
Training loss on iteration 1120 = 0.24874366065487266
Training loss on iteration 1140 = 0.1264251285698265
Training loss on iteration 1160 = 0.23465786065207794
Training loss on iteration 1180 = 0.1758225029334426
Training loss on iteration 1200 = 0.1803466598270461
Training loss on iteration 1220 = 0.29734224621206523
Training loss on iteration 1240 = 0.2764113057404757
Training loss on iteration 1260 = 0.1878680769354105
Training loss on iteration 1280 = 0.31473828563466666
Training loss on iteration 1300 = 0.20300013897940516
Training loss on iteration 1320 = 0.22034545969218017
Training loss on iteration 1340 = 0.18304452691227197
Training loss on iteration 1360 = 0.3684302190784365
Training loss on iteration 1380 = 0.24086987916380168
Training loss on iteration 1400 = 0.17734760185703635
Training loss on iteration 1420 = 0.2711941211484373
Training loss on iteration 1440 = 0.19636865770444273
Training loss on iteration 1460 = 0.24432634320110083
Training loss on iteration 1480 = 0.1824893306940794
Training loss on iteration 1500 = 0.2330842331983149
Training loss on iteration 1520 = 0.19691659482195972
Training loss on iteration 1540 = 0.22820193525403737
Training loss on iteration 1560 = 0.19898902550339698
Training loss on iteration 1580 = 0.30737050231546165
Training loss on iteration 1600 = 0.17243917528539895
Training loss on iteration 1620 = 0.19752447543432936
Training loss on iteration 1640 = 0.3040027511306107
Training loss on iteration 1660 = 0.2559479646384716
Training loss on iteration 1680 = 0.3208626319654286
Training loss on iteration 1700 = 0.20866272943094372
Training loss on iteration 1720 = 0.26996640525758264
Training loss on iteration 1740 = 0.2239542414434254
Training loss on iteration 1760 = 0.26698271511122584
Training loss on iteration 1780 = 0.27596942372620104
Training loss on iteration 1800 = 0.2570645595435053
Training loss on iteration 1820 = 0.23155811056494713
Training loss on iteration 1840 = 0.25919596599414946
Training loss on iteration 1860 = 0.20994151383638382
Training loss on iteration 1880 = 0.1940387156791985
Training loss on iteration 1900 = 0.34108348954468964
Training loss on iteration 1920 = 0.22075169635936617
Training loss on iteration 1940 = 0.31653689248487354
Training loss on iteration 1960 = 0.18650400335900486
Training loss on iteration 1980 = 0.19741964265704154
Training loss on iteration 2000 = 0.17984841158613563
Training loss on iteration 2020 = 0.20463446695357562
Training loss on iteration 2040 = 0.25213125767186284
Training loss on iteration 2060 = 0.2368446161970496
Training loss on iteration 2080 = 0.2600960412994027
Training loss on iteration 2100 = 0.21419976195320486
Training loss on iteration 2120 = 0.2937109352089465
Training loss on iteration 2140 = 0.1667122568935156
Training loss on iteration 2160 = 0.3016524096950889
Training loss on iteration 2180 = 0.233498290553689
Training loss on iteration 2200 = 0.20176994502544404
Training loss on iteration 2220 = 0.16433559283614158
Training loss on iteration 2240 = 0.40302471111062915
Training loss on iteration 2260 = 0.3098752868361771
Training loss on iteration 2280 = 0.5012102838605642
Training loss on iteration 2300 = 0.30553591083735226
Training loss on iteration 2320 = 0.42192049976438284
Training loss on iteration 2340 = 0.15863133636303245
Training loss on iteration 2360 = 0.14106753570958971
Training loss on iteration 2380 = 0.24786948766559364
Training loss on iteration 2400 = 0.25091311503201724
Training loss on iteration 2420 = 0.20338084502145648
Training loss on iteration 2440 = 0.23886433150619268
Training loss on iteration 2460 = 0.18726396686397492
Training loss on iteration 2480 = 0.30719562908634546
Training loss on iteration 2500 = 0.28588071204721927
Training loss on iteration 2520 = 0.2843322629109025
Training loss on iteration 2540 = 0.3376414273865521
Training loss on iteration 2560 = 0.35682756835594776
Training loss on iteration 2580 = 0.30849751401692627
Training loss on iteration 2600 = 0.25206686891615393
Training loss on iteration 2620 = 0.1834405742585659
Training loss on iteration 2640 = 0.22577710570767523
Training loss on iteration 2660 = 0.21759565472602843
Training loss on iteration 2680 = 0.28448707815259694
Training loss on iteration 2700 = 0.2536834184080362
Training loss on iteration 2720 = 0.22759931730106472
Training loss on iteration 2740 = 0.19378166757524012
Training loss on iteration 2760 = 0.17208154059480876
Training loss on iteration 2780 = 0.45548755982890726
Training loss on iteration 2800 = 0.38691983465105295
Training loss on iteration 2820 = 0.2535283301025629
Training loss on iteration 2840 = 0.1747728796908632
Training loss on iteration 2860 = 0.2542341731721535
Training loss on iteration 2880 = 0.32320280093699694
Training loss on iteration 2900 = 0.2612097606062889
Training loss on iteration 2920 = 0.19005435975268484
Training loss on iteration 2940 = 0.3655128164216876
Training loss on iteration 2960 = 0.31099308636039497
Training loss on iteration 2980 = 0.4029398808255792
Training loss on iteration 3000 = 0.29366717115044594
Training loss on iteration 3020 = 0.3307352573610842
Training loss on iteration 3040 = 0.33146750144660475
Training loss on iteration 3060 = 0.21909348163753747
Training loss on iteration 3080 = 0.2947923755273223
Training loss on iteration 3100 = 0.306429507303983
Training loss on iteration 3120 = 0.262284055352211
Training loss on iteration 3140 = 0.23323296308517455
Training loss on iteration 3160 = 0.3710276735946536
Training loss on iteration 3180 = 0.24206016939133407
Training loss on iteration 3200 = 0.2470873581711203
Training loss on iteration 3220 = 0.24495284417644142
Training loss on iteration 3240 = 0.29962972141802313
Training loss on iteration 3260 = 0.1998137286864221
Training loss on iteration 3280 = 0.2831233037635684
Training loss on iteration 3300 = 0.2933068827725947
Training loss on iteration 3320 = 0.35207309760153294
Training loss on iteration 3340 = 0.26344404527917503
Training loss on iteration 3360 = 0.2501548744738102
Training loss on iteration 3380 = 0.22035441156476737
Training loss on iteration 3400 = 0.29435111917555334
Training loss on iteration 3420 = 0.293475834839046
Training loss on iteration 3440 = 0.29000293277204037
Training loss on iteration 3460 = 0.3345686920918524
Training loss on iteration 3480 = 0.23844510596245527
Training loss on iteration 3500 = 0.35409957990050317
Training loss on iteration 3520 = 0.4226605674251914
Training loss on iteration 3540 = 0.3553111508488655
Training loss on iteration 3560 = 0.3297865062952042
Training loss on iteration 3580 = 0.3030738767236471
Training loss on iteration 3600 = 0.23138686651363968
Training loss on iteration 3620 = 0.3956507781520486
Training loss on iteration 3640 = 0.26199264004826545
Training loss on iteration 3660 = 0.2944156251847744
Training loss on iteration 3680 = 0.17337679788470267
Training loss on iteration 3700 = 0.2231630079448223
Training loss on iteration 3720 = 0.19396982956677675
Training loss on iteration 3740 = 0.26873741317540406
Training loss on iteration 3760 = 0.2790090315043926
Training loss on iteration 3780 = 0.16691270153969526
Training loss on iteration 3800 = 0.2901932612061501
Training loss on iteration 3820 = 0.26095847310498355
Training loss on iteration 3840 = 0.22841415442526342
Training loss on iteration 3860 = 0.29330145604908464
Training loss on iteration 3880 = 0.39082448966801164
Training loss on iteration 3900 = 0.3489311639219522
Training loss on iteration 3920 = 0.23372371066361666
Training loss on iteration 3940 = 0.38076960686594247
Training loss on iteration 3960 = 0.2761785056442022
Training loss on iteration 3980 = 0.1815510805696249
Training loss on iteration 4000 = 0.2785971732344478
Training loss on iteration 4020 = 0.23831712529063226
Training loss on iteration 4040 = 0.2342927956953645
Training loss on iteration 4060 = 0.3619976261630654
Training loss on iteration 4080 = 0.4319379637017846
Training loss on iteration 4100 = 0.45862106466665864
Training loss on iteration 4120 = 0.34291309136897324
Training loss on iteration 4140 = 0.4485960426274687
Training loss on iteration 4160 = 0.3124049175530672
Training loss on iteration 4180 = 0.3501730617135763
Training loss on iteration 4200 = 0.3567207718268037
Training loss on iteration 4220 = 0.30974324867129327
Training loss on iteration 4240 = 0.34195977728813887
Training loss on iteration 4260 = 0.29381544068455695
Training loss on iteration 4280 = 0.21096408404409886
Training loss on iteration 4300 = 0.26514102667570116
Training loss on iteration 4320 = 0.2990838263183832
Training loss on iteration 4340 = 0.3079483287408948
Training loss on iteration 4360 = 0.19707660228013993
Training loss on iteration 4380 = 0.2109793013893068
Training loss on iteration 4400 = 0.25214847177267075
Training loss on iteration 4420 = 0.2510157934390008
Training loss on iteration 4440 = 0.18986555878072978
Training loss on iteration 4460 = 0.2874928593635559
Training loss on iteration 4480 = 0.22760089058429003
Training loss on iteration 4500 = 0.4246742747724056
Training loss on iteration 4520 = 0.2467615135014057
Training loss on iteration 4540 = 0.24022642318159343
Training loss on iteration 4560 = 0.2974245619028807
Training loss on iteration 4580 = 0.22406845577061177
Training loss on iteration 4600 = 0.20363211315125226
Training loss on iteration 4620 = 0.20647713956423103
Training loss on iteration 4640 = 0.32847337117418646
Training loss on iteration 4660 = 0.33056207839399576
Training loss on iteration 4680 = 0.18405768983066081
Training loss on iteration 4700 = 0.2824390598572791
Training loss on iteration 4720 = 0.30075125889852644
Training loss on iteration 4740 = 0.2275255210697651
Training loss on iteration 4760 = 0.3049356644973159
Training loss on iteration 4780 = 0.23393337540328502
Training loss on iteration 4800 = 0.2615271779242903
Training loss on iteration 4820 = 0.1956356406211853
Training loss on iteration 4840 = 0.24554966147989035
Training loss on iteration 4860 = 0.23816798627376556
Training loss on iteration 4880 = 0.34413885697722435
Training loss on iteration 4900 = 0.20402402766048908
Training loss on iteration 4920 = 0.22422954645007848
Training loss on iteration 4940 = 0.3546071326360106
Training loss on iteration 4960 = 0.33207039460539817
Training loss on iteration 4980 = 0.3614121451973915
Training loss on iteration 5000 = 0.23899160660803317
Training loss on iteration 5020 = 0.26330179672222587
Training loss on iteration 5040 = 0.2636541505344212
Training loss on iteration 5060 = 0.26017243452370165
Training loss on iteration 5080 = 0.20885444348677992
Training loss on iteration 5100 = 0.27820165883749726
Training loss on iteration 5120 = 0.18498468557372688
Training loss on iteration 5140 = 0.18498833142220975
Training loss on iteration 5160 = 0.19412566679529847
Training loss on iteration 5180 = 0.2384243756532669
Training loss on iteration 5200 = 0.2626020506955683
Training loss on iteration 5220 = 0.18025662945583462
Training loss on iteration 5240 = 0.4587029987946153
Training loss on iteration 5260 = 0.2682806935161352
Training loss on iteration 5280 = 0.2978497792035341
Training loss on iteration 5300 = 0.2765781605616212
Training loss on iteration 5320 = 0.20534186717122793
Training loss on iteration 5340 = 0.19432265302166343
Training loss on iteration 5360 = 0.17324236147105693
Training loss on iteration 5380 = 0.4072635376825929
Training loss on iteration 5400 = 0.22190469494089485
Training loss on iteration 5420 = 0.23373646158725023
Training loss on iteration 5440 = 0.26350508257746696
Training loss on iteration 5460 = 0.22293570432811977
Training loss on iteration 5480 = 0.22092406870797276
Training loss on iteration 5500 = 0.24744044262915849
Training loss on iteration 5520 = 0.276961200684309
Training loss on iteration 5540 = 0.19754565330222248
Training loss on iteration 5560 = 0.16206414373591543
Training loss on iteration 5580 = 0.2648667335975915
Training loss on iteration 5600 = 0.22553466437384487
Training loss on iteration 5620 = 0.43219913691282275
Training loss on iteration 5640 = 0.383425335586071
Training loss on iteration 5660 = 0.26221170742064714
Training loss on iteration 5680 = 0.4368708774447441
Training loss on iteration 5700 = 0.30688736829906704
Training loss on iteration 5720 = 0.4785769645124674
Training loss on iteration 5740 = 0.3356177981942892
Training loss on iteration 5760 = 0.3820608872920275
Training loss on iteration 5780 = 0.23612840995192527
Training loss on iteration 5800 = 0.3553494825027883
Training loss on iteration 5820 = 0.18415660625323654
Training loss on iteration 5840 = 0.36087529971264304
Training loss on iteration 5860 = 0.3287871994078159
Training loss on iteration 5880 = 0.1448432258795947
Training loss on iteration 5900 = 0.2609447453171015
Training loss on iteration 5920 = 0.21789401080459356
Training loss on iteration 5940 = 0.2607428949326277
Training loss on iteration 5960 = 0.2048473868519068
Training loss on iteration 5980 = 0.3567638073116541
Training loss on iteration 6000 = 0.24494011607021093
Training loss on iteration 6020 = 0.23525818195194007
Training loss on iteration 6040 = 0.19418455455452205
Training loss on iteration 6060 = 0.31137630734592675
Training loss on iteration 6080 = 0.17805681079626084
Training loss on iteration 6100 = 0.17708321104291827
Training loss on iteration 6120 = 0.1747922540642321
Training loss on iteration 6140 = 0.23333659376949073
Training loss on iteration 6160 = 0.29627320761792364
Training loss on iteration 6180 = 0.23996212212368845
Training loss on iteration 6200 = 0.31229759361594917
Training loss on iteration 6220 = 0.33571908734738826
Training loss on iteration 6240 = 0.2850519485771656
Training loss on iteration 6260 = 0.27235312238335607
Training loss on iteration 6280 = 0.3428765792399645
Training loss on iteration 6300 = 0.36950009856373073
Training loss on iteration 6320 = 0.23377276994287968
Training loss on iteration 6340 = 0.305588043667376
Training loss on iteration 6360 = 0.30271890833973886
Training loss on iteration 6380 = 0.2988258596509695
Training loss on iteration 6400 = 0.3577445402741432
Training loss on iteration 6420 = 0.2789662655442953
Training loss on iteration 6440 = 0.33477463759481907
Training loss on iteration 6460 = 0.3554658439010382
Training loss on iteration 6480 = 0.27891959995031357
Training loss on iteration 6500 = 0.3779440278187394
Training loss on iteration 6520 = 0.3192741800099611
Training loss on iteration 6540 = 0.4482173748314381
Training loss on iteration 6560 = 0.4794226363301277
Training loss on iteration 6580 = 0.23784304317086935
Training loss on iteration 6600 = 0.2757420615293086
Training loss on iteration 6620 = 0.21162879045587032
Training loss on iteration 6640 = 0.3358532231301069
Training loss on iteration 6660 = 0.5201211635023355
Training loss on iteration 6680 = 0.39715166166424754
Training loss on iteration 6700 = 0.2090810879599303
Training loss on iteration 6720 = 0.23035934111103415
Training loss on iteration 6740 = 0.2773340379819274
Training loss on iteration 6760 = 0.3166605172678828
Training loss on iteration 6780 = 0.3421282710507512
Training loss on iteration 6800 = 0.3052458237856627
Training loss on iteration 6820 = 0.3188634280115366
Training loss on iteration 6840 = 0.2656566847115755
Training loss on iteration 6860 = 0.3525837421417236
Training loss on iteration 6880 = 0.2771427072584629
Training loss on iteration 6900 = 0.22575761573389172
Training loss on iteration 6920 = 0.3273712407797575
Training loss on iteration 6940 = 0.3209697397425771
Training loss on iteration 6960 = 0.2539307612925768
Training loss on iteration 6980 = 0.24896893166005613
Training loss on iteration 7000 = 0.30399824418127536
Training loss on iteration 7020 = 0.206068173982203
Training loss on iteration 7040 = 0.44116418128833174
Training loss on iteration 7060 = 0.3510862273396924
Training loss on iteration 7080 = 0.32730055302381517
Training loss on iteration 7100 = 0.35660089924931526
Training loss on iteration 7120 = 0.28206644020974636
Training loss on iteration 7140 = 0.23756380155682563
Training loss on iteration 7160 = 0.37248207670636474
Training loss on iteration 7180 = 0.2229374647140503
Training loss on iteration 7200 = 0.22127015106379985
Training loss on iteration 7220 = 0.22874410767108203
Training loss on iteration 7240 = 0.27323943851515653
Training loss on iteration 7260 = 0.3034427385777235
Training loss on iteration 7280 = 0.28660556972026824
Training loss on iteration 7300 = 0.254242736287415
Training loss on iteration 7320 = 0.32237337715923786
Training loss on iteration 7340 = 0.31121051479130984
Training loss on iteration 7360 = 0.2640889445319772
Training loss on iteration 7380 = 0.3101008962839842
Training loss on iteration 7400 = 0.3253914438188076
Training loss on iteration 7420 = 0.38127683810889723
Training loss on iteration 7440 = 0.2770289696753025
Training loss on iteration 7460 = 0.22929444275796412
Training loss on iteration 7480 = 0.21720467023551465
### EVAL:: Epoch 5:: Loss = 0.23892917161959204 :: ACC = 0.9070572819168851, AUC = 0.9490410709071925, EER = 0.12083489329839012
Training on epoch 6
Training loss on iteration 0 = 0.1995832920074463
Training loss on iteration 20 = 0.30716573167592287
Training loss on iteration 40 = 0.29837883450090885
Training loss on iteration 60 = 0.2794438042677939
Training loss on iteration 80 = 0.2519773803651333
Training loss on iteration 100 = 0.2247797580435872
Training loss on iteration 120 = 0.2981720369309187
Training loss on iteration 140 = 0.24792152838781475
Training loss on iteration 160 = 0.26597268171608446
Training loss on iteration 180 = 0.24727386310696603
Training loss on iteration 200 = 0.2950581690296531
Training loss on iteration 220 = 0.19663830287754536
Training loss on iteration 240 = 0.2789073530584574
Training loss on iteration 260 = 0.20446970406919718
Training loss on iteration 280 = 0.34112362312152983
Training loss on iteration 300 = 0.2599897769279778
Training loss on iteration 320 = 0.30417018830776216
Training loss on iteration 340 = 0.21712638502940534
Training loss on iteration 360 = 0.3211306009441614
Training loss on iteration 380 = 0.23660556599497795
Training loss on iteration 400 = 0.21355722174048425
Training loss on iteration 420 = 0.2804361417889595
Training loss on iteration 440 = 0.2786122469231486
Training loss on iteration 460 = 0.2540741678327322
Training loss on iteration 480 = 0.23818336870754137
Training loss on iteration 500 = 0.3354039192199707
Training loss on iteration 520 = 0.3400033745914698
Training loss on iteration 540 = 0.38316611647605897
Training loss on iteration 560 = 0.2512193420901895
Training loss on iteration 580 = 0.24804993593133987
Training loss on iteration 600 = 0.3503732880577445
Training loss on iteration 620 = 0.2579065661877394
Training loss on iteration 640 = 0.31788180228322743
Training loss on iteration 660 = 0.27015974596142767
Training loss on iteration 680 = 0.25326044782996177
Training loss on iteration 700 = 0.24649610514752568
Training loss on iteration 720 = 0.22339135818183423
Training loss on iteration 740 = 0.3170788876712322
Training loss on iteration 760 = 0.1892482465133071
Training loss on iteration 780 = 0.2892455141991377
Training loss on iteration 800 = 0.2778536342084408
Training loss on iteration 820 = 0.31537979263812305
Training loss on iteration 840 = 0.27368217557668684
Training loss on iteration 860 = 0.27093548881821333
Training loss on iteration 880 = 0.3221914958208799
Training loss on iteration 900 = 0.2513221216853708
Training loss on iteration 920 = 0.2761777739971876
Training loss on iteration 940 = 0.23087817188352347
Training loss on iteration 960 = 0.27646116986870767
Training loss on iteration 980 = 0.2342326020821929
Training loss on iteration 1000 = 0.3166324934922159
Training loss on iteration 1020 = 0.27405082769691946
Training loss on iteration 1040 = 0.27126606879755855
Training loss on iteration 1060 = 0.22109446809627115
Training loss on iteration 1080 = 0.24385822750627995
Training loss on iteration 1100 = 0.3165468896739185
Training loss on iteration 1120 = 0.30758716869167985
Training loss on iteration 1140 = 0.29742256524041294
Training loss on iteration 1160 = 0.2660105798393488
Training loss on iteration 1180 = 0.2678888073191047
Training loss on iteration 1200 = 0.342579497769475
Training loss on iteration 1220 = 0.29888902958482505
Training loss on iteration 1240 = 0.28274760469794274
Training loss on iteration 1260 = 0.23020239677280188
Training loss on iteration 1280 = 0.32754369229078295
Training loss on iteration 1300 = 0.36393024660646917
Training loss on iteration 1320 = 0.351169415935874
Training loss on iteration 1340 = 0.25334927067160606
Training loss on iteration 1360 = 0.334415615350008
Training loss on iteration 1380 = 0.37891722843050957
Training loss on iteration 1400 = 0.5577668361365795
Training loss on iteration 1420 = 0.29897726587951184
Training loss on iteration 1440 = 0.38669530376791955
Training loss on iteration 1460 = 0.2799428695812821
Training loss on iteration 1480 = 0.3372705187648535
Training loss on iteration 1500 = 0.2555084524676204
Training loss on iteration 1520 = 0.34492492880672215
Training loss on iteration 1540 = 0.33987929318100213
Training loss on iteration 1560 = 0.3937682963907719
Training loss on iteration 1580 = 0.6033707551658154
Training loss on iteration 1600 = 0.4594952821731567
Training loss on iteration 1620 = 0.4940085656940937
Training loss on iteration 1640 = 0.3803412362933159
Training loss on iteration 1660 = 0.4365859545767307
Training loss on iteration 1680 = 0.355111800506711
Training loss on iteration 1700 = 0.3286299079656601
Training loss on iteration 1720 = 0.35811422392725945
Training loss on iteration 1740 = 0.26698719784617425
Training loss on iteration 1760 = 0.4308009847998619
Training loss on iteration 1780 = 0.290825992077589
Training loss on iteration 1800 = 0.3738463554531336
Training loss on iteration 1820 = 0.29061200842261314
Training loss on iteration 1840 = 0.28971589356660843
Training loss on iteration 1860 = 0.4116161471232772
Training loss on iteration 1880 = 0.3009412486106157
Training loss on iteration 1900 = 0.4120505189523101
Training loss on iteration 1920 = 0.40028296671807767
Training loss on iteration 1940 = 0.46530894059687855
Training loss on iteration 1960 = 0.3799191895872355
Training loss on iteration 1980 = 0.4597813174128532
Training loss on iteration 2000 = 0.35667649023234843
Training loss on iteration 2020 = 0.3245733704417944
Training loss on iteration 2040 = 0.28957401402294636
Training loss on iteration 2060 = 0.3310062510892749
Training loss on iteration 2080 = 0.3263439241796732
Training loss on iteration 2100 = 0.3077050566673279
Training loss on iteration 2120 = 0.2642309216782451
Training loss on iteration 2140 = 0.25026970244944097
Training loss on iteration 2160 = 0.39740063026547434
Training loss on iteration 2180 = 0.307819540053606
Training loss on iteration 2200 = 0.28942133076488974
Training loss on iteration 2220 = 0.41805495601147413
Training loss on iteration 2240 = 0.38357809782028196
Training loss on iteration 2260 = 0.35437479615211487
Training loss on iteration 2280 = 0.28720618672668935
Training loss on iteration 2300 = 0.2789210964925587
Training loss on iteration 2320 = 0.285178548283875
Training loss on iteration 2340 = 0.20377848632633686
Training loss on iteration 2360 = 0.30353476405143737
Training loss on iteration 2380 = 0.2774034748785198
Training loss on iteration 2400 = 0.2564325504004955
Training loss on iteration 2420 = 0.17621745213400572
Training loss on iteration 2440 = 0.24625225383788346
Training loss on iteration 2460 = 0.2897368586622179
Training loss on iteration 2480 = 0.24419404836371542
Training loss on iteration 2500 = 0.28578894333913923
Training loss on iteration 2520 = 0.2671245294623077
Training loss on iteration 2540 = 0.2116282805800438
Training loss on iteration 2560 = 0.3385993741452694
Training loss on iteration 2580 = 0.34052775111049416
Training loss on iteration 2600 = 0.3007965136319399
Training loss on iteration 2620 = 0.367539357021451
Training loss on iteration 2640 = 0.314497041888535
Training loss on iteration 2660 = 0.27150006256997583
Training loss on iteration 2680 = 0.26055793520063164
Training loss on iteration 2700 = 0.26448898315429686
Training loss on iteration 2720 = 0.25451796539127824
Training loss on iteration 2740 = 0.2901124630123377
Training loss on iteration 2760 = 0.20075897304341198
Training loss on iteration 2780 = 0.34926063343882563
Training loss on iteration 2800 = 0.3236738707870245
Training loss on iteration 2820 = 0.3191944595426321
Training loss on iteration 2840 = 0.3183238799218088
Training loss on iteration 2860 = 0.30028478279709814
Training loss on iteration 2880 = 0.2870244404301047
Training loss on iteration 2900 = 0.24306530877947807
Training loss on iteration 2920 = 0.27514888569712637
Training loss on iteration 2940 = 0.2667457493022084
Training loss on iteration 2960 = 0.35612553395330904
Training loss on iteration 2980 = 0.4137477532029152
Training loss on iteration 3000 = 0.5066714849323034
Training loss on iteration 3020 = 0.2463942687958479
Training loss on iteration 3040 = 0.35556912012398245
Training loss on iteration 3060 = 0.3329182226210833
Training loss on iteration 3080 = 0.3174617217388004
Training loss on iteration 3100 = 0.27698130942881105
Training loss on iteration 3120 = 0.31220564814284446
Training loss on iteration 3140 = 0.6588484974578023
Training loss on iteration 3160 = 0.5395899714902044
Training loss on iteration 3180 = 0.42543936148285866
Training loss on iteration 3200 = 0.5210306737571955
Training loss on iteration 3220 = 0.5061679808422923
Training loss on iteration 3240 = 0.2834321932867169
Training loss on iteration 3260 = 0.42159336172044276
Training loss on iteration 3280 = 0.2595082802698016
Training loss on iteration 3300 = 0.26825171820819377
Training loss on iteration 3320 = 0.42469929875805973
Training loss on iteration 3340 = 0.324622655659914
Training loss on iteration 3360 = 0.30665972735732794
Training loss on iteration 3380 = 0.21276616659015418
Training loss on iteration 3400 = 0.32747555188834665
Training loss on iteration 3420 = 0.23170874305069447
Training loss on iteration 3440 = 0.3168958419933915
Training loss on iteration 3460 = 0.21675496660172938
Training loss on iteration 3480 = 0.3222064390545711
Training loss on iteration 3500 = 0.34230299964547156
Training loss on iteration 3520 = 0.3266890635713935
Training loss on iteration 3540 = 0.24980911770835518
Training loss on iteration 3560 = 0.4240199778228998
Training loss on iteration 3580 = 0.25150294564664366
Training loss on iteration 3600 = 0.2680485680699348
Training loss on iteration 3620 = 0.3880580818280578
Training loss on iteration 3640 = 0.19698708467185497
Training loss on iteration 3660 = 0.1862510430626571
Training loss on iteration 3680 = 0.2829208342125639
Training loss on iteration 3700 = 0.30033539948053656
Training loss on iteration 3720 = 0.215454787760973
Training loss on iteration 3740 = 0.3370177786797285
Training loss on iteration 3760 = 0.3871873527765274
Training loss on iteration 3780 = 0.259252355247736
Training loss on iteration 3800 = 0.29361427500844
Training loss on iteration 3820 = 0.3799323416315019
Training loss on iteration 3840 = 0.3977485947310925
Training loss on iteration 3860 = 0.27980230329558253
Training loss on iteration 3880 = 0.2664824281819165
Training loss on iteration 3900 = 0.3658805789425969
Training loss on iteration 3920 = 0.33403194770216943
Training loss on iteration 3940 = 0.2747265661135316
Training loss on iteration 3960 = 0.3528884927742183
Training loss on iteration 3980 = 0.26769861076027157
Training loss on iteration 4000 = 0.26441701091825964
Training loss on iteration 4020 = 0.3606974188238382
Training loss on iteration 4040 = 0.21244873888790608
Training loss on iteration 4060 = 0.2039295350201428
Training loss on iteration 4080 = 0.24876293307170272
Training loss on iteration 4100 = 0.27345064766705035
Training loss on iteration 4120 = 0.33107749074697496
Training loss on iteration 4140 = 0.3840629681944847
Training loss on iteration 4160 = 0.36739601716399195
Training loss on iteration 4180 = 0.28096196316182614
Training loss on iteration 4200 = 0.2259678166359663
Training loss on iteration 4220 = 0.3638892129063606
Training loss on iteration 4240 = 0.29700720850378276
Training loss on iteration 4260 = 0.28341425843536855
Training loss on iteration 4280 = 0.21944749187678098
Training loss on iteration 4300 = 0.224984697625041
Training loss on iteration 4320 = 0.39774504471570254
Training loss on iteration 4340 = 0.3722965562716126
Training loss on iteration 4360 = 0.29920476786792277
Training loss on iteration 4380 = 0.3106098920106888
Training loss on iteration 4400 = 0.31672157123684885
Training loss on iteration 4420 = 0.3520018531009555
Training loss on iteration 4440 = 0.2245497452095151
Training loss on iteration 4460 = 0.3279878300614655
Training loss on iteration 4480 = 0.289389468729496
Training loss on iteration 4500 = 0.44178091250360013
Training loss on iteration 4520 = 0.7053325595334172
Training loss on iteration 4540 = 0.5873045954387635
Training loss on iteration 4560 = 0.4534643763676286
Training loss on iteration 4580 = 0.2939625187776983
Training loss on iteration 4600 = 0.3130071071907878
Training loss on iteration 4620 = 0.2853594010695815
Training loss on iteration 4640 = 0.3374061237554997
Training loss on iteration 4660 = 0.42408875888213515
Training loss on iteration 4680 = 0.3464178089052439
Training loss on iteration 4700 = 0.2464292537420988
Training loss on iteration 4720 = 0.2845281958580017
Training loss on iteration 4740 = 0.23833506738301366
Training loss on iteration 4760 = 0.31218440607190134
Training loss on iteration 4780 = 0.42414841391146185
Training loss on iteration 4800 = 0.3177473590709269
Training loss on iteration 4820 = 0.32010113187134265
Training loss on iteration 4840 = 0.2769437566399574
Training loss on iteration 4860 = 0.32211908008903267
Training loss on iteration 4880 = 0.22430386915802955
Training loss on iteration 4900 = 0.24633401716127992
Training loss on iteration 4920 = 0.3202632248401642
Training loss on iteration 4940 = 0.2396670626476407
Training loss on iteration 4960 = 0.2360086550936103
Training loss on iteration 4980 = 0.17260044622235
Training loss on iteration 5000 = 0.2954051681095734
Training loss on iteration 5020 = 0.2408401843160391
Training loss on iteration 5040 = 0.2111363323405385
Training loss on iteration 5060 = 0.3188980399630964
Training loss on iteration 5080 = 0.2941141650080681
Training loss on iteration 5100 = 0.29630063897930087
Training loss on iteration 5120 = 0.27297356706112624
Training loss on iteration 5140 = 0.2842786870896816
Training loss on iteration 5160 = 0.2095762625336647
Training loss on iteration 5180 = 0.2932169442996383
Training loss on iteration 5200 = 0.31296923784539105
Training loss on iteration 5220 = 0.43563511930406096
Training loss on iteration 5240 = 0.45723055247217415
Training loss on iteration 5260 = 0.3894643560051918
Training loss on iteration 5280 = 0.19798995219171048
Training loss on iteration 5300 = 0.25158610455691816
Training loss on iteration 5320 = 0.3449979452416301
Training loss on iteration 5340 = 0.2590385414659977
Training loss on iteration 5360 = 0.27611745707690716
Training loss on iteration 5380 = 0.21288763545453548
Training loss on iteration 5400 = 0.3762053130194545
Training loss on iteration 5420 = 0.34400814762338994
Training loss on iteration 5440 = 0.240490984544158
Training loss on iteration 5460 = 0.31745688039809467
Training loss on iteration 5480 = 0.2211858769878745
Training loss on iteration 5500 = 0.26101387683302163
Training loss on iteration 5520 = 0.23477351861074566
Training loss on iteration 5540 = 0.2557179817929864
Training loss on iteration 5560 = 0.25604723356664183
Training loss on iteration 5580 = 0.32071867529302833
Training loss on iteration 5600 = 0.24942073556594552
Training loss on iteration 5620 = 0.19038125851657242
Training loss on iteration 5640 = 0.27621084097772836
Training loss on iteration 5660 = 0.3262856310233474
Training loss on iteration 5680 = 0.24130281247198582
Training loss on iteration 5700 = 0.3262623347342014
Training loss on iteration 5720 = 0.26533566862344743
Training loss on iteration 5740 = 0.31623303580563517
Training loss on iteration 5760 = 0.3596279609948397
Training loss on iteration 5780 = 0.26408483274281025
Training loss on iteration 5800 = 0.21559933423995972
Training loss on iteration 5820 = 0.35915266945958135
Training loss on iteration 5840 = 0.30607555285096166
Training loss on iteration 5860 = 0.29496847074478866
Training loss on iteration 5880 = 0.23123052418231965
Training loss on iteration 5900 = 0.34080955348908903
Training loss on iteration 5920 = 0.2427655733190477
Training loss on iteration 5940 = 0.2647013900801539
Training loss on iteration 5960 = 0.16277286750264466
Training loss on iteration 5980 = 0.2420645713340491
Training loss on iteration 6000 = 0.2557313698809594
Training loss on iteration 6020 = 0.18986692577600478
Training loss on iteration 6040 = 0.3543577273376286
Training loss on iteration 6060 = 0.2817860128358006
Training loss on iteration 6080 = 0.38841231912374496
Training loss on iteration 6100 = 0.2659367861226201
Training loss on iteration 6120 = 0.27629411555826666
Training loss on iteration 6140 = 0.37458323980681596
Training loss on iteration 6160 = 0.24550574021413923
Training loss on iteration 6180 = 0.2509040208533406
Training loss on iteration 6200 = 0.28189288172870874
Training loss on iteration 6220 = 0.2017994701396674
Training loss on iteration 6240 = 0.2810849089175463
Training loss on iteration 6260 = 0.23550342246890069
Training loss on iteration 6280 = 0.2740728832781315
Training loss on iteration 6300 = 0.25516665873583405
Training loss on iteration 6320 = 0.2638741109520197
Training loss on iteration 6340 = 0.28613602817058564
Training loss on iteration 6360 = 0.2792508017271757
Training loss on iteration 6380 = 0.27542993910610675
Training loss on iteration 6400 = 0.3137019477784634
Training loss on iteration 6420 = 0.22220688164234162
Training loss on iteration 6440 = 0.27933646691963077
Training loss on iteration 6460 = 0.25276290802285073
Training loss on iteration 6480 = 0.24407304003834723
Training loss on iteration 6500 = 0.3197947023436427
Training loss on iteration 6520 = 0.31127915531396866
Training loss on iteration 6540 = 0.1859360440634191
Training loss on iteration 6560 = 0.25919948406517507
Training loss on iteration 6580 = 0.20489472108893098
Training loss on iteration 6600 = 0.21706519555300474
Training loss on iteration 6620 = 0.29320022827014325
Training loss on iteration 6640 = 0.2801289461553097
Training loss on iteration 6660 = 0.35283427517861127
Training loss on iteration 6680 = 0.33390163630247116
Training loss on iteration 6700 = 0.2532583296298981
Training loss on iteration 6720 = 0.21848243419080973
Training loss on iteration 6740 = 0.2449142277240753
Training loss on iteration 6760 = 0.20630967132747174
Training loss on iteration 6780 = 0.2764766179025173
Training loss on iteration 6800 = 0.27847635648213326
Training loss on iteration 6820 = 0.2244492407888174
Training loss on iteration 6840 = 0.3595325585454702
Training loss on iteration 6860 = 0.2676196824759245
Training loss on iteration 6880 = 0.2568164709024131
Training loss on iteration 6900 = 0.2889886299148202
Training loss on iteration 6920 = 0.25506098512560127
Training loss on iteration 6940 = 0.21059480737894773
Training loss on iteration 6960 = 0.21230717054568232
Training loss on iteration 6980 = 0.25329737961292265
Training loss on iteration 7000 = 0.3427349546924233
Training loss on iteration 7020 = 0.39364372082054616
Training loss on iteration 7040 = 0.3406206937506795
Training loss on iteration 7060 = 0.36285827280953525
Training loss on iteration 7080 = 0.25726889725774527
Training loss on iteration 7100 = 0.32575706373900176
Training loss on iteration 7120 = 0.37180120795965194
Training loss on iteration 7140 = 0.24949444383382796
Training loss on iteration 7160 = 0.27184333084151147
Training loss on iteration 7180 = 0.29229814037680624
Training loss on iteration 7200 = 0.3523853411898017
Training loss on iteration 7220 = 0.3288793217390776
Training loss on iteration 7240 = 0.3944619372487068
Training loss on iteration 7260 = 0.3345865413546562
Training loss on iteration 7280 = 0.29126683697104455
Training loss on iteration 7300 = 0.33889048285782336
Training loss on iteration 7320 = 0.311820736899972
Training loss on iteration 7340 = 0.26181246400810776
Training loss on iteration 7360 = 0.3885658632963896
Training loss on iteration 7380 = 0.34604709073901174
Training loss on iteration 7400 = 0.2988232407718897
Training loss on iteration 7420 = 0.2034994488582015
Training loss on iteration 7440 = 0.23380308635532857
Training loss on iteration 7460 = 0.30604623537510633
Training loss on iteration 7480 = 0.47853397177532314
### EVAL:: Epoch 6:: Loss = 0.21143908561877411 :: ACC = 0.9157618869337327, AUC = 0.9652307354769765, EER = 0.09668663421939348
Training on epoch 7
Training loss on iteration 0 = 0.07233124226331711
Training loss on iteration 20 = 0.23857239745557307
Training loss on iteration 40 = 0.324565845914185
Training loss on iteration 60 = 0.2803198019042611
Training loss on iteration 80 = 0.29014013838022945
Training loss on iteration 100 = 0.30018315501511095
Training loss on iteration 120 = 0.29185913801193236
Training loss on iteration 140 = 0.27007604101672766
Training loss on iteration 160 = 0.26430693715810777
Training loss on iteration 180 = 0.2632175635546446
Training loss on iteration 200 = 0.2566218052059412
Training loss on iteration 220 = 0.21288332268595694
Training loss on iteration 240 = 0.3455318026826717
Training loss on iteration 260 = 0.22409870512783528
Training loss on iteration 280 = 0.28893416132777927
Training loss on iteration 300 = 0.34617115259170533
Training loss on iteration 320 = 0.32538645919412373
Training loss on iteration 340 = 0.21845622248947622
Training loss on iteration 360 = 0.2405854127369821
Training loss on iteration 380 = 0.20120044499635698
Training loss on iteration 400 = 0.24343148632906378
Training loss on iteration 420 = 0.29890087619423866
Training loss on iteration 440 = 0.20716423010453583
Training loss on iteration 460 = 0.27576019018888476
Training loss on iteration 480 = 0.2857537989038974
Training loss on iteration 500 = 0.2517358219251037
Training loss on iteration 520 = 0.25915253832936286
Training loss on iteration 540 = 0.20783787071704865
Training loss on iteration 560 = 0.16222115559503436
Training loss on iteration 580 = 0.2641459216363728
Training loss on iteration 600 = 0.21571581489406527
Training loss on iteration 620 = 0.3043585676699877
Training loss on iteration 640 = 0.2285345561802387
Training loss on iteration 660 = 0.22855975560378283
Training loss on iteration 680 = 0.33172147404402497
Training loss on iteration 700 = 0.270130168274045
Training loss on iteration 720 = 0.27533344822004435
Training loss on iteration 740 = 0.22752594705671073
Training loss on iteration 760 = 0.3446087036281824
Training loss on iteration 780 = 0.41113481097854676
Training loss on iteration 800 = 0.4268753618001938
Training loss on iteration 820 = 0.3404134110547602
Training loss on iteration 840 = 0.33046336863189935
Training loss on iteration 860 = 0.21735112722963096
Training loss on iteration 880 = 0.2484828364569694
Training loss on iteration 900 = 0.32512388564646244
Training loss on iteration 920 = 0.28914259411394594
Training loss on iteration 940 = 0.2333063308149576
Training loss on iteration 960 = 0.3431684629060328
Training loss on iteration 980 = 0.22289808206260203
Training loss on iteration 1000 = 0.32438008189201356
Training loss on iteration 1020 = 0.24573278613388538
Training loss on iteration 1040 = 0.24016439411789178
Training loss on iteration 1060 = 0.27572200205177066
Training loss on iteration 1080 = 0.2169293651357293
Training loss on iteration 1100 = 0.2866806074976921
Training loss on iteration 1120 = 0.2771056186407804
Training loss on iteration 1140 = 0.2675816644914448
Training loss on iteration 1160 = 0.19322325605899096
Training loss on iteration 1180 = 0.24201936200261115
Training loss on iteration 1200 = 0.2774462075904012
Training loss on iteration 1220 = 0.27569387333933265
Training loss on iteration 1240 = 0.2832653120160103
Training loss on iteration 1260 = 0.2163557566702366
Training loss on iteration 1280 = 0.22633247561752795
Training loss on iteration 1300 = 0.18349991939030588
Training loss on iteration 1320 = 0.25017088167369367
Training loss on iteration 1340 = 0.17344770720228553
Training loss on iteration 1360 = 0.28682727096602323
Training loss on iteration 1380 = 0.24002987602725626
Training loss on iteration 1400 = 0.250149249471724
Training loss on iteration 1420 = 0.2361403964459896
Training loss on iteration 1440 = 0.19716296521946788
Training loss on iteration 1460 = 0.25227043800987303
Training loss on iteration 1480 = 0.34846265325322745
Training loss on iteration 1500 = 0.407842385629192
Training loss on iteration 1520 = 0.2230151455849409
Training loss on iteration 1540 = 0.2620898071676493
Training loss on iteration 1560 = 0.327948194090277
Training loss on iteration 1580 = 0.35905400896444917
Training loss on iteration 1600 = 0.2567321449518204
Training loss on iteration 1620 = 0.32675273455679416
Training loss on iteration 1640 = 0.26753779279533774
Training loss on iteration 1660 = 0.26952419988811016
Training loss on iteration 1680 = 0.1926180766429752
Training loss on iteration 1700 = 0.30742951575666666
Training loss on iteration 1720 = 0.2542064679786563
Training loss on iteration 1740 = 0.2509434862527996
Training loss on iteration 1760 = 0.24059524144977332
Training loss on iteration 1780 = 0.3097919311374426
Training loss on iteration 1800 = 0.29744185321033
Training loss on iteration 1820 = 0.31028075236827135
Training loss on iteration 1840 = 0.34320440851151945
Training loss on iteration 1860 = 0.30750562651082874
Training loss on iteration 1880 = 0.24751289747655392
Training loss on iteration 1900 = 0.3035133447498083
Training loss on iteration 1920 = 0.29755114428699014
Training loss on iteration 1940 = 0.24685101248323918
Training loss on iteration 1960 = 0.36169215608388183
Training loss on iteration 1980 = 0.30837284624576566
Training loss on iteration 2000 = 0.3062246829271317
Training loss on iteration 2020 = 0.2825861984863877
Training loss on iteration 2040 = 0.2671306195668876
Training loss on iteration 2060 = 0.1869866132736206
Training loss on iteration 2080 = 0.28545100970659404
Training loss on iteration 2100 = 0.33075138153508304
Training loss on iteration 2120 = 0.2525349685922265
Training loss on iteration 2140 = 0.29553423300385473
Training loss on iteration 2160 = 0.21510555865243078
Training loss on iteration 2180 = 0.2810846115462482
Training loss on iteration 2200 = 0.2155913179507479
Training loss on iteration 2220 = 0.2759018404409289
Training loss on iteration 2240 = 0.1647731013596058
Training loss on iteration 2260 = 0.5439755809493363
Training loss on iteration 2280 = 0.6094805979286321
Training loss on iteration 2300 = 0.4691743779927492
Training loss on iteration 2320 = 0.31402482837438583
Training loss on iteration 2340 = 0.3268513007089496
Training loss on iteration 2360 = 0.2958542164415121
Training loss on iteration 2380 = 0.3539870172739029
Training loss on iteration 2400 = 0.5031747413799167
Training loss on iteration 2420 = 0.475823912024498
Training loss on iteration 2440 = 0.41534694405272604
Training loss on iteration 2460 = 0.2917293546721339
Training loss on iteration 2480 = 0.362899005971849
Training loss on iteration 2500 = 0.46865186411887405
Training loss on iteration 2520 = 0.42611906602978705
Training loss on iteration 2540 = 0.5143932707607746
Training loss on iteration 2560 = 0.5173666629940271
Training loss on iteration 2580 = 0.30869200862944124
Training loss on iteration 2600 = 0.29371833726763724
Training loss on iteration 2620 = 0.28447236567735673
Training loss on iteration 2640 = 0.3746901903301477
Training loss on iteration 2660 = 0.3323429417796433
Training loss on iteration 2680 = 0.3309835344552994
Training loss on iteration 2700 = 0.36443603709340094
Training loss on iteration 2720 = 0.4408116668462753
Training loss on iteration 2740 = 0.2692813128232956
Training loss on iteration 2760 = 0.31679250709712503
Training loss on iteration 2780 = 0.290603244304657
Training loss on iteration 2800 = 0.24849185831844806
Training loss on iteration 2820 = 0.2996933007612824
Training loss on iteration 2840 = 0.3886323943734169
Training loss on iteration 2860 = 0.37092454731464386
Training loss on iteration 2880 = 0.3708028464578092
Training loss on iteration 2900 = 0.3491570772603154
Training loss on iteration 2920 = 0.385747841745615
Training loss on iteration 2940 = 0.3267843462526798
Training loss on iteration 2960 = 0.32771017886698245
Training loss on iteration 2980 = 0.2778258375823498
Training loss on iteration 3000 = 0.3428127707913518
Training loss on iteration 3020 = 0.35993474181741475
Training loss on iteration 3040 = 0.33672302551567557
Training loss on iteration 3060 = 0.34189967140555383
Training loss on iteration 3080 = 0.2941535446792841
Training loss on iteration 3100 = 0.23944661542773246
Training loss on iteration 3120 = 0.32312338389456274
Training loss on iteration 3140 = 0.1843579078093171
Training loss on iteration 3160 = 0.27108045667409897
Training loss on iteration 3180 = 0.166200727596879
Training loss on iteration 3200 = 0.342611126601696
Training loss on iteration 3220 = 0.27337724156677723
Training loss on iteration 3240 = 0.32397546879947187
Training loss on iteration 3260 = 0.3064533445984125
Training loss on iteration 3280 = 0.3298107450827956
Training loss on iteration 3300 = 0.34256363213062285
Training loss on iteration 3320 = 0.3825773946940899
Training loss on iteration 3340 = 0.25447847694158554
Training loss on iteration 3360 = 0.2099260998889804
Training loss on iteration 3380 = 0.2851913206279278
Training loss on iteration 3400 = 0.2446255913004279
Training loss on iteration 3420 = 0.31068373546004296
Training loss on iteration 3440 = 0.2259589120745659
Training loss on iteration 3460 = 0.2590171530842781
Training loss on iteration 3480 = 0.3485588038340211
Training loss on iteration 3500 = 0.1842904819175601
Training loss on iteration 3520 = 0.24365712255239486
Training loss on iteration 3540 = 0.2394395425915718
Training loss on iteration 3560 = 0.2609765173867345
Training loss on iteration 3580 = 0.25767721589654685
Training loss on iteration 3600 = 0.21958809848874808
Training loss on iteration 3620 = 0.36703076157718895
Training loss on iteration 3640 = 0.288481368124485
Training loss on iteration 3660 = 0.29944654926657677
Training loss on iteration 3680 = 0.27516699470579625
Training loss on iteration 3700 = 0.23530129371210934
Training loss on iteration 3720 = 0.23887442592531444
Training loss on iteration 3740 = 0.38991564614698293
Training loss on iteration 3760 = 0.33753257617354393
Training loss on iteration 3780 = 0.2360829410608858
Training loss on iteration 3800 = 0.2891213962808251
Training loss on iteration 3820 = 0.2232544617727399
Training loss on iteration 3840 = 0.2698562314733863
Training loss on iteration 3860 = 0.2614922169595957
Training loss on iteration 3880 = 0.2865861412137747
Training loss on iteration 3900 = 0.24392181988805534
Training loss on iteration 3920 = 0.2395026983693242
Training loss on iteration 3940 = 0.28760088570415976
Training loss on iteration 3960 = 0.3213930340483785
Training loss on iteration 3980 = 0.3571816559880972
Training loss on iteration 4000 = 0.31620254293084143
Training loss on iteration 4020 = 0.34819901213049886
Training loss on iteration 4040 = 0.2658917399123311
Training loss on iteration 4060 = 0.3261719403788447
Training loss on iteration 4080 = 0.22955635264515878
Training loss on iteration 4100 = 0.24778531198389828
Training loss on iteration 4120 = 0.3236706801690161
Training loss on iteration 4140 = 0.2312653664732352
Training loss on iteration 4160 = 0.37150771226733925
Training loss on iteration 4180 = 0.1839264603331685
Training loss on iteration 4200 = 0.5272147413343191
Training loss on iteration 4220 = 0.31368942726403476
Training loss on iteration 4240 = 0.38391519878059627
Training loss on iteration 4260 = 0.30492346101091244
Training loss on iteration 4280 = 0.3590549303684384
Training loss on iteration 4300 = 0.21067788037471474
Training loss on iteration 4320 = 0.30077645629644395
Training loss on iteration 4340 = 0.25280546993017194
Training loss on iteration 4360 = 0.1939614960923791
Training loss on iteration 4380 = 0.22081707008183002
Training loss on iteration 4400 = 0.22447165669873356
Training loss on iteration 4420 = 0.3287473268806934
Training loss on iteration 4440 = 0.4780793236102909
Training loss on iteration 4460 = 0.6705098919570446
Training loss on iteration 4480 = 0.5560431249439717
Training loss on iteration 4500 = 0.40090174903161824
Training loss on iteration 4520 = 0.3916594350710511
Training loss on iteration 4540 = 0.33112559728324414
Training loss on iteration 4560 = 0.36589144393801687
Training loss on iteration 4580 = 0.21685961447656155
Training loss on iteration 4600 = 0.3220727483276278
Training loss on iteration 4620 = 0.29526709727942946
Training loss on iteration 4640 = 0.27219728138297794
Training loss on iteration 4660 = 0.19800308379344642
Training loss on iteration 4680 = 0.23181315893307328
Training loss on iteration 4700 = 0.20610792860388755
Training loss on iteration 4720 = 0.24498902559280394
Training loss on iteration 4740 = 0.3836425131186843
Training loss on iteration 4760 = 0.2766116466373205
Training loss on iteration 4780 = 0.38841419070959093
Training loss on iteration 4800 = 0.3279923817142844
Training loss on iteration 4820 = 0.3855512594804168
Training loss on iteration 4840 = 0.38041860014200213
Training loss on iteration 4860 = 0.32258456777781247
Training loss on iteration 4880 = 0.24086751528084277
Training loss on iteration 4900 = 0.23937146458774805
Training loss on iteration 4920 = 0.1991193710360676
Training loss on iteration 4940 = 0.29668236896395683
Training loss on iteration 4960 = 0.25919535672292116
Training loss on iteration 4980 = 0.26105065625160934
Training loss on iteration 5000 = 0.33092242032289504
Training loss on iteration 5020 = 0.27681356221437453
Training loss on iteration 5040 = 0.19856068976223468
Training loss on iteration 5060 = 0.19021775601431729
Training loss on iteration 5080 = 0.34055128078907726
Training loss on iteration 5100 = 0.21902128455694764
Training loss on iteration 5120 = 0.2628940410912037
Training loss on iteration 5140 = 0.3814829891547561
Training loss on iteration 5160 = 0.29921236634254456
Training loss on iteration 5180 = 0.32534313704818485
Training loss on iteration 5200 = 0.19539814786985515
Training loss on iteration 5220 = 0.23133028699085117
Training loss on iteration 5240 = 0.19978801403194665
Training loss on iteration 5260 = 0.3453342903405428
Training loss on iteration 5280 = 0.34448744226247074
Training loss on iteration 5300 = 0.28638616017997265
Training loss on iteration 5320 = 0.20831689219921828
Training loss on iteration 5340 = 0.2858958827797323
Training loss on iteration 5360 = 0.38750201016664504
Training loss on iteration 5380 = 0.2579585470724851
Training loss on iteration 5400 = 0.3921514866873622
Training loss on iteration 5420 = 0.2820826768875122
Training loss on iteration 5440 = 0.31748110381886363
Training loss on iteration 5460 = 0.2003704484552145
Training loss on iteration 5480 = 0.27281684093177316
Training loss on iteration 5500 = 0.3425245013087988
Training loss on iteration 5520 = 0.3460287181660533
Training loss on iteration 5540 = 0.4189317937940359
Training loss on iteration 5560 = 0.27061158008873465
Training loss on iteration 5580 = 0.3587934530572966
Training loss on iteration 5600 = 0.2685122619383037
Training loss on iteration 5620 = 0.22476250869221986
Training loss on iteration 5640 = 0.21819156110286714
Training loss on iteration 5660 = 0.30616974281147125
Training loss on iteration 5680 = 0.16527896132320166
Training loss on iteration 5700 = 0.26870621542911977
Training loss on iteration 5720 = 0.35979586457833646
Training loss on iteration 5740 = 0.3545698817819357
Training loss on iteration 5760 = 0.36597465481609104
Training loss on iteration 5780 = 0.2561538390815258
Training loss on iteration 5800 = 0.27862170394510033
Training loss on iteration 5820 = 0.3283461821498349
Training loss on iteration 5840 = 0.3169148821383715
Training loss on iteration 5860 = 0.4240617074072361
Training loss on iteration 5880 = 0.2738032520748675
Training loss on iteration 5900 = 0.26563875935971737
Training loss on iteration 5920 = 0.22375506334938108
Training loss on iteration 5940 = 0.2563023708760738
Training loss on iteration 5960 = 0.2525084435939789
Training loss on iteration 5980 = 0.20005845120176674
Training loss on iteration 6000 = 0.3151489906013012
Training loss on iteration 6020 = 0.2052102655172348
Training loss on iteration 6040 = 0.29346966166049243
Training loss on iteration 6060 = 0.17462016036733985
Training loss on iteration 6080 = 0.1884741453686729
Training loss on iteration 6100 = 0.1623374975286424
Training loss on iteration 6120 = 0.2768508548848331
Training loss on iteration 6140 = 0.29756158255040643
Training loss on iteration 6160 = 0.23554305164143444
Training loss on iteration 6180 = 0.2535607604309916
Training loss on iteration 6200 = 0.3903914406895638
Training loss on iteration 6220 = 0.2787187874317169
Training loss on iteration 6240 = 0.31885210536420344
Training loss on iteration 6260 = 0.22765641212463378
Training loss on iteration 6280 = 0.41572864446789026
Training loss on iteration 6300 = 0.2681103392038494
Training loss on iteration 6320 = 0.3390609039925039
Training loss on iteration 6340 = 0.3919947074726224
Training loss on iteration 6360 = 0.2943973395274952
Training loss on iteration 6380 = 0.3570695614442229
Training loss on iteration 6400 = 0.27982926098629834
Training loss on iteration 6420 = 0.24574173018336296
Training loss on iteration 6440 = 0.28796583525836467
Training loss on iteration 6460 = 0.8597522836178542
Training loss on iteration 6480 = 0.786345699429512
Training loss on iteration 6500 = 0.6579085864126683
Training loss on iteration 6520 = 0.349281863681972
Training loss on iteration 6540 = 0.24583851285278796
Training loss on iteration 6560 = 0.21390145272016525
Training loss on iteration 6580 = 0.3816570699214935
Training loss on iteration 6600 = 0.3212359946453944
Training loss on iteration 6620 = 0.3661611000075936
Training loss on iteration 6640 = 0.29541779719293115
Training loss on iteration 6660 = 0.26130233574658634
Training loss on iteration 6680 = 0.3327471702359617
Training loss on iteration 6700 = 0.283241013251245
Training loss on iteration 6720 = 0.3242703784257174
Training loss on iteration 6740 = 0.24897327963262797
Training loss on iteration 6760 = 0.35101339872926474
Training loss on iteration 6780 = 0.2281899895519018
Training loss on iteration 6800 = 0.4036620896309614
Training loss on iteration 6820 = 0.32367966026067735
Training loss on iteration 6840 = 0.25509860180318356
Training loss on iteration 6860 = 0.3164808629080653
Training loss on iteration 6880 = 0.2679514762014151
Training loss on iteration 6900 = 0.31019995007663964
Training loss on iteration 6920 = 0.24641552567481995
Training loss on iteration 6940 = 0.33559168204665185
Training loss on iteration 6960 = 0.35882999897003176
Training loss on iteration 6980 = 0.3047576019540429
Training loss on iteration 7000 = 0.3150626227259636
Training loss on iteration 7020 = 0.2060821669641882
Training loss on iteration 7040 = 0.25111895562149583
Training loss on iteration 7060 = 0.2614254619926214
Training loss on iteration 7080 = 0.2649054550100118
Training loss on iteration 7100 = 0.1954749386757612
Training loss on iteration 7120 = 0.28146346053108573
Training loss on iteration 7140 = 0.2673722757026553
Training loss on iteration 7160 = 0.25932560842484237
Training loss on iteration 7180 = 0.2430665198713541
Training loss on iteration 7200 = 0.23144820500165225
Training loss on iteration 7220 = 0.23251671455800532
Training loss on iteration 7240 = 0.31860391348600386
Training loss on iteration 7260 = 0.2286214219406247
Training loss on iteration 7280 = 0.25191054441966115
Training loss on iteration 7300 = 0.25925226472318175
Training loss on iteration 7320 = 0.2868078608065844
Training loss on iteration 7340 = 0.29198554512113334
Training loss on iteration 7360 = 0.3025858385488391
Training loss on iteration 7380 = 0.30962044578045606
Training loss on iteration 7400 = 0.33762701973319054
Training loss on iteration 7420 = 0.2503864705562592
Training loss on iteration 7440 = 0.34100534170866015
Training loss on iteration 7460 = 0.3752405736595392
Training loss on iteration 7480 = 0.30085512939840553
### EVAL:: Epoch 7:: Loss = 0.25537833892846046 :: ACC = 0.8923156121302883, AUC = 0.8935180569663962, EER = 0.19000374391613628
Training on epoch 8
Training loss on iteration 0 = 0.05683036893606186
Training loss on iteration 20 = 0.46088169384747746
Training loss on iteration 40 = 0.345460868999362
Training loss on iteration 60 = 0.4504886696115136
Training loss on iteration 80 = 0.4091445650905371
Training loss on iteration 100 = 0.27942951538134364
Training loss on iteration 120 = 0.41350496758241206
Training loss on iteration 140 = 0.4239630438387394
Training loss on iteration 160 = 0.34945889562368393
Training loss on iteration 180 = 0.23358273319900036
Training loss on iteration 200 = 0.31724984794855116
Training loss on iteration 220 = 0.2212856663390994
Training loss on iteration 240 = 0.26779886027798055
Training loss on iteration 260 = 0.30246867081150414
Training loss on iteration 280 = 0.2574764644727111
Training loss on iteration 300 = 0.23995386809110641
Training loss on iteration 320 = 0.25634733978658913
Training loss on iteration 340 = 0.24737055487930776
Training loss on iteration 360 = 0.24298212230205535
Training loss on iteration 380 = 0.3405034504830837
Training loss on iteration 400 = 0.27923934515565635
Training loss on iteration 420 = 0.20189787410199642
Training loss on iteration 440 = 0.25494592627510426
Training loss on iteration 460 = 0.25976957492530345
Training loss on iteration 480 = 0.22560290722176432
Training loss on iteration 500 = 0.2970186361111701
Training loss on iteration 520 = 0.22128047179430724
Training loss on iteration 540 = 0.29064065208658574
Training loss on iteration 560 = 0.2247081097215414
Training loss on iteration 580 = 0.30020142045686954
Training loss on iteration 600 = 0.23385127540677786
Training loss on iteration 620 = 0.27996554374694826
Training loss on iteration 640 = 0.3149954365566373
Training loss on iteration 660 = 0.23203525389544666
Training loss on iteration 680 = 0.27665070444345474
Training loss on iteration 700 = 0.3040980126708746
Training loss on iteration 720 = 0.24819933902472258
Training loss on iteration 740 = 0.22963989758864045
Training loss on iteration 760 = 0.17872723303735255
Training loss on iteration 780 = 0.3235182333737612
Training loss on iteration 800 = 0.30087429042905567
Training loss on iteration 820 = 0.3294920803979039
Training loss on iteration 840 = 0.19111199923790992
Training loss on iteration 860 = 0.23536316999234258
Training loss on iteration 880 = 0.29316739263013003
Training loss on iteration 900 = 0.2356172575149685
Training loss on iteration 920 = 0.3119699662551284
Training loss on iteration 940 = 0.21204805169254543
Training loss on iteration 960 = 0.306400740519166
Training loss on iteration 980 = 0.24068687562830746
Training loss on iteration 1000 = 0.2195445278659463
Training loss on iteration 1020 = 0.29777394104748967
Training loss on iteration 1040 = 0.1989543356001377
Training loss on iteration 1060 = 0.21736097978428007
Training loss on iteration 1080 = 0.22808415037579835
Training loss on iteration 1100 = 0.2858309727162123
Training loss on iteration 1120 = 0.2920280933380127
Training loss on iteration 1140 = 0.26177251506596805
Training loss on iteration 1160 = 0.2274536400102079
Training loss on iteration 1180 = 0.27956756167113783
Training loss on iteration 1200 = 0.2644424127414823
Training loss on iteration 1220 = 0.3536786250770092
Training loss on iteration 1240 = 0.2493868644349277
Training loss on iteration 1260 = 0.22608709428459406
Training loss on iteration 1280 = 0.2790723780170083
Training loss on iteration 1300 = 0.23666257541626692
Training loss on iteration 1320 = 0.31895438227802514
Training loss on iteration 1340 = 0.312281559407711
Training loss on iteration 1360 = 0.2978912675753236
Training loss on iteration 1380 = 0.23392260884866117
Training loss on iteration 1400 = 0.3010279620066285
Training loss on iteration 1420 = 0.33238850012421606
Training loss on iteration 1440 = 0.2728260484524071
Training loss on iteration 1460 = 0.2405775789753534
Training loss on iteration 1480 = 0.36309910379350185
Training loss on iteration 1500 = 0.43603250607848165
Training loss on iteration 1520 = 0.32308991756290195
Training loss on iteration 1540 = 0.38704233830794693
Training loss on iteration 1560 = 0.3945370512083173
Training loss on iteration 1580 = 0.23993244334124028
Training loss on iteration 1600 = 0.24710617372766136
Training loss on iteration 1620 = 0.3030004717875272
Training loss on iteration 1640 = 0.3063195440918207
Training loss on iteration 1660 = 0.21313371695578098
Training loss on iteration 1680 = 0.2991948939859867
Training loss on iteration 1700 = 0.24774469509720803
Training loss on iteration 1720 = 0.26756595242768527
Training loss on iteration 1740 = 0.26311671175062656
Training loss on iteration 1760 = 0.4231225807219744
Training loss on iteration 1780 = 0.2975140646100044
Training loss on iteration 1800 = 0.22113027349114417
Training loss on iteration 1820 = 0.3357832882553339
Training loss on iteration 1840 = 0.3260368266608566
Training loss on iteration 1860 = 0.2323879299685359
Training loss on iteration 1880 = 0.3200173815712333
Training loss on iteration 1900 = 0.2530701618641615
Training loss on iteration 1920 = 0.33724934980273247
Training loss on iteration 1940 = 0.22521235439926385
Training loss on iteration 1960 = 0.32376246256753805
Training loss on iteration 1980 = 0.22616701647639276
Training loss on iteration 2000 = 0.2454359082505107
Training loss on iteration 2020 = 0.2694569965824485
Training loss on iteration 2040 = 0.2901585973799229
Training loss on iteration 2060 = 0.239943375159055
Training loss on iteration 2080 = 0.235554270260036
Training loss on iteration 2100 = 0.25310997702181337
Training loss on iteration 2120 = 0.3200818620622158
Training loss on iteration 2140 = 0.3182439962401986
Training loss on iteration 2160 = 0.2672015612013638
Training loss on iteration 2180 = 0.2827559015713632
Training loss on iteration 2200 = 0.261440290696919
Training loss on iteration 2220 = 0.24480073098093272
Training loss on iteration 2240 = 0.46101747509092095
Training loss on iteration 2260 = 0.3232951067388058
Training loss on iteration 2280 = 0.34809427671134474
Training loss on iteration 2300 = 0.28517807652242483
Training loss on iteration 2320 = 0.2672104861587286
Training loss on iteration 2340 = 0.3583800787106156
Training loss on iteration 2360 = 0.24250471303239465
Training loss on iteration 2380 = 0.29336607959121463
Training loss on iteration 2400 = 0.2740983307361603
Training loss on iteration 2420 = 0.2407121983356774
Training loss on iteration 2440 = 0.34257158227264883
Training loss on iteration 2460 = 0.24972930001094937
Training loss on iteration 2480 = 0.2221016863361001
Training loss on iteration 2500 = 0.2434010511264205
Training loss on iteration 2520 = 0.23710733079351484
Training loss on iteration 2540 = 0.19507305100560188
Training loss on iteration 2560 = 0.3198516357690096
Training loss on iteration 2580 = 0.2560096587054431
Training loss on iteration 2600 = 0.19512201081961394
Training loss on iteration 2620 = 0.3835732385516167
Training loss on iteration 2640 = 0.34885945040732624
Training loss on iteration 2660 = 0.26973964255303146
Training loss on iteration 2680 = 0.30866354131139817
Training loss on iteration 2700 = 0.3041805074550211
Training loss on iteration 2720 = 0.29428588412702084
Training loss on iteration 2740 = 0.3850000537931919
Training loss on iteration 2760 = 0.23098283046856521
Training loss on iteration 2780 = 0.32990287207067015
Training loss on iteration 2800 = 0.3723949123173952
Training loss on iteration 2820 = 0.3253877002745867
Training loss on iteration 2840 = 0.24354332387447358
Training loss on iteration 2860 = 0.27531326627358793
Training loss on iteration 2880 = 0.2538329942151904
Training loss on iteration 2900 = 0.28281840551644566
Training loss on iteration 2920 = 0.33558241557329893
Training loss on iteration 2940 = 0.24487826763652265
Training loss on iteration 2960 = 0.27550421468913555
Training loss on iteration 2980 = 0.3003858420997858
Training loss on iteration 3000 = 0.32042358051985503
Training loss on iteration 3020 = 0.30418538525700567
Training loss on iteration 3040 = 0.24244576673954726
Training loss on iteration 3060 = 0.2774256633594632
Training loss on iteration 3080 = 0.23591377213597298
Training loss on iteration 3100 = 0.23390011405572295
Training loss on iteration 3120 = 0.2524894900619984
Training loss on iteration 3140 = 0.2699178989045322
Training loss on iteration 3160 = 0.2743827164173126
Training loss on iteration 3180 = 0.3045789339579642
Training loss on iteration 3200 = 0.2932440616190434
Training loss on iteration 3220 = 0.17226139437407256
Training loss on iteration 3240 = 0.2815462277270854
Training loss on iteration 3260 = 0.20427950322628022
Training loss on iteration 3280 = 0.25260722301900385
Training loss on iteration 3300 = 0.27896567727439103
Training loss on iteration 3320 = 0.21683647036552428
Training loss on iteration 3340 = 0.24302089223638176
Training loss on iteration 3360 = 0.17287372890859842
Training loss on iteration 3380 = 0.31061717588454485
Training loss on iteration 3400 = 0.24042971320450307
Training loss on iteration 3420 = 0.25522247459739444
Training loss on iteration 3440 = 0.2913815528154373
Training loss on iteration 3460 = 0.33760385911446067
Training loss on iteration 3480 = 0.273088863492012
Training loss on iteration 3500 = 0.29322677589952945
Training loss on iteration 3520 = 0.2710755940526724
Training loss on iteration 3540 = 0.19780435671564192
Training loss on iteration 3560 = 0.2384940459392965
Training loss on iteration 3580 = 0.2202237001620233
Training loss on iteration 3600 = 0.33246155045926573
Training loss on iteration 3620 = 0.23486005570739507
Training loss on iteration 3640 = 0.3315546070225537
Training loss on iteration 3660 = 0.2999893138650805
Training loss on iteration 3680 = 0.2799905491992831
Training loss on iteration 3700 = 0.27458245093002914
Training loss on iteration 3720 = 0.34806985398754475
Training loss on iteration 3740 = 0.3722462072968483
Training loss on iteration 3760 = 0.2692429019138217
Training loss on iteration 3780 = 0.3387829944491386
Training loss on iteration 3800 = 0.3658598534762859
Training loss on iteration 3820 = 0.4217144653201103
Training loss on iteration 3840 = 0.3213136031292379
Training loss on iteration 3860 = 0.2987787652760744
Training loss on iteration 3880 = 0.2628886317834258
Training loss on iteration 3900 = 0.2867930087260902
Training loss on iteration 3920 = 0.27781829610466957
Training loss on iteration 3940 = 0.20252871703123673
Training loss on iteration 3960 = 0.3157140174880624
Training loss on iteration 3980 = 0.3695621833205223
Training loss on iteration 4000 = 0.20007881578058004
Training loss on iteration 4020 = 0.18146597566083073
Training loss on iteration 4040 = 0.24933077152818442
Training loss on iteration 4060 = 0.30380622753873465
Training loss on iteration 4080 = 0.24898103922605513
Training loss on iteration 4100 = 0.26117011113092303
Training loss on iteration 4120 = 0.19744812113931404
Training loss on iteration 4140 = 0.3064528080634773
Training loss on iteration 4160 = 0.32547798454761506
Training loss on iteration 4180 = 0.28744442099705336
Training loss on iteration 4200 = 0.3190442394465208
Training loss on iteration 4220 = 0.19505833443254234
Training loss on iteration 4240 = 0.3611135268583894
Training loss on iteration 4260 = 0.2568030819296837
Training loss on iteration 4280 = 0.205908491788432
Training loss on iteration 4300 = 0.1543418356217444
Training loss on iteration 4320 = 0.3347695469856262
Training loss on iteration 4340 = 0.31101750638335945
Training loss on iteration 4360 = 0.28811746519058945
Training loss on iteration 4380 = 0.21035064682364463
Training loss on iteration 4400 = 0.1843621156644076
Training loss on iteration 4420 = 0.312642866326496
Training loss on iteration 4440 = 0.264689199347049
Training loss on iteration 4460 = 0.29406489338725805
Training loss on iteration 4480 = 0.2759803714696318
Training loss on iteration 4500 = 0.26414541294798255
Training loss on iteration 4520 = 0.2730004039825872
Training loss on iteration 4540 = 0.34832813823595643
Training loss on iteration 4560 = 0.2694972898811102
Training loss on iteration 4580 = 0.2668789217248559
Training loss on iteration 4600 = 0.18992949430830777
Training loss on iteration 4620 = 0.24018251947127284
Training loss on iteration 4640 = 0.2846286971122026
Training loss on iteration 4660 = 0.25565820476040246
Training loss on iteration 4680 = 0.23399552977643906
Training loss on iteration 4700 = 0.22061021007830278
Training loss on iteration 4720 = 0.1947276409715414
Training loss on iteration 4740 = 0.21866580061614513
Training loss on iteration 4760 = 0.2883905639871955
Training loss on iteration 4780 = 0.33412568736821413
Training loss on iteration 4800 = 0.2925677012186497
Training loss on iteration 4820 = 0.4215375824831426
Training loss on iteration 4840 = 0.24911505114287139
Training loss on iteration 4860 = 0.2688536915928125
Training loss on iteration 4880 = 0.284736692905426
Training loss on iteration 4900 = 0.2636363433673978
Training loss on iteration 4920 = 0.3975502882152796
Training loss on iteration 4940 = 0.40928244553506377
Training loss on iteration 4960 = 0.2990361250936985
Training loss on iteration 4980 = 0.2555961787700653
Training loss on iteration 5000 = 0.3406959541141987
Training loss on iteration 5020 = 0.22238126271404327
Training loss on iteration 5040 = 0.37261288352310656
Training loss on iteration 5060 = 0.2821988929063082
Training loss on iteration 5080 = 0.3528031652793288
Training loss on iteration 5100 = 0.2697944960091263
Training loss on iteration 5120 = 0.3626870749518275
Training loss on iteration 5140 = 0.37256488762795925
Training loss on iteration 5160 = 0.22662107199430465
Training loss on iteration 5180 = 0.33346233796328306
Training loss on iteration 5200 = 0.20698394756764174
Training loss on iteration 5220 = 0.2474132888019085
Training loss on iteration 5240 = 0.3022307742852718
Training loss on iteration 5260 = 0.2869759579189122
Training loss on iteration 5280 = 0.1931790852919221
Training loss on iteration 5300 = 0.13141372259706258
Training loss on iteration 5320 = 0.21175274872221053
Training loss on iteration 5340 = 0.24670149888843299
Training loss on iteration 5360 = 0.2361603019759059
Training loss on iteration 5380 = 0.2674732943996787
Training loss on iteration 5400 = 0.28857251051813365
Training loss on iteration 5420 = 0.30819352734833955
Training loss on iteration 5440 = 0.24659705627709627
Training loss on iteration 5460 = 0.2940653540194035
Training loss on iteration 5480 = 0.3152044997550547
Training loss on iteration 5500 = 0.17571564875543116
Training loss on iteration 5520 = 0.3805802382528782
Training loss on iteration 5540 = 0.31175966989248993
Training loss on iteration 5560 = 0.28947687866166233
Training loss on iteration 5580 = 0.23764201377052813
Training loss on iteration 5600 = 0.26455420833081006
Training loss on iteration 5620 = 0.22566253859549762
Training loss on iteration 5640 = 0.3206355184316635
Training loss on iteration 5660 = 0.32356169521808625
Training loss on iteration 5680 = 0.35200721472501756
Training loss on iteration 5700 = 0.3218736900947988
Training loss on iteration 5720 = 0.29506994020193816
Training loss on iteration 5740 = 0.18175372751429678
Training loss on iteration 5760 = 0.19078233148902654
Training loss on iteration 5780 = 0.23083945624530317
Training loss on iteration 5800 = 0.2678165010176599
Training loss on iteration 5820 = 0.1987971618771553
Training loss on iteration 5840 = 0.24239297364838422
Training loss on iteration 5860 = 0.27220167126506567
Training loss on iteration 5880 = 0.19247169215232135
Training loss on iteration 5900 = 0.2494669855106622
Training loss on iteration 5920 = 0.29153518080711366
Training loss on iteration 5940 = 0.2077457718551159
Training loss on iteration 5960 = 0.23683160487562419
Training loss on iteration 5980 = 0.30110727436840534
Training loss on iteration 6000 = 0.25127893015742303
Training loss on iteration 6020 = 0.315854109544307
Training loss on iteration 6040 = 0.24484127014875412
Training loss on iteration 6060 = 0.2788724735379219
Training loss on iteration 6080 = 0.30465652588754893
Training loss on iteration 6100 = 0.2594047346152365
Training loss on iteration 6120 = 0.3392800794448704
Training loss on iteration 6140 = 0.41065658181905745
Training loss on iteration 6160 = 0.227772079128772
Training loss on iteration 6180 = 0.2959838296286762
Training loss on iteration 6200 = 0.24850139934569598
Training loss on iteration 6220 = 0.2934214072301984
Training loss on iteration 6240 = 0.2792206987738609
Training loss on iteration 6260 = 0.34389825966209175
Training loss on iteration 6280 = 0.24858471332117915
Training loss on iteration 6300 = 0.2136800574720837
Training loss on iteration 6320 = 0.26838317289948466
Training loss on iteration 6340 = 0.29714298201724887
Training loss on iteration 6360 = 0.1975732765160501
Training loss on iteration 6380 = 0.3794309309218079
Training loss on iteration 6400 = 0.33746795216575265
Training loss on iteration 6420 = 0.39791640066541734
Training loss on iteration 6440 = 0.3143102931790054
Training loss on iteration 6460 = 0.37579035107046366
Training loss on iteration 6480 = 0.224441447108984
Training loss on iteration 6500 = 0.2971001694910228
Training loss on iteration 6520 = 0.17744421996176243
Training loss on iteration 6540 = 0.28440381549298765
Training loss on iteration 6560 = 0.27847917582839726
Training loss on iteration 6580 = 0.3729383728466928
Training loss on iteration 6600 = 0.2599163165315986
Training loss on iteration 6620 = 0.2775490188971162
Training loss on iteration 6640 = 0.3608615729957819
Training loss on iteration 6660 = 0.2802604179829359
Training loss on iteration 6680 = 0.20626975428313016
Training loss on iteration 6700 = 0.297129769064486
Training loss on iteration 6720 = 0.23956345999613404
Training loss on iteration 6740 = 0.2903013791888952
Training loss on iteration 6760 = 0.21133715524338187
Training loss on iteration 6780 = 0.22559593748301268
Training loss on iteration 6800 = 0.254377852845937
Training loss on iteration 6820 = 0.22165097398683428
Training loss on iteration 6840 = 0.25769505836069584
Training loss on iteration 6860 = 0.22268117321655154
Training loss on iteration 6880 = 0.24872803715988995
Training loss on iteration 6900 = 0.21574970395304263
Training loss on iteration 6920 = 0.2840769627131522
Training loss on iteration 6940 = 0.18434646353125572
Training loss on iteration 6960 = 0.38054838851094247
Training loss on iteration 6980 = 0.31255236053839325
Training loss on iteration 7000 = 0.2723725726827979
Training loss on iteration 7020 = 0.360417609103024
Training loss on iteration 7040 = 0.1980479622259736
Training loss on iteration 7060 = 0.2499735439196229
Training loss on iteration 7080 = 0.2766188163310289
Training loss on iteration 7100 = 0.2157015244010836
Training loss on iteration 7120 = 0.39486130848526957
Training loss on iteration 7140 = 0.2677380947396159
Training loss on iteration 7160 = 0.26467077136039735
Training loss on iteration 7180 = 0.25457822568714616
Training loss on iteration 7200 = 0.21976822540163993
Training loss on iteration 7220 = 0.22462552636861802
Training loss on iteration 7240 = 0.2784258577041328
Training loss on iteration 7260 = 0.17079666778445243
Training loss on iteration 7280 = 0.2629469916690141
Training loss on iteration 7300 = 0.28515739142894747
Training loss on iteration 7320 = 0.2745418809354305
Training loss on iteration 7340 = 0.3301549252122641
Training loss on iteration 7360 = 0.30884615825489165
Training loss on iteration 7380 = 0.2105537408962846
Training loss on iteration 7400 = 0.2352316791191697
Training loss on iteration 7420 = 0.28911392409354447
Training loss on iteration 7440 = 0.3910670240409672
Training loss on iteration 7460 = 0.2736153369769454
Training loss on iteration 7480 = 0.2662008596584201
### EVAL:: Epoch 8:: Loss = 0.17449271893696564 :: ACC = 0.9379913889928866, AUC = 0.8682072574363551, EER = 0.21789591913141146
Training on epoch 9
Training loss on iteration 0 = 0.07481424510478973
Training loss on iteration 20 = 0.2712738400325179
Training loss on iteration 40 = 0.21672599064186215
Training loss on iteration 60 = 0.3329055575653911
Training loss on iteration 80 = 0.2710562486201525
Training loss on iteration 100 = 0.32118661971762774
Training loss on iteration 120 = 0.20378746730275452
Training loss on iteration 140 = 0.3348459484055638
Training loss on iteration 160 = 0.23650727719068526
Training loss on iteration 180 = 0.20265178084373475
Training loss on iteration 200 = 0.26064264234155415
Training loss on iteration 220 = 0.18614295180886983
Training loss on iteration 240 = 0.1590153701021336
Training loss on iteration 260 = 0.32467392459511757
Training loss on iteration 280 = 0.2809910264797509
Training loss on iteration 300 = 0.2825596480630338
Training loss on iteration 320 = 0.23452183725312353
Training loss on iteration 340 = 0.22251127921044828
Training loss on iteration 360 = 0.3553487114608288
Training loss on iteration 380 = 0.22233808673918248
Training loss on iteration 400 = 0.24369993035215884
Training loss on iteration 420 = 0.2187334941700101
Training loss on iteration 440 = 0.26418075915426015
Training loss on iteration 460 = 0.3111117072403431
Training loss on iteration 480 = 0.18327799057587982
Training loss on iteration 500 = 0.20603239219635724
Training loss on iteration 520 = 0.3360418904572725
Training loss on iteration 540 = 0.2466083441860974
Training loss on iteration 560 = 0.30569692184217273
Training loss on iteration 580 = 0.26088789496570824
Training loss on iteration 600 = 0.3076539034023881
Training loss on iteration 620 = 0.3682587563991547
Training loss on iteration 640 = 0.24600329250097275
Training loss on iteration 660 = 0.36610372103750705
Training loss on iteration 680 = 0.4627781977877021
Training loss on iteration 700 = 0.2679002908989787
Training loss on iteration 720 = 0.43927301848307254
Training loss on iteration 740 = 0.40233924547210337
Training loss on iteration 760 = 0.38373239887878297
Training loss on iteration 780 = 0.3668358102440834
Training loss on iteration 800 = 0.30601683612912894
Training loss on iteration 820 = 0.4122762493789196
Training loss on iteration 840 = 0.2697712084278464
Training loss on iteration 860 = 0.27200992037542165
Training loss on iteration 880 = 0.3019435658119619
Training loss on iteration 900 = 0.22855382468551397
Training loss on iteration 920 = 0.3466325789690018
Training loss on iteration 940 = 0.306840643286705
Training loss on iteration 960 = 0.2556796450167894
Training loss on iteration 980 = 0.267505232617259
Training loss on iteration 1000 = 0.23401082707569004
Training loss on iteration 1020 = 0.21232792027294636
Training loss on iteration 1040 = 0.29175842492841186
Training loss on iteration 1060 = 0.1939528563991189
Training loss on iteration 1080 = 0.3252754297107458
Training loss on iteration 1100 = 0.2216593174263835
Training loss on iteration 1120 = 0.2642708711326122
Training loss on iteration 1140 = 0.22490730760619043
Training loss on iteration 1160 = 0.21264162752777338
Training loss on iteration 1180 = 0.23366359220817684
Training loss on iteration 1200 = 0.28721501054242254
Training loss on iteration 1220 = 0.2110387128777802
Training loss on iteration 1240 = 0.3078051173128188
Training loss on iteration 1260 = 0.20658975932747126
Training loss on iteration 1280 = 0.23271402968093752
Training loss on iteration 1300 = 0.24734173882752658
Training loss on iteration 1320 = 0.33965447498485446
Training loss on iteration 1340 = 0.24679940594360233
Training loss on iteration 1360 = 0.3398210664279759
Training loss on iteration 1380 = 0.3617883202037774
Training loss on iteration 1400 = 0.22164971553720533
Training loss on iteration 1420 = 0.23339111860841513
Training loss on iteration 1440 = 0.2572029651841149
Training loss on iteration 1460 = 0.19389128256589175
Training loss on iteration 1480 = 0.22883256897330284
Training loss on iteration 1500 = 0.21564424466341733
Training loss on iteration 1520 = 0.2722700472921133
Training loss on iteration 1540 = 0.3205753851681948
Training loss on iteration 1560 = 0.21644961666315793
Training loss on iteration 1580 = 0.30344838574528693
Training loss on iteration 1600 = 0.35344864893704653
Training loss on iteration 1620 = 0.27041126769036056
Training loss on iteration 1640 = 0.2826476778835058
Training loss on iteration 1660 = 0.24209249010309578
Training loss on iteration 1680 = 0.2494957690127194
Training loss on iteration 1700 = 0.24042891818098724
Training loss on iteration 1720 = 0.3241597855463624
Training loss on iteration 1740 = 0.23556806738488376
Training loss on iteration 1760 = 0.20664190519601106
Training loss on iteration 1780 = 0.22720849309116603
Training loss on iteration 1800 = 0.30603261664509773
Training loss on iteration 1820 = 0.2988751455210149
Training loss on iteration 1840 = 0.28995508230291306
Training loss on iteration 1860 = 0.3234039242961444
Training loss on iteration 1880 = 0.4267234975472093
Training loss on iteration 1900 = 0.25385334007441995
Training loss on iteration 1920 = 0.3332538724411279
Training loss on iteration 1940 = 0.35989026017487047
Training loss on iteration 1960 = 0.26250414475798606
Training loss on iteration 1980 = 0.23147683404386044
Training loss on iteration 2000 = 0.25239041303866544
Training loss on iteration 2020 = 0.3504498478025198
Training loss on iteration 2040 = 0.337500511854887
Training loss on iteration 2060 = 0.23789240568876266
Training loss on iteration 2080 = 0.3196913787163794
Training loss on iteration 2100 = 0.3226008290192112
Training loss on iteration 2120 = 0.3406621752306819
Training loss on iteration 2140 = 0.21868683444336057
Training loss on iteration 2160 = 0.21138442726805806
Training loss on iteration 2180 = 0.3576390674803406
Training loss on iteration 2200 = 0.39429980609565973
Training loss on iteration 2220 = 0.2970471913460642
Training loss on iteration 2240 = 0.2323020171839744
Training loss on iteration 2260 = 0.16903729690238833
Training loss on iteration 2280 = 0.40018354430794717
Training loss on iteration 2300 = 0.28280379371717573
Training loss on iteration 2320 = 0.2235808027908206
Training loss on iteration 2340 = 0.17366481223143637
Training loss on iteration 2360 = 0.19154148107627406
Training loss on iteration 2380 = 0.20728362062945963
Training loss on iteration 2400 = 0.3129185884259641
Training loss on iteration 2420 = 0.1994119723327458
Training loss on iteration 2440 = 0.21432568952441217
Training loss on iteration 2460 = 0.3003837164491415
Training loss on iteration 2480 = 0.2023601238615811
Training loss on iteration 2500 = 0.35638928981497886
Training loss on iteration 2520 = 0.3241769656538963
Training loss on iteration 2540 = 0.29159198645502327
Training loss on iteration 2560 = 0.33498433642089365
Training loss on iteration 2580 = 0.3189617954194546
Training loss on iteration 2600 = 0.21360951848328114
Training loss on iteration 2620 = 0.26789124570786954
Training loss on iteration 2640 = 0.23511022701859474
Training loss on iteration 2660 = 0.2951954771298915
Training loss on iteration 2680 = 0.259217431396246
Training loss on iteration 2700 = 0.301078144647181
Training loss on iteration 2720 = 0.2958101211115718
Training loss on iteration 2740 = 0.22115532134193927
Training loss on iteration 2760 = 0.24679489405825733
Training loss on iteration 2780 = 0.3304749339818954
Training loss on iteration 2800 = 0.3234701992943883
Training loss on iteration 2820 = 0.26668431276921184
Training loss on iteration 2840 = 0.32705466356128454
Training loss on iteration 2860 = 0.393930933624506
Training loss on iteration 2880 = 0.20367505270987749
Training loss on iteration 2900 = 0.17606772375293075
Training loss on iteration 2920 = 0.26045723031274975
Training loss on iteration 2940 = 0.24910220857709647
Training loss on iteration 2960 = 0.22935006441548467
Training loss on iteration 2980 = 0.24936827812343837
Training loss on iteration 3000 = 0.27349853655323386
Training loss on iteration 3020 = 0.17828712901100516
Training loss on iteration 3040 = 0.22167195267975331
Training loss on iteration 3060 = 0.1997021546587348
Training loss on iteration 3080 = 0.3312745615839958
Training loss on iteration 3100 = 0.20504288906231521
Training loss on iteration 3120 = 0.29969340823590757
Training loss on iteration 3140 = 0.2281084700487554
Training loss on iteration 3160 = 0.21173229711130262
Training loss on iteration 3180 = 0.17156073581427336
Training loss on iteration 3200 = 0.24710228499025105
Training loss on iteration 3220 = 0.17681621070951223
Training loss on iteration 3240 = 0.25761629128828645
Training loss on iteration 3260 = 0.29362018015235664
Training loss on iteration 3280 = 0.21571223097853362
Training loss on iteration 3300 = 0.2567132590338588
Training loss on iteration 3320 = 0.1991218295879662
Training loss on iteration 3340 = 0.19304279163479804
Training loss on iteration 3360 = 0.20369713632389902
Training loss on iteration 3380 = 0.31579636950045825
Training loss on iteration 3400 = 0.2568115604110062
Training loss on iteration 3420 = 0.2077481836080551
Training loss on iteration 3440 = 0.23238892992958426
Training loss on iteration 3460 = 0.2953169754706323
Training loss on iteration 3480 = 0.2769294124096632
Training loss on iteration 3500 = 0.28385482504963877
Training loss on iteration 3520 = 0.26160492580384015
Training loss on iteration 3540 = 0.22366863060742617
Training loss on iteration 3560 = 0.266248020529747
Training loss on iteration 3580 = 0.2026735558640212
Training loss on iteration 3600 = 0.2716969518922269
Training loss on iteration 3620 = 0.46127654165029525
Training loss on iteration 3640 = 0.3040140070021152
Training loss on iteration 3660 = 0.2277153931558132
Training loss on iteration 3680 = 0.17365869848290458
Training loss on iteration 3700 = 0.43242097459733486
Training loss on iteration 3720 = 0.2992610138840973
Training loss on iteration 3740 = 0.2893304370343685
Training loss on iteration 3760 = 0.24746429561637343
Training loss on iteration 3780 = 0.35043685548007486
Training loss on iteration 3800 = 0.34501426853239536
Training loss on iteration 3820 = 0.3165994664770551
Training loss on iteration 3840 = 0.2745463715866208
Training loss on iteration 3860 = 0.32334338608197866
Training loss on iteration 3880 = 0.1731220462359488
Training loss on iteration 3900 = 0.2450369458645582
Training loss on iteration 3920 = 0.19953139135614037
Training loss on iteration 3940 = 0.3330246899276972
Training loss on iteration 3960 = 0.24127535298466682
Training loss on iteration 3980 = 0.30695825945585964
Training loss on iteration 4000 = 0.21517380932345986
Training loss on iteration 4020 = 0.2536795413587242
Training loss on iteration 4040 = 0.19904868872836232
Training loss on iteration 4060 = 0.29767769705504177
Training loss on iteration 4080 = 0.28282159138470886
Training loss on iteration 4100 = 0.3613385238684714
Training loss on iteration 4120 = 0.2573599021881819
Training loss on iteration 4140 = 0.22256787889637053
Training loss on iteration 4160 = 0.37827554284594955
Training loss on iteration 4180 = 0.3252149003557861
Training loss on iteration 4200 = 0.3179913571802899
Training loss on iteration 4220 = 0.22717887116596103
Training loss on iteration 4240 = 0.2514374133665115
Training loss on iteration 4260 = 0.20801775101572276
Training loss on iteration 4280 = 0.22618047050200402
Training loss on iteration 4300 = 0.2587649212218821
Training loss on iteration 4320 = 0.2858710367232561
Training loss on iteration 4340 = 0.2903211362659931
Training loss on iteration 4360 = 0.2684799896553159
Training loss on iteration 4380 = 0.44058138579130174
Training loss on iteration 4400 = 0.42065631989389657
Training loss on iteration 4420 = 0.321635574568063
Training loss on iteration 4440 = 0.2725930752232671
Training loss on iteration 4460 = 0.26768286726437507
Training loss on iteration 4480 = 0.34487381409853696
Training loss on iteration 4500 = 0.37429307762067765
Training loss on iteration 4520 = 0.21076320074498653
Training loss on iteration 4540 = 0.2577383453026414
Training loss on iteration 4560 = 0.3354409577790648
Training loss on iteration 4580 = 0.2501317970454693
Training loss on iteration 4600 = 0.22808158099651338
Training loss on iteration 4620 = 0.18930097850970923
Training loss on iteration 4640 = 0.2950328821782023
Training loss on iteration 4660 = 0.3816631805151701
Training loss on iteration 4680 = 0.24996660714969038
Training loss on iteration 4700 = 0.23748493157327175
Training loss on iteration 4720 = 0.25909550841897727
Training loss on iteration 4740 = 0.2407447449862957
Training loss on iteration 4760 = 0.2745843306183815
Training loss on iteration 4780 = 0.27523241806775334
Training loss on iteration 4800 = 0.19417690210975708
Training loss on iteration 4820 = 0.29241259060800073
Training loss on iteration 4840 = 0.23601316595450045
Training loss on iteration 4860 = 0.2344565295614302
Training loss on iteration 4880 = 0.24553175121545792
Training loss on iteration 4900 = 0.21733210980892181
Training loss on iteration 4920 = 0.26752851950004697
Training loss on iteration 4940 = 0.23322051279246808
Training loss on iteration 4960 = 0.28345000445842744
Training loss on iteration 4980 = 0.34819919914007186
Training loss on iteration 5000 = 0.2600939068943262
Training loss on iteration 5020 = 0.1641746535897255
Training loss on iteration 5040 = 0.24499952401965858
Training loss on iteration 5060 = 0.3244724627584219
Training loss on iteration 5080 = 0.2883780217729509
Training loss on iteration 5100 = 0.24770188760012388
Training loss on iteration 5120 = 0.32915216218680143
Training loss on iteration 5140 = 0.2489837020635605
Training loss on iteration 5160 = 0.323001529276371
Training loss on iteration 5180 = 0.18946313336491585
Training loss on iteration 5200 = 0.2113072435837239
Training loss on iteration 5220 = 0.29408793728798627
Training loss on iteration 5240 = 0.329325895011425
Training loss on iteration 5260 = 0.233189467061311
Training loss on iteration 5280 = 0.3289031621068716
Training loss on iteration 5300 = 0.3252485556527972
Training loss on iteration 5320 = 0.44750203732401134
Training loss on iteration 5340 = 0.427217960730195
Training loss on iteration 5360 = 0.3260680915787816
Training loss on iteration 5380 = 0.5195532759651542
Training loss on iteration 5400 = 0.3024502919986844
Training loss on iteration 5420 = 0.5022151935845613
Training loss on iteration 5440 = 0.251719778124243
Training loss on iteration 5460 = 0.3881732489913702
Training loss on iteration 5480 = 0.2787831662222743
Training loss on iteration 5500 = 0.3197049637325108
Training loss on iteration 5520 = 0.24305257583037018
Training loss on iteration 5540 = 0.2418324531055987
Training loss on iteration 5560 = 0.23745317234424873
Training loss on iteration 5580 = 0.41824731435626744
Training loss on iteration 5600 = 0.32792358472943306
Training loss on iteration 5620 = 0.3050908764824271
Training loss on iteration 5640 = 0.2923668559640646
Training loss on iteration 5660 = 0.38998548649251463
Training loss on iteration 5680 = 0.2551888093352318
Training loss on iteration 5700 = 0.3378313448280096
Training loss on iteration 5720 = 0.30388206988573074
Training loss on iteration 5740 = 0.2195494629908353
Training loss on iteration 5760 = 0.23746226225048303
Training loss on iteration 5780 = 0.2693704207194969
Training loss on iteration 5800 = 0.2620216364040971
Training loss on iteration 5820 = 0.20652140090242027
Training loss on iteration 5840 = 0.24651167797856033
Training loss on iteration 5860 = 0.3139455158263445
Training loss on iteration 5880 = 0.24675859659910201
Training loss on iteration 5900 = 0.20104096564464272
Training loss on iteration 5920 = 0.2372849326580763
Training loss on iteration 5940 = 0.22842586860060693
Training loss on iteration 5960 = 0.2040604035370052
Training loss on iteration 5980 = 0.29051643162965773
Training loss on iteration 6000 = 0.29635124690830705
Training loss on iteration 6020 = 0.3064973341301084
Training loss on iteration 6040 = 0.30279427468776704
Training loss on iteration 6060 = 0.45090165734291077
Training loss on iteration 6080 = 0.29747716896235943
Training loss on iteration 6100 = 0.25151470508426427
Training loss on iteration 6120 = 0.26546658724546435
Training loss on iteration 6140 = 0.33506928030401467
Training loss on iteration 6160 = 0.3252243616618216
Training loss on iteration 6180 = 0.306360387057066
Training loss on iteration 6200 = 0.2964154324028641
Training loss on iteration 6220 = 0.30022467512171713
Training loss on iteration 6240 = 0.3391284229233861
Training loss on iteration 6260 = 0.4635967638343573
Training loss on iteration 6280 = 0.3868499554693699
Training loss on iteration 6300 = 0.2966056324541569
Training loss on iteration 6320 = 0.23326059877872468
Training loss on iteration 6340 = 0.30526279639452697
Training loss on iteration 6360 = 0.2361589005216956
Training loss on iteration 6380 = 0.19240781692788006
Training loss on iteration 6400 = 0.24930492732673884
Training loss on iteration 6420 = 0.20006905337795616
Training loss on iteration 6440 = 0.22897245320491494
Training loss on iteration 6460 = 0.363068781606853
Training loss on iteration 6480 = 0.23941941037774087
Training loss on iteration 6500 = 0.26693330900743606
Training loss on iteration 6520 = 0.28785425387322905
Training loss on iteration 6540 = 0.2991862067952752
Training loss on iteration 6560 = 0.3643165357410908
Training loss on iteration 6580 = 0.21649480818305164
Training loss on iteration 6600 = 0.21345461755990983
Training loss on iteration 6620 = 0.3378412396647036
Training loss on iteration 6640 = 0.24404295142740012
Training loss on iteration 6660 = 0.30045099975541234
Training loss on iteration 6680 = 0.27106752516701815
Training loss on iteration 6700 = 0.1365707302466035
Training loss on iteration 6720 = 0.2590007284656167
Training loss on iteration 6740 = 0.3282558122649789
Training loss on iteration 6760 = 0.38889385433867574
Training loss on iteration 6780 = 0.30463646575808523
Training loss on iteration 6800 = 0.23405965082347394
Training loss on iteration 6820 = 0.1943535998929292
Training loss on iteration 6840 = 0.2852054350078106
Training loss on iteration 6860 = 0.19170789439231156
Training loss on iteration 6880 = 0.24616048466414214
Training loss on iteration 6900 = 0.1686774855479598
Training loss on iteration 6920 = 0.27795851416885853
Training loss on iteration 6940 = 0.313465787190944
Training loss on iteration 6960 = 0.28584736995398996
Training loss on iteration 6980 = 0.2171199841424823
Training loss on iteration 7000 = 0.26711627282202244
Training loss on iteration 7020 = 0.3214523403439671
Training loss on iteration 7040 = 0.27379256915301087
Training loss on iteration 7060 = 0.23784875273704528
Training loss on iteration 7080 = 0.2011044799350202
Training loss on iteration 7100 = 0.26521892473101616
Training loss on iteration 7120 = 0.24881191737949848
Training loss on iteration 7140 = 0.20607529529370366
Training loss on iteration 7160 = 0.21760072745382786
Training loss on iteration 7180 = 0.20534109529107808
Training loss on iteration 7200 = 0.3101920857094228
Training loss on iteration 7220 = 0.30870824605226516
Training loss on iteration 7240 = 0.2417673548683524
Training loss on iteration 7260 = 0.2686313324375078
Training loss on iteration 7280 = 0.3888840224593878
Training loss on iteration 7300 = 0.2195110645145178
Training loss on iteration 7320 = 0.32569453651085495
Training loss on iteration 7340 = 0.20777474138885738
Training loss on iteration 7360 = 0.18501264927908778
Training loss on iteration 7380 = 0.20081852450966836
Training loss on iteration 7400 = 0.23369115954265
Training loss on iteration 7420 = 0.3087241412140429
Training loss on iteration 7440 = 0.271946276165545
Training loss on iteration 7460 = 0.2354320866987109
Training loss on iteration 7480 = 0.24890720546245576
### EVAL:: Epoch 9:: Loss = 0.2206415966301134 :: ACC = 0.8975102957693748, AUC = 0.8522731955648821, EER = 0.22791089479595658
Training on epoch 10
Training loss on iteration 0 = 0.36684688925743103
Training loss on iteration 20 = 0.1955487563274801
Training loss on iteration 40 = 0.25647803572937844
Training loss on iteration 60 = 0.2981837614905089
Training loss on iteration 80 = 0.3316850377246737
Training loss on iteration 100 = 0.22543355096131562
Training loss on iteration 120 = 0.24125331767136232
Training loss on iteration 140 = 0.356512117292732
Training loss on iteration 160 = 0.17634867336601018
Training loss on iteration 180 = 0.17043765685521067
Training loss on iteration 200 = 0.36600058851763606
Training loss on iteration 220 = 0.2949324197135866
Training loss on iteration 240 = 0.2072949416935444
Training loss on iteration 260 = 0.2550214285030961
Training loss on iteration 280 = 0.2310185620561242
Training loss on iteration 300 = 0.34575387835502625
Training loss on iteration 320 = 0.28580585061572494
Training loss on iteration 340 = 0.19453635308891534
Training loss on iteration 360 = 0.23724684150656686
Training loss on iteration 380 = 0.3771413710201159
Training loss on iteration 400 = 0.34006501343101264
Training loss on iteration 420 = 0.22400955138728024
Training loss on iteration 440 = 0.286239414755255
Training loss on iteration 460 = 0.24524765871465207
Training loss on iteration 480 = 0.33721750862896444
Training loss on iteration 500 = 0.2552312098443508
Training loss on iteration 520 = 0.23679996468126774
Training loss on iteration 540 = 0.28949704277329147
Training loss on iteration 560 = 0.29565042443573475
Training loss on iteration 580 = 0.32371176830492915
Training loss on iteration 600 = 0.25469370651990175
Training loss on iteration 620 = 0.2776686051860452
Training loss on iteration 640 = 0.23773057889193297
Training loss on iteration 660 = 0.2820049930363894
Training loss on iteration 680 = 0.2979556404985487
Training loss on iteration 700 = 0.2454155153594911
Training loss on iteration 720 = 0.39381327889859674
Training loss on iteration 740 = 0.31709433114156127
Training loss on iteration 760 = 0.2560764344409108
Training loss on iteration 780 = 0.2421960797160864
Training loss on iteration 800 = 0.23682371247559786
Training loss on iteration 820 = 0.31878187861293555
Training loss on iteration 840 = 0.267501397896558
Training loss on iteration 860 = 0.3245856175199151
Training loss on iteration 880 = 0.23785788249224424
Training loss on iteration 900 = 0.27926255445927384
Training loss on iteration 920 = 0.2477732096798718
Training loss on iteration 940 = 0.30073061790317296
Training loss on iteration 960 = 0.2649254466407001
Training loss on iteration 980 = 0.2797225877642632
Training loss on iteration 1000 = 0.15282618813216686
Training loss on iteration 1020 = 0.3677812502719462
Training loss on iteration 1040 = 0.36866768468171357
Training loss on iteration 1060 = 0.3316345242783427
Training loss on iteration 1080 = 0.24818887743167578
Training loss on iteration 1100 = 0.23598543675616385
Training loss on iteration 1120 = 0.4748350761597976
Training loss on iteration 1140 = 0.3825002370402217
Training loss on iteration 1160 = 0.4024681806564331
Training loss on iteration 1180 = 0.222578788921237
Training loss on iteration 1200 = 0.4246035907417536
Training loss on iteration 1220 = 0.23630423746071755
Training loss on iteration 1240 = 0.22060729749500751
Training loss on iteration 1260 = 0.21106538763269783
Training loss on iteration 1280 = 0.26538934390991925
Training loss on iteration 1300 = 0.21824724404141307
Training loss on iteration 1320 = 0.17601102378685027
Training loss on iteration 1340 = 0.3445615139324218
Training loss on iteration 1360 = 0.3324197709560394
Training loss on iteration 1380 = 0.2540740699507296
Training loss on iteration 1400 = 0.23785509839653968
Training loss on iteration 1420 = 0.23385492777451872
Training loss on iteration 1440 = 0.26056925430893896
Training loss on iteration 1460 = 0.32785779549740257
Training loss on iteration 1480 = 0.2791399936657399
Training loss on iteration 1500 = 0.31064933640882375
Training loss on iteration 1520 = 0.49482427183538674
Training loss on iteration 1540 = 0.6009485594928264
Training loss on iteration 1560 = 0.6830225840210915
Training loss on iteration 1580 = 0.33842103770002724
Training loss on iteration 1600 = 0.24977525174617768
Training loss on iteration 1620 = 0.3220011997385882
Training loss on iteration 1640 = 0.5065665129572153
Training loss on iteration 1660 = 0.6190207327250391
Training loss on iteration 1680 = 0.38440802320837975
Training loss on iteration 1700 = 0.42086439579725266
Training loss on iteration 1720 = 0.2903584470972419
Training loss on iteration 1740 = 0.2327095136977732
Training loss on iteration 1760 = 0.42692170925438405
Training loss on iteration 1780 = 0.36193293482065203
Training loss on iteration 1800 = 0.34056212960276755
Training loss on iteration 1820 = 0.4267146285623312
Training loss on iteration 1840 = 0.4317788857035339
Training loss on iteration 1860 = 0.3239762091077864
Training loss on iteration 1880 = 0.2628430319018662
Training loss on iteration 1900 = 0.36963256914168596
Training loss on iteration 1920 = 0.32165269963443277
Training loss on iteration 1940 = 0.30525027122348547
Training loss on iteration 1960 = 0.2829493097029626
Training loss on iteration 1980 = 0.1926650802604854
Training loss on iteration 2000 = 0.3612925262190402
Training loss on iteration 2020 = 0.2938013065606356
Training loss on iteration 2040 = 0.32799465879797934
Training loss on iteration 2060 = 0.28839445458725094
Training loss on iteration 2080 = 0.35375683661550283
Training loss on iteration 2100 = 0.46872711926698685
Training loss on iteration 2120 = 0.2818771397694945
Training loss on iteration 2140 = 0.3903360661119223
Training loss on iteration 2160 = 0.3595869928598404
Training loss on iteration 2180 = 0.3938265185803175
Training loss on iteration 2200 = 0.31119379051961005
Training loss on iteration 2220 = 0.4741661911830306
Training loss on iteration 2240 = 0.34618311785161493
Training loss on iteration 2260 = 0.7277271542698145
Training loss on iteration 2280 = 0.5036556314677
Training loss on iteration 2300 = 0.38868975508958103
Training loss on iteration 2320 = 0.37749026753008363
Training loss on iteration 2340 = 0.3325067641213536
Training loss on iteration 2360 = 0.2753851586952806
Training loss on iteration 2380 = 0.36893583796918394
Training loss on iteration 2400 = 0.34632242238149047
Training loss on iteration 2420 = 0.29482605680823326
Training loss on iteration 2440 = 0.27031630408018825
Training loss on iteration 2460 = 0.3036504745483398
Training loss on iteration 2480 = 0.39658544715493915
Training loss on iteration 2500 = 0.2586675750091672
Training loss on iteration 2520 = 0.30291962400078776
Training loss on iteration 2540 = 0.3252681281417608
Training loss on iteration 2560 = 0.3342803787440062
Training loss on iteration 2580 = 0.3629495855420828
Training loss on iteration 2600 = 0.3336574699729681
Training loss on iteration 2620 = 0.3760805524885654
Training loss on iteration 2640 = 0.3906170196831226
Training loss on iteration 2660 = 0.296139570325613
Training loss on iteration 2680 = 0.3199975548312068
Training loss on iteration 2700 = 0.4281990326941013
Training loss on iteration 2720 = 0.2726067673414946
Training loss on iteration 2740 = 0.35536923110485075
Training loss on iteration 2760 = 0.23359505366533995
Training loss on iteration 2780 = 0.36146637666970494
Training loss on iteration 2800 = 0.28611271525733173
Training loss on iteration 2820 = 0.24617615193128586
Training loss on iteration 2840 = 0.38984775692224505
Training loss on iteration 2860 = 0.34898825539276
Training loss on iteration 2880 = 0.496103285625577
Training loss on iteration 2900 = 0.32967323046177627
Training loss on iteration 2920 = 0.3650663668289781
Training loss on iteration 2940 = 0.37045081723481416
Training loss on iteration 2960 = 0.3211557768285275
Training loss on iteration 2980 = 0.6663601737469435
Training loss on iteration 3000 = 1.5670360516756774
Training loss on iteration 3020 = 0.5411951593123376
Training loss on iteration 3040 = 0.42900217296555637
Training loss on iteration 3060 = 0.6701668921858073
Training loss on iteration 3080 = 0.49639714546501634
Training loss on iteration 3100 = 0.5723409168422222
Training loss on iteration 3120 = 0.4098281682934612
Training loss on iteration 3140 = 0.36488488903269173
Training loss on iteration 3160 = 0.35279252063483
Training loss on iteration 3180 = 0.2856847896240652
Training loss on iteration 3200 = 0.3630248699337244
Training loss on iteration 3220 = 0.22633696431294084
Training loss on iteration 3240 = 0.28706432282924654
Training loss on iteration 3260 = 0.37333083860576155
Training loss on iteration 3280 = 0.3678241103887558
Training loss on iteration 3300 = 0.4921825248748064
Training loss on iteration 3320 = 0.365462601557374
Training loss on iteration 3340 = 0.3043751917779446
Training loss on iteration 3360 = 0.3079590044915676
Training loss on iteration 3380 = 0.34704829305410384
Training loss on iteration 3400 = 0.313651005923748
Training loss on iteration 3420 = 0.26305834501981734
Training loss on iteration 3440 = 0.29636806305497887
Training loss on iteration 3460 = 0.2487452866509557
Training loss on iteration 3480 = 0.29990937262773515
Training loss on iteration 3500 = 0.25689442679286
Training loss on iteration 3520 = 0.30294684078544376
Training loss on iteration 3540 = 0.2956604104489088
Training loss on iteration 3560 = 0.19618869088590146
Training loss on iteration 3580 = 0.307970168069005
Training loss on iteration 3600 = 0.23803979195654393
Training loss on iteration 3620 = 0.3433713484555483
Training loss on iteration 3640 = 0.31828936021775006
Training loss on iteration 3660 = 0.2732106271199882
Training loss on iteration 3680 = 0.3591731245629489
Training loss on iteration 3700 = 0.3536735063418746
Training loss on iteration 3720 = 0.23840753845870494
Training loss on iteration 3740 = 0.22607543971389532
Training loss on iteration 3760 = 0.2051441241055727
Training loss on iteration 3780 = 0.3401718683540821
Training loss on iteration 3800 = 0.2928289707750082
Training loss on iteration 3820 = 0.2646284454502165
Training loss on iteration 3840 = 0.2762973144650459
Training loss on iteration 3860 = 0.24318804554641246
Training loss on iteration 3880 = 0.28696663957089186
Training loss on iteration 3900 = 0.2678670624271035
Training loss on iteration 3920 = 0.3405063606798649
Training loss on iteration 3940 = 0.2960197640582919
Training loss on iteration 3960 = 0.3259022694081068
Training loss on iteration 3980 = 0.30004682019352913
Training loss on iteration 4000 = 0.3215938695240766
Training loss on iteration 4020 = 0.19959300495684146
Training loss on iteration 4040 = 0.262590691819787
Training loss on iteration 4060 = 0.2269935215357691
Training loss on iteration 4080 = 0.2634409390389919
Training loss on iteration 4100 = 0.23626563288271427
Training loss on iteration 4120 = 0.3863261996768415
Training loss on iteration 4140 = 0.3053803604096174
Training loss on iteration 4160 = 0.2410342399030924
Training loss on iteration 4180 = 0.2545315444469452
Training loss on iteration 4200 = 0.23365931268781423
Training loss on iteration 4220 = 0.3044046667870134
Training loss on iteration 4240 = 0.31586268432438375
Training loss on iteration 4260 = 0.3631674010306597
Training loss on iteration 4280 = 0.34360325764864685
Training loss on iteration 4300 = 0.42233848571777344
Training loss on iteration 4320 = 0.3697797980159521
Training loss on iteration 4340 = 0.30409376360476015
Training loss on iteration 4360 = 0.2039016641676426
Training loss on iteration 4380 = 0.32119451425969603
Training loss on iteration 4400 = 0.22615265315398575
Training loss on iteration 4420 = 0.23552270187065005
Training loss on iteration 4440 = 0.2569972174242139
Training loss on iteration 4460 = 0.29741250090301036
Training loss on iteration 4480 = 0.1989463902078569
Training loss on iteration 4500 = 0.27078161016106606
Training loss on iteration 4520 = 0.32297741938382385
Training loss on iteration 4540 = 0.3283246340230107
Training loss on iteration 4560 = 0.2321523381397128
Training loss on iteration 4580 = 0.24830686626955867
Training loss on iteration 4600 = 0.3282318180426955
Training loss on iteration 4620 = 0.2534749060869217
Training loss on iteration 4640 = 0.410125524783507
Training loss on iteration 4660 = 0.36464588418602945
Training loss on iteration 4680 = 0.3252658020704985
Training loss on iteration 4700 = 0.21296705594286322
Training loss on iteration 4720 = 0.27997753033414485
Training loss on iteration 4740 = 0.32945323288440703
Training loss on iteration 4760 = 0.28483674600720404
Training loss on iteration 4780 = 0.18930543516762555
Training loss on iteration 4800 = 0.2014492044225335
Training loss on iteration 4820 = 0.28778427075594665
Training loss on iteration 4840 = 0.2581605535000563
Training loss on iteration 4860 = 0.23799102623015642
Training loss on iteration 4880 = 0.2735962332226336
Training loss on iteration 4900 = 0.26575993802398445
Training loss on iteration 4920 = 0.28499447647482157
Training loss on iteration 4940 = 0.21528203450143338
Training loss on iteration 4960 = 0.26864110622555015
Training loss on iteration 4980 = 0.21194805623963475
Training loss on iteration 5000 = 0.25776376351714136
Training loss on iteration 5020 = 0.30478269755840304
Training loss on iteration 5040 = 0.2932671200484037
Training loss on iteration 5060 = 0.2408139744773507
Training loss on iteration 5080 = 0.22760134506970645
Training loss on iteration 5100 = 0.2300914934836328
Training loss on iteration 5120 = 0.23631204501725733
Training loss on iteration 5140 = 0.19578481251373886
Training loss on iteration 5160 = 0.4369818130508065
Training loss on iteration 5180 = 0.25576604790985585
Training loss on iteration 5200 = 0.2645652894861996
Training loss on iteration 5220 = 0.20028677601367234
Training loss on iteration 5240 = 0.31109625231474636
Training loss on iteration 5260 = 0.35798509726300837
Training loss on iteration 5280 = 0.27347600646317005
Training loss on iteration 5300 = 0.3125070076435804
Training loss on iteration 5320 = 0.26320931781083345
Training loss on iteration 5340 = 0.19100935230962932
Training loss on iteration 5360 = 0.25122709553688766
Training loss on iteration 5380 = 0.31941246427595615
Training loss on iteration 5400 = 0.2589807650074363
Training loss on iteration 5420 = 0.2731572543270886
Training loss on iteration 5440 = 0.25728576108813284
Training loss on iteration 5460 = 0.36479440266266466
Training loss on iteration 5480 = 0.3537296153604984
Training loss on iteration 5500 = 0.3378054331988096
Training loss on iteration 5520 = 0.19889476783573629
Training loss on iteration 5540 = 0.33020605423953386
Training loss on iteration 5560 = 0.3433949314057827
Training loss on iteration 5580 = 0.31821873523294925
Training loss on iteration 5600 = 0.3948924202471972
Training loss on iteration 5620 = 0.2890387470833957
Training loss on iteration 5640 = 0.29605402136221526
Training loss on iteration 5660 = 0.37248438633978365
Training loss on iteration 5680 = 0.23419238021597266
Training loss on iteration 5700 = 0.3546405715867877
Training loss on iteration 5720 = 0.2472765866667032
Training loss on iteration 5740 = 0.3985034076496959
Training loss on iteration 5760 = 0.40051348600536585
Training loss on iteration 5780 = 0.3065136617049575
Training loss on iteration 5800 = 0.32212230265140535
Training loss on iteration 5820 = 0.3169751805253327
Training loss on iteration 5840 = 0.34678266327828167
Training loss on iteration 5860 = 0.2752866498194635
Training loss on iteration 5880 = 0.4634282261133194
Training loss on iteration 5900 = 0.2948662115260959
Training loss on iteration 5920 = 0.4989586624316871
Training loss on iteration 5940 = 0.28716200664639474
Training loss on iteration 5960 = 0.20947840455919503
Training loss on iteration 5980 = 0.27251919778063893
Training loss on iteration 6000 = 0.3517225613817573
Training loss on iteration 6020 = 0.2011467975564301
Training loss on iteration 6040 = 0.3637399900238961
Training loss on iteration 6060 = 0.2942368468269706
Training loss on iteration 6080 = 0.25210759453475473
Training loss on iteration 6100 = 0.29547721669077875
Training loss on iteration 6120 = 0.3176782180555165
Training loss on iteration 6140 = 0.39015121292322874
Training loss on iteration 6160 = 0.2142683904618025
Training loss on iteration 6180 = 0.2706209322903305
Training loss on iteration 6200 = 0.36134015321731566
Training loss on iteration 6220 = 0.34451708756387234
Training loss on iteration 6240 = 0.3326532503589988
Training loss on iteration 6260 = 0.2982643011957407
Training loss on iteration 6280 = 0.2237305838149041
Training loss on iteration 6300 = 0.1653701627161354
Training loss on iteration 6320 = 0.22843550988473
Training loss on iteration 6340 = 0.2391782364808023
Training loss on iteration 6360 = 0.2838971703313291
Training loss on iteration 6380 = 0.3769463811069727
Training loss on iteration 6400 = 0.31737910732626917
Training loss on iteration 6420 = 0.2923731389455497
Training loss on iteration 6440 = 0.29929232513532045
Training loss on iteration 6460 = 0.16864432678557933
Training loss on iteration 6480 = 0.23231785520911216
Training loss on iteration 6500 = 0.29916408509016035
Training loss on iteration 6520 = 0.23701208513230085
Training loss on iteration 6540 = 0.25935077301692216
Training loss on iteration 6560 = 0.35319749284535645
Training loss on iteration 6580 = 0.21421659421175718
Training loss on iteration 6600 = 0.2803027655696496
Training loss on iteration 6620 = 0.4088862933218479
Training loss on iteration 6640 = 0.2498463924974203
Training loss on iteration 6660 = 0.24072928354144096
Training loss on iteration 6680 = 0.20034691840410232
Training loss on iteration 6700 = 0.2191787415649742
Training loss on iteration 6720 = 0.257527375780046
Training loss on iteration 6740 = 0.2225173925049603
Training loss on iteration 6760 = 0.3087425114586949
Training loss on iteration 6780 = 0.29675004594028
Training loss on iteration 6800 = 0.21069957315921783
Training loss on iteration 6820 = 0.3071747601032257
Training loss on iteration 6840 = 0.2847641261294484
Training loss on iteration 6860 = 0.346289389859885
Training loss on iteration 6880 = 0.18602618942968546
Training loss on iteration 6900 = 0.33411771031096577
Training loss on iteration 6920 = 0.30526845138520003
Training loss on iteration 6940 = 0.2696928513236344
Training loss on iteration 6960 = 0.2993415945675224
Training loss on iteration 6980 = 0.31077078469097613
Training loss on iteration 7000 = 0.23795692026615142
Training loss on iteration 7020 = 0.2724320162087679
Training loss on iteration 7040 = 0.22824977915734052
Training loss on iteration 7060 = 0.18189312065951527
Training loss on iteration 7080 = 0.325541650922969
Training loss on iteration 7100 = 0.2762319606728852
Training loss on iteration 7120 = 0.225218013394624
Training loss on iteration 7140 = 0.3862418351694942
Training loss on iteration 7160 = 0.3511728879995644
Training loss on iteration 7180 = 0.24100462924689053
Training loss on iteration 7200 = 0.4901160153094679
Training loss on iteration 7220 = 0.3470122152008116
Training loss on iteration 7240 = 0.39850182794034483
Training loss on iteration 7260 = 0.24587344005703926
Training loss on iteration 7280 = 0.30983743220567705
Training loss on iteration 7300 = 0.30340596586465834
Training loss on iteration 7320 = 0.20522632909705862
Training loss on iteration 7340 = 0.38441867623478176
Training loss on iteration 7360 = 0.32116702212952075
Training loss on iteration 7380 = 0.2784636095631868
Training loss on iteration 7400 = 0.2817418816965073
Training loss on iteration 7420 = 0.25317130209878086
Training loss on iteration 7440 = 0.2486290161497891
Training loss on iteration 7460 = 0.2957768028602004
Training loss on iteration 7480 = 0.3821039296686649
### EVAL:: Epoch 10:: Loss = 0.4431194041202199 :: ACC = 0.8417259453388244, AUC = 0.8850446652278778, EER = 0.20095469861475104
Training on epoch 11
Training loss on iteration 0 = 0.6135525703430176
Training loss on iteration 20 = 0.34857925958931446
Training loss on iteration 40 = 0.25115779545158146
Training loss on iteration 60 = 0.32741040689870715
Training loss on iteration 80 = 0.30639248779043554
Training loss on iteration 100 = 0.3053394899703562
Training loss on iteration 120 = 0.29649261981248853
Training loss on iteration 140 = 0.2836744699627161
Training loss on iteration 160 = 0.2942245755344629
Training loss on iteration 180 = 0.2235094638541341
Training loss on iteration 200 = 0.18689615526236594
Training loss on iteration 220 = 0.329703139513731
Training loss on iteration 240 = 0.28311231080442667
Training loss on iteration 260 = 0.25927056316286323
Training loss on iteration 280 = 0.24839972667396068
Training loss on iteration 300 = 0.21756421597674488
Training loss on iteration 320 = 0.2885020971298218
Training loss on iteration 340 = 0.3359275426715612
Training loss on iteration 360 = 0.3521825710311532
Training loss on iteration 380 = 0.2917499693110585
Training loss on iteration 400 = 0.2412990540266037
Training loss on iteration 420 = 0.3001188104506582
Training loss on iteration 440 = 0.2419814033433795
Training loss on iteration 460 = 0.5435772566124797
Training loss on iteration 480 = 0.36346698012202977
Training loss on iteration 500 = 0.36269447826780377
Training loss on iteration 520 = 0.35426282584667207
Training loss on iteration 540 = 0.30351304113864896
Training loss on iteration 560 = 0.29791054856032134
Training loss on iteration 580 = 0.4641258243471384
Training loss on iteration 600 = 0.43431032355874777
Training loss on iteration 620 = 0.2963235069066286
Training loss on iteration 640 = 0.23046777388080955
Training loss on iteration 660 = 0.2696692836470902
Training loss on iteration 680 = 0.2731900028884411
Training loss on iteration 700 = 0.26319162189029155
Training loss on iteration 720 = 0.3703790223225951
Training loss on iteration 740 = 0.2848969526588917
Training loss on iteration 760 = 0.3541989641264081
Training loss on iteration 780 = 0.3125752167776227
Training loss on iteration 800 = 0.36815898823551835
Training loss on iteration 820 = 0.33917783442884686
Training loss on iteration 840 = 0.24680846650153399
Training loss on iteration 860 = 0.35896432437002657
Training loss on iteration 880 = 0.2535312601365149
Training loss on iteration 900 = 0.4605389293283224
Training loss on iteration 920 = 0.3617848135530949
Training loss on iteration 940 = 0.35491070002317426
Training loss on iteration 960 = 0.29473423324525355
Training loss on iteration 980 = 0.25616219765506687
Training loss on iteration 1000 = 0.26636366844177245
Training loss on iteration 1020 = 0.2545221295207739
Training loss on iteration 1040 = 0.3242970261722803
Training loss on iteration 1060 = 0.26690888646990063
Training loss on iteration 1080 = 0.22957696095108987
Training loss on iteration 1100 = 0.23352803755551577
Training loss on iteration 1120 = 0.34302190793678167
Training loss on iteration 1140 = 0.2601690709590912
Training loss on iteration 1160 = 0.23788335835561156
Training loss on iteration 1180 = 0.36788064930588005
Training loss on iteration 1200 = 0.22253800574690102
Training loss on iteration 1220 = 0.23297319877892733
Training loss on iteration 1240 = 0.19163000378757716
Training loss on iteration 1260 = 0.19895094400271773
Training loss on iteration 1280 = 0.16789845898747444
Training loss on iteration 1300 = 0.26394131942652166
Training loss on iteration 1320 = 0.20527348276227714
Training loss on iteration 1340 = 0.3696974070742726
Training loss on iteration 1360 = 0.33827758096158506
Training loss on iteration 1380 = 0.3351418664678931
Training loss on iteration 1400 = 0.25421230678912254
Training loss on iteration 1420 = 0.22818119255825878
Training loss on iteration 1440 = 0.24692242294549943
Training loss on iteration 1460 = 0.288630648329854
Training loss on iteration 1480 = 0.2771927949041128
Training loss on iteration 1500 = 0.21507556175347417
Training loss on iteration 1520 = 0.2006279442459345
Training loss on iteration 1540 = 0.2691627176478505
Training loss on iteration 1560 = 0.3598566148430109
Training loss on iteration 1580 = 0.2743470253422856
Training loss on iteration 1600 = 0.36221555769443514
Training loss on iteration 1620 = 0.29557333323173224
Training loss on iteration 1640 = 0.28040771633386613
Training loss on iteration 1660 = 0.3421415059827268
Training loss on iteration 1680 = 0.2756598301231861
Training loss on iteration 1700 = 0.25117734833620486
Training loss on iteration 1720 = 0.35891740284860135
Training loss on iteration 1740 = 0.26242404952645304
Training loss on iteration 1760 = 0.3089412128552794
Training loss on iteration 1780 = 0.29061491284519436
Training loss on iteration 1800 = 0.234186700778082
Training loss on iteration 1820 = 0.3166038845665753
Training loss on iteration 1840 = 0.3098896843381226
Training loss on iteration 1860 = 0.18997100349515678
Training loss on iteration 1880 = 0.2829610019922256
Training loss on iteration 1900 = 0.3284514915198088
Training loss on iteration 1920 = 0.26081118802540004
Training loss on iteration 1940 = 0.35498860757797956
Training loss on iteration 1960 = 0.23021800331771375
Training loss on iteration 1980 = 0.2855374237522483
Training loss on iteration 2000 = 0.2728905760217458
Training loss on iteration 2020 = 0.21498047253116964
Training loss on iteration 2040 = 0.25771340262144804
Training loss on iteration 2060 = 0.17827664306387306
Training loss on iteration 2080 = 0.26502886347007004
Training loss on iteration 2100 = 0.3511427970603108
Training loss on iteration 2120 = 0.2814040276221931
Training loss on iteration 2140 = 0.3539646903052926
Training loss on iteration 2160 = 0.31911086989566684
Training loss on iteration 2180 = 0.3684009680524468
Training loss on iteration 2200 = 0.26655758619308473
Training loss on iteration 2220 = 0.3055350257083774
Training loss on iteration 2240 = 0.20886678658425809
Training loss on iteration 2260 = 0.26797181349247695
Training loss on iteration 2280 = 0.3208769217133522
Training loss on iteration 2300 = 0.22174884155392646
Training loss on iteration 2320 = 0.16170690609142185
Training loss on iteration 2340 = 0.32758923871442674
Training loss on iteration 2360 = 0.3987830373458564
Training loss on iteration 2380 = 0.3009954617824405
Training loss on iteration 2400 = 0.33607929777354
Training loss on iteration 2420 = 0.3537304691970348
Training loss on iteration 2440 = 0.3536716057918966
Training loss on iteration 2460 = 0.3063071059063077
Training loss on iteration 2480 = 0.2604055769741535
Training loss on iteration 2500 = 0.24450677521526815
Training loss on iteration 2520 = 0.2624191174283624
Training loss on iteration 2540 = 0.31098082242533565
Training loss on iteration 2560 = 0.36993391225114464
Training loss on iteration 2580 = 0.30419206358492373
Training loss on iteration 2600 = 0.310433260910213
Training loss on iteration 2620 = 0.1660837669391185
Training loss on iteration 2640 = 0.18600637866184117
Training loss on iteration 2660 = 0.28482868694700303
Training loss on iteration 2680 = 0.23493507290259003
Training loss on iteration 2700 = 0.26325460728257893
Training loss on iteration 2720 = 0.1697172611951828
Training loss on iteration 2740 = 0.24565228070132433
Training loss on iteration 2760 = 0.34671403793618083
Training loss on iteration 2780 = 0.3143512401729822
Training loss on iteration 2800 = 0.1988907279446721
Training loss on iteration 2820 = 0.2523893924895674
Training loss on iteration 2840 = 0.29508633743971585
Training loss on iteration 2860 = 0.2918428243137896
Training loss on iteration 2880 = 0.31304649394005535
Training loss on iteration 2900 = 0.33230356127023697
Training loss on iteration 2920 = 0.2809096042299643
Training loss on iteration 2940 = 0.32386970296502116
Training loss on iteration 2960 = 0.27642601090483365
Training loss on iteration 2980 = 0.2809180341660976
Training loss on iteration 3000 = 0.2746227758936584
Training loss on iteration 3020 = 0.33540928419679406
Training loss on iteration 3040 = 0.20924228709191084
Training loss on iteration 3060 = 0.3058688674587756
Training loss on iteration 3080 = 0.2643294339999557
Training loss on iteration 3100 = 0.23913904055953025
Training loss on iteration 3120 = 0.3924731118604541
Training loss on iteration 3140 = 0.36381439603865146
Training loss on iteration 3160 = 0.2868611577898264
Training loss on iteration 3180 = 0.293583363853395
Training loss on iteration 3200 = 0.27663270086050035
Training loss on iteration 3220 = 0.4488455254584551
Training loss on iteration 3240 = 0.30658463165163996
Training loss on iteration 3260 = 0.31173097137361766
Training loss on iteration 3280 = 0.256539027299732
Training loss on iteration 3300 = 0.24923077654093503
Training loss on iteration 3320 = 0.31651303814724085
Training loss on iteration 3340 = 0.4382626850157976
Training loss on iteration 3360 = 0.3086678352206945
Training loss on iteration 3380 = 0.4494294880423695
Training loss on iteration 3400 = 0.24383460506796836
Training loss on iteration 3420 = 0.45696672089397905
Training loss on iteration 3440 = 0.32780621759593487
Training loss on iteration 3460 = 0.29362997964490206
Training loss on iteration 3480 = 0.34779147603549065
Training loss on iteration 3500 = 0.45573431528173386
Training loss on iteration 3520 = 0.38458987986668947
Training loss on iteration 3540 = 0.2804238848388195
Training loss on iteration 3560 = 0.2357212462928146
Training loss on iteration 3580 = 0.2570395262911916
Training loss on iteration 3600 = 0.25378146471921353
Training loss on iteration 3620 = 0.2499676045961678
Training loss on iteration 3640 = 0.23862256556749345
Training loss on iteration 3660 = 0.2617861798033118
Training loss on iteration 3680 = 0.21623108265921473
Training loss on iteration 3700 = 0.2959788959473372
Training loss on iteration 3720 = 0.3321376939304173
Training loss on iteration 3740 = 0.25005679568275807
Training loss on iteration 3760 = 0.26895241886377336
Training loss on iteration 3780 = 0.2512300321832299
Training loss on iteration 3800 = 0.20315966419875622
Training loss on iteration 3820 = 0.37759318221360444
Training loss on iteration 3840 = 0.33139043357223275
Training loss on iteration 3860 = 0.2612785715609789
Training loss on iteration 3880 = 0.2786323318257928
Training loss on iteration 3900 = 0.26774926353245976
Training loss on iteration 3920 = 0.3250239263288677
Training loss on iteration 3940 = 0.24140345826745033
Training loss on iteration 3960 = 0.29582495987415314
Training loss on iteration 3980 = 0.23029598174616694
Training loss on iteration 4000 = 0.3160117388702929
Training loss on iteration 4020 = 0.34437107425183056
Training loss on iteration 4040 = 0.25180082209408283
Training loss on iteration 4060 = 0.3072238378226757
Training loss on iteration 4080 = 1.0925668159499764
Training loss on iteration 4100 = 0.44873777660541236
Training loss on iteration 4120 = 0.2696892056614161
Training loss on iteration 4140 = 0.22952058026567101
Training loss on iteration 4160 = 0.2728280104696751
Training loss on iteration 4180 = 0.2238808745983988
Training loss on iteration 4200 = 0.2886180899105966
Training loss on iteration 4220 = 0.33768962398171426
Training loss on iteration 4240 = 0.3654915504157543
Training loss on iteration 4260 = 0.22433788757771253
Training loss on iteration 4280 = 0.3173634190112352
Training loss on iteration 4300 = 0.19906545747071505
Training loss on iteration 4320 = 0.27570737921632826
Training loss on iteration 4340 = 0.28942883796989916
Training loss on iteration 4360 = 0.2035644782707095
Training loss on iteration 4380 = 0.18182090092450381
Training loss on iteration 4400 = 0.27415792481042445
Training loss on iteration 4420 = 0.2405117331072688
Training loss on iteration 4440 = 0.26281584706157446
Training loss on iteration 4460 = 0.18964799512177705
Training loss on iteration 4480 = 0.2143931731581688
Training loss on iteration 4500 = 0.23195266667753459
Training loss on iteration 4520 = 0.2432441683486104
Training loss on iteration 4540 = 0.2279864614829421
Training loss on iteration 4560 = 0.22671638056635857
Training loss on iteration 4580 = 0.33144040163606403
Training loss on iteration 4600 = 0.2806993367150426
Training loss on iteration 4620 = 0.26640240103006363
Training loss on iteration 4640 = 0.29936005882918837
Training loss on iteration 4660 = 0.26792361252009866
Training loss on iteration 4680 = 0.21849342519417406
Training loss on iteration 4700 = 0.24002550821751356
Training loss on iteration 4720 = 0.4010950826108456
Training loss on iteration 4740 = 0.19118443299084903
Training loss on iteration 4760 = 0.28924337960779667
Training loss on iteration 4780 = 0.37395405806601045
Training loss on iteration 4800 = 0.5170260429382324
Training loss on iteration 4820 = 0.30544340014457705
Training loss on iteration 4840 = 0.3028773145750165
Training loss on iteration 4860 = 0.21847568200901152
Training loss on iteration 4880 = 0.2669299401342869
Training loss on iteration 4900 = 0.2683412571903318
Training loss on iteration 4920 = 0.18790824571624398
Training loss on iteration 4940 = 0.31429558880627156
Training loss on iteration 4960 = 0.22881892006844282
Training loss on iteration 4980 = 0.20999182253144683
Training loss on iteration 5000 = 0.25157034285366536
Training loss on iteration 5020 = 0.36402915325015783
Training loss on iteration 5040 = 0.5714837474748492
Training loss on iteration 5060 = 0.33385006729513406
Training loss on iteration 5080 = 0.3383579382672906
Training loss on iteration 5100 = 0.27560225408524275
Training loss on iteration 5120 = 0.3175427857786417
Training loss on iteration 5140 = 0.21807914106175302
Training loss on iteration 5160 = 0.16626104614697396
Training loss on iteration 5180 = 0.2737097131088376
Training loss on iteration 5200 = 0.2705805834848434
Training loss on iteration 5220 = 0.2914970014244318
Training loss on iteration 5240 = 0.16096375458873807
Training loss on iteration 5260 = 0.20146151119843125
Training loss on iteration 5280 = 0.27695285603404046
Training loss on iteration 5300 = 0.23825869159772992
Training loss on iteration 5320 = 0.26051014764234426
Training loss on iteration 5340 = 0.1857010587118566
Training loss on iteration 5360 = 0.23074246998876333
Training loss on iteration 5380 = 0.24246426867321133
Training loss on iteration 5400 = 0.2244208725169301
Training loss on iteration 5420 = 0.2756211243569851
Training loss on iteration 5440 = 0.2499743228778243
Training loss on iteration 5460 = 0.23413768429309129
Training loss on iteration 5480 = 0.2862310498952866
Training loss on iteration 5500 = 0.3291177287697792
Training loss on iteration 5520 = 0.22158326231874526
Training loss on iteration 5540 = 0.27475091852247713
Training loss on iteration 5560 = 0.25315677290782335
Training loss on iteration 5580 = 0.28755971705541017
Training loss on iteration 5600 = 0.340729546174407
Training loss on iteration 5620 = 0.16833796612918378
Training loss on iteration 5640 = 0.25178377209231256
Training loss on iteration 5660 = 0.2390413958579302
Training loss on iteration 5680 = 0.22912257090210914
Training loss on iteration 5700 = 0.380405518040061
Training loss on iteration 5720 = 0.24581553619354962
Training loss on iteration 5740 = 0.290098474919796
Training loss on iteration 5760 = 0.26814874839037656
Training loss on iteration 5780 = 0.3511812028475106
Training loss on iteration 5800 = 0.30693041570484636
Training loss on iteration 5820 = 0.22939165171701462
Training loss on iteration 5840 = 0.2609361311420798
Training loss on iteration 5860 = 0.307982294075191
Training loss on iteration 5880 = 0.31638322630897164
Training loss on iteration 5900 = 0.3463940327987075
Training loss on iteration 5920 = 0.246022673137486
Training loss on iteration 5940 = 0.25109250587411225
Training loss on iteration 5960 = 0.2098338281735778
Training loss on iteration 5980 = 0.26597065860405567
Training loss on iteration 6000 = 0.1925751597620547
Training loss on iteration 6020 = 0.2506132072303444
Training loss on iteration 6040 = 0.22190036019310355
Training loss on iteration 6060 = 0.19788905400782825
Training loss on iteration 6080 = 0.2172936956398189
Training loss on iteration 6100 = 0.20266419239342212
Training loss on iteration 6120 = 0.2148183908313513
Training loss on iteration 6140 = 0.23075391915626825
Training loss on iteration 6160 = 0.29704567417502403
Training loss on iteration 6180 = 0.2569988826289773
Training loss on iteration 6200 = 0.3172992866486311
Training loss on iteration 6220 = 0.20480001089163125
Training loss on iteration 6240 = 0.1475735628977418
Training loss on iteration 6260 = 0.1974222893011756
Training loss on iteration 6280 = 0.3628681594505906
Training loss on iteration 6300 = 0.1961962277069688
Training loss on iteration 6320 = 0.24542401651851833
Training loss on iteration 6340 = 0.23671115301549434
Training loss on iteration 6360 = 0.3093379081226885
Training loss on iteration 6380 = 0.2171277103945613
Training loss on iteration 6400 = 0.20459176134318113
Training loss on iteration 6420 = 0.3345181125216186
Training loss on iteration 6440 = 0.2542379972524941
Training loss on iteration 6460 = 0.20855704741552472
Training loss on iteration 6480 = 0.21665766285732388
Training loss on iteration 6500 = 0.18284756764769555
Training loss on iteration 6520 = 0.25184669010341165
Training loss on iteration 6540 = 0.18824634971097112
Training loss on iteration 6560 = 0.3100635570473969
Training loss on iteration 6580 = 0.2956256936304271
Training loss on iteration 6600 = 0.30309839975088837
Training loss on iteration 6620 = 0.2449810071848333
Training loss on iteration 6640 = 0.24007911887019873
Training loss on iteration 6660 = 0.25934385396540166
Training loss on iteration 6680 = 0.3062218202278018
Training loss on iteration 6700 = 0.2755522049963474
Training loss on iteration 6720 = 0.35503416378051045
Training loss on iteration 6740 = 0.37891375701874497
Training loss on iteration 6760 = 0.2557588815689087
Training loss on iteration 6780 = 0.3788178594782948
Training loss on iteration 6800 = 0.17276757108047605
Training loss on iteration 6820 = 0.3218409216031432
Training loss on iteration 6840 = 0.2405004004947841
Training loss on iteration 6860 = 0.3929296286776662
Training loss on iteration 6880 = 0.30685403347015383
Training loss on iteration 6900 = 0.32641968186944725
Training loss on iteration 6920 = 0.2254695212468505
Training loss on iteration 6940 = 0.33443669565021994
Training loss on iteration 6960 = 0.27539050932973624
Training loss on iteration 6980 = 0.24436375238001345
Training loss on iteration 7000 = 0.24088436756283044
Training loss on iteration 7020 = 0.29403273556381465
Training loss on iteration 7040 = 0.29788418877869843
Training loss on iteration 7060 = 0.3614499237388372
Training loss on iteration 7080 = 0.25030342740938066
Training loss on iteration 7100 = 0.3384894887916744
Training loss on iteration 7120 = 0.3001850929111242
Training loss on iteration 7140 = 0.21336984299123288
Training loss on iteration 7160 = 0.23768808841705322
Training loss on iteration 7180 = 0.20416249306872486
Training loss on iteration 7200 = 0.20707138981670142
Training loss on iteration 7220 = 0.2875462409108877
Training loss on iteration 7240 = 0.22433341182768346
Training loss on iteration 7260 = 0.287319356482476
Training loss on iteration 7280 = 0.29851032942533495
Training loss on iteration 7300 = 0.3697592632554006
Training loss on iteration 7320 = 0.30080284958239645
Training loss on iteration 7340 = 0.28118143370375037
Training loss on iteration 7360 = 0.2731147360056639
Training loss on iteration 7380 = 0.20273678842931986
Training loss on iteration 7400 = 0.35313786286860704
Training loss on iteration 7420 = 0.262394726742059
Training loss on iteration 7440 = 0.23807627791538835
Training loss on iteration 7460 = 0.23917987318709494
Training loss on iteration 7480 = 0.18425454050302506
### EVAL:: Epoch 11:: Loss = 0.2120196010234358 :: ACC = 0.9301291651067016, AUC = 0.9555368170909841, EER = 0.10894795956570573
Training on epoch 12
Training loss on iteration 0 = 0.060363512486219406
Training loss on iteration 20 = 0.27805530801415446
Training loss on iteration 40 = 0.2999651540303603
Training loss on iteration 60 = 0.17303784610703588
Training loss on iteration 80 = 0.17984410380013288
Training loss on iteration 100 = 0.21238726014271378
Training loss on iteration 120 = 0.24095360673964022
Training loss on iteration 140 = 0.32178060840815303
Training loss on iteration 160 = 0.21990587655454874
Training loss on iteration 180 = 0.2663584786467254
Training loss on iteration 200 = 0.18989782789722084
Training loss on iteration 220 = 0.20842465022578835
Training loss on iteration 240 = 0.2896423269063234
Training loss on iteration 260 = 0.41058549992740156
Training loss on iteration 280 = 0.23111131167970597
Training loss on iteration 300 = 0.25473351841792463
Training loss on iteration 320 = 0.20572413373738527
Training loss on iteration 340 = 0.36281139999628065
Training loss on iteration 360 = 0.25957192964851855
Training loss on iteration 380 = 0.2559617877937853
Training loss on iteration 400 = 0.23803388681262733
Training loss on iteration 420 = 0.25491553246974946
Training loss on iteration 440 = 0.23399597443640233
Training loss on iteration 460 = 0.20583049170672893
Training loss on iteration 480 = 0.29591327435337006
Training loss on iteration 500 = 0.29699191749095916
Training loss on iteration 520 = 0.29474820122122763
Training loss on iteration 540 = 0.30028727212920786
Training loss on iteration 560 = 0.24307697135955095
Training loss on iteration 580 = 0.2989492181688547
Training loss on iteration 600 = 0.20284912132192404
Training loss on iteration 620 = 0.257221541646868
Training loss on iteration 640 = 0.2389118790626526
Training loss on iteration 660 = 0.22332719657570124
Training loss on iteration 680 = 0.39940241985023023
Training loss on iteration 700 = 0.2907217708416283
Training loss on iteration 720 = 0.2835830616764724
Training loss on iteration 740 = 0.25057248631492257
Training loss on iteration 760 = 0.20894098170101644
Training loss on iteration 780 = 0.3111740168184042
Training loss on iteration 800 = 0.25763119384646416
Training loss on iteration 820 = 0.2623136019334197
Training loss on iteration 840 = 0.17600726820528506
Training loss on iteration 860 = 0.3023471772670746
Training loss on iteration 880 = 0.23964949734508992
Training loss on iteration 900 = 0.2964488100260496
Training loss on iteration 920 = 0.2880004532635212
Training loss on iteration 940 = 0.38210058759432286
Training loss on iteration 960 = 0.3726664997637272
Training loss on iteration 980 = 0.23608549507334828
Training loss on iteration 1000 = 0.2682351377639861
Training loss on iteration 1020 = 0.28382874429225924
Training loss on iteration 1040 = 0.21325801978819073
Training loss on iteration 1060 = 0.2626559146214277
Training loss on iteration 1080 = 0.23398955557495354
Training loss on iteration 1100 = 0.22532398141920568
Training loss on iteration 1120 = 0.2049789992510341
Training loss on iteration 1140 = 0.14317996229510754
Training loss on iteration 1160 = 0.23781369011849166
Training loss on iteration 1180 = 0.17828443367034197
Training loss on iteration 1200 = 0.2595599486492574
Training loss on iteration 1220 = 0.30209801606833936
Training loss on iteration 1240 = 0.23380618151277305
Training loss on iteration 1260 = 0.267725876159966
Training loss on iteration 1280 = 0.19035235401242973
Training loss on iteration 1300 = 0.24223598805256188
Training loss on iteration 1320 = 0.21880554165691138
Training loss on iteration 1340 = 0.342922705039382
Training loss on iteration 1360 = 0.26573837754549456
Training loss on iteration 1380 = 0.2740989224985242
Training loss on iteration 1400 = 0.280155577743426
Training loss on iteration 1420 = 0.3811884667025879
Training loss on iteration 1440 = 0.2416227027308196
Training loss on iteration 1460 = 0.23468425455503167
Training loss on iteration 1480 = 0.29581997990608216
Training loss on iteration 1500 = 0.2522298750001937
Training loss on iteration 1520 = 0.33031867491081357
Training loss on iteration 1540 = 0.2433278203010559
Training loss on iteration 1560 = 0.2750499494373798
Training loss on iteration 1580 = 0.22158845737576485
Training loss on iteration 1600 = 0.19506166884675621
Training loss on iteration 1620 = 0.3836503142490983
Training loss on iteration 1640 = 0.2083664635196328
Training loss on iteration 1660 = 0.2185656731016934
Training loss on iteration 1680 = 0.23719498608261347
Training loss on iteration 1700 = 0.22299079354852439
Training loss on iteration 1720 = 0.1382285005412996
Training loss on iteration 1740 = 0.24590662457048892
Training loss on iteration 1760 = 0.2480907247401774
Training loss on iteration 1780 = 0.21912469677627086
Training loss on iteration 1800 = 0.2603934461716563
Training loss on iteration 1820 = 0.2319643553812057
Training loss on iteration 1840 = 0.2366449453867972
Training loss on iteration 1860 = 0.2651720141991973
Training loss on iteration 1880 = 0.31764838080853225
Training loss on iteration 1900 = 0.25430633425712584
Training loss on iteration 1920 = 0.38480116687715055
Training loss on iteration 1940 = 0.24259027699008584
Training loss on iteration 1960 = 0.23597376490943134
Training loss on iteration 1980 = 0.23395170057192444
Training loss on iteration 2000 = 0.23159527014940978
Training loss on iteration 2020 = 0.29984911358915267
Training loss on iteration 2040 = 0.2447400244884193
Training loss on iteration 2060 = 0.285520039498806
Training loss on iteration 2080 = 0.25725481705740094
Training loss on iteration 2100 = 0.26771042253822086
Training loss on iteration 2120 = 0.14504421972669662
Training loss on iteration 2140 = 0.4382939262315631
Training loss on iteration 2160 = 0.2820078156888485
Training loss on iteration 2180 = 0.19168557096272706
Training loss on iteration 2200 = 0.2924610236659646
Training loss on iteration 2220 = 0.18340726662427187
Training loss on iteration 2240 = 0.41931954845786096
Training loss on iteration 2260 = 0.2981982994824648
Training loss on iteration 2280 = 0.3267492908984423
Training loss on iteration 2300 = 0.31931076319888235
Training loss on iteration 2320 = 0.19232572943437845
Training loss on iteration 2340 = 0.21641032556071876
Training loss on iteration 2360 = 0.3518298849929124
Training loss on iteration 2380 = 0.3722344696521759
Training loss on iteration 2400 = 0.25263650752604006
Training loss on iteration 2420 = 0.580282136052847
Training loss on iteration 2440 = 0.6565902208909392
Training loss on iteration 2460 = 0.6166137189604342
Training loss on iteration 2480 = 0.521136874705553
Training loss on iteration 2500 = 0.4022921619005501
Training loss on iteration 2520 = 0.3119635409908369
Training loss on iteration 2540 = 0.35291063352487984
Training loss on iteration 2560 = 0.360347589943558
Training loss on iteration 2580 = 0.29991044690832497
Training loss on iteration 2600 = 0.33127154521644114
Training loss on iteration 2620 = 0.19310834668576718
Training loss on iteration 2640 = 0.27181149292737244
Training loss on iteration 2660 = 0.24724459676072003
Training loss on iteration 2680 = 0.2554830885492265
Training loss on iteration 2700 = 0.19836628213524818
Training loss on iteration 2720 = 0.29330702235456557
Training loss on iteration 2740 = 0.23127616606652737
Training loss on iteration 2760 = 0.22936035990715026
Training loss on iteration 2780 = 0.2297662803903222
Training loss on iteration 2800 = 0.39938595686107875
Training loss on iteration 2820 = 0.2506168534979224
Training loss on iteration 2840 = 0.3703585581853986
Training loss on iteration 2860 = 0.2501902014017105
Training loss on iteration 2880 = 0.23640155624598264
Training loss on iteration 2900 = 0.2163079421967268
Training loss on iteration 2920 = 0.27402782458812
Training loss on iteration 2940 = 0.2597457718104124
Training loss on iteration 2960 = 0.345441319141537
Training loss on iteration 2980 = 0.24202555026859046
Training loss on iteration 3000 = 0.15732089448720216
Training loss on iteration 3020 = 0.2411954218521714
Training loss on iteration 3040 = 0.24013980710878968
Training loss on iteration 3060 = 0.11458157254382968
Training loss on iteration 3080 = 0.18345844520954416
Training loss on iteration 3100 = 0.23108316231518983
Training loss on iteration 3120 = 0.31308225616812707
Training loss on iteration 3140 = 0.31465551871806385
Training loss on iteration 3160 = 0.2704707792028785
Training loss on iteration 3180 = 0.2724316593259573
Training loss on iteration 3200 = 0.2380433149053715
Training loss on iteration 3220 = 0.26195251727476715
Training loss on iteration 3240 = 0.2344513216521591
Training loss on iteration 3260 = 0.23262602919712663
Training loss on iteration 3280 = 0.3021874714177102
Training loss on iteration 3300 = 0.2353446962311864
Training loss on iteration 3320 = 0.3310978563502431
Training loss on iteration 3340 = 0.2580393111333251
Training loss on iteration 3360 = 0.25730555234476926
Training loss on iteration 3380 = 0.21521337274461985
Training loss on iteration 3400 = 0.2108291910495609
Training loss on iteration 3420 = 0.20292495237663388
Training loss on iteration 3440 = 0.18823241190984846
Training loss on iteration 3460 = 0.2348544655367732
Training loss on iteration 3480 = 0.2317527834326029
Training loss on iteration 3500 = 0.29125129897147417
Training loss on iteration 3520 = 0.36159692984074354
Training loss on iteration 3540 = 0.20627028420567511
Training loss on iteration 3560 = 0.27476448263041675
Training loss on iteration 3580 = 0.23873933521099389
Training loss on iteration 3600 = 0.3322106275707483
Training loss on iteration 3620 = 0.329228363186121
Training loss on iteration 3640 = 0.1781582891009748
Training loss on iteration 3660 = 0.3246636961121112
Training loss on iteration 3680 = 0.3012379665626213
Training loss on iteration 3700 = 0.25953100516926497
Training loss on iteration 3720 = 0.3117373143788427
Training loss on iteration 3740 = 0.2700383052229881
Training loss on iteration 3760 = 0.30683087296783923
Training loss on iteration 3780 = 0.25055495351552964
Training loss on iteration 3800 = 0.4529100562445819
Training loss on iteration 3820 = 0.379346540523693
Training loss on iteration 3840 = 0.3108534121885896
Training loss on iteration 3860 = 0.4204210420139134
Training loss on iteration 3880 = 0.3071118362247944
Training loss on iteration 3900 = 0.5418119102716445
Training loss on iteration 3920 = 0.3204173680394888
Training loss on iteration 3940 = 0.20927205653861164
Training loss on iteration 3960 = 0.2698989647440612
Training loss on iteration 3980 = 0.34018208272755146
Training loss on iteration 4000 = 0.24891403857618571
Training loss on iteration 4020 = 0.4138253519311547
Training loss on iteration 4040 = 0.33776440783403816
Training loss on iteration 4060 = 0.2773439339362085
Training loss on iteration 4080 = 0.3317188532149885
Training loss on iteration 4100 = 0.3726248058490455
Training loss on iteration 4120 = 0.21956704184412956
Training loss on iteration 4140 = 0.4124863436445594
Training loss on iteration 4160 = 0.33350224792957306
Training loss on iteration 4180 = 0.3227462824434042
Training loss on iteration 4200 = 0.3705864008516073
Training loss on iteration 4220 = 0.2512813321314752
Training loss on iteration 4240 = 0.24839577567763627
Training loss on iteration 4260 = 2.1746924187988044
Training loss on iteration 4280 = 1.172136639803648
Training loss on iteration 4300 = 0.7186022754758596
Training loss on iteration 4320 = 0.4862986447289586
Training loss on iteration 4340 = 0.5593160953372717
Training loss on iteration 4360 = 0.3342052536085248
Training loss on iteration 4380 = 0.2490207903087139
Training loss on iteration 4400 = 0.24173818523995577
Training loss on iteration 4420 = 0.3268721574917436
Training loss on iteration 4440 = 0.2721036640927196
Training loss on iteration 4460 = 0.24961868077516555
Training loss on iteration 4480 = 0.38345331363379953
Training loss on iteration 4500 = 0.3038530755788088
Training loss on iteration 4520 = 0.2650242619216442
Training loss on iteration 4540 = 0.29476730022579434
Training loss on iteration 4560 = 0.2615308668464422
Training loss on iteration 4580 = 0.24967356938868762
Training loss on iteration 4600 = 0.2784836066886783
Training loss on iteration 4620 = 0.29683181643486023
Training loss on iteration 4640 = 0.2086853314191103
Training loss on iteration 4660 = 0.28500396497547625
Training loss on iteration 4680 = 0.28297858852893115
Training loss on iteration 4700 = 0.15361269060522317
Training loss on iteration 4720 = 0.2610977402888238
Training loss on iteration 4740 = 0.3352094627916813
Training loss on iteration 4760 = 0.277497086673975
Training loss on iteration 4780 = 0.26099682562053206
Training loss on iteration 4800 = 0.19585929904133081
Training loss on iteration 4820 = 0.3800093837082386
Training loss on iteration 4840 = 0.17905865353532135
Training loss on iteration 4860 = 0.33298277147114275
Training loss on iteration 4880 = 0.2971810791641474
Training loss on iteration 4900 = 0.3295485101640224
Training loss on iteration 4920 = 0.2563766636652872
Training loss on iteration 4940 = 0.2591560219414532
Training loss on iteration 4960 = 0.20305182253941895
Training loss on iteration 4980 = 0.2524093215353787
Training loss on iteration 5000 = 0.20192688945680856
Training loss on iteration 5020 = 0.27867528684437276
Training loss on iteration 5040 = 0.2914887025952339
Training loss on iteration 5060 = 0.30684632118791344
Training loss on iteration 5080 = 0.29980425219982865
Training loss on iteration 5100 = 0.2973295858129859
Training loss on iteration 5120 = 0.25420235507190225
Training loss on iteration 5140 = 0.19758896119892597
Training loss on iteration 5160 = 0.23909138571470975
Training loss on iteration 5180 = 0.20314542753621936
Training loss on iteration 5200 = 0.19646172458305955
Training loss on iteration 5220 = 0.36681215818971397
Training loss on iteration 5240 = 0.22534821480512618
Training loss on iteration 5260 = 0.2773165561258793
Training loss on iteration 5280 = 0.28699920866638423
Training loss on iteration 5300 = 0.1986491519957781
Training loss on iteration 5320 = 0.27626891657710073
Training loss on iteration 5340 = 0.289416728913784
Training loss on iteration 5360 = 0.22202655500732363
Training loss on iteration 5380 = 0.2507311476394534
Training loss on iteration 5400 = 0.29307410046458243
Training loss on iteration 5420 = 0.1704951271414757
Training loss on iteration 5440 = 0.36949578374624253
Training loss on iteration 5460 = 0.28712783064693215
Training loss on iteration 5480 = 0.29657757878303526
Training loss on iteration 5500 = 0.22383821997791528
Training loss on iteration 5520 = 0.2914575690403581
Training loss on iteration 5540 = 0.25818539820611475
Training loss on iteration 5560 = 0.2763307087123394
Training loss on iteration 5580 = 0.21947290087118745
Training loss on iteration 5600 = 0.23777322117239236
Training loss on iteration 5620 = 0.23115137964487076
Training loss on iteration 5640 = 0.27943466491997243
Training loss on iteration 5660 = 0.1921431035734713
Training loss on iteration 5680 = 0.20720997666940094
Training loss on iteration 5700 = 0.24831168446689844
Training loss on iteration 5720 = 0.28893257267773154
Training loss on iteration 5740 = 0.2309065217152238
Training loss on iteration 5760 = 0.23066095653921365
Training loss on iteration 5780 = 0.2505669226869941
Training loss on iteration 5800 = 0.27731143408454956
Training loss on iteration 5820 = 0.2595549151301384
Training loss on iteration 5840 = 0.28153599984943867
Training loss on iteration 5860 = 0.26642534220591185
Training loss on iteration 5880 = 0.2044972782023251
Training loss on iteration 5900 = 0.2717056544497609
Training loss on iteration 5920 = 0.19847710579633712
Training loss on iteration 5940 = 0.22650219299830496
Training loss on iteration 5960 = 0.23700413051992655
Training loss on iteration 5980 = 0.30911124441772697
Training loss on iteration 6000 = 0.3328404027968645
Training loss on iteration 6020 = 0.2024746246635914
Training loss on iteration 6040 = 0.3070642206817865
Training loss on iteration 6060 = 0.28537006191909314
Training loss on iteration 6080 = 0.23829087931662798
Training loss on iteration 6100 = 0.18559907311573626
Training loss on iteration 6120 = 0.22390884943306447
Training loss on iteration 6140 = 0.235002145729959
Training loss on iteration 6160 = 0.23971867449581624
Training loss on iteration 6180 = 0.31060263607650995
Training loss on iteration 6200 = 0.2790411964058876
Training loss on iteration 6220 = 0.2374199502170086
Training loss on iteration 6240 = 0.2082940401043743
Training loss on iteration 6260 = 0.25940694492310284
Training loss on iteration 6280 = 0.25432362472638487
Training loss on iteration 6300 = 0.20169566478580236
Training loss on iteration 6320 = 0.26413041218183936
Training loss on iteration 6340 = 0.3019604021217674
Training loss on iteration 6360 = 0.3546808885410428
Training loss on iteration 6380 = 0.29771225354634223
Training loss on iteration 6400 = 0.2980105445720255
Training loss on iteration 6420 = 0.3144528308883309
Training loss on iteration 6440 = 0.29660672675818206
Training loss on iteration 6460 = 0.344962144177407
Training loss on iteration 6480 = 0.2608835003338754
Training loss on iteration 6500 = 0.2334121646359563
Training loss on iteration 6520 = 0.259630255587399
Training loss on iteration 6540 = 0.235760281002149
Training loss on iteration 6560 = 0.27868519611656667
Training loss on iteration 6580 = 0.2094936900306493
Training loss on iteration 6600 = 0.20041292123496532
Training loss on iteration 6620 = 0.21128050275146962
Training loss on iteration 6640 = 0.2560938488226384
Training loss on iteration 6660 = 0.21527263447642325
Training loss on iteration 6680 = 0.14754959386773409
Training loss on iteration 6700 = 0.20357634043321013
Training loss on iteration 6720 = 0.18973642085329628
Training loss on iteration 6740 = 0.39072758676484226
Training loss on iteration 6760 = 0.4457793886307627
Training loss on iteration 6780 = 0.3925521656870842
Training loss on iteration 6800 = 0.2712487384676933
Training loss on iteration 6820 = 0.3135809477418661
Training loss on iteration 6840 = 0.3598092161118984
Training loss on iteration 6860 = 0.30148689188063144
Training loss on iteration 6880 = 0.3073285249993205
Training loss on iteration 6900 = 0.21420008912682534
Training loss on iteration 6920 = 0.20783538767136633
Training loss on iteration 6940 = 0.31936277709901334
Training loss on iteration 6960 = 0.4236239831894636
Training loss on iteration 6980 = 0.4191434241831303
Training loss on iteration 7000 = 0.5567831825464964
Training loss on iteration 7020 = 0.5281227860599756
Training loss on iteration 7040 = 0.23847254700958728
Training loss on iteration 7060 = 0.28659358066506685
Training loss on iteration 7080 = 0.33193842936307194
Training loss on iteration 7100 = 0.29509380720555783
Training loss on iteration 7120 = 0.2296344897709787
Training loss on iteration 7140 = 0.27896032398566606
Training loss on iteration 7160 = 0.2833778575528413
Training loss on iteration 7180 = 0.2268787994980812
Training loss on iteration 7200 = 0.25072017083875836
Training loss on iteration 7220 = 0.24402266163378955
Training loss on iteration 7240 = 0.2131169717758894
Training loss on iteration 7260 = 0.32013995926827193
Training loss on iteration 7280 = 0.29302091132849456
Training loss on iteration 7300 = 0.22387275947257876
Training loss on iteration 7320 = 0.2717524931300431
Training loss on iteration 7340 = 0.2242330776527524
Training loss on iteration 7360 = 0.32957768701016904
Training loss on iteration 7380 = 0.2871015818789601
Training loss on iteration 7400 = 0.28909855540841817
Training loss on iteration 7420 = 0.4242625627666712
Training loss on iteration 7440 = 0.3897396552376449
Training loss on iteration 7460 = 0.4537354969244916
Training loss on iteration 7480 = 0.5541569571942091
### EVAL:: Epoch 12:: Loss = 0.4405497932530482 :: ACC = 0.8471546237364284, AUC = 0.8724104112827139, EER = 0.22107824784724822
Training on epoch 13
Training loss on iteration 0 = 0.02215266227722168
Training loss on iteration 20 = 0.8480717561673373
Training loss on iteration 40 = 0.43940809164196254
Training loss on iteration 60 = 0.4252579071093351
Training loss on iteration 80 = 0.20302113206125796
Training loss on iteration 100 = 0.23447364950552582
Training loss on iteration 120 = 0.3147313925437629
Training loss on iteration 140 = 0.2344067230820656
Training loss on iteration 160 = 0.26582886213436724
Training loss on iteration 180 = 0.22707425518892704
Training loss on iteration 200 = 0.16472690836526455
Training loss on iteration 220 = 0.23335907395230607
Training loss on iteration 240 = 0.2095308414893225
Training loss on iteration 260 = 0.223143561813049
Training loss on iteration 280 = 0.16719973802100868
Training loss on iteration 300 = 0.177680031536147
Training loss on iteration 320 = 0.29244114048779013
Training loss on iteration 340 = 0.19721306972205638
Training loss on iteration 360 = 0.25519803455099466
Training loss on iteration 380 = 0.24983403012156485
Training loss on iteration 400 = 0.18243841785006226
Training loss on iteration 420 = 0.2896063093096018
Training loss on iteration 440 = 0.326163920853287
Training loss on iteration 460 = 0.3310336608439684
Training loss on iteration 480 = 0.2784708945080638
Training loss on iteration 500 = 0.20705638639628887
Training loss on iteration 520 = 0.229062502970919
Training loss on iteration 540 = 0.2909525972791016
Training loss on iteration 560 = 0.23986855559051037
Training loss on iteration 580 = 0.22507935650646688
Training loss on iteration 600 = 0.18141626354772597
Training loss on iteration 620 = 0.1790020937798545
Training loss on iteration 640 = 0.2326417331583798
Training loss on iteration 660 = 0.26107342801988126
Training loss on iteration 680 = 0.24281399468891324
Training loss on iteration 700 = 0.2455677032470703
Training loss on iteration 720 = 0.35251832138746975
Training loss on iteration 740 = 0.3049402268603444
Training loss on iteration 760 = 0.23533081505447626
Training loss on iteration 780 = 0.31278133783489465
Training loss on iteration 800 = 0.49478626996278763
Training loss on iteration 820 = 0.41768245249986646
Training loss on iteration 840 = 0.4896659364923835
Training loss on iteration 860 = 0.3423990126699209
Training loss on iteration 880 = 0.46689965706318615
Training loss on iteration 900 = 0.35167541541159153
Training loss on iteration 920 = 0.27019862160086633
Training loss on iteration 940 = 0.26943300482816995
Training loss on iteration 960 = 0.2595678921788931
Training loss on iteration 980 = 0.23544635605067016
Training loss on iteration 1000 = 0.18823335878551006
Training loss on iteration 1020 = 0.21612001387402416
Training loss on iteration 1040 = 0.22371269003488123
Training loss on iteration 1060 = 0.2443146750330925
Training loss on iteration 1080 = 0.3415494829416275
Training loss on iteration 1100 = 0.2237202852964401
Training loss on iteration 1120 = 0.22353895977139474
Training loss on iteration 1140 = 0.23051224667578935
Training loss on iteration 1160 = 0.2108807091601193
Training loss on iteration 1180 = 0.25764812191482633
Training loss on iteration 1200 = 0.2927074059844017
Training loss on iteration 1220 = 0.22592152412980795
Training loss on iteration 1240 = 0.24313215645961464
Training loss on iteration 1260 = 0.345181464497
Training loss on iteration 1280 = 0.23790571242570877
Training loss on iteration 1300 = 0.2651638124138117
Training loss on iteration 1320 = 0.31558570759370924
Training loss on iteration 1340 = 0.28886082149110737
Training loss on iteration 1360 = 0.35656198486685753
Training loss on iteration 1380 = 0.3446935166604817
Training loss on iteration 1400 = 0.347544832713902
Training loss on iteration 1420 = 0.25288017382845285
Training loss on iteration 1440 = 0.37135587008669974
Training loss on iteration 1460 = 0.3233831699937582
Training loss on iteration 1480 = 0.2072580259293318
Training loss on iteration 1500 = 0.23901683129370213
Training loss on iteration 1520 = 0.2972735956311226
Training loss on iteration 1540 = 0.3420419440604746
Training loss on iteration 1560 = 0.33429207038134334
Training loss on iteration 1580 = 0.27794775143265726
Training loss on iteration 1600 = 0.22233840078115463
Training loss on iteration 1620 = 0.23843470392748714
Training loss on iteration 1640 = 0.1872603941708803
Training loss on iteration 1660 = 0.17283153031021356
Training loss on iteration 1680 = 0.35940986331552266
Training loss on iteration 1700 = 0.3365158783271909
Training loss on iteration 1720 = 0.3728196922689676
Training loss on iteration 1740 = 0.24362841844558716
Training loss on iteration 1760 = 0.22954359608702363
Training loss on iteration 1780 = 0.15339944544248282
Training loss on iteration 1800 = 0.30639119585976005
Training loss on iteration 1820 = 0.29350044801831243
Training loss on iteration 1840 = 0.2583001906052232
Training loss on iteration 1860 = 0.23799230344593525
Training loss on iteration 1880 = 0.2909568172879517
Training loss on iteration 1900 = 0.17519245790317656
Training loss on iteration 1920 = 0.34293893463909625
Training loss on iteration 1940 = 0.25580246732570233
Training loss on iteration 1960 = 0.2455946304835379
Training loss on iteration 1980 = 0.29937547650188207
Training loss on iteration 2000 = 0.49386946484446526
Training loss on iteration 2020 = 0.60804274789989
Training loss on iteration 2040 = 0.6641764799132943
Training loss on iteration 2060 = 0.4436953840777278
Training loss on iteration 2080 = 0.3635129100759514
Training loss on iteration 2100 = 0.24641563314944506
Training loss on iteration 2120 = 0.38738413583487274
Training loss on iteration 2140 = 0.2668436478823423
Training loss on iteration 2160 = 0.26343584831338374
Training loss on iteration 2180 = 0.41931928154081105
Training loss on iteration 2200 = 0.4636617127805948
Training loss on iteration 2220 = 0.4323835732648149
Training loss on iteration 2240 = 0.35970762902870773
Training loss on iteration 2260 = 0.24601847790181636
Training loss on iteration 2280 = 0.30247600888833404
Training loss on iteration 2300 = 0.30026830453425646
Training loss on iteration 2320 = 0.2874120224267244
Training loss on iteration 2340 = 0.36448355196043847
Training loss on iteration 2360 = 0.21692603463307022
Training loss on iteration 2380 = 0.257648454234004
Training loss on iteration 2400 = 0.22094916915521026
Training loss on iteration 2420 = 0.3976675894111395
Training loss on iteration 2440 = 0.3151580024510622
Training loss on iteration 2460 = 0.2796172650530934
Training loss on iteration 2480 = 0.27555050402879716
Training loss on iteration 2500 = 0.1793138414155692
Training loss on iteration 2520 = 0.19614879649598152
Training loss on iteration 2540 = 0.29214976173825563
Training loss on iteration 2560 = 0.2551353182643652
Training loss on iteration 2580 = 0.27261573933064936
Training loss on iteration 2600 = 0.22751458901911975
Training loss on iteration 2620 = 0.21605488688219338
Training loss on iteration 2640 = 0.2530649340711534
Training loss on iteration 2660 = 0.2692323725670576
Training loss on iteration 2680 = 0.26560378856956957
Training loss on iteration 2700 = 0.21929098293185234
Training loss on iteration 2720 = 0.169736117310822
Training loss on iteration 2740 = 0.24283288307487966
Training loss on iteration 2760 = 0.26881804873701187
Training loss on iteration 2780 = 0.20741853564977647
Training loss on iteration 2800 = 0.26730339992791413
Training loss on iteration 2820 = 0.2949851032346487
Training loss on iteration 2840 = 0.2544979315251112
Training loss on iteration 2860 = 0.29643196882680056
Training loss on iteration 2880 = 0.22430783286690711
Training loss on iteration 2900 = 0.22222462617792188
Training loss on iteration 2920 = 0.33251977190375326
Training loss on iteration 2940 = 0.25268597472459076
Training loss on iteration 2960 = 0.32008864495437594
Training loss on iteration 2980 = 0.2221874725073576
Training loss on iteration 3000 = 0.29267691224813464
Training loss on iteration 3020 = 0.25555275697261093
Training loss on iteration 3040 = 0.20847218544222415
Training loss on iteration 3060 = 0.3702982597053051
Training loss on iteration 3080 = 0.3655898289754987
Training loss on iteration 3100 = 0.3682590606622398
Training loss on iteration 3120 = 0.26267958544194697
Training loss on iteration 3140 = 0.3434593277517706
Training loss on iteration 3160 = 0.29618642837740483
Training loss on iteration 3180 = 0.28307335656136273
Training loss on iteration 3200 = 0.19559946642257273
Training loss on iteration 3220 = 0.31427911249920726
Training loss on iteration 3240 = 0.3243450748734176
Training loss on iteration 3260 = 0.7360623121261597
Training loss on iteration 3280 = 0.4731007494032383
Training loss on iteration 3300 = 0.4109114534687251
Training loss on iteration 3320 = 0.3305807783734053
Training loss on iteration 3340 = 0.29949380494654176
Training loss on iteration 3360 = 0.32621408216655257
Training loss on iteration 3380 = 0.323468966782093
Training loss on iteration 3400 = 0.22496900595724584
Training loss on iteration 3420 = 0.3340834713540971
Training loss on iteration 3440 = 0.32755815288983287
Training loss on iteration 3460 = 0.23009074218571185
Training loss on iteration 3480 = 0.29810499066952617
Training loss on iteration 3500 = 0.23464806247502565
Training loss on iteration 3520 = 0.19266693107783794
Training loss on iteration 3540 = 0.23690857118926942
Training loss on iteration 3560 = 0.21202223412692547
Training loss on iteration 3580 = 0.28311693873256444
Training loss on iteration 3600 = 0.302153414580971
Training loss on iteration 3620 = 0.3586501840502024
Training loss on iteration 3640 = 0.2174749666824937
Training loss on iteration 3660 = 0.2492766954936087
Training loss on iteration 3680 = 0.28155714031308887
Training loss on iteration 3700 = 0.26198210318107157
Training loss on iteration 3720 = 0.18775580488145352
Training loss on iteration 3740 = 0.13906528130173684
Training loss on iteration 3760 = 0.15899284882470965
Training loss on iteration 3780 = 0.2671112014912069
Training loss on iteration 3800 = 0.1946110161021352
Training loss on iteration 3820 = 0.4713413955643773
Training loss on iteration 3840 = 0.2549400622025132
Training loss on iteration 3860 = 0.2916599493473768
Training loss on iteration 3880 = 0.223310137540102
Training loss on iteration 3900 = 0.2521957925753668
Training loss on iteration 3920 = 0.24553441281896085
Training loss on iteration 3940 = 0.25566255329176785
Training loss on iteration 3960 = 0.32970733046531675
Training loss on iteration 3980 = 0.2301882159896195
Training loss on iteration 4000 = 0.19978403393179178
Training loss on iteration 4020 = 0.357778837159276
Training loss on iteration 4040 = 0.18087875274941326
Training loss on iteration 4060 = 0.17879177825525402
Training loss on iteration 4080 = 0.26778333936817944
Training loss on iteration 4100 = 0.3192639223765582
Training loss on iteration 4120 = 0.394709138572216
Training loss on iteration 4140 = 0.33971386053599417
Training loss on iteration 4160 = 0.3408175659831613
Training loss on iteration 4180 = 0.27621408184058965
Training loss on iteration 4200 = 0.29309581853449346
Training loss on iteration 4220 = 0.29648386798799037
Training loss on iteration 4240 = 0.31287642251700165
Training loss on iteration 4260 = 0.25045791957527397
Training loss on iteration 4280 = 0.14183264821767808
Training loss on iteration 4300 = 0.26172828748822213
Training loss on iteration 4320 = 0.2543854035437107
Training loss on iteration 4340 = 0.2323057473404333
Training loss on iteration 4360 = 0.28394152168184517
Training loss on iteration 4380 = 0.16401508506387472
Training loss on iteration 4400 = 0.20411606524139642
Training loss on iteration 4420 = 0.28513764063827696
Training loss on iteration 4440 = 0.20535579351708294
Training loss on iteration 4460 = 0.25266575971618294
Training loss on iteration 4480 = 0.19874352253973485
Training loss on iteration 4500 = 0.28366075637750326
Training loss on iteration 4520 = 0.2678229073062539
Training loss on iteration 4540 = 0.33113275207579135
Training loss on iteration 4560 = 0.3223708603763953
Training loss on iteration 4580 = 0.39250426962971685
Training loss on iteration 4600 = 0.30507422126829625
Training loss on iteration 4620 = 0.20367912882938982
Training loss on iteration 4640 = 0.3340833613649011
Training loss on iteration 4660 = 0.24416288514621556
Training loss on iteration 4680 = 0.23688701828941702
Training loss on iteration 4700 = 0.1662153675686568
Training loss on iteration 4720 = 0.25535829151049255
Training loss on iteration 4740 = 0.34466212764382365
Training loss on iteration 4760 = 0.17490365719422699
Training loss on iteration 4780 = 0.39763974947854874
Training loss on iteration 4800 = 0.39407268550712615
Training loss on iteration 4820 = 0.2510482747107744
Training loss on iteration 4840 = 0.337482170201838
Training loss on iteration 4860 = 0.2717170562595129
Training loss on iteration 4880 = 0.3405487356707454
Training loss on iteration 4900 = 0.2790582923218608
Training loss on iteration 4920 = 0.30172989163547753
Training loss on iteration 4940 = 0.25683875326067207
Training loss on iteration 4960 = 0.32279462749138477
Training loss on iteration 4980 = 0.1795485467184335
Training loss on iteration 5000 = 0.347195911523886
Training loss on iteration 5020 = 0.24793172255158424
Training loss on iteration 5040 = 0.17607147155795247
Training loss on iteration 5060 = 0.24918011352419853
Training loss on iteration 5080 = 0.231589799746871
Training loss on iteration 5100 = 0.31025238139554856
Training loss on iteration 5120 = 0.264528077095747
Training loss on iteration 5140 = 0.3605142021551728
Training loss on iteration 5160 = 0.23388516949489713
Training loss on iteration 5180 = 0.28378602471202613
Training loss on iteration 5200 = 0.20161897588986905
Training loss on iteration 5220 = 0.19464670922607183
Training loss on iteration 5240 = 0.2712587522342801
Training loss on iteration 5260 = 0.23862663209438323
Training loss on iteration 5280 = 0.22107650991529226
Training loss on iteration 5300 = 0.270954766869545
Training loss on iteration 5320 = 0.19439199233893306
Training loss on iteration 5340 = 0.2923444157466292
Training loss on iteration 5360 = 0.2842259254306555
Training loss on iteration 5380 = 0.19457386715803296
Training loss on iteration 5400 = 0.2728579436894506
Training loss on iteration 5420 = 0.2567453980445862
Training loss on iteration 5440 = 0.2859681929461658
Training loss on iteration 5460 = 0.25110469069331887
Training loss on iteration 5480 = 0.36476696147583426
Training loss on iteration 5500 = 0.17376753836870193
Training loss on iteration 5520 = 0.3498452719300985
Training loss on iteration 5540 = 0.21047182027250527
Training loss on iteration 5560 = 0.2132036430761218
Training loss on iteration 5580 = 0.2255803051753901
Training loss on iteration 5600 = 0.21546558886766434
Training loss on iteration 5620 = 0.2028166291769594
Training loss on iteration 5640 = 0.2767205895856023
Training loss on iteration 5660 = 0.21055058799684048
Training loss on iteration 5680 = 0.22091627735644578
Training loss on iteration 5700 = 0.24586769454181195
Training loss on iteration 5720 = 0.2714668340049684
Training loss on iteration 5740 = 0.2905144517309964
Training loss on iteration 5760 = 0.23831170108169317
Training loss on iteration 5780 = 0.23618070996599272
Training loss on iteration 5800 = 0.2811225734651089
Training loss on iteration 5820 = 0.24163654898293316
Training loss on iteration 5840 = 0.18117408072575927
Training loss on iteration 5860 = 0.19970856988802552
Training loss on iteration 5880 = 0.21594238663092255
Training loss on iteration 5900 = 0.2577496452257037
Training loss on iteration 5920 = 0.2400767406448722
Training loss on iteration 5940 = 0.2604371961206198
Training loss on iteration 5960 = 0.20628452994860708
Training loss on iteration 5980 = 0.27122664619237186
Training loss on iteration 6000 = 0.45071103228256104
Training loss on iteration 6020 = 0.40114907417446377
Training loss on iteration 6040 = 0.31359651680104433
Training loss on iteration 6060 = 0.4619037502910942
Training loss on iteration 6080 = 0.20100788581185042
Training loss on iteration 6100 = 0.2857279786840081
Training loss on iteration 6120 = 0.26499623954296114
Training loss on iteration 6140 = 0.2842619469389319
Training loss on iteration 6160 = 0.21543546514585615
Training loss on iteration 6180 = 0.25823835134506223
Training loss on iteration 6200 = 0.17782248174771667
Training loss on iteration 6220 = 0.18979633275885135
Training loss on iteration 6240 = 0.25092702601104977
Training loss on iteration 6260 = 0.19100971650332213
Training loss on iteration 6280 = 0.2496570254676044
Training loss on iteration 6300 = 0.23750052265822888
Training loss on iteration 6320 = 0.18866223013028502
Training loss on iteration 6340 = 0.3025148192420602
Training loss on iteration 6360 = 0.24811408584937453
Training loss on iteration 6380 = 0.3084615861997008
Training loss on iteration 6400 = 0.20582536356523634
Training loss on iteration 6420 = 0.2053801287896931
Training loss on iteration 6440 = 0.242482294421643
Training loss on iteration 6460 = 0.29056430063210426
Training loss on iteration 6480 = 0.3128614204004407
Training loss on iteration 6500 = 0.349193481169641
Training loss on iteration 6520 = 0.26263529374264183
Training loss on iteration 6540 = 0.29091701274737714
Training loss on iteration 6560 = 0.2673979902639985
Training loss on iteration 6580 = 0.13236511417198926
Training loss on iteration 6600 = 0.15160080541390925
Training loss on iteration 6620 = 0.17868611484300345
Training loss on iteration 6640 = 0.25392732871696355
Training loss on iteration 6660 = 0.4189660003874451
Training loss on iteration 6680 = 0.22280294641386716
Training loss on iteration 6700 = 0.2795418250374496
Training loss on iteration 6720 = 0.23776637692935765
Training loss on iteration 6740 = 0.19865328446030617
Training loss on iteration 6760 = 0.14798063423950225
Training loss on iteration 6780 = 0.26948084379546344
Training loss on iteration 6800 = 0.29685744049493223
Training loss on iteration 6820 = 0.2188626889139414
Training loss on iteration 6840 = 0.27710295245051386
Training loss on iteration 6860 = 0.27900347849354146
Training loss on iteration 6880 = 0.2873200734145939
Training loss on iteration 6900 = 0.2310407224111259
Training loss on iteration 6920 = 0.19310793655458838
Training loss on iteration 6940 = 0.3416040336014703
Training loss on iteration 6960 = 0.2864173020236194
Training loss on iteration 6980 = 0.2643840344622731
Training loss on iteration 7000 = 0.1642059230711311
Training loss on iteration 7020 = 0.23872325140982867
Training loss on iteration 7040 = 0.24455027002841234
Training loss on iteration 7060 = 0.19519269410520793
Training loss on iteration 7080 = 0.12196298972703516
Training loss on iteration 7100 = 0.36926635093986987
Training loss on iteration 7120 = 0.361078636161983
Training loss on iteration 7140 = 0.3431628360413015
Training loss on iteration 7160 = 0.24594826893880964
Training loss on iteration 7180 = 0.18090826654806733
Training loss on iteration 7200 = 0.26630345564335584
Training loss on iteration 7220 = 0.34417203185148537
Training loss on iteration 7240 = 0.17729525244794786
Training loss on iteration 7260 = 0.24985902826301754
Training loss on iteration 7280 = 0.2932239470537752
Training loss on iteration 7300 = 0.1659717358648777
Training loss on iteration 7320 = 0.29525288711301984
Training loss on iteration 7340 = 0.2517179291695356
Training loss on iteration 7360 = 0.1548806349746883
Training loss on iteration 7380 = 0.20835531363263726
Training loss on iteration 7400 = 0.20321562251774594
Training loss on iteration 7420 = 0.2003476895391941
Training loss on iteration 7440 = 0.30031812232919036
Training loss on iteration 7460 = 0.23195217754691838
Training loss on iteration 7480 = 0.27365093510597943
### EVAL:: Epoch 13:: Loss = 0.17827246275381595 :: ACC = 0.9308779483339573, AUC = 0.9378309391987177, EER = 0.1399288655934107
Training on epoch 14
Training loss on iteration 0 = 0.004546815529465675
Training loss on iteration 20 = 0.3257190507138148
Training loss on iteration 40 = 0.19866978507488967
Training loss on iteration 60 = 0.15327036614180542
Training loss on iteration 80 = 0.3078529104590416
Training loss on iteration 100 = 0.3113805265631527
Training loss on iteration 120 = 0.23460752093233167
Training loss on iteration 140 = 0.296867004269734
Training loss on iteration 160 = 0.1882557355798781
Training loss on iteration 180 = 0.2226285909768194
Training loss on iteration 200 = 0.2452675267122686
Training loss on iteration 220 = 0.37631337554194033
Training loss on iteration 240 = 0.26271431129425765
Training loss on iteration 260 = 0.19966150280088185
Training loss on iteration 280 = 0.2205558553338051
Training loss on iteration 300 = 0.1888047735206783
Training loss on iteration 320 = 0.36562941325828435
Training loss on iteration 340 = 0.30217836376978086
Training loss on iteration 360 = 0.2659229947952554
Training loss on iteration 380 = 0.2321007897844538
Training loss on iteration 400 = 0.3000503065995872
Training loss on iteration 420 = 0.14449092182330786
Training loss on iteration 440 = 0.20599320377223193
Training loss on iteration 460 = 0.27174103297293184
Training loss on iteration 480 = 0.33991446055006236
Training loss on iteration 500 = 0.1545227069640532
Training loss on iteration 520 = 0.22713860081566964
Training loss on iteration 540 = 0.22456668112426997
Training loss on iteration 560 = 0.2853659552522004
Training loss on iteration 580 = 0.18479688949882983
Training loss on iteration 600 = 0.16144843315705656
Training loss on iteration 620 = 0.27198561306577174
Training loss on iteration 640 = 0.3014316450338811
Training loss on iteration 660 = 0.284820509608835
Training loss on iteration 680 = 0.19138370188884438
Training loss on iteration 700 = 0.29091685282764956
Training loss on iteration 720 = 0.21889354260638355
Training loss on iteration 740 = 0.29049282600171866
Training loss on iteration 760 = 0.24347185967490076
Training loss on iteration 780 = 0.26441445369273425
Training loss on iteration 800 = 0.17423490409273654
Training loss on iteration 820 = 0.2702515169978142
Training loss on iteration 840 = 0.1848845629952848
Training loss on iteration 860 = 0.15576221919618546
Training loss on iteration 880 = 0.3894708356820047
Training loss on iteration 900 = 0.20255745900794864
Training loss on iteration 920 = 0.20531600122340024
Training loss on iteration 940 = 0.25568870455026627
Training loss on iteration 960 = 0.268126957770437
Training loss on iteration 980 = 0.23945459090173243
Training loss on iteration 1000 = 0.2904685501940548
Training loss on iteration 1020 = 0.3825577379204333
Training loss on iteration 1040 = 0.2753477985970676
Training loss on iteration 1060 = 0.285363226570189
Training loss on iteration 1080 = 0.18184411376714707
Training loss on iteration 1100 = 0.2758718557539396
Training loss on iteration 1120 = 0.19960618847981096
Training loss on iteration 1140 = 0.16478965831920506
Training loss on iteration 1160 = 0.3057072228752077
Training loss on iteration 1180 = 0.20991710433736444
Training loss on iteration 1200 = 0.2780776048079133
Training loss on iteration 1220 = 0.28863557022996245
Training loss on iteration 1240 = 0.25594431450590494
Training loss on iteration 1260 = 0.24850809779018163
Training loss on iteration 1280 = 0.2524806113913655
Training loss on iteration 1300 = 0.29835056317970154
Training loss on iteration 1320 = 0.23822604948654771
Training loss on iteration 1340 = 0.3356890336610377
Training loss on iteration 1360 = 0.28272656004410235
Training loss on iteration 1380 = 0.19359953012317418
Training loss on iteration 1400 = 0.24033955723280087
Training loss on iteration 1420 = 0.30255714589729904
Training loss on iteration 1440 = 0.42389647886157034
Training loss on iteration 1460 = 0.34252577293664216
Training loss on iteration 1480 = 0.34562476789578794
Training loss on iteration 1500 = 0.24387146839872004
Training loss on iteration 1520 = 0.19700124859809875
Training loss on iteration 1540 = 0.27014265637844803
Training loss on iteration 1560 = 0.22918995372019707
Training loss on iteration 1580 = 0.15503111551515758
Training loss on iteration 1600 = 0.3949903548695147
Training loss on iteration 1620 = 0.3136947361170314
Training loss on iteration 1640 = 0.22411906870547682
Training loss on iteration 1660 = 0.2770956315100193
Training loss on iteration 1680 = 0.2288039207458496
Training loss on iteration 1700 = 0.2253318435512483
Training loss on iteration 1720 = 0.2123836441198364
Training loss on iteration 1740 = 0.29395946050062777
Training loss on iteration 1760 = 0.20507251364178955
Training loss on iteration 1780 = 0.3166121395304799
Training loss on iteration 1800 = 0.21172968987375498
Training loss on iteration 1820 = 0.28267453908920287
Training loss on iteration 1840 = 0.646375747770071
Training loss on iteration 1860 = 0.4872099343730952
Training loss on iteration 1880 = 0.5010534189641476
Training loss on iteration 1900 = 0.5157379101961851
Training loss on iteration 1920 = 0.20753614255227149
Training loss on iteration 1940 = 0.2779171428177506
Training loss on iteration 1960 = 0.2500043384265155
Training loss on iteration 1980 = 0.19957652958109975
Training loss on iteration 2000 = 0.2851241220720112
Training loss on iteration 2020 = 0.34077706867828966
Training loss on iteration 2040 = 0.2694750869646668
Training loss on iteration 2060 = 0.25750795849598945
Training loss on iteration 2080 = 0.22467795256525278
Training loss on iteration 2100 = 0.2467199895530939
Training loss on iteration 2120 = 0.310456737363711
Training loss on iteration 2140 = 0.19415510958060622
Training loss on iteration 2160 = 0.332577084552031
Training loss on iteration 2180 = 0.3483242552727461
Training loss on iteration 2200 = 0.2538136474788189
Training loss on iteration 2220 = 0.2470776901114732
Training loss on iteration 2240 = 0.34871599087491634
Training loss on iteration 2260 = 0.25740629713982344
Training loss on iteration 2280 = 0.2094857171177864
Training loss on iteration 2300 = 0.1927528090076521
Training loss on iteration 2320 = 0.2747987903654575
Training loss on iteration 2340 = 0.3055279481224716
Training loss on iteration 2360 = 0.2604955114424229
Training loss on iteration 2380 = 0.18862095940858126
Training loss on iteration 2400 = 0.1700437802821398
Training loss on iteration 2420 = 0.17982403996866198
Training loss on iteration 2440 = 0.2929074747953564
Training loss on iteration 2460 = 0.2081753217615187
Training loss on iteration 2480 = 0.24876533304341136
Training loss on iteration 2500 = 0.29839061927050353
Training loss on iteration 2520 = 0.2159498820081353
Training loss on iteration 2540 = 0.2238303657621145
Training loss on iteration 2560 = 0.1723367441445589
Training loss on iteration 2580 = 0.3088416488375515
Training loss on iteration 2600 = 0.15091169502120466
Training loss on iteration 2620 = 0.27598889358341694
Training loss on iteration 2640 = 0.17382788329850882
Training loss on iteration 2660 = 0.2062929088715464
Training loss on iteration 2680 = 0.18281306605786085
Training loss on iteration 2700 = 0.2333531491458416
Training loss on iteration 2720 = 0.2258036478422582
Training loss on iteration 2740 = 0.2365673456341028
Training loss on iteration 2760 = 0.1579549959860742
Training loss on iteration 2780 = 0.20923784971237183
Training loss on iteration 2800 = 0.25187430209480227
Training loss on iteration 2820 = 0.23016497138887643
Training loss on iteration 2840 = 0.19921555761247872
Training loss on iteration 2860 = 0.2034115033224225
Training loss on iteration 2880 = 0.21999931745231152
Training loss on iteration 2900 = 0.17116199233569204
Training loss on iteration 2920 = 0.2104036470176652
Training loss on iteration 2940 = 0.1956722226459533
Training loss on iteration 2960 = 0.19052337142638862
Training loss on iteration 2980 = 0.3032379733398557
Training loss on iteration 3000 = 0.2425889240577817
Training loss on iteration 3020 = 0.24409974380396307
Training loss on iteration 3040 = 0.21606710411142557
Training loss on iteration 3060 = 0.1930002507288009
Training loss on iteration 3080 = 0.33960170643404125
Training loss on iteration 3100 = 0.20876287268474697
Training loss on iteration 3120 = 0.08759018161799759
Training loss on iteration 3140 = 0.3587362542748451
Training loss on iteration 3160 = 0.19871734017506243
Training loss on iteration 3180 = 0.17995035406202078
Training loss on iteration 3200 = 0.26892148032784463
Training loss on iteration 3220 = 0.20113917449489235
Training loss on iteration 3240 = 0.20402977876365186
Training loss on iteration 3260 = 0.28719179732725025
Training loss on iteration 3280 = 0.21523604318499565
Training loss on iteration 3300 = 0.12994478149339556
Training loss on iteration 3320 = 0.27031273264437916
Training loss on iteration 3340 = 0.2858805276453495
Training loss on iteration 3360 = 0.17192088280571624
Training loss on iteration 3380 = 0.23046893967548385
Training loss on iteration 3400 = 0.24583212174475194
Training loss on iteration 3420 = 0.2239092230796814
Training loss on iteration 3440 = 0.17475659637711943
Training loss on iteration 3460 = 0.17526423316448927
Training loss on iteration 3480 = 0.1706420427188277
Training loss on iteration 3500 = 0.2617596740834415
Training loss on iteration 3520 = 0.17045801542699338
Training loss on iteration 3540 = 0.2427263755351305
Training loss on iteration 3560 = 0.2033827703911811
Training loss on iteration 3580 = 0.218304021586664
Training loss on iteration 3600 = 0.20553415585309268
Training loss on iteration 3620 = 0.22221170244738458
Training loss on iteration 3640 = 0.2660071149468422
Training loss on iteration 3660 = 0.22637837589718401
Training loss on iteration 3680 = 0.18835881184786557
Training loss on iteration 3700 = 0.1668728871271014
Training loss on iteration 3720 = 0.24847921896725894
Training loss on iteration 3740 = 0.32748754220083354
Training loss on iteration 3760 = 0.5241572672501207
Training loss on iteration 3780 = 0.368405320297461
Training loss on iteration 3800 = 0.3903934479691088
Training loss on iteration 3820 = 0.28565862998366354
Training loss on iteration 3840 = 0.41239616931416095
Training loss on iteration 3860 = 0.3831794459372759
Training loss on iteration 3880 = 0.2590366395190358
Training loss on iteration 3900 = 0.1518207010347396
Training loss on iteration 3920 = 0.22971669899416156
Training loss on iteration 3940 = 0.2005874070338905
Training loss on iteration 3960 = 0.32919041647110137
Training loss on iteration 3980 = 0.30158303752541543
Training loss on iteration 4000 = 0.31741905100643636
Training loss on iteration 4020 = 0.25593071602052075
Training loss on iteration 4040 = 0.276340773049742
Training loss on iteration 4060 = 0.22927355158608406
Training loss on iteration 4080 = 0.2218904667533934
Training loss on iteration 4100 = 0.23259643404744565
Training loss on iteration 4120 = 0.25041796220466495
Training loss on iteration 4140 = 0.2791361382231116
Training loss on iteration 4160 = 0.40102033987641333
Training loss on iteration 4180 = 0.41791907232254744
Training loss on iteration 4200 = 0.5402655957266689
Training loss on iteration 4220 = 0.4683862939476967
Training loss on iteration 4240 = 0.4462357244454324
Training loss on iteration 4260 = 0.5630172342061996
Training loss on iteration 4280 = 0.3060618409421295
Training loss on iteration 4300 = 0.19352967999875545
Training loss on iteration 4320 = 0.35510905738919973
Training loss on iteration 4340 = 0.3017401318065822
Training loss on iteration 4360 = 0.2545835088472813
Training loss on iteration 4380 = 0.20874361149035395
Training loss on iteration 4400 = 0.29860382033511995
Training loss on iteration 4420 = 0.33103182995691893
Training loss on iteration 4440 = 0.24857882196083664
Training loss on iteration 4460 = 0.3110830092802644
Training loss on iteration 4480 = 0.35844826940447094
Training loss on iteration 4500 = 0.2621653139591217
Training loss on iteration 4520 = 0.36120153111405673
Training loss on iteration 4540 = 0.27129594325087963
Training loss on iteration 4560 = 0.22508697547018527
Training loss on iteration 4580 = 0.20196231361478567
Training loss on iteration 4600 = 0.18003111951984466
Training loss on iteration 4620 = 0.19496412274893374
Training loss on iteration 4640 = 0.20243343515321613
Training loss on iteration 4660 = 0.22736679413355887
Training loss on iteration 4680 = 0.2494629112072289
Training loss on iteration 4700 = 0.24223713926039636
Training loss on iteration 4720 = 0.2792181299068034
Training loss on iteration 4740 = 0.2210108118597418
Training loss on iteration 4760 = 0.21585258319973946
Training loss on iteration 4780 = 0.24933526031672953
Training loss on iteration 4800 = 0.2974584594368935
Training loss on iteration 4820 = 0.23889677980914711
Training loss on iteration 4840 = 0.2761615874245763
Training loss on iteration 4860 = 0.22282262397930025
Training loss on iteration 4880 = 0.17785775680094956
Training loss on iteration 4900 = 0.20136733241379262
Training loss on iteration 4920 = 0.2129289112985134
Training loss on iteration 4940 = 0.21381794158369302
Training loss on iteration 4960 = 0.20987631403841078
Training loss on iteration 4980 = 0.1801442800089717
Training loss on iteration 5000 = 0.3071551392786205
Training loss on iteration 5020 = 0.261156832287088
Training loss on iteration 5040 = 0.260083053028211
Training loss on iteration 5060 = 0.27176150437444446
Training loss on iteration 5080 = 0.258650098182261
Training loss on iteration 5100 = 0.22262750356458127
Training loss on iteration 5120 = 0.24447219683788718
Training loss on iteration 5140 = 0.23490515551529825
Training loss on iteration 5160 = 0.27554566506296396
Training loss on iteration 5180 = 0.24121072585694492
Training loss on iteration 5200 = 0.20361174568533896
Training loss on iteration 5220 = 0.19947495860251366
Training loss on iteration 5240 = 0.27838877690956
Training loss on iteration 5260 = 0.2049095686059445
Training loss on iteration 5280 = 0.20814957935363054
Training loss on iteration 5300 = 0.17474608111660928
Training loss on iteration 5320 = 0.26995809604413806
Training loss on iteration 5340 = 0.2396000200882554
Training loss on iteration 5360 = 0.3724801801145077
Training loss on iteration 5380 = 0.14191973295528443
Training loss on iteration 5400 = 0.21427161190658808
Training loss on iteration 5420 = 0.301784271071665
Training loss on iteration 5440 = 0.22162463180720807
Training loss on iteration 5460 = 0.26539049223065375
Training loss on iteration 5480 = 0.3046421858482063
Training loss on iteration 5500 = 0.22220628941431642
Training loss on iteration 5520 = 0.27530414490029215
Training loss on iteration 5540 = 0.27058560037985446
Training loss on iteration 5560 = 0.2613824193365872
Training loss on iteration 5580 = 0.29014383144676686
Training loss on iteration 5600 = 0.19565507872030138
Training loss on iteration 5620 = 0.20294931577518582
Training loss on iteration 5640 = 0.18689427841454745
Training loss on iteration 5660 = 0.21492681899107993
Training loss on iteration 5680 = 0.2273165832273662
Training loss on iteration 5700 = 0.1641936912201345
Training loss on iteration 5720 = 0.2083065478131175
Training loss on iteration 5740 = 0.21543855499476194
Training loss on iteration 5760 = 0.26740209199488163
Training loss on iteration 5780 = 0.20920721227303146
Training loss on iteration 5800 = 0.21011553395073862
Training loss on iteration 5820 = 0.20924288369715213
Training loss on iteration 5840 = 0.3114664013497531
Training loss on iteration 5860 = 0.2527497130911797
Training loss on iteration 5880 = 0.27193942493759093
Training loss on iteration 5900 = 0.3015112612396479
Training loss on iteration 5920 = 0.22567742485553027
Training loss on iteration 5940 = 0.2251101391389966
Training loss on iteration 5960 = 0.247648205794394
Training loss on iteration 5980 = 0.21776843438856303
Training loss on iteration 6000 = 0.3378152365796268
Training loss on iteration 6020 = 0.3387745378538966
Training loss on iteration 6040 = 0.15863851713947952
Training loss on iteration 6060 = 0.18948236694559456
Training loss on iteration 6080 = 0.21177649225573986
Training loss on iteration 6100 = 0.2591453971341252
Training loss on iteration 6120 = 0.1600627741543576
Training loss on iteration 6140 = 0.27552980165928603
Training loss on iteration 6160 = 0.30318218041211364
Training loss on iteration 6180 = 0.1968283007852733
Training loss on iteration 6200 = 0.2486476325429976
Training loss on iteration 6220 = 0.1848489424213767
Training loss on iteration 6240 = 0.1790777610614896
Training loss on iteration 6260 = 0.16402547769248485
Training loss on iteration 6280 = 0.21153519339859486
Training loss on iteration 6300 = 0.23476796719478443
Training loss on iteration 6320 = 0.16384645053185523
Training loss on iteration 6340 = 0.23035136172547938
Training loss on iteration 6360 = 0.28465343713760377
Training loss on iteration 6380 = 0.26702401365619155
Training loss on iteration 6400 = 0.30168891325592995
Training loss on iteration 6420 = 0.1775027396157384
Training loss on iteration 6440 = 0.21595482501434163
Training loss on iteration 6460 = 0.2879651021910831
Training loss on iteration 6480 = 0.2456508172559552
Training loss on iteration 6500 = 0.1940237106755376
Training loss on iteration 6520 = 0.23061190629377962
Training loss on iteration 6540 = 0.3048269388265908
Training loss on iteration 6560 = 0.19516528258100152
Training loss on iteration 6580 = 0.2603324379771948
Training loss on iteration 6600 = 0.2353932550526224
Training loss on iteration 6620 = 0.20012719817459584
Training loss on iteration 6640 = 0.23651569877401926
Training loss on iteration 6660 = 0.19262239709496498
Training loss on iteration 6680 = 0.23989221167284996
Training loss on iteration 6700 = 0.33948916357476266
Training loss on iteration 6720 = 0.2918960928916931
Training loss on iteration 6740 = 0.331504286499694
Training loss on iteration 6760 = 0.26721405364805834
Training loss on iteration 6780 = 0.33625078229233624
Training loss on iteration 6800 = 0.21565038096159697
Training loss on iteration 6820 = 0.23211127100512385
Training loss on iteration 6840 = 0.21009829556569456
Training loss on iteration 6860 = 0.20703675486147405
Training loss on iteration 6880 = 0.2986654186621308
Training loss on iteration 6900 = 0.2128586731851101
Training loss on iteration 6920 = 0.27461059428751466
Training loss on iteration 6940 = 0.20781959537416697
Training loss on iteration 6960 = 0.2077032637782395
Training loss on iteration 6980 = 0.39827536393422636
Training loss on iteration 7000 = 0.37147754626348617
Training loss on iteration 7020 = 0.5338192915311083
Training loss on iteration 7040 = 0.26361730027128943
Training loss on iteration 7060 = 0.2917279308661819
Training loss on iteration 7080 = 0.11864250968210399
Training loss on iteration 7100 = 0.20710482844151556
Training loss on iteration 7120 = 0.18008692101575435
Training loss on iteration 7140 = 0.34574252045713366
Training loss on iteration 7160 = 0.23261324195191263
Training loss on iteration 7180 = 0.2683184622088447
Training loss on iteration 7200 = 0.1845566844101995
Training loss on iteration 7220 = 0.34856308409944176
Training loss on iteration 7240 = 0.2287298903800547
Training loss on iteration 7260 = 0.2291499729733914
Training loss on iteration 7280 = 0.17976212945068254
Training loss on iteration 7300 = 0.34393819640390577
Training loss on iteration 7320 = 0.2912773233372718
Training loss on iteration 7340 = 0.29545414075255394
Training loss on iteration 7360 = 0.2427143672015518
Training loss on iteration 7380 = 0.2627805777825415
Training loss on iteration 7400 = 0.16225630287081003
Training loss on iteration 7420 = 0.23195139430463313
Training loss on iteration 7440 = 0.2310473536606878
Training loss on iteration 7460 = 0.16894177114591002
Training loss on iteration 7480 = 0.20061868336051702
### EVAL:: Epoch 14:: Loss = 0.35909013949774016 :: ACC = 0.8309153874953201, AUC = 0.8693194684269847, EER = 0.21087607637588918
Training on epoch 15
Training loss on iteration 0 = 0.4824269413948059
Training loss on iteration 20 = 0.2977260178886354
Training loss on iteration 40 = 0.24389755483716727
Training loss on iteration 60 = 0.30228493697941305
Training loss on iteration 80 = 0.3270808500237763
Training loss on iteration 100 = 0.30030631348490716
Training loss on iteration 120 = 0.3671485804021358
Training loss on iteration 140 = 0.20421477081254125
Training loss on iteration 160 = 0.25697829723358157
Training loss on iteration 180 = 0.2152176221832633
Training loss on iteration 200 = 0.33881519769784063
Training loss on iteration 220 = 0.24996315501630306
Training loss on iteration 240 = 0.427276484714821
Training loss on iteration 260 = 0.33522801473736763
Training loss on iteration 280 = 0.1893811237998307
Training loss on iteration 300 = 0.32198121417313813
Training loss on iteration 320 = 0.26476958440616727
Training loss on iteration 340 = 0.43786811279132964
Training loss on iteration 360 = 0.3489787481026724
Training loss on iteration 380 = 0.24644972309470176
Training loss on iteration 400 = 0.22621427597478033
Training loss on iteration 420 = 0.20920768715441226
Training loss on iteration 440 = 0.2529067946597934
Training loss on iteration 460 = 0.22125859456136823
Training loss on iteration 480 = 0.2491154103074223
Training loss on iteration 500 = 0.23769483426585794
Training loss on iteration 520 = 0.21089807711541653
Training loss on iteration 540 = 0.24171066540293396
Training loss on iteration 560 = 0.19043094660155474
Training loss on iteration 580 = 0.2132210699375719
Training loss on iteration 600 = 0.20481179137714206
Training loss on iteration 620 = 0.25130275217816234
Training loss on iteration 640 = 0.2462198072578758
Training loss on iteration 660 = 0.2163305589929223
Training loss on iteration 680 = 0.3188316306099296
Training loss on iteration 700 = 0.13925487231463193
Training loss on iteration 720 = 0.26720389127731325
Training loss on iteration 740 = 0.22668609682004898
Training loss on iteration 760 = 0.26074888166040183
Training loss on iteration 780 = 0.2069642953108996
Training loss on iteration 800 = 0.21195223631802945
Training loss on iteration 820 = 0.29878521256614476
Training loss on iteration 840 = 0.2806298893876374
Training loss on iteration 860 = 0.2974470153450966
Training loss on iteration 880 = 0.1868992722593248
Training loss on iteration 900 = 0.1824917019577697
Training loss on iteration 920 = 0.3617084429599345
Training loss on iteration 940 = 0.2966566869523376
Training loss on iteration 960 = 0.2676533360034227
Training loss on iteration 980 = 0.2573974758386612
Training loss on iteration 1000 = 0.27928486075252296
Training loss on iteration 1020 = 0.19389691734686493
Training loss on iteration 1040 = 0.2789851957000792
Training loss on iteration 1060 = 0.3884186202660203
Training loss on iteration 1080 = 0.21334459972567857
Training loss on iteration 1100 = 0.3845954810269177
Training loss on iteration 1120 = 0.26531344950199126
Training loss on iteration 1140 = 0.3767284045461565
Training loss on iteration 1160 = 0.20312199434265493
Training loss on iteration 1180 = 0.3307531793601811
Training loss on iteration 1200 = 0.1837510028388351
Training loss on iteration 1220 = 0.256873594224453
Training loss on iteration 1240 = 0.2874327015131712
Training loss on iteration 1260 = 0.2812017001211643
Training loss on iteration 1280 = 0.3217793986201286
Training loss on iteration 1300 = 0.3373489281628281
Training loss on iteration 1320 = 0.2511585609987378
Training loss on iteration 1340 = 0.2257527562440373
Training loss on iteration 1360 = 0.32224730276502667
Training loss on iteration 1380 = 0.5582054778933525
Training loss on iteration 1400 = 0.6243722033686936
Training loss on iteration 1420 = 0.7415538425033447
Training loss on iteration 1440 = 0.4607562691904604
Training loss on iteration 1460 = 0.4906871641986072
Training loss on iteration 1480 = 5.613219431973993
Training loss on iteration 1500 = 2.423744698613882
Training loss on iteration 1520 = 0.53630212508142
Training loss on iteration 1540 = 0.5172214524820447
Training loss on iteration 1560 = 0.30972187981242316
Training loss on iteration 1580 = 0.2923352773301303
Training loss on iteration 1600 = 0.2273158492986113
Training loss on iteration 1620 = 0.27656725600827486
Training loss on iteration 1640 = 0.2459034726023674
Training loss on iteration 1660 = 0.21256448382046073
Training loss on iteration 1680 = 0.2141431411728263
Training loss on iteration 1700 = 0.22768382951617241
Training loss on iteration 1720 = 0.20445801909081637
Training loss on iteration 1740 = 0.22331391852349042
Training loss on iteration 1760 = 0.205956475622952
Training loss on iteration 1780 = 0.18968487102538348
Training loss on iteration 1800 = 0.1799928738735616
Training loss on iteration 1820 = 0.20315496465191246
Training loss on iteration 1840 = 0.19744182894937695
Training loss on iteration 1860 = 0.21980915050953626
Training loss on iteration 1880 = 0.23826902760192753
Training loss on iteration 1900 = 0.21053549814969302
Training loss on iteration 1920 = 0.1611489183269441
Training loss on iteration 1940 = 0.20193851278163494
Training loss on iteration 1960 = 0.2233173804357648
Training loss on iteration 1980 = 0.15342275900766253
Training loss on iteration 2000 = 0.20428738351911307
Training loss on iteration 2020 = 0.2514420197345316
Training loss on iteration 2040 = 0.2725300695747137
Training loss on iteration 2060 = 0.2593658923171461
Training loss on iteration 2080 = 0.19154508784413338
Training loss on iteration 2100 = 0.21862415559589862
Training loss on iteration 2120 = 0.22994214445352554
Training loss on iteration 2140 = 0.18670996115542948
Training loss on iteration 2160 = 0.3211718251928687
Training loss on iteration 2180 = 0.2634461311623454
Training loss on iteration 2200 = 0.1474918131250888
Training loss on iteration 2220 = 0.22268116581253708
Training loss on iteration 2240 = 0.2897957667708397
Training loss on iteration 2260 = 0.1831890526227653
Training loss on iteration 2280 = 0.18867242615669966
Training loss on iteration 2300 = 0.2722619902342558
Training loss on iteration 2320 = 0.2416122025344521
Training loss on iteration 2340 = 0.25627372283488514
Training loss on iteration 2360 = 0.17876526489853858
Training loss on iteration 2380 = 0.18554838001728058
Training loss on iteration 2400 = 0.19762823046185077
Training loss on iteration 2420 = 0.16154761272482573
Training loss on iteration 2440 = 0.14894967987202107
Training loss on iteration 2460 = 0.277832137607038
Training loss on iteration 2480 = 0.19395466870628297
Training loss on iteration 2500 = 0.2888820273336023
Training loss on iteration 2520 = 0.2522191473748535
Training loss on iteration 2540 = 0.20721546960994602
Training loss on iteration 2560 = 0.23516521411947905
Training loss on iteration 2580 = 0.16065140720456839
Training loss on iteration 2600 = 0.20763356327079235
Training loss on iteration 2620 = 0.1996628638356924
Training loss on iteration 2640 = 0.14916159519925715
Training loss on iteration 2660 = 0.1356429357547313
Training loss on iteration 2680 = 0.21969532305374742
Training loss on iteration 2700 = 0.19057916877791287
Training loss on iteration 2720 = 0.23374605569988488
Training loss on iteration 2740 = 0.17503431495279073
Training loss on iteration 2760 = 0.21808896539732814
Training loss on iteration 2780 = 0.22876716983446385
Training loss on iteration 2800 = 0.19716496667824684
Training loss on iteration 2820 = 0.19808552775066346
Training loss on iteration 2840 = 0.30155545063316824
Training loss on iteration 2860 = 0.21928479317575694
Training loss on iteration 2880 = 0.17293148972094058
Training loss on iteration 2900 = 0.2236283804755658
Training loss on iteration 2920 = 0.17260556239634753
Training loss on iteration 2940 = 0.20183196631260217
Training loss on iteration 2960 = 0.2220572976395488
Training loss on iteration 2980 = 0.29015809260308745
Training loss on iteration 3000 = 0.241598697938025
Training loss on iteration 3020 = 0.2097095544449985
Training loss on iteration 3040 = 0.1570798229891807
Training loss on iteration 3060 = 0.24057088121771814
Training loss on iteration 3080 = 0.2474014462903142
Training loss on iteration 3100 = 0.16767659764736892
Training loss on iteration 3120 = 0.22591169169172645
Training loss on iteration 3140 = 0.21232202511746437
Training loss on iteration 3160 = 0.3675114320591092
Training loss on iteration 3180 = 0.1476593229919672
Training loss on iteration 3200 = 0.2436105351196602
Training loss on iteration 3220 = 0.2163312841206789
Training loss on iteration 3240 = 0.30766839491698195
Training loss on iteration 3260 = 0.22467863478232175
Training loss on iteration 3280 = 0.1324819360859692
Training loss on iteration 3300 = 0.2498944235034287
Training loss on iteration 3320 = 0.26775315375998615
Training loss on iteration 3340 = 0.23432286437600852
Training loss on iteration 3360 = 0.2430477673187852
Training loss on iteration 3380 = 0.20651957471854984
Training loss on iteration 3400 = 0.22635348257608712
Training loss on iteration 3420 = 0.18341044168919324
Training loss on iteration 3440 = 0.18521667388267815
Training loss on iteration 3460 = 0.21613582726567984
Training loss on iteration 3480 = 0.17338878959417342
Training loss on iteration 3500 = 0.2552967825438827
Training loss on iteration 3520 = 0.15460949251428246
Training loss on iteration 3540 = 0.3360503138042986
Training loss on iteration 3560 = 0.28221915364265443
Training loss on iteration 3580 = 0.26106611024588344
Training loss on iteration 3600 = 0.3287746799644083
Training loss on iteration 3620 = 0.2609653085935861
Training loss on iteration 3640 = 0.28406823468394576
Training loss on iteration 3660 = 0.3083905971609056
Training loss on iteration 3680 = 0.2129737887531519
Training loss on iteration 3700 = 0.3414867067709565
Training loss on iteration 3720 = 0.3026050063315779
Training loss on iteration 3740 = 0.22645024992525578
Training loss on iteration 3760 = 0.24481984237208962
Training loss on iteration 3780 = 0.11120182937011122
Training loss on iteration 3800 = 0.3115108729340136
Training loss on iteration 3820 = 0.14718958716839553
Training loss on iteration 3840 = 0.28953130420995876
Training loss on iteration 3860 = 0.43698029071092603
Training loss on iteration 3880 = 0.34325787706766275
Training loss on iteration 3900 = 0.2548629044322297
Training loss on iteration 3920 = 0.3247390869539231
Training loss on iteration 3940 = 0.19036410290282219
Training loss on iteration 3960 = 0.3973871571943164
Training loss on iteration 3980 = 0.24249455258250235
Training loss on iteration 4000 = 0.1844791250769049
Training loss on iteration 4020 = 0.28703121580183505
Training loss on iteration 4040 = 0.21034120670519768
Training loss on iteration 4060 = 0.24336803508922458
Training loss on iteration 4080 = 0.1721562840975821
Training loss on iteration 4100 = 0.1700052097439766
Training loss on iteration 4120 = 0.2604095686227083
Training loss on iteration 4140 = 0.19898445662111044
Training loss on iteration 4160 = 0.21544851567596196
Training loss on iteration 4180 = 0.3221225034445524
Training loss on iteration 4200 = 0.20637418376281857
Training loss on iteration 4220 = 0.22641021348536014
Training loss on iteration 4240 = 0.3119249963900074
Training loss on iteration 4260 = 0.2828375371173024
Training loss on iteration 4280 = 0.30220718840137123
Training loss on iteration 4300 = 0.20832932107150554
Training loss on iteration 4320 = 0.3363408592529595
Training loss on iteration 4340 = 0.3987996601150371
Training loss on iteration 4360 = 0.250677258009091
Training loss on iteration 4380 = 0.18388854251243175
Training loss on iteration 4400 = 0.1863324225647375
Training loss on iteration 4420 = 0.14322378286160528
Training loss on iteration 4440 = 0.19261991837993264
Training loss on iteration 4460 = 0.26080495011992755
Training loss on iteration 4480 = 0.22955212881788611
Training loss on iteration 4500 = 0.21511347030755132
Training loss on iteration 4520 = 0.2792005569674075
Training loss on iteration 4540 = 0.25768864452838897
Training loss on iteration 4560 = 0.21106311483308673
Training loss on iteration 4580 = 0.21378498133271934
Training loss on iteration 4600 = 0.24028700375929474
Training loss on iteration 4620 = 0.27573924264870586
Training loss on iteration 4640 = 0.21082105641253293
Training loss on iteration 4660 = 0.19266784666106104
Training loss on iteration 4680 = 0.25118499249219894
Training loss on iteration 4700 = 0.17822747281752527
Training loss on iteration 4720 = 0.2465963418595493
Training loss on iteration 4740 = 0.3485288355499506
Training loss on iteration 4760 = 0.14452216271311044
Training loss on iteration 4780 = 0.29409906271612274
Training loss on iteration 4800 = 0.2264863545075059
Training loss on iteration 4820 = 0.21828217627480626
Training loss on iteration 4840 = 0.23059406741522254
Training loss on iteration 4860 = 0.22709727929905058
Training loss on iteration 4880 = 0.20457489136606455
Training loss on iteration 4900 = 0.23538461616262793
Training loss on iteration 4920 = 0.231579561624676
Training loss on iteration 4940 = 0.2862579247914255
Training loss on iteration 4960 = 0.21241656839847564
Training loss on iteration 4980 = 0.2764254628214985
Training loss on iteration 5000 = 0.19198531247675418
Training loss on iteration 5020 = 0.28135325270704925
Training loss on iteration 5040 = 0.23444197038188577
Training loss on iteration 5060 = 0.16721833003684877
Training loss on iteration 5080 = 0.2567104805260897
Training loss on iteration 5100 = 0.29984558299183844
Training loss on iteration 5120 = 0.24893804267048836
Training loss on iteration 5140 = 0.1563200831413269
Training loss on iteration 5160 = 0.1627186224795878
Training loss on iteration 5180 = 0.344945159740746
Training loss on iteration 5200 = 0.3265491733327508
Training loss on iteration 5220 = 0.1920778002589941
Training loss on iteration 5240 = 0.233504848042503
Training loss on iteration 5260 = 0.25220640683546663
Training loss on iteration 5280 = 0.23157341908663512
Training loss on iteration 5300 = 0.21934071276336908
Training loss on iteration 5320 = 0.2239869844634086
Training loss on iteration 5340 = 0.23628850197419524
Training loss on iteration 5360 = 0.2369711184874177
Training loss on iteration 5380 = 0.29175563105382024
Training loss on iteration 5400 = 0.3459035039646551
Training loss on iteration 5420 = 0.2509656658396125
Training loss on iteration 5440 = 0.23211139738559722
Training loss on iteration 5460 = 0.22118073785677553
Training loss on iteration 5480 = 0.31588301761075854
Training loss on iteration 5500 = 0.3027094712480903
Training loss on iteration 5520 = 0.285345702804625
Training loss on iteration 5540 = 0.13510552246589214
Training loss on iteration 5560 = 0.23549822866916656
Training loss on iteration 5580 = 0.26978403348475694
Training loss on iteration 5600 = 0.25972391963005065
Training loss on iteration 5620 = 0.2826477363705635
Training loss on iteration 5640 = 0.32065814957022665
Training loss on iteration 5660 = 0.26071109068579973
Training loss on iteration 5680 = 0.16641800291836262
Training loss on iteration 5700 = 0.2981830932199955
Training loss on iteration 5720 = 0.16845388126093894
Training loss on iteration 5740 = 0.21976872738450764
Training loss on iteration 5760 = 0.37317950977012515
Training loss on iteration 5780 = 0.22290328242816032
Training loss on iteration 5800 = 0.2576747385784984
Training loss on iteration 5820 = 0.21194874309003353
Training loss on iteration 5840 = 0.19227201640605926
Training loss on iteration 5860 = 0.37527187997475264
Training loss on iteration 5880 = 0.2996346764266491
Training loss on iteration 5900 = 0.22065829117782415
Training loss on iteration 5920 = 0.3826996566727757
Training loss on iteration 5940 = 0.22573161274194717
Training loss on iteration 5960 = 0.2501090940553695
Training loss on iteration 5980 = 0.284908714517951
Training loss on iteration 6000 = 0.23551965886726975
Training loss on iteration 6020 = 0.2954561535269022
Training loss on iteration 6040 = 0.2894468290731311
Training loss on iteration 6060 = 0.2818126446567476
Training loss on iteration 6080 = 0.3177817121613771
Training loss on iteration 6100 = 0.1789365447126329
Training loss on iteration 6120 = 0.185146529157646
Training loss on iteration 6140 = 0.22693806048482656
Training loss on iteration 6160 = 0.19491207622922957
Training loss on iteration 6180 = 0.19479173514992
Training loss on iteration 6200 = 0.2851341330446303
Training loss on iteration 6220 = 0.2660287613980472
Training loss on iteration 6240 = 0.2950280008837581
Training loss on iteration 6260 = 0.2400394679279998
Training loss on iteration 6280 = 0.2740727008320391
Training loss on iteration 6300 = 0.33275246918201445
Training loss on iteration 6320 = 0.28050950611941516
Training loss on iteration 6340 = 0.24024231377989053
Training loss on iteration 6360 = 0.2709255268680863
Training loss on iteration 6380 = 0.2958029748173431
Training loss on iteration 6400 = 0.26457017520442605
Training loss on iteration 6420 = 0.24553278586827218
Training loss on iteration 6440 = 0.3664058749563992
Training loss on iteration 6460 = 0.2968410439323634
Training loss on iteration 6480 = 0.26410247324965896
Training loss on iteration 6500 = 0.2348997427150607
Training loss on iteration 6520 = 0.23029266437515616
Training loss on iteration 6540 = 0.2543320252560079
Training loss on iteration 6560 = 0.22575366604141892
Training loss on iteration 6580 = 0.2960639763623476
Training loss on iteration 6600 = 0.2229533969424665
Training loss on iteration 6620 = 0.21445088535547258
Training loss on iteration 6640 = 0.2572704923572019
Training loss on iteration 6660 = 0.24422157099470496
Training loss on iteration 6680 = 0.3004324931651354
Training loss on iteration 6700 = 0.23951321709901094
Training loss on iteration 6720 = 0.22886735806241632
Training loss on iteration 6740 = 0.32425688053481283
Training loss on iteration 6760 = 0.3056969920638949
Training loss on iteration 6780 = 0.3010338231455535
Training loss on iteration 6800 = 0.1490036252886057
Training loss on iteration 6820 = 0.263612300157547
Training loss on iteration 6840 = 0.29239326327806336
Training loss on iteration 6860 = 0.26807583121117207
Training loss on iteration 6880 = 0.238093819655478
Training loss on iteration 6900 = 0.2403598797507584
Training loss on iteration 6920 = 0.2576724169543013
Training loss on iteration 6940 = 0.27700198972597717
Training loss on iteration 6960 = 0.3812233620323241
Training loss on iteration 6980 = 0.1861596737988293
Training loss on iteration 7000 = 0.29134162310510875
Training loss on iteration 7020 = 0.21584768015891315
Training loss on iteration 7040 = 0.33857483745086936
Training loss on iteration 7060 = 0.18150986274704337
Training loss on iteration 7080 = 0.3013398255687207
Training loss on iteration 7100 = 0.4320904578373302
Training loss on iteration 7120 = 0.38916389299556614
Training loss on iteration 7140 = 0.21608110461384059
Training loss on iteration 7160 = 0.2508834228035994
Training loss on iteration 7180 = 0.3103835835121572
Training loss on iteration 7200 = 0.2728360591107048
Training loss on iteration 7220 = 0.27432479672133925
Training loss on iteration 7240 = 0.17531125559471547
Training loss on iteration 7260 = 0.23754845699295402
Training loss on iteration 7280 = 0.20254920174484142
Training loss on iteration 7300 = 0.2216813570819795
Training loss on iteration 7320 = 0.2062703648582101
Training loss on iteration 7340 = 0.22219444587826728
Training loss on iteration 7360 = 0.23774060159921645
Training loss on iteration 7380 = 0.20642821583896875
Training loss on iteration 7400 = 0.20033622689079494
Training loss on iteration 7420 = 0.2341228736564517
Training loss on iteration 7440 = 0.2870316578540951
Training loss on iteration 7460 = 0.18378713510464878
Training loss on iteration 7480 = 0.21946201720274985
### EVAL:: Epoch 15:: Loss = 0.21455973534022826 :: ACC = 0.9115499812804193, AUC = 0.8838034680213354, EER = 0.21190565331336578
Training on epoch 16
Training loss on iteration 0 = 0.042075950652360916
Training loss on iteration 20 = 0.26914150384254754
Training loss on iteration 40 = 0.36206608172506094
Training loss on iteration 60 = 0.31613347977399825
Training loss on iteration 80 = 0.35241425200365484
Training loss on iteration 100 = 0.14248367480468005
Training loss on iteration 120 = 0.16198836462572216
Training loss on iteration 140 = 0.2378407977055758
Training loss on iteration 160 = 0.14912798893637955
Training loss on iteration 180 = 0.24211319722235203
Training loss on iteration 200 = 0.17367885764688254
Training loss on iteration 220 = 0.4511214243248105
Training loss on iteration 240 = 0.38767665144987407
Training loss on iteration 260 = 0.5032796011306345
Training loss on iteration 280 = 0.32355852574110033
Training loss on iteration 300 = 0.24929652558639645
Training loss on iteration 320 = 0.35120867658406496
Training loss on iteration 340 = 0.14583745980635285
Training loss on iteration 360 = 0.24737136443145574
Training loss on iteration 380 = 0.19767662109807133
Training loss on iteration 400 = 0.25474465973675253
Training loss on iteration 420 = 0.29459481285884975
Training loss on iteration 440 = 0.3613393619656563
Training loss on iteration 460 = 0.36165882721543313
Training loss on iteration 480 = 0.1997852991335094
Training loss on iteration 500 = 0.28843872295692563
Training loss on iteration 520 = 0.3235221286304295
Training loss on iteration 540 = 0.21893466282635926
Training loss on iteration 560 = 0.2946613053791225
Training loss on iteration 580 = 0.25251447631162593
Training loss on iteration 600 = 0.28575229477137326
Training loss on iteration 620 = 0.26931391498073937
Training loss on iteration 640 = 0.22053093690192327
Training loss on iteration 660 = 0.4695719951065257
Training loss on iteration 680 = 0.32365303782280536
Training loss on iteration 700 = 0.22905437648296356
Training loss on iteration 720 = 0.30183236971497535
Training loss on iteration 740 = 0.24803269170224668
Training loss on iteration 760 = 0.2144262759014964
Training loss on iteration 780 = 0.26648032367229463
Training loss on iteration 800 = 0.19899773746728897
Training loss on iteration 820 = 0.2634766150265932
Training loss on iteration 840 = 0.230499623157084
Training loss on iteration 860 = 0.2706265438348055
Training loss on iteration 880 = 0.20806231431197375
Training loss on iteration 900 = 0.18540047011338173
Training loss on iteration 920 = 0.19465861623175443
Training loss on iteration 940 = 0.2612166410312057
Training loss on iteration 960 = 0.20147450184449553
Training loss on iteration 980 = 0.2584641486406326
Training loss on iteration 1000 = 0.26757559143006804
Training loss on iteration 1020 = 0.1728986528236419
Training loss on iteration 1040 = 0.1252583194989711
Training loss on iteration 1060 = 0.17082421891391278
Training loss on iteration 1080 = 0.1726746425963938
Training loss on iteration 1100 = 0.16975329890847207
Training loss on iteration 1120 = 0.25286555383354425
Training loss on iteration 1140 = 0.18996305922046303
Training loss on iteration 1160 = 0.21148227462545038
Training loss on iteration 1180 = 0.19348924234509468
Training loss on iteration 1200 = 0.19770626800600438
Training loss on iteration 1220 = 0.2537502967752516
Training loss on iteration 1240 = 0.1475356171838939
Training loss on iteration 1260 = 0.22262512372399215
Training loss on iteration 1280 = 0.24394466392695904
Training loss on iteration 1300 = 0.2859622346702963
Training loss on iteration 1320 = 0.4650344468653202
Training loss on iteration 1340 = 0.3036104361526668
Training loss on iteration 1360 = 0.29849520567804577
Training loss on iteration 1380 = 0.292844187701121
Training loss on iteration 1400 = 0.39878110713325443
Training loss on iteration 1420 = 0.35067204097285865
Training loss on iteration 1440 = 0.2205742012243718
Training loss on iteration 1460 = 0.23241123161278665
Training loss on iteration 1480 = 0.2780566941015422
Training loss on iteration 1500 = 0.27950352216139435
Training loss on iteration 1520 = 0.2657802104949951
Training loss on iteration 1540 = 0.28687157910317185
Training loss on iteration 1560 = 0.3032695107161999
Training loss on iteration 1580 = 0.22039364771917463
Training loss on iteration 1600 = 0.18708649380132555
Training loss on iteration 1620 = 0.16425227103754877
Training loss on iteration 1640 = 0.20033422040287405
Training loss on iteration 1660 = 0.14192229085601865
Training loss on iteration 1680 = 0.25704640394542366
Training loss on iteration 1700 = 0.3242852955125272
Training loss on iteration 1720 = 0.26103003285825255
Training loss on iteration 1740 = 0.3118388993665576
Training loss on iteration 1760 = 0.2743101501837373
Training loss on iteration 1780 = 0.41510656671598556
Training loss on iteration 1800 = 0.27059824848547576
Training loss on iteration 1820 = 0.27548510818742217
Training loss on iteration 1840 = 0.3223460687324405
Training loss on iteration 1860 = 0.2418026827275753
Training loss on iteration 1880 = 0.32983220845926553
Training loss on iteration 1900 = 0.3099794381298125
Training loss on iteration 1920 = 0.27812249334529043
Training loss on iteration 1940 = 0.5106120252050459
Training loss on iteration 1960 = 0.44964687689207494
Training loss on iteration 1980 = 0.391074507124722
Training loss on iteration 2000 = 0.4035935289459303
Training loss on iteration 2020 = 0.8290925916284323
Training loss on iteration 2040 = 0.4711840918287635
Training loss on iteration 2060 = 0.8269202046096324
Training loss on iteration 2080 = 0.7087823946028948
Training loss on iteration 2100 = 0.7836515763774514
Training loss on iteration 2120 = 1.1549490875564516
Training loss on iteration 2140 = 0.5844574637711049
Training loss on iteration 2160 = 0.8014393962919713
Training loss on iteration 2180 = 0.6162410461809487
Training loss on iteration 2200 = 0.3745519721880555
Training loss on iteration 2220 = 0.5361419577151537
Training loss on iteration 2240 = 0.6923465686384589
Training loss on iteration 2260 = 0.3164310656487942
Training loss on iteration 2280 = 0.35757770566269753
Training loss on iteration 2300 = 0.31349048633128407
Training loss on iteration 2320 = 0.4021998157724738
Training loss on iteration 2340 = 0.327010291069746
Training loss on iteration 2360 = 0.32217455487698315
Training loss on iteration 2380 = 0.4779199881479144
Training loss on iteration 2400 = 0.3962954545393586
Training loss on iteration 2420 = 0.3321647381410003
Training loss on iteration 2440 = 0.2243370797485113
Training loss on iteration 2460 = 0.3479125903919339
Training loss on iteration 2480 = 0.32940727937966585
Training loss on iteration 2500 = 0.28627420763950795
Training loss on iteration 2520 = 0.3383452156558633
Training loss on iteration 2540 = 0.24858407229185103
Training loss on iteration 2560 = 0.21312888991087675
Training loss on iteration 2580 = 0.26589444037526844
Training loss on iteration 2600 = 0.2755236065015197
Training loss on iteration 2620 = 0.2779955048114061
Training loss on iteration 2640 = 0.2564290680922568
Training loss on iteration 2660 = 0.2669776552822441
Training loss on iteration 2680 = 0.40288973189890387
Training loss on iteration 2700 = 0.297378953313455
Training loss on iteration 2720 = 0.3242813892662525
Training loss on iteration 2740 = 0.26310580149292945
Training loss on iteration 2760 = 0.2661087756976485
Training loss on iteration 2780 = 0.31546705439686773
Training loss on iteration 2800 = 0.3165444471873343
Training loss on iteration 2820 = 0.2748435504734516
Training loss on iteration 2840 = 0.5259242922067642
Training loss on iteration 2860 = 0.5613827679306269
Training loss on iteration 2880 = 0.548127883055713
Training loss on iteration 2900 = 0.695915274177969
Training loss on iteration 2920 = 0.3561628796858713
Training loss on iteration 2940 = 0.6028565320651978
Training loss on iteration 2960 = 0.2783838745031971
Training loss on iteration 2980 = 0.46434261538088323
Training loss on iteration 3000 = 0.37378181600943206
Training loss on iteration 3020 = 0.321328105952125
Training loss on iteration 3040 = 0.41019640667364
Training loss on iteration 3060 = 0.5563346784561872
Training loss on iteration 3080 = 0.26204974818974736
Training loss on iteration 3100 = 0.3354260053485632
Training loss on iteration 3120 = 0.2607785163447261
Training loss on iteration 3140 = 0.19584228773601353
Training loss on iteration 3160 = 0.1745432022958994
Training loss on iteration 3180 = 0.15533930759411305
Training loss on iteration 3200 = 0.3008377615362406
Training loss on iteration 3220 = 0.291522513423115
Training loss on iteration 3240 = 0.2390920883510262
Training loss on iteration 3260 = 0.36138845011591914
Training loss on iteration 3280 = 0.1879839244298637
Training loss on iteration 3300 = 0.25862392969429493
Training loss on iteration 3320 = 0.28576703984290364
Training loss on iteration 3340 = 0.2230244773440063
Training loss on iteration 3360 = 0.19096426336327568
Training loss on iteration 3380 = 0.2501763104461133
Training loss on iteration 3400 = 0.19848864190280438
Training loss on iteration 3420 = 0.17093722727149724
Training loss on iteration 3440 = 0.1819376646541059
Training loss on iteration 3460 = 0.21538089234381913
Training loss on iteration 3480 = 0.23146392414346337
Training loss on iteration 3500 = 0.2272064285352826
Training loss on iteration 3520 = 0.22992611974477767
Training loss on iteration 3540 = 0.17259192024357617
Training loss on iteration 3560 = 0.25169522818177936
Training loss on iteration 3580 = 0.1840587005019188
Training loss on iteration 3600 = 0.17129838010296225
Training loss on iteration 3620 = 0.16460108561441303
Training loss on iteration 3640 = 0.25696921930648386
Training loss on iteration 3660 = 0.20870519038289786
Training loss on iteration 3680 = 0.25925117610022425
Training loss on iteration 3700 = 0.16287289299070834
Training loss on iteration 3720 = 0.2588868038728833
Training loss on iteration 3740 = 0.29163123993203044
Training loss on iteration 3760 = 0.3256882790941745
Training loss on iteration 3780 = 0.21207355242222548
Training loss on iteration 3800 = 0.2334979549050331
Training loss on iteration 3820 = 0.25362508529797195
Training loss on iteration 3840 = 0.21644425941631198
Training loss on iteration 3860 = 0.3012030404061079
Training loss on iteration 3880 = 0.2324647967237979
Training loss on iteration 3900 = 0.253363693645224
Training loss on iteration 3920 = 0.37463102750480176
Training loss on iteration 3940 = 0.3432791240513325
Training loss on iteration 3960 = 0.25714619616046547
Training loss on iteration 3980 = 0.2921906629577279
Training loss on iteration 4000 = 0.19659656919538976
Training loss on iteration 4020 = 0.23431195300072433
Training loss on iteration 4040 = 0.19604012425988912
Training loss on iteration 4060 = 0.17684473809786141
Training loss on iteration 4080 = 0.2650516744703054
Training loss on iteration 4100 = 0.3012834549881518
Training loss on iteration 4120 = 0.2759049639571458
Training loss on iteration 4140 = 0.20737079177051781
Training loss on iteration 4160 = 0.27068412632797845
Training loss on iteration 4180 = 0.2801693238783628
Training loss on iteration 4200 = 0.1587178929708898
Training loss on iteration 4220 = 0.21594874188303947
Training loss on iteration 4240 = 0.1774781181011349
Training loss on iteration 4260 = 0.18720635971985758
Training loss on iteration 4280 = 0.36707197069190445
Training loss on iteration 4300 = 0.28469723169691863
Training loss on iteration 4320 = 0.31633376739919183
Training loss on iteration 4340 = 0.24552583909826353
Training loss on iteration 4360 = 0.2818088406696916
Training loss on iteration 4380 = 0.3013183646136895
Training loss on iteration 4400 = 0.21155630704015493
Training loss on iteration 4420 = 0.25254581002518534
Training loss on iteration 4440 = 0.20859019551426172
Training loss on iteration 4460 = 0.3010806952603161
Training loss on iteration 4480 = 0.32407736852765084
Training loss on iteration 4500 = 0.25283083310350773
Training loss on iteration 4520 = 0.2240331974811852
Training loss on iteration 4540 = 0.26372949946671725
Training loss on iteration 4560 = 0.20879229162819685
Training loss on iteration 4580 = 0.34033738281577824
Training loss on iteration 4600 = 0.40869097704999147
Training loss on iteration 4620 = 0.30828147774445824
Training loss on iteration 4640 = 0.33244962701573966
Training loss on iteration 4660 = 0.25402929475530983
Training loss on iteration 4680 = 0.14739158889860846
Training loss on iteration 4700 = 0.14160130370873958
Training loss on iteration 4720 = 0.28085899651050567
Training loss on iteration 4740 = 0.2214404392056167
Training loss on iteration 4760 = 0.26407412383705375
Training loss on iteration 4780 = 0.22724391100928187
Training loss on iteration 4800 = 0.13906993796117603
Training loss on iteration 4820 = 0.18387944225105457
Training loss on iteration 4840 = 0.30323966704308986
Training loss on iteration 4860 = 0.12133836813736706
Training loss on iteration 4880 = 0.20829568102490156
Training loss on iteration 4900 = 0.2704538392019458
Training loss on iteration 4920 = 0.1984000346623361
Training loss on iteration 4940 = 0.2748040189035237
Training loss on iteration 4960 = 0.21584233962930738
Training loss on iteration 4980 = 0.24422454787418246
Training loss on iteration 5000 = 0.19799689389765263
Training loss on iteration 5020 = 0.2743432984920219
Training loss on iteration 5040 = 0.1956550156697631
Training loss on iteration 5060 = 0.32860544696450233
Training loss on iteration 5080 = 0.1942084338515997
Training loss on iteration 5100 = 0.2129089931026101
Training loss on iteration 5120 = 0.21195940319448708
Training loss on iteration 5140 = 0.2061998641118407
Training loss on iteration 5160 = 0.35888340272940694
Training loss on iteration 5180 = 0.3040835964959115
Training loss on iteration 5200 = 0.28108744565397503
Training loss on iteration 5220 = 0.36932509364560245
Training loss on iteration 5240 = 0.21541001908481122
Training loss on iteration 5260 = 0.20478316824883222
Training loss on iteration 5280 = 0.21673231860622763
Training loss on iteration 5300 = 0.2876651478931308
Training loss on iteration 5320 = 0.1410791649017483
Training loss on iteration 5340 = 0.32191903572529557
Training loss on iteration 5360 = 0.3360811763443053
Training loss on iteration 5380 = 0.255328162224032
Training loss on iteration 5400 = 0.2707280750386417
Training loss on iteration 5420 = 0.2962926360312849
Training loss on iteration 5440 = 0.21338083762675525
Training loss on iteration 5460 = 0.3363891534274444
Training loss on iteration 5480 = 0.2916923257522285
Training loss on iteration 5500 = 0.26499394071288407
Training loss on iteration 5520 = 0.37813628143630923
Training loss on iteration 5540 = 0.42457846328616144
Training loss on iteration 5560 = 0.17225556424818933
Training loss on iteration 5580 = 0.23019727412611246
Training loss on iteration 5600 = 0.23838397329673172
Training loss on iteration 5620 = 0.2629000750370324
Training loss on iteration 5640 = 0.18279690011404454
Training loss on iteration 5660 = 0.26435126780997964
Training loss on iteration 5680 = 0.2203184544108808
Training loss on iteration 5700 = 0.1769923887681216
Training loss on iteration 5720 = 0.30658887708559635
Training loss on iteration 5740 = 0.21440336788073183
Training loss on iteration 5760 = 0.20079925912432373
Training loss on iteration 5780 = 0.18188740948680787
Training loss on iteration 5800 = 0.19228608384728432
Training loss on iteration 5820 = 0.2338816799223423
Training loss on iteration 5840 = 0.23900898958090694
Training loss on iteration 5860 = 0.2439937265124172
Training loss on iteration 5880 = 0.19753038724884392
Training loss on iteration 5900 = 0.2510369352530688
Training loss on iteration 5920 = 0.17059280341491104
Training loss on iteration 5940 = 0.24527125898748636
Training loss on iteration 5960 = 0.2192320023663342
Training loss on iteration 5980 = 0.28390449211001395
Training loss on iteration 6000 = 0.18539453791454436
Training loss on iteration 6020 = 0.287581144599244
Training loss on iteration 6040 = 0.2560084815697337
Training loss on iteration 6060 = 0.2804678283864632
Training loss on iteration 6080 = 0.18094486258924009
Training loss on iteration 6100 = 0.37276008613407613
Training loss on iteration 6120 = 0.18748052851296962
Training loss on iteration 6140 = 0.3022689312696457
Training loss on iteration 6160 = 0.22331079645082355
Training loss on iteration 6180 = 0.23540423540398478
Training loss on iteration 6200 = 0.2777474724687636
Training loss on iteration 6220 = 0.31877924643922595
Training loss on iteration 6240 = 0.19431786444038152
Training loss on iteration 6260 = 0.21260701892897488
Training loss on iteration 6280 = 0.24115987666882574
Training loss on iteration 6300 = 0.262827196996659
Training loss on iteration 6320 = 0.26086566227604635
Training loss on iteration 6340 = 0.13436694401316346
Training loss on iteration 6360 = 0.21271621938794852
Training loss on iteration 6380 = 0.17201315416023136
Training loss on iteration 6400 = 0.17741150136571376
Training loss on iteration 6420 = 0.28074204195290803
Training loss on iteration 6440 = 0.19964318657293917
Training loss on iteration 6460 = 0.20994521086104215
Training loss on iteration 6480 = 0.2709625975228846
Training loss on iteration 6500 = 0.23011687230318784
Training loss on iteration 6520 = 0.27304603066295385
Training loss on iteration 6540 = 0.11927953892154619
Training loss on iteration 6560 = 0.2503005630103871
Training loss on iteration 6580 = 0.1374220702331513
Training loss on iteration 6600 = 0.2138646878534928
Training loss on iteration 6620 = 0.2843399160541594
Training loss on iteration 6640 = 0.34592240229249
Training loss on iteration 6660 = 0.17656936841085552
Training loss on iteration 6680 = 0.22863222092855723
Training loss on iteration 6700 = 0.32549651176086625
Training loss on iteration 6720 = 0.14250446832738817
Training loss on iteration 6740 = 0.2129358750768006
Training loss on iteration 6760 = 0.16829207963310183
Training loss on iteration 6780 = 0.24774848762899637
Training loss on iteration 6800 = 0.3761915703304112
Training loss on iteration 6820 = 0.13691731931176038
Training loss on iteration 6840 = 0.1993597028485965
Training loss on iteration 6860 = 0.35163790415972473
Training loss on iteration 6880 = 0.35834200857207177
Training loss on iteration 6900 = 0.19500733837485312
Training loss on iteration 6920 = 0.19305319930426776
Training loss on iteration 6940 = 0.17199859045795166
Training loss on iteration 6960 = 0.16577852293266915
Training loss on iteration 6980 = 0.20440057697705924
Training loss on iteration 7000 = 0.12034182839561254
Training loss on iteration 7020 = 0.12007058488670737
Training loss on iteration 7040 = 0.225983126508072
Training loss on iteration 7060 = 0.16366185136139394
Training loss on iteration 7080 = 0.1350181599962525
Training loss on iteration 7100 = 0.2325539733399637
Training loss on iteration 7120 = 0.35829017882060726
Training loss on iteration 7140 = 0.28068299691658466
Training loss on iteration 7160 = 0.288341601844877
Training loss on iteration 7180 = 0.17355688384268433
Training loss on iteration 7200 = 0.2901789162075147
Training loss on iteration 7220 = 0.37403839277103546
Training loss on iteration 7240 = 0.3102641881210729
Training loss on iteration 7260 = 0.27477585899760015
Training loss on iteration 7280 = 0.14766788366250694
Training loss on iteration 7300 = 0.27498576251091433
Training loss on iteration 7320 = 0.22656470192596317
Training loss on iteration 7340 = 0.2284971341956407
Training loss on iteration 7360 = 0.18978561388794332
Training loss on iteration 7380 = 0.27157786432653663
Training loss on iteration 7400 = 0.17061738758347927
Training loss on iteration 7420 = 0.2749487167224288
Training loss on iteration 7440 = 0.3344463878311217
Training loss on iteration 7460 = 0.1923133570700884
Training loss on iteration 7480 = 0.15157556384801865
### EVAL:: Epoch 16:: Loss = 0.14213344745562326 :: ACC = 0.9427180831149382, AUC = 0.8607614408456343, EER = 0.237177087233246
Training on epoch 17
Training loss on iteration 0 = 0.054704777896404266
Training loss on iteration 20 = 0.11282777665182948
Training loss on iteration 40 = 0.3140763025265187
Training loss on iteration 60 = 0.22643220871686937
Training loss on iteration 80 = 0.15449472339823841
Training loss on iteration 100 = 0.35929891070118175
Training loss on iteration 120 = 0.25977957519935446
Training loss on iteration 140 = 0.23863044041208922
Training loss on iteration 160 = 0.23105392600409685
Training loss on iteration 180 = 0.2910627127159387
Training loss on iteration 200 = 0.18129649166949094
Training loss on iteration 220 = 0.2970526609569788
Training loss on iteration 240 = 0.1970212735235691
Training loss on iteration 260 = 0.18353367798263207
Training loss on iteration 280 = 0.2835571475327015
Training loss on iteration 300 = 0.18061157972551883
Training loss on iteration 320 = 0.20488543221727012
Training loss on iteration 340 = 0.26888665203005074
Training loss on iteration 360 = 0.16767065440071746
Training loss on iteration 380 = 0.2365691453916952
Training loss on iteration 400 = 0.11126565779559314
Training loss on iteration 420 = 0.13936011018231512
Training loss on iteration 440 = 0.16349852799612563
Training loss on iteration 460 = 0.19047836239915342
Training loss on iteration 480 = 0.19793463146779686
Training loss on iteration 500 = 0.13246481752721592
Training loss on iteration 520 = 0.21922721663140693
Training loss on iteration 540 = 0.16480207017157228
Training loss on iteration 560 = 0.17806817167438566
Training loss on iteration 580 = 0.24082821179181338
Training loss on iteration 600 = 0.1246057975338772
Training loss on iteration 620 = 0.24290406396612524
Training loss on iteration 640 = 0.18277241402538494
Training loss on iteration 660 = 0.22048396412283183
Training loss on iteration 680 = 0.2801742142997682
Training loss on iteration 700 = 0.27633499037474396
Training loss on iteration 720 = 0.3269439025782049
Training loss on iteration 740 = 0.24594669836224056
Training loss on iteration 760 = 0.3163878597784787
Training loss on iteration 780 = 0.21713056825101376
Training loss on iteration 800 = 0.22693760390393436
Training loss on iteration 820 = 0.21722114161821082
Training loss on iteration 840 = 0.30631830133497717
Training loss on iteration 860 = 0.23630457983817904
Training loss on iteration 880 = 0.135307574365288
Training loss on iteration 900 = 0.3625312760472298
Training loss on iteration 920 = 0.23648870340548456
Training loss on iteration 940 = 0.19907157694688066
Training loss on iteration 960 = 0.22415140259981853
Training loss on iteration 980 = 0.26129639444407077
Training loss on iteration 1000 = 0.24046726278029382
Training loss on iteration 1020 = 0.21356500629335642
Training loss on iteration 1040 = 0.18542260255198925
Training loss on iteration 1060 = 0.21946770370705054
Training loss on iteration 1080 = 0.17156699541956186
Training loss on iteration 1100 = 0.18382324874401093
Training loss on iteration 1120 = 0.25350057231262324
Training loss on iteration 1140 = 0.3029852871201001
Training loss on iteration 1160 = 0.2224376699887216
Training loss on iteration 1180 = 0.17424024287611245
Training loss on iteration 1200 = 0.19164916733279824
Training loss on iteration 1220 = 0.18185173897072673
Training loss on iteration 1240 = 0.27584576259832827
Training loss on iteration 1260 = 0.22533998605795205
Training loss on iteration 1280 = 0.30983989499509335
Training loss on iteration 1300 = 0.14354976993054153
Training loss on iteration 1320 = 0.23622176167555153
Training loss on iteration 1340 = 0.16212295480072497
Training loss on iteration 1360 = 0.1676616116426885
Training loss on iteration 1380 = 0.20282193031162024
Training loss on iteration 1400 = 0.13597135443706065
Training loss on iteration 1420 = 0.2359000212745741
Training loss on iteration 1440 = 0.23690774296410383
Training loss on iteration 1460 = 0.33292022594250736
Training loss on iteration 1480 = 0.26246373337926343
Training loss on iteration 1500 = 0.2858455747948028
Training loss on iteration 1520 = 0.28895302964374425
Training loss on iteration 1540 = 0.2226205190643668
Training loss on iteration 1560 = 0.18418750101700426
Training loss on iteration 1580 = 0.17886323572893162
Training loss on iteration 1600 = 0.2588517770636827
Training loss on iteration 1620 = 0.22125099201221018
Training loss on iteration 1640 = 0.28269281424582005
Training loss on iteration 1660 = 0.20768427313305438
Training loss on iteration 1680 = 0.18946118270978332
Training loss on iteration 1700 = 0.19600498263025656
Training loss on iteration 1720 = 0.3026434750296175
Training loss on iteration 1740 = 0.18075825107516721
Training loss on iteration 1760 = 0.14784205346368254
Training loss on iteration 1780 = 0.2950221541686915
Training loss on iteration 1800 = 0.31210034121759234
Training loss on iteration 1820 = 0.2078406907618046
Training loss on iteration 1840 = 0.26296870423248037
Training loss on iteration 1860 = 0.16323111385572703
Training loss on iteration 1880 = 0.21230697687715291
Training loss on iteration 1900 = 0.13771941576851532
Training loss on iteration 1920 = 0.1984373152256012
Training loss on iteration 1940 = 0.2514382279943675
Training loss on iteration 1960 = 0.2901765240589157
Training loss on iteration 1980 = 0.3060259327525273
Training loss on iteration 2000 = 0.30966659765690563
Training loss on iteration 2020 = 0.18605407094582915
Training loss on iteration 2040 = 0.33370397314429284
Training loss on iteration 2060 = 0.20001144660636783
Training loss on iteration 2080 = 0.33541889060288665
Training loss on iteration 2100 = 0.2853021029382944
Training loss on iteration 2120 = 0.5294749111286364
Training loss on iteration 2140 = 0.39108320011291653
Training loss on iteration 2160 = 0.5198912129795644
Training loss on iteration 2180 = 0.6362243729105103
Training loss on iteration 2200 = 0.3126440779538825
Training loss on iteration 2220 = 0.3856671195477247
Training loss on iteration 2240 = 0.31721435314975677
Training loss on iteration 2260 = 0.24119968767045066
Training loss on iteration 2280 = 0.24776025826577097
Training loss on iteration 2300 = 0.25675941836088895
Training loss on iteration 2320 = 0.29525094558484855
Training loss on iteration 2340 = 0.18792147999629377
Training loss on iteration 2360 = 0.2284021569415927
Training loss on iteration 2380 = 0.17859993362799287
Training loss on iteration 2400 = 0.2623484645795543
Training loss on iteration 2420 = 0.2675203607883304
Training loss on iteration 2440 = 0.17282374477945267
Training loss on iteration 2460 = 0.20523837268119677
Training loss on iteration 2480 = 0.21805758010596038
Training loss on iteration 2500 = 0.21251042950898408
Training loss on iteration 2520 = 0.15697149285115303
Training loss on iteration 2540 = 0.3395145179703832
Training loss on iteration 2560 = 0.14052281624171883
Training loss on iteration 2580 = 0.21033832505345346
Training loss on iteration 2600 = 0.3410816382616758
Training loss on iteration 2620 = 0.2762137433513999
Training loss on iteration 2640 = 0.21367574229370803
Training loss on iteration 2660 = 0.21935289362445473
Training loss on iteration 2680 = 0.15190825262106955
Training loss on iteration 2700 = 0.23681574631482363
Training loss on iteration 2720 = 0.25522143244743345
Training loss on iteration 2740 = 0.18614455335773528
Training loss on iteration 2760 = 0.2411464484408498
Training loss on iteration 2780 = 0.29232464712113143
Training loss on iteration 2800 = 0.13642314891330898
Training loss on iteration 2820 = 0.18960753853898496
Training loss on iteration 2840 = 0.30921161696314814
Training loss on iteration 2860 = 0.20317878974601628
Training loss on iteration 2880 = 0.22044154619798065
Training loss on iteration 2900 = 0.29737811903469263
Training loss on iteration 2920 = 0.2181752599775791
Training loss on iteration 2940 = 0.24161322941072286
Training loss on iteration 2960 = 0.25858019581064584
Training loss on iteration 2980 = 0.2817744660191238
Training loss on iteration 3000 = 0.18770110057666897
Training loss on iteration 3020 = 0.2161043397616595
Training loss on iteration 3040 = 0.28586211232468484
Training loss on iteration 3060 = 0.24679096769541503
Training loss on iteration 3080 = 0.28087329063564537
Training loss on iteration 3100 = 0.23251946205273272
Training loss on iteration 3120 = 0.2600676160305738
Training loss on iteration 3140 = 0.16695231620687992
Training loss on iteration 3160 = 0.2382063061464578
Training loss on iteration 3180 = 0.3014789007604122
Training loss on iteration 3200 = 0.21527321599423885
Training loss on iteration 3220 = 0.3324391582980752
Training loss on iteration 3240 = 0.2617072901222855
Training loss on iteration 3260 = 0.2192561600357294
Training loss on iteration 3280 = 0.1758952491916716
Training loss on iteration 3300 = 0.3120091715361923
Training loss on iteration 3320 = 0.22246592068113386
Training loss on iteration 3340 = 0.27398534687235954
Training loss on iteration 3360 = 0.1986201959196478
Training loss on iteration 3380 = 0.32855110918171704
Training loss on iteration 3400 = 0.29132474288344384
Training loss on iteration 3420 = 0.30236536007141696
Training loss on iteration 3440 = 0.23766053859144448
Training loss on iteration 3460 = 0.20010964553803207
Training loss on iteration 3480 = 0.19878696370869875
Training loss on iteration 3500 = 0.23048821270931513
Training loss on iteration 3520 = 0.21383193684741855
Training loss on iteration 3540 = 0.22866362500935794
Training loss on iteration 3560 = 0.3141941295005381
Training loss on iteration 3580 = 0.2777926365379244
Training loss on iteration 3600 = 0.24900255035609006
Training loss on iteration 3620 = 0.29650206328369677
Training loss on iteration 3640 = 0.19492541588842868
Training loss on iteration 3660 = 0.324981776624918
Training loss on iteration 3680 = 0.2028103556483984
Training loss on iteration 3700 = 0.22902611788595095
Training loss on iteration 3720 = 0.2378330319887027
Training loss on iteration 3740 = 0.28010683516040447
Training loss on iteration 3760 = 0.18240223932079971
Training loss on iteration 3780 = 0.2265086649917066
Training loss on iteration 3800 = 0.204350631730631
Training loss on iteration 3820 = 0.21530455299653112
Training loss on iteration 3840 = 0.2859750504605472
Training loss on iteration 3860 = 0.2809601299930364
Training loss on iteration 3880 = 0.42953759657684715
Training loss on iteration 3900 = 0.41337086162529885
Training loss on iteration 3920 = 0.5776949955499731
Training loss on iteration 3940 = 0.19894662471488117
Training loss on iteration 3960 = 0.4556743416003883
Training loss on iteration 3980 = 0.3140119621937629
Training loss on iteration 4000 = 0.28991687833331525
Training loss on iteration 4020 = 0.2287758266320452
Training loss on iteration 4040 = 0.1302132924553007
Training loss on iteration 4060 = 0.1995701729785651
Training loss on iteration 4080 = 0.2800170871429145
Training loss on iteration 4100 = 0.33482634187676014
Training loss on iteration 4120 = 0.25984917739406227
Training loss on iteration 4140 = 0.35863185944035647
Training loss on iteration 4160 = 0.20075554091017694
Training loss on iteration 4180 = 0.25494085021782664
Training loss on iteration 4200 = 0.2552430801093578
Training loss on iteration 4220 = 0.24084959663450717
Training loss on iteration 4240 = 0.2152321044821292
Training loss on iteration 4260 = 0.23010143332649022
Training loss on iteration 4280 = 0.25964434128254654
Training loss on iteration 4300 = 0.24775385924149304
Training loss on iteration 4320 = 0.21200173646211623
Training loss on iteration 4340 = 0.21097349785268307
Training loss on iteration 4360 = 0.14929504306055605
Training loss on iteration 4380 = 0.25019127475097774
Training loss on iteration 4400 = 0.15314692622050644
Training loss on iteration 4420 = 0.34058391470462085
Training loss on iteration 4440 = 0.1929180447012186
Training loss on iteration 4460 = 0.4184069437906146
Training loss on iteration 4480 = 0.200175847299397
Training loss on iteration 4500 = 0.2235649624839425
Training loss on iteration 4520 = 0.12785885436460376
Training loss on iteration 4540 = 0.21915194302564486
Training loss on iteration 4560 = 0.3129952277056873
Training loss on iteration 4580 = 0.33813576549291613
Training loss on iteration 4600 = 0.31926297629252076
Training loss on iteration 4620 = 0.41379225889686494
Training loss on iteration 4640 = 0.32457080101594327
Training loss on iteration 4660 = 0.19555590613745152
Training loss on iteration 4680 = 0.26380237131379547
Training loss on iteration 4700 = 0.19080273685976862
Training loss on iteration 4720 = 0.23475347440689803
Training loss on iteration 4740 = 0.2816997278481722
Training loss on iteration 4760 = 0.3134281293489039
Training loss on iteration 4780 = 0.3303817861713469
Training loss on iteration 4800 = 0.3305041670799255
Training loss on iteration 4820 = 0.2153552433475852
Training loss on iteration 4840 = 0.25005665216594936
Training loss on iteration 4860 = 0.30214526657946406
Training loss on iteration 4880 = 0.20763550929841584
Training loss on iteration 4900 = 0.25948886377736924
Training loss on iteration 4920 = 0.33668090049177407
Training loss on iteration 4940 = 0.20536294477060438
Training loss on iteration 4960 = 0.28192894589155915
Training loss on iteration 4980 = 0.2294939998537302
Training loss on iteration 5000 = 0.338157681748271
Training loss on iteration 5020 = 0.23245480293408036
Training loss on iteration 5040 = 0.14411846185103058
Training loss on iteration 5060 = 0.15927153484662995
Training loss on iteration 5080 = 0.284619630407542
Training loss on iteration 5100 = 0.18367926203645765
Training loss on iteration 5120 = 0.23336221324279904
Training loss on iteration 5140 = 0.30422408774029464
Training loss on iteration 5160 = 0.18385637495666743
Training loss on iteration 5180 = 0.2965094830840826
Training loss on iteration 5200 = 0.364630719460547
Training loss on iteration 5220 = 0.44694594070315363
Training loss on iteration 5240 = 0.29237001051660627
Training loss on iteration 5260 = 0.18243488650768996
Training loss on iteration 5280 = 0.3631983742117882
Training loss on iteration 5300 = 0.2287273625843227
Training loss on iteration 5320 = 0.23008246798999607
Training loss on iteration 5340 = 0.26007042406126857
Training loss on iteration 5360 = 0.2860479686409235
Training loss on iteration 5380 = 0.2134647047147155
Training loss on iteration 5400 = 0.2080992224160582
Training loss on iteration 5420 = 0.2726014883257449
Training loss on iteration 5440 = 0.1764036140171811
Training loss on iteration 5460 = 0.16557442815974355
Training loss on iteration 5480 = 0.37794143659994006
Training loss on iteration 5500 = 0.4602584498934448
Training loss on iteration 5520 = 0.29909530337899926
Training loss on iteration 5540 = 0.3381447732448578
Training loss on iteration 5560 = 0.24698886470869183
Training loss on iteration 5580 = 0.20157117303460836
Training loss on iteration 5600 = 0.2543934976682067
Training loss on iteration 5620 = 0.16110759018920362
Training loss on iteration 5640 = 0.18938527791760862
Training loss on iteration 5660 = 0.22621325640939177
Training loss on iteration 5680 = 0.26837401539087297
Training loss on iteration 5700 = 0.22240247344598174
Training loss on iteration 5720 = 0.30336966579779984
Training loss on iteration 5740 = 0.20501316133886577
Training loss on iteration 5760 = 0.2204408148303628
Training loss on iteration 5780 = 0.20092871459200978
Training loss on iteration 5800 = 0.24731673956848682
Training loss on iteration 5820 = 0.3369682736694813
Training loss on iteration 5840 = 0.355039264599327
Training loss on iteration 5860 = 0.24806949393823743
Training loss on iteration 5880 = 0.38490983135998247
Training loss on iteration 5900 = 0.14294787971302866
Training loss on iteration 5920 = 0.37983165206387637
Training loss on iteration 5940 = 0.3780459487810731
Training loss on iteration 5960 = 0.26302201189100743
Training loss on iteration 5980 = 0.22401130818761886
Training loss on iteration 6000 = 0.23744750572368503
Training loss on iteration 6020 = 0.18159615688491612
Training loss on iteration 6040 = 0.2797684112563729
Training loss on iteration 6060 = 0.30098525043576957
Training loss on iteration 6080 = 0.3007313078735024
Training loss on iteration 6100 = 0.21322328690439463
Training loss on iteration 6120 = 0.2680138835683465
Training loss on iteration 6140 = 0.2019064124673605
Training loss on iteration 6160 = 0.22620230745524167
Training loss on iteration 6180 = 0.26306869788095355
Training loss on iteration 6200 = 0.24929509684443474
Training loss on iteration 6220 = 0.24010982317849994
Training loss on iteration 6240 = 0.22576198559254407
Training loss on iteration 6260 = 0.19810239765793086
Training loss on iteration 6280 = 0.2656469775363803
Training loss on iteration 6300 = 0.32339395210146904
Training loss on iteration 6320 = 0.3035952217876911
Training loss on iteration 6340 = 0.41762563697993754
Training loss on iteration 6360 = 0.30336436899378894
Training loss on iteration 6380 = 0.3727134816348553
Training loss on iteration 6400 = 0.24360176883637905
Training loss on iteration 6420 = 0.22602446991950273
Training loss on iteration 6440 = 0.15443037457298486
Training loss on iteration 6460 = 0.1922455934807658
Training loss on iteration 6480 = 0.22128034620545806
Training loss on iteration 6500 = 0.244467428419739
Training loss on iteration 6520 = 0.35927071794867516
Training loss on iteration 6540 = 0.2956021896097809
Training loss on iteration 6560 = 0.44338687248528
Training loss on iteration 6580 = 0.29631518088281156
Training loss on iteration 6600 = 0.20736145253758878
Training loss on iteration 6620 = 0.22053814213722944
Training loss on iteration 6640 = 0.2288917069323361
Training loss on iteration 6660 = 0.17720098262652756
Training loss on iteration 6680 = 0.18765188412507997
Training loss on iteration 6700 = 0.15475618201307953
Training loss on iteration 6720 = 0.16314672536682337
Training loss on iteration 6740 = 0.20707356510683894
Training loss on iteration 6760 = 0.12267279201187194
Training loss on iteration 6780 = 0.18612812962383032
Training loss on iteration 6800 = 0.2599860400427133
Training loss on iteration 6820 = 0.21459129806607963
Training loss on iteration 6840 = 0.20572594366967678
Training loss on iteration 6860 = 0.1708254912868142
Training loss on iteration 6880 = 0.22593248626217247
Training loss on iteration 6900 = 0.3368248482700437
Training loss on iteration 6920 = 0.2655935350456275
Training loss on iteration 6940 = 0.1611295818351209
Training loss on iteration 6960 = 0.26300140032544733
Training loss on iteration 6980 = 0.2572456108406186
Training loss on iteration 7000 = 0.33851363519206645
Training loss on iteration 7020 = 0.2967336751520634
Training loss on iteration 7040 = 0.23376269056461751
Training loss on iteration 7060 = 0.3080517539056018
Training loss on iteration 7080 = 0.2621808341704309
Training loss on iteration 7100 = 0.2645132171921432
Training loss on iteration 7120 = 0.2769484910764731
Training loss on iteration 7140 = 0.11562649039551616
Training loss on iteration 7160 = 0.2673756232485175
Training loss on iteration 7180 = 0.25446805693209174
Training loss on iteration 7200 = 0.3483478227630258
Training loss on iteration 7220 = 0.198896667920053
Training loss on iteration 7240 = 0.31557472511194645
Training loss on iteration 7260 = 0.2794992370530963
Training loss on iteration 7280 = 0.42056978717446325
Training loss on iteration 7300 = 0.28061047587543725
Training loss on iteration 7320 = 0.24991761511191726
Training loss on iteration 7340 = 0.16204846007749438
Training loss on iteration 7360 = 0.21568875222001224
Training loss on iteration 7380 = 0.28078041644766927
Training loss on iteration 7400 = 0.2909791650250554
Training loss on iteration 7420 = 0.2559261444956064
Training loss on iteration 7440 = 0.2958827318623662
Training loss on iteration 7460 = 0.3189747263211757
Training loss on iteration 7480 = 0.23748957463540138
### EVAL:: Epoch 17:: Loss = 0.16765961362588852 :: ACC = 0.9340602770497941, AUC = 0.9200659844193656, EER = 0.1662298764507675
Training on epoch 18
Training loss on iteration 0 = 0.007930372841656208
Training loss on iteration 20 = 0.15673484625294803
Training loss on iteration 40 = 0.2001507225446403
Training loss on iteration 60 = 0.20924397544004023
Training loss on iteration 80 = 0.2048085528658703
Training loss on iteration 100 = 0.20983413821086289
Training loss on iteration 120 = 0.23894774690270423
Training loss on iteration 140 = 0.22527786721475423
Training loss on iteration 160 = 0.17834933835547417
Training loss on iteration 180 = 0.25301330611109735
Training loss on iteration 200 = 0.22002500682137907
Training loss on iteration 220 = 0.24650039009284228
Training loss on iteration 240 = 0.2510445864871144
Training loss on iteration 260 = 0.2747886394150555
Training loss on iteration 280 = 0.15541900545358658
Training loss on iteration 300 = 0.21526719788089393
Training loss on iteration 320 = 0.2359522077254951
Training loss on iteration 340 = 0.2405998026020825
Training loss on iteration 360 = 0.20397519897669553
Training loss on iteration 380 = 0.40121394479647277
Training loss on iteration 400 = 0.20977891995571554
Training loss on iteration 420 = 0.30792120383121074
Training loss on iteration 440 = 0.32506405434105545
Training loss on iteration 460 = 0.2983612591400743
Training loss on iteration 480 = 0.2546326335519552
Training loss on iteration 500 = 0.2971274131909013
Training loss on iteration 520 = 0.23181516509503125
Training loss on iteration 540 = 0.34842532658949493
Training loss on iteration 560 = 0.3096887356601655
Training loss on iteration 580 = 0.2772305227816105
Training loss on iteration 600 = 0.35599491484463214
Training loss on iteration 620 = 0.3131223367527127
Training loss on iteration 640 = 0.25343258790671824
Training loss on iteration 660 = 0.30862896973267195
Training loss on iteration 680 = 0.299106095219031
Training loss on iteration 700 = 0.293129401281476
Training loss on iteration 720 = 0.3464722628239542
Training loss on iteration 740 = 0.287913409830071
Training loss on iteration 760 = 0.3513496500207111
Training loss on iteration 780 = 0.2498713093344122
Training loss on iteration 800 = 0.2463959320448339
Training loss on iteration 820 = 0.2503735337406397
Training loss on iteration 840 = 0.3294779075309634
Training loss on iteration 860 = 0.13189222575165332
Training loss on iteration 880 = 0.20853676537517457
Training loss on iteration 900 = 0.2723590766545385
Training loss on iteration 920 = 0.2401772541925311
Training loss on iteration 940 = 0.1882408426143229
Training loss on iteration 960 = 0.20821322053670882
Training loss on iteration 980 = 0.17753624650649727
Training loss on iteration 1000 = 0.1780168792232871
Training loss on iteration 1020 = 0.23656413534190507
Training loss on iteration 1040 = 0.23143409444019197
Training loss on iteration 1060 = 0.42146139128599314
Training loss on iteration 1080 = 0.4044126988039352
Training loss on iteration 1100 = 0.23847394793992863
Training loss on iteration 1120 = 0.4900661795400083
Training loss on iteration 1140 = 0.28038552664220334
Training loss on iteration 1160 = 0.29475416596978904
Training loss on iteration 1180 = 0.16626084856688977
Training loss on iteration 1200 = 0.3056371470913291
Training loss on iteration 1220 = 0.2744435786269605
Training loss on iteration 1240 = 0.17473407450597733
Training loss on iteration 1260 = 0.3342584596015513
Training loss on iteration 1280 = 0.22932332064956426
Training loss on iteration 1300 = 0.28641062332317235
Training loss on iteration 1320 = 0.21039365185424685
Training loss on iteration 1340 = 0.14142828830517828
Training loss on iteration 1360 = 0.20149018112570047
Training loss on iteration 1380 = 0.23580807681428267
Training loss on iteration 1400 = 0.33252979908138514
Training loss on iteration 1420 = 0.2768960241228342
Training loss on iteration 1440 = 0.2494741164147854
Training loss on iteration 1460 = 0.22679446395486594
Training loss on iteration 1480 = 0.24858849009033293
Training loss on iteration 1500 = 0.263401575665921
Training loss on iteration 1520 = 0.3013618282973766
Training loss on iteration 1540 = 0.30623234902741386
Training loss on iteration 1560 = 0.20151682188734413
Training loss on iteration 1580 = 0.24352635778486728
Training loss on iteration 1600 = 0.1976121031679213
Training loss on iteration 1620 = 0.12305838068714366
Training loss on iteration 1640 = 0.29531969837844374
Training loss on iteration 1660 = 0.24591463105753064
Training loss on iteration 1680 = 0.21732390066608787
Training loss on iteration 1700 = 0.2571996129117906
Training loss on iteration 1720 = 0.16159125624690204
Training loss on iteration 1740 = 0.16560025522485375
Training loss on iteration 1760 = 0.19032544088549913
Training loss on iteration 1780 = 0.27640110831707715
Training loss on iteration 1800 = 0.2852029678178951
Training loss on iteration 1820 = 0.20600662322249264
Training loss on iteration 1840 = 0.26724372347816827
Training loss on iteration 1860 = 0.17636107429862022
Training loss on iteration 1880 = 0.18169634840451182
Training loss on iteration 1900 = 0.19956982019357383
Training loss on iteration 1920 = 0.28060088101774455
Training loss on iteration 1940 = 0.20942433121963405
Training loss on iteration 1960 = 0.1492586211534217
Training loss on iteration 1980 = 0.12261201071087272
Training loss on iteration 2000 = 0.2315991436014883
Training loss on iteration 2020 = 0.19797755451872945
Training loss on iteration 2040 = 0.36331319315358995
Training loss on iteration 2060 = 0.195426191505976
Training loss on iteration 2080 = 0.27053271618206054
Training loss on iteration 2100 = 0.21948642476927488
Training loss on iteration 2120 = 0.33199921026825907
Training loss on iteration 2140 = 0.3148909963667393
Training loss on iteration 2160 = 0.3278539908584207
Training loss on iteration 2180 = 0.4431763625238091
Training loss on iteration 2200 = 0.48111564659047873
Training loss on iteration 2220 = 0.32302332962863145
Training loss on iteration 2240 = 0.32672816375270486
Training loss on iteration 2260 = 0.2920699158683419
Training loss on iteration 2280 = 0.30862397477030756
Training loss on iteration 2300 = 0.2437815292738378
Training loss on iteration 2320 = 0.25580311892554164
Training loss on iteration 2340 = 0.2534337871009484
Training loss on iteration 2360 = 0.4006356782047078
Training loss on iteration 2380 = 0.36498269960284235
Training loss on iteration 2400 = 0.40162695525214076
Training loss on iteration 2420 = 0.4653489737771451
Training loss on iteration 2440 = 0.3372457419522107
Training loss on iteration 2460 = 0.3220957385376096
Training loss on iteration 2480 = 0.15563691831193865
Training loss on iteration 2500 = 0.32020987309515475
Training loss on iteration 2520 = 0.2006457848707214
Training loss on iteration 2540 = 0.1966115187853575
Training loss on iteration 2560 = 0.2543501941487193
Training loss on iteration 2580 = 0.28547870703041556
Training loss on iteration 2600 = 0.22519349488429724
Training loss on iteration 2620 = 0.16272734564263375
Training loss on iteration 2640 = 0.2291135398671031
Training loss on iteration 2660 = 0.27965337242931126
Training loss on iteration 2680 = 0.22981972291599959
Training loss on iteration 2700 = 0.22813435746356844
Training loss on iteration 2720 = 0.2370174800977111
Training loss on iteration 2740 = 0.3243846452794969
Training loss on iteration 2760 = 0.23528669793158768
Training loss on iteration 2780 = 0.19168541993713006
Training loss on iteration 2800 = 0.21212538060499356
Training loss on iteration 2820 = 0.22210319936275483
Training loss on iteration 2840 = 0.23923336872830986
Training loss on iteration 2860 = 0.306650329567492
Training loss on iteration 2880 = 0.31598676692228767
Training loss on iteration 2900 = 0.33133548519108447
Training loss on iteration 2920 = 0.27105537354946135
Training loss on iteration 2940 = 0.21841316502541303
Training loss on iteration 2960 = 0.2243253410793841
Training loss on iteration 2980 = 0.3094858600292355
Training loss on iteration 3000 = 0.31983277196995913
Training loss on iteration 3020 = 0.19516500886529684
Training loss on iteration 3040 = 0.25567005220800637
Training loss on iteration 3060 = 0.2751528981141746
Training loss on iteration 3080 = 0.268902947101742
Training loss on iteration 3100 = 0.22611922569049056
Training loss on iteration 3120 = 0.30279222088865937
Training loss on iteration 3140 = 0.23724521244876087
Training loss on iteration 3160 = 0.3217756932601333
Training loss on iteration 3180 = 0.3605004599317908
Training loss on iteration 3200 = 0.24980214359238745
Training loss on iteration 3220 = 0.24228083924390376
Training loss on iteration 3240 = 0.2026843350380659
Training loss on iteration 3260 = 0.2551115736365318
Training loss on iteration 3280 = 0.22807771917432546
Training loss on iteration 3300 = 0.38597814459353685
Training loss on iteration 3320 = 0.20881351293064654
Training loss on iteration 3340 = 0.273857360240072
Training loss on iteration 3360 = 0.21369647374376655
Training loss on iteration 3380 = 0.2804616040084511
Training loss on iteration 3400 = 0.23759772162884474
Training loss on iteration 3420 = 0.2703262763097882
Training loss on iteration 3440 = 0.41791599687421693
Training loss on iteration 3460 = 0.3377433281391859
Training loss on iteration 3480 = 0.29130928236991166
Training loss on iteration 3500 = 0.19916702867485583
Training loss on iteration 3520 = 0.5699760641902685
Training loss on iteration 3540 = 0.3999841439537704
Training loss on iteration 3560 = 0.4179774117656052
Training loss on iteration 3580 = 0.23559660683386027
Training loss on iteration 3600 = 0.2835906172636896
Training loss on iteration 3620 = 0.25459679728373885
Training loss on iteration 3640 = 0.19896619077771902
Training loss on iteration 3660 = 0.19657143028452992
Training loss on iteration 3680 = 0.19771956440526992
Training loss on iteration 3700 = 0.17824960872530937
Training loss on iteration 3720 = 0.24229687051847576
Training loss on iteration 3740 = 0.23015439361333848
Training loss on iteration 3760 = 0.24598592172842473
Training loss on iteration 3780 = 0.31223660418763755
Training loss on iteration 3800 = 0.25789694525301454
Training loss on iteration 3820 = 0.15297697097994387
Training loss on iteration 3840 = 0.3284551799297333
Training loss on iteration 3860 = 0.202462047804147
Training loss on iteration 3880 = 0.27763895760290325
Training loss on iteration 3900 = 0.29172543045133353
Training loss on iteration 3920 = 0.24222656544297932
Training loss on iteration 3940 = 0.2450861057266593
Training loss on iteration 3960 = 0.24670252203941345
Training loss on iteration 3980 = 0.20214114552363754
Training loss on iteration 4000 = 0.2510748275090009
Training loss on iteration 4020 = 0.27787158312276006
Training loss on iteration 4040 = 0.19644401501864195
Training loss on iteration 4060 = 0.29707808289676907
Training loss on iteration 4080 = 0.2283849715255201
Training loss on iteration 4100 = 0.2662938517518342
Training loss on iteration 4120 = 0.2117464890703559
Training loss on iteration 4140 = 0.24509335546754302
Training loss on iteration 4160 = 0.2568049231544137
Training loss on iteration 4180 = 0.20456630941480397
Training loss on iteration 4200 = 0.23895697137340904
Training loss on iteration 4220 = 0.23687886837869881
Training loss on iteration 4240 = 0.2226974972523749
Training loss on iteration 4260 = 0.22498240433633326
Training loss on iteration 4280 = 0.1451916851103306
Training loss on iteration 4300 = 0.2225249893963337
Training loss on iteration 4320 = 0.1494544880464673
Training loss on iteration 4340 = 0.3194829344982281
Training loss on iteration 4360 = 0.33583540506660936
Training loss on iteration 4380 = 0.31766189814079554
Training loss on iteration 4400 = 0.23426838936284183
Training loss on iteration 4420 = 0.190038847271353
Training loss on iteration 4440 = 0.23358231281163172
Training loss on iteration 4460 = 0.383624055236578
Training loss on iteration 4480 = 0.2887501722667366
Training loss on iteration 4500 = 0.31915669883601366
Training loss on iteration 4520 = 0.19716960084624588
Training loss on iteration 4540 = 0.2901440820191056
Training loss on iteration 4560 = 0.23501109359785916
Training loss on iteration 4580 = 0.2793518253136426
Training loss on iteration 4600 = 0.22663589068688453
Training loss on iteration 4620 = 0.2189073318615556
Training loss on iteration 4640 = 0.30151325426995756
Training loss on iteration 4660 = 0.21360242404043675
Training loss on iteration 4680 = 0.34230904129799455
Training loss on iteration 4700 = 0.3759197128936648
Training loss on iteration 4720 = 0.23557998109608888
Training loss on iteration 4740 = 0.4517220102250576
Training loss on iteration 4760 = 0.20958205149509013
Training loss on iteration 4780 = 0.23828419698402287
Training loss on iteration 4800 = 0.22071503717452287
Training loss on iteration 4820 = 0.19715443942695857
Training loss on iteration 4840 = 0.2008398690260947
Training loss on iteration 4860 = 0.23901408007368447
Training loss on iteration 4880 = 0.29818722475320103
Training loss on iteration 4900 = 0.1631784139026422
Training loss on iteration 4920 = 0.2815333613194525
Training loss on iteration 4940 = 0.18039467064663767
Training loss on iteration 4960 = 0.18638150177430363
Training loss on iteration 4980 = 0.3206540387647692
Training loss on iteration 5000 = 0.2261374951340258
Training loss on iteration 5020 = 0.2228169504320249
Training loss on iteration 5040 = 0.25409972784109414
Training loss on iteration 5060 = 0.20198395079933107
Training loss on iteration 5080 = 0.2382209798786789
Training loss on iteration 5100 = 0.3130911684129387
Training loss on iteration 5120 = 0.2811384237837046
Training loss on iteration 5140 = 0.31355748171918096
Training loss on iteration 5160 = 0.3438599358778447
Training loss on iteration 5180 = 0.2910442220745608
Training loss on iteration 5200 = 0.46592658702284095
Training loss on iteration 5220 = 0.3001554419286549
Training loss on iteration 5240 = 0.24641710584983229
Training loss on iteration 5260 = 0.4775968939065933
Training loss on iteration 5280 = 0.3047247264534235
Training loss on iteration 5300 = 0.18401705676224084
Training loss on iteration 5320 = 0.31893858499825
Training loss on iteration 5340 = 0.21427231412380934
Training loss on iteration 5360 = 0.17315735551528633
Training loss on iteration 5380 = 0.1638466076925397
Training loss on iteration 5400 = 0.28762096613645555
Training loss on iteration 5420 = 0.28370119696483015
Training loss on iteration 5440 = 0.20134216283913703
Training loss on iteration 5460 = 0.33647431395947935
Training loss on iteration 5480 = 0.31425727866590025
Training loss on iteration 5500 = 0.22482466329820455
Training loss on iteration 5520 = 0.3123446896672249
Training loss on iteration 5540 = 0.2631583356764168
Training loss on iteration 5560 = 0.21620031658094377
Training loss on iteration 5580 = 0.26045647193677723
Training loss on iteration 5600 = 0.29394081828650087
Training loss on iteration 5620 = 0.21370193467009813
Training loss on iteration 5640 = 0.2396644266322255
Training loss on iteration 5660 = 0.20635888064280153
Training loss on iteration 5680 = 0.2775989580200985
Training loss on iteration 5700 = 0.20440071319462733
Training loss on iteration 5720 = 0.16450614724308252
Training loss on iteration 5740 = 0.1657660042634234
Training loss on iteration 5760 = 0.2884912990033627
Training loss on iteration 5780 = 0.24408841989934443
Training loss on iteration 5800 = 0.3000450303778052
Training loss on iteration 5820 = 0.27884459048509597
Training loss on iteration 5840 = 0.2593033159384504
Training loss on iteration 5860 = 0.31707890923134985
Training loss on iteration 5880 = 0.2789647527039051
Training loss on iteration 5900 = 0.24467458347789944
Training loss on iteration 5920 = 0.3575814623385668
Training loss on iteration 5940 = 0.5105632826685905
Training loss on iteration 5960 = 0.3781875051558018
Training loss on iteration 5980 = 0.5132455901126377
Training loss on iteration 6000 = 0.36437746677547694
Training loss on iteration 6020 = 0.5356447890400886
Training loss on iteration 6040 = 0.27494644224643705
Training loss on iteration 6060 = 0.42580277323722837
Training loss on iteration 6080 = 0.272072923113592
Training loss on iteration 6100 = 0.3885247116908431
Training loss on iteration 6120 = 0.2993798243347555
Training loss on iteration 6140 = 0.3644397829659283
Training loss on iteration 6160 = 0.36035436633974316
Training loss on iteration 6180 = 0.19590660594403744
Training loss on iteration 6200 = 0.19500336153432726
Training loss on iteration 6220 = 0.4470489515457302
Training loss on iteration 6240 = 0.18926608408801257
Training loss on iteration 6260 = 0.3067671069409698
Training loss on iteration 6280 = 0.21453500892966987
Training loss on iteration 6300 = 0.25964495731750503
Training loss on iteration 6320 = 0.30537150679156183
Training loss on iteration 6340 = 0.22617054905276746
Training loss on iteration 6360 = 0.1647578683681786
Training loss on iteration 6380 = 0.18009755231905727
Training loss on iteration 6400 = 0.22774201575666667
Training loss on iteration 6420 = 0.1563605958595872
Training loss on iteration 6440 = 0.2203776367008686
Training loss on iteration 6460 = 0.32299214424565437
Training loss on iteration 6480 = 0.24958042036741973
Training loss on iteration 6500 = 0.2905717078596354
Training loss on iteration 6520 = 0.3372802727855742
Training loss on iteration 6540 = 0.27709710160270334
Training loss on iteration 6560 = 0.2526763536967337
Training loss on iteration 6580 = 0.3154239707393572
Training loss on iteration 6600 = 0.20073539018630981
Training loss on iteration 6620 = 0.2550683472305536
Training loss on iteration 6640 = 0.2239529125392437
Training loss on iteration 6660 = 0.27689671264961363
Training loss on iteration 6680 = 0.32300607338547704
Training loss on iteration 6700 = 0.34357539052143693
Training loss on iteration 6720 = 0.27826161999255417
Training loss on iteration 6740 = 0.3822597535327077
Training loss on iteration 6760 = 0.22874494418501853
Training loss on iteration 6780 = 0.23633810095489025
Training loss on iteration 6800 = 0.2995918277651072
Training loss on iteration 6820 = 0.3066057873424143
Training loss on iteration 6840 = 0.2521035418845713
Training loss on iteration 6860 = 0.397773131262511
Training loss on iteration 6880 = 0.36834950298070906
Training loss on iteration 6900 = 0.39397733360528947
Training loss on iteration 6920 = 0.21571204714709893
Training loss on iteration 6940 = 0.335056206677109
Training loss on iteration 6960 = 0.2824259638786316
Training loss on iteration 6980 = 0.2238954793661833
Training loss on iteration 7000 = 0.5439035601448268
Training loss on iteration 7020 = 0.3781527294777334
Training loss on iteration 7040 = 0.468568895093631
Training loss on iteration 7060 = 0.23798673935234546
Training loss on iteration 7080 = 0.24465287644416095
Training loss on iteration 7100 = 0.24567211363464594
Training loss on iteration 7120 = 0.2828118305653334
Training loss on iteration 7140 = 0.17452849354594946
Training loss on iteration 7160 = 0.25480864294804634
Training loss on iteration 7180 = 0.17060853652656077
Training loss on iteration 7200 = 0.20478209943976253
Training loss on iteration 7220 = 0.3878157861530781
Training loss on iteration 7240 = 0.2846723649650812
Training loss on iteration 7260 = 0.22506816000677646
Training loss on iteration 7280 = 0.24545498909428715
Training loss on iteration 7300 = 0.40681724715977907
Training loss on iteration 7320 = 0.34490946545265616
Training loss on iteration 7340 = 0.25433666352182627
Training loss on iteration 7360 = 0.2487526686862111
Training loss on iteration 7380 = 0.258208147296682
Training loss on iteration 7400 = 0.19897908966522665
Training loss on iteration 7420 = 0.2622312222141773
Training loss on iteration 7440 = 0.31132771228440104
Training loss on iteration 7460 = 0.36826464692130684
Training loss on iteration 7480 = 0.3081269359216094
### EVAL:: Epoch 18:: Loss = 0.29188100236565456 :: ACC = 0.8665761886933733, AUC = 0.7495979381338533, EER = 0.31795207787345564
Training on epoch 19
Training loss on iteration 0 = 0.2773556113243103
Training loss on iteration 20 = 0.3498417425900698
Training loss on iteration 40 = 0.26190429730340836
Training loss on iteration 60 = 0.24899793295189737
Training loss on iteration 80 = 0.3115166176110506
Training loss on iteration 100 = 0.25010666786693037
Training loss on iteration 120 = 0.32124651251360775
Training loss on iteration 140 = 0.2035842143348418
Training loss on iteration 160 = 0.215304708853364
Training loss on iteration 180 = 0.20843249468598515
Training loss on iteration 200 = 0.22909698421135544
Training loss on iteration 220 = 0.2738173259422183
Training loss on iteration 240 = 0.2511043737176806
Training loss on iteration 260 = 0.18345762360841036
Training loss on iteration 280 = 0.1917604107526131
Training loss on iteration 300 = 0.1839851626660675
Training loss on iteration 320 = 0.20649902215227484
Training loss on iteration 340 = 0.8885105774534168
Training loss on iteration 360 = 0.5255060928524472
Training loss on iteration 380 = 0.4501444909721613
Training loss on iteration 400 = 0.4102796284481883
Training loss on iteration 420 = 0.4628266543149948
Training loss on iteration 440 = 0.48066722486400976
Training loss on iteration 460 = 0.4040934892836958
Training loss on iteration 480 = 0.43266410417854784
Training loss on iteration 500 = 0.44930752627551557
Training loss on iteration 520 = 0.2858397403731942
Training loss on iteration 540 = 0.4586230680346489
Training loss on iteration 560 = 0.3034325785934925
Training loss on iteration 580 = 0.3126932559069246
Training loss on iteration 600 = 0.2925935296341777
Training loss on iteration 620 = 0.2900071479380131
Training loss on iteration 640 = 0.39034817526116966
Training loss on iteration 660 = 0.4989982582628727
Training loss on iteration 680 = 0.3607515785843134
Training loss on iteration 700 = 0.37395529318600895
Training loss on iteration 720 = 0.3124925622716546
Training loss on iteration 740 = 0.3639258693903685
Training loss on iteration 760 = 0.25238664932549
Training loss on iteration 780 = 0.47049411283805964
Training loss on iteration 800 = 0.5535375198349357
Training loss on iteration 820 = 0.21900463523343205
Training loss on iteration 840 = 0.33320690589025614
Training loss on iteration 860 = 0.3823184193111956
Training loss on iteration 880 = 0.3763011896982789
Training loss on iteration 900 = 0.34944784808903934
Training loss on iteration 920 = 0.32268587946891786
Training loss on iteration 940 = 0.20335718719288706
Training loss on iteration 960 = 0.2615710334852338
Training loss on iteration 980 = 0.3857464583590627
Training loss on iteration 1000 = 0.3059799462556839
Training loss on iteration 1020 = 0.37520366068929434
Training loss on iteration 1040 = 0.41301599219441415
Training loss on iteration 1060 = 0.3332347388379276
Training loss on iteration 1080 = 0.2572279816493392
Training loss on iteration 1100 = 0.3381296988576651
Training loss on iteration 1120 = 0.19207398742437362
Training loss on iteration 1140 = 0.2291911616921425
Training loss on iteration 1160 = 0.27624745219945906
Training loss on iteration 1180 = 0.27424105706159024
Training loss on iteration 1200 = 0.3390456814318895
Training loss on iteration 1220 = 0.14690430643968283
Training loss on iteration 1240 = 0.30242833714000883
Training loss on iteration 1260 = 0.3587650136556476
Training loss on iteration 1280 = 0.4094137197360396
Training loss on iteration 1300 = 0.31268626991659404
Training loss on iteration 1320 = 0.2816437310539186
Training loss on iteration 1340 = 0.16194679643958806
Training loss on iteration 1360 = 0.17126997224986554
Training loss on iteration 1380 = 0.3161483980715275
Training loss on iteration 1400 = 0.18562713200226427
Training loss on iteration 1420 = 0.2900353576987982
Training loss on iteration 1440 = 0.23584368526935579
Training loss on iteration 1460 = 0.15574316419661044
Training loss on iteration 1480 = 0.2989994389936328
Training loss on iteration 1500 = 0.25272163692861793
Training loss on iteration 1520 = 0.24311469215899706
Training loss on iteration 1540 = 0.21185648981481792
Training loss on iteration 1560 = 0.23615874126553535
Training loss on iteration 1580 = 0.14996910528279842
Training loss on iteration 1600 = 0.21998022040352225
Training loss on iteration 1620 = 0.26958087356761096
Training loss on iteration 1640 = 0.1827478520106524
Training loss on iteration 1660 = 0.2462031612172723
Training loss on iteration 1680 = 0.23389211972244084
Training loss on iteration 1700 = 0.23304032469168307
Training loss on iteration 1720 = 0.30104418359696866
Training loss on iteration 1740 = 0.28675025147385896
Training loss on iteration 1760 = 0.22533199433237314
Training loss on iteration 1780 = 0.18540393505245448
Training loss on iteration 1800 = 0.23488746006041766
Training loss on iteration 1820 = 0.24889024128206075
Training loss on iteration 1840 = 0.41101584061980245
Training loss on iteration 1860 = 0.32238983558490875
Training loss on iteration 1880 = 0.23116825614124537
Training loss on iteration 1900 = 0.18466518633067608
Training loss on iteration 1920 = 0.232735335547477
Training loss on iteration 1940 = 0.28212253665551545
Training loss on iteration 1960 = 0.219030356220901
Training loss on iteration 1980 = 0.28345518475398424
Training loss on iteration 2000 = 0.19153939988464116
Training loss on iteration 2020 = 0.19498311497736723
Training loss on iteration 2040 = 0.2787815284915268
Training loss on iteration 2060 = 0.21454533468931913
Training loss on iteration 2080 = 0.3367166444659233
Training loss on iteration 2100 = 0.32520032301545143
Training loss on iteration 2120 = 0.267768201418221
Training loss on iteration 2140 = 0.3815195230767131
Training loss on iteration 2160 = 0.34804095095023513
Training loss on iteration 2180 = 0.37519245145376773
Training loss on iteration 2200 = 0.314733352791518
Training loss on iteration 2220 = 0.2999155620578676
Training loss on iteration 2240 = 0.3423078670166433
Training loss on iteration 2260 = 0.2926195051986724
Training loss on iteration 2280 = 0.26254359958693385
Training loss on iteration 2300 = 0.39382289722561836
Training loss on iteration 2320 = 0.23745202850550412
Training loss on iteration 2340 = 0.28105398258194325
Training loss on iteration 2360 = 0.3981395089358557
Training loss on iteration 2380 = 0.30897682150825856
Training loss on iteration 2400 = 0.3284643040038645
Training loss on iteration 2420 = 0.24035861996235325
Training loss on iteration 2440 = 0.2603108070790768
Training loss on iteration 2460 = 0.34078199677169324
Training loss on iteration 2480 = 0.40466000214219094
Training loss on iteration 2500 = 0.33501186221838
Training loss on iteration 2520 = 0.2668273261748254
Training loss on iteration 2540 = 0.2930146369151771
Training loss on iteration 2560 = 0.2729822269640863
Training loss on iteration 2580 = 0.2178921088576317
Training loss on iteration 2600 = 0.20332931093871592
Training loss on iteration 2620 = 0.13557317294180393
Training loss on iteration 2640 = 0.29262131492141635
Training loss on iteration 2660 = 0.259081657230854
Training loss on iteration 2680 = 0.1934400693513453
Training loss on iteration 2700 = 0.25205244484823197
Training loss on iteration 2720 = 0.35634755771607163
Training loss on iteration 2740 = 0.2299447115510702
Training loss on iteration 2760 = 0.2205542868003249
Training loss on iteration 2780 = 0.20584128517657518
Training loss on iteration 2800 = 0.19362141019664705
Training loss on iteration 2820 = 0.2118313465733081
Training loss on iteration 2840 = 0.4018031019717455
Training loss on iteration 2860 = 0.29502891898155215
Training loss on iteration 2880 = 0.21526109389960765
Training loss on iteration 2900 = 0.20807167128659784
Training loss on iteration 2920 = 0.291879746876657
Training loss on iteration 2940 = 0.30937779471278193
Training loss on iteration 2960 = 0.2546425860375166
Training loss on iteration 2980 = 0.2537699739448726
Training loss on iteration 3000 = 0.23599993367679417
Training loss on iteration 3020 = 0.38418423291295767
Training loss on iteration 3040 = 0.38497026190161704
Training loss on iteration 3060 = 0.34856835212558507
Training loss on iteration 3080 = 0.6649014360737056
Training loss on iteration 3100 = 0.30173124838620424
Training loss on iteration 3120 = 0.23509467910043896
Training loss on iteration 3140 = 0.3352329734712839
Training loss on iteration 3160 = 0.6566908616572619
Training loss on iteration 3180 = 0.44303193520754575
Training loss on iteration 3200 = 0.5397501972271129
Training loss on iteration 3220 = 0.4178266406059265
Training loss on iteration 3240 = 0.18275254814652725
Training loss on iteration 3260 = 0.22986709866672755
Training loss on iteration 3280 = 0.2458496411330998
Training loss on iteration 3300 = 0.4175205847248435
Training loss on iteration 3320 = 0.3811421640217304
Training loss on iteration 3340 = 0.3838440507650375
Training loss on iteration 3360 = 0.3042610928416252
Training loss on iteration 3380 = 0.2637173695489764
Training loss on iteration 3400 = 0.33071902934461833
Training loss on iteration 3420 = 0.2284803449176252
Training loss on iteration 3440 = 0.15637243133969606
Training loss on iteration 3460 = 0.35312099400907754
Training loss on iteration 3480 = 0.24576639859005808
Training loss on iteration 3500 = 0.22838790360838174
Training loss on iteration 3520 = 0.27269656942225995
Training loss on iteration 3540 = 0.2382051356136799
Training loss on iteration 3560 = 0.25666365316137674
Training loss on iteration 3580 = 0.15415742448531092
Training loss on iteration 3600 = 0.2576286188326776
Training loss on iteration 3620 = 0.2521890826988965
Training loss on iteration 3640 = 0.1798297975445166
Training loss on iteration 3660 = 0.2811223689466715
Training loss on iteration 3680 = 0.25550033114850523
Training loss on iteration 3700 = 0.3553032040596008
Training loss on iteration 3720 = 0.24861124278977514
Training loss on iteration 3740 = 0.2675512131303549
Training loss on iteration 3760 = 0.38121229633688924
Training loss on iteration 3780 = 0.29004479479044676
Training loss on iteration 3800 = 0.2512131465598941
Training loss on iteration 3820 = 0.3300775209441781
Training loss on iteration 3840 = 0.2084639212116599
Training loss on iteration 3860 = 0.29646433335728944
Training loss on iteration 3880 = 0.1518351781181991
Training loss on iteration 3900 = 0.26345362635329367
Training loss on iteration 3920 = 0.32550086826086044
Training loss on iteration 3940 = 0.21676791347563268
Training loss on iteration 3960 = 0.2414122335612774
Training loss on iteration 3980 = 0.19028095807880163
Training loss on iteration 4000 = 0.2331382371019572
Training loss on iteration 4020 = 0.3069551865570247
Training loss on iteration 4040 = 0.19461277071386576
Training loss on iteration 4060 = 0.2549265239387751
Training loss on iteration 4080 = 0.22813049429096283
Training loss on iteration 4100 = 0.28224331326782703
Training loss on iteration 4120 = 0.2900753442198038
Training loss on iteration 4140 = 0.2988182544708252
Training loss on iteration 4160 = 0.21484701689332725
Training loss on iteration 4180 = 0.17079622973687947
Training loss on iteration 4200 = 0.27372027045348657
Training loss on iteration 4220 = 0.2958138657733798
Training loss on iteration 4240 = 0.24906087368726731
Training loss on iteration 4260 = 0.2631757276132703
Training loss on iteration 4280 = 0.1782737972214818
Training loss on iteration 4300 = 0.29378202818334104
Training loss on iteration 4320 = 0.4087176355998963
Training loss on iteration 4340 = 0.25402247374877335
Training loss on iteration 4360 = 0.3075834312476218
Training loss on iteration 4380 = 0.32339912266470494
Training loss on iteration 4400 = 0.4889839109033346
Training loss on iteration 4420 = 0.2867916630581021
Training loss on iteration 4440 = 0.3895719510968775
Training loss on iteration 4460 = 0.3010963166831061
Training loss on iteration 4480 = 0.22635408574715257
Training loss on iteration 4500 = 0.3659937513526529
Training loss on iteration 4520 = 0.31238653804175553
Training loss on iteration 4540 = 0.22323002768680453
Training loss on iteration 4560 = 0.37817577077075837
Training loss on iteration 4580 = 0.3491492846980691
Training loss on iteration 4600 = 0.41009434722363947
Training loss on iteration 4620 = 0.29101808853447436
Training loss on iteration 4640 = 0.3407391458749771
Training loss on iteration 4660 = 0.2344798417761922
Training loss on iteration 4680 = 0.25281753509771077
Training loss on iteration 4700 = 0.4323495589196682
Training loss on iteration 4720 = 0.33901502350345253
Training loss on iteration 4740 = 0.28833570182323454
Training loss on iteration 4760 = 0.1939119786955416
Training loss on iteration 4780 = 0.24443484526127576
Training loss on iteration 4800 = 0.1914023134857416
Training loss on iteration 4820 = 0.2208788269199431
Training loss on iteration 4840 = 0.24298509079962968
Training loss on iteration 4860 = 0.23072372786700726
Training loss on iteration 4880 = 0.22504523703828455
Training loss on iteration 4900 = 0.27384931351989505
Training loss on iteration 4920 = 0.17594206053763628
Training loss on iteration 4940 = 0.20606399439275264
Training loss on iteration 4960 = 0.27073564315214754
Training loss on iteration 4980 = 0.23599522188305855
Training loss on iteration 5000 = 0.1828737938310951
Training loss on iteration 5020 = 0.27307056952267883
Training loss on iteration 5040 = 0.23558815773576497
Training loss on iteration 5060 = 0.25087458891794084
Training loss on iteration 5080 = 0.3597266246099025
Training loss on iteration 5100 = 0.38464744449593125
Training loss on iteration 5120 = 0.4205431116744876
Training loss on iteration 5140 = 0.2783718887716532
Training loss on iteration 5160 = 0.33582046842202545
Training loss on iteration 5180 = 0.3448563823476434
Training loss on iteration 5200 = 0.3296381475403905
Training loss on iteration 5220 = 0.19407944129779936
Training loss on iteration 5240 = 0.27895022090524435
Training loss on iteration 5260 = 0.26317669949494304
Training loss on iteration 5280 = 0.3312308020424098
Training loss on iteration 5300 = 0.27907380294054746
Training loss on iteration 5320 = 0.3398792447289452
Training loss on iteration 5340 = 0.33362162453122435
Training loss on iteration 5360 = 0.3359811005182564
Training loss on iteration 5380 = 0.24861280303448438
Training loss on iteration 5400 = 0.22643642276525497
Training loss on iteration 5420 = 0.2523704307153821
Training loss on iteration 5440 = 0.28269276367500423
Training loss on iteration 5460 = 0.18043124340474606
Training loss on iteration 5480 = 0.24963119080057367
Training loss on iteration 5500 = 0.24384574345313012
Training loss on iteration 5520 = 0.1380495533812791
Training loss on iteration 5540 = 0.21231613159179688
Training loss on iteration 5560 = 0.3735426675528288
Training loss on iteration 5580 = 0.33647560691460965
Training loss on iteration 5600 = 0.24675604591611772
Training loss on iteration 5620 = 0.30170175260864196
Training loss on iteration 5640 = 0.19549568267539144
Training loss on iteration 5660 = 0.4214234981685877
Training loss on iteration 5680 = 0.31243437635712323
Training loss on iteration 5700 = 0.49943439275957646
Training loss on iteration 5720 = 0.23689652220346033
Training loss on iteration 5740 = 0.5102809084579348
Training loss on iteration 5760 = 0.5101820874027908
Training loss on iteration 5780 = 0.46545740820001813
Training loss on iteration 5800 = 0.3619980087969452
Training loss on iteration 5820 = 0.4105345035262872
Training loss on iteration 5840 = 0.40166213442571463
Training loss on iteration 5860 = 0.2818159730173647
Training loss on iteration 5880 = 0.2032371527981013
Training loss on iteration 5900 = 0.25597914904356
Training loss on iteration 5920 = 0.15080765275051816
Training loss on iteration 5940 = 0.31399378964561037
Training loss on iteration 5960 = 0.5080117408186198
Training loss on iteration 5980 = 0.49170472752302885
Training loss on iteration 6000 = 0.47656012712977824
Training loss on iteration 6020 = 0.4797408699989319
Training loss on iteration 6040 = 0.2728013491258025
Training loss on iteration 6060 = 0.2847166445106268
Training loss on iteration 6080 = 0.2658959047868848
Training loss on iteration 6100 = 0.2658914406783879
Training loss on iteration 6120 = 0.3239461594261229
Training loss on iteration 6140 = 0.27689478527754546
Training loss on iteration 6160 = 0.32176378071308137
Training loss on iteration 6180 = 0.16588399233296514
Training loss on iteration 6200 = 0.3807505048811436
Training loss on iteration 6220 = 0.23346923436038197
Training loss on iteration 6240 = 0.1862098343670368
Training loss on iteration 6260 = 0.2615871303714812
Training loss on iteration 6280 = 0.37740841079503296
Training loss on iteration 6300 = 0.2765822811052203
Training loss on iteration 6320 = 0.3139198338612914
Training loss on iteration 6340 = 0.3046617609448731
Training loss on iteration 6360 = 0.21395539734512567
Training loss on iteration 6380 = 0.19848711732774973
Training loss on iteration 6400 = 0.2829209899529815
Training loss on iteration 6420 = 0.19131507114507257
Training loss on iteration 6440 = 0.22749345833435655
Training loss on iteration 6460 = 0.31735094129107894
Training loss on iteration 6480 = 0.1875543838366866
Training loss on iteration 6500 = 0.21335378605872393
Training loss on iteration 6520 = 0.1245735226199031
Training loss on iteration 6540 = 0.18564773797988893
Training loss on iteration 6560 = 0.17307669995352626
Training loss on iteration 6580 = 0.2600639713346027
Training loss on iteration 6600 = 0.26086937030777335
Training loss on iteration 6620 = 0.22423436501994728
Training loss on iteration 6640 = 0.2968249541707337
Training loss on iteration 6660 = 0.19565812349319459
Training loss on iteration 6680 = 0.3602201726287603
Training loss on iteration 6700 = 0.23932581711560488
Training loss on iteration 6720 = 0.3269209751859307
Training loss on iteration 6740 = 0.233024818636477
Training loss on iteration 6760 = 0.2633918269071728
Training loss on iteration 6780 = 0.16699640108272434
Training loss on iteration 6800 = 0.29194470662623645
Training loss on iteration 6820 = 0.1804328566417098
Training loss on iteration 6840 = 0.304309916542843
Training loss on iteration 6860 = 0.27087723193690183
Training loss on iteration 6880 = 0.2193000783212483
Training loss on iteration 6900 = 0.22739011554513128
Training loss on iteration 6920 = 0.2841312212869525
Training loss on iteration 6940 = 0.3122391165466979
Training loss on iteration 6960 = 0.33221776941791176
Training loss on iteration 6980 = 0.3230768389068544
Training loss on iteration 7000 = 0.36877367382403464
Training loss on iteration 7020 = 0.23991573192179202
Training loss on iteration 7040 = 0.3247679097636137
Training loss on iteration 7060 = 0.22274833908304573
Training loss on iteration 7080 = 0.3755273145623505
Training loss on iteration 7100 = 0.28793059978634117
Training loss on iteration 7120 = 0.38848508093506096
Training loss on iteration 7140 = 0.2745366571471095
Training loss on iteration 7160 = 0.19154426539316774
Training loss on iteration 7180 = 0.38852227218449115
Training loss on iteration 7200 = 0.4187143947929144
Training loss on iteration 7220 = 0.29932743228564507
Training loss on iteration 7240 = 0.2693078381940722
Training loss on iteration 7260 = 0.25230308041209354
Training loss on iteration 7280 = 0.33962695132941007
Training loss on iteration 7300 = 0.3412287819199264
Training loss on iteration 7320 = 0.33666206486523154
Training loss on iteration 7340 = 0.27999318605288864
Training loss on iteration 7360 = 0.2759474513120949
Training loss on iteration 7380 = 0.3155486695468426
Training loss on iteration 7400 = 0.3142054019961506
Training loss on iteration 7420 = 0.32570705842226744
Training loss on iteration 7440 = 0.3732726540416479
Training loss on iteration 7460 = 0.2278483014088124
Training loss on iteration 7480 = 0.39617448952049017
### EVAL:: Epoch 19:: Loss = 0.264619662400959 :: ACC = 0.8884312991388993, AUC = 0.8388881478422161, EER = 0.24550730063646575
Training on epoch 20
Training loss on iteration 0 = 0.78224116563797
Training loss on iteration 20 = 0.31151989512145517
Training loss on iteration 40 = 0.2432053916156292
Training loss on iteration 60 = 0.40807829052209854
Training loss on iteration 80 = 0.2745512301102281
Training loss on iteration 100 = 0.37811225429177286
Training loss on iteration 120 = 0.3780011720955372
Training loss on iteration 140 = 0.25607754101511093
Training loss on iteration 160 = 0.23498831866309047
Training loss on iteration 180 = 0.32830113703384994
Training loss on iteration 200 = 0.2652820982504636
Training loss on iteration 220 = 0.20838784845545888
Training loss on iteration 240 = 0.23875414449721574
Training loss on iteration 260 = 0.2063226519152522
Training loss on iteration 280 = 0.29355442635715007
Training loss on iteration 300 = 0.22374945785850286
Training loss on iteration 320 = 0.34475445505231617
Training loss on iteration 340 = 0.2116670166142285
Training loss on iteration 360 = 0.24873781893402339
Training loss on iteration 380 = 0.31265389900654555
Training loss on iteration 400 = 0.2598481226712465
Training loss on iteration 420 = 0.20783945582807065
Training loss on iteration 440 = 0.3129584928974509
Training loss on iteration 460 = 0.3115755332633853
Training loss on iteration 480 = 0.26803536028601227
Training loss on iteration 500 = 0.2536540264263749
Training loss on iteration 520 = 0.31503664776682855
Training loss on iteration 540 = 0.2694898559479043
Training loss on iteration 560 = 0.3144996926188469
Training loss on iteration 580 = 0.20345263564959168
Training loss on iteration 600 = 0.3012132359668612
Training loss on iteration 620 = 0.23847402669489384
Training loss on iteration 640 = 0.38655273206532004
Training loss on iteration 660 = 0.29773408314213157
Training loss on iteration 680 = 0.2680545969866216
Training loss on iteration 700 = 0.4041329188738018
Training loss on iteration 720 = 0.2892988624051213
Training loss on iteration 740 = 0.19165696802083404
Training loss on iteration 760 = 0.2615252245217562
Training loss on iteration 780 = 0.27058336026966573
Training loss on iteration 800 = 0.29627335015684364
Training loss on iteration 820 = 0.282014836743474
Training loss on iteration 840 = 0.2912767951376736
Training loss on iteration 860 = 0.19190596649423242
Training loss on iteration 880 = 0.17108165831305086
Training loss on iteration 900 = 0.22422369371633977
Training loss on iteration 920 = 0.32451457204297185
Training loss on iteration 940 = 0.39744542315602305
Training loss on iteration 960 = 0.3221330460626632
Training loss on iteration 980 = 0.19202005183324217
Training loss on iteration 1000 = 0.3689850954338908
Training loss on iteration 1020 = 0.6500996071845293
Training loss on iteration 1040 = 0.5002974037575768
Training loss on iteration 1060 = 0.503671681554988
Training loss on iteration 1080 = 0.5765792095276993
Training loss on iteration 1100 = 0.3969724163063802
Training loss on iteration 1120 = 0.46612208653241394
Training loss on iteration 1140 = 0.4169802112155594
Training loss on iteration 1160 = 0.36178438779897987
Training loss on iteration 1180 = 0.24621263495646417
Training loss on iteration 1200 = 0.26761911502107977
Training loss on iteration 1220 = 0.247180044837296
Training loss on iteration 1240 = 0.2963247923180461
Training loss on iteration 1260 = 0.1990365227451548
Training loss on iteration 1280 = 0.28248666087165475
Training loss on iteration 1300 = 0.18304069396108388
Training loss on iteration 1320 = 0.2729417262133211
Training loss on iteration 1340 = 0.3036792724393308
Training loss on iteration 1360 = 0.2677983146160841
Training loss on iteration 1380 = 0.32645650636404755
Training loss on iteration 1400 = 0.23048777878284454
Training loss on iteration 1420 = 0.24212998766452073
Training loss on iteration 1440 = 0.37159603296313437
Training loss on iteration 1460 = 0.3864356677979231
Training loss on iteration 1480 = 0.24028610254172236
Training loss on iteration 1500 = 0.30727815865539015
Training loss on iteration 1520 = 0.18828686075285078
Training loss on iteration 1540 = 0.24277133168652654
Training loss on iteration 1560 = 0.38411247110925617
Training loss on iteration 1580 = 0.21414340126793832
Training loss on iteration 1600 = 0.2447407460771501
Training loss on iteration 1620 = 0.29196607060730456
Training loss on iteration 1640 = 0.3018350465223193
Training loss on iteration 1660 = 0.2942716168239713
Training loss on iteration 1680 = 0.2619971575215459
Training loss on iteration 1700 = 0.30615143589675425
Training loss on iteration 1720 = 0.4317092913202941
Training loss on iteration 1740 = 0.33870969511335713
Training loss on iteration 1760 = 0.2634807639755309
Training loss on iteration 1780 = 0.20818077009171249
Training loss on iteration 1800 = 0.1929516823962331
Training loss on iteration 1820 = 0.31138183602597563
Training loss on iteration 1840 = 0.3293135235086083
Training loss on iteration 1860 = 0.22238690163940192
Training loss on iteration 1880 = 0.2947404617443681
Training loss on iteration 1900 = 0.23267075438052415
Training loss on iteration 1920 = 0.3089783325791359
Training loss on iteration 1940 = 0.27587638096883893
Training loss on iteration 1960 = 0.34945389642380176
Training loss on iteration 1980 = 0.3459132842719555
Training loss on iteration 2000 = 0.2519481457769871
Training loss on iteration 2020 = 0.2849481953307986
Training loss on iteration 2040 = 0.26424074089154603
Training loss on iteration 2060 = 0.2763419385999441
Training loss on iteration 2080 = 0.23200905397534372
Training loss on iteration 2100 = 0.3358735468238592
Training loss on iteration 2120 = 0.20693129422143103
Training loss on iteration 2140 = 0.34554179236292837
Training loss on iteration 2160 = 0.25893985517323015
Training loss on iteration 2180 = 0.22192540615797043
Training loss on iteration 2200 = 0.22042146963067352
Training loss on iteration 2220 = 0.35362921992782503
Training loss on iteration 2240 = 0.3387352028861642
Training loss on iteration 2260 = 0.2772029161453247
Training loss on iteration 2280 = 0.22734419368207454
Training loss on iteration 2300 = 0.3181512509472668
Training loss on iteration 2320 = 0.8548921205103397
Training loss on iteration 2340 = 0.4911269059404731
Training loss on iteration 2360 = 0.38937750160694123
Training loss on iteration 2380 = 0.46163570061326026
Training loss on iteration 2400 = 0.38472266951575873
Training loss on iteration 2420 = 0.3013291446957737
Training loss on iteration 2440 = 0.25135707650333644
Training loss on iteration 2460 = 0.3585467770695686
Training loss on iteration 2480 = 0.29485080275917425
Training loss on iteration 2500 = 0.27926812171936033
Training loss on iteration 2520 = 0.38174361288547515
Training loss on iteration 2540 = 0.34410780034959315
Training loss on iteration 2560 = 0.2870348752476275
Training loss on iteration 2580 = 0.24296213760972024
Training loss on iteration 2600 = 0.30319612110033634
Training loss on iteration 2620 = 0.33408897910267116
Training loss on iteration 2640 = 0.23461702652275562
Training loss on iteration 2660 = 0.3313794217072427
Training loss on iteration 2680 = 0.28598832469433544
Training loss on iteration 2700 = 0.34322713501751423
Training loss on iteration 2720 = 0.15304480963386596
Training loss on iteration 2740 = 0.2986469492316246
Training loss on iteration 2760 = 0.2410685632377863
Training loss on iteration 2780 = 0.3396613886579871
Training loss on iteration 2800 = 0.25839883936569097
Training loss on iteration 2820 = 0.22900699493475257
Training loss on iteration 2840 = 0.23033369677141308
Training loss on iteration 2860 = 0.20735598527826368
Training loss on iteration 2880 = 0.23187816222198307
Training loss on iteration 2900 = 0.3666369623504579
Training loss on iteration 2920 = 0.22670719521120192
Training loss on iteration 2940 = 0.3233594797551632
Training loss on iteration 2960 = 0.4497685621492565
Training loss on iteration 2980 = 0.2568821210414171
Training loss on iteration 3000 = 0.35606619752943514
Training loss on iteration 3020 = 0.2662290848791599
Training loss on iteration 3040 = 0.3150264102034271
Training loss on iteration 3060 = 0.5474046276882291
Training loss on iteration 3080 = 0.5115430326783098
Training loss on iteration 3100 = 0.2441678972914815
Training loss on iteration 3120 = 0.3448192962445319
Training loss on iteration 3140 = 0.19600872420705856
Training loss on iteration 3160 = 0.28137531969696283
Training loss on iteration 3180 = 0.3669946327805519
Training loss on iteration 3200 = 0.26275610448792575
Training loss on iteration 3220 = 0.2360689572058618
Training loss on iteration 3240 = 0.3101922946050763
Training loss on iteration 3260 = 0.2548661672975868
Training loss on iteration 3280 = 0.21412973799742757
Training loss on iteration 3300 = 0.3493745656684041
Training loss on iteration 3320 = 0.2352169219404459
Training loss on iteration 3340 = 0.24594067186117172
Training loss on iteration 3360 = 0.2183995864354074
Training loss on iteration 3380 = 0.24194707069545984
Training loss on iteration 3400 = 0.2287450479809195
Training loss on iteration 3420 = 0.1255624846322462
Training loss on iteration 3440 = 0.2721778225153685
Training loss on iteration 3460 = 0.20440329369157553
Training loss on iteration 3480 = 0.18868716564029456
Training loss on iteration 3500 = 0.17257002303376795
Training loss on iteration 3520 = 0.2942443092353642
Training loss on iteration 3540 = 0.35270314663648605
Training loss on iteration 3560 = 0.22325818440876902
Training loss on iteration 3580 = 0.22580657415091993
Training loss on iteration 3600 = 0.2694249521940947
Training loss on iteration 3620 = 0.2901725981384516
Training loss on iteration 3640 = 0.273538763448596
Training loss on iteration 3660 = 0.19977063173428178
Training loss on iteration 3680 = 0.31429169941693547
Training loss on iteration 3700 = 0.2079856325406581
Training loss on iteration 3720 = 0.3487732947338372
Training loss on iteration 3740 = 0.26566508123651145
Training loss on iteration 3760 = 0.3172264827415347
Training loss on iteration 3780 = 0.23001538282260298
Training loss on iteration 3800 = 0.2008536537643522
Training loss on iteration 3820 = 0.19429683312773705
Training loss on iteration 3840 = 0.35024199038743975
Training loss on iteration 3860 = 0.25135295586660505
Training loss on iteration 3880 = 0.20359112517908215
Training loss on iteration 3900 = 0.2229719826951623
Training loss on iteration 3920 = 0.3602799642831087
Training loss on iteration 3940 = 0.2769180934410542
Training loss on iteration 3960 = 0.19660832546651363
Training loss on iteration 3980 = 0.3446538466960192
Training loss on iteration 4000 = 0.5039971437305212
Training loss on iteration 4020 = 0.30730354161933066
Training loss on iteration 4040 = 0.2514505317434669
Training loss on iteration 4060 = 0.2323257598094642
Training loss on iteration 4080 = 0.3608128768391907
Training loss on iteration 4100 = 0.24705975502729416
Training loss on iteration 4120 = 0.2943113446235657
Training loss on iteration 4140 = 0.24401847682893277
Training loss on iteration 4160 = 0.2454682497307658
Training loss on iteration 4180 = 0.2761668525636196
Training loss on iteration 4200 = 0.24837394366040827
Training loss on iteration 4220 = 0.3232741143554449
Training loss on iteration 4240 = 0.2695936655625701
Training loss on iteration 4260 = 0.1907710193656385
Training loss on iteration 4280 = 0.280120930634439
Training loss on iteration 4300 = 0.2735727380029857
Training loss on iteration 4320 = 0.34250762294977904
Training loss on iteration 4340 = 0.18056608755141496
Training loss on iteration 4360 = 0.21993038216605781
Training loss on iteration 4380 = 0.29491053068777545
Training loss on iteration 4400 = 0.2179570128209889
Training loss on iteration 4420 = 0.22916245381347836
Training loss on iteration 4440 = 0.33221321143209936
Training loss on iteration 4460 = 0.329976574331522
Training loss on iteration 4480 = 0.33970335563644766
Training loss on iteration 4500 = 0.3088911635801196
Training loss on iteration 4520 = 0.7200083151459694
Training loss on iteration 4540 = 0.3475462632603012
Training loss on iteration 4560 = 0.719675146182999
Training loss on iteration 4580 = 0.38318684847909024
Training loss on iteration 4600 = 0.36970550776459277
Training loss on iteration 4620 = 0.5554684534203261
Training loss on iteration 4640 = 0.38981673754751683
Training loss on iteration 4660 = 0.3676628925837576
Training loss on iteration 4680 = 0.34531206006649884
Training loss on iteration 4700 = 0.20958331250585616
Training loss on iteration 4720 = 0.3350892221555114
Training loss on iteration 4740 = 0.2114009480457753
Training loss on iteration 4760 = 0.19045308220665902
Training loss on iteration 4780 = 0.3001728448551148
Training loss on iteration 4800 = 0.3609233793336898
Training loss on iteration 4820 = 0.44747797790914773
Training loss on iteration 4840 = 0.3935302793979645
Training loss on iteration 4860 = 0.3569396767765284
Training loss on iteration 4880 = 0.29123809216544033
Training loss on iteration 4900 = 0.3096045914106071
Training loss on iteration 4920 = 0.37073204983025787
Training loss on iteration 4940 = 0.3303864892572165
Training loss on iteration 4960 = 0.31311419906560334
Training loss on iteration 4980 = 0.33188718985766175
Training loss on iteration 5000 = 0.34670213069184685
Training loss on iteration 5020 = 0.28208453331608324
Training loss on iteration 5040 = 0.16324300244450568
Training loss on iteration 5060 = 0.25835205796174704
Training loss on iteration 5080 = 0.22884610360488294
Training loss on iteration 5100 = 0.22040681010112168
Training loss on iteration 5120 = 0.26744500091299417
Training loss on iteration 5140 = 0.23281757943332196
Training loss on iteration 5160 = 0.24230832178145648
Training loss on iteration 5180 = 0.23495721621438861
Training loss on iteration 5200 = 0.27705443408340213
Training loss on iteration 5220 = 0.2184850781224668
Training loss on iteration 5240 = 0.2947815490886569
Training loss on iteration 5260 = 0.17449194574728608
Training loss on iteration 5280 = 0.34240693468600514
Training loss on iteration 5300 = 0.19967006370425225
Training loss on iteration 5320 = 0.167700669541955
Training loss on iteration 5340 = 0.2948321260511875
Training loss on iteration 5360 = 0.23246252816170454
Training loss on iteration 5380 = 0.2070651875808835
Training loss on iteration 5400 = 0.20890392512083053
Training loss on iteration 5420 = 0.2991104658693075
Training loss on iteration 5440 = 0.2765391390770674
Training loss on iteration 5460 = 0.2273785077035427
Training loss on iteration 5480 = 0.3685196871869266
Training loss on iteration 5500 = 0.30978183802217246
Training loss on iteration 5520 = 0.24242210537195205
Training loss on iteration 5540 = 0.2569730330258608
Training loss on iteration 5560 = 0.27535027377307414
Training loss on iteration 5580 = 0.28258511452004315
Training loss on iteration 5600 = 0.30327433804050086
Training loss on iteration 5620 = 0.24994394294917582
Training loss on iteration 5640 = 0.2760540425777435
Training loss on iteration 5660 = 0.2113795755431056
Training loss on iteration 5680 = 0.314596401154995
Training loss on iteration 5700 = 0.20494367256760598
Training loss on iteration 5720 = 0.22036087829619647
Training loss on iteration 5740 = 0.32764003253541885
Training loss on iteration 5760 = 0.2585735254921019
Training loss on iteration 5780 = 0.24763698922470212
Training loss on iteration 5800 = 0.250985080935061
Training loss on iteration 5820 = 0.23945724172517657
Training loss on iteration 5840 = 0.21694914204999804
Training loss on iteration 5860 = 0.24151202905923128
Training loss on iteration 5880 = 0.15602582339197396
Training loss on iteration 5900 = 0.12349167363718153
Training loss on iteration 5920 = 0.3236712025012821
Training loss on iteration 5940 = 0.36791686741635204
Training loss on iteration 5960 = 0.3630266571417451
Training loss on iteration 5980 = 0.1672952653374523
Training loss on iteration 6000 = 0.2545245105487993
Training loss on iteration 6020 = 0.2906341303372756
Training loss on iteration 6040 = 0.2575992670375854
Training loss on iteration 6060 = 0.21294654291123152
Training loss on iteration 6080 = 0.3025125551968813
Training loss on iteration 6100 = 0.24955729646608232
Training loss on iteration 6120 = 0.23402220839634538
Training loss on iteration 6140 = 0.3165460793767124
Training loss on iteration 6160 = 0.3468879723921418
Training loss on iteration 6180 = 0.5105685479473323
Training loss on iteration 6200 = 0.37122117150574924
Training loss on iteration 6220 = 0.40687391282990576
Training loss on iteration 6240 = 0.20634736008942128
Training loss on iteration 6260 = 0.2028540850384161
Training loss on iteration 6280 = 0.2637648057192564
Training loss on iteration 6300 = 0.3498175836633891
Training loss on iteration 6320 = 0.2698272651061416
Training loss on iteration 6340 = 0.3342447685077786
Training loss on iteration 6360 = 0.19457190297544003
Training loss on iteration 6380 = 0.27767251995392145
Training loss on iteration 6400 = 0.3429373364895582
Training loss on iteration 6420 = 0.2289839151315391
Training loss on iteration 6440 = 0.3041489333845675
Training loss on iteration 6460 = 0.24732789599802346
Training loss on iteration 6480 = 0.27041222210973503
Training loss on iteration 6500 = 0.19344277353957295
Training loss on iteration 6520 = 0.14607134743127972
Training loss on iteration 6540 = 0.37009726143442095
Training loss on iteration 6560 = 0.21296396357938646
Training loss on iteration 6580 = 0.26589942825958135
Training loss on iteration 6600 = 0.23067667633295058
Training loss on iteration 6620 = 0.197560653090477
Training loss on iteration 6640 = 0.38568458165973424
Training loss on iteration 6660 = 0.23573088496923447
Training loss on iteration 6680 = 0.38815081901848314
Training loss on iteration 6700 = 0.3427498454693705
Training loss on iteration 6720 = 0.2015026519075036
Training loss on iteration 6740 = 0.2694910638500005
Training loss on iteration 6760 = 0.2937816665507853
Training loss on iteration 6780 = 0.3054950657766312
Training loss on iteration 6800 = 0.26399322925135493
Training loss on iteration 6820 = 0.2342974599916488
Training loss on iteration 6840 = 0.3625141659285873
Training loss on iteration 6860 = 0.2604656408075243
Training loss on iteration 6880 = 0.43498930595815183
Training loss on iteration 6900 = 0.29398837527260185
Training loss on iteration 6920 = 0.27273615202866497
Training loss on iteration 6940 = 0.2603339501656592
Training loss on iteration 6960 = 0.23310020174831153
Training loss on iteration 6980 = 0.20814949180930853
Training loss on iteration 7000 = 0.31863477095030246
Training loss on iteration 7020 = 0.2518865495920181
Training loss on iteration 7040 = 0.247739411983639
Training loss on iteration 7060 = 0.18753402903676034
Training loss on iteration 7080 = 0.19343174770474433
Training loss on iteration 7100 = 0.18957977066747844
Training loss on iteration 7120 = 0.21127162281190975
Training loss on iteration 7140 = 0.21004157401621343
Training loss on iteration 7160 = 0.15592803184408693
Training loss on iteration 7180 = 0.24548007696866989
Training loss on iteration 7200 = 0.2159453741274774
Training loss on iteration 7220 = 0.29569570468738676
Training loss on iteration 7240 = 0.2427856743335724
Training loss on iteration 7260 = 0.22029085336253046
Training loss on iteration 7280 = 0.370776149793528
Training loss on iteration 7300 = 0.23386651407927275
Training loss on iteration 7320 = 0.2962727263569832
Training loss on iteration 7340 = 0.24793580118566752
Training loss on iteration 7360 = 0.23610818292945623
Training loss on iteration 7380 = 0.2130565402098
Training loss on iteration 7400 = 0.24971806870307772
Training loss on iteration 7420 = 0.33837133590131996
Training loss on iteration 7440 = 0.284825508762151
Training loss on iteration 7460 = 0.25358689613640306
Training loss on iteration 7480 = 0.2721167718991637
### EVAL:: Epoch 20:: Loss = 0.26389098552817347 :: ACC = 0.8958255335080494, AUC = 0.9244855418046573, EER = 0.15162860351928117
### Out of domain:: Best epoch 16 :: ACC = 0.4686570924666163, AUC = 0.5062936358440804, EER = 0.49538926681783824
recorded: {'exp_name': 'en_septr_r02', 'model': 'septr', 'train': 'commonvoice-en', 'test': 'mailabs-en', 'in_acc': 0.9427180831149382, 'in_auc': 0.8607614408456343, 'in_eer': 0.237177087233246, 'cross_acc': 0.4686570924666163, 'cross_auc': 0.5062936358440804, 'cross_eer': 0.49538926681783824}

Done. Results -> /project/home/p201284/guo/xmad-bench-repro/results_en_septr_r02.csv
Done (en_septr_r02). Metrics -> /project/home/p201284/guo/xmad-bench-repro/results_en_septr_r02.csv ; logs/checkpoints under detection/experiments/.
