>> activated env: /project/home/p201284/guo/xmad-bench-repro/venv/bin/activate  (Python 3.13.12)
>> torch 2.12.0+cu132 | CUDA available: True
Applying resumable-training patch...
  already patched: /project/home/p201284/guo/xmad-bench-repro/detection/trainer.py
  trainer.py is valid Python.
Done. Killed runs now continue from their last completed epoch.
>> Generating configs for: ar  (models: ast, tag=ar_ast_r03, GPU=3)
Wrote 1 configs to /project/home/p201284/guo/xmad-bench-repro/repro_tools/stepB/configs_ar_ast_r03/  (languages: ar)
>> single-repeat mode: this process runs ONLY repeat r03
root_path: /project/home/p201284/guo/xmad_data/
multilingual: True  model check for config: /project/home/p201284/guo/xmad-bench-repro/repro_tools/stepB/configs_ar_ast_r03/config_ar_ast.json

  OK  commonvoice-ar       rows=76602    sep=','
  OK  masc                 rows=12984    sep=','

PRE-FLIGHT PASSED — data layout looks correct for this config.

=== RUN ar_ast_r03 (model=ast) ===

Loading weights:   0%|          | 0/199 [00:00<?, ?it/s]
Loading weights:  16%|█▌        | 32/199 [00:00<00:00, 319.66it/s]
Loading weights:  32%|███▏      | 64/199 [00:00<00:00, 218.84it/s]
Loading weights:  44%|████▍     | 88/199 [00:00<00:00, 189.99it/s]
Loading weights:  62%|██████▏   | 123/199 [00:00<00:00, 237.51it/s]
Loading weights:  75%|███████▍  | 149/199 [00:00<00:00, 221.18it/s]
Loading weights: 100%|██████████| 199/199 [00:00<00:00, 266.08it/s]
[transformers] [1mASTModel LOAD REPORT[0m from: MIT/ast-finetuned-audioset-10-10-0.4593
Key                         | Status     |  | 
----------------------------+------------+--+-
classifier.dense.bias       | UNEXPECTED |  | 
classifier.layernorm.bias   | UNEXPECTED |  | 
classifier.layernorm.weight | UNEXPECTED |  | 
classifier.dense.weight     | UNEXPECTED |  | 

Notes:
- UNEXPECTED:	can be ignored when loading from different task/architecture; not ok if you expect identical arch.
HTTP Error 504 thrown while requesting HEAD https://huggingface.co/MIT/ast-finetuned-audioset-10-10-0.4593/resolve/main/processor_config.json
Retrying in 1s [Retry 1/5].
HTTP Error 504 thrown while requesting HEAD https://huggingface.co/MIT/ast-finetuned-audioset-10-10-0.4593/resolve/main/processor_config.json
Retrying in 2s [Retry 2/5].
HTTP Error 504 thrown while requesting HEAD https://huggingface.co/MIT/ast-finetuned-audioset-10-10-0.4593/resolve/main/processor_config.json
Retrying in 4s [Retry 3/5].
HTTP Error 504 thrown while requesting HEAD https://huggingface.co/MIT/ast-finetuned-audioset-10-10-0.4593/resolve/main/processor_config.json
Retrying in 8s [Retry 4/5].
HTTP Error 504 thrown while requesting HEAD https://huggingface.co/MIT/ast-finetuned-audioset-10-10-0.4593/resolve/main/processor_config.json
Retrying in 8s [Retry 5/5].
HTTP Error 504 thrown while requesting HEAD https://huggingface.co/MIT/ast-finetuned-audioset-10-10-0.4593/resolve/main/processor_config.json
/mnt/tier2/project/p201284/guo/xmad-bench-repro/venv/lib/python3.13/site-packages/transformers/audio_utils.py:704: UserWarning: At least one mel filter has all zero values. The value for `num_mel_filters` (128) may be set too high. Or, the value for `num_frequency_bins` (257) may be set too low.
  warnings.warn(
commonvoice-ar
HTTP Error 504 thrown while requesting HEAD https://huggingface.co/MIT/ast-finetuned-audioset-10-10-0.4593/resolve/main/processor_config.json
Retrying in 1s [Retry 1/5].
HTTP Error 504 thrown while requesting HEAD https://huggingface.co/MIT/ast-finetuned-audioset-10-10-0.4593/resolve/main/processor_config.json
Retrying in 2s [Retry 2/5].
HTTP Error 504 thrown while requesting HEAD https://huggingface.co/MIT/ast-finetuned-audioset-10-10-0.4593/resolve/main/processor_config.json
Retrying in 4s [Retry 3/5].
HTTP Error 504 thrown while requesting HEAD https://huggingface.co/MIT/ast-finetuned-audioset-10-10-0.4593/resolve/main/processor_config.json
Retrying in 8s [Retry 4/5].
HTTP Error 504 thrown while requesting HEAD https://huggingface.co/MIT/ast-finetuned-audioset-10-10-0.4593/resolve/main/processor_config.json
Retrying in 8s [Retry 5/5].
HTTP Error 504 thrown while requesting HEAD https://huggingface.co/MIT/ast-finetuned-audioset-10-10-0.4593/resolve/main/processor_config.json
/mnt/tier2/project/p201284/guo/xmad-bench-repro/venv/lib/python3.13/site-packages/transformers/audio_utils.py:704: UserWarning: At least one mel filter has all zero values. The value for `num_mel_filters` (128) may be set too high. Or, the value for `num_frequency_bins` (257) may be set too low.
  warnings.warn(
commonvoice-ar
HTTP Error 504 thrown while requesting HEAD https://huggingface.co/MIT/ast-finetuned-audioset-10-10-0.4593/resolve/main/processor_config.json
Retrying in 1s [Retry 1/5].
HTTP Error 504 thrown while requesting HEAD https://huggingface.co/MIT/ast-finetuned-audioset-10-10-0.4593/resolve/main/processor_config.json
Retrying in 2s [Retry 2/5].
HTTP Error 504 thrown while requesting HEAD https://huggingface.co/MIT/ast-finetuned-audioset-10-10-0.4593/resolve/main/processor_config.json
Retrying in 4s [Retry 3/5].
HTTP Error 504 thrown while requesting HEAD https://huggingface.co/MIT/ast-finetuned-audioset-10-10-0.4593/resolve/main/processor_config.json
Retrying in 8s [Retry 4/5].
HTTP Error 504 thrown while requesting HEAD https://huggingface.co/MIT/ast-finetuned-audioset-10-10-0.4593/resolve/main/processor_config.json
Retrying in 8s [Retry 5/5].
HTTP Error 504 thrown while requesting HEAD https://huggingface.co/MIT/ast-finetuned-audioset-10-10-0.4593/resolve/main/processor_config.json
/mnt/tier2/project/p201284/guo/xmad-bench-repro/venv/lib/python3.13/site-packages/transformers/audio_utils.py:704: UserWarning: At least one mel filter has all zero values. The value for `num_mel_filters` (128) may be set too high. Or, the value for `num_frequency_bins` (257) may be set too low.
  warnings.warn(
Training on epoch 1
Training loss on iteration 0 = 1.581855058670044
Training loss on iteration 20 = 1.110686045885086
Training loss on iteration 40 = 0.7667288482189178
Training loss on iteration 60 = 0.6739490628242493
Training loss on iteration 80 = 0.6514407768845558
Training loss on iteration 100 = 0.49101025611162186
Training loss on iteration 120 = 0.28809901596978305
Training loss on iteration 140 = 0.23939395071938635
Training loss on iteration 160 = 0.5835580341517925
Training loss on iteration 180 = 0.19104686733335258
Training loss on iteration 200 = 0.1397840157849714
Training loss on iteration 220 = 0.2044414296746254
Training loss on iteration 240 = 0.07145794101525098
Training loss on iteration 260 = 0.12720044614979997
Training loss on iteration 280 = 0.07741789019200951
Training loss on iteration 300 = 0.07241930125746876
Training loss on iteration 320 = 0.20418569752946497
Training loss on iteration 340 = 0.07100959351519123
Training loss on iteration 360 = 0.07125115029048175
Training loss on iteration 380 = 0.0796483131533023
Training loss on iteration 400 = 0.10739081356441602
Training loss on iteration 420 = 0.1940096727455966
Training loss on iteration 440 = 0.10377488248050212
Training loss on iteration 460 = 0.03367084707715549
Training loss on iteration 480 = 0.10902870221761987
Training loss on iteration 500 = 0.16979358493990732
Training loss on iteration 520 = 0.09160080826841295
Training loss on iteration 540 = 0.07591365505359135
Training loss on iteration 560 = 0.09427841825818177
Training loss on iteration 580 = 0.08202401757007464
Training loss on iteration 600 = 0.2072675136383623
Training loss on iteration 620 = 0.060684268560726194
Training loss on iteration 640 = 0.1646226797311101
Training loss on iteration 660 = 0.12123731772881001
Training loss on iteration 680 = 0.06828041054541245
Training loss on iteration 700 = 0.06936085172346793
Training loss on iteration 720 = 0.04671197317511542
Training loss on iteration 740 = 0.04332215241447557
Training loss on iteration 760 = 0.04929826305015013
Training loss on iteration 780 = 0.0071368319571774915
Training loss on iteration 800 = 0.09766865959827556
Training loss on iteration 820 = 0.05501641152659431
Training loss on iteration 840 = 0.12646488259197214
Training loss on iteration 860 = 0.09471125009004026
Training loss on iteration 880 = 0.07712346862535924
Training loss on iteration 900 = 0.023586439131759108
Training loss on iteration 920 = 0.02255216558551183
Training loss on iteration 940 = 0.046649272882496005
Training loss on iteration 960 = 0.018528280130703935
Training loss on iteration 980 = 0.042780738144938366
Training loss on iteration 1000 = 0.04293240483966656
Training loss on iteration 1020 = 0.004702508097398095
Training loss on iteration 1040 = 0.0020061503710167017
Training loss on iteration 1060 = 0.13653697961417494
Training loss on iteration 1080 = 0.023152801734977402
Training loss on iteration 1100 = 0.009195291729702149
Training loss on iteration 1120 = 0.026298022185437732
Training loss on iteration 1140 = 0.0035174397722585126
Training loss on iteration 1160 = 0.19977939990544655
Training loss on iteration 1180 = 0.13079497800208628
Training loss on iteration 1200 = 0.12641362403519452
Training loss on iteration 1220 = 0.1423477909178473
Training loss on iteration 1240 = 0.17521603954955936
Training loss on iteration 1260 = 0.14775382813531907
Training loss on iteration 1280 = 0.037414984800852834
Training loss on iteration 1300 = 0.0867617966956459
Training loss on iteration 1320 = 0.09836683000903576
Training loss on iteration 1340 = 0.02533445099252276
Training loss on iteration 1360 = 0.07129793602507561
Training loss on iteration 1380 = 0.049596689129248264
Training loss on iteration 1400 = 0.08529990462120622
Training loss on iteration 1420 = 0.04163867653114721
Training loss on iteration 1440 = 0.0880309735366609
Training loss on iteration 1460 = 0.09470042461762204
Training loss on iteration 1480 = 0.08361063278280198
Training loss on iteration 1500 = 0.06368684122571722
Training loss on iteration 1520 = 0.08983897990547121
Training loss on iteration 1540 = 0.17251009231986245
Training loss on iteration 1560 = 0.0883903632638976
Training loss on iteration 1580 = 0.11253088505472988
Training loss on iteration 1600 = 0.011062924857833422
Training loss on iteration 1620 = 0.035865511305746625
Training loss on iteration 1640 = 0.030967636642162687
Training loss on iteration 1660 = 0.099631622779998
Training loss on iteration 1680 = 0.052629603259265426
Training loss on iteration 1700 = 0.058719206531532106
Training loss on iteration 1720 = 0.1254943360807374
Training loss on iteration 1740 = 0.13633120481390507
Training loss on iteration 1760 = 0.030525070417206736
Training loss on iteration 1780 = 0.08389923934118997
Training loss on iteration 1800 = 0.08379328844312113
Training loss on iteration 1820 = 0.04594673274550587
Training loss on iteration 1840 = 0.03458820744417608
Training loss on iteration 1860 = 0.021768204972613604
Training loss on iteration 1880 = 0.09621937862830236
Training loss on iteration 1900 = 0.07537552320864052
Training loss on iteration 1920 = 0.03399562008562498
Training loss on iteration 1940 = 0.0026904652855591848
Training loss on iteration 1960 = 0.0849429234964191
Training loss on iteration 1980 = 0.050495900004170834
Training loss on iteration 2000 = 0.23029651224496775
Training loss on iteration 2020 = 0.15082713370211423
Training loss on iteration 2040 = 0.05882202826905995
Training loss on iteration 2060 = 0.10581526712048799
Training loss on iteration 2080 = 0.06510903298621998
Training loss on iteration 2100 = 0.08923432109877467
Training loss on iteration 2120 = 0.03313848589896225
Training loss on iteration 2140 = 0.01855325878714211
Training loss on iteration 2160 = 0.004330215568552375
Training loss on iteration 2180 = 0.20868262373332983
Training loss on iteration 2200 = 0.06723364586941898
Training loss on iteration 2220 = 0.03728012863721233
Training loss on iteration 2240 = 0.037784299385384655
Training loss on iteration 2260 = 0.3759650781285018
Training loss on iteration 2280 = 0.152738798270002
Training loss on iteration 2300 = 0.04648968420224264
Training loss on iteration 2320 = 0.12083687661215663
Training loss on iteration 2340 = 0.07801082590594888
Training loss on iteration 2360 = 0.06114394755568355
Training loss on iteration 2380 = 0.04641340008820407
Training loss on iteration 2400 = 0.08032708506216295
Training loss on iteration 2420 = 0.06121738504152745
Training loss on iteration 2440 = 0.048758292198181154
Training loss on iteration 2460 = 0.03324112113332376
Training loss on iteration 2480 = 0.020943630154943094
Training loss on iteration 2500 = 0.05347145323103177
Training loss on iteration 2520 = 0.10287795145995915
Training loss on iteration 2540 = 0.01644609973882325
Training loss on iteration 2560 = 0.04966728414001409
Training loss on iteration 2580 = 0.06840047884907108
Training loss on iteration 2600 = 0.04178695041919127
Training loss on iteration 2620 = 0.054581245948793364
Training loss on iteration 2640 = 0.034126596995338335
Training loss on iteration 2660 = 0.08706724559597205
Training loss on iteration 2680 = 0.06449396092211827
Training loss on iteration 2700 = 0.011717641301220282
Training loss on iteration 2720 = 0.07372817229188514
Training loss on iteration 2740 = 0.03286149872001261
Training loss on iteration 2760 = 0.029369028471410274
Training loss on iteration 2780 = 0.03575549874803983
Training loss on iteration 2800 = 0.0357259129290469
Training loss on iteration 2820 = 0.12737126189749687
Training loss on iteration 2840 = 0.03909687142586336
Training loss on iteration 2860 = 0.011836007554666138
Training loss on iteration 2880 = 0.1033269871462835
Training loss on iteration 2900 = 0.04421143670915626
Training loss on iteration 2920 = 0.00305330865085125
Training loss on iteration 2940 = 0.043467059565591624
Training loss on iteration 2960 = 0.019557306222850457
Training loss on iteration 2980 = 0.05355160069302656
Training loss on iteration 3000 = 0.03627245636598673
Training loss on iteration 3020 = 0.07175268849823624
Training loss on iteration 3040 = 0.011004025826696306
Training loss on iteration 3060 = 0.05053933021845296
Training loss on iteration 3080 = 0.11224757024901919
Training loss on iteration 3100 = 0.029147263331105934
Training loss on iteration 3120 = 0.06150158901800751
Training loss on iteration 3140 = 0.05722808594728122
Training loss on iteration 3160 = 0.032690866792108864
Training loss on iteration 3180 = 0.06863365618337411
Training loss on iteration 3200 = 0.015242175973253325
Training loss on iteration 3220 = 0.04384705197880976
Training loss on iteration 3240 = 0.07024231893883552
Training loss on iteration 3260 = 0.04203276716871187
Training loss on iteration 3280 = 0.06911359765799716
Training loss on iteration 3300 = 0.035784689662978056
Training loss on iteration 3320 = 0.050168977584689856
Training loss on iteration 3340 = 0.11571172559633851
Training loss on iteration 3360 = 0.03467538002878427
Training loss on iteration 3380 = 0.05932280482375063
Training loss on iteration 3400 = 0.0762317935237661
Training loss on iteration 3420 = 0.026034503424307333
Training loss on iteration 3440 = 0.022358555388927927
Training loss on iteration 3460 = 0.018777950194635195
Training loss on iteration 3480 = 0.001985528239310952
Training loss on iteration 3500 = 0.011564759672546642
Training loss on iteration 3520 = 0.07544932428208995
Training loss on iteration 3540 = 0.03593118714634329
Training loss on iteration 3560 = 0.05280614551156759
Training loss on iteration 3580 = 0.07973498231440317
Training loss on iteration 3600 = 0.05790245899988804
Training loss on iteration 3620 = 0.09263677882263437
Training loss on iteration 3640 = 0.042072783663752486
Training loss on iteration 3660 = 0.17297007266897707
Training loss on iteration 3680 = 0.08330862591974438
Training loss on iteration 3700 = 0.09731454989523627
Training loss on iteration 3720 = 0.10635786353377626
Training loss on iteration 3740 = 0.08577528888126836
Training loss on iteration 3760 = 0.06100893258117139
Training loss on iteration 3780 = 0.02559740789292846
Training loss on iteration 3800 = 0.10638749050413025
Training loss on iteration 3820 = 0.14320320149417967
Training loss on iteration 3840 = 0.06393056369124679
Training loss on iteration 3860 = 0.07669183296966367
Training loss on iteration 3880 = 0.12041105917887762
Training loss on iteration 3900 = 0.15303810506593435
Training loss on iteration 3920 = 0.07599967215210199
Training loss on iteration 3940 = 0.05371259406092577
Training loss on iteration 3960 = 0.03471752293407917
Training loss on iteration 3980 = 0.005824793790088734
Training loss on iteration 4000 = 0.07417653933443943
Training loss on iteration 4020 = 0.05320513123879209
Training loss on iteration 4040 = 0.0795151217840612
Training loss on iteration 4060 = 0.043409730028361085
Training loss on iteration 4080 = 0.011440358648542315
Training loss on iteration 4100 = 0.08888407571357675
Training loss on iteration 4120 = 0.05086179680656642
Training loss on iteration 4140 = 0.09193037035583984
Training loss on iteration 4160 = 0.15172469611279665
Training loss on iteration 4180 = 0.07100637594703585
Training loss on iteration 4200 = 0.09836527896113693
Training loss on iteration 4220 = 0.04237436291587073
Training loss on iteration 4240 = 0.09124970352568199
Training loss on iteration 4260 = 0.07351544043049216
Training loss on iteration 4280 = 0.059680514759384094
Training loss on iteration 4300 = 0.019703696235956157
Training loss on iteration 4320 = 0.04438024525443325
Training loss on iteration 4340 = 0.059948433157114775
Training loss on iteration 4360 = 0.06011753500788473
Training loss on iteration 4380 = 0.027638993806613145
Training loss on iteration 4400 = 0.0027170454890438124
Training loss on iteration 4420 = 0.003266236759372987
Training loss on iteration 4440 = 0.07112665272070444
Training loss on iteration 4460 = 0.02716428730636835
Training loss on iteration 4480 = 0.01993905965500744
Training loss on iteration 4500 = 0.06207583149080165
Training loss on iteration 4520 = 0.036549079752876426
Training loss on iteration 4540 = 0.02224943749315571
Training loss on iteration 4560 = 0.025961202658072578
Training loss on iteration 4580 = 0.06279813507571816
Training loss on iteration 4600 = 0.0564401030424051
Training loss on iteration 4620 = 0.027116990185459145
Training loss on iteration 4640 = 0.07080199090632959
Training loss on iteration 4660 = 0.012467250460758805
Training loss on iteration 4680 = 0.0610789737504092
Training loss on iteration 4700 = 0.024630994659673888
Training loss on iteration 4720 = 0.037395879144605716
Training loss on iteration 4740 = 0.03557982821657788
Training loss on iteration 4760 = 0.037285394176433326
Training loss on iteration 4780 = 0.0658869662322104
Training loss on iteration 4800 = 0.05190665308618918
Training loss on iteration 4820 = 0.010372721355815883
Training loss on iteration 4840 = 0.016559772821346998
Training loss on iteration 4860 = 0.025841410236535012
Training loss on iteration 4880 = 0.09415427788990201
Training loss on iteration 4900 = 0.05212744056771044
Training loss on iteration 4920 = 0.012828134052688256
Training loss on iteration 4940 = 0.0096955720015103
Training loss on iteration 4960 = 0.009037425712813274
Training loss on iteration 4980 = 0.10227612405651598
Training loss on iteration 5000 = 0.02469754285411909
Training loss on iteration 5020 = 0.08148545098956675
Training loss on iteration 5040 = 0.024091715295799076
Training loss on iteration 5060 = 0.0714335226919502
Training loss on iteration 5080 = 0.023622923449147494
Training loss on iteration 5100 = 0.03349343024892733
Training loss on iteration 5120 = 0.0700553922331892
Training loss on iteration 5140 = 0.06408490967296529
Training loss on iteration 5160 = 0.034919062885455786
Training loss on iteration 5180 = 0.06274317645002156
Training loss on iteration 5200 = 0.04112652167677879
Training loss on iteration 5220 = 0.034575765480985864
Training loss on iteration 5240 = 0.02736608471313957
Training loss on iteration 5260 = 0.036882003315258774
Training loss on iteration 5280 = 0.06015703642042354
Training loss on iteration 5300 = 0.010219742974732072
Training loss on iteration 5320 = 0.04483036298479419
Training loss on iteration 5340 = 0.02677219590113964
Training loss on iteration 5360 = 0.01921407974732574
Training loss on iteration 5380 = 0.07362194120651111
Training loss on iteration 5400 = 0.016560290975030513
Training loss on iteration 5420 = 0.014955386021756566
Training loss on iteration 5440 = 0.03258200741474866
Training loss on iteration 5460 = 0.06813892653226503
Training loss on iteration 5480 = 0.07395358997746371
Training loss on iteration 5500 = 0.0040428594686090944
Training loss on iteration 5520 = 0.006080121255945414
Training loss on iteration 5540 = 0.0012060238179401495
Training loss on iteration 5560 = 0.0034053372968628538
Training loss on iteration 5580 = 0.061567906526033764
Training loss on iteration 5600 = 0.0272972846403718
### EVAL:: Epoch 1:: Loss = 0.05693838789673254 :: ACC = 0.983502538071066, AUC = 0.9991089345011017, EER = 0.004588051542366263
Training on epoch 2
Training loss on iteration 0 = 0.4053840637207031
Training loss on iteration 20 = 0.060362029768293725
Training loss on iteration 40 = 0.021652812813408674
Training loss on iteration 60 = 0.010768240169272757
Training loss on iteration 80 = 0.013555600875406526
Training loss on iteration 100 = 0.03028886736065033
Training loss on iteration 120 = 0.03158222316124011
Training loss on iteration 140 = 0.0036752911211806348
Training loss on iteration 160 = 0.003440176667209016
Training loss on iteration 180 = 0.04952516715238744
Training loss on iteration 200 = 0.00448121526860632
Training loss on iteration 220 = 0.004071215309522813
Training loss on iteration 240 = 0.009011541006475454
Training loss on iteration 260 = 0.011202272855734918
Training loss on iteration 280 = 0.12137114971665142
Training loss on iteration 300 = 0.038515916385222226
Training loss on iteration 320 = 0.03848073102999479
Training loss on iteration 340 = 0.06713680251732512
Training loss on iteration 360 = 0.033042889001080766
Training loss on iteration 380 = 0.02041848516964819
Training loss on iteration 400 = 0.004744065229351691
Training loss on iteration 420 = 0.06504755145997479
Training loss on iteration 440 = 0.11345797146204858
Training loss on iteration 460 = 0.01184520115093619
Training loss on iteration 480 = 0.002907462571056385
Training loss on iteration 500 = 0.00044948601807845987
Training loss on iteration 520 = 0.10665381335447818
Training loss on iteration 540 = 0.055088283684744964
Training loss on iteration 560 = 0.05463434456032701
Training loss on iteration 580 = 0.05294314467937511
Training loss on iteration 600 = 0.011763422480362351
Training loss on iteration 620 = 0.015793889961423703
Training loss on iteration 640 = 0.030539468480856157
Training loss on iteration 660 = 0.08348053243753384
Training loss on iteration 680 = 0.029085306462366133
Training loss on iteration 700 = 0.06346769451120053
Training loss on iteration 720 = 0.002465226312051527
Training loss on iteration 740 = 0.01466312664852012
Training loss on iteration 760 = 0.020738771572359836
Training loss on iteration 780 = 0.0036241665955458304
Training loss on iteration 800 = 0.018309738266543717
Training loss on iteration 820 = 0.10465335323096951
Training loss on iteration 840 = 0.04724332871846855
Training loss on iteration 860 = 0.01855444788816385
Training loss on iteration 880 = 0.0037861681623326147
Training loss on iteration 900 = 0.031028924019483383
Training loss on iteration 920 = 0.002534693162306212
Training loss on iteration 940 = 0.03938818107853877
Training loss on iteration 960 = 0.00973722305498086
Training loss on iteration 980 = 0.010313093400327489
Training loss on iteration 1000 = 0.026700073532992974
Training loss on iteration 1020 = 0.030891557596623896
Training loss on iteration 1040 = 0.06719647343270481
Training loss on iteration 1060 = 0.029566139803500847
Training loss on iteration 1080 = 0.05443576129619032
Training loss on iteration 1100 = 0.07380248764529825
Training loss on iteration 1120 = 0.015293806385307107
Training loss on iteration 1140 = 0.0140049733206979
Training loss on iteration 1160 = 0.07559409075038274
Training loss on iteration 1180 = 0.05706111951731145
Training loss on iteration 1200 = 0.059539271463290785
Training loss on iteration 1220 = 0.04093491083767731
Training loss on iteration 1240 = 0.011408951051998883
Training loss on iteration 1260 = 0.012380222146748564
Training loss on iteration 1280 = 0.01066419716225937
Training loss on iteration 1300 = 0.017020811227484955
Training loss on iteration 1320 = 0.05209126784902764
Training loss on iteration 1340 = 0.00976104206929449
Training loss on iteration 1360 = 0.17663715145463357
Training loss on iteration 1380 = 0.07600983992451801
Training loss on iteration 1400 = 0.0711956735336571
Training loss on iteration 1420 = 0.0649456361119519
Training loss on iteration 1440 = 0.06743522672040854
Training loss on iteration 1460 = 0.036623494740342724
Training loss on iteration 1480 = 0.0078420699108392
Training loss on iteration 1500 = 0.08798115964746103
Training loss on iteration 1520 = 0.07173300444846972
Training loss on iteration 1540 = 0.024280992074636742
Training loss on iteration 1560 = 0.03709015644271858
Training loss on iteration 1580 = 0.031000487355049698
Training loss on iteration 1600 = 0.10063845228869468
Training loss on iteration 1620 = 0.058665604368434286
Training loss on iteration 1640 = 0.051255619667063004
Training loss on iteration 1660 = 0.021999079358647578
Training loss on iteration 1680 = 0.019898175343405454
Training loss on iteration 1700 = 0.024735143015277572
Training loss on iteration 1720 = 0.008157851507712621
Training loss on iteration 1740 = 0.019999835636917852
Training loss on iteration 1760 = 0.03682256074826
Training loss on iteration 1780 = 0.015970073318385403
Training loss on iteration 1800 = 0.06568636125739431
Training loss on iteration 1820 = 0.08077068862039596
Training loss on iteration 1840 = 0.03451140555989696
Training loss on iteration 1860 = 0.04572297203849303
Training loss on iteration 1880 = 0.014374764953390694
Training loss on iteration 1900 = 0.029473435621184763
Training loss on iteration 1920 = 0.002021908734604949
Training loss on iteration 1940 = 0.021314783686830197
Training loss on iteration 1960 = 0.04785454455413855
Training loss on iteration 1980 = 0.04018793897121213
Training loss on iteration 2000 = 0.006034672601526836
Training loss on iteration 2020 = 0.0031201122212223707
Training loss on iteration 2040 = 0.10329571754336939
Training loss on iteration 2060 = 0.027801063912920653
Training loss on iteration 2080 = 0.028339584670902696
Training loss on iteration 2100 = 0.032113541705621175
Training loss on iteration 2120 = 0.015782443659554703
Training loss on iteration 2140 = 0.018530165218544427
Training loss on iteration 2160 = 0.019843710275745254
Training loss on iteration 2180 = 0.005324370733796968
Training loss on iteration 2200 = 0.0031495832145083114
Training loss on iteration 2220 = 0.04363376708352007
Training loss on iteration 2240 = 0.06555425108235795
Training loss on iteration 2260 = 0.02205920189153403
Training loss on iteration 2280 = 0.00396078174962895
Training loss on iteration 2300 = 0.03667386431770865
Training loss on iteration 2320 = 0.034690720928483645
Training loss on iteration 2340 = 0.031084037327673286
Training loss on iteration 2360 = 0.04195369377848692
Training loss on iteration 2380 = 0.025274445666582324
Training loss on iteration 2400 = 0.0031761600635945796
Training loss on iteration 2420 = 0.0016904169831832405
Training loss on iteration 2440 = 0.0004576843415634357
Training loss on iteration 2460 = 0.0013679304933248205
Training loss on iteration 2480 = 0.038191676080896284
Training loss on iteration 2500 = 0.01935321416822262
Training loss on iteration 2520 = 0.015095193865272449
Training loss on iteration 2540 = 0.006183151273398834
Training loss on iteration 2560 = 0.05077079562306608
Training loss on iteration 2580 = 0.052624125938746144
Training loss on iteration 2600 = 0.038345375203061846
Training loss on iteration 2620 = 0.022691560769453646
Training loss on iteration 2640 = 0.0027121185092255475
Training loss on iteration 2660 = 0.0197930190974148
Training loss on iteration 2680 = 0.028941142806434072
Training loss on iteration 2700 = 0.015416000422555953
Training loss on iteration 2720 = 0.004893140452622902
Training loss on iteration 2740 = 0.0022008929292496758
Training loss on iteration 2760 = 0.011142234617727809
Training loss on iteration 2780 = 0.00021343696953408654
Training loss on iteration 2800 = 0.03136849646471092
Training loss on iteration 2820 = 0.007376939332607435
Training loss on iteration 2840 = 0.021789414561499142
Training loss on iteration 2860 = 0.028308220887265634
Training loss on iteration 2880 = 0.022534757140965665
Training loss on iteration 2900 = 0.074221560456499
Training loss on iteration 2920 = 0.02336490335292183
Training loss on iteration 2940 = 0.03295864454848925
Training loss on iteration 2960 = 0.00595321473228978
Training loss on iteration 2980 = 0.0020338110225566197
Training loss on iteration 3000 = 0.0024267800079542214
Training loss on iteration 3020 = 0.0004924698482682288
Training loss on iteration 3040 = 0.0007243394790748426
Training loss on iteration 3060 = 0.022329890188939317
Training loss on iteration 3080 = 0.0032231540597422283
Training loss on iteration 3100 = 0.04695894312717428
Training loss on iteration 3120 = 0.02989669141243212
Training loss on iteration 3140 = 0.021241715300129728
Training loss on iteration 3160 = 0.045106646302883746
Training loss on iteration 3180 = 0.016046012903825613
Training loss on iteration 3200 = 0.026313470724926447
Training loss on iteration 3220 = 0.015585951157845557
Training loss on iteration 3240 = 0.05014864834265609
Training loss on iteration 3260 = 0.07262840333860368
Training loss on iteration 3280 = 0.07594458884486813
Training loss on iteration 3300 = 0.0321782112296205
Training loss on iteration 3320 = 0.013880684523610399
Training loss on iteration 3340 = 0.006066552375341416
Training loss on iteration 3360 = 0.0008741813267988619
Training loss on iteration 3380 = 0.0019127198820569902
Training loss on iteration 3400 = 0.036251503836138
Training loss on iteration 3420 = 0.008683923823991791
Training loss on iteration 3440 = 0.017626037377158354
Training loss on iteration 3460 = 0.03570492584767635
Training loss on iteration 3480 = 0.012370755371375709
Training loss on iteration 3500 = 0.002027104282024084
Training loss on iteration 3520 = 0.040205822626739975
Training loss on iteration 3540 = 0.014615616721130209
Training loss on iteration 3560 = 0.011662988897478499
Training loss on iteration 3580 = 0.0017887769675326126
Training loss on iteration 3600 = 0.0007087605552442255
Training loss on iteration 3620 = 0.0020896968734405164
Training loss on iteration 3640 = 0.010720628246326669
Training loss on iteration 3660 = 0.08138734682088397
Training loss on iteration 3680 = 0.0568858556332998
Training loss on iteration 3700 = 0.05163176179630682
Training loss on iteration 3720 = 0.007060224851011298
Training loss on iteration 3740 = 0.002043876582320081
Training loss on iteration 3760 = 0.0009820645464060362
Training loss on iteration 3780 = 0.0008854970072206924
Training loss on iteration 3800 = 0.03575517800145463
Training loss on iteration 3820 = 0.03559916754384176
Training loss on iteration 3840 = 0.037508471205364914
Training loss on iteration 3860 = 0.012214626939385197
Training loss on iteration 3880 = 0.06291567437001504
Training loss on iteration 3900 = 0.020580646050802898
Training loss on iteration 3920 = 0.0056651758786756545
Training loss on iteration 3940 = 0.0006642443884629756
Training loss on iteration 3960 = 0.0054639707443129735
Training loss on iteration 3980 = 0.07320174710257561
Training loss on iteration 4000 = 0.02772758219653042
Training loss on iteration 4020 = 0.034632094563858115
Training loss on iteration 4040 = 0.026788004772970452
Training loss on iteration 4060 = 0.0019098491546174045
Training loss on iteration 4080 = 0.04430910331066116
Training loss on iteration 4100 = 0.030984892073320225
Training loss on iteration 4120 = 0.018090049840975553
Training loss on iteration 4140 = 0.017667042112589116
Training loss on iteration 4160 = 0.005848843351850519
Training loss on iteration 4180 = 0.012593831295816926
Training loss on iteration 4200 = 0.02720717150350538
Training loss on iteration 4220 = 0.0023272930137864024
Training loss on iteration 4240 = 0.01769689932325491
Training loss on iteration 4260 = 0.05145142276596744
Training loss on iteration 4280 = 0.028692589979618786
Training loss on iteration 4300 = 0.01938128328692983
Training loss on iteration 4320 = 0.012628418998065171
Training loss on iteration 4340 = 0.011493539976436295
Training loss on iteration 4360 = 0.002802912483275577
Training loss on iteration 4380 = 0.013920867374508816
Training loss on iteration 4400 = 0.004017831547025707
Training loss on iteration 4420 = 0.016913539055531147
Training loss on iteration 4440 = 0.013214105763290717
Training loss on iteration 4460 = 0.05719191950920503
Training loss on iteration 4480 = 0.06247002115705982
Training loss on iteration 4500 = 0.013560833904193714
Training loss on iteration 4520 = 0.04992076365160756
Training loss on iteration 4540 = 0.0015969025902450086
Training loss on iteration 4560 = 0.047591892621130685
Training loss on iteration 4580 = 0.048316014208830894
Training loss on iteration 4600 = 0.011255560553399846
Training loss on iteration 4620 = 0.0002758689599431818
Training loss on iteration 4640 = 0.06520863918085525
Training loss on iteration 4660 = 0.023759611073182897
Training loss on iteration 4680 = 0.050270512692077315
Training loss on iteration 4700 = 0.013497822120552883
Training loss on iteration 4720 = 0.005751242133555934
Training loss on iteration 4740 = 0.001467021414464398
Training loss on iteration 4760 = 0.05705445869571122
Training loss on iteration 4780 = 0.028831081607495434
Training loss on iteration 4800 = 0.01729596958757611
Training loss on iteration 4820 = 0.005673368644056609
Training loss on iteration 4840 = 0.038215159254104944
Training loss on iteration 4860 = 0.06944307530065999
Training loss on iteration 4880 = 0.008592292600951623
Training loss on iteration 4900 = 0.06915804241143633
Training loss on iteration 4920 = 0.03160629931371659
Training loss on iteration 4940 = 0.02116196949937148
Training loss on iteration 4960 = 0.025904544851800892
Training loss on iteration 4980 = 0.058259230077965185
Training loss on iteration 5000 = 0.021464180690236388
Training loss on iteration 5020 = 0.006424366723513231
Training loss on iteration 5040 = 0.011568141530369757
Training loss on iteration 5060 = 0.040886387430145985
Training loss on iteration 5080 = 0.018450966686941683
Training loss on iteration 5100 = 0.03044858420835226
Training loss on iteration 5120 = 0.005187523037602659
Training loss on iteration 5140 = 0.005190444467007183
Training loss on iteration 5160 = 0.0007793931183186942
Training loss on iteration 5180 = 0.129837470727216
Training loss on iteration 5200 = 0.02307936205761507
Training loss on iteration 5220 = 0.0036217590408341494
Training loss on iteration 5240 = 0.0006918274069903418
Training loss on iteration 5260 = 0.0009061749769898597
Training loss on iteration 5280 = 0.021232954936931493
Training loss on iteration 5300 = 0.00845000570261618
Training loss on iteration 5320 = 0.006687209085976064
Training loss on iteration 5340 = 0.03805558784260939
Training loss on iteration 5360 = 0.06062676514557097
Training loss on iteration 5380 = 0.03879647456342354
Training loss on iteration 5400 = 0.010512616917549168
Training loss on iteration 5420 = 0.04375822526853881
Training loss on iteration 5440 = 0.005541550496127456
Training loss on iteration 5460 = 0.013072159227158408
Training loss on iteration 5480 = 0.007174203837712412
Training loss on iteration 5500 = 0.023643041316245218
Training loss on iteration 5520 = 0.020239098668389487
Training loss on iteration 5540 = 0.019143678986438317
Training loss on iteration 5560 = 0.002660135551559506
Training loss on iteration 5580 = 0.001557334636345331
Training loss on iteration 5600 = 0.0253419849457714
### EVAL:: Epoch 2:: Loss = 0.004836517176834812 :: ACC = 0.9986333463490824, AUC = 0.9999961882812213, EER = 0.0006833268254588052
Training on epoch 3
Training loss on iteration 0 = 0.038012873381376266
Training loss on iteration 20 = 0.004237922752508894
Training loss on iteration 40 = 0.034094416983498375
Training loss on iteration 60 = 0.04480605531716719
Training loss on iteration 80 = 0.006618727798922919
Training loss on iteration 100 = 0.010965111713449004
Training loss on iteration 120 = 0.03587431461874076
Training loss on iteration 140 = 0.10153386417077855
Training loss on iteration 160 = 0.02503132363926852
Training loss on iteration 180 = 0.008531721478357212
Training loss on iteration 200 = 0.014802475847500319
Training loss on iteration 220 = 0.05186319130807533
Training loss on iteration 240 = 0.03350512486067601
Training loss on iteration 260 = 0.015677334053907543
Training loss on iteration 280 = 0.027426160311006243
Training loss on iteration 300 = 0.027742792917160843
Training loss on iteration 320 = 0.01704629468440544
Training loss on iteration 340 = 0.038550415953068295
Training loss on iteration 360 = 0.0387274932989385
Training loss on iteration 380 = 0.007703851968108211
Training loss on iteration 400 = 0.0326180154515896
Training loss on iteration 420 = 0.028900653362507002
Training loss on iteration 440 = 0.011066417999973054
Training loss on iteration 460 = 0.014921602497270214
Training loss on iteration 480 = 0.006013261678708659
Training loss on iteration 500 = 0.02719470288793673
Training loss on iteration 520 = 0.054065929837088335
Training loss on iteration 540 = 0.009205385265522637
Training loss on iteration 560 = 0.003520920035225572
Training loss on iteration 580 = 0.016234676535168545
Training loss on iteration 600 = 0.03675846997430199
Training loss on iteration 620 = 0.04402213119901717
Training loss on iteration 640 = 0.07957934721780476
Training loss on iteration 660 = 0.026614163485646714
Training loss on iteration 680 = 0.030781544803176075
Training loss on iteration 700 = 0.013658944283088203
Training loss on iteration 720 = 0.004038672658498399
Training loss on iteration 740 = 0.01926578085476649
Training loss on iteration 760 = 0.004034439684619429
Training loss on iteration 780 = 0.011227854496428335
Training loss on iteration 800 = 0.0009267060987440346
Training loss on iteration 820 = 0.05898651991446968
Training loss on iteration 840 = 0.04324671927606687
Training loss on iteration 860 = 0.009580499259755015
Training loss on iteration 880 = 0.0030887815904861783
Training loss on iteration 900 = 0.0004980623310984811
Training loss on iteration 920 = 0.01492239269264246
Training loss on iteration 940 = 0.06733301259228028
Training loss on iteration 960 = 0.03838718032639008
Training loss on iteration 980 = 0.044627317367121576
Training loss on iteration 1000 = 0.004201792253297754
Training loss on iteration 1020 = 0.014120778669166612
Training loss on iteration 1040 = 0.004041037385286472
Training loss on iteration 1060 = 0.0009135412759860628
Training loss on iteration 1080 = 0.007103092311854198
Training loss on iteration 1100 = 0.032674276879606626
Training loss on iteration 1120 = 0.04741586896707304
Training loss on iteration 1140 = 0.009171599217734184
Training loss on iteration 1160 = 0.002307229014331824
Training loss on iteration 1180 = 0.002050013198640954
Training loss on iteration 1200 = 0.007847759893320472
Training loss on iteration 1220 = 0.05423734716932813
Training loss on iteration 1240 = 0.007914408724172973
Training loss on iteration 1260 = 0.028932552806509193
Training loss on iteration 1280 = 0.005760664158151485
Training loss on iteration 1300 = 0.007730584502132843
Training loss on iteration 1320 = 0.038150624865374995
Training loss on iteration 1340 = 0.032643800684309096
Training loss on iteration 1360 = 0.007189523702254519
Training loss on iteration 1380 = 0.021015749793150462
Training loss on iteration 1400 = 0.012931117054540664
Training loss on iteration 1420 = 0.029660016103298402
Training loss on iteration 1440 = 0.005173032014863565
Training loss on iteration 1460 = 0.014822712102613878
Training loss on iteration 1480 = 0.003278035777111654
Training loss on iteration 1500 = 0.030244370123546103
Training loss on iteration 1520 = 0.0609417557134293
Training loss on iteration 1540 = 0.02493325569666922
Training loss on iteration 1560 = 0.00398404585357639
Training loss on iteration 1580 = 0.014564315287498176
Training loss on iteration 1600 = 0.0010295295836840524
Training loss on iteration 1620 = 0.006273974042051123
Training loss on iteration 1640 = 0.0177748466585399
Training loss on iteration 1660 = 0.0005192861219256884
Training loss on iteration 1680 = 0.011538701509925886
Training loss on iteration 1700 = 0.009478448188019684
Training loss on iteration 1720 = 0.029082141995695567
Training loss on iteration 1740 = 0.029926295240147737
Training loss on iteration 1760 = 0.04243705542467069
Training loss on iteration 1780 = 0.017620481795165687
Training loss on iteration 1800 = 0.00421415734308539
Training loss on iteration 1820 = 0.0030404595581785543
Training loss on iteration 1840 = 0.013595304304362798
Training loss on iteration 1860 = 0.012419772359680791
Training loss on iteration 1880 = 0.00509792489551728
Training loss on iteration 1900 = 0.02088426047116627
Training loss on iteration 1920 = 0.02632440653651429
Training loss on iteration 1940 = 0.0250620576759502
Training loss on iteration 1960 = 0.0009176853782264516
Training loss on iteration 1980 = 0.00024345811198145384
Training loss on iteration 2000 = 0.004969047001395666
Training loss on iteration 2020 = 0.032949496985361294
Training loss on iteration 2040 = 0.049753097656366665
Training loss on iteration 2060 = 0.00979071610927349
Training loss on iteration 2080 = 0.03458369812142337
Training loss on iteration 2100 = 0.011786326502715383
Training loss on iteration 2120 = 0.037759132521023274
Training loss on iteration 2140 = 0.004309944536362309
Training loss on iteration 2160 = 0.036639907984499585
Training loss on iteration 2180 = 0.004162236306001432
Training loss on iteration 2200 = 0.0009517929016510607
Training loss on iteration 2220 = 0.003972316463932657
Training loss on iteration 2240 = 0.0003714456283887557
Training loss on iteration 2260 = 0.0164725049264689
Training loss on iteration 2280 = 0.08876270911177926
Training loss on iteration 2300 = 0.04963598988688318
Training loss on iteration 2320 = 0.006743803531207959
Training loss on iteration 2340 = 0.0004449965708772652
Training loss on iteration 2360 = 0.016916868643056658
Training loss on iteration 2380 = 0.011777908888689126
Training loss on iteration 2400 = 0.06180679410954326
Training loss on iteration 2420 = 0.01389609877660405
Training loss on iteration 2440 = 0.016312678046051587
Training loss on iteration 2460 = 0.014145522965736745
Training loss on iteration 2480 = 0.006406031748201713
Training loss on iteration 2500 = 0.02039953527146281
Training loss on iteration 2520 = 0.03740241233535926
Training loss on iteration 2540 = 0.0068194106293958615
Training loss on iteration 2560 = 0.012138857222089428
Training loss on iteration 2580 = 0.012285756581513851
Training loss on iteration 2600 = 0.005050056821710313
Training loss on iteration 2620 = 0.01718240408836209
Training loss on iteration 2640 = 0.06599772130343809
Training loss on iteration 2660 = 0.02025648176895629
Training loss on iteration 2680 = 0.0025478802977886516
Training loss on iteration 2700 = 0.0007532298174737662
Training loss on iteration 2720 = 0.0009182637492813229
Training loss on iteration 2740 = 0.05566725004782711
Training loss on iteration 2760 = 0.01071175316828885
Training loss on iteration 2780 = 0.006800654678590945
Training loss on iteration 2800 = 0.050151297574484485
Training loss on iteration 2820 = 0.013343743546283805
Training loss on iteration 2840 = 0.0021843319958861685
Training loss on iteration 2860 = 0.05419980709739321
Training loss on iteration 2880 = 0.04636630010209046
Training loss on iteration 2900 = 0.049719028302934024
Training loss on iteration 2920 = 0.0425473307059292
Training loss on iteration 2940 = 0.004873746947851032
Training loss on iteration 2960 = 0.015084834660956403
Training loss on iteration 2980 = 0.047573917586123574
Training loss on iteration 3000 = 0.01400278729852289
Training loss on iteration 3020 = 0.012248570636438671
Training loss on iteration 3040 = 0.003134644455349189
Training loss on iteration 3060 = 0.006497093055440928
Training loss on iteration 3080 = 0.04530491533732857
Training loss on iteration 3100 = 0.09210737546090968
Training loss on iteration 3120 = 0.006813853103085421
Training loss on iteration 3140 = 0.002352387929204269
Training loss on iteration 3160 = 0.003681676986707316
Training loss on iteration 3180 = 0.04700080945149239
Training loss on iteration 3200 = 0.052884478463965934
Training loss on iteration 3220 = 0.049188145183143205
Training loss on iteration 3240 = 0.021991618268657476
Training loss on iteration 3260 = 0.05636859202058986
Training loss on iteration 3280 = 0.0204726402182132
Training loss on iteration 3300 = 0.011188946991023841
Training loss on iteration 3320 = 0.018482654566105337
Training loss on iteration 3340 = 0.0555167577957036
Training loss on iteration 3360 = 0.0022600550277275034
Training loss on iteration 3380 = 0.02772248618566664
Training loss on iteration 3400 = 0.0047794895057450045
Training loss on iteration 3420 = 0.0316118660288339
Training loss on iteration 3440 = 0.04013455974927638
Training loss on iteration 3460 = 0.006774165027309209
Training loss on iteration 3480 = 0.004387020067224512
Training loss on iteration 3500 = 0.04101179777680954
Training loss on iteration 3520 = 0.005212649737950414
Training loss on iteration 3540 = 0.020194839453324676
Training loss on iteration 3560 = 0.011147614422952756
Training loss on iteration 3580 = 0.007839092025824357
Training loss on iteration 3600 = 0.21604504213901238
Training loss on iteration 3620 = 0.08835422217380255
Training loss on iteration 3640 = 0.16107556152855979
Training loss on iteration 3660 = 0.044072538451291624
Training loss on iteration 3680 = 0.05578833738982212
Training loss on iteration 3700 = 0.02144471757055726
Training loss on iteration 3720 = 0.02608492797589861
Training loss on iteration 3740 = 0.009666473168181255
Training loss on iteration 3760 = 0.02131550060985319
Training loss on iteration 3780 = 0.003585820163425524
Training loss on iteration 3800 = 0.009981474559026537
Training loss on iteration 3820 = 0.09238084551670908
Training loss on iteration 3840 = 0.030934869596967472
Training loss on iteration 3860 = 0.019813474745023995
Training loss on iteration 3880 = 0.006080911715980619
Training loss on iteration 3900 = 0.002199183085031109
Training loss on iteration 3920 = 0.040587352863076374
Training loss on iteration 3940 = 0.006579083470569458
Training loss on iteration 3960 = 0.013383006934600417
Training loss on iteration 3980 = 0.0547754227907717
Training loss on iteration 4000 = 0.006769016696489416
Training loss on iteration 4020 = 0.008808423780283191
Training loss on iteration 4040 = 0.009296467772946926
Training loss on iteration 4060 = 0.015530839640632621
Training loss on iteration 4080 = 0.015967214114789387
Training loss on iteration 4100 = 0.054118855068372794
Training loss on iteration 4120 = 0.005077446746872738
Training loss on iteration 4140 = 0.007566816052712966
Training loss on iteration 4160 = 0.017414486641791883
Training loss on iteration 4180 = 0.02670463727117749
Training loss on iteration 4200 = 0.017740188614698126
Training loss on iteration 4220 = 0.006527617038227618
Training loss on iteration 4240 = 0.03947306069021579
Training loss on iteration 4260 = 0.033477237503393556
Training loss on iteration 4280 = 0.01191733114537783
Training loss on iteration 4300 = 0.022551633057446452
Training loss on iteration 4320 = 0.007505402203969424
Training loss on iteration 4340 = 0.054670690620332606
Training loss on iteration 4360 = 0.037292125963722354
Training loss on iteration 4380 = 0.023930139787262307
Training loss on iteration 4400 = 0.0012141813342168462
Training loss on iteration 4420 = 0.0042727864667540414
Training loss on iteration 4440 = 0.004824991108762333
Training loss on iteration 4460 = 0.00234377055285222
Training loss on iteration 4480 = 0.02238933524731692
Training loss on iteration 4500 = 0.05974422382241755
Training loss on iteration 4520 = 0.04768096096086083
Training loss on iteration 4540 = 0.1007429518715071
Training loss on iteration 4560 = 0.04519811348291114
Training loss on iteration 4580 = 0.031696157609985676
Training loss on iteration 4600 = 0.04202036743517965
Training loss on iteration 4620 = 0.02320147392601939
Training loss on iteration 4640 = 0.03245855036657304
Training loss on iteration 4660 = 0.02644407994521316
Training loss on iteration 4680 = 0.028405654572998172
Training loss on iteration 4700 = 0.01749338123772759
Training loss on iteration 4720 = 0.009810829181878944
Training loss on iteration 4740 = 0.019491953487158754
Training loss on iteration 4760 = 0.016558522603008895
Training loss on iteration 4780 = 0.005808714601880638
Training loss on iteration 4800 = 0.004146142891841009
Training loss on iteration 4820 = 0.001485526054239017
Training loss on iteration 4840 = 0.00037859480312363303
Training loss on iteration 4860 = 0.0070964909984923
Training loss on iteration 4880 = 0.0263924521734225
Training loss on iteration 4900 = 0.006251670053825364
Training loss on iteration 4920 = 0.016534089630295058
Training loss on iteration 4940 = 0.030754896021608146
Training loss on iteration 4960 = 0.0200280126024154
Training loss on iteration 4980 = 0.0017514086757728364
Training loss on iteration 5000 = 0.005663496144734381
Training loss on iteration 5020 = 0.003861098927563944
Training loss on iteration 5040 = 0.0010555154833127745
Training loss on iteration 5060 = 0.017394898239535904
Training loss on iteration 5080 = 0.0005174040987640183
Training loss on iteration 5100 = 0.011518564657853858
Training loss on iteration 5120 = 0.009491786673697789
Training loss on iteration 5140 = 0.023904368507101027
Training loss on iteration 5160 = 0.047245370057498806
Training loss on iteration 5180 = 0.008036501384049188
Training loss on iteration 5200 = 0.008791796683362918
Training loss on iteration 5220 = 0.00796700445607712
Training loss on iteration 5240 = 0.05165448973857565
Training loss on iteration 5260 = 0.006291710082587087
Training loss on iteration 5280 = 0.0039891686461487556
Training loss on iteration 5300 = 0.021511888278473633
Training loss on iteration 5320 = 0.036728733819472836
Training loss on iteration 5340 = 0.011968836459345766
Training loss on iteration 5360 = 0.042195508190343387
Training loss on iteration 5380 = 0.005494752222148236
Training loss on iteration 5400 = 0.06225774057384115
Training loss on iteration 5420 = 0.03149359593517147
Training loss on iteration 5440 = 0.01384936842659954
Training loss on iteration 5460 = 0.025879989168606697
Training loss on iteration 5480 = 0.024375228089047594
Training loss on iteration 5500 = 0.021618657285580413
Training loss on iteration 5520 = 0.00429076376312878
Training loss on iteration 5540 = 0.004950311342690838
Training loss on iteration 5560 = 0.0022087151588493724
Training loss on iteration 5580 = 0.0063421196489798605
Training loss on iteration 5600 = 0.028544132410570456
### EVAL:: Epoch 3:: Loss = 0.0035793495002123888 :: ACC = 0.998730964467005, AUC = 0.9999963883964571, EER = 0.0007809449433814916
Training on epoch 4
Training loss on iteration 0 = 0.0006218643975444138
Training loss on iteration 20 = 0.001436608723452082
Training loss on iteration 40 = 0.0015608895242621656
Training loss on iteration 60 = 0.01119007236084144
Training loss on iteration 80 = 0.04866307666889043
Training loss on iteration 100 = 0.029222728501190433
Training loss on iteration 120 = 0.008241435266972985
Training loss on iteration 140 = 0.0023808331236068623
Training loss on iteration 160 = 0.01761710309947375
Training loss on iteration 180 = 0.008403681402523944
Training loss on iteration 200 = 0.011644377417542272
Training loss on iteration 220 = 0.009006409228095435
Training loss on iteration 240 = 0.024040355538818402
Training loss on iteration 260 = 0.0005940026607277104
Training loss on iteration 280 = 0.0072004571331490295
Training loss on iteration 300 = 0.0018093349786795442
Training loss on iteration 320 = 0.001936609438416781
Training loss on iteration 340 = 0.04565838385206007
Training loss on iteration 360 = 0.0016468096393509768
Training loss on iteration 380 = 0.03477945282502333
Training loss on iteration 400 = 0.009061087304144167
Training loss on iteration 420 = 0.0005460488397147856
Training loss on iteration 440 = 0.005707797414834204
Training loss on iteration 460 = 0.03754627223861462
Training loss on iteration 480 = 0.011321321716241072
Training loss on iteration 500 = 0.0053581249499984555
Training loss on iteration 520 = 0.0008793038185103796
Training loss on iteration 540 = 0.04268510649908421
Training loss on iteration 560 = 0.010465364254196174
Training loss on iteration 580 = 0.0021348115464206786
Training loss on iteration 600 = 0.04488446623581695
Training loss on iteration 620 = 0.0345557666674722
Training loss on iteration 640 = 0.0015915198746370152
Training loss on iteration 660 = 0.011173427480389363
Training loss on iteration 680 = 0.014526544881664449
Training loss on iteration 700 = 0.016715882911375955
Training loss on iteration 720 = 0.0028817580623581307
Training loss on iteration 740 = 0.020024982426912176
Training loss on iteration 760 = 0.015438605884264689
Training loss on iteration 780 = 0.038097835876396854
Training loss on iteration 800 = 0.027714764041593298
Training loss on iteration 820 = 0.016020931625098454
Training loss on iteration 840 = 0.02546141028869897
Training loss on iteration 860 = 0.03291920299088815
Training loss on iteration 880 = 0.017347357055405153
Training loss on iteration 900 = 0.027218780953262467
Training loss on iteration 920 = 0.010091443908822838
Training loss on iteration 940 = 0.021656362391877338
Training loss on iteration 960 = 0.02353164722553629
Training loss on iteration 980 = 0.006920672285195906
Training loss on iteration 1000 = 0.020820821901361343
Training loss on iteration 1020 = 0.008001674151273619
Training loss on iteration 1040 = 0.013176814154576277
Training loss on iteration 1060 = 0.04810386854205717
Training loss on iteration 1080 = 0.019200186066154857
Training loss on iteration 1100 = 0.01799566837726161
Training loss on iteration 1120 = 0.0028916316022332468
Training loss on iteration 1140 = 0.011911993388821429
Training loss on iteration 1160 = 0.042271372986942876
Training loss on iteration 1180 = 0.04811847588352976
Training loss on iteration 1200 = 0.012061325063189087
Training loss on iteration 1220 = 0.01541160155061334
Training loss on iteration 1240 = 0.07192883161515055
Training loss on iteration 1260 = 0.02144905625609681
Training loss on iteration 1280 = 0.015833786605799104
Training loss on iteration 1300 = 0.007478300157890772
Training loss on iteration 1320 = 0.0025044321456334727
Training loss on iteration 1340 = 0.002372546167998735
Training loss on iteration 1360 = 0.020277722409264242
Training loss on iteration 1380 = 0.08425411775533576
Training loss on iteration 1400 = 0.03868483839323744
Training loss on iteration 1420 = 0.06189299480174668
Training loss on iteration 1440 = 0.008195366129803006
Training loss on iteration 1460 = 0.021056114882230758
Training loss on iteration 1480 = 0.0007242716248583748
Training loss on iteration 1500 = 0.0029037761913059514
Training loss on iteration 1520 = 0.0010838522553058283
Training loss on iteration 1540 = 0.019966303650107875
Training loss on iteration 1560 = 0.0002118381999025587
Training loss on iteration 1580 = 0.02382495260135329
Training loss on iteration 1600 = 0.00918308858454111
Training loss on iteration 1620 = 0.0018356638895056677
Training loss on iteration 1640 = 0.003944374495586089
Training loss on iteration 1660 = 0.0013599537734990009
Training loss on iteration 1680 = 0.0009426385485312494
Training loss on iteration 1700 = 0.014655708095051522
Training loss on iteration 1720 = 0.0020596248813490093
Training loss on iteration 1740 = 0.05345633886272481
Training loss on iteration 1760 = 0.02854473864135798
Training loss on iteration 1780 = 0.015845777877257206
Training loss on iteration 1800 = 0.026677075032785068
Training loss on iteration 1820 = 0.004499073541956023
Training loss on iteration 1840 = 0.001684990234207362
Training loss on iteration 1860 = 0.02663705519044015
Training loss on iteration 1880 = 0.01563920836924808
Training loss on iteration 1900 = 0.009558799203659873
Training loss on iteration 1920 = 0.03187967330450192
Training loss on iteration 1940 = 0.009778202924644574
Training loss on iteration 1960 = 0.027305740684096236
Training loss on iteration 1980 = 0.01485967874614289
Training loss on iteration 2000 = 0.03415787182748318
Training loss on iteration 2020 = 0.013750326714944094
Training loss on iteration 2040 = 0.002874417280690977
Training loss on iteration 2060 = 0.006071657877328107
Training loss on iteration 2080 = 0.00135300871279469
Training loss on iteration 2100 = 0.013743848345984588
Training loss on iteration 2120 = 0.007058218945167028
Training loss on iteration 2140 = 0.00020363691000966356
Training loss on iteration 2160 = 0.006384751554378454
Training loss on iteration 2180 = 0.003438139890658931
Training loss on iteration 2200 = 0.0005340349423022417
Training loss on iteration 2220 = 0.0003696477400353615
Training loss on iteration 2240 = 0.029072227759297676
Training loss on iteration 2260 = 0.07820588903960016
Training loss on iteration 2280 = 0.01818660270073451
Training loss on iteration 2300 = 0.01573464697430609
Training loss on iteration 2320 = 0.0006850287544921229
Training loss on iteration 2340 = 0.022533438915411354
Training loss on iteration 2360 = 0.030964501386188205
Training loss on iteration 2380 = 0.015211886730685364
Training loss on iteration 2400 = 0.009787979267275659
Training loss on iteration 2420 = 0.007520744744579133
Training loss on iteration 2440 = 0.030922273290707382
Training loss on iteration 2460 = 0.044783830299275
Training loss on iteration 2480 = 0.030419414149946533
Training loss on iteration 2500 = 0.009571151882482809
Training loss on iteration 2520 = 0.0009324805301730521
Training loss on iteration 2540 = 0.02384058685183845
Training loss on iteration 2560 = 0.02310549070534762
Training loss on iteration 2580 = 0.05239347078895662
Training loss on iteration 2600 = 0.01603046995587647
Training loss on iteration 2620 = 0.002296617718820926
Training loss on iteration 2640 = 0.005288860053406097
Training loss on iteration 2660 = 0.00035686049923242533
Training loss on iteration 2680 = 0.005679492994386237
Training loss on iteration 2700 = 0.01328583290851384
Training loss on iteration 2720 = 0.001128948767654947
Training loss on iteration 2740 = 0.022691162833507406
Training loss on iteration 2760 = 0.004954045889462577
Training loss on iteration 2780 = 0.04948980472618132
Training loss on iteration 2800 = 0.053976103797322136
Training loss on iteration 2820 = 0.017168931246851572
Training loss on iteration 2840 = 0.014053186465753242
Training loss on iteration 2860 = 0.014402559508744162
Training loss on iteration 2880 = 0.0024413101069512776
Training loss on iteration 2900 = 0.0011563829106307822
Training loss on iteration 2920 = 0.0016799905411062355
Training loss on iteration 2940 = 0.03323855683702277
Training loss on iteration 2960 = 0.015235623759144801
Training loss on iteration 2980 = 0.0015426628368004458
Training loss on iteration 3000 = 0.004277437472683232
Training loss on iteration 3020 = 0.0022467597879312962
Training loss on iteration 3040 = 0.011205459899463222
Training loss on iteration 3060 = 0.077490898254473
Training loss on iteration 3080 = 0.04112532691324304
Training loss on iteration 3100 = 0.0029647721719811672
Training loss on iteration 3120 = 0.006621758510027576
Training loss on iteration 3140 = 0.02138472361511958
Training loss on iteration 3160 = 0.07032436149047498
Training loss on iteration 3180 = 0.02894564664165955
Training loss on iteration 3200 = 0.004338527203071862
Training loss on iteration 3220 = 0.0061473577326978555
Training loss on iteration 3240 = 0.009645597027702024
Training loss on iteration 3260 = 0.013364736988296499
Training loss on iteration 3280 = 0.004999686114024371
Training loss on iteration 3300 = 0.007677398504711164
Training loss on iteration 3320 = 0.00020081677530470188
Training loss on iteration 3340 = 0.0007825946866432786
Training loss on iteration 3360 = 0.03578785837307805
Training loss on iteration 3380 = 0.006196786889995564
Training loss on iteration 3400 = 0.0028535944482428023
Training loss on iteration 3420 = 0.0030294071413663913
Training loss on iteration 3440 = 0.0422497030460363
Training loss on iteration 3460 = 0.05672178615350276
Training loss on iteration 3480 = 0.13483800477115437
Training loss on iteration 3500 = 0.011278226505964994
Training loss on iteration 3520 = 0.045722011342877525
Training loss on iteration 3540 = 0.03133317269966938
Training loss on iteration 3560 = 0.0338118304789532
Training loss on iteration 3580 = 0.09994946913502645
Training loss on iteration 3600 = 0.024920733692124487
Training loss on iteration 3620 = 0.014247905250522308
Training loss on iteration 3640 = 0.040704356139758605
Training loss on iteration 3660 = 0.0031363096757559107
Training loss on iteration 3680 = 0.04139761136902962
Training loss on iteration 3700 = 0.00783098873362178
Training loss on iteration 3720 = 0.006400174081500154
Training loss on iteration 3740 = 0.017847890977282076
Training loss on iteration 3760 = 0.011637641028937652
Training loss on iteration 3780 = 0.005141657001513522
Training loss on iteration 3800 = 0.004695011274452554
Training loss on iteration 3820 = 0.005084640134009532
Training loss on iteration 3840 = 0.07966599205519742
Training loss on iteration 3860 = 0.022271690802881494
Training loss on iteration 3880 = 0.027018607941863594
Training loss on iteration 3900 = 0.04521168330320506
Training loss on iteration 3920 = 0.03778843048785348
Training loss on iteration 3940 = 0.03590710829157615
Training loss on iteration 3960 = 0.0307674480121932
Training loss on iteration 3980 = 0.01981305299414089
Training loss on iteration 4000 = 0.00720578786713304
Training loss on iteration 4020 = 0.006628063588868827
Training loss on iteration 4040 = 0.030633026635950956
Training loss on iteration 4060 = 0.00910007268685149
Training loss on iteration 4080 = 0.003326399739671615
Training loss on iteration 4100 = 0.00041696910825521626
Training loss on iteration 4120 = 0.0033768604855140437
Training loss on iteration 4140 = 0.002845793650158157
Training loss on iteration 4160 = 0.011567574061518825
Training loss on iteration 4180 = 0.03342234002539044
Training loss on iteration 4200 = 0.006656017483874166
Training loss on iteration 4220 = 0.019383532339998056
Training loss on iteration 4240 = 0.006410849713574862
Training loss on iteration 4260 = 0.0018067906021315139
Training loss on iteration 4280 = 0.017270923985051923
Training loss on iteration 4300 = 0.024527644241607048
Training loss on iteration 4320 = 0.02885893837083131
Training loss on iteration 4340 = 0.007757702421804425
Training loss on iteration 4360 = 0.005900794912304263
Training loss on iteration 4380 = 0.003343920056067873
Training loss on iteration 4400 = 0.010037198486679699
Training loss on iteration 4420 = 0.005931815753501724
Training loss on iteration 4440 = 0.007909754816500936
Training loss on iteration 4460 = 0.00806576279373985
Training loss on iteration 4480 = 0.06419599326145545
Training loss on iteration 4500 = 0.0070803633232571885
Training loss on iteration 4520 = 0.018791111773316514
Training loss on iteration 4540 = 0.02868441258178791
Training loss on iteration 4560 = 0.04653126486919064
Training loss on iteration 4580 = 0.013290370770846494
Training loss on iteration 4600 = 0.002658873054679134
Training loss on iteration 4620 = 0.005854250389893423
Training loss on iteration 4640 = 0.019194085817980523
Training loss on iteration 4660 = 0.01648889220887213
Training loss on iteration 4680 = 0.007197163880482549
Training loss on iteration 4700 = 0.003857748686277773
Training loss on iteration 4720 = 0.0032206346608290915
Training loss on iteration 4740 = 0.052465005738031326
Training loss on iteration 4760 = 0.010853751203831053
Training loss on iteration 4780 = 0.042050858594302555
Training loss on iteration 4800 = 0.01852068646403495
Training loss on iteration 4820 = 0.004971470910822973
Training loss on iteration 4840 = 0.0298531625438045
Training loss on iteration 4860 = 0.029712515050778165
Training loss on iteration 4880 = 0.0023695013122051025
Training loss on iteration 4900 = 0.022921207411854994
Training loss on iteration 4920 = 0.006494811297307024
Training loss on iteration 4940 = 0.007549146731980727
Training loss on iteration 4960 = 0.006341249069373589
Training loss on iteration 4980 = 0.004826572709816901
Training loss on iteration 5000 = 0.003455393670265039
Training loss on iteration 5020 = 0.0017541006966439454
Training loss on iteration 5040 = 0.0016754695597683167
Training loss on iteration 5060 = 0.0038121005046605205
Training loss on iteration 5080 = 0.002012072516549779
Training loss on iteration 5100 = 0.02329878112030883
Training loss on iteration 5120 = 0.0012982539066797472
Training loss on iteration 5140 = 0.003442864300268411
Training loss on iteration 5160 = 0.002084973396085843
Training loss on iteration 5180 = 0.00820056151890185
Training loss on iteration 5200 = 0.01936417340893968
Training loss on iteration 5220 = 0.0044144535144369
Training loss on iteration 5240 = 0.01871057004366321
Training loss on iteration 5260 = 0.02259553445196616
Training loss on iteration 5280 = 0.0443059406181419
Training loss on iteration 5300 = 0.013714267272007419
Training loss on iteration 5320 = 0.03866595293657156
Training loss on iteration 5340 = 0.008122299748356454
Training loss on iteration 5360 = 0.016631307201168965
Training loss on iteration 5380 = 0.01946495545489597
Training loss on iteration 5400 = 0.002427500155499729
Training loss on iteration 5420 = 0.021766519422453712
Training loss on iteration 5440 = 0.003291540557984263
Training loss on iteration 5460 = 0.043825328395178074
Training loss on iteration 5480 = 0.04132206492795376
Training loss on iteration 5500 = 0.020184718500240707
Training loss on iteration 5520 = 0.003806291559885722
Training loss on iteration 5540 = 0.004061689654190559
Training loss on iteration 5560 = 0.006639914628249244
Training loss on iteration 5580 = 0.013809078636313643
Training loss on iteration 5600 = 0.02159699529183854
### EVAL:: Epoch 4:: Loss = 0.0031060344692667246 :: ACC = 0.9990726278797345, AUC = 0.9999911663417304, EER = 0.0005857087075361187
Training on epoch 5
Training loss on iteration 0 = 0.00031093112193048
Training loss on iteration 20 = 0.0038589433388551697
Training loss on iteration 40 = 0.036878051492385565
Training loss on iteration 60 = 0.034629921734449454
Training loss on iteration 80 = 0.004033591397455893
Training loss on iteration 100 = 0.008462541676999535
Training loss on iteration 120 = 0.003002812308841385
Training loss on iteration 140 = 0.0007746473875158699
Training loss on iteration 160 = 0.014537780267437484
Training loss on iteration 180 = 0.006006085497210734
Training loss on iteration 200 = 0.0008413483054027892
Training loss on iteration 220 = 0.000771833244652953
Training loss on iteration 240 = 0.02696110296110419
Training loss on iteration 260 = 0.004067950253374875
Training loss on iteration 280 = 0.0013586392520664957
Training loss on iteration 300 = 0.0005829768429066462
Training loss on iteration 320 = 0.003454576117110264
Training loss on iteration 340 = 0.0008854943981305042
Training loss on iteration 360 = 0.0014038203696600249
Training loss on iteration 380 = 0.010004463986706468
Training loss on iteration 400 = 0.005757430732046487
Training loss on iteration 420 = 0.001681949182398057
Training loss on iteration 440 = 0.0010819611946317309
Training loss on iteration 460 = 0.010095568500923946
Training loss on iteration 480 = 0.003497348027872249
Training loss on iteration 500 = 3.730964738224429e-05
Training loss on iteration 520 = 0.0011197005553640338
Training loss on iteration 540 = 0.02468898904088519
Training loss on iteration 560 = 0.0012794475321243226
Training loss on iteration 580 = 0.020375766608776758
Training loss on iteration 600 = 0.0359318119531963
Training loss on iteration 620 = 0.00539091500104405
Training loss on iteration 640 = 0.003812505891255569
Training loss on iteration 660 = 0.0017710132071897533
Training loss on iteration 680 = 0.012424411546180635
Training loss on iteration 700 = 0.010405643329022496
Training loss on iteration 720 = 3.66845579492292e-05
Training loss on iteration 740 = 0.002035590424770817
Training loss on iteration 760 = 0.0021905282301759145
Training loss on iteration 780 = 0.007106943543783472
Training loss on iteration 800 = 0.07394774990719952
Training loss on iteration 820 = 0.010410436864185612
Training loss on iteration 840 = 0.035657121532130985
Training loss on iteration 860 = 0.010564579136553221
Training loss on iteration 880 = 0.022067704238725127
Training loss on iteration 900 = 0.012474501130054706
Training loss on iteration 920 = 0.004609674300809274
Training loss on iteration 940 = 0.0010301645550498506
Training loss on iteration 960 = 0.002215583711176805
Training loss on iteration 980 = 7.969337875692872e-05
Training loss on iteration 1000 = 0.019361471759111737
Training loss on iteration 1020 = 0.012936335219092144
Training loss on iteration 1040 = 0.05765022197410872
Training loss on iteration 1060 = 0.0035511353984475137
Training loss on iteration 1080 = 0.0008387820598727558
Training loss on iteration 1100 = 0.01213716261263471
Training loss on iteration 1120 = 0.0006719121869537048
Training loss on iteration 1140 = 0.011854173353276565
Training loss on iteration 1160 = 0.022764788175027206
Training loss on iteration 1180 = 0.058943405807804085
Training loss on iteration 1200 = 0.028215538230142556
Training loss on iteration 1220 = 0.028692288376623763
Training loss on iteration 1240 = 0.005350165890922654
Training loss on iteration 1260 = 0.00869900796096772
Training loss on iteration 1280 = 0.05210846886766376
Training loss on iteration 1300 = 0.002580899230088107
Training loss on iteration 1320 = 0.024309243555762805
Training loss on iteration 1340 = 0.03496108896506485
Training loss on iteration 1360 = 0.031533488642890004
Training loss on iteration 1380 = 0.024837400141404942
Training loss on iteration 1400 = 0.01363474904501345
Training loss on iteration 1420 = 0.006218418969365302
Training loss on iteration 1440 = 0.001594309361962587
Training loss on iteration 1460 = 0.0011291928996797651
Training loss on iteration 1480 = 0.01144182101070328
Training loss on iteration 1500 = 0.00014750649966117636
Training loss on iteration 1520 = 0.0007215471556719421
Training loss on iteration 1540 = 0.024109211897985004
Training loss on iteration 1560 = 0.029770787720644877
Training loss on iteration 1580 = 0.024112568792952517
Training loss on iteration 1600 = 0.005733719371710322
Training loss on iteration 1620 = 0.01990408777819539
Training loss on iteration 1640 = 0.013154557727102657
Training loss on iteration 1660 = 0.0026188310882389485
Training loss on iteration 1680 = 0.005739024112244806
Training loss on iteration 1700 = 0.00048502908625778216
Training loss on iteration 1720 = 0.05071131743234218
Training loss on iteration 1740 = 0.027841334059485235
Training loss on iteration 1760 = 0.009742123112664558
Training loss on iteration 1780 = 0.0023982942053407895
Training loss on iteration 1800 = 0.006868833623957471
Training loss on iteration 1820 = 0.01438423280724237
Training loss on iteration 1840 = 0.02056962241531437
Training loss on iteration 1860 = 0.023150613048528612
Training loss on iteration 1880 = 0.004516107742801978
Training loss on iteration 1900 = 0.001140770459551277
Training loss on iteration 1920 = 0.04206185219609324
Training loss on iteration 1940 = 0.04670304484170629
Training loss on iteration 1960 = 0.025978384463087423
Training loss on iteration 1980 = 0.019920083296165104
Training loss on iteration 2000 = 0.030224422317405696
Training loss on iteration 2020 = 0.0066751056408975275
Training loss on iteration 2040 = 0.015087422722717746
Training loss on iteration 2060 = 0.0038457971171737882
Training loss on iteration 2080 = 0.0008359892818589288
Training loss on iteration 2100 = 0.0006381564782714122
Training loss on iteration 2120 = 0.0004909358621262072
Training loss on iteration 2140 = 0.000279565439950602
Training loss on iteration 2160 = 0.0003156293866140913
Training loss on iteration 2180 = 0.0037721313251950052
Training loss on iteration 2200 = 0.023486632262779493
Training loss on iteration 2220 = 0.02594154804842219
Training loss on iteration 2240 = 0.008655259490478785
Training loss on iteration 2260 = 0.010534521752924774
Training loss on iteration 2280 = 0.040392503762086564
Training loss on iteration 2300 = 0.01277635851292871
Training loss on iteration 2320 = 0.018107013477856527
Training loss on iteration 2340 = 0.01876755372813932
Training loss on iteration 2360 = 0.007976686436813906
Training loss on iteration 2380 = 0.009211775690346258
Training loss on iteration 2400 = 0.0029600424069940344
Training loss on iteration 2420 = 0.01394447281891189
Training loss on iteration 2440 = 0.003091206307726679
Training loss on iteration 2460 = 0.009498595623244909
Training loss on iteration 2480 = 0.001424521107765031
Training loss on iteration 2500 = 0.0368656532089517
Training loss on iteration 2520 = 0.01242928559822758
Training loss on iteration 2540 = 0.011882801232422935
Training loss on iteration 2560 = 0.004674092229561211
Training loss on iteration 2580 = 0.004477206253932308
Training loss on iteration 2600 = 0.039603002512285455
Training loss on iteration 2620 = 0.0028403638851159487
Training loss on iteration 2640 = 0.017661527951895552
Training loss on iteration 2660 = 0.0014187205879352405
Training loss on iteration 2680 = 0.014722953576892905
Training loss on iteration 2700 = 0.01718919949234987
Training loss on iteration 2720 = 0.0028617320926969114
Training loss on iteration 2740 = 0.018284067045988193
Training loss on iteration 2760 = 0.0027199889622352203
Training loss on iteration 2780 = 0.004012770694225764
Training loss on iteration 2800 = 0.0022599614346290762
Training loss on iteration 2820 = 0.047499985123431544
Training loss on iteration 2840 = 0.005126789244241081
Training loss on iteration 2860 = 0.012911045919827302
Training loss on iteration 2880 = 0.014114617047016508
Training loss on iteration 2900 = 0.001992314792732941
Training loss on iteration 2920 = 0.02689433276646014
Training loss on iteration 2940 = 0.0013313508181454381
Training loss on iteration 2960 = 0.0026038958741992245
Training loss on iteration 2980 = 0.005962858364546264
Training loss on iteration 3000 = 0.04823966851690784
Training loss on iteration 3020 = 0.01873996226058807
Training loss on iteration 3040 = 0.0067254557365231445
Training loss on iteration 3060 = 0.006181327805097681
Training loss on iteration 3080 = 0.012068940572544307
Training loss on iteration 3100 = 0.00012823042497984717
Training loss on iteration 3120 = 0.0415354618227866
Training loss on iteration 3140 = 0.0029424726892102624
Training loss on iteration 3160 = 0.00231834550104395
Training loss on iteration 3180 = 0.0005675995728552152
Training loss on iteration 3200 = 0.00021510281803784891
Training loss on iteration 3220 = 0.001982508362743829
Training loss on iteration 3240 = 0.02926623254634251
Training loss on iteration 3260 = 0.0006270953790590283
Training loss on iteration 3280 = 0.017488197447983113
Training loss on iteration 3300 = 0.002723859589241329
Training loss on iteration 3320 = 0.0004272778211088735
Training loss on iteration 3340 = 0.00092388528732954
Training loss on iteration 3360 = 0.004785841278544467
Training loss on iteration 3380 = 0.02391151313904629
Training loss on iteration 3400 = 0.05338053741688782
Training loss on iteration 3420 = 0.02242052730289288
Training loss on iteration 3440 = 0.02928896037337836
Training loss on iteration 3460 = 0.01808433189871721
Training loss on iteration 3480 = 0.005399679134279722
Training loss on iteration 3500 = 0.01034955047580297
Training loss on iteration 3520 = 0.005783586371217097
Training loss on iteration 3540 = 0.002372775042658759
Training loss on iteration 3560 = 0.0012298233421915938
Training loss on iteration 3580 = 0.007269121204217299
Training loss on iteration 3600 = 0.004060506427538258
Training loss on iteration 3620 = 0.00013522592269055167
Training loss on iteration 3640 = 0.0015226809554633291
Training loss on iteration 3660 = 3.105258019786561e-05
Training loss on iteration 3680 = 0.00016962791189598648
Training loss on iteration 3700 = 9.996990650051885e-06
Training loss on iteration 3720 = 0.005196904597272578
Training loss on iteration 3740 = 0.06693921097597126
Training loss on iteration 3760 = 0.01698797174030915
Training loss on iteration 3780 = 0.0068758023306145334
Training loss on iteration 3800 = 0.018381855535699286
Training loss on iteration 3820 = 0.018504461158590856
Training loss on iteration 3840 = 0.024897397837776225
Training loss on iteration 3860 = 0.0029622983405715787
Training loss on iteration 3880 = 0.004001677362248301
Training loss on iteration 3900 = 0.01830445278865227
Training loss on iteration 3920 = 0.011316369457563268
Training loss on iteration 3940 = 0.003949418969932594
Training loss on iteration 3960 = 0.04170193817753898
Training loss on iteration 3980 = 0.016849511512555183
Training loss on iteration 4000 = 0.04446376421910827
Training loss on iteration 4020 = 0.014154679398052395
Training loss on iteration 4040 = 0.005062231517513283
Training loss on iteration 4060 = 0.0048338617132685615
Training loss on iteration 4080 = 0.0028830697823650554
Training loss on iteration 4100 = 0.0244577042896708
Training loss on iteration 4120 = 0.006960615859497921
Training loss on iteration 4140 = 0.005081396061723353
Training loss on iteration 4160 = 0.0003894715127898962
Training loss on iteration 4180 = 0.002883350175579835
Training loss on iteration 4200 = 0.005550561372501761
Training loss on iteration 4220 = 0.018897140909484734
Training loss on iteration 4240 = 0.005522900953656063
Training loss on iteration 4260 = 0.010097080909690703
Training loss on iteration 4280 = 0.0012451860488454259
Training loss on iteration 4300 = 0.0009042513667736785
Training loss on iteration 4320 = 0.0035359434067004257
Training loss on iteration 4340 = 0.015061055667842993
Training loss on iteration 4360 = 0.004168138339719007
Training loss on iteration 4380 = 0.02009431073356609
Training loss on iteration 4400 = 0.001163476163856103
Training loss on iteration 4420 = 0.002506288464337558
Training loss on iteration 4440 = 0.0002987650020941146
Training loss on iteration 4460 = 6.847188733445364e-05
Training loss on iteration 4480 = 0.002830174656401141
Training loss on iteration 4500 = 0.023762417734792506
Training loss on iteration 4520 = 0.008686500986277679
Training loss on iteration 4540 = 0.008472815215873198
Training loss on iteration 4560 = 0.01712729167643374
Training loss on iteration 4580 = 0.01782089670159621
Training loss on iteration 4600 = 0.04908280438103248
Training loss on iteration 4620 = 0.009931037077330984
Training loss on iteration 4640 = 0.014472540294809733
Training loss on iteration 4660 = 0.02773697374504991
Training loss on iteration 4680 = 0.01727557643171167
Training loss on iteration 4700 = 0.007791301843462861
Training loss on iteration 4720 = 0.011753594736728702
Training loss on iteration 4740 = 0.011710764131203177
Training loss on iteration 4760 = 0.0033623354780502267
Training loss on iteration 4780 = 0.007244271401305014
Training loss on iteration 4800 = 0.012702001967772958
Training loss on iteration 4820 = 0.0007829972434592492
Training loss on iteration 4840 = 0.011282392326120317
Training loss on iteration 4860 = 0.012885566219119937
Training loss on iteration 4880 = 0.013016716156107578
Training loss on iteration 4900 = 0.026352539581785094
Training loss on iteration 4920 = 0.002595348810427822
Training loss on iteration 4940 = 0.010311822388575819
Training loss on iteration 4960 = 0.001489888183914445
Training loss on iteration 4980 = 0.03613279786754901
Training loss on iteration 5000 = 0.008644741395255551
Training loss on iteration 5020 = 0.01341394948431116
Training loss on iteration 5040 = 0.01924402733129682
Training loss on iteration 5060 = 0.02036030183880939
Training loss on iteration 5080 = 0.005124958115629852
Training loss on iteration 5100 = 0.007242757694621104
Training loss on iteration 5120 = 0.01576506146993779
Training loss on iteration 5140 = 0.008509661999414674
Training loss on iteration 5160 = 0.011347541568284214
Training loss on iteration 5180 = 0.016177219291239452
Training loss on iteration 5200 = 0.012819337143082522
Training loss on iteration 5220 = 0.008086055205058073
Training loss on iteration 5240 = 0.04012578781221236
Training loss on iteration 5260 = 0.003234696498475387
Training loss on iteration 5280 = 0.053343483101707535
Training loss on iteration 5300 = 0.006530727297649719
Training loss on iteration 5320 = 0.011628800914331805
Training loss on iteration 5340 = 0.023241146741929695
Training loss on iteration 5360 = 0.011460819001149503
Training loss on iteration 5380 = 0.007725172447499063
Training loss on iteration 5400 = 0.0005676030667927989
Training loss on iteration 5420 = 0.015734417743260565
Training loss on iteration 5440 = 0.007054846127539349
Training loss on iteration 5460 = 0.0001963117164450523
Training loss on iteration 5480 = 0.005816704378776194
Training loss on iteration 5500 = 0.00032539857620577094
Training loss on iteration 5520 = 0.0019037996387851308
Training loss on iteration 5540 = 0.0016854745594628185
Training loss on iteration 5560 = 0.00025531101264277825
Training loss on iteration 5580 = 0.004469401096730508
Training loss on iteration 5600 = 0.0006004199203289318
### EVAL:: Epoch 5:: Loss = 0.002373761259895493 :: ACC = 0.9993166731745412, AUC = 0.9999998475312488, EER = 9.761811792268645e-05
Training on epoch 6
Training loss on iteration 0 = 9.016346302814782e-05
Training loss on iteration 20 = 0.014406164481033556
Training loss on iteration 40 = 0.016489953476411755
Training loss on iteration 60 = 0.007970090437629552
Training loss on iteration 80 = 0.000351284953103459
Training loss on iteration 100 = 0.012660837240764522
Training loss on iteration 120 = 0.003427739364997251
Training loss on iteration 140 = 0.00040525981769405915
Training loss on iteration 160 = 0.005310055304335037
Training loss on iteration 180 = 0.015016525838291273
Training loss on iteration 200 = 0.0015445120820913871
Training loss on iteration 220 = 0.032030651885906994
Training loss on iteration 240 = 0.015944607102210285
Training loss on iteration 260 = 0.006767451542327762
Training loss on iteration 280 = 0.002381284341208811
Training loss on iteration 300 = 0.0020544248163787415
Training loss on iteration 320 = 0.050737408119630345
Training loss on iteration 340 = 0.02188946223759558
Training loss on iteration 360 = 0.009427241896628403
Training loss on iteration 380 = 0.004104139591072453
Training loss on iteration 400 = 0.0006483611534349621
Training loss on iteration 420 = 0.040473409797414206
Training loss on iteration 440 = 0.020075587459723467
Training loss on iteration 460 = 0.024404760719335172
Training loss on iteration 480 = 0.017760679749335394
Training loss on iteration 500 = 0.003743271090934286
Training loss on iteration 520 = 0.0031249285182639143
Training loss on iteration 540 = 0.021439782473316883
Training loss on iteration 560 = 0.022290671978134925
Training loss on iteration 580 = 0.010873592254938558
Training loss on iteration 600 = 0.0440434978751
Training loss on iteration 620 = 0.012717898213304579
Training loss on iteration 640 = 0.02527983981053694
Training loss on iteration 660 = 0.039445998053997754
Training loss on iteration 680 = 0.012363413188722916
Training loss on iteration 700 = 0.04822943242033943
Training loss on iteration 720 = 0.0049366195627953855
Training loss on iteration 740 = 0.010670885229410487
Training loss on iteration 760 = 0.051708146139208114
Training loss on iteration 780 = 0.014008668010501425
Training loss on iteration 800 = 0.006934549096331466
Training loss on iteration 820 = 0.02219206162626506
Training loss on iteration 840 = 0.005510564889118541
Training loss on iteration 860 = 0.01732527574222331
Training loss on iteration 880 = 0.001892044358100975
Training loss on iteration 900 = 0.0014824435451373575
Training loss on iteration 920 = 0.0011279054212991468
Training loss on iteration 940 = 0.001165132479945896
Training loss on iteration 960 = 0.007118261301548046
Training loss on iteration 980 = 0.009897685464420648
Training loss on iteration 1000 = 0.0015331310714373104
Training loss on iteration 1020 = 0.06043258556817364
Training loss on iteration 1040 = 0.027225374665431446
Training loss on iteration 1060 = 0.006759523542132229
Training loss on iteration 1080 = 0.0007261223910973059
Training loss on iteration 1100 = 0.02166620225407314
Training loss on iteration 1120 = 0.044635602548987664
Training loss on iteration 1140 = 0.019436459338248824
Training loss on iteration 1160 = 0.003481149212620949
Training loss on iteration 1180 = 0.007868674732981163
Training loss on iteration 1200 = 0.002575621805181072
Training loss on iteration 1220 = 0.0013668685341144738
Training loss on iteration 1240 = 0.0013508491200809659
Training loss on iteration 1260 = 0.01605888460917413
Training loss on iteration 1280 = 0.07961446885019541
Training loss on iteration 1300 = 0.010455300015746617
Training loss on iteration 1320 = 0.0048693164135329425
Training loss on iteration 1340 = 0.0076509227917995306
Training loss on iteration 1360 = 0.0022078641810367116
Training loss on iteration 1380 = 0.012099709703306871
Training loss on iteration 1400 = 0.02299124551964269
Training loss on iteration 1420 = 0.025392014153840136
Training loss on iteration 1440 = 0.011555620975741476
Training loss on iteration 1460 = 0.01804460296780235
Training loss on iteration 1480 = 0.0015685836497596028
Training loss on iteration 1500 = 0.0008556593417779368
Training loss on iteration 1520 = 0.00534247177170073
Training loss on iteration 1540 = 0.021527328318006765
Training loss on iteration 1560 = 0.0011900662290827313
Training loss on iteration 1580 = 0.007861456323371385
Training loss on iteration 1600 = 0.02153231745996891
Training loss on iteration 1620 = 0.011007686195898713
Training loss on iteration 1640 = 0.005532565345311014
Training loss on iteration 1660 = 0.00441360375923523
Training loss on iteration 1680 = 0.00013893547693442088
Training loss on iteration 1700 = 0.025696402318180843
Training loss on iteration 1720 = 0.06193436143312283
Training loss on iteration 1740 = 0.0076547421282157305
Training loss on iteration 1760 = 0.0024620446340122724
Training loss on iteration 1780 = 0.0034906838274764594
Training loss on iteration 1800 = 0.013428345639476902
Training loss on iteration 1820 = 0.03586327125158277
Training loss on iteration 1840 = 0.007892276596976444
Training loss on iteration 1860 = 0.011120520518670674
Training loss on iteration 1880 = 0.03890593467731378
Training loss on iteration 1900 = 0.01972790068248287
Training loss on iteration 1920 = 0.012505822362436447
Training loss on iteration 1940 = 0.007432841098489007
Training loss on iteration 1960 = 0.004980572217209556
Training loss on iteration 1980 = 0.0013803105666738702
Training loss on iteration 2000 = 0.0020544011213132762
Training loss on iteration 2020 = 0.01535469902546538
Training loss on iteration 2040 = 0.0036578929571078334
Training loss on iteration 2060 = 0.020484016643922586
Training loss on iteration 2080 = 0.0016743365360525786
Training loss on iteration 2100 = 0.029481026746725546
Training loss on iteration 2120 = 0.051768587527476484
Training loss on iteration 2140 = 0.004148279292712687
Training loss on iteration 2160 = 0.0032917247714067343
Training loss on iteration 2180 = 0.002785624231637485
Training loss on iteration 2200 = 0.010393471610859706
Training loss on iteration 2220 = 0.024839980346041558
Training loss on iteration 2240 = 0.010544229560036911
Training loss on iteration 2260 = 0.006070995706431858
Training loss on iteration 2280 = 0.005117308300395962
Training loss on iteration 2300 = 0.0003257209235925984
Training loss on iteration 2320 = 0.08066257861173654
Training loss on iteration 2340 = 0.02202651957195485
Training loss on iteration 2360 = 0.006040124392893631
Training loss on iteration 2380 = 0.0017707685983623378
Training loss on iteration 2400 = 0.002153726744290907
Training loss on iteration 2420 = 0.004258258131085313
Training loss on iteration 2440 = 0.03632534784851486
Training loss on iteration 2460 = 0.0275782220705878
Training loss on iteration 2480 = 0.009686642825545277
Training loss on iteration 2500 = 0.0016265208381810226
Training loss on iteration 2520 = 0.0008650623760331655
Training loss on iteration 2540 = 0.0009667124937550398
Training loss on iteration 2560 = 0.002127466635829478
Training loss on iteration 2580 = 0.005594000613200478
Training loss on iteration 2600 = 0.03791576800940675
Training loss on iteration 2620 = 0.03537335594737669
Training loss on iteration 2640 = 0.006899889438682294
Training loss on iteration 2660 = 0.00033708931850924274
Training loss on iteration 2680 = 0.014937162879004973
Training loss on iteration 2700 = 0.013168025131790273
Training loss on iteration 2720 = 0.04159210023353808
Training loss on iteration 2740 = 0.006083773756836308
Training loss on iteration 2760 = 0.001193392002096516
Training loss on iteration 2780 = 0.00040492625576007415
Training loss on iteration 2800 = 0.025869617681564705
Training loss on iteration 2820 = 0.006628722676396137
Training loss on iteration 2840 = 0.004139614292944316
Training loss on iteration 2860 = 0.04115691543847788
Training loss on iteration 2880 = 0.018982746613619383
Training loss on iteration 2900 = 0.05109674723862554
Training loss on iteration 2920 = 0.008332947170129047
Training loss on iteration 2940 = 0.0011304999970889185
Training loss on iteration 2960 = 0.001153750364028383
Training loss on iteration 2980 = 0.0019011915759620025
Training loss on iteration 3000 = 0.02783956569437578
Training loss on iteration 3020 = 0.01192508463645936
Training loss on iteration 3040 = 0.01565324505791068
Training loss on iteration 3060 = 0.011081768002622994
Training loss on iteration 3080 = 0.006017105590581195
Training loss on iteration 3100 = 0.019194918963148667
Training loss on iteration 3120 = 0.007685006357860402
Training loss on iteration 3140 = 0.012103284864315356
Training loss on iteration 3160 = 0.001452052429340256
Training loss on iteration 3180 = 0.0038235269172218977
Training loss on iteration 3200 = 0.008271254945793772
Training loss on iteration 3220 = 0.03943633335002232
Training loss on iteration 3240 = 0.04369152494582522
Training loss on iteration 3260 = 0.041720556135987866
Training loss on iteration 3280 = 0.004212794837803813
Training loss on iteration 3300 = 0.003149709050921956
Training loss on iteration 3320 = 0.026350714963336942
Training loss on iteration 3340 = 0.022066928825370268
Training loss on iteration 3360 = 0.022510674216027836
Training loss on iteration 3380 = 0.005046360756387003
Training loss on iteration 3400 = 0.004271998654439812
Training loss on iteration 3420 = 0.019413673301096425
Training loss on iteration 3440 = 0.03030796681268839
Training loss on iteration 3460 = 0.0028635031783778688
Training loss on iteration 3480 = 0.0008186164151993581
Training loss on iteration 3500 = 0.0011732982704415918
Training loss on iteration 3520 = 0.002227724609110737
Training loss on iteration 3540 = 0.01810265797894317
Training loss on iteration 3560 = 0.0548333098020521
Training loss on iteration 3580 = 0.0035899210182833486
Training loss on iteration 3600 = 0.00467491879244335
Training loss on iteration 3620 = 0.007124764296167996
Training loss on iteration 3640 = 0.0004859866476181196
Training loss on iteration 3660 = 0.005556196962788818
Training loss on iteration 3680 = 0.0007360820947724279
Training loss on iteration 3700 = 0.003187068226543488
Training loss on iteration 3720 = 0.01568506898047417
Training loss on iteration 3740 = 0.00034220058951177633
Training loss on iteration 3760 = 0.01478522127999895
Training loss on iteration 3780 = 0.023951383943131076
Training loss on iteration 3800 = 0.013439850696886423
Training loss on iteration 3820 = 0.05374824264763447
Training loss on iteration 3840 = 0.026545682272990236
Training loss on iteration 3860 = 0.012925355549668893
Training loss on iteration 3880 = 0.0019173462940671015
Training loss on iteration 3900 = 0.0020441104859855843
Training loss on iteration 3920 = 0.0011767279956984567
Training loss on iteration 3940 = 0.00421058969150181
Training loss on iteration 3960 = 0.004664692571896012
Training loss on iteration 3980 = 0.001994210034217758
Training loss on iteration 4000 = 0.0007944095558059417
Training loss on iteration 4020 = 0.03541647748184005
Training loss on iteration 4040 = 0.0019178402003490191
Training loss on iteration 4060 = 0.026896251351263344
Training loss on iteration 4080 = 0.03464007876254982
Training loss on iteration 4100 = 0.007962824987771455
Training loss on iteration 4120 = 0.025684793322579936
Training loss on iteration 4140 = 0.013083374109919532
Training loss on iteration 4160 = 0.00230782033977448
Training loss on iteration 4180 = 0.0007671413932257565
Training loss on iteration 4200 = 0.002012145234630225
Training loss on iteration 4220 = 0.023764471265576504
Training loss on iteration 4240 = 0.004261613440144174
Training loss on iteration 4260 = 0.0001529477546000635
Training loss on iteration 4280 = 0.006937436143425657
Training loss on iteration 4300 = 0.009340652168998532
Training loss on iteration 4320 = 0.00699433724089431
Training loss on iteration 4340 = 0.04321215651316379
Training loss on iteration 4360 = 0.011199282980669523
Training loss on iteration 4380 = 0.010745445732754887
Training loss on iteration 4400 = 0.016679102913622047
Training loss on iteration 4420 = 0.004605397419436485
Training loss on iteration 4440 = 0.005567677883391298
Training loss on iteration 4460 = 0.01759808179558604
Training loss on iteration 4480 = 0.002718270977129578
Training loss on iteration 4500 = 0.004114981643215288
Training loss on iteration 4520 = 0.03823567113086028
Training loss on iteration 4540 = 0.010341976772724592
Training loss on iteration 4560 = 0.001974367315415293
Training loss on iteration 4580 = 0.0017484030111518222
Training loss on iteration 4600 = 0.00029393733148026514
Training loss on iteration 4620 = 0.03205543861295155
Training loss on iteration 4640 = 0.0007390603676867613
Training loss on iteration 4660 = 0.0069666318047893585
Training loss on iteration 4680 = 0.01820696609306651
Training loss on iteration 4700 = 0.0043889444779779295
Training loss on iteration 4720 = 0.011751511399597802
Training loss on iteration 4740 = 0.015889985373814853
Training loss on iteration 4760 = 0.006735469916202419
Training loss on iteration 4780 = 0.001887862465082435
Training loss on iteration 4800 = 0.0003297572897736245
Training loss on iteration 4820 = 0.00014875852807563205
Training loss on iteration 4840 = 0.017348722552469553
Training loss on iteration 4860 = 0.01608499648500583
Training loss on iteration 4880 = 0.006607745955079736
Training loss on iteration 4900 = 0.030661479058289844
Training loss on iteration 4920 = 0.0031151779025094584
Training loss on iteration 4940 = 0.0007283562357770279
Training loss on iteration 4960 = 0.02196143734290672
Training loss on iteration 4980 = 0.0009055501752300188
Training loss on iteration 5000 = 0.019728765690524598
Training loss on iteration 5020 = 0.003911943043931387
Training loss on iteration 5040 = 0.0033926308591617272
Training loss on iteration 5060 = 0.02289965885802303
Training loss on iteration 5080 = 0.00041855725348796116
Training loss on iteration 5100 = 0.0013564622142439476
Training loss on iteration 5120 = 0.012038917144673178
Training loss on iteration 5140 = 0.003221955421849998
Training loss on iteration 5160 = 0.02612840327583399
Training loss on iteration 5180 = 0.013581025729490648
Training loss on iteration 5200 = 0.02621923412079923
Training loss on iteration 5220 = 0.01519713197776582
Training loss on iteration 5240 = 0.0018616765351907815
Training loss on iteration 5260 = 0.010441797221574234
Training loss on iteration 5280 = 0.01402726112792152
Training loss on iteration 5300 = 0.0035409454050750354
Training loss on iteration 5320 = 0.04599103679829568
Training loss on iteration 5340 = 0.004456986861623591
Training loss on iteration 5360 = 0.002068935749639422
Training loss on iteration 5380 = 0.0005387066795265128
Training loss on iteration 5400 = 0.006271515671505768
Training loss on iteration 5420 = 0.0002240537827674416
Training loss on iteration 5440 = 0.0034602648091095036
Training loss on iteration 5460 = 7.628230114278267e-05
Training loss on iteration 5480 = 0.06458577189831657
Training loss on iteration 5500 = 0.003318128523824271
Training loss on iteration 5520 = 0.04332978493766859
Training loss on iteration 5540 = 0.01674110972089693
Training loss on iteration 5560 = 0.0035432284003945823
Training loss on iteration 5580 = 0.0162623142119628
Training loss on iteration 5600 = 0.0013446648208628176
### EVAL:: Epoch 6:: Loss = 0.0019663677033061517 :: ACC = 0.9992190550566185, AUC = 0.9999989231894452, EER = 0.00048809058961343224
Training on epoch 7
Training loss on iteration 0 = 7.862395432312042e-05
Training loss on iteration 20 = 0.00048744929572421827
Training loss on iteration 40 = 0.0020685935803157916
Training loss on iteration 60 = 0.0002873841815016931
Training loss on iteration 80 = 0.007565950106436503
Training loss on iteration 100 = 0.004691087251694625
Training loss on iteration 120 = 0.04604828236006142
Training loss on iteration 140 = 0.0181357258985372
Training loss on iteration 160 = 0.004526389378588647
Training loss on iteration 180 = 0.0025003011134685947
Training loss on iteration 200 = 0.001160232609800005
Training loss on iteration 220 = 0.012993770313914865
Training loss on iteration 240 = 0.006436453744936443
Training loss on iteration 260 = 0.020706171449091926
Training loss on iteration 280 = 0.0104604714018933
Training loss on iteration 300 = 0.05193198526139895
Training loss on iteration 320 = 0.029391211008623942
Training loss on iteration 340 = 0.000874032279534731
Training loss on iteration 360 = 0.044632951536914336
Training loss on iteration 380 = 0.004005213774144067
Training loss on iteration 400 = 0.006518207339104265
Training loss on iteration 420 = 0.003642962098638236
Training loss on iteration 440 = 0.0010421458516248095
Training loss on iteration 460 = 0.0007184054082699731
Training loss on iteration 480 = 0.0037696420070233217
Training loss on iteration 500 = 0.03734542482693541
Training loss on iteration 520 = 0.01410589160204836
Training loss on iteration 540 = 0.0009445895340832067
Training loss on iteration 560 = 0.005685676691427943
Training loss on iteration 580 = 0.001724559222930111
Training loss on iteration 600 = 0.012858532042264415
Training loss on iteration 620 = 0.029460787323614568
Training loss on iteration 640 = 0.022595528513920726
Training loss on iteration 660 = 0.02360674814262893
Training loss on iteration 680 = 0.0036685658546048217
Training loss on iteration 700 = 0.03276513452656218
Training loss on iteration 720 = 0.010084405660745688
Training loss on iteration 740 = 0.01100914560520323
Training loss on iteration 760 = 0.016182789055528703
Training loss on iteration 780 = 0.06304301642812789
Training loss on iteration 800 = 0.005300835333764553
Training loss on iteration 820 = 0.023812258220277726
Training loss on iteration 840 = 0.006393491951166652
Training loss on iteration 860 = 0.0038041172236262357
Training loss on iteration 880 = 0.0029552073946433667
Training loss on iteration 900 = 0.0019908929003577213
Training loss on iteration 920 = 0.00788004975875083
Training loss on iteration 940 = 0.027331958081686026
Training loss on iteration 960 = 0.010469410611040075
Training loss on iteration 980 = 0.01706531803101825
Training loss on iteration 1000 = 0.020228790419059804
Training loss on iteration 1020 = 0.0018620049915625714
Training loss on iteration 1040 = 0.001849070386015228
Training loss on iteration 1060 = 0.0002809024211273936
Training loss on iteration 1080 = 0.0029491416240489342
Training loss on iteration 1100 = 0.00037995569828126464
Training loss on iteration 1120 = 0.0027637773135666065
Training loss on iteration 1140 = 0.006543188772320718
Training loss on iteration 1160 = 0.00012852005258991994
Training loss on iteration 1180 = 0.018574288703922547
Training loss on iteration 1200 = 0.008315141915096547
Training loss on iteration 1220 = 0.00657216140671153
Training loss on iteration 1240 = 0.0027136284511016127
Training loss on iteration 1260 = 0.003892448776105084
Training loss on iteration 1280 = 0.008208394763346404
Training loss on iteration 1300 = 0.0077100976755104965
Training loss on iteration 1320 = 0.0328246515109754
Training loss on iteration 1340 = 0.00929533831504159
Training loss on iteration 1360 = 0.0008419289037192357
Training loss on iteration 1380 = 0.019760582705839625
Training loss on iteration 1400 = 0.0033674681950287776
Training loss on iteration 1420 = 0.005164881660220999
Training loss on iteration 1440 = 0.000225152328994227
Training loss on iteration 1460 = 0.006810810367778686
Training loss on iteration 1480 = 0.02732221892653115
Training loss on iteration 1500 = 0.015218110620116932
Training loss on iteration 1520 = 0.013176098076291965
Training loss on iteration 1540 = 0.0019024725450435653
Training loss on iteration 1560 = 0.0025946968813514103
Training loss on iteration 1580 = 0.03377833097192706
Training loss on iteration 1600 = 0.07816187429079946
Training loss on iteration 1620 = 0.021248099090735197
Training loss on iteration 1640 = 0.041967282985933704
Training loss on iteration 1660 = 0.03257854230032535
Training loss on iteration 1680 = 0.02341823301030672
Training loss on iteration 1700 = 0.0181403599690384
Training loss on iteration 1720 = 0.01719928634702228
Training loss on iteration 1740 = 0.0075724529906437965
Training loss on iteration 1760 = 0.009236135535502399
Training loss on iteration 1780 = 0.037015134663306526
Training loss on iteration 1800 = 0.004172674147412181
Training loss on iteration 1820 = 0.0025935466976079622
Training loss on iteration 1840 = 0.009167208320104692
Training loss on iteration 1860 = 0.028383403598490987
Training loss on iteration 1880 = 0.07865917835188156
Training loss on iteration 1900 = 0.020945935079362245
Training loss on iteration 1920 = 0.022186689540103544
Training loss on iteration 1940 = 0.024399832227936714
Training loss on iteration 1960 = 0.03302801144163823
Training loss on iteration 1980 = 0.01188709598427522
Training loss on iteration 2000 = 0.007372439568280242
Training loss on iteration 2020 = 0.00232720540225273
Training loss on iteration 2040 = 0.003377105764957378
Training loss on iteration 2060 = 0.0019168734210325057
Training loss on iteration 2080 = 0.0016199089799556533
Training loss on iteration 2100 = 0.002240924970010383
Training loss on iteration 2120 = 0.031959463756675174
Training loss on iteration 2140 = 0.0033603852203668793
Training loss on iteration 2160 = 0.004494078025891213
Training loss on iteration 2180 = 0.0020141937338848948
Training loss on iteration 2200 = 0.00011485302943583519
Training loss on iteration 2220 = 0.0014826849939709064
Training loss on iteration 2240 = 0.02925684047922914
Training loss on iteration 2260 = 0.001248205707543093
Training loss on iteration 2280 = 0.01868121749812417
Training loss on iteration 2300 = 0.009575282865262125
Training loss on iteration 2320 = 0.0004989759692762164
Training loss on iteration 2340 = 0.031200631515639544
Training loss on iteration 2360 = 0.0041969750549469605
Training loss on iteration 2380 = 0.004392837237537606
Training loss on iteration 2400 = 0.0016934450084590935
Training loss on iteration 2420 = 0.010464833641799487
Training loss on iteration 2440 = 0.03461765697329611
Training loss on iteration 2460 = 0.004125475522596389
Training loss on iteration 2480 = 0.014241380503881374
Training loss on iteration 2500 = 0.03014484109116893
Training loss on iteration 2520 = 0.0072494416694098614
Training loss on iteration 2540 = 0.0076098529258160855
Training loss on iteration 2560 = 0.00735741489152133
Training loss on iteration 2580 = 0.0031663518483583176
Training loss on iteration 2600 = 0.0014494436311451864
Training loss on iteration 2620 = 0.010354606180953851
Training loss on iteration 2640 = 0.0049012685379921095
Training loss on iteration 2660 = 0.0011246987439903933
Training loss on iteration 2680 = 0.022375179583127645
Training loss on iteration 2700 = 0.004738061303123686
Training loss on iteration 2720 = 0.012200828505592653
Training loss on iteration 2740 = 0.0039739656243909845
Training loss on iteration 2760 = 0.0296883792265362
Training loss on iteration 2780 = 0.002725613390794024
Training loss on iteration 2800 = 0.0022123736038338394
Training loss on iteration 2820 = 0.0004974925435817567
Training loss on iteration 2840 = 0.0006015980745360139
Training loss on iteration 2860 = 0.000930976627387281
Training loss on iteration 2880 = 0.030027225133608226
Training loss on iteration 2900 = 0.0012558743179397424
Training loss on iteration 2920 = 0.007687257224461064
Training loss on iteration 2940 = 0.0024116883638271246
Training loss on iteration 2960 = 0.0043177158150683684
Training loss on iteration 2980 = 0.0018554750810153564
Training loss on iteration 3000 = 0.0015697511628445682
Training loss on iteration 3020 = 4.247882776553524e-05
Training loss on iteration 3040 = 0.07958478094399198
Training loss on iteration 3060 = 0.022911327984184028
Training loss on iteration 3080 = 0.004670125218399335
Training loss on iteration 3100 = 0.0021876763639738783
Training loss on iteration 3120 = 0.02578553786443081
Training loss on iteration 3140 = 0.00501268587395316
Training loss on iteration 3160 = 0.0067559751158114524
Training loss on iteration 3180 = 0.016121677616320086
Training loss on iteration 3200 = 0.0007192951838078443
Training loss on iteration 3220 = 0.0005480547240949817
Training loss on iteration 3240 = 0.010824001614400914
Training loss on iteration 3260 = 0.004693834484169201
Training loss on iteration 3280 = 0.0028459159173507944
Training loss on iteration 3300 = 0.001880375191785788
Training loss on iteration 3320 = 0.000255311262367286
Training loss on iteration 3340 = 0.0068635442110689835
Training loss on iteration 3360 = 0.0004169015296156431
Training loss on iteration 3380 = 0.000320660673094153
Training loss on iteration 3400 = 8.732166039635559e-05
Training loss on iteration 3420 = 7.466456679594557e-05
Training loss on iteration 3440 = 0.008922318632460246
Training loss on iteration 3460 = 0.018681872940112497
Training loss on iteration 3480 = 0.000337203451726964
Training loss on iteration 3500 = 0.02229805858441978
Training loss on iteration 3520 = 0.005199195816749125
Training loss on iteration 3540 = 0.0009529947334158351
Training loss on iteration 3560 = 0.0009446320281313092
Training loss on iteration 3580 = 0.008665154796972274
Training loss on iteration 3600 = 0.0014283105762388005
Training loss on iteration 3620 = 0.0029317905338757553
Training loss on iteration 3640 = 0.006556612997837874
Training loss on iteration 3660 = 0.0061341145133837925
Training loss on iteration 3680 = 0.0006968205024804775
Training loss on iteration 3700 = 0.000830467475043406
Training loss on iteration 3720 = 0.0005534028642841804
Training loss on iteration 3740 = 0.0012774856716333716
Training loss on iteration 3760 = 0.0006457837079068441
Training loss on iteration 3780 = 0.02195794909595179
Training loss on iteration 3800 = 0.019544830162249126
Training loss on iteration 3820 = 0.00026524137329033695
Training loss on iteration 3840 = 0.002909994825586182
Training loss on iteration 3860 = 0.00025916762724591534
Training loss on iteration 3880 = 0.0187422181369584
Training loss on iteration 3900 = 0.06312901790906836
Training loss on iteration 3920 = 0.026139646326191722
Training loss on iteration 3940 = 0.0023655250999581766
Training loss on iteration 3960 = 0.0016962985877398752
Training loss on iteration 3980 = 0.005756665572243946
Training loss on iteration 4000 = 0.02435587815061808
Training loss on iteration 4020 = 0.0027762573521613377
Training loss on iteration 4040 = 0.0014066005171116558
Training loss on iteration 4060 = 0.0008471015327813803
Training loss on iteration 4080 = 0.004810622509012319
Training loss on iteration 4100 = 0.002040393731954282
Training loss on iteration 4120 = 0.016108571099266555
Training loss on iteration 4140 = 0.0033313769645246794
Training loss on iteration 4160 = 0.0017620893678667927
Training loss on iteration 4180 = 0.0006823060650276603
Training loss on iteration 4200 = 0.00012968980968253163
Training loss on iteration 4220 = 0.011781845754080677
Training loss on iteration 4240 = 0.02716358393581686
Training loss on iteration 4260 = 0.0057983679256722095
Training loss on iteration 4280 = 0.0209195522016671
Training loss on iteration 4300 = 0.01471418101209565
Training loss on iteration 4320 = 0.002617411329265451
Training loss on iteration 4340 = 0.0004119835684832651
Training loss on iteration 4360 = 0.012193909643065126
Training loss on iteration 4380 = 0.0461001761508669
Training loss on iteration 4400 = 0.008162777579855174
Training loss on iteration 4420 = 0.02360977376520168
Training loss on iteration 4440 = 0.012507294910756172
Training loss on iteration 4460 = 0.006039631808380364
Training loss on iteration 4480 = 0.007186611350152816
Training loss on iteration 4500 = 0.017271221778719335
Training loss on iteration 4520 = 0.04915558065331425
Training loss on iteration 4540 = 0.004744280767044984
Training loss on iteration 4560 = 0.01759184836409986
Training loss on iteration 4580 = 0.016967908047081436
Training loss on iteration 4600 = 0.0011501307442813413
Training loss on iteration 4620 = 0.00579240231145377
Training loss on iteration 4640 = 0.008569859750241448
Training loss on iteration 4660 = 0.00561050083902046
Training loss on iteration 4680 = 0.00046965462970547376
Training loss on iteration 4700 = 0.005712693657051205
Training loss on iteration 4720 = 0.0036346951968425855
Training loss on iteration 4740 = 0.00018204116822744253
Training loss on iteration 4760 = 0.0015433003788984934
Training loss on iteration 4780 = 0.000167811400683604
Training loss on iteration 4800 = 0.0008369319435360012
Training loss on iteration 4820 = 9.96231140902637e-05
Training loss on iteration 4840 = 0.017200376547839367
Training loss on iteration 4860 = 0.002728055792704254
Training loss on iteration 4880 = 8.250489040619868e-05
Training loss on iteration 4900 = 0.0008780836247979096
Training loss on iteration 4920 = 0.00033585001494884636
Training loss on iteration 4940 = 0.0009509954795476006
Training loss on iteration 4960 = 0.00027799448104133263
Training loss on iteration 4980 = 1.6787987004818205e-05
Training loss on iteration 5000 = 0.019943042282375246
Training loss on iteration 5020 = 0.0618798212650745
Training loss on iteration 5040 = 0.004009924889396643
Training loss on iteration 5060 = 0.02181188917311374
Training loss on iteration 5080 = 0.007463104129419662
Training loss on iteration 5100 = 0.011805485873264843
Training loss on iteration 5120 = 0.002192770810506772
Training loss on iteration 5140 = 0.015120420597850171
Training loss on iteration 5160 = 0.016112337432150525
Training loss on iteration 5180 = 0.01838716167912935
Training loss on iteration 5200 = 0.0022331724932882933
Training loss on iteration 5220 = 0.04045547981513664
Training loss on iteration 5240 = 0.03094152763078455
Training loss on iteration 5260 = 0.011385519489704166
Training loss on iteration 5280 = 0.0014625220203015488
Training loss on iteration 5300 = 0.002501854829824879
Training loss on iteration 5320 = 0.0064945691960019755
Training loss on iteration 5340 = 0.02434125638756086
Training loss on iteration 5360 = 0.0018429752724841819
Training loss on iteration 5380 = 0.0012390293879434467
Training loss on iteration 5400 = 0.03547522353837849
Training loss on iteration 5420 = 0.006587714287161361
Training loss on iteration 5440 = 0.0013975223311717855
Training loss on iteration 5460 = 0.007795131010789191
Training loss on iteration 5480 = 0.01648708927732514
Training loss on iteration 5500 = 0.024565801478456707
Training loss on iteration 5520 = 0.01603460443147924
Training loss on iteration 5540 = 0.010020242290192983
Training loss on iteration 5560 = 0.009032310354814398
Training loss on iteration 5580 = 0.007745975624675339
Training loss on iteration 5600 = 0.0024447624031381566
### EVAL:: Epoch 7:: Loss = 0.002822293670101994 :: ACC = 0.9989262007028504, AUC = 0.9999962835741907, EER = 0.0007809449433814916
Training on epoch 8
Training loss on iteration 0 = 0.00042409831075929105
Training loss on iteration 20 = 0.037403844043637946
Training loss on iteration 40 = 0.004991158413758967
Training loss on iteration 60 = 0.0014165110977046424
Training loss on iteration 80 = 0.012779466474239599
Training loss on iteration 100 = 0.008242837084981147
Training loss on iteration 120 = 0.001444618986624846
Training loss on iteration 140 = 0.00023975895737748942
Training loss on iteration 160 = 0.00027681847209350965
Training loss on iteration 180 = 0.019383461325651295
Training loss on iteration 200 = 0.0019725399533854215
Training loss on iteration 220 = 0.03610746535778162
Training loss on iteration 240 = 0.005882313624897506
Training loss on iteration 260 = 0.01182271483266959
Training loss on iteration 280 = 0.01860752872489684
Training loss on iteration 300 = 0.0033233318143174985
Training loss on iteration 320 = 0.0009462880441788001
Training loss on iteration 340 = 0.0024358355756703533
Training loss on iteration 360 = 0.035760689211383576
Training loss on iteration 380 = 0.05081679317263479
Training loss on iteration 400 = 0.019984935869433684
Training loss on iteration 420 = 0.010052844798701699
Training loss on iteration 440 = 0.0027781388915173013
Training loss on iteration 460 = 0.040612497870279186
Training loss on iteration 480 = 0.0010493220353964717
Training loss on iteration 500 = 0.0012622490292415022
Training loss on iteration 520 = 0.0005263230714263045
Training loss on iteration 540 = 0.010166834938172543
Training loss on iteration 560 = 0.001812852504190232
Training loss on iteration 580 = 0.027480323523923288
Training loss on iteration 600 = 0.038600827855043464
Training loss on iteration 620 = 0.006952611289307242
Training loss on iteration 640 = 9.66267689364031e-05
Training loss on iteration 660 = 0.00017066835307559812
Training loss on iteration 680 = 0.04578689725412914
Training loss on iteration 700 = 0.0009857768905931152
Training loss on iteration 720 = 0.0006349016271997243
Training loss on iteration 740 = 0.00540307265764568
Training loss on iteration 760 = 0.0008731563400942832
Training loss on iteration 780 = 0.009175422758926289
Training loss on iteration 800 = 0.0006175478498334997
Training loss on iteration 820 = 0.0006588398004168994
Training loss on iteration 840 = 0.016681180103114458
Training loss on iteration 860 = 0.03002842781606887
Training loss on iteration 880 = 0.016599618220789127
Training loss on iteration 900 = 0.03327106415454182
Training loss on iteration 920 = 0.008514186397951562
Training loss on iteration 940 = 0.002123378761461936
Training loss on iteration 960 = 0.023074440253549256
Training loss on iteration 980 = 0.0028773061276297085
Training loss on iteration 1000 = 0.011133996161879623
Training loss on iteration 1020 = 0.012091702125690062
Training loss on iteration 1040 = 0.00793921039403358
Training loss on iteration 1060 = 0.03274481040534738
Training loss on iteration 1080 = 0.01682773622596869
Training loss on iteration 1100 = 0.015232443554123166
Training loss on iteration 1120 = 0.012172014115640195
Training loss on iteration 1140 = 0.044961871371560845
Training loss on iteration 1160 = 0.010063500696560368
Training loss on iteration 1180 = 0.00406006335906568
Training loss on iteration 1200 = 0.0024922869484726106
Training loss on iteration 1220 = 0.03934640600273269
Training loss on iteration 1240 = 0.01117211684686481
Training loss on iteration 1260 = 0.0017519627668661996
Training loss on iteration 1280 = 0.020742762296322326
Training loss on iteration 1300 = 0.0016385566050303169
Training loss on iteration 1320 = 0.002979976183996769
Training loss on iteration 1340 = 0.00448401375379035
Training loss on iteration 1360 = 0.0020208558711601655
Training loss on iteration 1380 = 0.0009177663334867248
Training loss on iteration 1400 = 0.0005200723731832113
Training loss on iteration 1420 = 0.0011301797181658912
Training loss on iteration 1440 = 0.027961077545978697
Training loss on iteration 1460 = 0.0010359326188336127
Training loss on iteration 1480 = 0.046009225848956704
Training loss on iteration 1500 = 0.018585300480481237
Training loss on iteration 1520 = 0.00234173379431013
Training loss on iteration 1540 = 0.031215663805778605
Training loss on iteration 1560 = 0.0038308611707179806
Training loss on iteration 1580 = 0.005441812073695473
Training loss on iteration 1600 = 0.005365613520189072
Training loss on iteration 1620 = 0.0022082106370362453
Training loss on iteration 1640 = 0.002627557388132118
Training loss on iteration 1660 = 0.00028529313476610696
Training loss on iteration 1680 = 0.005447990568882233
Training loss on iteration 1700 = 0.000999004233017331
Training loss on iteration 1720 = 0.00036023935417688334
Training loss on iteration 1740 = 0.0005096328649415227
Training loss on iteration 1760 = 0.001085645064495111
Training loss on iteration 1780 = 0.0010725080688644083
Training loss on iteration 1800 = 0.0011235994817297978
Training loss on iteration 1820 = 2.1348689028855005e-05
Training loss on iteration 1840 = 0.03481140641554248
Training loss on iteration 1860 = 0.007720454766331386
Training loss on iteration 1880 = 0.002009699688096589
Training loss on iteration 1900 = 0.03149944951364887
Training loss on iteration 1920 = 0.015044736269919668
Training loss on iteration 1940 = 0.03177340765541885
Training loss on iteration 1960 = 0.013239798785070889
Training loss on iteration 1980 = 0.00227327870670706
Training loss on iteration 2000 = 0.00078772522174404
Training loss on iteration 2020 = 0.0370505526290799
Training loss on iteration 2040 = 0.018887393808108756
Training loss on iteration 2060 = 0.004364179767435417
Training loss on iteration 2080 = 0.008099060826862115
Training loss on iteration 2100 = 0.009411597979942598
Training loss on iteration 2120 = 0.03823657047996676
Training loss on iteration 2140 = 0.0011534880904946476
Training loss on iteration 2160 = 0.0007658331338461722
Training loss on iteration 2180 = 0.0027238334975663745
Training loss on iteration 2200 = 0.0003305388060198311
Training loss on iteration 2220 = 0.04913626572670182
Training loss on iteration 2240 = 0.010706349681277061
Training loss on iteration 2260 = 0.046267587736565474
Training loss on iteration 2280 = 0.05140952088040649
Training loss on iteration 2300 = 0.016604410269792425
Training loss on iteration 2320 = 0.005711117797909537
Training loss on iteration 2340 = 0.0014010322624017136
Training loss on iteration 2360 = 0.03132420931106026
Training loss on iteration 2380 = 0.005784687102459429
Training loss on iteration 2400 = 0.0009242527801688993
Training loss on iteration 2420 = 0.005337351088292053
Training loss on iteration 2440 = 0.0015441012661540298
Training loss on iteration 2460 = 0.03495937722000235
Training loss on iteration 2480 = 0.05508388119451411
Training loss on iteration 2500 = 0.0054599348164629195
Training loss on iteration 2520 = 0.010383666287816595
Training loss on iteration 2540 = 0.0187298396089318
Training loss on iteration 2560 = 0.00048048168973764406
Training loss on iteration 2580 = 0.0004087223180249566
Training loss on iteration 2600 = 0.001321350297621393
Training loss on iteration 2620 = 0.017815250129388005
Training loss on iteration 2640 = 0.004224815087945899
Training loss on iteration 2660 = 0.04969061454939947
Training loss on iteration 2680 = 0.009212857289821842
Training loss on iteration 2700 = 0.02104226655792445
Training loss on iteration 2720 = 0.0032912985421717166
Training loss on iteration 2740 = 0.0060666036915790755
Training loss on iteration 2760 = 0.0014743816709597013
Training loss on iteration 2780 = 0.0005189480180433747
Training loss on iteration 2800 = 0.004851686004349176
Training loss on iteration 2820 = 0.006198956282196378
Training loss on iteration 2840 = 0.0062682689350367585
Training loss on iteration 2860 = 0.008789706242941975
Training loss on iteration 2880 = 0.05504956381055308
Training loss on iteration 2900 = 0.012573069056816166
Training loss on iteration 2920 = 0.01730625483469339
Training loss on iteration 2940 = 0.005444077173342521
Training loss on iteration 2960 = 0.05400766871880478
Training loss on iteration 2980 = 0.018038449688174297
Training loss on iteration 3000 = 0.019032457459252326
Training loss on iteration 3020 = 0.010235689020191785
Training loss on iteration 3040 = 0.01718577202045708
Training loss on iteration 3060 = 0.01456090342544485
Training loss on iteration 3080 = 0.0047547270223731175
Training loss on iteration 3100 = 0.0019344679840287426
Training loss on iteration 3120 = 0.0012362886183836963
Training loss on iteration 3140 = 0.0037603342387228624
Training loss on iteration 3160 = 0.004642748580772604
Training loss on iteration 3180 = 0.07420645671736566
Training loss on iteration 3200 = 0.01098308341752272
Training loss on iteration 3220 = 0.020235345995752142
Training loss on iteration 3240 = 0.026649408353841865
Training loss on iteration 3260 = 0.0025692542985780165
Training loss on iteration 3280 = 0.003636118543363409
Training loss on iteration 3300 = 0.0019579747739044253
Training loss on iteration 3320 = 0.0020266903053197892
Training loss on iteration 3340 = 0.054021500176895644
Training loss on iteration 3360 = 0.016964265625574626
Training loss on iteration 3380 = 0.004400348529452458
Training loss on iteration 3400 = 0.022418969310820103
Training loss on iteration 3420 = 0.0030089141786447727
Training loss on iteration 3440 = 0.0014235474438464735
Training loss on iteration 3460 = 0.0006764039881090866
Training loss on iteration 3480 = 0.008815906461677514
Training loss on iteration 3500 = 0.0048834413493750615
Training loss on iteration 3520 = 0.003570260371452605
Training loss on iteration 3540 = 0.0029864853234357726
Training loss on iteration 3560 = 0.0006680928880086867
Training loss on iteration 3580 = 0.0009347239111775707
Training loss on iteration 3600 = 0.03528236655938599
Training loss on iteration 3620 = 0.0189352525256254
Training loss on iteration 3640 = 0.0016744029635447077
Training loss on iteration 3660 = 0.010492611810695962
Training loss on iteration 3680 = 0.03428932988172164
Training loss on iteration 3700 = 0.0033037856803275643
Training loss on iteration 3720 = 0.0019168089340382722
Training loss on iteration 3740 = 0.0008447425429039867
Training loss on iteration 3760 = 0.000919608533513383
Training loss on iteration 3780 = 0.029085804783244386
Training loss on iteration 3800 = 0.0011984009794105076
Training loss on iteration 3820 = 0.0029733580086030997
Training loss on iteration 3840 = 0.0011466440628282726
Training loss on iteration 3860 = 0.0011569224170671077
Training loss on iteration 3880 = 0.0026670243243643197
Training loss on iteration 3900 = 0.00023375995060632705
Training loss on iteration 3920 = 0.0008869247190887109
Training loss on iteration 3940 = 0.00486451787801343
Training loss on iteration 3960 = 0.016301565146795836
Training loss on iteration 3980 = 0.0019383731680136407
Training loss on iteration 4000 = 0.026494602287584712
Training loss on iteration 4020 = 0.005965357339118782
Training loss on iteration 4040 = 0.001475305856547493
Training loss on iteration 4060 = 0.003272208251473785
Training loss on iteration 4080 = 0.010166277910229837
Training loss on iteration 4100 = 0.0007620951781063922
Training loss on iteration 4120 = 0.00028655725936914677
Training loss on iteration 4140 = 0.00017660399525993854
Training loss on iteration 4160 = 0.00026151218198720014
Training loss on iteration 4180 = 0.0014208419938768202
Training loss on iteration 4200 = 0.054264140110990414
Training loss on iteration 4220 = 0.02289105855161324
Training loss on iteration 4240 = 0.0021976790158078074
Training loss on iteration 4260 = 0.005773393865820253
Training loss on iteration 4280 = 0.010310450895121902
Training loss on iteration 4300 = 0.020170579855766847
Training loss on iteration 4320 = 0.03260050804674393
Training loss on iteration 4340 = 0.027836188735818723
Training loss on iteration 4360 = 0.00718032334552845
Training loss on iteration 4380 = 0.00237521649687551
Training loss on iteration 4400 = 0.0010751561349024996
Training loss on iteration 4420 = 0.0003647954305051826
Training loss on iteration 4440 = 0.0008159142431395594
Training loss on iteration 4460 = 0.0020147938064837946
Training loss on iteration 4480 = 0.004946773141818994
Training loss on iteration 4500 = 0.00202150522654847
Training loss on iteration 4520 = 0.0015480619000300066
Training loss on iteration 4540 = 0.00010873450924009376
Training loss on iteration 4560 = 0.0014581076321064756
Training loss on iteration 4580 = 0.000600662556144016
Training loss on iteration 4600 = 0.0004068845685424094
Training loss on iteration 4620 = 0.04046166393172825
Training loss on iteration 4640 = 0.0036640290207287764
Training loss on iteration 4660 = 0.0041092318890150635
Training loss on iteration 4680 = 0.002362670417278423
Training loss on iteration 4700 = 0.00017159186127173597
Training loss on iteration 4720 = 0.006445452814932651
Training loss on iteration 4740 = 0.0026987837744854915
Training loss on iteration 4760 = 0.0003372770548594417
Training loss on iteration 4780 = 0.006432421373210673
Training loss on iteration 4800 = 9.174273609460215e-05
Training loss on iteration 4820 = 0.019713013436694383
Training loss on iteration 4840 = 0.015675719915816445
Training loss on iteration 4860 = 0.035442084443639034
Training loss on iteration 4880 = 0.002815039889537729
Training loss on iteration 4900 = 0.004387582538765855
Training loss on iteration 4920 = 0.003704027916683117
Training loss on iteration 4940 = 0.0003150396772980457
Training loss on iteration 4960 = 0.0009205310419929446
Training loss on iteration 4980 = 0.002645220787326252
Training loss on iteration 5000 = 0.002572603164207976
Training loss on iteration 5020 = 0.0015742268775284173
Training loss on iteration 5040 = 0.0009359709791169734
Training loss on iteration 5060 = 0.016898057571597746
Training loss on iteration 5080 = 0.02617971198151281
Training loss on iteration 5100 = 0.0004509350415901281
Training loss on iteration 5120 = 0.0033428875729441644
Training loss on iteration 5140 = 0.0030751489035537815
Training loss on iteration 5160 = 0.0021917924315857816
Training loss on iteration 5180 = 0.009021609601677482
Training loss on iteration 5200 = 4.486575126065873e-05
Training loss on iteration 5220 = 0.0009302008071699674
Training loss on iteration 5240 = 0.0005310656086294329
Training loss on iteration 5260 = 0.0007157236958164504
Training loss on iteration 5280 = 0.002839559332051067
Training loss on iteration 5300 = 2.1863734741600637e-05
Training loss on iteration 5320 = 0.0193843156617163
Training loss on iteration 5340 = 0.01583201428529719
Training loss on iteration 5360 = 0.05739976444892818
Training loss on iteration 5380 = 0.02584092868346488
Training loss on iteration 5400 = 0.01083201868023025
Training loss on iteration 5420 = 0.003012880207825219
Training loss on iteration 5440 = 0.0037774186093884055
Training loss on iteration 5460 = 0.014713301676965784
Training loss on iteration 5480 = 0.0018145623575037463
Training loss on iteration 5500 = 0.0050741925484544485
Training loss on iteration 5520 = 0.0023089053229341516
Training loss on iteration 5540 = 0.003321626600381933
Training loss on iteration 5560 = 0.020634827036155913
Training loss on iteration 5580 = 0.009790513241387088
Training loss on iteration 5600 = 0.016719425531482555
### EVAL:: Epoch 8:: Loss = 0.006661035221869462 :: ACC = 0.9977059742288169, AUC = 0.9999991614218687, EER = 0.00029285435376805933
Training on epoch 9
Training loss on iteration 0 = 0.0002187151985708624
Training loss on iteration 20 = 0.015424952039029449
Training loss on iteration 40 = 0.009263440026734316
Training loss on iteration 60 = 0.0074484831005065645
Training loss on iteration 80 = 0.016334098726201774
Training loss on iteration 100 = 0.008007737955085758
Training loss on iteration 120 = 0.0024080169822809695
Training loss on iteration 140 = 0.013970489366147375
Training loss on iteration 160 = 0.001182303146833874
Training loss on iteration 180 = 0.03473168941345648
Training loss on iteration 200 = 0.00360066760040354
Training loss on iteration 220 = 0.0007987575045262929
Training loss on iteration 240 = 0.00465420151631406
Training loss on iteration 260 = 0.002823624869597552
Training loss on iteration 280 = 0.002175434485616279
Training loss on iteration 300 = 0.010628032554814126
Training loss on iteration 320 = 0.003460656159040809
Training loss on iteration 340 = 0.014734671947917378
Training loss on iteration 360 = 0.00013193057677653996
Training loss on iteration 380 = 0.014329553761172065
Training loss on iteration 400 = 0.04435291177478575
Training loss on iteration 420 = 0.005997332504193764
Training loss on iteration 440 = 0.0025060207779461054
Training loss on iteration 460 = 0.0024053137662122027
Training loss on iteration 480 = 0.0015151298679484172
Training loss on iteration 500 = 0.006703644831577549
Training loss on iteration 520 = 0.005751713637437206
Training loss on iteration 540 = 0.05185545147105586
Training loss on iteration 560 = 0.005413374464842491
Training loss on iteration 580 = 0.005036559574364219
Training loss on iteration 600 = 0.0018284423489603797
Training loss on iteration 620 = 0.011527756677787692
Training loss on iteration 640 = 0.03599021999652905
Training loss on iteration 660 = 0.005443241930333897
Training loss on iteration 680 = 0.0023657513796933928
Training loss on iteration 700 = 0.0008325360184244345
Training loss on iteration 720 = 0.0002786230534184142
Training loss on iteration 740 = 0.020248645749597928
Training loss on iteration 760 = 0.011091037939695524
Training loss on iteration 780 = 0.005944380743676448
Training loss on iteration 800 = 0.00161417430426809
Training loss on iteration 820 = 0.005847515421919525
Training loss on iteration 840 = 0.0042692964415437015
Training loss on iteration 860 = 0.0016685174487065524
Training loss on iteration 880 = 0.0019091062391453305
Training loss on iteration 900 = 5.940286364420899e-05
Training loss on iteration 920 = 0.0010891736396843044
Training loss on iteration 940 = 0.004995070488871533
Training loss on iteration 960 = 0.02396918531449046
Training loss on iteration 980 = 0.003425325073476415
Training loss on iteration 1000 = 0.0059081447560402015
Training loss on iteration 1020 = 0.017544284099676587
Training loss on iteration 1040 = 0.019414892129134387
Training loss on iteration 1060 = 0.004152735442767152
Training loss on iteration 1080 = 0.007375496671011205
Training loss on iteration 1100 = 0.009489054969890276
Training loss on iteration 1120 = 0.02057992041327452
Training loss on iteration 1140 = 0.04816672878914687
Training loss on iteration 1160 = 0.02632611586304847
Training loss on iteration 1180 = 0.013635693935793825
Training loss on iteration 1200 = 0.006701429427266703
Training loss on iteration 1220 = 0.0024068719321803655
Training loss on iteration 1240 = 0.010732717358996524
Training loss on iteration 1260 = 0.035832575852327866
Training loss on iteration 1280 = 0.001498799530963879
Training loss on iteration 1300 = 0.0010067700866784434
Training loss on iteration 1320 = 0.0070131617905644815
Training loss on iteration 1340 = 0.00031055013932927976
Training loss on iteration 1360 = 0.04247629468991363
Training loss on iteration 1380 = 0.0009248674259652034
Training loss on iteration 1400 = 0.005895345011958852
Training loss on iteration 1420 = 0.004630145345072378
Training loss on iteration 1440 = 0.005916619773415732
Training loss on iteration 1460 = 0.01053370744048152
Training loss on iteration 1480 = 0.0001773483156284783
Training loss on iteration 1500 = 0.0003381325122063572
Training loss on iteration 1520 = 0.028501804717416236
Training loss on iteration 1540 = 0.0005988806969980942
Training loss on iteration 1560 = 0.0012303184720622085
Training loss on iteration 1580 = 0.0032918839383455634
Training loss on iteration 1600 = 0.0006381095317010477
Training loss on iteration 1620 = 0.0007671289165955386
Training loss on iteration 1640 = 0.000161898493706758
Training loss on iteration 1660 = 0.00012785058925146586
Training loss on iteration 1680 = 0.044356220054396545
Training loss on iteration 1700 = 0.03620788465777878
Training loss on iteration 1720 = 0.015024304544203915
Training loss on iteration 1740 = 0.00487448055864661
Training loss on iteration 1760 = 0.0036866726057269263
Training loss on iteration 1780 = 0.008500827053103422
Training loss on iteration 1800 = 0.0009160735052773817
Training loss on iteration 1820 = 0.013328321427798074
Training loss on iteration 1840 = 0.025955454633185583
Training loss on iteration 1860 = 0.03271536981737881
Training loss on iteration 1880 = 0.005952380978851579
Training loss on iteration 1900 = 0.02276548602676485
Training loss on iteration 1920 = 0.005423606938347802
Training loss on iteration 1940 = 0.001453817795299983
Training loss on iteration 1960 = 0.029199482884359897
Training loss on iteration 1980 = 0.0009305577303166501
Training loss on iteration 2000 = 0.00160149372604792
Training loss on iteration 2020 = 0.007459162175655365
Training loss on iteration 2040 = 0.017231989440188045
Training loss on iteration 2060 = 0.02653611849345907
Training loss on iteration 2080 = 0.030640996007241482
Training loss on iteration 2100 = 0.013371935663599288
Training loss on iteration 2120 = 0.007089221668138634
Training loss on iteration 2140 = 0.008513693651184439
Training loss on iteration 2160 = 0.02620804603320721
Training loss on iteration 2180 = 0.01196055280706787
Training loss on iteration 2200 = 0.00957894836228661
Training loss on iteration 2220 = 0.01382970362310516
Training loss on iteration 2240 = 0.005506642502587056
Training loss on iteration 2260 = 0.022258286629221403
Training loss on iteration 2280 = 0.0006126141572167399
Training loss on iteration 2300 = 0.0009790503863769118
Training loss on iteration 2320 = 0.0007386020281046513
Training loss on iteration 2340 = 0.01866545577595389
Training loss on iteration 2360 = 0.0077609698904780085
Training loss on iteration 2380 = 0.0010162753713302663
Training loss on iteration 2400 = 0.053843066498666305
Training loss on iteration 2420 = 0.006082523948134621
Training loss on iteration 2440 = 0.001128003533813171
Training loss on iteration 2460 = 0.001425129587732954
Training loss on iteration 2480 = 0.006656666838898673
Training loss on iteration 2500 = 0.008166979244379036
Training loss on iteration 2520 = 0.005713940637360792
Training loss on iteration 2540 = 0.003421808784605673
Training loss on iteration 2560 = 0.008442263163215103
Training loss on iteration 2580 = 0.0008786872363998555
Training loss on iteration 2600 = 0.0008359458799986896
Training loss on iteration 2620 = 0.0020213876672187324
Training loss on iteration 2640 = 0.0001311092000833014
Training loss on iteration 2660 = 0.01220149968730766
Training loss on iteration 2680 = 0.021591322642325394
Training loss on iteration 2700 = 0.018714420833202895
Training loss on iteration 2720 = 0.0005761592001363169
Training loss on iteration 2740 = 0.002089741975942161
Training loss on iteration 2760 = 0.0029291517805177135
Training loss on iteration 2780 = 0.004767733794687956
Training loss on iteration 2800 = 0.006005475340498378
Training loss on iteration 2820 = 0.0031710377830677316
Training loss on iteration 2840 = 0.010766934095863689
Training loss on iteration 2860 = 0.0006887284721415199
Training loss on iteration 2880 = 0.048284688180683585
Training loss on iteration 2900 = 0.0024947151832748204
Training loss on iteration 2920 = 0.001628808865643805
Training loss on iteration 2940 = 0.0009106543562666048
Training loss on iteration 2960 = 0.0004394170355226379
Training loss on iteration 2980 = 0.004830763602876686
Training loss on iteration 3000 = 0.0029926848948889527
Training loss on iteration 3020 = 0.022380472345821543
Training loss on iteration 3040 = 0.046125731208667274
Training loss on iteration 3060 = 0.013467141449655173
Training loss on iteration 3080 = 0.011493218944087858
Training loss on iteration 3100 = 0.008121401826792862
Training loss on iteration 3120 = 0.0016571017697060598
Training loss on iteration 3140 = 0.0021790108316054103
Training loss on iteration 3160 = 0.00019518764183885652
Training loss on iteration 3180 = 0.015183831881313382
Training loss on iteration 3200 = 0.010008686063974892
Training loss on iteration 3220 = 0.0026714649247878697
Training loss on iteration 3240 = 0.004936875197790869
Training loss on iteration 3260 = 0.0009734066698001698
Training loss on iteration 3280 = 0.012094658681257897
Training loss on iteration 3300 = 0.0017512403081127558
Training loss on iteration 3320 = 0.022364403015762944
Training loss on iteration 3340 = 0.010349977635723918
Training loss on iteration 3360 = 0.009813030407167389
Training loss on iteration 3380 = 0.01475540113083298
Training loss on iteration 3400 = 0.05271423533122288
Training loss on iteration 3420 = 0.011650591100624297
Training loss on iteration 3440 = 0.0046106363966828216
Training loss on iteration 3460 = 0.01568661833589431
Training loss on iteration 3480 = 0.027744098105176817
Training loss on iteration 3500 = 0.01044806723439251
Training loss on iteration 3520 = 0.018115775427577318
Training loss on iteration 3540 = 0.03036385166924447
Training loss on iteration 3560 = 0.017722407123073936
Training loss on iteration 3580 = 0.005778279475634918
Training loss on iteration 3600 = 0.008258674623357365
Training loss on iteration 3620 = 0.03506992600596277
Training loss on iteration 3640 = 0.014451014081714675
Training loss on iteration 3660 = 0.00265073437767569
Training loss on iteration 3680 = 0.024569130211239097
Training loss on iteration 3700 = 0.004072128805273678
Training loss on iteration 3720 = 0.0015444696011400084
Training loss on iteration 3740 = 0.024540253917075462
Training loss on iteration 3760 = 0.001050809893058613
Training loss on iteration 3780 = 0.02102989617123967
Training loss on iteration 3800 = 0.020647228330199142
Training loss on iteration 3820 = 0.008507350104628131
Training loss on iteration 3840 = 0.0008603657268395181
Training loss on iteration 3860 = 0.002525240490285796
Training loss on iteration 3880 = 0.010245447718625655
Training loss on iteration 3900 = 0.001783028595855285
Training loss on iteration 3920 = 0.0050956748683347545
Training loss on iteration 3940 = 0.00791802975736573
Training loss on iteration 3960 = 0.0005496249456882652
Training loss on iteration 3980 = 0.009835535149068163
Training loss on iteration 4000 = 0.04474295137333684
Training loss on iteration 4020 = 0.004396105269552209
Training loss on iteration 4040 = 0.007937231308460468
Training loss on iteration 4060 = 0.006361417886182608
Training loss on iteration 4080 = 0.021076310359558193
Training loss on iteration 4100 = 0.004963065759693563
Training loss on iteration 4120 = 0.00771951565566269
Training loss on iteration 4140 = 0.04864284545828923
Training loss on iteration 4160 = 0.02118807067454327
Training loss on iteration 4180 = 0.002652197008137591
Training loss on iteration 4200 = 0.0033017983725585507
Training loss on iteration 4220 = 0.0018331544724787818
Training loss on iteration 4240 = 0.018558376162036438
Training loss on iteration 4260 = 0.011216907468042336
Training loss on iteration 4280 = 0.0063887840924508055
Training loss on iteration 4300 = 0.015278198900068674
Training loss on iteration 4320 = 0.0018988245945365633
Training loss on iteration 4340 = 0.006865444397271858
Training loss on iteration 4360 = 0.03152660554123941
Training loss on iteration 4380 = 0.01126562291137816
Training loss on iteration 4400 = 0.02525653126722318
Training loss on iteration 4420 = 0.01593435937029426
Training loss on iteration 4440 = 0.022552859710413032
Training loss on iteration 4460 = 0.011455660308274673
Training loss on iteration 4480 = 0.007178969320375472
Training loss on iteration 4500 = 0.0008767263097979594
Training loss on iteration 4520 = 0.0005397239199737669
Training loss on iteration 4540 = 0.009844287670057383
Training loss on iteration 4560 = 0.029559152023466595
Training loss on iteration 4580 = 0.005810118879890069
Training loss on iteration 4600 = 0.0020784697415365374
Training loss on iteration 4620 = 0.02391719666265999
Training loss on iteration 4640 = 0.018021495650464202
Training loss on iteration 4660 = 0.00604201636306243
Training loss on iteration 4680 = 0.001930815168452682
Training loss on iteration 4700 = 0.004955553739273455
Training loss on iteration 4720 = 0.0018296819023817079
Training loss on iteration 4740 = 0.007135430475682369
Training loss on iteration 4760 = 0.0019519852530720527
Training loss on iteration 4780 = 0.01229546916192703
Training loss on iteration 4800 = 0.0019952330734668068
Training loss on iteration 4820 = 0.015213365047748085
Training loss on iteration 4840 = 0.008533036692278983
Training loss on iteration 4860 = 0.012791418109372898
Training loss on iteration 4880 = 0.0012247308106452693
Training loss on iteration 4900 = 0.016653179036802614
Training loss on iteration 4920 = 0.019347482835109987
Training loss on iteration 4940 = 0.01504252451877619
Training loss on iteration 4960 = 0.01039265971066925
Training loss on iteration 4980 = 0.0015273108536348445
Training loss on iteration 5000 = 0.0012676603793806863
Training loss on iteration 5020 = 0.0002811983364154003
Training loss on iteration 5040 = 0.016586831650693058
Training loss on iteration 5060 = 0.03045040301603876
Training loss on iteration 5080 = 0.007961496341704333
Training loss on iteration 5100 = 0.00798837551183169
Training loss on iteration 5120 = 0.03387973671779036
Training loss on iteration 5140 = 0.004570196450004005
Training loss on iteration 5160 = 0.00747673371261044
Training loss on iteration 5180 = 0.004210253332530556
Training loss on iteration 5200 = 0.000660866043108399
Training loss on iteration 5220 = 0.00045314629169297406
Training loss on iteration 5240 = 0.0006622190623602365
Training loss on iteration 5260 = 0.01919679528537017
Training loss on iteration 5280 = 0.002166264336756285
Training loss on iteration 5300 = 0.00033112574546976246
Training loss on iteration 5320 = 0.003511833402353659
Training loss on iteration 5340 = 0.029627706590326854
Training loss on iteration 5360 = 0.02726283024858276
Training loss on iteration 5380 = 0.008102842040534597
Training loss on iteration 5400 = 0.006854725843004417
Training loss on iteration 5420 = 0.013414855446899309
Training loss on iteration 5440 = 0.0009581396765497629
Training loss on iteration 5460 = 0.00035365596286283105
Training loss on iteration 5480 = 0.006915311069269592
Training loss on iteration 5500 = 0.007439271177463525
Training loss on iteration 5520 = 0.00017907398309944256
Training loss on iteration 5540 = 0.006494100633904054
Training loss on iteration 5560 = 0.013320817000339958
Training loss on iteration 5580 = 0.0024175393815312417
Training loss on iteration 5600 = 0.0005301987733218993
### EVAL:: Epoch 9:: Loss = 0.0011185121112079115 :: ACC = 0.999707145646232, AUC = 0.9999993805956985, EER = 0.0003904724716907458
Training on epoch 10
Training loss on iteration 0 = 7.152480065997224e-06
Training loss on iteration 20 = 6.115261353443203e-05
Training loss on iteration 40 = 0.001302010626068295
Training loss on iteration 60 = 0.0001566668098575974
Training loss on iteration 80 = 0.04084937710376835
Training loss on iteration 100 = 0.0029969739935040707
Training loss on iteration 120 = 0.0022802364394920007
Training loss on iteration 140 = 0.02019986215964309
Training loss on iteration 160 = 0.0014729066044310458
Training loss on iteration 180 = 0.02177150921645534
Training loss on iteration 200 = 0.00724570299307743
Training loss on iteration 220 = 0.023341188336416963
Training loss on iteration 240 = 0.01419010037498083
Training loss on iteration 260 = 0.00042529415786702885
Training loss on iteration 280 = 0.009046934778780269
Training loss on iteration 300 = 0.0003166512316511216
Training loss on iteration 320 = 0.0003729505763203633
Training loss on iteration 340 = 0.00011815383722932893
Training loss on iteration 360 = 0.00045085002216183057
Training loss on iteration 380 = 0.008792221183512083
Training loss on iteration 400 = 0.01969773780947435
Training loss on iteration 420 = 0.0009664678809713223
Training loss on iteration 440 = 0.014343876136263135
Training loss on iteration 460 = 0.0053649784507797445
Training loss on iteration 480 = 0.0004531247970589902
Training loss on iteration 500 = 0.0003666519435682858
Training loss on iteration 520 = 0.004591597982471285
Training loss on iteration 540 = 0.08009029649920194
Training loss on iteration 560 = 0.007753542697173543
Training loss on iteration 580 = 0.002826195424859179
Training loss on iteration 600 = 0.017726095420948697
Training loss on iteration 620 = 0.009460871205374134
Training loss on iteration 640 = 0.01166868138461723
Training loss on iteration 660 = 0.03795284835869097
Training loss on iteration 680 = 0.002750541109708138
Training loss on iteration 700 = 0.01532392348308349
Training loss on iteration 720 = 0.015307141571247485
Training loss on iteration 740 = 0.00412176211229962
Training loss on iteration 760 = 0.0007908113231678727
Training loss on iteration 780 = 0.0011847024083181169
Training loss on iteration 800 = 0.01285479027828842
Training loss on iteration 820 = 0.017329904998041455
Training loss on iteration 840 = 0.006633436953416094
Training loss on iteration 860 = 0.012700824552211998
Training loss on iteration 880 = 0.006445305543093127
Training loss on iteration 900 = 0.004254872801811871
Training loss on iteration 920 = 0.013342378995548642
Training loss on iteration 940 = 0.0024157980714448967
Training loss on iteration 960 = 0.0075325542831023995
Training loss on iteration 980 = 0.00040041661111445137
Training loss on iteration 1000 = 0.0021500683507042597
Training loss on iteration 1020 = 0.0024397091807486504
Training loss on iteration 1040 = 0.0001670132514391298
Training loss on iteration 1060 = 0.014742913386385226
Training loss on iteration 1080 = 0.011653900942036444
Training loss on iteration 1100 = 0.008089202529924932
Training loss on iteration 1120 = 0.0006037695088480177
Training loss on iteration 1140 = 0.005879806232269402
Training loss on iteration 1160 = 0.00017810875968962136
Training loss on iteration 1180 = 0.00018869598161472823
Training loss on iteration 1200 = 0.0016954863277760523
Training loss on iteration 1220 = 0.0015952867613862054
Training loss on iteration 1240 = 0.00020136004164612588
Training loss on iteration 1260 = 0.0003718171228939582
Training loss on iteration 1280 = 0.0045089439873208905
Training loss on iteration 1300 = 0.01872752328329739
Training loss on iteration 1320 = 0.0005511012109082003
Training loss on iteration 1340 = 0.032798914816487466
Training loss on iteration 1360 = 0.018114290976973278
Training loss on iteration 1380 = 0.004324000892165713
Training loss on iteration 1400 = 0.0024448160007523255
Training loss on iteration 1420 = 0.011193178606436049
Training loss on iteration 1440 = 0.008986430818413282
Training loss on iteration 1460 = 0.02848862304967952
Training loss on iteration 1480 = 0.0022566150977581857
Training loss on iteration 1500 = 0.0056538614386226985
Training loss on iteration 1520 = 0.0004515798041211383
Training loss on iteration 1540 = 0.01561908137791761
Training loss on iteration 1560 = 0.0024279582687995573
Training loss on iteration 1580 = 0.0010534184251810076
Training loss on iteration 1600 = 0.04133489469377309
Training loss on iteration 1620 = 0.0051018350932281464
Training loss on iteration 1640 = 0.0008483438090479467
Training loss on iteration 1660 = 0.027128681475733173
Training loss on iteration 1680 = 0.019461911448161118
Training loss on iteration 1700 = 0.01142331077644485
Training loss on iteration 1720 = 0.0030181799294950904
Training loss on iteration 1740 = 0.0077999622222705515
Training loss on iteration 1760 = 0.00472078619277454
Training loss on iteration 1780 = 0.030901206923954306
Training loss on iteration 1800 = 0.0028371924847306216
Training loss on iteration 1820 = 0.0013730276696151122
Training loss on iteration 1840 = 0.0002155810239401035
Training loss on iteration 1860 = 0.0013487673315012217
Training loss on iteration 1880 = 0.00032393536321251304
Training loss on iteration 1900 = 0.00015818873234820784
Training loss on iteration 1920 = 0.013377682553982594
Training loss on iteration 1940 = 0.0003605008094382356
Training loss on iteration 1960 = 0.0008202695344607491
Training loss on iteration 1980 = 8.43680370508082e-05
Training loss on iteration 2000 = 0.0029166334957153595
Training loss on iteration 2020 = 0.022881240091669496
Training loss on iteration 2040 = 0.0010543349684553505
Training loss on iteration 2060 = 4.785148763062352e-05
Training loss on iteration 2080 = 0.016644317050804602
Training loss on iteration 2100 = 0.01785447584279609
Training loss on iteration 2120 = 0.01724107648769859
Training loss on iteration 2140 = 0.003501354914442345
Training loss on iteration 2160 = 0.0010601645816223026
Training loss on iteration 2180 = 0.0037678091835005034
Training loss on iteration 2200 = 0.01672967389920359
Training loss on iteration 2220 = 0.030293999028390316
Training loss on iteration 2240 = 0.018189397038622702
Training loss on iteration 2260 = 0.019276038541283923
Training loss on iteration 2280 = 0.012524423648937955
Training loss on iteration 2300 = 0.005159380218992737
Training loss on iteration 2320 = 0.003741135208997548
Training loss on iteration 2340 = 0.04685899671652578
Training loss on iteration 2360 = 0.017306120654393454
Training loss on iteration 2380 = 0.0019495923017530004
Training loss on iteration 2400 = 0.003982700667802419
Training loss on iteration 2420 = 0.0027898647055735635
Training loss on iteration 2440 = 0.017732450228731978
Training loss on iteration 2460 = 0.0031098404064323405
Training loss on iteration 2480 = 0.025575456907972693
Training loss on iteration 2500 = 0.006026828561698494
Training loss on iteration 2520 = 0.03109091134938353
Training loss on iteration 2540 = 0.01833024571533315
Training loss on iteration 2560 = 0.0022982887905527603
Training loss on iteration 2580 = 0.01952327815524768
Training loss on iteration 2600 = 0.0028399757135048275
Training loss on iteration 2620 = 0.0006000325277454976
Training loss on iteration 2640 = 0.020424808293864772
Training loss on iteration 2660 = 0.0005993847149511567
Training loss on iteration 2680 = 0.04974640404343518
Training loss on iteration 2700 = 0.0017021713712892961
Training loss on iteration 2720 = 0.023440790711902082
Training loss on iteration 2740 = 0.03132334459805861
Training loss on iteration 2760 = 0.016843586158938707
Training loss on iteration 2780 = 0.006271103097242303
Training loss on iteration 2800 = 0.005836861187344766
Training loss on iteration 2820 = 0.0017529078462757753
Training loss on iteration 2840 = 0.0006929618190042675
Training loss on iteration 2860 = 0.0010671124013242662
Training loss on iteration 2880 = 0.0015969853026945203
Training loss on iteration 2900 = 0.000729276768015552
Training loss on iteration 2920 = 0.003107739719644087
Training loss on iteration 2940 = 0.007171842406205542
Training loss on iteration 2960 = 5.746402341628709e-05
Training loss on iteration 2980 = 0.0001264556011165041
Training loss on iteration 3000 = 0.00025973734930175854
Training loss on iteration 3020 = 0.0004211205889532721
Training loss on iteration 3040 = 0.000884938545868863
Training loss on iteration 3060 = 0.00014573527878383174
Training loss on iteration 3080 = 0.0004158151514388919
Training loss on iteration 3100 = 0.0030125056644806137
Training loss on iteration 3120 = 4.88306258148441e-05
Training loss on iteration 3140 = 0.025864200533101213
Training loss on iteration 3160 = 0.004030775038245338
Training loss on iteration 3180 = 0.0025897321331285637
Training loss on iteration 3200 = 0.001936124386611482
Training loss on iteration 3220 = 0.0008226601281421609
Training loss on iteration 3240 = 0.00021696580770367291
Training loss on iteration 3260 = 0.0005656943038047757
Training loss on iteration 3280 = 0.01012080395198609
Training loss on iteration 3300 = 0.0286007873917697
Training loss on iteration 3320 = 0.00798735107491666
Training loss on iteration 3340 = 0.00273533533927548
Training loss on iteration 3360 = 0.006664624846780498
Training loss on iteration 3380 = 0.0026104904897692903
Training loss on iteration 3400 = 0.002606374390416022
Training loss on iteration 3420 = 0.0022521650779935955
Training loss on iteration 3440 = 0.0024385415092268658
Training loss on iteration 3460 = 0.0006958545452846465
Training loss on iteration 3480 = 0.023984544879647275
Training loss on iteration 3500 = 0.06895673398835242
Training loss on iteration 3520 = 0.01174357321797288
Training loss on iteration 3540 = 0.004149591827444965
Training loss on iteration 3560 = 0.0009624761281884275
Training loss on iteration 3580 = 0.01445669876447937
Training loss on iteration 3600 = 0.010498835080761637
Training loss on iteration 3620 = 0.006534849285344535
Training loss on iteration 3640 = 0.017542341821172158
Training loss on iteration 3660 = 0.01173229248233838
Training loss on iteration 3680 = 0.006227890354784904
Training loss on iteration 3700 = 0.004385652773999027
Training loss on iteration 3720 = 0.009278417699715647
Training loss on iteration 3740 = 0.03325058243581225
Training loss on iteration 3760 = 0.030505729665674153
Training loss on iteration 3780 = 0.012959198843600462
Training loss on iteration 3800 = 0.01749773159244796
Training loss on iteration 3820 = 0.0022592892004468013
Training loss on iteration 3840 = 0.03400333872341434
Training loss on iteration 3860 = 0.01389858264956274
Training loss on iteration 3880 = 0.014516678937434335
Training loss on iteration 3900 = 0.0022219731341465375
Training loss on iteration 3920 = 0.04275788711456698
Training loss on iteration 3940 = 0.012369609909364953
Training loss on iteration 3960 = 0.004799977786024101
Training loss on iteration 3980 = 0.003102247207425535
Training loss on iteration 4000 = 0.028698676801286637
Training loss on iteration 4020 = 0.003501072630751878
Training loss on iteration 4040 = 0.014594980462061358
Training loss on iteration 4060 = 0.011268708343413892
Training loss on iteration 4080 = 0.004060870477951539
Training loss on iteration 4100 = 0.01226668654144305
Training loss on iteration 4120 = 0.0033877261201268995
Training loss on iteration 4140 = 0.006609197270518052
Training loss on iteration 4160 = 0.004446750949864508
Training loss on iteration 4180 = 0.004330938384191541
Training loss on iteration 4200 = 0.0013501462753083616
Training loss on iteration 4220 = 0.0005926818109628585
Training loss on iteration 4240 = 0.0004416172031824317
Training loss on iteration 4260 = 0.002794534601730447
Training loss on iteration 4280 = 0.015239927051652558
Training loss on iteration 4300 = 0.05156952062156961
Training loss on iteration 4320 = 0.009455788792547538
Training loss on iteration 4340 = 0.0047973166263545865
Training loss on iteration 4360 = 0.011277197844901821
Training loss on iteration 4380 = 0.02041968936246121
Training loss on iteration 4400 = 0.0076120698553495455
Training loss on iteration 4420 = 0.0036791781788451773
Training loss on iteration 4440 = 0.01035284144581965
Training loss on iteration 4460 = 0.008058844381230302
Training loss on iteration 4480 = 0.10836770339337817
Training loss on iteration 4500 = 0.0054202857019845395
Training loss on iteration 4520 = 0.016094709376920945
Training loss on iteration 4540 = 0.031873050902504474
Training loss on iteration 4560 = 0.005766675138147548
Training loss on iteration 4580 = 0.018311604186237673
Training loss on iteration 4600 = 0.017412201169281615
Training loss on iteration 4620 = 0.0020189542541629636
Training loss on iteration 4640 = 0.0021965812998132606
Training loss on iteration 4660 = 0.015787048043239337
Training loss on iteration 4680 = 0.001065007768738724
Training loss on iteration 4700 = 0.0224661680545978
Training loss on iteration 4720 = 0.001068303389911307
Training loss on iteration 4740 = 0.018041235384407626
Training loss on iteration 4760 = 0.019627257938554975
Training loss on iteration 4780 = 0.00687597861760878
Training loss on iteration 4800 = 0.011641416143174866
Training loss on iteration 4820 = 0.0006666089720965829
Training loss on iteration 4840 = 0.005802253880392527
Training loss on iteration 4860 = 0.002845211163366912
Training loss on iteration 4880 = 0.0007888989577622852
Training loss on iteration 4900 = 0.0035070536296188948
Training loss on iteration 4920 = 0.04717463622346259
Training loss on iteration 4940 = 0.022067201493337053
Training loss on iteration 4960 = 0.004162306518992409
Training loss on iteration 4980 = 0.009350968782382552
Training loss on iteration 5000 = 0.00746967265731655
Training loss on iteration 5020 = 0.00472581567519228
Training loss on iteration 5040 = 0.003889843598517473
Training loss on iteration 5060 = 0.06423200461758824
Training loss on iteration 5080 = 0.01723177954845596
Training loss on iteration 5100 = 0.004680434794863686
Training loss on iteration 5120 = 0.008535109667718643
Training loss on iteration 5140 = 0.004551115497451974
Training loss on iteration 5160 = 0.002419767099490855
Training loss on iteration 5180 = 0.006634022862454003
Training loss on iteration 5200 = 0.01675767341730534
Training loss on iteration 5220 = 0.009962339303456247
Training loss on iteration 5240 = 0.024255016192182666
Training loss on iteration 5260 = 0.05440634096266876
Training loss on iteration 5280 = 0.0032910439345869235
Training loss on iteration 5300 = 0.011124219768680632
Training loss on iteration 5320 = 0.004682337813574122
Training loss on iteration 5340 = 0.007063266932527767
Training loss on iteration 5360 = 0.0033464725979683863
Training loss on iteration 5380 = 0.001519807326985756
Training loss on iteration 5400 = 0.003270343787880847
Training loss on iteration 5420 = 0.00043485369787958915
Training loss on iteration 5440 = 0.0018419903972244356
Training loss on iteration 5460 = 0.0014898474478286516
Training loss on iteration 5480 = 0.00020494321238402337
Training loss on iteration 5500 = 0.0017309353569544329
Training loss on iteration 5520 = 6.351322874706967e-05
Training loss on iteration 5540 = 3.7974541078256153e-05
Training loss on iteration 5560 = 0.016997146942367182
Training loss on iteration 5580 = 0.006669042646751677
Training loss on iteration 5600 = 0.0002599314226699789
### EVAL:: Epoch 10:: Loss = 0.009228932923897964 :: ACC = 0.9965345568137446, AUC = 0.9999972079159946, EER = 0.0005857087075361187
Training on epoch 11
Training loss on iteration 0 = 0.026714062318205833
Training loss on iteration 20 = 0.012241111603543686
Training loss on iteration 40 = 0.07280842060235955
Training loss on iteration 60 = 0.010587085138104158
Training loss on iteration 80 = 0.012032508670017705
Training loss on iteration 100 = 0.004586001620009483
Training loss on iteration 120 = 0.003617422952083871
Training loss on iteration 140 = 0.0016370809807995101
Training loss on iteration 160 = 0.0021123574937519153
Training loss on iteration 180 = 0.0010082211621920579
Training loss on iteration 200 = 5.974953883196577e-05
Training loss on iteration 220 = 0.021107891594874674
Training loss on iteration 240 = 0.0014512860012473538
Training loss on iteration 260 = 0.00041098304627666947
Training loss on iteration 280 = 0.002175426542817149
Training loss on iteration 300 = 0.0133112619358144
Training loss on iteration 320 = 0.0014946092813261202
Training loss on iteration 340 = 0.014689507029652304
Training loss on iteration 360 = 0.04831494449526872
Training loss on iteration 380 = 0.013601554339402355
Training loss on iteration 400 = 0.008827378718524414
Training loss on iteration 420 = 0.0012477149006372202
Training loss on iteration 440 = 0.029948222711391283
Training loss on iteration 460 = 0.002837140692281537
Training loss on iteration 480 = 0.00039741304444760315
Training loss on iteration 500 = 0.00036094470124226063
Training loss on iteration 520 = 0.00019988968242614646
Training loss on iteration 540 = 0.015273921564312332
Training loss on iteration 560 = 0.002857789136032807
Training loss on iteration 580 = 0.021938899280485202
Training loss on iteration 600 = 0.005204646785568911
Training loss on iteration 620 = 0.03147971878424869
Training loss on iteration 640 = 0.0024470577422107454
Training loss on iteration 660 = 0.015320053818686574
Training loss on iteration 680 = 0.0007676428194827167
Training loss on iteration 700 = 0.0010984777589328587
Training loss on iteration 720 = 0.003183147021627519
Training loss on iteration 740 = 0.0007419836738336016
Training loss on iteration 760 = 0.00031819560758776787
Training loss on iteration 780 = 0.011631863120965136
Training loss on iteration 800 = 0.0046183898244635205
Training loss on iteration 820 = 0.003707019928151567
Training loss on iteration 840 = 0.0007083843552891267
Training loss on iteration 860 = 0.001400749843514859
Training loss on iteration 880 = 0.010380855798189259
Training loss on iteration 900 = 0.012317581850766146
Training loss on iteration 920 = 0.0014930990542779909
Training loss on iteration 940 = 0.016407853211239852
Training loss on iteration 960 = 0.003347952343938232
Training loss on iteration 980 = 0.014233833418074937
Training loss on iteration 1000 = 0.020307721466269867
Training loss on iteration 1020 = 0.006956669732608134
Training loss on iteration 1040 = 0.0005109353216539603
Training loss on iteration 1060 = 0.0019421614808379673
Training loss on iteration 1080 = 0.001879877756073256
Training loss on iteration 1100 = 0.00015501992238569072
Training loss on iteration 1120 = 0.006033975046193518
Training loss on iteration 1140 = 0.008125229263987422
Training loss on iteration 1160 = 0.04697813000375391
Training loss on iteration 1180 = 0.010613429839395394
Training loss on iteration 1200 = 0.009483164054836379
Training loss on iteration 1220 = 0.003140376899682451
Training loss on iteration 1240 = 0.00045989717182237655
Training loss on iteration 1260 = 0.0023645994107027945
Training loss on iteration 1280 = 0.003257115094402252
Training loss on iteration 1300 = 0.00028750540473083676
Training loss on iteration 1320 = 0.0135678942645427
Training loss on iteration 1340 = 0.0053306096212509145
Training loss on iteration 1360 = 0.00026157184574913115
Training loss on iteration 1380 = 0.013339241740777653
Training loss on iteration 1400 = 0.023423641229601343
Training loss on iteration 1420 = 0.036011805655653005
Training loss on iteration 1440 = 0.04245557635440491
Training loss on iteration 1460 = 0.002636091405292973
Training loss on iteration 1480 = 0.013167062756838276
Training loss on iteration 1500 = 0.002262221180717461
Training loss on iteration 1520 = 0.002697556966450065
Training loss on iteration 1540 = 0.0004405154890264384
Training loss on iteration 1560 = 0.0010933425130133401
Training loss on iteration 1580 = 0.0003084052897975198
Training loss on iteration 1600 = 0.0006143614915345097
Training loss on iteration 1620 = 0.0012086269785868352
Training loss on iteration 1640 = 0.0006216347682311607
Training loss on iteration 1660 = 0.0002675610884580237
Training loss on iteration 1680 = 0.0004976818966497376
Training loss on iteration 1700 = 0.0001890376978280983
Training loss on iteration 1720 = 0.0011113238690086292
Training loss on iteration 1740 = 0.007827964965326829
Training loss on iteration 1760 = 0.007308946006196493
Training loss on iteration 1780 = 0.01985088546357474
Training loss on iteration 1800 = 0.00030924062166377554
Training loss on iteration 1820 = 0.03721339370013084
Training loss on iteration 1840 = 0.03925702073611319
Training loss on iteration 1860 = 0.0025657681515440347
Training loss on iteration 1880 = 0.006561420052457833
Training loss on iteration 1900 = 0.001552789432753343
Training loss on iteration 1920 = 0.002855262256889546
Training loss on iteration 1940 = 0.013541815260941803
Training loss on iteration 1960 = 0.0019582212506065845
Training loss on iteration 1980 = 0.0004750157795569976
Training loss on iteration 2000 = 0.0129598121617164
Training loss on iteration 2020 = 0.0029442721310260823
Training loss on iteration 2040 = 0.0037967343805576093
Training loss on iteration 2060 = 0.0027885730826710644
Training loss on iteration 2080 = 0.00980721296473348
Training loss on iteration 2100 = 0.0003925518004507467
Training loss on iteration 2120 = 0.00030015201855349005
Training loss on iteration 2140 = 0.0017442053410377412
Training loss on iteration 2160 = 0.001635037827350061
Training loss on iteration 2180 = 0.0004275815513210546
Training loss on iteration 2200 = 0.013886143123363582
Training loss on iteration 2220 = 0.007684183232686337
Training loss on iteration 2240 = 0.004361881904810616
Training loss on iteration 2260 = 0.00015298903933853581
Training loss on iteration 2280 = 0.00023533252744982746
Training loss on iteration 2300 = 0.0008084143847668201
Training loss on iteration 2320 = 0.0024350748057827333
Training loss on iteration 2340 = 0.00047788285888827886
Training loss on iteration 2360 = 0.00045376801865586457
Training loss on iteration 2380 = 6.916543503621142e-05
Training loss on iteration 2400 = 0.0011884751667423643
Training loss on iteration 2420 = 0.027767111098802387
Training loss on iteration 2440 = 0.04022521817898905
Training loss on iteration 2460 = 0.024456949110026473
Training loss on iteration 2480 = 0.0009773097881407011
Training loss on iteration 2500 = 0.000987981916841818
Training loss on iteration 2520 = 0.0025091412961046446
Training loss on iteration 2540 = 0.0007560101781564299
Training loss on iteration 2560 = 0.003652314768442011
Training loss on iteration 2580 = 8.640499545435887e-05
Training loss on iteration 2600 = 0.03266691391936547
Training loss on iteration 2620 = 0.0116519046954636
Training loss on iteration 2640 = 0.0005689247991540469
Training loss on iteration 2660 = 0.005230591350846225
Training loss on iteration 2680 = 0.000594762100627122
Training loss on iteration 2700 = 0.0006600462089409121
Training loss on iteration 2720 = 0.0004098403358057112
Training loss on iteration 2740 = 0.00142346603288388
Training loss on iteration 2760 = 0.000337108364510641
Training loss on iteration 2780 = 0.00017435681352253595
Training loss on iteration 2800 = 0.0007274002331541851
Training loss on iteration 2820 = 0.00028043320257893357
Training loss on iteration 2840 = 0.00024350476937797793
Training loss on iteration 2860 = 0.0002174321730308293
Training loss on iteration 2880 = 0.00028580294073208277
Training loss on iteration 2900 = 0.002547324779675364
Training loss on iteration 2920 = 0.00028917082789803317
Training loss on iteration 2940 = 0.008456401739363174
Training loss on iteration 2960 = 0.028538354831857758
Training loss on iteration 2980 = 0.008398025582027912
Training loss on iteration 3000 = 0.0011268028425547526
Training loss on iteration 3020 = 0.006721193217981636
Training loss on iteration 3040 = 0.016935960654882364
Training loss on iteration 3060 = 0.006190895553027076
Training loss on iteration 3080 = 0.001356943156770285
Training loss on iteration 3100 = 0.025978972550274194
Training loss on iteration 3120 = 0.0040127133932401195
Training loss on iteration 3140 = 0.006417447374406038
Training loss on iteration 3160 = 0.001270673230283137
Training loss on iteration 3180 = 0.0014701247220727965
Training loss on iteration 3200 = 0.0016936952004471095
Training loss on iteration 3220 = 0.0006553492472448852
Training loss on iteration 3240 = 0.005080105909610211
Training loss on iteration 3260 = 0.01852167653869401
Training loss on iteration 3280 = 0.0037134831529328947
Training loss on iteration 3300 = 0.0010825563392245386
Training loss on iteration 3320 = 0.002045556903931356
Training loss on iteration 3340 = 0.0007236610887503047
Training loss on iteration 3360 = 0.015405914279881472
Training loss on iteration 3380 = 0.033344946549550517
Training loss on iteration 3400 = 0.024167869070515734
Training loss on iteration 3420 = 0.004479107244696934
Training loss on iteration 3440 = 0.005922194678350934
Training loss on iteration 3460 = 0.009969340324005316
Training loss on iteration 3480 = 0.006362335810854347
Training loss on iteration 3500 = 0.0005268373439776042
Training loss on iteration 3520 = 0.003857277922998037
Training loss on iteration 3540 = 0.0009450241521335556
Training loss on iteration 3560 = 0.005845036821654048
Training loss on iteration 3580 = 7.734309041325105e-05
Training loss on iteration 3600 = 4.848174751259649e-06
Training loss on iteration 3620 = 0.012667756545192787
Training loss on iteration 3640 = 0.031700557576368735
Training loss on iteration 3660 = 0.04016411374941527
Training loss on iteration 3680 = 0.013171716089709662
Training loss on iteration 3700 = 0.02338883870688733
Training loss on iteration 3720 = 0.001391988471732475
Training loss on iteration 3740 = 0.004466274046717444
Training loss on iteration 3760 = 0.002812820718463627
Training loss on iteration 3780 = 0.03579484144192975
Training loss on iteration 3800 = 0.0014662644505733624
Training loss on iteration 3820 = 0.0063771438755793495
Training loss on iteration 3840 = 0.0009874810319161042
Training loss on iteration 3860 = 0.03745395569530956
Training loss on iteration 3880 = 0.003974205417034682
Training loss on iteration 3900 = 0.0013947108913271223
Training loss on iteration 3920 = 0.004399548443325329
Training loss on iteration 3940 = 0.0018722740525845439
Training loss on iteration 3960 = 0.015368801469230675
Training loss on iteration 3980 = 0.0014502123951388058
Training loss on iteration 4000 = 0.01840394390255824
Training loss on iteration 4020 = 0.004529988163812959
Training loss on iteration 4040 = 0.0005479267116243136
Training loss on iteration 4060 = 0.013861505713612133
Training loss on iteration 4080 = 0.0251957656999366
Training loss on iteration 4100 = 0.0024551379288823227
Training loss on iteration 4120 = 0.000535987714829389
Training loss on iteration 4140 = 0.0012919308646814898
Training loss on iteration 4160 = 0.03921096211706754
Training loss on iteration 4180 = 0.013311517789043137
Training loss on iteration 4200 = 0.0021435018459669665
Training loss on iteration 4220 = 0.0018610678357617871
Training loss on iteration 4240 = 0.0004079371045008884
Training loss on iteration 4260 = 0.03008662209267641
Training loss on iteration 4280 = 0.014227458807181393
Training loss on iteration 4300 = 0.005694938154192641
Training loss on iteration 4320 = 0.00595921043677663
Training loss on iteration 4340 = 0.0017268393754420685
Training loss on iteration 4360 = 0.00042821083961825935
Training loss on iteration 4380 = 0.0016374127541439521
Training loss on iteration 4400 = 0.002951840387777338
Training loss on iteration 4420 = 0.0007637752820983223
Training loss on iteration 4440 = 0.041073311257923704
Training loss on iteration 4460 = 0.010596718649321702
Training loss on iteration 4480 = 0.02823460946056002
Training loss on iteration 4500 = 0.0016025424789404496
Training loss on iteration 4520 = 0.004714048874302534
Training loss on iteration 4540 = 0.0023983820112334795
Training loss on iteration 4560 = 0.0006181023630233539
Training loss on iteration 4580 = 0.0016736041656713497
Training loss on iteration 4600 = 0.0001419728441760526
Training loss on iteration 4620 = 0.0004487283594698965
Training loss on iteration 4640 = 0.0009004699963043094
Training loss on iteration 4660 = 0.0005034087329477188
Training loss on iteration 4680 = 0.00021031256610513083
Training loss on iteration 4700 = 0.0001464732549038672
Training loss on iteration 4720 = 0.017656077152219042
Training loss on iteration 4740 = 0.00033717161140884856
Training loss on iteration 4760 = 0.00035902620202250547
Training loss on iteration 4780 = 0.0006663721177574189
Training loss on iteration 4800 = 0.000756028072510162
Training loss on iteration 4820 = 0.018913028137649234
Training loss on iteration 4840 = 0.01603865994793523
Training loss on iteration 4860 = 0.008891063146438682
Training loss on iteration 4880 = 0.028833555707933556
Training loss on iteration 4900 = 0.008575437352556036
Training loss on iteration 4920 = 0.017314940540745737
Training loss on iteration 4940 = 0.004753090500889812
Training loss on iteration 4960 = 0.0027114256165077675
Training loss on iteration 4980 = 0.001287612991836795
Training loss on iteration 5000 = 0.003417432107744389
Training loss on iteration 5020 = 0.002360824567222153
Training loss on iteration 5040 = 0.0027533496798241687
Training loss on iteration 5060 = 0.023477228908620872
Training loss on iteration 5080 = 0.011525081666331972
Training loss on iteration 5100 = 0.005345605087450167
Training loss on iteration 5120 = 0.0016077421114232492
Training loss on iteration 5140 = 0.0004143378794196906
Training loss on iteration 5160 = 0.01890861344890027
Training loss on iteration 5180 = 0.021962410765854656
Training loss on iteration 5200 = 0.002111611829059257
Training loss on iteration 5220 = 0.0030377402319572864
Training loss on iteration 5240 = 0.027439800270258274
Training loss on iteration 5260 = 0.0023648275582672795
Training loss on iteration 5280 = 0.0006285732941250898
Training loss on iteration 5300 = 0.0007227143993532081
Training loss on iteration 5320 = 0.00048295710003003477
Training loss on iteration 5340 = 0.0008846481577165832
Training loss on iteration 5360 = 0.004881393925802513
Training loss on iteration 5380 = 0.0004808955205703569
Training loss on iteration 5400 = 0.007476202730276782
Training loss on iteration 5420 = 0.09965994708672951
Training loss on iteration 5440 = 0.026143118386971764
Training loss on iteration 5460 = 0.01871954118832946
Training loss on iteration 5480 = 0.005705782548466232
Training loss on iteration 5500 = 0.007534364485309197
Training loss on iteration 5520 = 0.006365683133299172
Training loss on iteration 5540 = 0.0027089770214161037
Training loss on iteration 5560 = 0.0017287850257162063
Training loss on iteration 5580 = 0.0026890180969189716
Training loss on iteration 5600 = 0.0029042411665756163
### EVAL:: Epoch 11:: Loss = 0.0035400505231051567 :: ACC = 0.9988773916438891, AUC = 0.9999985420175672, EER = 0.000878563061304178
Training on epoch 12
Training loss on iteration 0 = 0.0004480526258703321
Training loss on iteration 20 = 0.01506626565205238
Training loss on iteration 40 = 0.029329693319550643
Training loss on iteration 60 = 0.003056097863918694
Training loss on iteration 80 = 0.0004863031876993773
Training loss on iteration 100 = 0.013778187624939164
Training loss on iteration 120 = 0.006237098247765971
Training loss on iteration 140 = 0.0034671503045501594
Training loss on iteration 160 = 0.024061292618898732
Training loss on iteration 180 = 0.029561048811774526
Training loss on iteration 200 = 0.002235797570756404
Training loss on iteration 220 = 0.0036426157155801777
Training loss on iteration 240 = 0.015396614295968902
Training loss on iteration 260 = 0.005757646756319445
Training loss on iteration 280 = 0.008348517598460604
Training loss on iteration 300 = 0.0022293565882137044
Training loss on iteration 320 = 0.0040111340202429345
Training loss on iteration 340 = 0.010219415987376124
Training loss on iteration 360 = 0.012155498587981128
Training loss on iteration 380 = 0.0062649564243656645
Training loss on iteration 400 = 0.009900053372234652
Training loss on iteration 420 = 0.0012128884104640747
Training loss on iteration 440 = 0.004913180290714081
Training loss on iteration 460 = 0.0007560571931435334
Training loss on iteration 480 = 0.003032534189088665
Training loss on iteration 500 = 0.0008359226281584142
Training loss on iteration 520 = 0.0008084056992316846
Training loss on iteration 540 = 0.000478311140113874
Training loss on iteration 560 = 0.05941956060284923
Training loss on iteration 580 = 0.057754747266881165
Training loss on iteration 600 = 0.008517688603023998
Training loss on iteration 620 = 0.003296594900166383
Training loss on iteration 640 = 0.02226060094399145
Training loss on iteration 660 = 0.019527137052500622
Training loss on iteration 680 = 0.003909699030191405
Training loss on iteration 700 = 0.02844856423616875
Training loss on iteration 720 = 0.0066353218200674744
Training loss on iteration 740 = 0.004495723114814609
Training loss on iteration 760 = 0.0019380054823614045
Training loss on iteration 780 = 0.0004613235877968691
Training loss on iteration 800 = 0.004180152322919639
Training loss on iteration 820 = 0.00020890107965669812
Training loss on iteration 840 = 0.0003487892160421779
Training loss on iteration 860 = 0.0003557504480568241
Training loss on iteration 880 = 0.0024701017968141057
Training loss on iteration 900 = 0.00024323621588564492
Training loss on iteration 920 = 0.004509426123019011
Training loss on iteration 940 = 0.004928940259421211
Training loss on iteration 960 = 0.027693132452995428
Training loss on iteration 980 = 0.013208079197443112
Training loss on iteration 1000 = 0.0003759747165986482
Training loss on iteration 1020 = 0.0020867967771209806
Training loss on iteration 1040 = 0.00029256721620640747
Training loss on iteration 1060 = 0.0002073780896353128
Training loss on iteration 1080 = 0.03169490739410321
Training loss on iteration 1100 = 0.022433526143140627
Training loss on iteration 1120 = 0.00426008614449529
Training loss on iteration 1140 = 0.0006443552969358279
Training loss on iteration 1160 = 0.03782971796863421
Training loss on iteration 1180 = 0.00682068697642535
Training loss on iteration 1200 = 0.01054621339044388
Training loss on iteration 1220 = 0.0009200278414027707
Training loss on iteration 1240 = 0.003597336608436308
Training loss on iteration 1260 = 0.0032021004461967096
Training loss on iteration 1280 = 0.0022418183552872506
Training loss on iteration 1300 = 0.0005100660567450177
Training loss on iteration 1320 = 0.03644265141992946
Training loss on iteration 1340 = 0.006904305239731912
Training loss on iteration 1360 = 0.0006521923442051047
Training loss on iteration 1380 = 0.0006074622184314649
Training loss on iteration 1400 = 0.004072890002680652
Training loss on iteration 1420 = 0.029166817130135313
Training loss on iteration 1440 = 0.0014172418781527086
Training loss on iteration 1460 = 0.04497212653532188
Training loss on iteration 1480 = 0.016318822586617897
Training loss on iteration 1500 = 0.006282527856092202
Training loss on iteration 1520 = 0.00634821314306464
Training loss on iteration 1540 = 0.00150708574019518
Training loss on iteration 1560 = 0.0013184497031943465
Training loss on iteration 1580 = 0.034165054576169494
Training loss on iteration 1600 = 0.003543845496233189
Training loss on iteration 1620 = 0.0036097471183893504
Training loss on iteration 1640 = 0.0020673845654528124
Training loss on iteration 1660 = 0.013082711995775754
Training loss on iteration 1680 = 0.008236268613836728
Training loss on iteration 1700 = 0.006300496181302151
Training loss on iteration 1720 = 0.014844518714562582
Training loss on iteration 1740 = 0.0034196542832432898
Training loss on iteration 1760 = 0.016523208451326356
Training loss on iteration 1780 = 0.004793821359999129
Training loss on iteration 1800 = 0.0012725926540042565
Training loss on iteration 1820 = 0.0012095161485376593
Training loss on iteration 1840 = 0.0002517569419069332
Training loss on iteration 1860 = 0.024840773872892897
Training loss on iteration 1880 = 0.001528799122752389
Training loss on iteration 1900 = 0.002605838239469449
Training loss on iteration 1920 = 0.0014068823484194581
Training loss on iteration 1940 = 0.0033633845048825608
Training loss on iteration 1960 = 0.00031330955453086063
Training loss on iteration 1980 = 0.00014516220635414357
Training loss on iteration 2000 = 0.0006305218683337443
Training loss on iteration 2020 = 0.01901690212698668
Training loss on iteration 2040 = 0.007202968227920792
Training loss on iteration 2060 = 0.0007550353856458969
Training loss on iteration 2080 = 0.0014348441313813964
Training loss on iteration 2100 = 0.0004664560094170156
Training loss on iteration 2120 = 0.0020444714370114526
Training loss on iteration 2140 = 0.0008143763128373394
Training loss on iteration 2160 = 0.0007614717185788322
Training loss on iteration 2180 = 0.0005490563877060594
Training loss on iteration 2200 = 0.05245058323848752
Training loss on iteration 2220 = 0.005005499727667484
Training loss on iteration 2240 = 0.02451521525872522
Training loss on iteration 2260 = 0.014052289278697571
Training loss on iteration 2280 = 0.0028808489536459093
Training loss on iteration 2300 = 0.007110897411985206
Training loss on iteration 2320 = 0.001502191269355535
Training loss on iteration 2340 = 0.000892751337505615
Training loss on iteration 2360 = 0.0005300710453411739
Training loss on iteration 2380 = 0.007072179118949862
Training loss on iteration 2400 = 0.0008181879899211708
Training loss on iteration 2420 = 0.006447701877686995
Training loss on iteration 2440 = 0.08457944942747417
Training loss on iteration 2460 = 0.01284397825365886
Training loss on iteration 2480 = 0.0029911578814790117
Training loss on iteration 2500 = 0.009171756152500165
Training loss on iteration 2520 = 0.001688593003200367
Training loss on iteration 2540 = 0.0004607537519405014
Training loss on iteration 2560 = 0.05653396881825756
Training loss on iteration 2580 = 0.007716692943358794
Training loss on iteration 2600 = 0.004418143825023435
Training loss on iteration 2620 = 0.011822109729837393
Training loss on iteration 2640 = 0.016322782669885783
Training loss on iteration 2660 = 0.0012315925636357862
Training loss on iteration 2680 = 0.0005164483258340624
Training loss on iteration 2700 = 0.0046706721721420765
Training loss on iteration 2720 = 0.005477958681785822
Training loss on iteration 2740 = 0.0006343472173284681
Training loss on iteration 2760 = 0.0018876932716921147
Training loss on iteration 2780 = 0.00208768824722938
Training loss on iteration 2800 = 0.024523072498777766
Training loss on iteration 2820 = 0.001041257655742811
Training loss on iteration 2840 = 0.013144858808186655
Training loss on iteration 2860 = 0.0032234123415037174
Training loss on iteration 2880 = 0.001535037637586356
Training loss on iteration 2900 = 0.003824244354836992
Training loss on iteration 2920 = 0.0011502683407343284
Training loss on iteration 2940 = 0.0005967988503471133
Training loss on iteration 2960 = 0.0019983973723810776
Training loss on iteration 2980 = 0.002235384596849599
Training loss on iteration 3000 = 3.98504969325586e-05
Training loss on iteration 3020 = 0.005461268609224135
Training loss on iteration 3040 = 0.0014716544351472294
Training loss on iteration 3060 = 0.0002532652689865245
Training loss on iteration 3080 = 0.00019793485673744727
Training loss on iteration 3100 = 0.0012611043169954428
Training loss on iteration 3120 = 0.006942587233038466
Training loss on iteration 3140 = 0.003512312481097979
Training loss on iteration 3160 = 0.00029246050964388816
Training loss on iteration 3180 = 5.3251333554271696e-05
Training loss on iteration 3200 = 0.0009021497422850189
Training loss on iteration 3220 = 0.015216408632238655
Training loss on iteration 3240 = 0.08181916236598
Training loss on iteration 3260 = 0.030048279247421306
Training loss on iteration 3280 = 0.019717098839464597
Training loss on iteration 3300 = 0.02604718877701089
Training loss on iteration 3320 = 0.003675451558228815
Training loss on iteration 3340 = 0.020807748039806027
Training loss on iteration 3360 = 0.01801035911666986
Training loss on iteration 3380 = 0.0023934777675094663
Training loss on iteration 3400 = 0.01724543224736408
Training loss on iteration 3420 = 0.009198497156103259
Training loss on iteration 3440 = 0.02689139702124521
Training loss on iteration 3460 = 0.05589986083541589
Training loss on iteration 3480 = 0.009979503384965938
Training loss on iteration 3500 = 0.003132707565964665
Training loss on iteration 3520 = 0.00669893811136717
Training loss on iteration 3540 = 0.016722767756073155
Training loss on iteration 3560 = 0.016261322606442263
Training loss on iteration 3580 = 0.005493854780797847
Training loss on iteration 3600 = 0.008840067008713958
Training loss on iteration 3620 = 0.0014282689242463675
Training loss on iteration 3640 = 0.018317241803742945
Training loss on iteration 3660 = 0.014362646268091339
Training loss on iteration 3680 = 0.014508805476361885
Training loss on iteration 3700 = 0.010107882228840025
Training loss on iteration 3720 = 0.0007956524791552511
Training loss on iteration 3740 = 0.0019360879800842667
Training loss on iteration 3760 = 0.012147945300148422
Training loss on iteration 3780 = 0.001255679578116542
Training loss on iteration 3800 = 0.006046620702363725
Training loss on iteration 3820 = 0.010135221707059827
Training loss on iteration 3840 = 0.0007405055818708206
Training loss on iteration 3860 = 0.0004879036832790007
Training loss on iteration 3880 = 0.024381181894341353
Training loss on iteration 3900 = 0.009442732422849076
Training loss on iteration 3920 = 0.007174853355718369
Training loss on iteration 3940 = 0.012206579263147433
Training loss on iteration 3960 = 0.006542214361479637
Training loss on iteration 3980 = 0.0008667854325040026
Training loss on iteration 4000 = 0.01550504419706158
Training loss on iteration 4020 = 0.003937729491099162
Training loss on iteration 4040 = 0.0015434952970281302
Training loss on iteration 4060 = 0.0011642413365052563
Training loss on iteration 4080 = 0.0002971663228890975
Training loss on iteration 4100 = 0.0030079517176886837
Training loss on iteration 4120 = 0.0016251400261637627
Training loss on iteration 4140 = 0.014726739303222302
Training loss on iteration 4160 = 0.009432694919087225
Training loss on iteration 4180 = 0.009972516249240471
Training loss on iteration 4200 = 0.006229874429436677
Training loss on iteration 4220 = 0.006580889232645859
Training loss on iteration 4240 = 0.002202636735341912
Training loss on iteration 4260 = 0.0021275743634419086
Training loss on iteration 4280 = 0.0008014022713723534
Training loss on iteration 4300 = 0.0011632955567193904
Training loss on iteration 4320 = 0.0007451598937024073
Training loss on iteration 4340 = 0.0006887518103624757
Training loss on iteration 4360 = 0.03336649711721833
Training loss on iteration 4380 = 0.006933369188720917
Training loss on iteration 4400 = 0.03831045952144905
Training loss on iteration 4420 = 0.0015256444855822338
Training loss on iteration 4440 = 0.0010076844327159052
Training loss on iteration 4460 = 0.0001473241851044804
Training loss on iteration 4480 = 0.027160205686072914
Training loss on iteration 4500 = 0.0006219905320904217
Training loss on iteration 4520 = 0.00037787457840749995
Training loss on iteration 4540 = 0.0007845454219932435
Training loss on iteration 4560 = 0.00206924741032708
Training loss on iteration 4580 = 0.004557243812337219
Training loss on iteration 4600 = 0.000812900484606871
Training loss on iteration 4620 = 0.00038768043336858684
Training loss on iteration 4640 = 6.527942234697548e-05
Training loss on iteration 4660 = 0.00012677641198024502
Training loss on iteration 4680 = 0.006614620305401786
Training loss on iteration 4700 = 0.0007001363871040666
Training loss on iteration 4720 = 0.0002926738185124123
Training loss on iteration 4740 = 0.006222254122008053
Training loss on iteration 4760 = 0.001368262523078556
Training loss on iteration 4780 = 0.0054678731010767475
Training loss on iteration 4800 = 0.0004949825781636718
Training loss on iteration 4820 = 0.006270732162687409
Training loss on iteration 4840 = 0.0027056357837523136
Training loss on iteration 4860 = 0.008853327028464263
Training loss on iteration 4880 = 0.011685504613660668
Training loss on iteration 4900 = 0.003975046319396824
Training loss on iteration 4920 = 0.023410236684162554
Training loss on iteration 4940 = 0.008914989946833884
Training loss on iteration 4960 = 0.00011528403782676833
Training loss on iteration 4980 = 0.0002675034922049235
Training loss on iteration 5000 = 0.011516072933090982
Training loss on iteration 5020 = 0.0004915785730872813
Training loss on iteration 5040 = 0.0013803556306129395
Training loss on iteration 5060 = 0.014428450788409463
Training loss on iteration 5080 = 0.003820651011164955
Training loss on iteration 5100 = 0.00015941733650493006
Training loss on iteration 5120 = 0.03315877518316483
Training loss on iteration 5140 = 0.017307601823449658
Training loss on iteration 5160 = 0.0032845109091795164
Training loss on iteration 5180 = 0.001433677229215391
Training loss on iteration 5200 = 0.006665397663527983
Training loss on iteration 5220 = 0.0036592230072983512
Training loss on iteration 5240 = 0.0023400952021233935
Training loss on iteration 5260 = 0.036579556991250685
Training loss on iteration 5280 = 0.004279008005687502
Training loss on iteration 5300 = 0.015914702445206784
Training loss on iteration 5320 = 0.00878394304259018
Training loss on iteration 5340 = 0.005135152670686693
Training loss on iteration 5360 = 0.01506599367853596
Training loss on iteration 5380 = 0.00013680946644853976
Training loss on iteration 5400 = 0.001729869548125862
Training loss on iteration 5420 = 0.007166350529337251
Training loss on iteration 5440 = 0.007189640687533938
Training loss on iteration 5460 = 0.00013526616432955053
Training loss on iteration 5480 = 0.0012405693669165884
Training loss on iteration 5500 = 0.00023331126367338585
Training loss on iteration 5520 = 0.026908003714333974
Training loss on iteration 5540 = 0.0659131496453483
Training loss on iteration 5560 = 0.005390252852521371
Training loss on iteration 5580 = 0.004903020497658872
Training loss on iteration 5600 = 0.01901533201917118
### EVAL:: Epoch 12:: Loss = 0.0026746630428389276 :: ACC = 0.9992190550566185, AUC = 0.9999968743906015, EER = 0.0007809449433814916
Training on epoch 13
Training loss on iteration 0 = 0.0005130033241584897
Training loss on iteration 20 = 0.009458398952119751
Training loss on iteration 40 = 0.019496039795558317
Training loss on iteration 60 = 0.0007200533287686995
Training loss on iteration 80 = 0.001008428109344095
Training loss on iteration 100 = 0.01399681156499355
Training loss on iteration 120 = 0.005322937248638482
Training loss on iteration 140 = 0.004581075081841845
Training loss on iteration 160 = 0.007615414733663783
Training loss on iteration 180 = 0.0028548135883283976
Training loss on iteration 200 = 0.040708816731239494
Training loss on iteration 220 = 0.012648024277950753
Training loss on iteration 240 = 0.0050086158254998734
Training loss on iteration 260 = 0.0018654317191248992
Training loss on iteration 280 = 0.0177515634165502
Training loss on iteration 300 = 0.013568985978417913
Training loss on iteration 320 = 0.0015174486643445562
Training loss on iteration 340 = 0.009117176270956406
Training loss on iteration 360 = 0.0008152302220878482
Training loss on iteration 380 = 0.0050552384092952705
Training loss on iteration 400 = 0.03329867658794683
Training loss on iteration 420 = 0.023502915543213022
Training loss on iteration 440 = 0.0009182407498883549
Training loss on iteration 460 = 0.018478433933341875
Training loss on iteration 480 = 0.02289016502763843
Training loss on iteration 500 = 0.024368190200766547
Training loss on iteration 520 = 0.007402551101404242
Training loss on iteration 540 = 0.0004399217817990575
Training loss on iteration 560 = 0.0003449701269346406
Training loss on iteration 580 = 0.014376769495083864
Training loss on iteration 600 = 0.007593413820541173
Training loss on iteration 620 = 0.004647696271786117
Training loss on iteration 640 = 0.01735869920003097
Training loss on iteration 660 = 0.0006873203815302986
Training loss on iteration 680 = 0.022318320278463942
Training loss on iteration 700 = 0.0004121701748772466
Training loss on iteration 720 = 0.0018556226841155877
Training loss on iteration 740 = 0.00028056639430360517
Training loss on iteration 760 = 0.001044367765075549
Training loss on iteration 780 = 0.014222861576308787
Training loss on iteration 800 = 0.0006805637875004322
Training loss on iteration 820 = 0.045355399742447844
Training loss on iteration 840 = 0.003424732296662114
Training loss on iteration 860 = 0.0008709656987775816
Training loss on iteration 880 = 0.028890924971710773
Training loss on iteration 900 = 0.0011872563409269787
Training loss on iteration 920 = 0.001022164944151882
Training loss on iteration 940 = 0.00432789347396465
Training loss on iteration 960 = 0.008262919763001263
Training loss on iteration 980 = 0.0035299151082654134
Training loss on iteration 1000 = 0.002100646953022078
Training loss on iteration 1020 = 0.0010549458442710602
Training loss on iteration 1040 = 0.0026448281756984216
Training loss on iteration 1060 = 0.0005265189071451459
Training loss on iteration 1080 = 0.025374061319780594
Training loss on iteration 1100 = 0.002282616249522107
Training loss on iteration 1120 = 0.0016793750110991822
Training loss on iteration 1140 = 0.0008262202469268232
Training loss on iteration 1160 = 0.017340460709510806
Training loss on iteration 1180 = 0.0009949278809472163
Training loss on iteration 1200 = 0.0033723172102099854
Training loss on iteration 1220 = 0.0007381238358334485
Training loss on iteration 1240 = 0.0002217955074343081
Training loss on iteration 1260 = 0.0010481306418171244
Training loss on iteration 1280 = 0.0007745948175056583
Training loss on iteration 1300 = 0.0009722075842660161
Training loss on iteration 1320 = 0.03055040627783683
Training loss on iteration 1340 = 0.002453131346737791
Training loss on iteration 1360 = 0.0027449084995623705
Training loss on iteration 1380 = 0.00018129615436919267
Training loss on iteration 1400 = 0.005723355623877069
Training loss on iteration 1420 = 0.0015783790090608818
Training loss on iteration 1440 = 0.010501001887132589
Training loss on iteration 1460 = 0.011517815168735979
Training loss on iteration 1480 = 0.00367522477276907
Training loss on iteration 1500 = 4.373505469175143e-05
Training loss on iteration 1520 = 0.004143064595746182
Training loss on iteration 1540 = 0.0006479022912571963
Training loss on iteration 1560 = 9.31386578031379e-05
Training loss on iteration 1580 = 0.001637068824487642
Training loss on iteration 1600 = 0.0013445959237174065
Training loss on iteration 1620 = 0.006758720866423573
Training loss on iteration 1640 = 0.04679750949280788
Training loss on iteration 1660 = 0.01917092214744116
Training loss on iteration 1680 = 0.003066878408571938
Training loss on iteration 1700 = 0.007723058477495215
Training loss on iteration 1720 = 0.008166474745667073
Training loss on iteration 1740 = 0.005263709467180888
Training loss on iteration 1760 = 0.007402500184434757
Training loss on iteration 1780 = 0.0007848813999316917
Training loss on iteration 1800 = 0.0006101923243477358
Training loss on iteration 1820 = 0.0015250962681875534
Training loss on iteration 1840 = 0.002681738078217677
Training loss on iteration 1860 = 0.00029231498187982653
Training loss on iteration 1880 = 0.006358569648671164
Training loss on iteration 1900 = 0.006895268093626328
Training loss on iteration 1920 = 0.0002155793719111898
Training loss on iteration 1940 = 0.014218349298880639
Training loss on iteration 1960 = 0.005529740870440491
Training loss on iteration 1980 = 0.014662522115850151
Training loss on iteration 2000 = 0.018186134957488775
Training loss on iteration 2020 = 0.016208245340385473
Training loss on iteration 2040 = 0.008338555210866617
Training loss on iteration 2060 = 0.0035656487043524976
Training loss on iteration 2080 = 0.003327931848298249
Training loss on iteration 2100 = 0.0007771526893748159
Training loss on iteration 2120 = 0.0023444069246579603
Training loss on iteration 2140 = 0.00016353754422198107
Training loss on iteration 2160 = 0.0027421925832300078
Training loss on iteration 2180 = 6.246308179811422e-05
Training loss on iteration 2200 = 0.00028561367255406365
Training loss on iteration 2220 = 4.328326272684535e-05
Training loss on iteration 2240 = 0.0004692783166376557
Training loss on iteration 2260 = 0.01528814800929581
Training loss on iteration 2280 = 0.010918530702178941
Training loss on iteration 2300 = 0.002086421233730107
Training loss on iteration 2320 = 0.031263787491457154
Training loss on iteration 2340 = 0.0014236700267247215
Training loss on iteration 2360 = 0.009290278367461723
Training loss on iteration 2380 = 0.007031451898365048
Training loss on iteration 2400 = 0.04448130156765728
Training loss on iteration 2420 = 0.017846565100262522
Training loss on iteration 2440 = 0.005163682992497342
Training loss on iteration 2460 = 0.0037919871016129036
Training loss on iteration 2480 = 0.026219130740719264
Training loss on iteration 2500 = 0.001825015888789494
Training loss on iteration 2520 = 0.027112195852896547
Training loss on iteration 2540 = 0.01253018878705916
Training loss on iteration 2560 = 0.0015740853470560979
Training loss on iteration 2580 = 0.00546447588258161
Training loss on iteration 2600 = 0.0016368938704545144
Training loss on iteration 2620 = 0.0032516215564101004
Training loss on iteration 2640 = 0.0022378423436293813
Training loss on iteration 2660 = 0.0019806539888804764
Training loss on iteration 2680 = 0.00016953179497249948
Training loss on iteration 2700 = 5.4476303375849966e-05
Training loss on iteration 2720 = 0.01988672886548102
Training loss on iteration 2740 = 0.009270154202567937
Training loss on iteration 2760 = 0.0037561761262622896
Training loss on iteration 2780 = 0.013583924062140795
Training loss on iteration 2800 = 0.01321333524902002
Training loss on iteration 2820 = 0.03345611907716375
Training loss on iteration 2840 = 0.04359775331977289
Training loss on iteration 2860 = 0.005954077967908233
Training loss on iteration 2880 = 0.005841072648036061
Training loss on iteration 2900 = 0.0070165003126021475
Training loss on iteration 2920 = 0.0027815302662929755
Training loss on iteration 2940 = 0.0004037162421809626
Training loss on iteration 2960 = 0.0007039768536060365
Training loss on iteration 2980 = 0.0206881839021662
Training loss on iteration 3000 = 0.0033968771022045985
Training loss on iteration 3020 = 0.007848461416051578
Training loss on iteration 3040 = 0.0011846615961530916
Training loss on iteration 3060 = 0.001199820627061854
Training loss on iteration 3080 = 0.0004989415378531703
Training loss on iteration 3100 = 0.00023245422288482588
Training loss on iteration 3120 = 0.0027012301703962295
Training loss on iteration 3140 = 0.0003759385093019318
Training loss on iteration 3160 = 0.002515107504268599
Training loss on iteration 3180 = 0.031772118099831916
Training loss on iteration 3200 = 0.013949539253053445
Training loss on iteration 3220 = 0.011846229083857907
Training loss on iteration 3240 = 0.04207202582329046
Training loss on iteration 3260 = 0.006505906363554459
Training loss on iteration 3280 = 0.001146654634294464
Training loss on iteration 3300 = 0.01567159491080474
Training loss on iteration 3320 = 0.004556521346557929
Training loss on iteration 3340 = 0.00019058920217958076
Training loss on iteration 3360 = 0.0011713199705098987
Training loss on iteration 3380 = 0.0029766403105753623
Training loss on iteration 3400 = 0.008721050553947406
Training loss on iteration 3420 = 0.032113378275238344
Training loss on iteration 3440 = 0.01008428459776951
Training loss on iteration 3460 = 0.02387113373574721
Training loss on iteration 3480 = 0.04818441292809439
Training loss on iteration 3500 = 0.004682484485965688
Training loss on iteration 3520 = 0.00960986381978728
Training loss on iteration 3540 = 0.021667442362377186
Training loss on iteration 3560 = 0.035533154496806676
Training loss on iteration 3580 = 0.020060373813612385
Training loss on iteration 3600 = 0.02435659201582894
Training loss on iteration 3620 = 0.0032382033416070042
Training loss on iteration 3640 = 0.001979706614292809
Training loss on iteration 3660 = 0.01233874797108001
Training loss on iteration 3680 = 0.02592718417108699
Training loss on iteration 3700 = 0.004038772691819759
Training loss on iteration 3720 = 0.001786137809540378
Training loss on iteration 3740 = 0.0004933379678732308
Training loss on iteration 3760 = 0.00023880748403826146
Training loss on iteration 3780 = 0.0006538601240208663
Training loss on iteration 3800 = 0.019008927857339587
Training loss on iteration 3820 = 0.008591414668626386
Training loss on iteration 3840 = 0.003980425127429044
Training loss on iteration 3860 = 0.013089495602093848
Training loss on iteration 3880 = 0.00280909731554857
Training loss on iteration 3900 = 0.0008558838921544521
Training loss on iteration 3920 = 0.04992760321074456
Training loss on iteration 3940 = 0.004071418656167225
Training loss on iteration 3960 = 0.037239315861370414
Training loss on iteration 3980 = 0.004676310509967152
Training loss on iteration 4000 = 0.0023962495288287755
Training loss on iteration 4020 = 0.0009469898664974608
Training loss on iteration 4040 = 0.03066613094488275
Training loss on iteration 4060 = 0.003442185736639658
Training loss on iteration 4080 = 0.003528699936941848
Training loss on iteration 4100 = 0.011791661525057862
Training loss on iteration 4120 = 0.0016842728800838813
Training loss on iteration 4140 = 0.001869050329514721
Training loss on iteration 4160 = 0.000749669533342967
Training loss on iteration 4180 = 0.0007428531167079199
Training loss on iteration 4200 = 0.02093076094197386
Training loss on iteration 4220 = 0.0014795847117966333
Training loss on iteration 4240 = 0.015431791033734044
Training loss on iteration 4260 = 0.011013637678752275
Training loss on iteration 4280 = 0.00046926562790758906
Training loss on iteration 4300 = 0.007498504597788269
Training loss on iteration 4320 = 0.00883675587738253
Training loss on iteration 4340 = 0.0021630611573982606
Training loss on iteration 4360 = 0.003528240877449207
Training loss on iteration 4380 = 0.0034672350810069476
Training loss on iteration 4400 = 0.0008004698808690592
Training loss on iteration 4420 = 0.0015713949918790605
Training loss on iteration 4440 = 0.0005770379922978464
Training loss on iteration 4460 = 0.00033640415674653925
Training loss on iteration 4480 = 0.00014965440587957345
Training loss on iteration 4500 = 5.539608753792891e-05
Training loss on iteration 4520 = 0.000490941091032937
Training loss on iteration 4540 = 0.034231000180216145
Training loss on iteration 4560 = 0.0003810119216723251
Training loss on iteration 4580 = 0.010257470976284822
Training loss on iteration 4600 = 0.02576076278273831
Training loss on iteration 4620 = 0.0022912071412065417
Training loss on iteration 4640 = 0.0007884166210260446
Training loss on iteration 4660 = 0.004370831206915682
Training loss on iteration 4680 = 0.01147679369855723
Training loss on iteration 4700 = 0.03630465351898238
Training loss on iteration 4720 = 0.0040405682615528345
Training loss on iteration 4740 = 0.001422918340358592
Training loss on iteration 4760 = 0.014584640901375678
Training loss on iteration 4780 = 0.013332913777594513
Training loss on iteration 4800 = 0.010042185378642899
Training loss on iteration 4820 = 0.0024811551694256194
Training loss on iteration 4840 = 0.0017982875575398793
Training loss on iteration 4860 = 0.000838312132145802
Training loss on iteration 4880 = 0.0017083511588680267
Training loss on iteration 4900 = 0.0070378259541485026
Training loss on iteration 4920 = 0.008154382060911302
Training loss on iteration 4940 = 0.003010067043555864
Training loss on iteration 4960 = 0.0017441924621039106
Training loss on iteration 4980 = 0.0002738345567308897
Training loss on iteration 5000 = 0.002880099851529394
Training loss on iteration 5020 = 0.000607621074209419
Training loss on iteration 5040 = 0.0001236618785128485
Training loss on iteration 5060 = 0.018306452750323388
Training loss on iteration 5080 = 0.007896115059088516
Training loss on iteration 5100 = 0.0005601893422863214
Training loss on iteration 5120 = 0.00043999021531817564
Training loss on iteration 5140 = 0.01020686806946287
Training loss on iteration 5160 = 0.030344903614968645
Training loss on iteration 5180 = 0.00537001857010182
Training loss on iteration 5200 = 0.027090718309045768
Training loss on iteration 5220 = 0.01231959435463068
Training loss on iteration 5240 = 0.008277829988037411
Training loss on iteration 5260 = 0.0013892344221858367
Training loss on iteration 5280 = 0.0006789058516005753
Training loss on iteration 5300 = 0.007189346236145866
Training loss on iteration 5320 = 0.00016816755189665855
Training loss on iteration 5340 = 0.0023309271817197443
Training loss on iteration 5360 = 0.002170129913349683
Training loss on iteration 5380 = 6.572062421810188e-05
Training loss on iteration 5400 = 0.02137398333198348
Training loss on iteration 5420 = 0.01664882950479978
Training loss on iteration 5440 = 0.041214339007319724
Training loss on iteration 5460 = 0.005525627845327108
Training loss on iteration 5480 = 0.0007001621866947972
Training loss on iteration 5500 = 0.0038873435634741325
Training loss on iteration 5520 = 0.0006664497501333244
Training loss on iteration 5540 = 0.0007145667415898061
Training loss on iteration 5560 = 0.000272777580175898
Training loss on iteration 5580 = 0.018944447085959836
Training loss on iteration 5600 = 0.009304190377042687
### EVAL:: Epoch 13:: Loss = 0.002538347771076249 :: ACC = 0.9990238188207732, AUC = 0.9999980750820168, EER = 0.0005857087075361187
Training on epoch 14
Training loss on iteration 0 = 0.00011916406219825149
Training loss on iteration 20 = 0.00061669830174651
Training loss on iteration 40 = 0.0006330980823804566
Training loss on iteration 60 = 0.008096497654742052
Training loss on iteration 80 = 0.0010929633814157568
Training loss on iteration 100 = 0.022993083856044906
Training loss on iteration 120 = 0.006208682899250561
Training loss on iteration 140 = 0.008630765285033704
Training loss on iteration 160 = 0.025607286819331422
Training loss on iteration 180 = 0.004863532215676969
Training loss on iteration 200 = 0.0368072825283889
Training loss on iteration 220 = 0.008217779372353106
Training loss on iteration 240 = 0.0021834902136106393
Training loss on iteration 260 = 0.056604847021299066
Training loss on iteration 280 = 0.013212819811451481
Training loss on iteration 300 = 0.0022228340792935343
Training loss on iteration 320 = 0.0035810100089292973
Training loss on iteration 340 = 0.0031503657712164566
Training loss on iteration 360 = 0.0036372148369082425
Training loss on iteration 380 = 0.0008372421070816927
Training loss on iteration 400 = 0.007145504821801296
Training loss on iteration 420 = 0.012218811023103626
Training loss on iteration 440 = 0.026769337060977706
Training loss on iteration 460 = 0.00324809395824559
Training loss on iteration 480 = 0.007109511859016493
Training loss on iteration 500 = 0.014677065156683966
Training loss on iteration 520 = 0.017293387070458265
Training loss on iteration 540 = 0.0157402098615421
Training loss on iteration 560 = 0.010237399078687304
Training loss on iteration 580 = 0.0015312736713894992
Training loss on iteration 600 = 0.0031694489198343945
Training loss on iteration 620 = 0.0006873314684526122
Training loss on iteration 640 = 0.0004284555662707135
Training loss on iteration 660 = 0.014873237777783288
Training loss on iteration 680 = 0.0007168079169787234
Training loss on iteration 700 = 0.009961580796880299
Training loss on iteration 720 = 0.021571632448285527
Training loss on iteration 740 = 0.004621855058940127
Training loss on iteration 760 = 0.0020877121167359293
Training loss on iteration 780 = 0.0016681198276728537
Training loss on iteration 800 = 0.0010467781053193903
Training loss on iteration 820 = 0.0003522333661749144
Training loss on iteration 840 = 0.001727098143942385
Training loss on iteration 860 = 0.0017330298005617806
Training loss on iteration 880 = 0.0023371973481403074
Training loss on iteration 900 = 6.141977435163426e-05
Training loss on iteration 920 = 0.0004450937072533634
Training loss on iteration 940 = 0.0024603540574560157
Training loss on iteration 960 = 0.00038863414790171193
Training loss on iteration 980 = 0.004264122070927101
Training loss on iteration 1000 = 0.00013053978065329374
Training loss on iteration 1020 = 0.0020716207922902184
Training loss on iteration 1040 = 0.003865789453823254
Training loss on iteration 1060 = 0.003380573857046443
Training loss on iteration 1080 = 0.0008827046443776965
Training loss on iteration 1100 = 0.00018346685924370832
Training loss on iteration 1120 = 0.00016434533783282745
Training loss on iteration 1140 = 0.0006841300912306281
Training loss on iteration 1160 = 1.8458286459122063e-05
Training loss on iteration 1180 = 0.06839502265925006
Training loss on iteration 1200 = 0.010708325784980844
Training loss on iteration 1220 = 0.0031706927929917583
Training loss on iteration 1240 = 0.004772361530922353
Training loss on iteration 1260 = 0.0009957754085007763
Training loss on iteration 1280 = 0.010703008049995332
Training loss on iteration 1300 = 0.009126796647933588
Training loss on iteration 1320 = 0.0009709545508542305
Training loss on iteration 1340 = 0.0058735882758242045
Training loss on iteration 1360 = 0.0007223841287668619
Training loss on iteration 1380 = 0.0010046323880899878
Training loss on iteration 1400 = 0.00155888491068481
Training loss on iteration 1420 = 7.356940137910328e-05
Training loss on iteration 1440 = 6.29739830486642e-05
Training loss on iteration 1460 = 0.011039633217424693
Training loss on iteration 1480 = 0.011100185618715841
Training loss on iteration 1500 = 0.007036910333897595
Training loss on iteration 1520 = 0.03092624480646009
Training loss on iteration 1540 = 0.01453790629420837
Training loss on iteration 1560 = 0.0041973394441811255
Training loss on iteration 1580 = 0.0028427348450804856
Training loss on iteration 1600 = 0.02683941734721884
Training loss on iteration 1620 = 0.01218467358394264
Training loss on iteration 1640 = 0.0040987560504618156
Training loss on iteration 1660 = 0.029844339382475483
Training loss on iteration 1680 = 0.017723455908708274
Training loss on iteration 1700 = 0.00760141518258024
Training loss on iteration 1720 = 0.00019630918855000344
Training loss on iteration 1740 = 0.00030295286560999557
Training loss on iteration 1760 = 0.00033239383251384427
Training loss on iteration 1780 = 0.00033383527302248693
Training loss on iteration 1800 = 0.0014501694322291315
Training loss on iteration 1820 = 0.00733685773502657
Training loss on iteration 1840 = 0.006786571781208295
Training loss on iteration 1860 = 0.000773559041988392
Training loss on iteration 1880 = 0.0006066881120830204
Training loss on iteration 1900 = 9.686117100784485e-05
Training loss on iteration 1920 = 0.0002597093783350601
Training loss on iteration 1940 = 0.02600243244094145
Training loss on iteration 1960 = 0.025834875799864675
Training loss on iteration 1980 = 0.002504281797155272
Training loss on iteration 2000 = 0.00907653385206686
Training loss on iteration 2020 = 0.007667561420203128
Training loss on iteration 2040 = 0.005163808551969851
Training loss on iteration 2060 = 0.0015895853804977378
Training loss on iteration 2080 = 0.0015263107791270158
Training loss on iteration 2100 = 0.00030497359634864554
Training loss on iteration 2120 = 0.004422774724025658
Training loss on iteration 2140 = 0.0006164961731428775
Training loss on iteration 2160 = 0.009820019338053498
Training loss on iteration 2180 = 0.0005594190442252511
Training loss on iteration 2200 = 0.018411171826301143
Training loss on iteration 2220 = 0.002293331660075637
Training loss on iteration 2240 = 0.0012846232306401363
Training loss on iteration 2260 = 0.020960804393052968
Training loss on iteration 2280 = 0.026859346273704433
Training loss on iteration 2300 = 0.004541125335526886
Training loss on iteration 2320 = 0.0011943390743908821
Training loss on iteration 2340 = 0.0009026925918533379
Training loss on iteration 2360 = 0.0033231587405225583
Training loss on iteration 2380 = 0.0029936102813849174
Training loss on iteration 2400 = 0.009726322337132842
Training loss on iteration 2420 = 0.0005571238109041588
Training loss on iteration 2440 = 0.003821748269865566
Training loss on iteration 2460 = 0.0061580128286550465
Training loss on iteration 2480 = 0.0102943198506523
Training loss on iteration 2500 = 0.0001252414756095277
Training loss on iteration 2520 = 0.02612210860538653
Training loss on iteration 2540 = 0.001571104418781033
Training loss on iteration 2560 = 0.0077397047041813495
Training loss on iteration 2580 = 0.0009514340350960992
Training loss on iteration 2600 = 0.005808523055543446
Training loss on iteration 2620 = 0.0008589011690560255
Training loss on iteration 2640 = 0.023022287654475802
Training loss on iteration 2660 = 0.005232558663851705
Training loss on iteration 2680 = 0.006332933147652398
Training loss on iteration 2700 = 0.01221675610409818
Training loss on iteration 2720 = 0.0007144474451450833
Training loss on iteration 2740 = 0.000981986306987892
Training loss on iteration 2760 = 0.002699125733829533
Training loss on iteration 2780 = 0.013128041648099043
Training loss on iteration 2800 = 0.0321764533650537
Training loss on iteration 2820 = 0.0033737847573320325
Training loss on iteration 2840 = 0.0012119648510633852
Training loss on iteration 2860 = 0.0008853622979813735
Training loss on iteration 2880 = 0.00011017114547939855
Training loss on iteration 2900 = 0.0005443882552071955
Training loss on iteration 2920 = 0.007702317085568211
Training loss on iteration 2940 = 0.0007132439762244757
Training loss on iteration 2960 = 0.00021983507359664146
Training loss on iteration 2980 = 0.003551013512719692
Training loss on iteration 3000 = 0.057552791224634345
Training loss on iteration 3020 = 0.007757193097495474
Training loss on iteration 3040 = 0.001455546785655315
Training loss on iteration 3060 = 0.0010864866761039593
Training loss on iteration 3080 = 0.015927084229588218
Training loss on iteration 3100 = 0.002428644020255888
Training loss on iteration 3120 = 0.003506502781601739
Training loss on iteration 3140 = 0.0027268834786127625
Training loss on iteration 3160 = 0.0031015290712616663
Training loss on iteration 3180 = 0.0029704951522489865
Training loss on iteration 3200 = 0.001860060837771016
Training loss on iteration 3220 = 0.0008325871877445934
Training loss on iteration 3240 = 0.006883338435886799
Training loss on iteration 3260 = 0.00012777021674992284
Training loss on iteration 3280 = 0.009193754413087164
Training loss on iteration 3300 = 0.00047623164425658615
Training loss on iteration 3320 = 0.01967745900376485
Training loss on iteration 3340 = 0.020733874692268728
Training loss on iteration 3360 = 0.001900933056640497
Training loss on iteration 3380 = 0.003279529515612012
Training loss on iteration 3400 = 0.000734393195125449
Training loss on iteration 3420 = 0.000595767695494942
Training loss on iteration 3440 = 0.0018748342839899125
Training loss on iteration 3460 = 0.004930970996792894
Training loss on iteration 3480 = 0.03328035269009888
Training loss on iteration 3500 = 0.00968240352540306
Training loss on iteration 3520 = 0.0035210512227422442
Training loss on iteration 3540 = 0.003667861325720878
Training loss on iteration 3560 = 0.0005046433069310297
Training loss on iteration 3580 = 0.003619274422499075
Training loss on iteration 3600 = 0.0031594614171353897
Training loss on iteration 3620 = 0.05730358917946887
Training loss on iteration 3640 = 0.003040265779418405
Training loss on iteration 3660 = 0.0023582303379953372
Training loss on iteration 3680 = 0.000674374912341591
Training loss on iteration 3700 = 0.000627356987024541
Training loss on iteration 3720 = 0.002918013643284212
Training loss on iteration 3740 = 0.008582885569012433
Training loss on iteration 3760 = 0.02679016555975977
Training loss on iteration 3780 = 0.03220547768323741
Training loss on iteration 3800 = 0.006281869493977865
Training loss on iteration 3820 = 0.002621704715420492
Training loss on iteration 3840 = 0.005619369666965213
Training loss on iteration 3860 = 0.008627431069726299
Training loss on iteration 3880 = 0.006367723954281246
Training loss on iteration 3900 = 0.0005528497931663878
Training loss on iteration 3920 = 0.0008138796256389469
Training loss on iteration 3940 = 0.00047711455072203536
Training loss on iteration 3960 = 0.0013076877658818376
Training loss on iteration 3980 = 0.0013082330831139188
Training loss on iteration 4000 = 0.005761219540011098
Training loss on iteration 4020 = 0.0013956143876839634
Training loss on iteration 4040 = 0.0005841311670792493
Training loss on iteration 4060 = 0.00300811942337873
Training loss on iteration 4080 = 0.0039090418448324725
Training loss on iteration 4100 = 0.0003700698709280914
Training loss on iteration 4120 = 0.0002889063000203862
Training loss on iteration 4140 = 0.004089188709382086
Training loss on iteration 4160 = 0.021828522259630743
Training loss on iteration 4180 = 0.01624875644400845
Training loss on iteration 4200 = 0.012540924180621004
Training loss on iteration 4220 = 0.031892333431824224
Training loss on iteration 4240 = 0.0017738401757924293
Training loss on iteration 4260 = 0.011119821390457219
Training loss on iteration 4280 = 0.00135870526241888
Training loss on iteration 4300 = 0.0004086348580926824
Training loss on iteration 4320 = 0.007038418110198563
Training loss on iteration 4340 = 0.0024003935783525774
Training loss on iteration 4360 = 0.023509093687189876
Training loss on iteration 4380 = 0.01175639978964682
Training loss on iteration 4400 = 0.003904623522930706
Training loss on iteration 4420 = 0.005802133624717954
Training loss on iteration 4440 = 0.015183460335083509
Training loss on iteration 4460 = 0.0006383507407008437
Training loss on iteration 4480 = 0.0025210158566096653
Training loss on iteration 4500 = 0.02133358126488929
Training loss on iteration 4520 = 0.0007668195977203141
Training loss on iteration 4540 = 0.0020468946517212317
Training loss on iteration 4560 = 0.010055825062227085
Training loss on iteration 4580 = 0.01695228295571951
Training loss on iteration 4600 = 0.006607647934163197
Training loss on iteration 4620 = 0.0037704466742980005
Training loss on iteration 4640 = 0.013407721190017697
Training loss on iteration 4660 = 0.013555104272688823
Training loss on iteration 4680 = 0.011890332621157995
Training loss on iteration 4700 = 0.0023911917732334586
Training loss on iteration 4720 = 0.009246431379983733
Training loss on iteration 4740 = 0.0005645082930641366
Training loss on iteration 4760 = 0.0006209494082298761
Training loss on iteration 4780 = 0.0019805983731885136
Training loss on iteration 4800 = 0.017633163871698797
Training loss on iteration 4820 = 0.07028057683655789
Training loss on iteration 4840 = 0.0017875115794595332
Training loss on iteration 4860 = 0.0017602525091206188
Training loss on iteration 4880 = 0.0008259863581770333
Training loss on iteration 4900 = 0.013308854112256085
Training loss on iteration 4920 = 0.009116554020329204
Training loss on iteration 4940 = 0.0037129580012333465
Training loss on iteration 4960 = 0.004474045308893437
Training loss on iteration 4980 = 0.0002613222868490084
Training loss on iteration 5000 = 0.026095966603134003
Training loss on iteration 5020 = 0.00447727183995994
Training loss on iteration 5040 = 0.0014824063673131605
Training loss on iteration 5060 = 0.003138557255306296
Training loss on iteration 5080 = 0.0009934659534337697
Training loss on iteration 5100 = 0.0035175436634972356
Training loss on iteration 5120 = 0.002200173270580308
Training loss on iteration 5140 = 0.007715471623862413
Training loss on iteration 5160 = 5.237249106357922e-05
Training loss on iteration 5180 = 0.0011746017664222563
Training loss on iteration 5200 = 0.011107064671773515
Training loss on iteration 5220 = 0.002617062537481729
Training loss on iteration 5240 = 0.0004465464126894858
Training loss on iteration 5260 = 0.0018578871685292597
Training loss on iteration 5280 = 0.05669731857226026
Training loss on iteration 5300 = 0.004846022518540849
Training loss on iteration 5320 = 0.001659468018078769
Training loss on iteration 5340 = 0.019330415734657436
Training loss on iteration 5360 = 0.0041137631413221245
Training loss on iteration 5380 = 0.003742218945262721
Training loss on iteration 5400 = 0.02193710787969394
Training loss on iteration 5420 = 0.001183962621144019
Training loss on iteration 5440 = 0.001853130791005242
Training loss on iteration 5460 = 0.0003771264900251481
Training loss on iteration 5480 = 0.011750276175916952
Training loss on iteration 5500 = 0.004537004222856922
Training loss on iteration 5520 = 0.001579645407696262
Training loss on iteration 5540 = 0.015246377532662336
Training loss on iteration 5560 = 0.004521342462601297
Training loss on iteration 5580 = 0.011462976387247182
Training loss on iteration 5600 = 0.027356281983065854
### EVAL:: Epoch 14:: Loss = 0.0023185397065937983 :: ACC = 0.9994142912924638, AUC = 0.9999939870136265, EER = 0.00048809058961343224
Training on epoch 15
Training loss on iteration 0 = 0.0005921528209000826
Training loss on iteration 20 = 0.0026652094165456218
Training loss on iteration 40 = 0.021187920667449588
Training loss on iteration 60 = 0.011341944170999341
Training loss on iteration 80 = 0.0011326954076139374
Training loss on iteration 100 = 0.005078678111294721
Training loss on iteration 120 = 0.00023784224331393488
Training loss on iteration 140 = 5.792577737793181e-05
Training loss on iteration 160 = 0.0011908200205652975
Training loss on iteration 180 = 0.0005635366290562161
Training loss on iteration 200 = 0.0005149102102336656
Training loss on iteration 220 = 0.0014982235880779625
Training loss on iteration 240 = 0.0004622067738409896
Training loss on iteration 260 = 0.0012726254122981118
Training loss on iteration 280 = 0.0004184298428242528
Training loss on iteration 300 = 0.0047186672970127574
Training loss on iteration 320 = 0.006708738776920598
Training loss on iteration 340 = 0.0256205258354008
Training loss on iteration 360 = 0.02354343948773021
Training loss on iteration 380 = 0.0018100368695741053
Training loss on iteration 400 = 0.019835381243319718
Training loss on iteration 420 = 0.0015913162339529663
Training loss on iteration 440 = 0.011702048162533174
Training loss on iteration 460 = 0.02459206993726184
Training loss on iteration 480 = 0.014529206892984804
Training loss on iteration 500 = 0.007727140717088332
Training loss on iteration 520 = 0.0008506696809490677
Training loss on iteration 540 = 0.004142833064361184
Training loss on iteration 560 = 0.0071265661275901945
Training loss on iteration 580 = 0.042394420606251516
Training loss on iteration 600 = 0.015091090758869542
Training loss on iteration 620 = 0.004963304903321841
Training loss on iteration 640 = 0.0036052501277936246
Training loss on iteration 660 = 0.0013440616177831544
Training loss on iteration 680 = 0.0010646304807778507
Training loss on iteration 700 = 0.004563166987827572
Training loss on iteration 720 = 0.03183876472148768
Training loss on iteration 740 = 0.0065640127383630896
Training loss on iteration 760 = 0.009175057694665156
Training loss on iteration 780 = 0.0018597399947793748
Training loss on iteration 800 = 0.01852690268160586
Training loss on iteration 820 = 0.010422324486717116
Training loss on iteration 840 = 0.005771105727944814
Training loss on iteration 860 = 0.00510366669141149
Training loss on iteration 880 = 0.0036348076589547418
Training loss on iteration 900 = 0.004075025064116744
Training loss on iteration 920 = 0.00028311188410725665
Training loss on iteration 940 = 0.0005897949875986796
Training loss on iteration 960 = 5.154787309038511e-05
Training loss on iteration 980 = 0.013781741952129778
Training loss on iteration 1000 = 0.005356238305125771
Training loss on iteration 1020 = 0.000622807047579954
Training loss on iteration 1040 = 0.014679921759409353
Training loss on iteration 1060 = 0.001806396015467726
Training loss on iteration 1080 = 0.0007292000054007986
Training loss on iteration 1100 = 0.021327302202416833
Training loss on iteration 1120 = 0.004430146959566628
Training loss on iteration 1140 = 0.005497537851988454
Training loss on iteration 1160 = 0.006366574426829174
Training loss on iteration 1180 = 0.003421433287974196
Training loss on iteration 1200 = 0.0002945942424958048
Training loss on iteration 1220 = 0.0003619665780718151
Training loss on iteration 1240 = 0.005341265083541202
Training loss on iteration 1260 = 0.021691898944888523
Training loss on iteration 1280 = 0.016544795438858274
Training loss on iteration 1300 = 0.0010732453584751055
Training loss on iteration 1320 = 0.007042015960723802
Training loss on iteration 1340 = 0.00016178465211851288
Training loss on iteration 1360 = 0.013958204119489892
Training loss on iteration 1380 = 0.010297159694164292
Training loss on iteration 1400 = 0.0014785438615945168
Training loss on iteration 1420 = 0.008876687775409665
Training loss on iteration 1440 = 0.003072790653095581
Training loss on iteration 1460 = 0.010536181279439916
Training loss on iteration 1480 = 0.010113484831163078
Training loss on iteration 1500 = 0.021523246369179107
Training loss on iteration 1520 = 0.028377871508564568
Training loss on iteration 1540 = 0.002827185302885482
Training loss on iteration 1560 = 0.003887616367865121
Training loss on iteration 1580 = 0.0006493122033134569
Training loss on iteration 1600 = 0.001662911024686764
Training loss on iteration 1620 = 0.000537730035102868
Training loss on iteration 1640 = 0.00387723676431051
Training loss on iteration 1660 = 0.007948881890570192
Training loss on iteration 1680 = 0.002625944692226767
Training loss on iteration 1700 = 0.009172070097793038
Training loss on iteration 1720 = 0.003734916029793567
Training loss on iteration 1740 = 0.024353602009114184
Training loss on iteration 1760 = 0.0021617896733914675
Training loss on iteration 1780 = 0.0005932805826887489
Training loss on iteration 1800 = 0.031076914475670493
Training loss on iteration 1820 = 0.003765540178937954
Training loss on iteration 1840 = 0.0434457381717948
Training loss on iteration 1860 = 0.0028729620564263312
Training loss on iteration 1880 = 0.007899506651301635
Training loss on iteration 1900 = 0.005685964648364461
Training loss on iteration 1920 = 0.01643395241080725
Training loss on iteration 1940 = 0.003972512239488424
Training loss on iteration 1960 = 0.0010151546447559668
Training loss on iteration 1980 = 0.001863644531204045
Training loss on iteration 2000 = 0.008379263657479897
Training loss on iteration 2020 = 0.0018299250923973886
Training loss on iteration 2040 = 7.135658338484064e-05
Training loss on iteration 2060 = 0.0392196858436364
Training loss on iteration 2080 = 0.0025040377462573816
Training loss on iteration 2100 = 0.003455635292630177
Training loss on iteration 2120 = 0.0013075291068162186
Training loss on iteration 2140 = 0.005894367024029634
Training loss on iteration 2160 = 0.00235756785277772
Training loss on iteration 2180 = 0.00018289251518126547
Training loss on iteration 2200 = 0.0005218645293325608
Training loss on iteration 2220 = 0.0076650413503557505
Training loss on iteration 2240 = 0.0033934012767076636
Training loss on iteration 2260 = 0.03315737934918843
Training loss on iteration 2280 = 0.012803598311074893
Training loss on iteration 2300 = 0.001301137789414497
Training loss on iteration 2320 = 0.031783958337837245
Training loss on iteration 2340 = 0.002969569059860078
Training loss on iteration 2360 = 0.012610651468185097
Training loss on iteration 2380 = 0.00408774666429963
Training loss on iteration 2400 = 0.036817453561889125
Training loss on iteration 2420 = 0.009576491005282151
Training loss on iteration 2440 = 0.0037708144271164203
Training loss on iteration 2460 = 0.008609550859546289
Training loss on iteration 2480 = 0.012043107097997562
Training loss on iteration 2500 = 0.003791975497188105
Training loss on iteration 2520 = 0.000849764369741024
Training loss on iteration 2540 = 0.004356641196409328
Training loss on iteration 2560 = 0.0343581751209058
Training loss on iteration 2580 = 0.004162345182339777
Training loss on iteration 2600 = 0.005210283757878642
Training loss on iteration 2620 = 0.0003268489109359507
Training loss on iteration 2640 = 0.0018309557176962698
Training loss on iteration 2660 = 9.388104167555867e-05
Training loss on iteration 2680 = 0.009357036098117532
Training loss on iteration 2700 = 0.0002539480530685978
Training loss on iteration 2720 = 0.0013757299950611923
Training loss on iteration 2740 = 0.0017892197288347234
Training loss on iteration 2760 = 0.0015922707504614664
Training loss on iteration 2780 = 0.008163220226356316
Training loss on iteration 2800 = 0.0008101119497496256
Training loss on iteration 2820 = 0.0021893828568863684
Training loss on iteration 2840 = 0.003989570547798848
Training loss on iteration 2860 = 2.5297574291016643e-05
Training loss on iteration 2880 = 0.00011523948226681569
Training loss on iteration 2900 = 0.01806971084382667
Training loss on iteration 2920 = 0.0004955535079034235
Training loss on iteration 2940 = 0.003296249162826825
Training loss on iteration 2960 = 0.019960153696411
Training loss on iteration 2980 = 0.011176182366955344
Training loss on iteration 3000 = 0.005000346294264091
Training loss on iteration 3020 = 0.011528719410171107
Training loss on iteration 3040 = 0.0017043842005477928
Training loss on iteration 3060 = 0.0037734860206910525
Training loss on iteration 3080 = 0.019209350231903954
Training loss on iteration 3100 = 0.0007733277820989315
Training loss on iteration 3120 = 0.004288164581703313
Training loss on iteration 3140 = 0.0017271884047204366
Training loss on iteration 3160 = 0.00017638224064739916
Training loss on iteration 3180 = 0.0003187962076367512
Training loss on iteration 3200 = 0.0011426436840565658
Training loss on iteration 3220 = 0.00164268660321909
Training loss on iteration 3240 = 9.069497094742474e-05
Training loss on iteration 3260 = 0.0010997278012837342
Training loss on iteration 3280 = 0.003982717014469017
Training loss on iteration 3300 = 0.03135651428049187
Training loss on iteration 3320 = 0.0002937372106998737
Training loss on iteration 3340 = 0.004945918811154115
Training loss on iteration 3360 = 0.0014573727268725634
Training loss on iteration 3380 = 0.002326374279891752
Training loss on iteration 3400 = 0.00022961136450021512
Training loss on iteration 3420 = 0.0014703328287168915
Training loss on iteration 3440 = 0.0001680033714592355
Training loss on iteration 3460 = 0.008040418116172532
Training loss on iteration 3480 = 0.0029724923001253956
Training loss on iteration 3500 = 0.017080533893039273
Training loss on iteration 3520 = 0.00017684696858850658
Training loss on iteration 3540 = 0.008345951467128998
Training loss on iteration 3560 = 0.00023266228178044912
Training loss on iteration 3580 = 0.0023017536679049043
Training loss on iteration 3600 = 0.00012591573248528222
Training loss on iteration 3620 = 0.0003936570199016387
Training loss on iteration 3640 = 0.00018538229165301345
Training loss on iteration 3660 = 0.0012157858164414392
Training loss on iteration 3680 = 0.0013374171773122613
Training loss on iteration 3700 = 0.017048935831866174
Training loss on iteration 3720 = 0.032878540983938366
Training loss on iteration 3740 = 0.0030383811444153253
Training loss on iteration 3760 = 0.005520867961877229
Training loss on iteration 3780 = 0.0005212509053308167
Training loss on iteration 3800 = 0.00015881812814768636
Training loss on iteration 3820 = 0.001484222885710551
Training loss on iteration 3840 = 0.00012896876316972338
Training loss on iteration 3860 = 0.000131203798309798
Training loss on iteration 3880 = 0.00895208997667396
Training loss on iteration 3900 = 0.0008328600618369819
Training loss on iteration 3920 = 0.006198911480771585
Training loss on iteration 3940 = 0.0036911232670547634
Training loss on iteration 3960 = 0.0010081886610123548
Training loss on iteration 3980 = 0.004545209053679855
Training loss on iteration 4000 = 0.0026700184857702423
Training loss on iteration 4020 = 0.013184653109180999
Training loss on iteration 4040 = 0.07297486447282608
Training loss on iteration 4060 = 0.04987044952722499
Training loss on iteration 4080 = 0.015580445536761545
Training loss on iteration 4100 = 0.0060327579674776645
Training loss on iteration 4120 = 0.0003772557156480616
Training loss on iteration 4140 = 0.002106406194525334
Training loss on iteration 4160 = 0.001972060110892926
Training loss on iteration 4180 = 0.00048222491723208804
Training loss on iteration 4200 = 0.00028639413571909247
Training loss on iteration 4220 = 0.0005092606795642496
Training loss on iteration 4240 = 0.00019328093396779876
Training loss on iteration 4260 = 8.730701583772315e-05
Training loss on iteration 4280 = 0.006374192860585026
Training loss on iteration 4300 = 0.008671678814243933
Training loss on iteration 4320 = 0.007258992924585072
Training loss on iteration 4340 = 0.00028640978111980073
Training loss on iteration 4360 = 0.00030558338435184853
Training loss on iteration 4380 = 0.00024027321564972225
Training loss on iteration 4400 = 0.0024805552137422636
Training loss on iteration 4420 = 0.0021780090077186285
Training loss on iteration 4440 = 0.007097485677104487
Training loss on iteration 4460 = 0.005799146492086038
Training loss on iteration 4480 = 0.00045898413525264915
Training loss on iteration 4500 = 0.028056168619468736
Training loss on iteration 4520 = 0.011963576534026289
Training loss on iteration 4540 = 0.009493408868547704
Training loss on iteration 4560 = 0.004718962147126149
Training loss on iteration 4580 = 0.03014976638423832
Training loss on iteration 4600 = 0.02661937020457117
Training loss on iteration 4620 = 0.019677902184776032
Training loss on iteration 4640 = 0.0014023929368704557
Training loss on iteration 4660 = 0.0020174179546302183
Training loss on iteration 4680 = 0.004523310546210269
Training loss on iteration 4700 = 0.004647429789656599
Training loss on iteration 4720 = 0.0027387393807657644
Training loss on iteration 4740 = 0.0015344227924288135
Training loss on iteration 4760 = 0.00044024420990353976
Training loss on iteration 4780 = 0.013169637176179094
Training loss on iteration 4800 = 0.0031562409975776974
Training loss on iteration 4820 = 0.0027913521224263603
Training loss on iteration 4840 = 0.0009790097898758176
Training loss on iteration 4860 = 0.0017840415895534535
Training loss on iteration 4880 = 0.0018967465896366775
Training loss on iteration 4900 = 0.0008498804309397201
Training loss on iteration 4920 = 0.00012971338296665635
Training loss on iteration 4940 = 9.155364513162567e-05
Training loss on iteration 4960 = 7.15091609066576e-05
Training loss on iteration 4980 = 0.0006650161745938021
Training loss on iteration 5000 = 0.00011980882613329413
Training loss on iteration 5020 = 0.016234625081779086
Training loss on iteration 5040 = 0.010793547011292048
Training loss on iteration 5060 = 0.0037675810560529044
Training loss on iteration 5080 = 0.001434971775699978
Training loss on iteration 5100 = 0.0002015102223310805
Training loss on iteration 5120 = 4.256372351392201e-05
Training loss on iteration 5140 = 0.034936756128149685
Training loss on iteration 5160 = 0.006590087668519118
Training loss on iteration 5180 = 0.0023763300874634296
Training loss on iteration 5200 = 0.004361023862020375
Training loss on iteration 5220 = 0.0016021078483390739
Training loss on iteration 5240 = 0.00415257343288431
Training loss on iteration 5260 = 0.004889557220712959
Training loss on iteration 5280 = 0.0023025981846785727
Training loss on iteration 5300 = 0.0049045995667484025
Training loss on iteration 5320 = 0.00014373992462424212
Training loss on iteration 5340 = 0.017751970030309393
Training loss on iteration 5360 = 0.0002481517980868375
Training loss on iteration 5380 = 0.003979303651885857
Training loss on iteration 5400 = 0.0007025395327332262
Training loss on iteration 5420 = 0.005179699059908671
Training loss on iteration 5440 = 0.022408349184934194
Training loss on iteration 5460 = 0.02087384466713047
Training loss on iteration 5480 = 0.004706693446496502
Training loss on iteration 5500 = 0.0011041569485769286
Training loss on iteration 5520 = 0.0004236617020524136
Training loss on iteration 5540 = 0.00013950749566902232
Training loss on iteration 5560 = 0.0009140606907976689
Training loss on iteration 5580 = 0.00020661338226091175
Training loss on iteration 5600 = 0.009046863095500157
### EVAL:: Epoch 15:: Loss = 0.006199873855002282 :: ACC = 0.998438110113237, AUC = 0.9999748045388728, EER = 0.0015618898867629833
Training on epoch 16
Training loss on iteration 0 = 4.303436980990227e-06
Training loss on iteration 20 = 0.00243917711635504
Training loss on iteration 40 = 0.004650281381645982
Training loss on iteration 60 = 0.00015356541069877494
Training loss on iteration 80 = 0.00014950412000303004
Training loss on iteration 100 = 0.0012209685615744092
Training loss on iteration 120 = 0.01364164596591877
Training loss on iteration 140 = 0.05493799468476936
Training loss on iteration 160 = 0.0024530920461984353
Training loss on iteration 180 = 0.020571984843991233
Training loss on iteration 200 = 0.0021897554524912266
Training loss on iteration 220 = 0.014072523411141447
Training loss on iteration 240 = 0.022937831562012435
Training loss on iteration 260 = 0.008921005613228773
Training loss on iteration 280 = 0.004534431577121722
Training loss on iteration 300 = 0.005979784535884392
Training loss on iteration 320 = 0.02164262274563953
Training loss on iteration 340 = 0.023655085079735728
Training loss on iteration 360 = 0.0077113505994930165
Training loss on iteration 380 = 0.003900551062906743
Training loss on iteration 400 = 0.0009142950415025553
Training loss on iteration 420 = 0.0009543527140522201
Training loss on iteration 440 = 0.002184707148853704
Training loss on iteration 460 = 0.0012997726868889004
Training loss on iteration 480 = 0.00041467288017429384
Training loss on iteration 500 = 0.01747943582981861
Training loss on iteration 520 = 0.024349480077944463
Training loss on iteration 540 = 0.00259395087196026
Training loss on iteration 560 = 0.027229926870495545
Training loss on iteration 580 = 0.009688267571254983
Training loss on iteration 600 = 0.006111549637535063
Training loss on iteration 620 = 0.0006886612391099334
Training loss on iteration 640 = 0.005810748281055567
Training loss on iteration 660 = 0.002868075540982318
Training loss on iteration 680 = 0.02647399798368042
Training loss on iteration 700 = 0.0022052428326787775
Training loss on iteration 720 = 0.0012621757179658744
Training loss on iteration 740 = 0.0008265074175596964
Training loss on iteration 760 = 0.00015190357987648895
Training loss on iteration 780 = 0.03807219390880619
Training loss on iteration 800 = 0.02044564385760168
Training loss on iteration 820 = 0.009441909959787154
Training loss on iteration 840 = 0.0040045213672783575
Training loss on iteration 860 = 0.002101242552816984
Training loss on iteration 880 = 0.002676952823640022
Training loss on iteration 900 = 0.017432730458858715
Training loss on iteration 920 = 0.04480639502144186
Training loss on iteration 940 = 0.016206086231613882
Training loss on iteration 960 = 0.01267118214891525
Training loss on iteration 980 = 0.0008340842750840238
Training loss on iteration 1000 = 0.0018706347049374018
Training loss on iteration 1020 = 0.0015044324295558908
Training loss on iteration 1040 = 0.003886427824227212
Training loss on iteration 1060 = 0.01801231896452009
Training loss on iteration 1080 = 0.0012845874203321727
Training loss on iteration 1100 = 0.005312133546090081
Training loss on iteration 1120 = 0.0023302128914110655
Training loss on iteration 1140 = 0.028569071157835423
Training loss on iteration 1160 = 0.016230017238740402
Training loss on iteration 1180 = 0.0032908931846577618
Training loss on iteration 1200 = 0.007588033934553096
Training loss on iteration 1220 = 0.03947428649798894
Training loss on iteration 1240 = 0.014598057279363275
Training loss on iteration 1260 = 0.004079695820473716
Training loss on iteration 1280 = 0.002497911663886043
Training loss on iteration 1300 = 0.001742725559415703
Training loss on iteration 1320 = 0.003152999144504065
Training loss on iteration 1340 = 0.0015699390278768987
Training loss on iteration 1360 = 0.0018500085698178736
Training loss on iteration 1380 = 0.0020098253771948294
Training loss on iteration 1400 = 0.00025026180330769423
Training loss on iteration 1420 = 0.0056393349968629995
Training loss on iteration 1440 = 0.0064235975237465935
Training loss on iteration 1460 = 0.005690765654168217
Training loss on iteration 1480 = 0.0012780644942949949
Training loss on iteration 1500 = 0.00725510633272961
Training loss on iteration 1520 = 0.0028657321355581187
Training loss on iteration 1540 = 0.002848352166881796
Training loss on iteration 1560 = 0.013999455406002425
Training loss on iteration 1580 = 0.0008188951463409921
Training loss on iteration 1600 = 0.000678084640594534
Training loss on iteration 1620 = 0.01719365005699558
Training loss on iteration 1640 = 0.010292201266008761
Training loss on iteration 1660 = 0.0008579964049545197
Training loss on iteration 1680 = 0.0036570873001437578
Training loss on iteration 1700 = 0.00020846469415687353
Training loss on iteration 1720 = 0.0005272342853743339
Training loss on iteration 1740 = 0.0010345387130428207
Training loss on iteration 1760 = 0.0002980085714057168
Training loss on iteration 1780 = 9.124757740721633e-05
Training loss on iteration 1800 = 0.00010723491330395518
Training loss on iteration 1820 = 0.01685724998446858
Training loss on iteration 1840 = 0.0009449759919220923
Training loss on iteration 1860 = 0.0001088354710503836
Training loss on iteration 1880 = 0.0014644617876029998
Training loss on iteration 1900 = 0.0012881125956766936
Training loss on iteration 1920 = 0.011503430253898017
Training loss on iteration 1940 = 0.006128901939086972
Training loss on iteration 1960 = 0.00013061962498142065
Training loss on iteration 1980 = 0.0007217270521508113
Training loss on iteration 2000 = 0.01238010156232292
Training loss on iteration 2020 = 0.0012324854915618743
Training loss on iteration 2040 = 0.0055549532959361155
Training loss on iteration 2060 = 2.64299219409736e-05
Training loss on iteration 2080 = 0.0014137784360897855
Training loss on iteration 2100 = 0.01349137297852394
Training loss on iteration 2120 = 9.788380550332932e-05
Training loss on iteration 2140 = 0.00035751463734072785
Training loss on iteration 2160 = 0.001165817237675526
Training loss on iteration 2180 = 0.026783078100254442
Training loss on iteration 2200 = 0.04633549839805937
Training loss on iteration 2220 = 0.011208025958876534
Training loss on iteration 2240 = 0.007271753205895948
Training loss on iteration 2260 = 0.0028257458130610757
Training loss on iteration 2280 = 0.0003392847379473096
Training loss on iteration 2300 = 0.051050465643311324
Training loss on iteration 2320 = 0.0014565442415914731
Training loss on iteration 2340 = 0.0016699672858521808
Training loss on iteration 2360 = 0.00040799660491757094
Training loss on iteration 2380 = 0.010199871965596685
Training loss on iteration 2400 = 0.0018607599628012394
Training loss on iteration 2420 = 0.003019592652344727
Training loss on iteration 2440 = 0.008662869544059504
Training loss on iteration 2460 = 0.0017247143762233463
Training loss on iteration 2480 = 0.0031641492002336237
Training loss on iteration 2500 = 0.00030064555444369033
Training loss on iteration 2520 = 0.0032584094514504615
Training loss on iteration 2540 = 0.012555478879437487
Training loss on iteration 2560 = 0.0026933749077670656
Training loss on iteration 2580 = 0.01851520338022965
Training loss on iteration 2600 = 0.00328348485954848
Training loss on iteration 2620 = 0.017547972653846954
Training loss on iteration 2640 = 0.024666598124531446
Training loss on iteration 2660 = 0.033219308611296586
Training loss on iteration 2680 = 0.01536888508417178
Training loss on iteration 2700 = 0.0028305883606662974
Training loss on iteration 2720 = 0.0017795346248021815
Training loss on iteration 2740 = 0.0010726251899541238
Training loss on iteration 2760 = 0.00969740788832496
Training loss on iteration 2780 = 0.004061653235839913
Training loss on iteration 2800 = 0.001546268395577499
Training loss on iteration 2820 = 0.018197157050326495
Training loss on iteration 2840 = 0.0015144214374231523
Training loss on iteration 2860 = 0.009754508828427788
Training loss on iteration 2880 = 0.0004803489946425543
Training loss on iteration 2900 = 0.002946381028618816
Training loss on iteration 2920 = 0.0007142882430798636
Training loss on iteration 2940 = 0.0008435663270574878
Training loss on iteration 2960 = 0.02994381073256136
Training loss on iteration 2980 = 0.020762873481271527
Training loss on iteration 3000 = 0.0017388254880643216
Training loss on iteration 3020 = 0.029196187992238266
Training loss on iteration 3040 = 0.0023771184954966885
Training loss on iteration 3060 = 0.001022410897348891
Training loss on iteration 3080 = 0.0020958761402198435
Training loss on iteration 3100 = 0.00018437760095366685
Training loss on iteration 3120 = 0.00631976682898312
Training loss on iteration 3140 = 0.0013777891473182534
Training loss on iteration 3160 = 0.0005604174252312078
Training loss on iteration 3180 = 0.016165175455171266
Training loss on iteration 3200 = 0.014247162126594048
Training loss on iteration 3220 = 0.0003029807950497343
Training loss on iteration 3240 = 0.0007192013703843259
Training loss on iteration 3260 = 0.001538103403788682
Training loss on iteration 3280 = 0.002549718936415957
Training loss on iteration 3300 = 0.010002369153085056
Training loss on iteration 3320 = 0.0006286190676746628
Training loss on iteration 3340 = 0.011887598299085766
Training loss on iteration 3360 = 0.0004899024320820899
Training loss on iteration 3380 = 0.0016590548743579347
Training loss on iteration 3400 = 0.00037874983938763763
Training loss on iteration 3420 = 0.00042237019138156027
Training loss on iteration 3440 = 0.010514253134920182
Training loss on iteration 3460 = 0.026099347414520933
Training loss on iteration 3480 = 0.014632937392161694
Training loss on iteration 3500 = 0.01010347894662118
Training loss on iteration 3520 = 0.0014132862046608353
Training loss on iteration 3540 = 0.000553663610435251
Training loss on iteration 3560 = 0.00548373852855093
Training loss on iteration 3580 = 0.01350176955218103
Training loss on iteration 3600 = 0.0026565048089878473
Training loss on iteration 3620 = 0.0005991477819179636
Training loss on iteration 3640 = 0.0007224861313034125
Training loss on iteration 3660 = 0.0020488542934572252
Training loss on iteration 3680 = 0.0024604895833704177
Training loss on iteration 3700 = 0.004409131451140524
Training loss on iteration 3720 = 0.00020029846426723453
Training loss on iteration 3740 = 0.0009744002369899363
Training loss on iteration 3760 = 0.0001239946018728233
Training loss on iteration 3780 = 0.007125278217661446
Training loss on iteration 3800 = 0.00040156871588123975
Training loss on iteration 3820 = 0.027697399579767534
Training loss on iteration 3840 = 0.002656756626402057
Training loss on iteration 3860 = 0.0006572215635060275
Training loss on iteration 3880 = 0.003273706731420134
Training loss on iteration 3900 = 0.007943383863357667
Training loss on iteration 3920 = 0.0006416694234530951
Training loss on iteration 3940 = 7.749421998823892e-05
Training loss on iteration 3960 = 0.0008436376556460346
Training loss on iteration 3980 = 0.0006314701273879564
Training loss on iteration 4000 = 0.0006737780762790635
Training loss on iteration 4020 = 0.010201186668322749
Training loss on iteration 4040 = 0.004340461591471012
Training loss on iteration 4060 = 0.0009147053406252326
Training loss on iteration 4080 = 0.001644044790552357
Training loss on iteration 4100 = 0.017770765927471642
Training loss on iteration 4120 = 0.002325249755517689
Training loss on iteration 4140 = 0.0011794008469678374
Training loss on iteration 4160 = 0.0035960175630627587
Training loss on iteration 4180 = 0.001845835570945553
Training loss on iteration 4200 = 0.00422795731313883
Training loss on iteration 4220 = 0.0051501753611185915
Training loss on iteration 4240 = 0.007673715246231438
Training loss on iteration 4260 = 0.0005841222347612529
Training loss on iteration 4280 = 0.03794824594361614
Training loss on iteration 4300 = 0.0012602953806265305
Training loss on iteration 4320 = 0.008108201760342127
Training loss on iteration 4340 = 0.0004679733821149057
Training loss on iteration 4360 = 0.02345366560018647
Training loss on iteration 4380 = 0.02466376394154395
Training loss on iteration 4400 = 0.005660790887486655
Training loss on iteration 4420 = 0.008906862010371696
Training loss on iteration 4440 = 0.00807666796254125
Training loss on iteration 4460 = 0.0010940586156721111
Training loss on iteration 4480 = 0.004225681923981028
Training loss on iteration 4500 = 0.004391445667988591
Training loss on iteration 4520 = 0.004667928987237247
Training loss on iteration 4540 = 0.005721591298629392
Training loss on iteration 4560 = 0.0009587400219970732
Training loss on iteration 4580 = 0.0009941854888893431
Training loss on iteration 4600 = 0.00281561773994099
Training loss on iteration 4620 = 0.0018836957427254219
Training loss on iteration 4640 = 0.009652882255312533
Training loss on iteration 4660 = 0.0025792449968548683
Training loss on iteration 4680 = 0.0015897124878492264
Training loss on iteration 4700 = 0.0008035973148508901
Training loss on iteration 4720 = 0.0007505515687761033
Training loss on iteration 4740 = 0.044224261126764655
Training loss on iteration 4760 = 0.0036241555631065124
Training loss on iteration 4780 = 0.0015869462070440931
Training loss on iteration 4800 = 0.005657675791326255
Training loss on iteration 4820 = 0.031057765129025937
Training loss on iteration 4840 = 0.0017855562402019133
Training loss on iteration 4860 = 0.01679579503347668
Training loss on iteration 4880 = 0.01247972392993688
Training loss on iteration 4900 = 0.02052638816471699
Training loss on iteration 4920 = 0.001995876697674248
Training loss on iteration 4940 = 0.0004722592007965432
Training loss on iteration 4960 = 0.00022792512677369814
Training loss on iteration 4980 = 0.026505847539101523
Training loss on iteration 5000 = 0.002553152731343289
Training loss on iteration 5020 = 0.004067778226817609
Training loss on iteration 5040 = 0.00253560333931091
Training loss on iteration 5060 = 0.0018668054834961368
Training loss on iteration 5080 = 0.011126933646528414
Training loss on iteration 5100 = 0.0019850070545089694
Training loss on iteration 5120 = 0.0051977955496568026
Training loss on iteration 5140 = 0.01139633400407547
Training loss on iteration 5160 = 0.0002188765082962618
Training loss on iteration 5180 = 0.0011026181095758147
Training loss on iteration 5200 = 0.0025819116471666346
Training loss on iteration 5220 = 0.013228875520684368
Training loss on iteration 5240 = 0.007478741894317409
Training loss on iteration 5260 = 0.0033342267768944112
Training loss on iteration 5280 = 0.0001881117425341472
Training loss on iteration 5300 = 0.0004017061650415599
Training loss on iteration 5320 = 0.0006853304588616993
Training loss on iteration 5340 = 0.0026805701953435345
Training loss on iteration 5360 = 0.00099484281944342
Training loss on iteration 5380 = 0.026572500760551065
Training loss on iteration 5400 = 0.0044794360468642935
Training loss on iteration 5420 = 0.03583923930522985
Training loss on iteration 5440 = 0.004048348866240304
Training loss on iteration 5460 = 0.005615287995806284
Training loss on iteration 5480 = 5.225965840054414e-05
Training loss on iteration 5500 = 0.0010193733749474631
Training loss on iteration 5520 = 0.00033923690681376685
Training loss on iteration 5540 = 0.0007070532723787437
Training loss on iteration 5560 = 0.0005695610168913845
Training loss on iteration 5580 = 0.02997439642737163
Training loss on iteration 5600 = 0.00256431124989831
### EVAL:: Epoch 16:: Loss = 0.0024780129127415667 :: ACC = 0.9993166731745412, AUC = 0.9999987230742091, EER = 0.00048809058961343224
Training on epoch 17
Training loss on iteration 0 = 0.00013281626161187887
Training loss on iteration 20 = 0.0005508626664322946
Training loss on iteration 40 = 0.007006352767166391
Training loss on iteration 60 = 0.0020046846657351125
Training loss on iteration 80 = 0.0006624263159324073
Training loss on iteration 100 = 0.0005506654830583102
Training loss on iteration 120 = 0.002376902609557874
Training loss on iteration 140 = 0.001883231248723405
Training loss on iteration 160 = 0.04365165646804599
Training loss on iteration 180 = 0.00984221584712941
Training loss on iteration 200 = 0.008157267119531752
Training loss on iteration 220 = 0.0016477744515214
Training loss on iteration 240 = 0.0009812671581585163
Training loss on iteration 260 = 0.0015174580337543376
Training loss on iteration 280 = 0.00023158617252647674
Training loss on iteration 300 = 0.000742021890283695
Training loss on iteration 320 = 0.0005308225708859027
Training loss on iteration 340 = 0.0032210987170259386
Training loss on iteration 360 = 0.015966051079357158
Training loss on iteration 380 = 0.004932874174505742
Training loss on iteration 400 = 0.006075603727458656
Training loss on iteration 420 = 0.0002612353574932058
Training loss on iteration 440 = 0.0006632024941154669
Training loss on iteration 460 = 0.01717286767020596
Training loss on iteration 480 = 0.016765612195740687
Training loss on iteration 500 = 0.018166887989355018
Training loss on iteration 520 = 0.0068258975341450425
Training loss on iteration 540 = 0.005082485326147435
Training loss on iteration 560 = 0.02104382632587658
Training loss on iteration 580 = 0.0014873213039663824
Training loss on iteration 600 = 0.004678342455440543
Training loss on iteration 620 = 0.00024291495838042466
Training loss on iteration 640 = 0.0028319170489567113
Training loss on iteration 660 = 0.001168322052444637
Training loss on iteration 680 = 0.013438036189859304
Training loss on iteration 700 = 0.007481899893969057
Training loss on iteration 720 = 0.032771249689722025
Training loss on iteration 740 = 0.006120470187033789
Training loss on iteration 760 = 0.0018073619583446998
Training loss on iteration 780 = 0.007766024738157284
Training loss on iteration 800 = 0.0007932789188089373
Training loss on iteration 820 = 0.0006836859452079124
Training loss on iteration 840 = 0.003273690724086009
Training loss on iteration 860 = 0.00038383490316391545
Training loss on iteration 880 = 0.00017662997063609963
Training loss on iteration 900 = 0.0013274418544369838
Training loss on iteration 920 = 0.0014408971780781599
Training loss on iteration 940 = 0.012950542518882457
Training loss on iteration 960 = 0.004995895634252179
Training loss on iteration 980 = 0.008115348761339191
Training loss on iteration 1000 = 0.0024603881569078114
Training loss on iteration 1020 = 0.00015217474390567532
Training loss on iteration 1040 = 0.015329649508095145
Training loss on iteration 1060 = 0.00018219113806026144
Training loss on iteration 1080 = 0.007361955702663181
Training loss on iteration 1100 = 0.010138964905979719
Training loss on iteration 1120 = 0.011825073440331835
Training loss on iteration 1140 = 0.002042112254366657
Training loss on iteration 1160 = 0.0009722451411334987
Training loss on iteration 1180 = 0.0006614715483067357
Training loss on iteration 1200 = 0.0006905886374397596
Training loss on iteration 1220 = 0.001084116400713242
Training loss on iteration 1240 = 0.0005134176206496477
Training loss on iteration 1260 = 0.011587666575846357
Training loss on iteration 1280 = 0.005938693223824032
Training loss on iteration 1300 = 5.767590225502772e-05
Training loss on iteration 1320 = 0.008093131071227333
Training loss on iteration 1340 = 0.0004953774821387924
Training loss on iteration 1360 = 0.0002570721176510915
Training loss on iteration 1380 = 0.004399946605903438
Training loss on iteration 1400 = 0.04413372756076228
Training loss on iteration 1420 = 0.05566947823816122
Training loss on iteration 1440 = 0.015211769018787891
Training loss on iteration 1460 = 0.013922495552833425
Training loss on iteration 1480 = 0.006976430352369789
Training loss on iteration 1500 = 0.0005565386411944928
Training loss on iteration 1520 = 0.0011752218757465015
Training loss on iteration 1540 = 0.0015494336185838619
Training loss on iteration 1560 = 0.00037283533160916706
Training loss on iteration 1580 = 0.024165522624343794
Training loss on iteration 1600 = 0.0012023824720927222
Training loss on iteration 1620 = 0.00496899906283943
Training loss on iteration 1640 = 0.0005456008335386287
Training loss on iteration 1660 = 0.013996746658312987
Training loss on iteration 1680 = 0.009340703800262418
Training loss on iteration 1700 = 0.009182107550122965
Training loss on iteration 1720 = 0.0131498816786916
Training loss on iteration 1740 = 0.007212780323516199
Training loss on iteration 1760 = 0.0111437810372081
Training loss on iteration 1780 = 0.03807174213525286
Training loss on iteration 1800 = 0.0075188661863649035
Training loss on iteration 1820 = 0.020802088019263466
Training loss on iteration 1840 = 0.04312249765462184
Training loss on iteration 1860 = 0.05177575963170966
Training loss on iteration 1880 = 0.03465858188865241
Training loss on iteration 1900 = 0.0031993197966585286
Training loss on iteration 1920 = 0.015416670137710753
Training loss on iteration 1940 = 0.0044724406207024
Training loss on iteration 1960 = 0.004961092407620526
Training loss on iteration 1980 = 0.003727236705344694
Training loss on iteration 2000 = 0.0005829817391258985
Training loss on iteration 2020 = 0.012164848608335888
Training loss on iteration 2040 = 0.0007852350020812083
Training loss on iteration 2060 = 0.00040431098225326425
Training loss on iteration 2080 = 0.019387634801410057
Training loss on iteration 2100 = 0.0032339956827399873
Training loss on iteration 2120 = 0.0007799670599069941
Training loss on iteration 2140 = 0.007471904660383189
Training loss on iteration 2160 = 0.00011549670743988827
Training loss on iteration 2180 = 0.007358999350589102
Training loss on iteration 2200 = 0.035966675431711795
Training loss on iteration 2220 = 0.010181647479112144
Training loss on iteration 2240 = 0.0033613712555961685
Training loss on iteration 2260 = 0.008094661471659492
Training loss on iteration 2280 = 0.002806288290912562
Training loss on iteration 2300 = 0.001170480719446232
Training loss on iteration 2320 = 0.002155856870928119
Training loss on iteration 2340 = 0.006673176545430692
Training loss on iteration 2360 = 0.0009775606530865843
Training loss on iteration 2380 = 3.437562058934418e-05
Training loss on iteration 2400 = 0.0028906424290155996
Training loss on iteration 2420 = 0.01244328969210926
Training loss on iteration 2440 = 0.02020057871196741
Training loss on iteration 2460 = 0.0016325358455446803
Training loss on iteration 2480 = 0.0010786509949070934
Training loss on iteration 2500 = 0.00028749989013476807
Training loss on iteration 2520 = 0.02404241924788266
Training loss on iteration 2540 = 0.00222015494241532
Training loss on iteration 2560 = 0.0026837341789473614
Training loss on iteration 2580 = 0.0010355194500874631
Training loss on iteration 2600 = 0.001166664069842227
Training loss on iteration 2620 = 0.0001342784296781474
Training loss on iteration 2640 = 0.00037164888927492256
Training loss on iteration 2660 = 0.019511968327174146
Training loss on iteration 2680 = 0.008083181781285021
Training loss on iteration 2700 = 0.02791404997911968
Training loss on iteration 2720 = 0.01984904979399289
Training loss on iteration 2740 = 0.018632059060291795
Training loss on iteration 2760 = 0.04021566868450464
Training loss on iteration 2780 = 0.005268637216067873
Training loss on iteration 2800 = 0.0048611358957714405
Training loss on iteration 2820 = 0.0037158888314479553
Training loss on iteration 2840 = 0.009467993320140523
Training loss on iteration 2860 = 0.04089090122033667
Training loss on iteration 2880 = 0.02545374767823887
Training loss on iteration 2900 = 0.009399737332569203
Training loss on iteration 2920 = 0.005214171075203921
Training loss on iteration 2940 = 0.0019125636586977634
Training loss on iteration 2960 = 0.0010777515018162375
Training loss on iteration 2980 = 0.008563803234460465
Training loss on iteration 3000 = 0.002696378626751539
Training loss on iteration 3020 = 0.002049658035241464
Training loss on iteration 3040 = 0.00012004735103801067
Training loss on iteration 3060 = 0.012047131655765497
Training loss on iteration 3080 = 0.015358586043038257
Training loss on iteration 3100 = 0.002726426196477405
Training loss on iteration 3120 = 0.0026591518320628893
Training loss on iteration 3140 = 0.0001428724379366031
Training loss on iteration 3160 = 0.0019948083016402053
Training loss on iteration 3180 = 0.005817008798351253
Training loss on iteration 3200 = 0.007278119662257154
Training loss on iteration 3220 = 0.0023674753840481344
Training loss on iteration 3240 = 0.0006631149606356246
Training loss on iteration 3260 = 0.001320474891136314
Training loss on iteration 3280 = 0.0029634732851809174
Training loss on iteration 3300 = 4.341074806397671e-05
Training loss on iteration 3320 = 0.008270607136056185
Training loss on iteration 3340 = 0.008837402646668125
Training loss on iteration 3360 = 0.008083182039711544
Training loss on iteration 3380 = 0.00013744103935060538
Training loss on iteration 3400 = 0.0073562988778860475
Training loss on iteration 3420 = 0.00012939413042420967
Training loss on iteration 3440 = 0.0003607285338659949
Training loss on iteration 3460 = 0.0015201411361504213
Training loss on iteration 3480 = 8.352712263004491e-05
Training loss on iteration 3500 = 0.03583987770764239
Training loss on iteration 3520 = 0.00022603028661478676
Training loss on iteration 3540 = 0.0027341849408117013
Training loss on iteration 3560 = 0.0038785591148723596
Training loss on iteration 3580 = 0.0075415456483938215
Training loss on iteration 3600 = 0.015657057934839715
Training loss on iteration 3620 = 0.0015443975798916654
Training loss on iteration 3640 = 0.012576435328992375
Training loss on iteration 3660 = 0.0266466929406306
Training loss on iteration 3680 = 0.001084270410501631
Training loss on iteration 3700 = 0.0003405372733823242
Training loss on iteration 3720 = 0.00425509694473476
Training loss on iteration 3740 = 0.027597662982611838
Training loss on iteration 3760 = 0.02005554787067467
Training loss on iteration 3780 = 0.009900255647835365
Training loss on iteration 3800 = 0.0029934451302324307
Training loss on iteration 3820 = 0.001858683948523776
Training loss on iteration 3840 = 0.01037596849787974
Training loss on iteration 3860 = 0.013600615210543765
Training loss on iteration 3880 = 0.00024614690990460987
Training loss on iteration 3900 = 0.00042404152175095077
Training loss on iteration 3920 = 0.0018289489977931339
Training loss on iteration 3940 = 0.014106058643002229
Training loss on iteration 3960 = 0.03224879205652087
Training loss on iteration 3980 = 0.002034742022510727
Training loss on iteration 4000 = 0.0009600807182096105
Training loss on iteration 4020 = 0.00022754949025056704
Training loss on iteration 4040 = 7.257288977484677e-05
Training loss on iteration 4060 = 0.0013600440679056192
Training loss on iteration 4080 = 0.003096214964833166
Training loss on iteration 4100 = 0.0007043241465453321
Training loss on iteration 4120 = 0.024590498491761537
Training loss on iteration 4140 = 0.00031309954772495985
Training loss on iteration 4160 = 0.006988230691126774
Training loss on iteration 4180 = 0.015699107092598297
Training loss on iteration 4200 = 0.005137004955554403
Training loss on iteration 4220 = 0.0037059676508079064
Training loss on iteration 4240 = 0.0001460009033650067
Training loss on iteration 4260 = 0.0030478126029095166
Training loss on iteration 4280 = 0.00041695287796699175
Training loss on iteration 4300 = 0.0006874269392426413
Training loss on iteration 4320 = 0.0008509114467202039
Training loss on iteration 4340 = 0.00012832376236211475
Training loss on iteration 4360 = 0.0002550248775655461
Training loss on iteration 4380 = 0.0012388698101673868
Training loss on iteration 4400 = 1.2683287602044402e-05
Training loss on iteration 4420 = 0.00014871901233242112
Training loss on iteration 4440 = 3.721157975533629e-05
Training loss on iteration 4460 = 0.0005569906399427893
Training loss on iteration 4480 = 0.002532758638843191
Training loss on iteration 4500 = 0.00014329614271773038
Training loss on iteration 4520 = 0.00020188214397336423
Training loss on iteration 4540 = 0.00014251363236041925
Training loss on iteration 4560 = 0.0002564278765811778
Training loss on iteration 4580 = 0.00028125731036627856
Training loss on iteration 4600 = 0.06592309010221982
Training loss on iteration 4620 = 0.024752304568528415
Training loss on iteration 4640 = 0.001508059029947617
Training loss on iteration 4660 = 0.0010337749987229471
Training loss on iteration 4680 = 0.016531129860777583
Training loss on iteration 4700 = 0.006781476344622206
Training loss on iteration 4720 = 0.008110042758744385
Training loss on iteration 4740 = 0.000477323789800721
Training loss on iteration 4760 = 0.0009286925143896952
Training loss on iteration 4780 = 0.001778963203901185
Training loss on iteration 4800 = 0.0003385941688065941
Training loss on iteration 4820 = 0.016208927278296415
Training loss on iteration 4840 = 0.02597958501305584
Training loss on iteration 4860 = 0.016708144067160903
Training loss on iteration 4880 = 0.0023021043191874925
Training loss on iteration 4900 = 0.0073490835093707576
Training loss on iteration 4920 = 0.005468016343365889
Training loss on iteration 4940 = 0.0031087356599527995
Training loss on iteration 4960 = 0.009134274795815144
Training loss on iteration 4980 = 0.0092483248253302
Training loss on iteration 5000 = 0.002420976454322954
Training loss on iteration 5020 = 0.001337245188290126
Training loss on iteration 5040 = 0.0047026282218666894
Training loss on iteration 5060 = 0.02304362062209293
Training loss on iteration 5080 = 0.003613336533817346
Training loss on iteration 5100 = 0.01074516792759823
Training loss on iteration 5120 = 0.01252681223604668
Training loss on iteration 5140 = 0.002524697942385501
Training loss on iteration 5160 = 0.0027213931010464875
Training loss on iteration 5180 = 0.00040112313688496216
Training loss on iteration 5200 = 0.00035855128902539946
Training loss on iteration 5220 = 0.0002652907609359545
Training loss on iteration 5240 = 0.001821486855249077
Training loss on iteration 5260 = 9.357705289403384e-05
Training loss on iteration 5280 = 0.0008792504677501256
Training loss on iteration 5300 = 0.022083050692815222
Training loss on iteration 5320 = 0.010959773530566963
Training loss on iteration 5340 = 0.009822735164607365
Training loss on iteration 5360 = 0.002246583600708618
Training loss on iteration 5380 = 0.0002621774421641021
Training loss on iteration 5400 = 0.005470118680568703
Training loss on iteration 5420 = 0.003556935204255751
Training loss on iteration 5440 = 0.0005381022929668688
Training loss on iteration 5460 = 0.0016783583700089367
Training loss on iteration 5480 = 0.0006812390495724685
Training loss on iteration 5500 = 0.0036374022468976365
Training loss on iteration 5520 = 0.0007720003731378711
Training loss on iteration 5540 = 0.0002820900685946981
Training loss on iteration 5560 = 0.025738962743835712
Training loss on iteration 5580 = 0.03010994364490216
Training loss on iteration 5600 = 0.004878685975336338
### EVAL:: Epoch 17:: Loss = 0.0014184647725663403 :: ACC = 0.9995119094103866, AUC = 0.9999991233046808, EER = 0.0003904724716907458
Training on epoch 18
Training loss on iteration 0 = 2.4556193238822743e-05
Training loss on iteration 20 = 0.0015794689488302538
Training loss on iteration 40 = 0.0005909664281716686
Training loss on iteration 60 = 0.0007766659391222674
Training loss on iteration 80 = 0.01589113330503551
Training loss on iteration 100 = 0.0014965701900564454
Training loss on iteration 120 = 0.002715874456862366
Training loss on iteration 140 = 0.0007284541603326033
Training loss on iteration 160 = 0.0001623891571398417
Training loss on iteration 180 = 0.0019900401526911082
Training loss on iteration 200 = 0.00044816680884594005
Training loss on iteration 220 = 0.00831292086764961
Training loss on iteration 240 = 0.04104565441974728
Training loss on iteration 260 = 0.032356386189712795
Training loss on iteration 280 = 0.0008712937838936341
Training loss on iteration 300 = 0.0008598217058533919
Training loss on iteration 320 = 0.004824225565425877
Training loss on iteration 340 = 0.0006335675450827693
Training loss on iteration 360 = 0.001237854644386971
Training loss on iteration 380 = 0.003947542797027382
Training loss on iteration 400 = 0.0013795115125503799
Training loss on iteration 420 = 0.0012972828377769475
Training loss on iteration 440 = 0.0007196325233053358
Training loss on iteration 460 = 0.0005471320007558233
Training loss on iteration 480 = 0.003017891890044666
Training loss on iteration 500 = 0.0023385087197652864
Training loss on iteration 520 = 0.00013561989144363906
Training loss on iteration 540 = 0.000661615752767375
Training loss on iteration 560 = 0.0020682634245531516
Training loss on iteration 580 = 0.0017738414662829883
Training loss on iteration 600 = 0.0007902763816105107
Training loss on iteration 620 = 0.00011007096192940934
Training loss on iteration 640 = 0.0037547630422370302
Training loss on iteration 660 = 0.0002199939519190508
Training loss on iteration 680 = 0.002450036082848328
Training loss on iteration 700 = 0.00023057698400847927
Training loss on iteration 720 = 4.322994160332882e-06
Training loss on iteration 740 = 1.4829134390126341e-05
Training loss on iteration 760 = 0.00014097330846176703
Training loss on iteration 780 = 0.0005285967757970411
Training loss on iteration 800 = 0.0002840920707384953
Training loss on iteration 820 = 0.00012416426367813926
Training loss on iteration 840 = 2.0266849470118588e-05
Training loss on iteration 860 = 0.002620039314928846
Training loss on iteration 880 = 0.0022583035159762233
Training loss on iteration 900 = 0.00040911518542827705
Training loss on iteration 920 = 0.005716915556684477
Training loss on iteration 940 = 0.012837394001016023
Training loss on iteration 960 = 0.0026542629779690687
Training loss on iteration 980 = 0.0014329166366849222
Training loss on iteration 1000 = 0.0008746681715898319
Training loss on iteration 1020 = 0.0006502880234116049
Training loss on iteration 1040 = 0.0002793945650051199
Training loss on iteration 1060 = 5.605633734138138e-05
Training loss on iteration 1080 = 0.00013342955865596194
Training loss on iteration 1100 = 0.00988228058925884
Training loss on iteration 1120 = 0.022914225197311566
Training loss on iteration 1140 = 0.00706972744098735
Training loss on iteration 1160 = 0.04318135822799718
Training loss on iteration 1180 = 0.005943588321161997
Training loss on iteration 1200 = 0.004718527437285047
Training loss on iteration 1220 = 0.039579101102935964
Training loss on iteration 1240 = 0.01607151972639258
Training loss on iteration 1260 = 0.01168192960876695
Training loss on iteration 1280 = 0.004572285987705982
Training loss on iteration 1300 = 0.008396255120624118
Training loss on iteration 1320 = 0.01047930564800481
Training loss on iteration 1340 = 0.0015002541191734054
Training loss on iteration 1360 = 0.0024021467643251526
Training loss on iteration 1380 = 0.005262714824266368
Training loss on iteration 1400 = 0.007023170940374257
Training loss on iteration 1420 = 0.012843012579855895
Training loss on iteration 1440 = 0.0047523896753318695
Training loss on iteration 1460 = 0.01516507804435605
Training loss on iteration 1480 = 0.004696694141489388
Training loss on iteration 1500 = 0.0004951682791670464
Training loss on iteration 1520 = 0.001332088363915318
Training loss on iteration 1540 = 0.0005054651981708958
Training loss on iteration 1560 = 0.00014329774468251343
Training loss on iteration 1580 = 0.00027674170659679475
Training loss on iteration 1600 = 0.00814135880965523
Training loss on iteration 1620 = 0.011351596609250692
Training loss on iteration 1640 = 0.02860928107579639
Training loss on iteration 1660 = 0.003289663339546678
Training loss on iteration 1680 = 0.0009026990172060323
Training loss on iteration 1700 = 0.006968462765121331
Training loss on iteration 1720 = 0.02246122607230063
Training loss on iteration 1740 = 0.0030242255779739935
Training loss on iteration 1760 = 0.0009406695766301709
Training loss on iteration 1780 = 0.01594411903688524
Training loss on iteration 1800 = 0.010745283703909082
Training loss on iteration 1820 = 0.003322204756477731
Training loss on iteration 1840 = 0.0020559837342261746
Training loss on iteration 1860 = 0.0016012939822758199
Training loss on iteration 1880 = 0.0008973561428319953
Training loss on iteration 1900 = 0.0002391794870618469
Training loss on iteration 1920 = 0.0005618942364208124
Training loss on iteration 1940 = 0.0012513864651282347
Training loss on iteration 1960 = 0.002933922661213728
Training loss on iteration 1980 = 0.0028575566879908364
Training loss on iteration 2000 = 0.003446329618827804
Training loss on iteration 2020 = 0.0014540387642455244
Training loss on iteration 2040 = 0.0006703792418420562
Training loss on iteration 2060 = 0.0004970008017494365
Training loss on iteration 2080 = 0.00035880234905221186
Training loss on iteration 2100 = 0.025679715416856652
Training loss on iteration 2120 = 0.023810195109945198
Training loss on iteration 2140 = 0.009037025520274255
Training loss on iteration 2160 = 0.0113736925629496
Training loss on iteration 2180 = 0.004599937705097546
Training loss on iteration 2200 = 0.0010703289658295033
Training loss on iteration 2220 = 0.003206961717091872
Training loss on iteration 2240 = 0.00998994340397985
Training loss on iteration 2260 = 0.008370984568193763
Training loss on iteration 2280 = 0.022190287311923386
Training loss on iteration 2300 = 0.0036395738323108163
Training loss on iteration 2320 = 0.03433232482417452
Training loss on iteration 2340 = 0.004031481437050388
Training loss on iteration 2360 = 0.0019402886224270332
Training loss on iteration 2380 = 0.002114811200499389
Training loss on iteration 2400 = 0.0007471546584611133
Training loss on iteration 2420 = 0.0002148013444184471
Training loss on iteration 2440 = 0.002756645556019066
Training loss on iteration 2460 = 0.0011900580957217243
Training loss on iteration 2480 = 0.0012153608447988517
Training loss on iteration 2500 = 0.007718410990821667
Training loss on iteration 2520 = 0.0015210428458601656
Training loss on iteration 2540 = 0.006713844631752864
Training loss on iteration 2560 = 0.026786149427221063
Training loss on iteration 2580 = 0.01475777881519207
Training loss on iteration 2600 = 0.002348499158370032
Training loss on iteration 2620 = 0.001968806784361732
Training loss on iteration 2640 = 0.000267578986688477
Training loss on iteration 2660 = 0.0002075587533823864
Training loss on iteration 2680 = 0.0005160068324585154
Training loss on iteration 2700 = 0.0016092802558262064
Training loss on iteration 2720 = 0.0015431189273044765
Training loss on iteration 2740 = 0.013857679795432887
Training loss on iteration 2760 = 0.001981258259434071
Training loss on iteration 2780 = 0.016158882506806548
Training loss on iteration 2800 = 0.005021480504058218
Training loss on iteration 2820 = 0.0010746141657023145
Training loss on iteration 2840 = 0.00923036857437296
Training loss on iteration 2860 = 0.05694776531371417
Training loss on iteration 2880 = 0.001629203619359032
Training loss on iteration 2900 = 0.008660113939913571
Training loss on iteration 2920 = 0.011403581796548679
Training loss on iteration 2940 = 0.005566723273591379
Training loss on iteration 2960 = 0.011994265490739054
Training loss on iteration 2980 = 0.015330793065595571
Training loss on iteration 3000 = 0.005157688559074813
Training loss on iteration 3020 = 0.003996065168666974
Training loss on iteration 3040 = 0.020560331209537708
Training loss on iteration 3060 = 0.0041840853997200615
Training loss on iteration 3080 = 0.002373215291481756
Training loss on iteration 3100 = 0.012839751853539383
Training loss on iteration 3120 = 0.002726426164917939
Training loss on iteration 3140 = 0.0014736306347685967
Training loss on iteration 3160 = 0.001152556185843423
Training loss on iteration 3180 = 0.0006615767882820478
Training loss on iteration 3200 = 0.0028812932665843506
Training loss on iteration 3220 = 0.003957167268626449
Training loss on iteration 3240 = 0.001037178175323561
Training loss on iteration 3260 = 0.00018553806985153188
Training loss on iteration 3280 = 0.00020679687999596296
Training loss on iteration 3300 = 0.011996742461689181
Training loss on iteration 3320 = 0.00676141954649836
Training loss on iteration 3340 = 0.0008127639289654098
Training loss on iteration 3360 = 0.0002715082252876755
Training loss on iteration 3380 = 0.025366038820413904
Training loss on iteration 3400 = 0.0007795740848735022
Training loss on iteration 3420 = 0.0015505651153688404
Training loss on iteration 3440 = 0.028676494125943464
Training loss on iteration 3460 = 0.04254151466898293
Training loss on iteration 3480 = 0.0028031854548316915
Training loss on iteration 3500 = 0.010327813532057917
Training loss on iteration 3520 = 0.007008543278061552
Training loss on iteration 3540 = 0.024166517627054417
Training loss on iteration 3560 = 0.002444653936981922
Training loss on iteration 3580 = 0.024844112612117896
Training loss on iteration 3600 = 0.01808720171757159
Training loss on iteration 3620 = 0.0032478725392138586
Training loss on iteration 3640 = 0.004603992922056932
Training loss on iteration 3660 = 0.02161902949501382
Training loss on iteration 3680 = 0.009593621215753956
Training loss on iteration 3700 = 0.0012028152952552773
Training loss on iteration 3720 = 0.0030086869607657716
Training loss on iteration 3740 = 0.0009802411625969398
Training loss on iteration 3760 = 0.004401657356720534
Training loss on iteration 3780 = 0.026327153147803983
Training loss on iteration 3800 = 0.0017579615536988057
Training loss on iteration 3820 = 0.0006608327054891561
Training loss on iteration 3840 = 0.001910060670616076
Training loss on iteration 3860 = 0.0008025204266232322
Training loss on iteration 3880 = 0.025840985075501522
Training loss on iteration 3900 = 0.016701035588266678
Training loss on iteration 3920 = 0.008734169119270519
Training loss on iteration 3940 = 0.0149992893817398
Training loss on iteration 3960 = 0.0019184134596343938
Training loss on iteration 3980 = 0.00902705287144272
Training loss on iteration 4000 = 0.013929596009620581
Training loss on iteration 4020 = 0.007405740395870453
Training loss on iteration 4040 = 0.012755169475894945
Training loss on iteration 4060 = 0.0023901927284896373
Training loss on iteration 4080 = 0.002395944772160874
Training loss on iteration 4100 = 0.0017069386477487568
Training loss on iteration 4120 = 0.015360833363592974
Training loss on iteration 4140 = 0.005920546318884589
Training loss on iteration 4160 = 0.009600869289988623
Training loss on iteration 4180 = 0.003857106462089632
Training loss on iteration 4200 = 0.005437565446163717
Training loss on iteration 4220 = 0.018677669580210932
Training loss on iteration 4240 = 0.0007376480077709857
Training loss on iteration 4260 = 0.030962386045689527
Training loss on iteration 4280 = 0.00538749463048589
Training loss on iteration 4300 = 0.007756432103815314
Training loss on iteration 4320 = 0.004101543708111421
Training loss on iteration 4340 = 0.0012477477282118344
Training loss on iteration 4360 = 0.0033706791368217637
Training loss on iteration 4380 = 0.007906500125227468
Training loss on iteration 4400 = 0.007439779349853381
Training loss on iteration 4420 = 0.013295268850205844
Training loss on iteration 4440 = 0.015202698447978946
Training loss on iteration 4460 = 0.0003605228596256893
Training loss on iteration 4480 = 0.0030341395647155876
Training loss on iteration 4500 = 3.205998723956327e-05
Training loss on iteration 4520 = 0.0033000653599827958
Training loss on iteration 4540 = 7.818340284018177e-05
Training loss on iteration 4560 = 0.01056371383425585
Training loss on iteration 4580 = 0.00226023760433236
Training loss on iteration 4600 = 0.013674457008278296
Training loss on iteration 4620 = 0.008062818375174174
Training loss on iteration 4640 = 0.008741064396292585
Training loss on iteration 4660 = 0.003520642338833113
Training loss on iteration 4680 = 0.036401839231120905
Training loss on iteration 4700 = 0.001514727683752426
Training loss on iteration 4720 = 0.001821265561011387
Training loss on iteration 4740 = 0.006413389859471863
Training loss on iteration 4760 = 0.007604801073102863
Training loss on iteration 4780 = 0.0005569962242134352
Training loss on iteration 4800 = 0.008382573702829178
Training loss on iteration 4820 = 0.00427973415227143
Training loss on iteration 4840 = 0.0005923667433421542
Training loss on iteration 4860 = 0.011363583728848426
Training loss on iteration 4880 = 0.000856288379804937
Training loss on iteration 4900 = 0.00013978325405332724
Training loss on iteration 4920 = 0.0019460989862068346
Training loss on iteration 4940 = 0.0001794696354295411
Training loss on iteration 4960 = 0.0002036518575039281
Training loss on iteration 4980 = 0.001020989506184833
Training loss on iteration 5000 = 0.0014776389436406134
Training loss on iteration 5020 = 0.0001291927784542679
Training loss on iteration 5040 = 0.002515531519270553
Training loss on iteration 5060 = 0.00039827134994538935
Training loss on iteration 5080 = 0.034123669163579964
Training loss on iteration 5100 = 0.019835407004666194
Training loss on iteration 5120 = 0.001055052419360436
Training loss on iteration 5140 = 0.0007797173955623293
Training loss on iteration 5160 = 0.017714781194308672
Training loss on iteration 5180 = 0.026282128951788764
Training loss on iteration 5200 = 0.0003470992058282718
Training loss on iteration 5220 = 0.0007441794954502256
Training loss on iteration 5240 = 0.0006899287913256557
Training loss on iteration 5260 = 0.001195706123871787
Training loss on iteration 5280 = 0.004694731493373183
Training loss on iteration 5300 = 0.0006503522384264215
Training loss on iteration 5320 = 0.005033938139717975
Training loss on iteration 5340 = 0.00013215476747063803
Training loss on iteration 5360 = 0.0008781721961327093
Training loss on iteration 5380 = 0.0005355199801783783
Training loss on iteration 5400 = 0.022024952322499302
Training loss on iteration 5420 = 0.001960030445798111
Training loss on iteration 5440 = 0.0011230605718537845
Training loss on iteration 5460 = 0.0047393099298005835
Training loss on iteration 5480 = 0.0007487113120987487
Training loss on iteration 5500 = 0.00924484203439988
Training loss on iteration 5520 = 0.0001665142305569134
Training loss on iteration 5540 = 0.0007584056104178672
Training loss on iteration 5560 = 0.0009789153805968454
Training loss on iteration 5580 = 0.005986995746809498
Training loss on iteration 5600 = 0.0017633372174714168
### EVAL:: Epoch 18:: Loss = 0.0006957518452984649 :: ACC = 0.9999023818820774, AUC = 0.9999997712968733, EER = 0.0
Training on epoch 19
Training loss on iteration 0 = 4.365767017588951e-05
Training loss on iteration 20 = 0.00017369292313844652
Training loss on iteration 40 = 0.0009204902614811771
Training loss on iteration 60 = 6.477975759366927e-06
Training loss on iteration 80 = 0.0004576203119455613
Training loss on iteration 100 = 5.772956940575114e-06
Training loss on iteration 120 = 0.0005286765571071328
Training loss on iteration 140 = 1.945799901079681e-05
Training loss on iteration 160 = 0.011068458097810919
Training loss on iteration 180 = 0.003422270898226998
Training loss on iteration 200 = 0.0019633521082226936
Training loss on iteration 220 = 0.014777092574196616
Training loss on iteration 240 = 0.03023957925271361
Training loss on iteration 260 = 0.00019264606253273088
Training loss on iteration 280 = 0.0025870767849028196
Training loss on iteration 300 = 0.0027665625898407598
Training loss on iteration 320 = 0.0005479344823640986
Training loss on iteration 340 = 0.0005586291273630195
Training loss on iteration 360 = 0.019227902785758033
Training loss on iteration 380 = 0.00016012188320928543
Training loss on iteration 400 = 0.026608359987540096
Training loss on iteration 420 = 0.0034266108148585774
Training loss on iteration 440 = 0.0042894348320260175
Training loss on iteration 460 = 0.02060701007849275
Training loss on iteration 480 = 0.002552418998129724
Training loss on iteration 500 = 0.004168782943850147
Training loss on iteration 520 = 0.020998006007130244
Training loss on iteration 540 = 0.012518633303261594
Training loss on iteration 560 = 0.0003959710831622942
Training loss on iteration 580 = 0.009566477015459896
Training loss on iteration 600 = 0.0037376628399215404
Training loss on iteration 620 = 0.012055264841183088
Training loss on iteration 640 = 0.0014356950395267632
Training loss on iteration 660 = 0.00548927819745586
Training loss on iteration 680 = 0.003028657570166615
Training loss on iteration 700 = 0.0005795920174591629
Training loss on iteration 720 = 0.0016153580066998075
Training loss on iteration 740 = 0.00017812419689562377
Training loss on iteration 760 = 0.0006044000487349877
Training loss on iteration 780 = 6.431048011563689e-05
Training loss on iteration 800 = 8.543784746279925e-05
Training loss on iteration 820 = 0.0013338918118847686
Training loss on iteration 840 = 0.00016039549208528568
Training loss on iteration 860 = 0.0005065028867761612
Training loss on iteration 880 = 0.00012081663762160133
Training loss on iteration 900 = 0.0006987293507478398
Training loss on iteration 920 = 0.00015987265919648053
Training loss on iteration 940 = 3.7326604130072385e-05
Training loss on iteration 960 = 0.0072960651461670524
Training loss on iteration 980 = 0.004837268793188798
Training loss on iteration 1000 = 0.00018200459127939438
Training loss on iteration 1020 = 0.00021201903887799745
Training loss on iteration 1040 = 3.9933424731231074e-05
Training loss on iteration 1060 = 0.00026110404533028484
Training loss on iteration 1080 = 0.00010406136442071556
Training loss on iteration 1100 = 0.0029123752213770617
Training loss on iteration 1120 = 0.00016036347021497477
Training loss on iteration 1140 = 0.025205076497556433
Training loss on iteration 1160 = 0.03334195669795008
Training loss on iteration 1180 = 0.030157288155169226
Training loss on iteration 1200 = 0.0048576984649116636
Training loss on iteration 1220 = 0.007928131595144805
Training loss on iteration 1240 = 0.0054653362434692095
Training loss on iteration 1260 = 0.0033570806379429998
Training loss on iteration 1280 = 0.01186703629261956
Training loss on iteration 1300 = 0.0001314515150738771
Training loss on iteration 1320 = 0.00022695066786582174
Training loss on iteration 1340 = 0.003909087593638105
Training loss on iteration 1360 = 0.0003920317342817725
Training loss on iteration 1380 = 0.0006789897458617134
Training loss on iteration 1400 = 0.0006776038938141937
Training loss on iteration 1420 = 0.00029949305868512963
Training loss on iteration 1440 = 0.0010845559440326724
Training loss on iteration 1460 = 0.027599485835244762
Training loss on iteration 1480 = 0.024706845008978462
Training loss on iteration 1500 = 0.011147401222478948
Training loss on iteration 1520 = 0.0011818145292636472
Training loss on iteration 1540 = 0.016752977196574648
Training loss on iteration 1560 = 0.01718590480622879
Training loss on iteration 1580 = 0.001508602548346971
Training loss on iteration 1600 = 0.0032471303978582
Training loss on iteration 1620 = 0.009548751995748717
Training loss on iteration 1640 = 0.00040593467629150836
Training loss on iteration 1660 = 0.011532145102137292
Training loss on iteration 1680 = 0.0043091766030102
Training loss on iteration 1700 = 0.0005900286195128501
Training loss on iteration 1720 = 0.0003226803149345869
Training loss on iteration 1740 = 7.540295957824128e-05
Training loss on iteration 1760 = 0.020115795570291084
Training loss on iteration 1780 = 0.016444360540413074
Training loss on iteration 1800 = 0.01322019271224235
Training loss on iteration 1820 = 0.0018544405528700737
Training loss on iteration 1840 = 0.0004273086857438102
Training loss on iteration 1860 = 0.023725212422368712
Training loss on iteration 1880 = 0.014411809357079619
Training loss on iteration 1900 = 0.014709814333309623
Training loss on iteration 1920 = 0.0034406964452955435
Training loss on iteration 1940 = 0.008508377714315429
Training loss on iteration 1960 = 0.006933006655481222
Training loss on iteration 1980 = 0.0020285072241449597
Training loss on iteration 2000 = 0.001785521172132576
Training loss on iteration 2020 = 0.0008433748154175191
Training loss on iteration 2040 = 0.009077439297732326
Training loss on iteration 2060 = 0.0025870109093546036
Training loss on iteration 2080 = 0.008662206482020452
Training loss on iteration 2100 = 0.0007617527630657151
Training loss on iteration 2120 = 0.0036836205053162987
Training loss on iteration 2140 = 0.0032894150398874444
Training loss on iteration 2160 = 0.033062500977324306
Training loss on iteration 2180 = 0.007529183676962248
Training loss on iteration 2200 = 0.024983262602177092
Training loss on iteration 2220 = 0.010110014205929474
Training loss on iteration 2240 = 0.032045699032278205
Training loss on iteration 2260 = 0.0043154891092854085
Training loss on iteration 2280 = 0.030356399517586397
Training loss on iteration 2300 = 0.004038066113571404
Training loss on iteration 2320 = 0.009074161149328575
Training loss on iteration 2340 = 0.002412660000481992
Training loss on iteration 2360 = 0.0036220387457433388
Training loss on iteration 2380 = 0.012400405566086192
Training loss on iteration 2400 = 0.0009653237672864635
Training loss on iteration 2420 = 0.0005623351898066175
Training loss on iteration 2440 = 0.004494309282608811
Training loss on iteration 2460 = 0.0012861594466357928
Training loss on iteration 2480 = 0.001358310409011665
Training loss on iteration 2500 = 0.00039094525327243446
Training loss on iteration 2520 = 0.00016123476606821896
Training loss on iteration 2540 = 0.0023012638993890277
Training loss on iteration 2560 = 0.015158681712048861
Training loss on iteration 2580 = 0.0039178237595479
Training loss on iteration 2600 = 0.0017088977538037397
Training loss on iteration 2620 = 0.0012736664504814144
Training loss on iteration 2640 = 0.0002410911880133426
Training loss on iteration 2660 = 0.00010347991291723702
Training loss on iteration 2680 = 0.0003293581749176155
Training loss on iteration 2700 = 0.0008140524183090747
Training loss on iteration 2720 = 9.899254775689315e-05
Training loss on iteration 2740 = 0.0019335881952628141
Training loss on iteration 2760 = 0.0002646132468669293
Training loss on iteration 2780 = 0.0002734885254199071
Training loss on iteration 2800 = 0.010744604641459432
Training loss on iteration 2820 = 0.0007581624783810526
Training loss on iteration 2840 = 0.00030231676038567913
Training loss on iteration 2860 = 0.0054226370137101295
Training loss on iteration 2880 = 0.013587353066471053
Training loss on iteration 2900 = 0.0033922783650950803
Training loss on iteration 2920 = 0.0001797185182397243
Training loss on iteration 2940 = 0.002084659558471458
Training loss on iteration 2960 = 0.00048790763868851174
Training loss on iteration 2980 = 0.0012424296756819331
Training loss on iteration 3000 = 0.00016677419287418614
Training loss on iteration 3020 = 0.0006646181004612117
Training loss on iteration 3040 = 0.0001546932278472468
Training loss on iteration 3060 = 0.00031268225038942886
Training loss on iteration 3080 = 0.012196251700498806
Training loss on iteration 3100 = 0.0043119347957429
Training loss on iteration 3120 = 0.001475558135749111
Training loss on iteration 3140 = 0.0010993699197285878
Training loss on iteration 3160 = 0.0025968737923108163
Training loss on iteration 3180 = 0.04211063365817438
Training loss on iteration 3200 = 0.0027398053694923873
Training loss on iteration 3220 = 0.014753852020658088
Training loss on iteration 3240 = 0.0030193128404789604
Training loss on iteration 3260 = 0.0058006171133456515
Training loss on iteration 3280 = 0.0008674880247781403
Training loss on iteration 3300 = 0.001887937783999405
Training loss on iteration 3320 = 0.0008811710832105745
Training loss on iteration 3340 = 6.25960384624591e-05
Training loss on iteration 3360 = 5.428641721891836e-05
Training loss on iteration 3380 = 0.003574078887798748
Training loss on iteration 3400 = 0.00943812132701396
Training loss on iteration 3420 = 0.029842325804202118
Training loss on iteration 3440 = 0.009973314719445625
Training loss on iteration 3460 = 0.005441247167436813
Training loss on iteration 3480 = 0.006859299601291014
Training loss on iteration 3500 = 0.002730825193459907
Training loss on iteration 3520 = 0.020984911043103693
Training loss on iteration 3540 = 0.0007233814825212903
Training loss on iteration 3560 = 0.001119981482042931
Training loss on iteration 3580 = 0.00026014298401833
Training loss on iteration 3600 = 0.004590565892971199
Training loss on iteration 3620 = 3.870911790215814e-05
Training loss on iteration 3640 = 4.1537437618899274e-05
Training loss on iteration 3660 = 0.0019407784827194519
Training loss on iteration 3680 = 0.00022927312576754845
Training loss on iteration 3700 = 6.967158609931801e-05
Training loss on iteration 3720 = 0.027393275286647166
Training loss on iteration 3740 = 0.02716090238391189
Training loss on iteration 3760 = 0.005914702813242911
Training loss on iteration 3780 = 0.0019506715838360834
Training loss on iteration 3800 = 0.002262158044868556
Training loss on iteration 3820 = 0.0024169690193048153
Training loss on iteration 3840 = 0.00044220757397397394
Training loss on iteration 3860 = 0.0004988868664099755
Training loss on iteration 3880 = 0.00012031073989646757
Training loss on iteration 3900 = 0.00015392538723517645
Training loss on iteration 3920 = 0.013060832526707599
Training loss on iteration 3940 = 0.006096384327224769
Training loss on iteration 3960 = 0.00011719155834271078
Training loss on iteration 3980 = 0.013041738503054035
Training loss on iteration 4000 = 0.0008812617754301755
Training loss on iteration 4020 = 0.006436673032658291
Training loss on iteration 4040 = 0.0036125330458844475
Training loss on iteration 4060 = 0.010988054778027844
Training loss on iteration 4080 = 0.004239096445706992
Training loss on iteration 4100 = 0.004007699347965854
Training loss on iteration 4120 = 0.0030237716438477947
Training loss on iteration 4140 = 4.95312327927877e-05
Training loss on iteration 4160 = 0.002087637214921756
Training loss on iteration 4180 = 0.00011692716521167767
Training loss on iteration 4200 = 0.0007545581335648421
Training loss on iteration 4220 = 0.002209987831004412
Training loss on iteration 4240 = 0.0005020991953092136
Training loss on iteration 4260 = 0.0009983487536281642
Training loss on iteration 4280 = 1.9425845147225117e-05
Training loss on iteration 4300 = 0.004137586161313678
Training loss on iteration 4320 = 2.0952527978579383e-05
Training loss on iteration 4340 = 0.010088549774673439
Training loss on iteration 4360 = 0.006561615626299399
Training loss on iteration 4380 = 4.149808630344864e-05
Training loss on iteration 4400 = 0.04768519600388075
Training loss on iteration 4420 = 0.0010046085752833279
Training loss on iteration 4440 = 0.005729317647910648
Training loss on iteration 4460 = 0.0016127648064866661
Training loss on iteration 4480 = 0.007004338932301834
Training loss on iteration 4500 = 0.0006346090834995266
Training loss on iteration 4520 = 0.00042084582123607105
Training loss on iteration 4540 = 0.0012664284848256102
Training loss on iteration 4560 = 0.01109778003080919
Training loss on iteration 4580 = 0.024577687019063887
Training loss on iteration 4600 = 0.0013841100002537133
Training loss on iteration 4620 = 0.0010412049641672638
Training loss on iteration 4640 = 0.009495413517333873
Training loss on iteration 4660 = 0.0006654538263774157
Training loss on iteration 4680 = 0.0021721683383475465
Training loss on iteration 4700 = 0.025799699489562046
Training loss on iteration 4720 = 0.0014759040672288394
Training loss on iteration 4740 = 0.0028377781323797534
Training loss on iteration 4760 = 0.02348831727522338
Training loss on iteration 4780 = 0.009849086856411305
Training loss on iteration 4800 = 0.0006500829695141874
Training loss on iteration 4820 = 0.0006895933348459949
Training loss on iteration 4840 = 0.0017303475384210288
Training loss on iteration 4860 = 0.0006043341224994947
Training loss on iteration 4880 = 0.016178155833307527
Training loss on iteration 4900 = 0.00189674074784989
Training loss on iteration 4920 = 0.0008477864387714362
Training loss on iteration 4940 = 0.001181226247297218
Training loss on iteration 4960 = 0.037503044390189186
Training loss on iteration 4980 = 0.0002024625489866594
Training loss on iteration 5000 = 0.011911396333471203
Training loss on iteration 5020 = 0.001460323991432233
Training loss on iteration 5040 = 0.002302569094581486
Training loss on iteration 5060 = 0.0010391378400527174
Training loss on iteration 5080 = 0.005666747224859136
Training loss on iteration 5100 = 0.006178680848870499
Training loss on iteration 5120 = 0.0015739049647436332
Training loss on iteration 5140 = 0.008154976990022078
Training loss on iteration 5160 = 0.0008424250103416852
Training loss on iteration 5180 = 0.03328191081518526
Training loss on iteration 5200 = 0.0020926648965541974
Training loss on iteration 5220 = 0.004663828218872368
Training loss on iteration 5240 = 0.0013445217310618317
Training loss on iteration 5260 = 0.006326165783593751
Training loss on iteration 5280 = 0.0053351022471815664
Training loss on iteration 5300 = 0.004272779052712394
Training loss on iteration 5320 = 0.0011135857523413505
Training loss on iteration 5340 = 0.0023419197068506037
Training loss on iteration 5360 = 0.00012352356611700088
Training loss on iteration 5380 = 0.0022777375537884836
Training loss on iteration 5400 = 0.009746275592495125
Training loss on iteration 5420 = 0.006806061689019316
Training loss on iteration 5440 = 0.034525981973160924
Training loss on iteration 5460 = 0.0034500812220358058
Training loss on iteration 5480 = 0.0021803691745844846
Training loss on iteration 5500 = 0.0036730097925328662
Training loss on iteration 5520 = 0.0013279584576139313
Training loss on iteration 5540 = 0.003803954593911385
Training loss on iteration 5560 = 0.000361394095864398
Training loss on iteration 5580 = 0.0032093962402768737
Training loss on iteration 5600 = 0.001089466540236117
### EVAL:: Epoch 19:: Loss = 0.0008577767594045986 :: ACC = 0.9996583365872705, AUC = 0.9999997808261702, EER = 0.0001952362358453729
Training on epoch 20
Training loss on iteration 0 = 1.2111273463233374e-05
Training loss on iteration 20 = 0.00039022432529520754
Training loss on iteration 40 = 0.0010234546652554855
Training loss on iteration 60 = 0.000822996919228558
Training loss on iteration 80 = 0.002381947645545779
Training loss on iteration 100 = 0.03209342924444343
Training loss on iteration 120 = 0.0040236426686306006
Training loss on iteration 140 = 0.0031814301725034966
Training loss on iteration 160 = 0.00447739072112654
Training loss on iteration 180 = 0.016983971110767014
Training loss on iteration 200 = 0.001324531422369546
Training loss on iteration 220 = 0.001889206025225576
Training loss on iteration 240 = 0.004651787606621838
Training loss on iteration 260 = 0.001536216168778992
Training loss on iteration 280 = 0.005637106414252457
Training loss on iteration 300 = 0.0004216025921479627
Training loss on iteration 320 = 0.0021870543709866298
Training loss on iteration 340 = 0.00041705851728579546
Training loss on iteration 360 = 7.336288865644747e-05
Training loss on iteration 380 = 0.0004487282403921711
Training loss on iteration 400 = 0.0005461692936989948
Training loss on iteration 420 = 8.306754934634952e-05
Training loss on iteration 440 = 0.023879335420852854
Training loss on iteration 460 = 0.00838508829016007
Training loss on iteration 480 = 0.004065337854081008
Training loss on iteration 500 = 0.00017937501020242052
Training loss on iteration 520 = 0.0003126853331650636
Training loss on iteration 540 = 0.011665394023361841
Training loss on iteration 560 = 0.0007892095041370339
Training loss on iteration 580 = 0.017177339497266075
Training loss on iteration 600 = 0.001606758204820835
Training loss on iteration 620 = 0.0003535046835850153
Training loss on iteration 640 = 0.028503211998713595
Training loss on iteration 660 = 0.0009899802846575767
Training loss on iteration 680 = 0.01285601446434157
Training loss on iteration 700 = 0.00040674241090528086
Training loss on iteration 720 = 0.0013430749386316165
Training loss on iteration 740 = 0.007020140285385423
Training loss on iteration 760 = 0.0032687656235339093
Training loss on iteration 780 = 0.008935105738396487
Training loss on iteration 800 = 0.00243434034874781
Training loss on iteration 820 = 0.0003370362928535542
Training loss on iteration 840 = 0.011943435289038008
Training loss on iteration 860 = 0.005468520280646772
Training loss on iteration 880 = 0.0004270125935136093
Training loss on iteration 900 = 0.021067438119638383
Training loss on iteration 920 = 0.00039416678332599987
Training loss on iteration 940 = 0.0015003008878011314
Training loss on iteration 960 = 0.00013725283595249492
Training loss on iteration 980 = 0.003841220284823521
Training loss on iteration 1000 = 0.003685291132387647
Training loss on iteration 1020 = 0.0002749055035337733
Training loss on iteration 1040 = 9.746944329833696e-05
Training loss on iteration 1060 = 0.0011407836889873123
Training loss on iteration 1080 = 0.00041715572226053155
Training loss on iteration 1100 = 0.0002391889063105168
Training loss on iteration 1120 = 0.0004619188131215424
Training loss on iteration 1140 = 0.00021691419176903537
Training loss on iteration 1160 = 7.192057086342629e-05
Training loss on iteration 1180 = 0.0013745707195667479
Training loss on iteration 1200 = 0.000270808067645234
Training loss on iteration 1220 = 9.607333613956826e-05
Training loss on iteration 1240 = 0.043467114320164056
Training loss on iteration 1260 = 0.011009296297197579
Training loss on iteration 1280 = 0.0016535724168534216
Training loss on iteration 1300 = 0.0036926711395153687
Training loss on iteration 1320 = 5.138107469520037e-05
Training loss on iteration 1340 = 0.006735051971782013
Training loss on iteration 1360 = 0.017970895362304874
Training loss on iteration 1380 = 0.0003352913695835014
Training loss on iteration 1400 = 0.0032313142263774353
Training loss on iteration 1420 = 0.00720850174793668
Training loss on iteration 1440 = 0.006926763796400337
Training loss on iteration 1460 = 0.004091124561784909
Training loss on iteration 1480 = 0.029101028195236724
Training loss on iteration 1500 = 0.0009559953356074402
Training loss on iteration 1520 = 0.0011070627236222208
Training loss on iteration 1540 = 0.0011206748068616434
Training loss on iteration 1560 = 0.0017838664673945459
Training loss on iteration 1580 = 0.00011017753013220499
Training loss on iteration 1600 = 0.0007639544225014561
Training loss on iteration 1620 = 0.00015423325928622944
Training loss on iteration 1640 = 0.0016976368261083508
Training loss on iteration 1660 = 6.966495857341215e-05
Training loss on iteration 1680 = 0.009739454134398784
Training loss on iteration 1700 = 0.023912457557116795
Training loss on iteration 1720 = 0.014463521721245343
Training loss on iteration 1740 = 0.0006054212508388446
Training loss on iteration 1760 = 0.0006919219301607882
Training loss on iteration 1780 = 0.001730979134390509
Training loss on iteration 1800 = 0.004041842655317396
Training loss on iteration 1820 = 0.03546973734778476
Training loss on iteration 1840 = 0.009458859265578212
Training loss on iteration 1860 = 0.001926375287303017
Training loss on iteration 1880 = 0.011449621156089052
Training loss on iteration 1900 = 0.0167859353618951
Training loss on iteration 1920 = 0.004596983986948544
Training loss on iteration 1940 = 0.0011285038959158555
Training loss on iteration 1960 = 0.0001626159989655207
Training loss on iteration 1980 = 0.00010726418701096918
Training loss on iteration 2000 = 0.0033928793623090314
Training loss on iteration 2020 = 0.00032042352042367385
Training loss on iteration 2040 = 0.03783910691890924
Training loss on iteration 2060 = 0.005829816267487331
Training loss on iteration 2080 = 0.0010543871921072424
Training loss on iteration 2100 = 0.00678343445072187
Training loss on iteration 2120 = 0.0014259836055316554
Training loss on iteration 2140 = 0.007025581169364159
Training loss on iteration 2160 = 0.022139306449616925
Training loss on iteration 2180 = 0.00047906734134812724
Training loss on iteration 2200 = 0.00048319003143433293
Training loss on iteration 2220 = 0.0035088342977815045
Training loss on iteration 2240 = 0.0006340187972682543
Training loss on iteration 2260 = 0.0006929681664473719
Training loss on iteration 2280 = 0.0003580954351264154
Training loss on iteration 2300 = 0.00033631550296604474
Training loss on iteration 2320 = 0.012918239379905572
Training loss on iteration 2340 = 0.0012476920451035766
Training loss on iteration 2360 = 0.0011648118673065256
Training loss on iteration 2380 = 0.00044425046866081175
Training loss on iteration 2400 = 0.0016712617806945219
Training loss on iteration 2420 = 0.0031989109422909225
Training loss on iteration 2440 = 0.0003134378857481579
Training loss on iteration 2460 = 0.0029541518982114214
Training loss on iteration 2480 = 0.0008903438663850239
Training loss on iteration 2500 = 0.0006578107106378183
Training loss on iteration 2520 = 0.00045755311262496434
Training loss on iteration 2540 = 9.31894316597237e-05
Training loss on iteration 2560 = 2.5492358903989044e-05
Training loss on iteration 2580 = 9.705336856988823e-05
Training loss on iteration 2600 = 0.00020475208158501345
Training loss on iteration 2620 = 1.4664430182165233e-05
Training loss on iteration 2640 = 0.0014292528765551538
Training loss on iteration 2660 = 5.2447837567015657e-05
Training loss on iteration 2680 = 0.0017328195774069855
Training loss on iteration 2700 = 2.4396556820960313e-05
Training loss on iteration 2720 = 8.005953788625674e-06
Training loss on iteration 2740 = 0.010284680232167887
Training loss on iteration 2760 = 0.003110308928198435
Training loss on iteration 2780 = 5.445959414629442e-05
Training loss on iteration 2800 = 0.010851360635597019
Training loss on iteration 2820 = 0.005325918383443451
Training loss on iteration 2840 = 0.00012471696869624792
Training loss on iteration 2860 = 0.0011708637568098369
Training loss on iteration 2880 = 0.0024937812652019884
Training loss on iteration 2900 = 0.00409360610008278
Training loss on iteration 2920 = 4.0299040806246465e-05
Training loss on iteration 2940 = 0.007647269353781105
Training loss on iteration 2960 = 0.03070589442617546
Training loss on iteration 2980 = 0.003078837629732334
Training loss on iteration 3000 = 8.379587462741256e-05
Training loss on iteration 3020 = 0.006319242699487404
Training loss on iteration 3040 = 0.019438719770141687
Training loss on iteration 3060 = 0.0009871548213595815
Training loss on iteration 3080 = 0.035666398180455874
Training loss on iteration 3100 = 0.0009198217906487116
Training loss on iteration 3120 = 0.010547679951923784
Training loss on iteration 3140 = 0.01085207916876243
Training loss on iteration 3160 = 0.0177313840302304
Training loss on iteration 3180 = 0.009071266185492277
Training loss on iteration 3200 = 0.016580423256891665
Training loss on iteration 3220 = 0.019282878890589928
Training loss on iteration 3240 = 0.019810676159795548
Training loss on iteration 3260 = 0.003622775641269982
Training loss on iteration 3280 = 0.007201709263244993
Training loss on iteration 3300 = 0.02501251969479199
Training loss on iteration 3320 = 0.01304067416676844
Training loss on iteration 3340 = 0.02446402271016268
Training loss on iteration 3360 = 0.004348091172869317
Training loss on iteration 3380 = 0.0009859855363174574
Training loss on iteration 3400 = 0.0008265581278465106
Training loss on iteration 3420 = 0.0050149107362813085
Training loss on iteration 3440 = 0.0028290599149841
Training loss on iteration 3460 = 0.0001504266550000466
Training loss on iteration 3480 = 0.0010559094648669998
Training loss on iteration 3500 = 0.0005612434653812671
Training loss on iteration 3520 = 0.002411368012735693
Training loss on iteration 3540 = 0.001389879832800034
Training loss on iteration 3560 = 0.00016432047930265982
Training loss on iteration 3580 = 0.0012197996026202418
Training loss on iteration 3600 = 0.03339718214656386
Training loss on iteration 3620 = 0.0009635585106479994
Training loss on iteration 3640 = 0.0017991150106354326
Training loss on iteration 3660 = 0.012079147308622851
Training loss on iteration 3680 = 0.0012394469866194413
Training loss on iteration 3700 = 0.00062128960089467
Training loss on iteration 3720 = 0.007069300240800658
Training loss on iteration 3740 = 0.008611850427450917
Training loss on iteration 3760 = 0.00021676138503607946
Training loss on iteration 3780 = 0.00041659175583390605
Training loss on iteration 3800 = 0.0004854845372392447
Training loss on iteration 3820 = 0.001681116322095022
Training loss on iteration 3840 = 0.00028434965288397506
Training loss on iteration 3860 = 0.0006618124735496167
Training loss on iteration 3880 = 0.0002951861611336426
Training loss on iteration 3900 = 4.830971635669812e-05
Training loss on iteration 3920 = 2.234725540120053e-05
Training loss on iteration 3940 = 0.0011370287753976528
Training loss on iteration 3960 = 5.326088004835583e-05
Training loss on iteration 3980 = 0.00017445729680503063
Training loss on iteration 4000 = 0.024502685986675488
Training loss on iteration 4020 = 0.011351119975074653
Training loss on iteration 4040 = 0.0005248558250059432
Training loss on iteration 4060 = 0.008544408275247406
Training loss on iteration 4080 = 0.003646959240950309
Training loss on iteration 4100 = 0.001413905387471459
Training loss on iteration 4120 = 0.011486855480097802
Training loss on iteration 4140 = 0.005947857723367633
Training loss on iteration 4160 = 0.010065337545120201
Training loss on iteration 4180 = 0.012197502398885262
Training loss on iteration 4200 = 0.00037872443722335446
Training loss on iteration 4220 = 0.005893740178862572
Training loss on iteration 4240 = 0.0007616293463115654
Training loss on iteration 4260 = 0.0013009876539399555
Training loss on iteration 4280 = 0.0003759869778605207
Training loss on iteration 4300 = 0.005738242671293392
Training loss on iteration 4320 = 0.0007127773408569738
Training loss on iteration 4340 = 0.0036802116036369625
Training loss on iteration 4360 = 0.003081148730007044
Training loss on iteration 4380 = 0.025732289404544417
Training loss on iteration 4400 = 0.0004886159234615661
Training loss on iteration 4420 = 0.0009756658047479049
Training loss on iteration 4440 = 0.0010737259702921164
Training loss on iteration 4460 = 0.0007767975258786919
Training loss on iteration 4480 = 0.008267229176260571
Training loss on iteration 4500 = 0.05258240694656706
Training loss on iteration 4520 = 0.0008499856725393329
Training loss on iteration 4540 = 0.0035632586615975013
Training loss on iteration 4560 = 0.0006127351034592721
Training loss on iteration 4580 = 0.0008133596622428741
Training loss on iteration 4600 = 0.001379867431933235
Training loss on iteration 4620 = 0.0011268501315498725
Training loss on iteration 4640 = 0.0008945137990849616
Training loss on iteration 4660 = 0.0003515979663006874
Training loss on iteration 4680 = 0.03029756332944089
Training loss on iteration 4700 = 0.01161934932351869
Training loss on iteration 4720 = 0.012667064691049746
Training loss on iteration 4740 = 0.00918612336354272
Training loss on iteration 4760 = 0.010714430879124848
Training loss on iteration 4780 = 0.004284629337325896
Training loss on iteration 4800 = 0.012082342442317895
Training loss on iteration 4820 = 0.0002848959174571064
Training loss on iteration 4840 = 0.0009220356871082914
Training loss on iteration 4860 = 0.002810263876563113
Training loss on iteration 4880 = 0.0025614847649819694
Training loss on iteration 4900 = 0.010363926424452075
Training loss on iteration 4920 = 0.004493075832624527
Training loss on iteration 4940 = 0.016303056080550958
Training loss on iteration 4960 = 0.0014684886359191296
Training loss on iteration 4980 = 0.029891604955400906
Training loss on iteration 5000 = 0.002501568550906086
Training loss on iteration 5020 = 0.0061621153068699645
Training loss on iteration 5040 = 0.0010344864378566854
Training loss on iteration 5060 = 0.0011065110042181915
Training loss on iteration 5080 = 0.003676354234653445
Training loss on iteration 5100 = 0.030536879713849885
Training loss on iteration 5120 = 0.007990987367247727
Training loss on iteration 5140 = 0.012535177414247301
Training loss on iteration 5160 = 0.012840444000721618
Training loss on iteration 5180 = 0.013319571679494402
Training loss on iteration 5200 = 0.022257883683596446
Training loss on iteration 5220 = 0.003925034408575811
Training loss on iteration 5240 = 0.0042197671277790505
Training loss on iteration 5260 = 0.0005989176320781552
Training loss on iteration 5280 = 0.0010558779811617569
Training loss on iteration 5300 = 0.0044555431513117584
Training loss on iteration 5320 = 0.011009160490584691
Training loss on iteration 5340 = 0.018248078632632315
Training loss on iteration 5360 = 0.03819043020864683
Training loss on iteration 5380 = 0.011708864538013586
Training loss on iteration 5400 = 0.004796973214979516
Training loss on iteration 5420 = 0.0032399056394751824
Training loss on iteration 5440 = 0.0004686232376116095
Training loss on iteration 5460 = 0.000844655713535758
Training loss on iteration 5480 = 0.001671791483386187
Training loss on iteration 5500 = 0.0006493430123100552
Training loss on iteration 5520 = 0.0028971918455908963
Training loss on iteration 5540 = 0.0023513296192732014
Training loss on iteration 5560 = 0.005353117585059408
Training loss on iteration 5580 = 0.0006539598683389158
Training loss on iteration 5600 = 0.0006569462086758904
### EVAL:: Epoch 20:: Loss = 0.00869029083246229 :: ACC = 0.9972666926981648, AUC = 0.999984591126837, EER = 0.0009761811792268645
### Out of domain:: Best epoch 18 :: ACC = 0.740988909426987, AUC = 0.830916440975366, EER = 0.2541589648798521
recorded: {'exp_name': 'ar_ast_r03', 'model': 'ast', 'train': 'commonvoice-ar', 'test': 'masc', 'in_acc': 0.9999023818820774, 'in_auc': 0.9999997712968733, 'in_eer': 0.0, 'cross_acc': 0.740988909426987, 'cross_auc': 0.830916440975366, 'cross_eer': 0.2541589648798521}

Done. Results -> /project/home/p201284/guo/xmad-bench-repro/results_ar_ast_r03.csv
Done (ar_ast_r03). Metrics -> /project/home/p201284/guo/xmad-bench-repro/results_ar_ast_r03.csv ; logs/checkpoints under detection/experiments/.
