>> activated env: /project/home/p201284/guo/xmad-bench-repro/venv/bin/activate  (Python 3.13.12)
>> torch 2.12.0+cu132 | CUDA available: True
Applying resumable-training patch...
  already patched: /project/home/p201284/guo/xmad-bench-repro/detection/trainer.py
  trainer.py is valid Python.
Done. Killed runs now continue from their last completed epoch.
>> Generating configs for: en  (models: septr, tag=en_septr_r03, GPU=3)
Wrote 1 configs to /project/home/p201284/guo/xmad-bench-repro/repro_tools/stepB/configs_en_septr_r03/  (languages: en)
>> single-repeat mode: this process runs ONLY repeat r03
root_path: /project/home/p201284/guo/xmad_data/
multilingual: True  model check for config: /project/home/p201284/guo/xmad-bench-repro/repro_tools/stepB/configs_en_septr_r03/config_en_septr.json

  OK  commonvoice-en       rows=96368    sep=','
  OK  mailabs-en           rows=39690    sep=','

PRE-FLIGHT PASSED — data layout looks correct for this config.

=== RUN en_septr_r03 (model=septr) ===
commonvoice-en
commonvoice-en
Training on epoch 1
Training loss on iteration 0 = 1.6480029821395874
Training loss on iteration 20 = 0.973155501484871
Training loss on iteration 40 = 0.8690779864788055
Training loss on iteration 60 = 0.6845690175890923
Training loss on iteration 80 = 0.7033849194645881
Training loss on iteration 100 = 0.7076099514961243
Training loss on iteration 120 = 0.6701498553156853
Training loss on iteration 140 = 0.6160904973745346
Training loss on iteration 160 = 0.6386225104331971
Training loss on iteration 180 = 0.6002740979194641
Training loss on iteration 200 = 0.6156343653798103
Training loss on iteration 220 = 0.5256906077265739
Training loss on iteration 240 = 0.5596375741064549
Training loss on iteration 260 = 0.5617277067154646
Training loss on iteration 280 = 0.48304054848849776
Training loss on iteration 300 = 0.40322037115693093
Training loss on iteration 320 = 0.3762675213627517
Training loss on iteration 340 = 0.4171260591596365
Training loss on iteration 360 = 0.5742877595126629
Training loss on iteration 380 = 0.4934323653578758
Training loss on iteration 400 = 0.48429824616760014
Training loss on iteration 420 = 0.5387602537870407
Training loss on iteration 440 = 0.3902820166200399
Training loss on iteration 460 = 0.3263033267110586
Training loss on iteration 480 = 0.41051030084490775
Training loss on iteration 500 = 0.38561405390501025
Training loss on iteration 520 = 0.31490226462483406
Training loss on iteration 540 = 0.2845242075622082
Training loss on iteration 560 = 0.43175903437659147
Training loss on iteration 580 = 0.338333192281425
Training loss on iteration 600 = 0.3643212093040347
Training loss on iteration 620 = 0.3830139312893152
Training loss on iteration 640 = 0.4052779670804739
Training loss on iteration 660 = 0.3002865307033062
Training loss on iteration 680 = 0.3303173566237092
Training loss on iteration 700 = 0.32093771621584893
Training loss on iteration 720 = 0.2768436649814248
Training loss on iteration 740 = 0.2545087465085089
Training loss on iteration 760 = 0.4214767042547464
Training loss on iteration 780 = 0.23386857537552713
Training loss on iteration 800 = 0.3789877150207758
Training loss on iteration 820 = 0.3438134856522083
Training loss on iteration 840 = 0.29896383732557297
Training loss on iteration 860 = 0.31329599041491746
Training loss on iteration 880 = 0.22682831855490804
Training loss on iteration 900 = 0.21911784303374587
Training loss on iteration 920 = 0.32655397020280363
Training loss on iteration 940 = 0.2862362522631884
Training loss on iteration 960 = 0.4178009320050478
Training loss on iteration 980 = 0.265485923551023
Training loss on iteration 1000 = 0.2939351869747043
Training loss on iteration 1020 = 0.20759366180864164
Training loss on iteration 1040 = 0.19717967249453067
Training loss on iteration 1060 = 0.32156873531639574
Training loss on iteration 1080 = 0.334087239485234
Training loss on iteration 1100 = 0.262667703256011
Training loss on iteration 1120 = 0.23604844389483332
Training loss on iteration 1140 = 0.3078075570985675
Training loss on iteration 1160 = 0.26026319256052377
Training loss on iteration 1180 = 0.24977971743792296
Training loss on iteration 1200 = 0.22546619893983005
Training loss on iteration 1220 = 0.20445108534768225
Training loss on iteration 1240 = 0.18500439655035733
Training loss on iteration 1260 = 0.18550251554697753
Training loss on iteration 1280 = 0.27179931476712227
Training loss on iteration 1300 = 0.22110247183591128
Training loss on iteration 1320 = 0.3279118487611413
Training loss on iteration 1340 = 0.2630481791449711
Training loss on iteration 1360 = 0.26692353282123804
Training loss on iteration 1380 = 0.3163012399338186
Training loss on iteration 1400 = 0.282302113994956
Training loss on iteration 1420 = 0.2882385481148958
Training loss on iteration 1440 = 0.21997795775532722
Training loss on iteration 1460 = 0.2527451011352241
Training loss on iteration 1480 = 0.19129157159477472
Training loss on iteration 1500 = 0.19217626210302113
Training loss on iteration 1520 = 0.15357051964383572
Training loss on iteration 1540 = 0.20270033609122037
Training loss on iteration 1560 = 0.332732043415308
Training loss on iteration 1580 = 0.20851322626695037
Training loss on iteration 1600 = 0.212983632623218
Training loss on iteration 1620 = 0.24007550105452538
Training loss on iteration 1640 = 0.29423903338611124
Training loss on iteration 1660 = 0.1954911078326404
Training loss on iteration 1680 = 0.25350016336888076
Training loss on iteration 1700 = 0.1937521630898118
Training loss on iteration 1720 = 0.21138852930162103
Training loss on iteration 1740 = 0.2520059660077095
Training loss on iteration 1760 = 0.1533887662924826
Training loss on iteration 1780 = 0.27793923765420914
Training loss on iteration 1800 = 0.21462617050856353
Training loss on iteration 1820 = 0.26819547526538373
Training loss on iteration 1840 = 0.17603387096896767
Training loss on iteration 1860 = 0.1932962371967733
Training loss on iteration 1880 = 0.20966467559337615
Training loss on iteration 1900 = 0.18431160962209106
Training loss on iteration 1920 = 0.1265267607755959
Training loss on iteration 1940 = 0.2525464148027822
Training loss on iteration 1960 = 0.22626516027376056
Training loss on iteration 1980 = 0.09068341350066475
Training loss on iteration 2000 = 0.1697342892526649
Training loss on iteration 2020 = 0.19667007979005574
Training loss on iteration 2040 = 0.16085389675572515
Training loss on iteration 2060 = 0.12960358317941428
Training loss on iteration 2080 = 0.27372372401878237
Training loss on iteration 2100 = 0.19403973505832256
Training loss on iteration 2120 = 0.2222226832062006
Training loss on iteration 2140 = 0.19595222673378884
Training loss on iteration 2160 = 0.11421239688061177
Training loss on iteration 2180 = 0.11637300932779908
Training loss on iteration 2200 = 0.19849464278668166
Training loss on iteration 2220 = 0.19980874866014348
Training loss on iteration 2240 = 0.24865753918420525
Training loss on iteration 2260 = 0.24463981240987778
Training loss on iteration 2280 = 0.295614904537797
Training loss on iteration 2300 = 0.3275314621627331
Training loss on iteration 2320 = 0.31970920069143177
Training loss on iteration 2340 = 0.2334378495812416
Training loss on iteration 2360 = 0.22132912948727607
Training loss on iteration 2380 = 0.20221098903566598
Training loss on iteration 2400 = 0.21957806614227593
Training loss on iteration 2420 = 0.1210431561281439
Training loss on iteration 2440 = 0.25795366019010546
Training loss on iteration 2460 = 0.2536060482263565
Training loss on iteration 2480 = 0.23453724142163992
Training loss on iteration 2500 = 0.16946558277122675
Training loss on iteration 2520 = 0.2009794539771974
Training loss on iteration 2540 = 0.17526771035045385
Training loss on iteration 2560 = 0.154909395147115
Training loss on iteration 2580 = 0.24724078008439393
Training loss on iteration 2600 = 0.191085734590888
Training loss on iteration 2620 = 0.2157361621502787
Training loss on iteration 2640 = 0.17473793122917414
Training loss on iteration 2660 = 0.14121634988114237
Training loss on iteration 2680 = 0.12011225600144826
Training loss on iteration 2700 = 0.2162586281367112
Training loss on iteration 2720 = 0.11041480908170342
Training loss on iteration 2740 = 0.16958782393485308
Training loss on iteration 2760 = 0.2593579673441127
Training loss on iteration 2780 = 0.30345760509371755
Training loss on iteration 2800 = 0.14948846717597916
Training loss on iteration 2820 = 0.1263856570236385
Training loss on iteration 2840 = 0.15772108593955636
Training loss on iteration 2860 = 0.137808784795925
Training loss on iteration 2880 = 0.1626875855959952
Training loss on iteration 2900 = 0.13822989657055587
Training loss on iteration 2920 = 0.18472161153331398
Training loss on iteration 2940 = 0.12490281737409532
Training loss on iteration 2960 = 0.1883307279786095
Training loss on iteration 2980 = 0.1849649662617594
Training loss on iteration 3000 = 0.21468846993520857
Training loss on iteration 3020 = 0.1673300962895155
Training loss on iteration 3040 = 0.10351837147027254
Training loss on iteration 3060 = 0.2188016594853252
Training loss on iteration 3080 = 0.1932562753325328
Training loss on iteration 3100 = 0.18758402159437537
Training loss on iteration 3120 = 0.12232849725987763
Training loss on iteration 3140 = 0.12789589799940587
Training loss on iteration 3160 = 0.19816613891161977
Training loss on iteration 3180 = 0.3100657409988344
Training loss on iteration 3200 = 0.17605934431776404
Training loss on iteration 3220 = 0.10736235100775957
Training loss on iteration 3240 = 0.23013196075335146
Training loss on iteration 3260 = 0.177530518732965
Training loss on iteration 3280 = 0.16493980078957976
Training loss on iteration 3300 = 0.1394875175319612
Training loss on iteration 3320 = 0.21866293060593306
Training loss on iteration 3340 = 0.13843620793777517
Training loss on iteration 3360 = 0.19181344779208304
Training loss on iteration 3380 = 0.2593808826990426
Training loss on iteration 3400 = 0.39945725444704294
Training loss on iteration 3420 = 0.331701111420989
Training loss on iteration 3440 = 0.3908077392727137
Training loss on iteration 3460 = 0.16967701921239495
Training loss on iteration 3480 = 0.27675622804090383
Training loss on iteration 3500 = 0.2716177172958851
Training loss on iteration 3520 = 0.25024771839380267
Training loss on iteration 3540 = 0.24628503285348416
Training loss on iteration 3560 = 0.2221651051659137
Training loss on iteration 3580 = 0.2215375231578946
Training loss on iteration 3600 = 0.261765265930444
Training loss on iteration 3620 = 0.14265808640047908
Training loss on iteration 3640 = 0.24413494653999807
Training loss on iteration 3660 = 0.44621676206588745
Training loss on iteration 3680 = 0.30709600895643235
Training loss on iteration 3700 = 0.20624023843556644
Training loss on iteration 3720 = 0.21535048531368375
Training loss on iteration 3740 = 0.19003097023814916
Training loss on iteration 3760 = 0.18292459920048715
Training loss on iteration 3780 = 0.165571534819901
Training loss on iteration 3800 = 0.1404461690224707
Training loss on iteration 3820 = 0.12200036646099761
Training loss on iteration 3840 = 0.1201034901663661
Training loss on iteration 3860 = 0.1391881893388927
Training loss on iteration 3880 = 0.2502611238276586
Training loss on iteration 3900 = 0.17585019795224072
Training loss on iteration 3920 = 0.20487556112348101
Training loss on iteration 3940 = 0.2169798959046602
Training loss on iteration 3960 = 0.23477290915325283
Training loss on iteration 3980 = 0.24072566451504826
Training loss on iteration 4000 = 0.15195484696887435
Training loss on iteration 4020 = 0.26461329837329683
Training loss on iteration 4040 = 0.22646534014493228
Training loss on iteration 4060 = 0.19572672434151173
Training loss on iteration 4080 = 0.22573906937614083
Training loss on iteration 4100 = 0.208187496708706
Training loss on iteration 4120 = 0.10101438779383898
Training loss on iteration 4140 = 0.22576594753190876
Training loss on iteration 4160 = 0.2135582079179585
Training loss on iteration 4180 = 0.1807444656267762
Training loss on iteration 4200 = 0.18335744482465088
Training loss on iteration 4220 = 0.18597735613584518
Training loss on iteration 4240 = 0.3095288143493235
Training loss on iteration 4260 = 0.26657696776092055
Training loss on iteration 4280 = 0.3205719300545752
Training loss on iteration 4300 = 0.16030055079609157
Training loss on iteration 4320 = 0.2210123546421528
Training loss on iteration 4340 = 0.12911964990198613
Training loss on iteration 4360 = 0.3048258242197335
Training loss on iteration 4380 = 0.18514282470569016
Training loss on iteration 4400 = 0.27756043095141647
Training loss on iteration 4420 = 0.21066233650781213
Training loss on iteration 4440 = 0.2215875843539834
Training loss on iteration 4460 = 0.29003495967481285
Training loss on iteration 4480 = 0.24377482412382961
Training loss on iteration 4500 = 0.16255227461224422
Training loss on iteration 4520 = 0.20552020091563464
Training loss on iteration 4540 = 0.1277777384966612
Training loss on iteration 4560 = 0.13596824065316468
Training loss on iteration 4580 = 0.13545378430280836
Training loss on iteration 4600 = 0.20349975740537046
Training loss on iteration 4620 = 0.2548436548560858
Training loss on iteration 4640 = 0.19639662690460682
Training loss on iteration 4660 = 0.19845197768881917
Training loss on iteration 4680 = 0.16775747518986464
Training loss on iteration 4700 = 0.2654192031361163
Training loss on iteration 4720 = 0.1653428961057216
Training loss on iteration 4740 = 0.2256581924855709
Training loss on iteration 4760 = 0.27787624932825566
Training loss on iteration 4780 = 0.13545146435499192
Training loss on iteration 4800 = 0.1826869028620422
Training loss on iteration 4820 = 0.21161451949737967
Training loss on iteration 4840 = 0.14792230306193233
Training loss on iteration 4860 = 0.17793597646523268
Training loss on iteration 4880 = 0.1316918142605573
Training loss on iteration 4900 = 0.2295188868767582
Training loss on iteration 4920 = 0.13901311783120035
Training loss on iteration 4940 = 0.2089613907970488
Training loss on iteration 4960 = 0.1531658589374274
Training loss on iteration 4980 = 0.12577914451248945
Training loss on iteration 5000 = 0.21541521896142513
Training loss on iteration 5020 = 0.16151956990361213
Training loss on iteration 5040 = 0.18223626599647105
Training loss on iteration 5060 = 0.14314950122497977
Training loss on iteration 5080 = 0.20371071612462402
Training loss on iteration 5100 = 0.10911316159181297
Training loss on iteration 5120 = 0.2903931327164173
Training loss on iteration 5140 = 0.19063959387131035
Training loss on iteration 5160 = 0.17723601050674914
Training loss on iteration 5180 = 0.136404429981485
Training loss on iteration 5200 = 0.15617771768011152
Training loss on iteration 5220 = 0.14060095810564235
Training loss on iteration 5240 = 0.2706852806266397
Training loss on iteration 5260 = 0.22535708402283489
Training loss on iteration 5280 = 0.15087139613460748
Training loss on iteration 5300 = 0.25707839778624475
Training loss on iteration 5320 = 0.12505044271238147
Training loss on iteration 5340 = 0.2989372229203582
Training loss on iteration 5360 = 0.14933030875399708
Training loss on iteration 5380 = 0.19301495486870407
Training loss on iteration 5400 = 0.10416664115618915
Training loss on iteration 5420 = 0.1726610835758038
Training loss on iteration 5440 = 0.19703900748863817
Training loss on iteration 5460 = 0.1863844195380807
Training loss on iteration 5480 = 0.14634000124642627
Training loss on iteration 5500 = 0.26586296953028066
Training loss on iteration 5520 = 0.20946777053177357
Training loss on iteration 5540 = 0.10327016511000693
Training loss on iteration 5560 = 0.12798915305174888
Training loss on iteration 5580 = 0.11847469955682755
Training loss on iteration 5600 = 0.21045565768145025
Training loss on iteration 5620 = 0.17611503028310835
Training loss on iteration 5640 = 0.2215586888603866
Training loss on iteration 5660 = 0.22224561451002955
Training loss on iteration 5680 = 0.21872653122991323
Training loss on iteration 5700 = 0.19638481121510268
Training loss on iteration 5720 = 0.1565940656233579
Training loss on iteration 5740 = 0.17061803340911866
Training loss on iteration 5760 = 0.2292753572226502
Training loss on iteration 5780 = 0.19776579239405692
Training loss on iteration 5800 = 0.20231821071356534
Training loss on iteration 5820 = 0.1767659919336438
Training loss on iteration 5840 = 0.19070187001489103
Training loss on iteration 5860 = 0.12818235650192947
Training loss on iteration 5880 = 0.1271303036948666
Training loss on iteration 5900 = 0.1579660433344543
Training loss on iteration 5920 = 0.18711428730748594
Training loss on iteration 5940 = 0.21434204680845143
Training loss on iteration 5960 = 0.31265378100797536
Training loss on iteration 5980 = 0.12058731545694172
Training loss on iteration 6000 = 0.20314671359956266
Training loss on iteration 6020 = 0.21467212243005634
Training loss on iteration 6040 = 0.19984934777021407
Training loss on iteration 6060 = 0.11696177017875016
Training loss on iteration 6080 = 0.23536970388377085
Training loss on iteration 6100 = 0.1651305990293622
Training loss on iteration 6120 = 0.12131839655339718
Training loss on iteration 6140 = 0.08638390987180174
Training loss on iteration 6160 = 0.10032060215598904
Training loss on iteration 6180 = 0.10086245549609885
Training loss on iteration 6200 = 0.1566513661760837
Training loss on iteration 6220 = 0.08040653618518263
Training loss on iteration 6240 = 0.132483588042669
Training loss on iteration 6260 = 0.22794696963392197
Training loss on iteration 6280 = 0.1163426486775279
Training loss on iteration 6300 = 0.10658253659494221
Training loss on iteration 6320 = 0.1427061467547901
Training loss on iteration 6340 = 0.24574879966676236
Training loss on iteration 6360 = 0.3388338080607355
Training loss on iteration 6380 = 0.20735863111913205
Training loss on iteration 6400 = 0.1675423432374373
Training loss on iteration 6420 = 0.2086101486813277
Training loss on iteration 6440 = 0.09563370263203978
Training loss on iteration 6460 = 0.16598261578474194
Training loss on iteration 6480 = 0.10987976532778702
Training loss on iteration 6500 = 0.1189329996239394
Training loss on iteration 6520 = 0.14547450885875152
Training loss on iteration 6540 = 0.22123411055654288
Training loss on iteration 6560 = 0.16525696674361826
Training loss on iteration 6580 = 0.14421019952278585
Training loss on iteration 6600 = 0.12422509756870567
Training loss on iteration 6620 = 0.2103580541908741
Training loss on iteration 6640 = 0.1495442482177168
Training loss on iteration 6660 = 0.27663230765610936
Training loss on iteration 6680 = 0.19654680583626033
Training loss on iteration 6700 = 0.12496476380620151
Training loss on iteration 6720 = 0.19112625252455473
Training loss on iteration 6740 = 0.1473593688569963
Training loss on iteration 6760 = 0.11263191662728786
Training loss on iteration 6780 = 0.1628455220721662
Training loss on iteration 6800 = 0.1853396647842601
Training loss on iteration 6820 = 0.21653303964994847
Training loss on iteration 6840 = 0.22287803497165443
Training loss on iteration 6860 = 0.21120119262486697
Training loss on iteration 6880 = 0.13582466384395958
Training loss on iteration 6900 = 0.15605096337385477
Training loss on iteration 6920 = 0.1084085855865851
Training loss on iteration 6940 = 0.23787148692645133
Training loss on iteration 6960 = 0.23583137202076615
Training loss on iteration 6980 = 0.15522329891100525
Training loss on iteration 7000 = 0.12311618193052709
Training loss on iteration 7020 = 0.28850014647468925
Training loss on iteration 7040 = 0.22357618110254407
Training loss on iteration 7060 = 0.22537493705749512
Training loss on iteration 7080 = 0.10875753089785575
Training loss on iteration 7100 = 0.23983393600210548
Training loss on iteration 7120 = 0.19315283764153718
Training loss on iteration 7140 = 0.12343028839677572
Training loss on iteration 7160 = 0.21383072906173767
Training loss on iteration 7180 = 0.2376683782786131
Training loss on iteration 7200 = 0.27865503896027805
Training loss on iteration 7220 = 0.20567119894549252
Training loss on iteration 7240 = 0.13526058169081806
Training loss on iteration 7260 = 0.2591845485381782
Training loss on iteration 7280 = 0.26436951346695425
Training loss on iteration 7300 = 0.27438958985731005
Training loss on iteration 7320 = 0.18415567362681032
Training loss on iteration 7340 = 0.14964409841923043
Training loss on iteration 7360 = 0.12841640893602743
Training loss on iteration 7380 = 0.08335040495730936
Training loss on iteration 7400 = 0.11266140429070219
Training loss on iteration 7420 = 0.09994990865816362
Training loss on iteration 7440 = 0.08416054975823499
Training loss on iteration 7460 = 0.20395034127577674
Training loss on iteration 7480 = 0.2224819603259675
### EVAL:: Epoch 1:: Loss = 0.11392770292350576 :: ACC = 0.9524054661175589, AUC = 0.9931929952324291, EER = 0.039685511044552604
Training on epoch 2
Training loss on iteration 0 = 0.005659132730215788
Training loss on iteration 20 = 0.17413873972836882
Training loss on iteration 40 = 0.14467235570773482
Training loss on iteration 60 = 0.1277816269081086
Training loss on iteration 80 = 0.1621840311214328
Training loss on iteration 100 = 0.15011154024396092
Training loss on iteration 120 = 0.14496930744498968
Training loss on iteration 140 = 0.17847937173210085
Training loss on iteration 160 = 0.29410770735703406
Training loss on iteration 180 = 0.17075111041776836
Training loss on iteration 200 = 0.12132781581021845
Training loss on iteration 220 = 0.14331243936903776
Training loss on iteration 240 = 0.22402298930101097
Training loss on iteration 260 = 0.1861717944033444
Training loss on iteration 280 = 0.16239659944549203
Training loss on iteration 300 = 0.1716172192012891
Training loss on iteration 320 = 0.16651350709144025
Training loss on iteration 340 = 0.15288899834267794
Training loss on iteration 360 = 0.1813157015480101
Training loss on iteration 380 = 0.0763961830874905
Training loss on iteration 400 = 0.2036279167747125
Training loss on iteration 420 = 0.16815951543394475
Training loss on iteration 440 = 0.1744525621412322
Training loss on iteration 460 = 0.194501487351954
Training loss on iteration 480 = 0.16217993347672746
Training loss on iteration 500 = 0.15999381588771938
Training loss on iteration 520 = 0.18459672883618622
Training loss on iteration 540 = 0.11350705972872674
Training loss on iteration 560 = 0.14496515337377786
Training loss on iteration 580 = 0.10334000275470316
Training loss on iteration 600 = 0.12113914758665487
Training loss on iteration 620 = 0.16800660716835408
Training loss on iteration 640 = 0.13670429172925652
Training loss on iteration 660 = 0.16867594866780564
Training loss on iteration 680 = 0.20255410098470747
Training loss on iteration 700 = 0.11371170370839537
Training loss on iteration 720 = 0.1538718857918866
Training loss on iteration 740 = 0.15252382499165834
Training loss on iteration 760 = 0.1964950709603727
Training loss on iteration 780 = 0.1758583345450461
Training loss on iteration 800 = 0.11454729121178389
Training loss on iteration 820 = 0.06223107320256531
Training loss on iteration 840 = 0.08607015819288791
Training loss on iteration 860 = 0.18006647070869802
Training loss on iteration 880 = 0.12989563550800085
Training loss on iteration 900 = 0.25268736351281407
Training loss on iteration 920 = 0.15354778105393052
Training loss on iteration 940 = 0.0573469603434205
Training loss on iteration 960 = 0.22608307182090356
Training loss on iteration 980 = 0.13663095533847808
Training loss on iteration 1000 = 0.18589327249210327
Training loss on iteration 1020 = 0.19702583295293152
Training loss on iteration 1040 = 0.12928602756001056
Training loss on iteration 1060 = 0.16692916054453236
Training loss on iteration 1080 = 0.1308536510914564
Training loss on iteration 1100 = 0.23992548026144506
Training loss on iteration 1120 = 0.1809991544811055
Training loss on iteration 1140 = 0.14689722368493677
Training loss on iteration 1160 = 0.0996255723759532
Training loss on iteration 1180 = 0.15258325268514455
Training loss on iteration 1200 = 0.25078114215284586
Training loss on iteration 1220 = 0.1927806427469477
Training loss on iteration 1240 = 0.12468835613690317
Training loss on iteration 1260 = 0.3751705290051177
Training loss on iteration 1280 = 0.2652624892536551
Training loss on iteration 1300 = 0.5286223467439413
Training loss on iteration 1320 = 0.30582136898301543
Training loss on iteration 1340 = 0.23707156777381896
Training loss on iteration 1360 = 0.16944115590304137
Training loss on iteration 1380 = 0.17638916040305047
Training loss on iteration 1400 = 0.17328180009499192
Training loss on iteration 1420 = 0.19386036503128706
Training loss on iteration 1440 = 0.14338432389777153
Training loss on iteration 1460 = 0.12871346729807556
Training loss on iteration 1480 = 0.14311516964808108
Training loss on iteration 1500 = 0.189722762349993
Training loss on iteration 1520 = 0.13506889015552587
Training loss on iteration 1540 = 0.14778660777956248
Training loss on iteration 1560 = 0.2401141253532842
Training loss on iteration 1580 = 0.2064898782875389
Training loss on iteration 1600 = 0.36106123635545373
Training loss on iteration 1620 = 0.30213252902030946
Training loss on iteration 1640 = 0.16883030752651393
Training loss on iteration 1660 = 0.16591377682052552
Training loss on iteration 1680 = 0.1626911208499223
Training loss on iteration 1700 = 0.17544609480537474
Training loss on iteration 1720 = 0.1556006642873399
Training loss on iteration 1740 = 0.12105160404462367
Training loss on iteration 1760 = 0.11162687533069401
Training loss on iteration 1780 = 0.5239907621406019
Training loss on iteration 1800 = 0.26723379008471965
Training loss on iteration 1820 = 0.20865075290203094
Training loss on iteration 1840 = 0.15985928303562105
Training loss on iteration 1860 = 0.2698934730142355
Training loss on iteration 1880 = 0.30528577491641046
Training loss on iteration 1900 = 0.22655882285907863
Training loss on iteration 1920 = 0.2824046354740858
Training loss on iteration 1940 = 0.32264675023034217
Training loss on iteration 1960 = 0.34308490827679633
Training loss on iteration 1980 = 0.18572415485978128
Training loss on iteration 2000 = 0.27684515323489906
Training loss on iteration 2020 = 0.13204429838806392
Training loss on iteration 2040 = 0.2953832603991032
Training loss on iteration 2060 = 0.19899056619033217
Training loss on iteration 2080 = 0.17282889266498386
Training loss on iteration 2100 = 0.16109520010650158
Training loss on iteration 2120 = 0.1568577467929572
Training loss on iteration 2140 = 0.1891271184431389
Training loss on iteration 2160 = 0.2397169854491949
Training loss on iteration 2180 = 0.19979727240279316
Training loss on iteration 2200 = 0.16425148975104092
Training loss on iteration 2220 = 0.2279656121507287
Training loss on iteration 2240 = 0.18191500729881227
Training loss on iteration 2260 = 0.14766483660787344
Training loss on iteration 2280 = 0.18749035689979793
Training loss on iteration 2300 = 0.22704815780743956
Training loss on iteration 2320 = 0.24430913142859936
Training loss on iteration 2340 = 0.23752563567832113
Training loss on iteration 2360 = 0.12833082638680934
Training loss on iteration 2380 = 0.16955165832769126
Training loss on iteration 2400 = 0.23743120707804338
Training loss on iteration 2420 = 0.2828025009483099
Training loss on iteration 2440 = 0.20531008383259178
Training loss on iteration 2460 = 0.1954598631709814
Training loss on iteration 2480 = 0.2640040877508
Training loss on iteration 2500 = 0.15303115881979465
Training loss on iteration 2520 = 0.22525864699855447
Training loss on iteration 2540 = 0.12790341372601688
Training loss on iteration 2560 = 0.19917730591259897
Training loss on iteration 2580 = 0.2582903703674674
Training loss on iteration 2600 = 0.23136280439794063
Training loss on iteration 2620 = 0.16066565555520357
Training loss on iteration 2640 = 0.10787265298422426
Training loss on iteration 2660 = 0.16103967673843728
Training loss on iteration 2680 = 0.214331121975556
Training loss on iteration 2700 = 0.22176684597507118
Training loss on iteration 2720 = 0.19397415451239794
Training loss on iteration 2740 = 0.1475214290083386
Training loss on iteration 2760 = 0.08146286212140694
Training loss on iteration 2780 = 0.17565132948220707
Training loss on iteration 2800 = 0.2426760047674179
Training loss on iteration 2820 = 0.16443144893273712
Training loss on iteration 2840 = 0.1618796540889889
Training loss on iteration 2860 = 0.16649471810087563
Training loss on iteration 2880 = 0.11913734974805265
Training loss on iteration 2900 = 0.18357291645370424
Training loss on iteration 2920 = 0.22190437610261143
Training loss on iteration 2940 = 0.18234802394872532
Training loss on iteration 2960 = 0.23557888518553227
Training loss on iteration 2980 = 0.1605901442700997
Training loss on iteration 3000 = 0.16454566568136214
Training loss on iteration 3020 = 0.16163741862401365
Training loss on iteration 3040 = 0.24129681792110205
Training loss on iteration 3060 = 0.21673522442579268
Training loss on iteration 3080 = 0.3238915661815554
Training loss on iteration 3100 = 0.20825569266453386
Training loss on iteration 3120 = 0.1813840319402516
Training loss on iteration 3140 = 0.11536798099987208
Training loss on iteration 3160 = 0.10687110512517392
Training loss on iteration 3180 = 0.2958567105932161
Training loss on iteration 3200 = 0.19761399286799133
Training loss on iteration 3220 = 0.2664296418428421
Training loss on iteration 3240 = 0.35125537593849004
Training loss on iteration 3260 = 0.2595817881519906
Training loss on iteration 3280 = 0.17650377983227372
Training loss on iteration 3300 = 0.29224736606702206
Training loss on iteration 3320 = 0.21067706793546676
Training loss on iteration 3340 = 0.2770818564109504
Training loss on iteration 3360 = 0.1768477501347661
Training loss on iteration 3380 = 0.28428181167691946
Training loss on iteration 3400 = 0.21106996592134236
Training loss on iteration 3420 = 0.2365013210102916
Training loss on iteration 3440 = 0.24706839979626238
Training loss on iteration 3460 = 0.1415369319729507
Training loss on iteration 3480 = 0.13886507153511046
Training loss on iteration 3500 = 0.22312485800357534
Training loss on iteration 3520 = 0.1902751713991165
Training loss on iteration 3540 = 0.14590851897373797
Training loss on iteration 3560 = 0.22722019606735558
Training loss on iteration 3580 = 0.2051199831068516
Training loss on iteration 3600 = 0.1760638587642461
Training loss on iteration 3620 = 0.15562741197645663
Training loss on iteration 3640 = 0.17003236999735236
Training loss on iteration 3660 = 0.21554004326462745
Training loss on iteration 3680 = 0.3264849091996439
Training loss on iteration 3700 = 0.19006210984662175
Training loss on iteration 3720 = 0.218494720896706
Training loss on iteration 3740 = 0.17233978905715047
Training loss on iteration 3760 = 0.16613625939935445
Training loss on iteration 3780 = 0.17943108417093753
Training loss on iteration 3800 = 0.18704858999699353
Training loss on iteration 3820 = 0.23630565959028899
Training loss on iteration 3840 = 0.2233201924711466
Training loss on iteration 3860 = 0.16192546412348746
Training loss on iteration 3880 = 0.19884381545707583
Training loss on iteration 3900 = 0.24120801584795118
Training loss on iteration 3920 = 0.280542004853487
Training loss on iteration 3940 = 0.21045375037938358
Training loss on iteration 3960 = 0.22086642878130078
Training loss on iteration 3980 = 0.2745791212655604
Training loss on iteration 4000 = 0.14622826636768876
Training loss on iteration 4020 = 0.21015201089903712
Training loss on iteration 4040 = 0.17261645738035442
Training loss on iteration 4060 = 0.14769305419176817
Training loss on iteration 4080 = 0.22285672421567143
Training loss on iteration 4100 = 0.21292068012990056
Training loss on iteration 4120 = 0.14003264680504798
Training loss on iteration 4140 = 0.1870240401942283
Training loss on iteration 4160 = 0.175492573203519
Training loss on iteration 4180 = 0.2810426564887166
Training loss on iteration 4200 = 0.24105079509317875
Training loss on iteration 4220 = 0.19602819234132768
Training loss on iteration 4240 = 0.1649500780273229
Training loss on iteration 4260 = 0.2615100979804993
Training loss on iteration 4280 = 0.2789650773629546
Training loss on iteration 4300 = 0.16289925668388605
Training loss on iteration 4320 = 0.2895011304877698
Training loss on iteration 4340 = 0.2018208324443549
Training loss on iteration 4360 = 0.24321470665745437
Training loss on iteration 4380 = 0.16423710947856307
Training loss on iteration 4400 = 0.062016833096276966
Training loss on iteration 4420 = 0.17385379024781286
Training loss on iteration 4440 = 0.31632726481184364
Training loss on iteration 4460 = 0.21899937186390162
Training loss on iteration 4480 = 0.1941428085323423
Training loss on iteration 4500 = 0.21187817694153638
Training loss on iteration 4520 = 0.2934552378952503
Training loss on iteration 4540 = 0.33294357247650624
Training loss on iteration 4560 = 0.18693424807861447
Training loss on iteration 4580 = 0.3229234252125025
Training loss on iteration 4600 = 0.17588211623951794
Training loss on iteration 4620 = 0.2403584606712684
Training loss on iteration 4640 = 0.15162897258996963
Training loss on iteration 4660 = 0.13363924762234092
Training loss on iteration 4680 = 0.19777166629210113
Training loss on iteration 4700 = 0.18037066345568747
Training loss on iteration 4720 = 0.17775950077921152
Training loss on iteration 4740 = 0.24273390842135995
Training loss on iteration 4760 = 0.25136095117777585
Training loss on iteration 4780 = 0.21824071537703277
Training loss on iteration 4800 = 0.14798356466926635
Training loss on iteration 4820 = 0.2515726225450635
Training loss on iteration 4840 = 0.11818629796616734
Training loss on iteration 4860 = 0.11989844851195812
Training loss on iteration 4880 = 0.12595063861226663
Training loss on iteration 4900 = 0.1830135035328567
Training loss on iteration 4920 = 0.1682287341915071
Training loss on iteration 4940 = 0.15260998939629644
Training loss on iteration 4960 = 0.1583237262442708
Training loss on iteration 4980 = 0.11823602037038654
Training loss on iteration 5000 = 0.20980959832668306
Training loss on iteration 5020 = 0.13585318750701844
Training loss on iteration 5040 = 0.19626769004389644
Training loss on iteration 5060 = 0.15963163825217636
Training loss on iteration 5080 = 0.19769707820378243
Training loss on iteration 5100 = 0.2785486969631165
Training loss on iteration 5120 = 0.22004359024576842
Training loss on iteration 5140 = 0.24403157457709312
Training loss on iteration 5160 = 0.2505553936585784
Training loss on iteration 5180 = 0.20828644565772264
Training loss on iteration 5200 = 0.20318313082680106
Training loss on iteration 5220 = 0.28492064620368185
Training loss on iteration 5240 = 0.14653203012421728
Training loss on iteration 5260 = 0.23724753223359585
Training loss on iteration 5280 = 0.2256598009262234
Training loss on iteration 5300 = 0.2507619769778103
Training loss on iteration 5320 = 0.18254898758605123
Training loss on iteration 5340 = 0.2034361081197858
Training loss on iteration 5360 = 0.2249796547461301
Training loss on iteration 5380 = 0.1389144998975098
Training loss on iteration 5400 = 0.28034229497425256
Training loss on iteration 5420 = 0.4093565745279193
Training loss on iteration 5440 = 0.263682847796008
Training loss on iteration 5460 = 0.37769795320928096
Training loss on iteration 5480 = 0.2693723540753126
Training loss on iteration 5500 = 0.23069768510758876
Training loss on iteration 5520 = 0.17935759890824557
Training loss on iteration 5540 = 0.32347535705193875
Training loss on iteration 5560 = 0.27268002219498155
Training loss on iteration 5580 = 0.2369734917767346
Training loss on iteration 5600 = 0.17778586354106665
Training loss on iteration 5620 = 0.23319563425611706
Training loss on iteration 5640 = 0.18373188376426697
Training loss on iteration 5660 = 0.23636541729792954
Training loss on iteration 5680 = 0.15040695210918784
Training loss on iteration 5700 = 0.2918440007138997
Training loss on iteration 5720 = 0.27666700994595883
Training loss on iteration 5740 = 0.15546030008699746
Training loss on iteration 5760 = 0.27634054254740475
Training loss on iteration 5780 = 0.23567210747860373
Training loss on iteration 5800 = 0.10614892207086087
Training loss on iteration 5820 = 0.2194915003143251
Training loss on iteration 5840 = 0.150593294374994
Training loss on iteration 5860 = 0.2603725351393223
Training loss on iteration 5880 = 0.20659522423520685
Training loss on iteration 5900 = 0.16042226999998094
Training loss on iteration 5920 = 0.11280555482953787
Training loss on iteration 5940 = 0.1583826450339984
Training loss on iteration 5960 = 0.20616252468898894
Training loss on iteration 5980 = 0.24120528365019708
Training loss on iteration 6000 = 0.15957475835457444
Training loss on iteration 6020 = 0.1386492089368403
Training loss on iteration 6040 = 0.19297863538376986
Training loss on iteration 6060 = 0.20890757334418594
Training loss on iteration 6080 = 0.17631017174571753
Training loss on iteration 6100 = 0.2810086158104241
Training loss on iteration 6120 = 0.1394152426160872
Training loss on iteration 6140 = 0.1441181962378323
Training loss on iteration 6160 = 0.23670740141533314
Training loss on iteration 6180 = 0.23466632741037757
Training loss on iteration 6200 = 0.20059655038639904
Training loss on iteration 6220 = 0.18779622120782732
Training loss on iteration 6240 = 0.21738407597877085
Training loss on iteration 6260 = 0.1542021486442536
Training loss on iteration 6280 = 0.22034000302664936
Training loss on iteration 6300 = 0.14845378184691072
Training loss on iteration 6320 = 0.10235441992990672
Training loss on iteration 6340 = 0.15698497453704477
Training loss on iteration 6360 = 0.1570297485217452
Training loss on iteration 6380 = 0.16258577331900598
Training loss on iteration 6400 = 0.16432823454961182
Training loss on iteration 6420 = 0.2072644005995244
Training loss on iteration 6440 = 0.27143196323886515
Training loss on iteration 6460 = 0.21859303619712592
Training loss on iteration 6480 = 0.15689332550391555
Training loss on iteration 6500 = 0.11452553505077959
Training loss on iteration 6520 = 0.22740476047620178
Training loss on iteration 6540 = 0.1768259757431224
Training loss on iteration 6560 = 0.14348772650118918
Training loss on iteration 6580 = 0.11832121754996479
Training loss on iteration 6600 = 0.12867933800444006
Training loss on iteration 6620 = 0.1715904660668457
Training loss on iteration 6640 = 0.2787224062951282
Training loss on iteration 6660 = 0.47613479336723685
Training loss on iteration 6680 = 0.3007617465220392
Training loss on iteration 6700 = 0.28348737766500565
Training loss on iteration 6720 = 0.20795931238681079
Training loss on iteration 6740 = 0.1249533720780164
Training loss on iteration 6760 = 0.26508259258116595
Training loss on iteration 6780 = 0.24597429260611534
Training loss on iteration 6800 = 0.07626025556819513
Training loss on iteration 6820 = 0.18186963484622537
Training loss on iteration 6840 = 0.17846763804554938
Training loss on iteration 6860 = 0.27286692392081024
Training loss on iteration 6880 = 0.19113184250891208
Training loss on iteration 6900 = 0.19052731900010259
Training loss on iteration 6920 = 0.3652840942144394
Training loss on iteration 6940 = 0.15311208674684168
Training loss on iteration 6960 = 0.24470666518900544
Training loss on iteration 6980 = 0.15005712748970837
Training loss on iteration 7000 = 0.228998545370996
Training loss on iteration 7020 = 0.19791366807185112
Training loss on iteration 7040 = 0.14078997096512466
Training loss on iteration 7060 = 0.12343842447735369
Training loss on iteration 7080 = 0.21196343628689646
Training loss on iteration 7100 = 0.18521960806101562
Training loss on iteration 7120 = 0.21495648752897978
Training loss on iteration 7140 = 0.2093848560238257
Training loss on iteration 7160 = 0.23891846612095832
Training loss on iteration 7180 = 0.1953803688287735
Training loss on iteration 7200 = 0.14497084775939584
Training loss on iteration 7220 = 0.21662594410590827
Training loss on iteration 7240 = 0.1693777377717197
Training loss on iteration 7260 = 0.13556585758924483
Training loss on iteration 7280 = 0.26549964351579547
Training loss on iteration 7300 = 0.2912503156810999
Training loss on iteration 7320 = 0.1633362028747797
Training loss on iteration 7340 = 0.19063126989640294
Training loss on iteration 7360 = 0.17851355783641337
Training loss on iteration 7380 = 0.19762274755630643
Training loss on iteration 7400 = 0.1904516199603677
Training loss on iteration 7420 = 0.2154777843505144
Training loss on iteration 7440 = 0.18417234057560564
Training loss on iteration 7460 = 0.3004870546516031
Training loss on iteration 7480 = 0.19088191501796245
### EVAL:: Epoch 2:: Loss = 0.12479295580506031 :: ACC = 0.9569449644327968, AUC = 0.9787747393170486, EER = 0.07141520029951329
Training on epoch 3
Training loss on iteration 0 = 0.21880236268043518
Training loss on iteration 20 = 0.18521256265230476
Training loss on iteration 40 = 0.13488918684888632
Training loss on iteration 60 = 0.22332855029962956
Training loss on iteration 80 = 0.2589114593341947
Training loss on iteration 100 = 0.1607495265081525
Training loss on iteration 120 = 0.19860564740374684
Training loss on iteration 140 = 0.12843056335113942
Training loss on iteration 160 = 0.22736686300486325
Training loss on iteration 180 = 0.1406937931664288
Training loss on iteration 200 = 0.20902534779161214
Training loss on iteration 220 = 0.1961318887770176
Training loss on iteration 240 = 0.19331950447522103
Training loss on iteration 260 = 0.18325289022177457
Training loss on iteration 280 = 0.3372015042230487
Training loss on iteration 300 = 0.21032074512913823
Training loss on iteration 320 = 0.2439615361392498
Training loss on iteration 340 = 0.15939939501695335
Training loss on iteration 360 = 0.18561867363750933
Training loss on iteration 380 = 0.2515962831443176
Training loss on iteration 400 = 0.22904673577286302
Training loss on iteration 420 = 0.14361504851840437
Training loss on iteration 440 = 0.1159709767671302
Training loss on iteration 460 = 0.2455790498526767
Training loss on iteration 480 = 0.2543751428253017
Training loss on iteration 500 = 0.2282873185351491
Training loss on iteration 520 = 0.1517500694375485
Training loss on iteration 540 = 0.12129195004235953
Training loss on iteration 560 = 0.26292483757715673
Training loss on iteration 580 = 0.2029094615019858
Training loss on iteration 600 = 0.1605855481699109
Training loss on iteration 620 = 0.20187984276562929
Training loss on iteration 640 = 0.20922434516251087
Training loss on iteration 660 = 0.27282872404903175
Training loss on iteration 680 = 0.2971805986016989
Training loss on iteration 700 = 0.22323580617085098
Training loss on iteration 720 = 0.20796550307422876
Training loss on iteration 740 = 0.22427206146530806
Training loss on iteration 760 = 0.2090776690049097
Training loss on iteration 780 = 0.3305557044222951
Training loss on iteration 800 = 0.14583800898399205
Training loss on iteration 820 = 0.19953962680883705
Training loss on iteration 840 = 0.267629017168656
Training loss on iteration 860 = 0.2287576377391815
Training loss on iteration 880 = 0.2161334976553917
Training loss on iteration 900 = 0.18262156923301517
Training loss on iteration 920 = 0.2329866888001561
Training loss on iteration 940 = 0.23461391311138868
Training loss on iteration 960 = 0.32936338493600487
Training loss on iteration 980 = 0.239895358402282
Training loss on iteration 1000 = 0.27404652346740477
Training loss on iteration 1020 = 0.19623743128031493
Training loss on iteration 1040 = 0.2743859367445111
Training loss on iteration 1060 = 0.2938508827239275
Training loss on iteration 1080 = 0.27626474131830037
Training loss on iteration 1100 = 0.1840850054519251
Training loss on iteration 1120 = 0.2850262178108096
Training loss on iteration 1140 = 0.2914816836360842
Training loss on iteration 1160 = 0.24224502719007432
Training loss on iteration 1180 = 0.1227975427173078
Training loss on iteration 1200 = 0.17328173422720283
Training loss on iteration 1220 = 0.363967106025666
Training loss on iteration 1240 = 0.40396152921020984
Training loss on iteration 1260 = 0.2929511056281626
Training loss on iteration 1280 = 0.16308875409886242
Training loss on iteration 1300 = 0.18131442554295063
Training loss on iteration 1320 = 0.20474105421453714
Training loss on iteration 1340 = 0.16011870969086886
Training loss on iteration 1360 = 0.1522965155541897
Training loss on iteration 1380 = 0.15491218399256468
Training loss on iteration 1400 = 0.3938423847779632
Training loss on iteration 1420 = 0.24060390200465917
Training loss on iteration 1440 = 0.1381327242590487
Training loss on iteration 1460 = 0.19536317698657513
Training loss on iteration 1480 = 0.19761707000434398
Training loss on iteration 1500 = 0.19007451161742211
Training loss on iteration 1520 = 0.40357056986540557
Training loss on iteration 1540 = 0.374898966960609
Training loss on iteration 1560 = 0.3137148507870734
Training loss on iteration 1580 = 0.18581878105178476
Training loss on iteration 1600 = 0.1802672253921628
Training loss on iteration 1620 = 0.20093774173874407
Training loss on iteration 1640 = 0.20389000028371812
Training loss on iteration 1660 = 0.20820454140193762
Training loss on iteration 1680 = 0.1972014309838414
Training loss on iteration 1700 = 0.26391198933124543
Training loss on iteration 1720 = 0.5942653190344572
Training loss on iteration 1740 = 0.4013308497145772
Training loss on iteration 1760 = 0.19804942617192864
Training loss on iteration 1780 = 0.2666805453132838
Training loss on iteration 1800 = 0.22457730695605277
Training loss on iteration 1820 = 0.2465745359659195
Training loss on iteration 1840 = 0.18480001855641603
Training loss on iteration 1860 = 0.2784258689731359
Training loss on iteration 1880 = 0.21971909189596772
Training loss on iteration 1900 = 0.25403567850589753
Training loss on iteration 1920 = 0.312116929423064
Training loss on iteration 1940 = 0.30929058510810137
Training loss on iteration 1960 = 0.35380772687494755
Training loss on iteration 1980 = 0.2541001308709383
Training loss on iteration 2000 = 0.26483147908002136
Training loss on iteration 2020 = 0.3180279482156038
Training loss on iteration 2040 = 0.36360606029629705
Training loss on iteration 2060 = 0.30245551783591507
Training loss on iteration 2080 = 0.21382991168648005
Training loss on iteration 2100 = 0.18661985974758863
Training loss on iteration 2120 = 0.1747566638980061
Training loss on iteration 2140 = 0.2602768877521157
Training loss on iteration 2160 = 0.2157747550867498
Training loss on iteration 2180 = 0.2804205770604312
Training loss on iteration 2200 = 0.2177407020702958
Training loss on iteration 2220 = 0.2900270876474679
Training loss on iteration 2240 = 0.24197013163939118
Training loss on iteration 2260 = 0.3501205686479807
Training loss on iteration 2280 = 0.35277163311839105
Training loss on iteration 2300 = 0.2940440185368061
Training loss on iteration 2320 = 0.3351648830052
Training loss on iteration 2340 = 0.27562059443444015
Training loss on iteration 2360 = 0.3038872219622135
Training loss on iteration 2380 = 0.29413238521665336
Training loss on iteration 2400 = 0.2988542830571532
Training loss on iteration 2420 = 0.2857758155092597
Training loss on iteration 2440 = 0.2757744289934635
Training loss on iteration 2460 = 0.21419673105701803
Training loss on iteration 2480 = 0.2020649560727179
Training loss on iteration 2500 = 0.26253097485750915
Training loss on iteration 2520 = 0.3203006085008383
Training loss on iteration 2540 = 0.2265821629203856
Training loss on iteration 2560 = 0.47106519509106876
Training loss on iteration 2580 = 0.25768764205276967
Training loss on iteration 2600 = 0.2800367569550872
Training loss on iteration 2620 = 0.31703545041382314
Training loss on iteration 2640 = 0.3742756076157093
Training loss on iteration 2660 = 0.3350731886923313
Training loss on iteration 2680 = 0.2500189723446965
Training loss on iteration 2700 = 0.30225976211950184
Training loss on iteration 2720 = 0.23516238797456027
Training loss on iteration 2740 = 0.40451383143663405
Training loss on iteration 2760 = 0.24779183994978665
Training loss on iteration 2780 = 0.3070847926661372
Training loss on iteration 2800 = 0.32873286632820964
Training loss on iteration 2820 = 0.3156859759241343
Training loss on iteration 2840 = 0.3474001673981547
Training loss on iteration 2860 = 0.3474274123087525
Training loss on iteration 2880 = 0.31744699236005547
Training loss on iteration 2900 = 0.3694267548620701
Training loss on iteration 2920 = 0.38184303473681214
Training loss on iteration 2940 = 0.4514325521886349
Training loss on iteration 2960 = 0.3795948252081871
Training loss on iteration 2980 = 0.2655671663582325
Training loss on iteration 3000 = 0.21648166999220847
Training loss on iteration 3020 = 0.2570621889084578
Training loss on iteration 3040 = 0.30068837469443677
Training loss on iteration 3060 = 0.3112710978835821
Training loss on iteration 3080 = 0.2800953555852175
Training loss on iteration 3100 = 0.28939568158239126
Training loss on iteration 3120 = 0.25344285676255823
Training loss on iteration 3140 = 0.264853129722178
Training loss on iteration 3160 = 0.31109163351356983
Training loss on iteration 3180 = 0.2625304514542222
Training loss on iteration 3200 = 0.22255689604207873
Training loss on iteration 3220 = 0.2903950412757695
Training loss on iteration 3240 = 0.27438487354665997
Training loss on iteration 3260 = 0.20628032279200853
Training loss on iteration 3280 = 0.3340092274360359
Training loss on iteration 3300 = 0.24882618691772224
Training loss on iteration 3320 = 0.18092300910502673
Training loss on iteration 3340 = 0.24647100139409303
Training loss on iteration 3360 = 0.16886888751760126
Training loss on iteration 3380 = 0.21047607697546483
Training loss on iteration 3400 = 0.3050743829458952
Training loss on iteration 3420 = 0.2185941909905523
Training loss on iteration 3440 = 0.26201382130384443
Training loss on iteration 3460 = 0.228778762742877
Training loss on iteration 3480 = 0.22756014177575706
Training loss on iteration 3500 = 0.324033204652369
Training loss on iteration 3520 = 0.2238575321622193
Training loss on iteration 3540 = 0.20382316485047342
Training loss on iteration 3560 = 0.2510021191090345
Training loss on iteration 3580 = 0.27455700989812615
Training loss on iteration 3600 = 0.30088769402354953
Training loss on iteration 3620 = 0.4215432157041505
Training loss on iteration 3640 = 0.26119902804493905
Training loss on iteration 3660 = 0.22975570484995841
Training loss on iteration 3680 = 0.23579979380592703
Training loss on iteration 3700 = 0.23711028322577477
Training loss on iteration 3720 = 0.25842308562714605
Training loss on iteration 3740 = 0.2920933894813061
Training loss on iteration 3760 = 0.1543732699006796
Training loss on iteration 3780 = 0.22079699491150678
Training loss on iteration 3800 = 0.2389045680873096
Training loss on iteration 3820 = 0.2704514584504068
Training loss on iteration 3840 = 0.30017872776370497
Training loss on iteration 3860 = 0.21200880324468016
Training loss on iteration 3880 = 0.18574207508936524
Training loss on iteration 3900 = 0.19003782775253059
Training loss on iteration 3920 = 0.22731951335445047
Training loss on iteration 3940 = 0.3294148382730782
Training loss on iteration 3960 = 0.2931536090793088
Training loss on iteration 3980 = 0.21532197669148445
Training loss on iteration 4000 = 0.23904688535258173
Training loss on iteration 4020 = 0.1858075368218124
Training loss on iteration 4040 = 0.33413300905376675
Training loss on iteration 4060 = 0.3257016380317509
Training loss on iteration 4080 = 0.23342880932614207
Training loss on iteration 4100 = 0.251533592492342
Training loss on iteration 4120 = 0.22126966258510947
Training loss on iteration 4140 = 0.2641454376280308
Training loss on iteration 4160 = 0.30979089085012673
Training loss on iteration 4180 = 0.3327506497502327
Training loss on iteration 4200 = 0.29929095767438413
Training loss on iteration 4220 = 0.2570618886500597
Training loss on iteration 4240 = 0.22772214557044207
Training loss on iteration 4260 = 0.28609154373407364
Training loss on iteration 4280 = 0.3321736965328455
Training loss on iteration 4300 = 0.3090679135173559
Training loss on iteration 4320 = 0.22184183206409216
Training loss on iteration 4340 = 0.3184431640431285
Training loss on iteration 4360 = 0.30720643438398837
Training loss on iteration 4380 = 0.21281367680057883
Training loss on iteration 4400 = 0.24667940232902766
Training loss on iteration 4420 = 0.19849914549849929
Training loss on iteration 4440 = 0.1980029631406069
Training loss on iteration 4460 = 0.18032040912657976
Training loss on iteration 4480 = 0.20210484005510806
Training loss on iteration 4500 = 0.3095985226333141
Training loss on iteration 4520 = 0.16635208912193775
Training loss on iteration 4540 = 0.31941930963657794
Training loss on iteration 4560 = 0.21756832674145699
Training loss on iteration 4580 = 0.2895789652131498
Training loss on iteration 4600 = 0.25241243150085213
Training loss on iteration 4620 = 0.22700290931388736
Training loss on iteration 4640 = 0.24859567023813725
Training loss on iteration 4660 = 0.26985337376827373
Training loss on iteration 4680 = 0.3587193630635738
Training loss on iteration 4700 = 0.36792093217372895
Training loss on iteration 4720 = 0.30746624879539014
Training loss on iteration 4740 = 0.4726885051932186
Training loss on iteration 4760 = 0.5051785562187433
Training loss on iteration 4780 = 0.37091034674085677
Training loss on iteration 4800 = 0.3461063516326249
Training loss on iteration 4820 = 0.22284986237064003
Training loss on iteration 4840 = 0.23678369550034403
Training loss on iteration 4860 = 0.25124283141922205
Training loss on iteration 4880 = 0.21699586221948267
Training loss on iteration 4900 = 0.18499469188973308
Training loss on iteration 4920 = 0.2480660871602595
Training loss on iteration 4940 = 0.21936250422149897
Training loss on iteration 4960 = 0.245575288348482
Training loss on iteration 4980 = 0.20174607299268246
Training loss on iteration 5000 = 0.21752246040850878
Training loss on iteration 5020 = 0.30331306513398887
Training loss on iteration 5040 = 0.24085681419819593
Training loss on iteration 5060 = 0.28009692057967184
Training loss on iteration 5080 = 0.1794605368748307
Training loss on iteration 5100 = 0.23521780474111437
Training loss on iteration 5120 = 0.20458504986017942
Training loss on iteration 5140 = 0.30752211473882196
Training loss on iteration 5160 = 0.1804073452949524
Training loss on iteration 5180 = 0.4692189534194767
Training loss on iteration 5200 = 0.3712103022262454
Training loss on iteration 5220 = 0.370410879701376
Training loss on iteration 5240 = 0.3033391073346138
Training loss on iteration 5260 = 0.22165419515222312
Training loss on iteration 5280 = 0.2201126066967845
Training loss on iteration 5300 = 0.22590223122388126
Training loss on iteration 5320 = 0.20307364715263249
Training loss on iteration 5340 = 0.2329959850758314
Training loss on iteration 5360 = 0.21257920069620012
Training loss on iteration 5380 = 0.16859894329681993
Training loss on iteration 5400 = 0.2625792625360191
Training loss on iteration 5420 = 0.28801193702965977
Training loss on iteration 5440 = 0.2397834456525743
Training loss on iteration 5460 = 0.1774215335957706
Training loss on iteration 5480 = 0.21590508306398987
Training loss on iteration 5500 = 0.31040482576936484
Training loss on iteration 5520 = 0.24926948845386504
Training loss on iteration 5540 = 0.18662541573867203
Training loss on iteration 5560 = 0.22999394186772407
Training loss on iteration 5580 = 0.2509962921962142
Training loss on iteration 5600 = 0.29898612946271896
Training loss on iteration 5620 = 0.20736457975581288
Training loss on iteration 5640 = 0.20496207596734167
Training loss on iteration 5660 = 0.27273635496385396
Training loss on iteration 5680 = 0.2717170812189579
Training loss on iteration 5700 = 0.24296864736825227
Training loss on iteration 5720 = 0.19903174247592686
Training loss on iteration 5740 = 0.21587106394581496
Training loss on iteration 5760 = 0.21179002933204175
Training loss on iteration 5780 = 0.18656090619042515
Training loss on iteration 5800 = 0.24874554974958302
Training loss on iteration 5820 = 0.21304540848359466
Training loss on iteration 5840 = 0.5826343093067408
Training loss on iteration 5860 = 0.41477978739421817
Training loss on iteration 5880 = 0.29196987915784123
Training loss on iteration 5900 = 0.28892178907990457
Training loss on iteration 5920 = 0.3015943616628647
Training loss on iteration 5940 = 0.36524539776146414
Training loss on iteration 5960 = 0.2756810083985329
Training loss on iteration 5980 = 0.25136056914925575
Training loss on iteration 6000 = 0.2905204656533897
Training loss on iteration 6020 = 0.3048134926706553
Training loss on iteration 6040 = 0.2732417736202478
Training loss on iteration 6060 = 0.19063872303813695
Training loss on iteration 6080 = 0.2652897672727704
Training loss on iteration 6100 = 0.23483502683229746
Training loss on iteration 6120 = 0.2626007188111544
Training loss on iteration 6140 = 0.2905928984284401
Training loss on iteration 6160 = 0.2022782716434449
Training loss on iteration 6180 = 0.2936219314113259
Training loss on iteration 6200 = 0.22642413135617973
Training loss on iteration 6220 = 0.21813544537872076
Training loss on iteration 6240 = 0.20811760379001498
Training loss on iteration 6260 = 0.32837435938417914
Training loss on iteration 6280 = 0.250977166229859
Training loss on iteration 6300 = 0.3320348054170609
Training loss on iteration 6320 = 0.2492943722754717
Training loss on iteration 6340 = 0.1994438203983009
Training loss on iteration 6360 = 0.3451100494712591
Training loss on iteration 6380 = 0.27201247196644546
Training loss on iteration 6400 = 0.38957250826060774
Training loss on iteration 6420 = 0.1803474529646337
Training loss on iteration 6440 = 0.30416837595403196
Training loss on iteration 6460 = 0.3195405904203653
Training loss on iteration 6480 = 0.2082080589607358
Training loss on iteration 6500 = 0.28492361698299645
Training loss on iteration 6520 = 0.3072531372308731
Training loss on iteration 6540 = 0.30229447381570934
Training loss on iteration 6560 = 0.3209763368591666
Training loss on iteration 6580 = 0.2116885233670473
Training loss on iteration 6600 = 0.3237947253510356
Training loss on iteration 6620 = 0.22918070442974567
Training loss on iteration 6640 = 0.32022239044308665
Training loss on iteration 6660 = 0.2902605328708887
Training loss on iteration 6680 = 0.23854354349896312
Training loss on iteration 6700 = 0.23560159476473927
Training loss on iteration 6720 = 0.2306553495582193
Training loss on iteration 6740 = 0.2008533093612641
Training loss on iteration 6760 = 0.2943738906644285
Training loss on iteration 6780 = 0.23816765584051608
Training loss on iteration 6800 = 0.33350100070238115
Training loss on iteration 6820 = 0.5737483479082585
Training loss on iteration 6840 = 0.286870242189616
Training loss on iteration 6860 = 0.38399467021226885
Training loss on iteration 6880 = 0.36136451829224825
Training loss on iteration 6900 = 0.3034796271473169
Training loss on iteration 6920 = 0.3834245093166828
Training loss on iteration 6940 = 0.3965179160237312
Training loss on iteration 6960 = 0.2855770023539662
Training loss on iteration 6980 = 0.3547316625714302
Training loss on iteration 7000 = 0.2693162873387337
Training loss on iteration 7020 = 0.33999281767755746
Training loss on iteration 7040 = 0.323605970479548
Training loss on iteration 7060 = 0.268235195428133
Training loss on iteration 7080 = 0.28588752457872035
Training loss on iteration 7100 = 0.22720917873084545
Training loss on iteration 7120 = 0.2314546679146588
Training loss on iteration 7140 = 0.431705578789115
Training loss on iteration 7160 = 0.4179643588140607
Training loss on iteration 7180 = 0.30420091301202773
Training loss on iteration 7200 = 0.32392272278666495
Training loss on iteration 7220 = 0.23344929851591587
Training loss on iteration 7240 = 0.27542861495167015
Training loss on iteration 7260 = 0.27595387361943724
Training loss on iteration 7280 = 0.27949195839464663
Training loss on iteration 7300 = 0.29374104663729667
Training loss on iteration 7320 = 0.2598697725683451
Training loss on iteration 7340 = 0.3400022467598319
Training loss on iteration 7360 = 0.2947797769680619
Training loss on iteration 7380 = 0.28626232743263247
Training loss on iteration 7400 = 0.27638448439538477
Training loss on iteration 7420 = 0.3168442058376968
Training loss on iteration 7440 = 0.31200778037309645
Training loss on iteration 7460 = 0.15378439892083406
Training loss on iteration 7480 = 0.25959641570225356
### EVAL:: Epoch 3:: Loss = 0.23074179440113973 :: ACC = 0.9058405091725945, AUC = 0.8412533521435566, EER = 0.2332459752901535
Training on epoch 4
Training loss on iteration 0 = 0.1867198348045349
Training loss on iteration 20 = 0.2010448446497321
Training loss on iteration 40 = 0.223151116957888
Training loss on iteration 60 = 0.24351512733846903
Training loss on iteration 80 = 0.2834674920886755
Training loss on iteration 100 = 0.2830037124454975
Training loss on iteration 120 = 0.20369756147265433
Training loss on iteration 140 = 0.2046122564934194
Training loss on iteration 160 = 0.3174577326048166
Training loss on iteration 180 = 0.25116242696531116
Training loss on iteration 200 = 0.2008133386494592
Training loss on iteration 220 = 0.3090186147019267
Training loss on iteration 240 = 0.24310344699770212
Training loss on iteration 260 = 0.2161321678198874
Training loss on iteration 280 = 0.24106727046892046
Training loss on iteration 300 = 0.23788928566500545
Training loss on iteration 320 = 0.24696884099394084
Training loss on iteration 340 = 0.2863038355484605
Training loss on iteration 360 = 0.17068600039929152
Training loss on iteration 380 = 0.24084801571443676
Training loss on iteration 400 = 0.3011620186269283
Training loss on iteration 420 = 0.19355631228536369
Training loss on iteration 440 = 0.19840813456103207
Training loss on iteration 460 = 0.30537842980120333
Training loss on iteration 480 = 0.2690786823630333
Training loss on iteration 500 = 0.2757589494809508
Training loss on iteration 520 = 0.22658537272363902
Training loss on iteration 540 = 0.27810840103775264
Training loss on iteration 560 = 0.29184645097702744
Training loss on iteration 580 = 0.3229879390448332
Training loss on iteration 600 = 0.36988407783210275
Training loss on iteration 620 = 0.2929489945061505
Training loss on iteration 640 = 0.3252694049850106
Training loss on iteration 660 = 0.23663109838962554
Training loss on iteration 680 = 0.44781061820685863
Training loss on iteration 700 = 0.315724066644907
Training loss on iteration 720 = 0.3983781237155199
Training loss on iteration 740 = 0.430956594273448
Training loss on iteration 760 = 0.4222082577645779
Training loss on iteration 780 = 0.36419920176267623
Training loss on iteration 800 = 0.26699682511389256
Training loss on iteration 820 = 0.4627653691917658
Training loss on iteration 840 = 0.38366457913070917
Training loss on iteration 860 = 0.3298410579562187
Training loss on iteration 880 = 0.40785469077527525
Training loss on iteration 900 = 0.7964270420372486
Training loss on iteration 920 = 0.5939552702009678
Training loss on iteration 940 = 0.6830688253045082
Training loss on iteration 960 = 0.5061573311686516
Training loss on iteration 980 = 0.5765338368713856
Training loss on iteration 1000 = 0.4505742847919464
Training loss on iteration 1020 = 0.36275206953287126
Training loss on iteration 1040 = 0.7206932529807091
Training loss on iteration 1060 = 0.46424415409564973
Training loss on iteration 1080 = 0.5234217345714569
Training loss on iteration 1100 = 0.47490302510559557
Training loss on iteration 1120 = 0.34508500099182127
Training loss on iteration 1140 = 0.4323281094431877
Training loss on iteration 1160 = 0.30921747013926504
Training loss on iteration 1180 = 0.3086374573409557
Training loss on iteration 1200 = 0.3781777758151293
Training loss on iteration 1220 = 0.3444488670676947
Training loss on iteration 1240 = 0.36391636952757833
Training loss on iteration 1260 = 0.2558893583714962
Training loss on iteration 1280 = 0.2615943843498826
Training loss on iteration 1300 = 0.30512542724609376
Training loss on iteration 1320 = 0.3061433419585228
Training loss on iteration 1340 = 0.31732179392129184
Training loss on iteration 1360 = 0.31474855984561145
Training loss on iteration 1380 = 0.27261759284883735
Training loss on iteration 1400 = 0.4125555755570531
Training loss on iteration 1420 = 0.373581663146615
Training loss on iteration 1440 = 0.3436118014156818
Training loss on iteration 1460 = 0.3230957955121994
Training loss on iteration 1480 = 0.39435143433511255
Training loss on iteration 1500 = 0.32274684179574253
Training loss on iteration 1520 = 0.3933071415871382
Training loss on iteration 1540 = 0.2887163732200861
Training loss on iteration 1560 = 0.34252760019153355
Training loss on iteration 1580 = 0.32189787216484544
Training loss on iteration 1600 = 0.32043093964457514
Training loss on iteration 1620 = 0.30433566253632305
Training loss on iteration 1640 = 0.3821885120123625
Training loss on iteration 1660 = 0.3111439511179924
Training loss on iteration 1680 = 0.3359828244894743
Training loss on iteration 1700 = 0.3503377616405487
Training loss on iteration 1720 = 0.34584525376558306
Training loss on iteration 1740 = 0.29901711642742157
Training loss on iteration 1760 = 0.31314492598176
Training loss on iteration 1780 = 0.2434102524071932
Training loss on iteration 1800 = 0.36951686553657054
Training loss on iteration 1820 = 0.30436997264623644
Training loss on iteration 1840 = 0.3848481513559818
Training loss on iteration 1860 = 0.3234195293858647
Training loss on iteration 1880 = 0.3698197606950998
Training loss on iteration 1900 = 0.3499267566949129
Training loss on iteration 1920 = 0.30498793460428714
Training loss on iteration 1940 = 0.3510777983814478
Training loss on iteration 1960 = 0.2980904057621956
Training loss on iteration 1980 = 0.36285673156380654
Training loss on iteration 2000 = 0.21276372959837317
Training loss on iteration 2020 = 0.3052163545042276
Training loss on iteration 2040 = 0.2572669772431254
Training loss on iteration 2060 = 0.22695878064259886
Training loss on iteration 2080 = 0.2608745642006397
Training loss on iteration 2100 = 0.2746647655032575
Training loss on iteration 2120 = 0.2560683561488986
Training loss on iteration 2140 = 0.2753042221069336
Training loss on iteration 2160 = 0.23924926109611988
Training loss on iteration 2180 = 0.35192255713045595
Training loss on iteration 2200 = 0.23928342312574385
Training loss on iteration 2220 = 0.3108446916565299
Training loss on iteration 2240 = 0.30788535038009285
Training loss on iteration 2260 = 0.34709364143200216
Training loss on iteration 2280 = 0.2670778399333358
Training loss on iteration 2300 = 0.30901703275740144
Training loss on iteration 2320 = 0.2959138131700456
Training loss on iteration 2340 = 0.3871345235034823
Training loss on iteration 2360 = 0.3175678368657827
Training loss on iteration 2380 = 0.36956941056996584
Training loss on iteration 2400 = 0.3421361163258553
Training loss on iteration 2420 = 0.2793589372187853
Training loss on iteration 2440 = 0.36249094242230057
Training loss on iteration 2460 = 0.2940674010664225
Training loss on iteration 2480 = 0.3288554156199098
Training loss on iteration 2500 = 0.2874392930418253
Training loss on iteration 2520 = 0.24275680826976895
Training loss on iteration 2540 = 0.2976075693964958
Training loss on iteration 2560 = 0.321233332529664
Training loss on iteration 2580 = 0.2366215582937002
Training loss on iteration 2600 = 0.25048256730660795
Training loss on iteration 2620 = 0.3377789033576846
Training loss on iteration 2640 = 0.29746498037129643
Training loss on iteration 2660 = 0.30113999340683223
Training loss on iteration 2680 = 0.23004855224862694
Training loss on iteration 2700 = 0.2622483829036355
Training loss on iteration 2720 = 0.27883343361318114
Training loss on iteration 2740 = 0.3559725860133767
Training loss on iteration 2760 = 0.24097116105258465
Training loss on iteration 2780 = 0.29674979057163
Training loss on iteration 2800 = 0.33117780443280936
Training loss on iteration 2820 = 0.3314729657024145
Training loss on iteration 2840 = 0.2576662816107273
Training loss on iteration 2860 = 0.34229240454733373
Training loss on iteration 2880 = 0.1881986815482378
Training loss on iteration 2900 = 0.22316546477377414
Training loss on iteration 2920 = 0.29276503175497054
Training loss on iteration 2940 = 0.24311900045722723
Training loss on iteration 2960 = 0.2640046922490001
Training loss on iteration 2980 = 0.3395976334810257
Training loss on iteration 3000 = 0.2717617120593786
Training loss on iteration 3020 = 0.26472203303128483
Training loss on iteration 3040 = 0.2180927949026227
Training loss on iteration 3060 = 0.17913262285292147
Training loss on iteration 3080 = 0.20567130567505956
Training loss on iteration 3100 = 0.2833034776849672
Training loss on iteration 3120 = 0.2511468231678009
Training loss on iteration 3140 = 0.22970791356638073
Training loss on iteration 3160 = 0.4738083094358444
Training loss on iteration 3180 = 0.3512629020959139
Training loss on iteration 3200 = 0.3155795853585005
Training loss on iteration 3220 = 0.25334565378725526
Training loss on iteration 3240 = 0.19272015327587724
Training loss on iteration 3260 = 0.287218579556793
Training loss on iteration 3280 = 0.30617325454950334
Training loss on iteration 3300 = 0.27553323097527027
Training loss on iteration 3320 = 0.38905158136039975
Training loss on iteration 3340 = 0.2681171176955104
Training loss on iteration 3360 = 0.2927208117209375
Training loss on iteration 3380 = 0.3059295380488038
Training loss on iteration 3400 = 0.2443792175501585
Training loss on iteration 3420 = 0.32548857796937225
Training loss on iteration 3440 = 0.3060880273580551
Training loss on iteration 3460 = 0.2712222178932279
Training loss on iteration 3480 = 0.5484958063811064
Training loss on iteration 3500 = 0.3504524022340775
Training loss on iteration 3520 = 0.39648587834089993
Training loss on iteration 3540 = 0.5163520244881511
Training loss on iteration 3560 = 0.25785944852977993
Training loss on iteration 3580 = 0.327300600707531
Training loss on iteration 3600 = 0.30282213222235443
Training loss on iteration 3620 = 0.27356292214244604
Training loss on iteration 3640 = 0.3401912089437246
Training loss on iteration 3660 = 0.27372901178896425
Training loss on iteration 3680 = 0.34643719606101514
Training loss on iteration 3700 = 0.26016109976917506
Training loss on iteration 3720 = 0.2532193694263697
Training loss on iteration 3740 = 0.39374551735818386
Training loss on iteration 3760 = 0.1750249148113653
Training loss on iteration 3780 = 0.2827853878494352
Training loss on iteration 3800 = 0.3785508252680302
Training loss on iteration 3820 = 0.3897277941927314
Training loss on iteration 3840 = 0.4182299550622702
Training loss on iteration 3860 = 0.4520358841866255
Training loss on iteration 3880 = 0.3714939860627055
Training loss on iteration 3900 = 0.4219866544008255
Training loss on iteration 3920 = 0.3248222823254764
Training loss on iteration 3940 = 0.30178167186677457
Training loss on iteration 3960 = 0.32532873190939426
Training loss on iteration 3980 = 0.3705066185444593
Training loss on iteration 4000 = 0.314032843336463
Training loss on iteration 4020 = 0.25060241520404813
Training loss on iteration 4040 = 0.27000131700187924
Training loss on iteration 4060 = 0.281951167806983
Training loss on iteration 4080 = 0.2112894793972373
Training loss on iteration 4100 = 0.20651446674019097
Training loss on iteration 4120 = 0.33717788439244034
Training loss on iteration 4140 = 0.23264403329230846
Training loss on iteration 4160 = 0.2223068315535784
Training loss on iteration 4180 = 0.3192666437476873
Training loss on iteration 4200 = 0.23452249951660634
Training loss on iteration 4220 = 0.2273982444778085
Training loss on iteration 4240 = 0.2547504698857665
Training loss on iteration 4260 = 0.21797665199264885
Training loss on iteration 4280 = 0.2981094004586339
Training loss on iteration 4300 = 0.2541995390318334
Training loss on iteration 4320 = 0.27064666114747526
Training loss on iteration 4340 = 0.2849465315230191
Training loss on iteration 4360 = 0.24189070323482156
Training loss on iteration 4380 = 0.2993244276382029
Training loss on iteration 4400 = 0.2609067365527153
Training loss on iteration 4420 = 0.26283051231876015
Training loss on iteration 4440 = 0.2460220329463482
Training loss on iteration 4460 = 0.2740894314367324
Training loss on iteration 4480 = 0.2821380252949893
Training loss on iteration 4500 = 0.2649473525583744
Training loss on iteration 4520 = 0.2548604227602482
Training loss on iteration 4540 = 0.2536568384617567
Training loss on iteration 4560 = 0.19211626956239342
Training loss on iteration 4580 = 0.3010231629014015
Training loss on iteration 4600 = 0.26746013909578326
Training loss on iteration 4620 = 0.2743707283399999
Training loss on iteration 4640 = 0.28604988045990465
Training loss on iteration 4660 = 0.25157241597771646
Training loss on iteration 4680 = 0.2649567356333137
Training loss on iteration 4700 = 0.2129792115651071
Training loss on iteration 4720 = 0.2622562273405492
Training loss on iteration 4740 = 0.2991495871916413
Training loss on iteration 4760 = 0.28639132529497147
Training loss on iteration 4780 = 0.2232373034581542
Training loss on iteration 4800 = 0.13319618832319974
Training loss on iteration 4820 = 0.38476472832262515
Training loss on iteration 4840 = 0.33217097669839857
Training loss on iteration 4860 = 0.15534224594011903
Training loss on iteration 4880 = 0.22071285247802735
Training loss on iteration 4900 = 0.2816629377193749
Training loss on iteration 4920 = 0.22015362475067377
Training loss on iteration 4940 = 0.25334492418915033
Training loss on iteration 4960 = 0.19078987911343576
Training loss on iteration 4980 = 0.2212645803578198
Training loss on iteration 5000 = 0.2170884946361184
Training loss on iteration 5020 = 0.2453968459740281
Training loss on iteration 5040 = 0.27204136196523904
Training loss on iteration 5060 = 0.21813275963068007
Training loss on iteration 5080 = 0.39932742044329644
Training loss on iteration 5100 = 0.3942144814878702
Training loss on iteration 5120 = 0.3388174265623093
Training loss on iteration 5140 = 0.28538328371942046
Training loss on iteration 5160 = 0.2694224938750267
Training loss on iteration 5180 = 0.3163034271448851
Training loss on iteration 5200 = 0.2528559766709805
Training loss on iteration 5220 = 0.24459772566333413
Training loss on iteration 5240 = 0.25542094074189664
Training loss on iteration 5260 = 0.2626403968781233
Training loss on iteration 5280 = 0.19754243222996593
Training loss on iteration 5300 = 0.32485697139054537
Training loss on iteration 5320 = 0.32392573785036805
Training loss on iteration 5340 = 0.2426259153522551
Training loss on iteration 5360 = 0.32378022018820046
Training loss on iteration 5380 = 0.21152233760803937
Training loss on iteration 5400 = 0.19050891483202576
Training loss on iteration 5420 = 0.3006874265149236
Training loss on iteration 5440 = 0.29944415017962456
Training loss on iteration 5460 = 0.17545950608327984
Training loss on iteration 5480 = 0.30433415323495866
Training loss on iteration 5500 = 0.1853626892901957
Training loss on iteration 5520 = 0.3431506022810936
Training loss on iteration 5540 = 0.29428408201783895
Training loss on iteration 5560 = 0.2702195966616273
Training loss on iteration 5580 = 0.2719825502485037
Training loss on iteration 5600 = 0.2456308531574905
Training loss on iteration 5620 = 0.34023177064955235
Training loss on iteration 5640 = 0.31112706316635014
Training loss on iteration 5660 = 0.1979126466438174
Training loss on iteration 5680 = 0.21729249032214284
Training loss on iteration 5700 = 0.2732224280945957
Training loss on iteration 5720 = 0.21242323517799377
Training loss on iteration 5740 = 0.16278323386795818
Training loss on iteration 5760 = 0.22189719669986516
Training loss on iteration 5780 = 0.15967332636937498
Training loss on iteration 5800 = 0.2973854296840727
Training loss on iteration 5820 = 0.2978263946250081
Training loss on iteration 5840 = 0.26029676105827093
Training loss on iteration 5860 = 0.28507712902501225
Training loss on iteration 5880 = 0.29082135832868516
Training loss on iteration 5900 = 0.28266533706337216
Training loss on iteration 5920 = 0.17461254084482788
Training loss on iteration 5940 = 0.2794755764771253
Training loss on iteration 5960 = 0.22921665732283145
Training loss on iteration 5980 = 0.32397081069648265
Training loss on iteration 6000 = 0.1968150043860078
Training loss on iteration 6020 = 0.22365327178267763
Training loss on iteration 6040 = 0.22728551104664801
Training loss on iteration 6060 = 0.23524046540260315
Training loss on iteration 6080 = 0.2113802619278431
Training loss on iteration 6100 = 0.2770528495311737
Training loss on iteration 6120 = 0.21141364201903343
Training loss on iteration 6140 = 0.2346415535546839
Training loss on iteration 6160 = 0.2853608296252787
Training loss on iteration 6180 = 0.29131573578342795
Training loss on iteration 6200 = 0.23332958128303288
Training loss on iteration 6220 = 0.30160805117338896
Training loss on iteration 6240 = 0.2692731348797679
Training loss on iteration 6260 = 0.21277744602411985
Training loss on iteration 6280 = 0.24310345128178595
Training loss on iteration 6300 = 0.20697491741739213
Training loss on iteration 6320 = 0.3130993347847834
Training loss on iteration 6340 = 0.20465211297851055
Training loss on iteration 6360 = 0.30440890826284883
Training loss on iteration 6380 = 0.34661757927387954
Training loss on iteration 6400 = 0.3309524739161134
Training loss on iteration 6420 = 0.31456317668780687
Training loss on iteration 6440 = 0.47789251818321643
Training loss on iteration 6460 = 0.31004636822035536
Training loss on iteration 6480 = 0.26980980588123205
Training loss on iteration 6500 = 0.23053219579160214
Training loss on iteration 6520 = 0.29561113826930524
Training loss on iteration 6540 = 0.37778090592473745
Training loss on iteration 6560 = 0.4207774966955185
Training loss on iteration 6580 = 0.3465389983728528
Training loss on iteration 6600 = 0.3820198677480221
Training loss on iteration 6620 = 0.3379910297691822
Training loss on iteration 6640 = 0.33880379544571043
Training loss on iteration 6660 = 0.43559225350618364
Training loss on iteration 6680 = 0.45313555700704455
Training loss on iteration 6700 = 0.34252076372504237
Training loss on iteration 6720 = 0.3704770814627409
Training loss on iteration 6740 = 0.33708334136754275
Training loss on iteration 6760 = 0.32377440929412843
Training loss on iteration 6780 = 0.32994191963225605
Training loss on iteration 6800 = 0.2796028000302613
Training loss on iteration 6820 = 0.33243580665439365
Training loss on iteration 6840 = 0.29481700360774993
Training loss on iteration 6860 = 0.2521224322728813
Training loss on iteration 6880 = 0.369251648709178
Training loss on iteration 6900 = 0.3122669831849635
Training loss on iteration 6920 = 0.3005807572975755
Training loss on iteration 6940 = 0.29053299203515054
Training loss on iteration 6960 = 0.3546980263083242
Training loss on iteration 6980 = 0.3588767323642969
Training loss on iteration 7000 = 0.18102837689220905
Training loss on iteration 7020 = 0.2594799565849826
Training loss on iteration 7040 = 0.2878423351794481
Training loss on iteration 7060 = 0.21413858216255904
Training loss on iteration 7080 = 0.3185004466213286
Training loss on iteration 7100 = 0.3263879779726267
Training loss on iteration 7120 = 0.2840171819552779
Training loss on iteration 7140 = 0.2957223731093109
Training loss on iteration 7160 = 0.23238896746188403
Training loss on iteration 7180 = 0.29676290359348056
Training loss on iteration 7200 = 0.24170071491971612
Training loss on iteration 7220 = 0.21536511313170195
Training loss on iteration 7240 = 0.24129848843440413
Training loss on iteration 7260 = 0.26373751536011697
Training loss on iteration 7280 = 0.19799904627725481
Training loss on iteration 7300 = 0.27609913162887095
Training loss on iteration 7320 = 0.3650629509240389
Training loss on iteration 7340 = 0.19739635540172457
Training loss on iteration 7360 = 0.2202991984318942
Training loss on iteration 7380 = 0.19176493640989065
Training loss on iteration 7400 = 0.3389057996915653
Training loss on iteration 7420 = 0.34028475154191257
Training loss on iteration 7440 = 0.28644700683653357
Training loss on iteration 7460 = 0.28455309346318247
Training loss on iteration 7480 = 0.2946551117114723
### EVAL:: Epoch 4:: Loss = 0.24916987903777604 :: ACC = 0.8993354548858106, AUC = 0.8758371028887306, EER = 0.2092849120179708
Training on epoch 5
Training loss on iteration 0 = 0.05389075353741646
Training loss on iteration 20 = 0.4035815574228764
Training loss on iteration 40 = 0.36655980013310907
Training loss on iteration 60 = 0.22723939102143048
Training loss on iteration 80 = 0.31027302611619234
Training loss on iteration 100 = 0.20140855181962253
Training loss on iteration 120 = 0.32517197001725434
Training loss on iteration 140 = 0.22943080365657806
Training loss on iteration 160 = 0.24783180681988598
Training loss on iteration 180 = 0.27724046166986227
Training loss on iteration 200 = 0.25918975127860905
Training loss on iteration 220 = 0.2540558328852057
Training loss on iteration 240 = 0.3029246581019834
Training loss on iteration 260 = 0.22025300431996583
Training loss on iteration 280 = 0.18550002072006463
Training loss on iteration 300 = 0.2953203717246652
Training loss on iteration 320 = 0.2795190985314548
Training loss on iteration 340 = 0.2548924494534731
Training loss on iteration 360 = 0.2279637168161571
Training loss on iteration 380 = 0.27233895622193816
Training loss on iteration 400 = 0.243532632291317
Training loss on iteration 420 = 0.18945066733285784
Training loss on iteration 440 = 0.2977791342884302
Training loss on iteration 460 = 0.35890244951006023
Training loss on iteration 480 = 0.41090007182210686
Training loss on iteration 500 = 0.2909394450485706
Training loss on iteration 520 = 0.2912448557908647
Training loss on iteration 540 = 0.2506533395498991
Training loss on iteration 560 = 0.2610612572170794
Training loss on iteration 580 = 0.285411286726594
Training loss on iteration 600 = 0.2652966286987066
Training loss on iteration 620 = 0.22246478986926377
Training loss on iteration 640 = 0.2109159365296364
Training loss on iteration 660 = 0.23365356847643853
Training loss on iteration 680 = 0.21200233194977045
Training loss on iteration 700 = 0.16778974004555494
Training loss on iteration 720 = 0.33626507269218564
Training loss on iteration 740 = 0.286384156299755
Training loss on iteration 760 = 0.23299645204097033
Training loss on iteration 780 = 0.20672363396734
Training loss on iteration 800 = 0.2791580868884921
Training loss on iteration 820 = 0.24584894645959138
Training loss on iteration 840 = 0.3052277055568993
Training loss on iteration 860 = 0.22986354324966668
Training loss on iteration 880 = 0.21501345629803836
Training loss on iteration 900 = 0.33919516392052174
Training loss on iteration 920 = 0.15759909991174936
Training loss on iteration 940 = 0.2483870086609386
Training loss on iteration 960 = 0.21875774441286922
Training loss on iteration 980 = 0.23732325742021204
Training loss on iteration 1000 = 0.2610040180850774
Training loss on iteration 1020 = 0.12119344603270292
Training loss on iteration 1040 = 0.24607286658138036
Training loss on iteration 1060 = 0.20017508091405034
Training loss on iteration 1080 = 0.21133126586209983
Training loss on iteration 1100 = 0.25059131905436516
Training loss on iteration 1120 = 0.22464841660112142
Training loss on iteration 1140 = 0.23702167212031783
Training loss on iteration 1160 = 0.24164256025105715
Training loss on iteration 1180 = 0.18192612770944833
Training loss on iteration 1200 = 0.21747034357395023
Training loss on iteration 1220 = 0.2234709557145834
Training loss on iteration 1240 = 0.21217222961131482
Training loss on iteration 1260 = 0.1810901732649654
Training loss on iteration 1280 = 0.2498159405775368
Training loss on iteration 1300 = 0.22338821459561586
Training loss on iteration 1320 = 0.1610751905478537
Training loss on iteration 1340 = 0.3020868731662631
Training loss on iteration 1360 = 0.3355592854321003
Training loss on iteration 1380 = 0.2577936440240592
Training loss on iteration 1400 = 0.22905972469598054
Training loss on iteration 1420 = 0.2225804839283228
Training loss on iteration 1440 = 0.22997975442558527
Training loss on iteration 1460 = 0.24548985781148075
Training loss on iteration 1480 = 0.36603978723287584
Training loss on iteration 1500 = 0.29763133078813553
Training loss on iteration 1520 = 0.37143094670027493
Training loss on iteration 1540 = 0.2900571383535862
Training loss on iteration 1560 = 0.34113629534840584
Training loss on iteration 1580 = 0.28215668741613625
Training loss on iteration 1600 = 0.30222146352753043
Training loss on iteration 1620 = 0.37397841438651086
Training loss on iteration 1640 = 0.27989158779382706
Training loss on iteration 1660 = 0.2636975945904851
Training loss on iteration 1680 = 0.31081244386732576
Training loss on iteration 1700 = 0.26653995756059884
Training loss on iteration 1720 = 0.26482078386470675
Training loss on iteration 1740 = 0.2113432537764311
Training loss on iteration 1760 = 0.33787679132074117
Training loss on iteration 1780 = 0.45584399811923504
Training loss on iteration 1800 = 0.31758973747491837
Training loss on iteration 1820 = 0.31154108643531797
Training loss on iteration 1840 = 0.29633036740124225
Training loss on iteration 1860 = 0.24967249417677523
Training loss on iteration 1880 = 0.2839400082826614
Training loss on iteration 1900 = 0.27824206165969373
Training loss on iteration 1920 = 0.37691573761403563
Training loss on iteration 1940 = 0.2982485767453909
Training loss on iteration 1960 = 0.28259498085826634
Training loss on iteration 1980 = 0.31162889655679465
Training loss on iteration 2000 = 0.2979687593411654
Training loss on iteration 2020 = 0.30737057365477083
Training loss on iteration 2040 = 0.3841734632849693
Training loss on iteration 2060 = 0.31063897646963595
Training loss on iteration 2080 = 0.1970956870354712
Training loss on iteration 2100 = 0.2691074270755053
Training loss on iteration 2120 = 0.3036304230801761
Training loss on iteration 2140 = 0.24166112039238213
Training loss on iteration 2160 = 0.29066272992640735
Training loss on iteration 2180 = 0.45585486460477115
Training loss on iteration 2200 = 0.26364535577595233
Training loss on iteration 2220 = 0.27074182918295264
Training loss on iteration 2240 = 0.2748908645473421
Training loss on iteration 2260 = 0.2454633291810751
Training loss on iteration 2280 = 0.26990301106125114
Training loss on iteration 2300 = 0.23962609916925431
Training loss on iteration 2320 = 0.3502153418958187
Training loss on iteration 2340 = 0.2598037853837013
Training loss on iteration 2360 = 0.2616320185363293
Training loss on iteration 2380 = 0.24210321474820376
Training loss on iteration 2400 = 0.3102183912880719
Training loss on iteration 2420 = 0.23565173791721464
Training loss on iteration 2440 = 0.39194283857941625
Training loss on iteration 2460 = 0.22261093491688372
Training loss on iteration 2480 = 0.37597033809870484
Training loss on iteration 2500 = 0.24519412964582443
Training loss on iteration 2520 = 0.3676399804651737
Training loss on iteration 2540 = 0.39105188101530075
Training loss on iteration 2560 = 0.2530344896018505
Training loss on iteration 2580 = 0.3296658738516271
Training loss on iteration 2600 = 0.23292336128652097
Training loss on iteration 2620 = 0.40559909008443357
Training loss on iteration 2640 = 0.2578562369570136
Training loss on iteration 2660 = 0.33115842528641226
Training loss on iteration 2680 = 0.25777719244360925
Training loss on iteration 2700 = 0.24765835385769605
Training loss on iteration 2720 = 0.220172250084579
Training loss on iteration 2740 = 0.21450978182256222
Training loss on iteration 2760 = 0.2644686870276928
Training loss on iteration 2780 = 0.30469242222607135
Training loss on iteration 2800 = 0.22049344349652528
Training loss on iteration 2820 = 0.20664554070681335
Training loss on iteration 2840 = 0.39498461298644544
Training loss on iteration 2860 = 0.4749676212668419
Training loss on iteration 2880 = 0.29805852212011813
Training loss on iteration 2900 = 0.35187108246609566
Training loss on iteration 2920 = 0.2836541967466474
Training loss on iteration 2940 = 0.2646309814415872
Training loss on iteration 2960 = 0.2236193152377382
Training loss on iteration 2980 = 0.38552551055327056
Training loss on iteration 3000 = 0.5233425544574857
Training loss on iteration 3020 = 0.4124408598989248
Training loss on iteration 3040 = 0.2665463019162416
Training loss on iteration 3060 = 0.30084376530721785
Training loss on iteration 3080 = 0.21269228225573897
Training loss on iteration 3100 = 0.2913550417870283
Training loss on iteration 3120 = 0.26969106066972015
Training loss on iteration 3140 = 0.2834424381377175
Training loss on iteration 3160 = 0.27393757114186884
Training loss on iteration 3180 = 0.2888077387586236
Training loss on iteration 3200 = 0.26347515974193814
Training loss on iteration 3220 = 0.2737208604812622
Training loss on iteration 3240 = 0.5192093519493938
Training loss on iteration 3260 = 0.5657112317159771
Training loss on iteration 3280 = 0.47470929285045715
Training loss on iteration 3300 = 0.27697925828397274
Training loss on iteration 3320 = 0.26643490567803385
Training loss on iteration 3340 = 0.25294157974421977
Training loss on iteration 3360 = 0.3537056475877762
Training loss on iteration 3380 = 0.1693978956900537
Training loss on iteration 3400 = 0.26888080034404993
Training loss on iteration 3420 = 0.2483610024675727
Training loss on iteration 3440 = 0.2959163622930646
Training loss on iteration 3460 = 0.20515946857631207
Training loss on iteration 3480 = 0.23947819732129574
Training loss on iteration 3500 = 0.18164754351601003
Training loss on iteration 3520 = 0.1689992634113878
Training loss on iteration 3540 = 0.32402689307928084
Training loss on iteration 3560 = 0.228881848603487
Training loss on iteration 3580 = 0.36248478926718236
Training loss on iteration 3600 = 0.308115349477157
Training loss on iteration 3620 = 0.2747785024344921
Training loss on iteration 3640 = 0.2873899978585541
Training loss on iteration 3660 = 0.20676487903110682
Training loss on iteration 3680 = 0.2605212893337011
Training loss on iteration 3700 = 0.17744260355830194
Training loss on iteration 3720 = 0.2123395362868905
Training loss on iteration 3740 = 0.2423690894851461
Training loss on iteration 3760 = 0.2012001763097942
Training loss on iteration 3780 = 0.2876921346411109
Training loss on iteration 3800 = 0.20326956948265434
Training loss on iteration 3820 = 0.277363953134045
Training loss on iteration 3840 = 0.2635319449007511
Training loss on iteration 3860 = 0.26513586575165393
Training loss on iteration 3880 = 0.2647078655660152
Training loss on iteration 3900 = 0.23956823935732247
Training loss on iteration 3920 = 0.2830303332768381
Training loss on iteration 3940 = 0.2733441116753966
Training loss on iteration 3960 = 0.3458526227623224
Training loss on iteration 3980 = 0.29598833322525026
Training loss on iteration 4000 = 0.24999032285995781
Training loss on iteration 4020 = 0.1589431505650282
Training loss on iteration 4040 = 0.2716254543978721
Training loss on iteration 4060 = 0.3876356650143862
Training loss on iteration 4080 = 0.2495196363888681
Training loss on iteration 4100 = 0.24696417152881622
Training loss on iteration 4120 = 0.28079492365941405
Training loss on iteration 4140 = 0.24700933266431094
Training loss on iteration 4160 = 0.35809862427413464
Training loss on iteration 4180 = 0.3068633295595646
Training loss on iteration 4200 = 0.2974968631991942
Training loss on iteration 4220 = 0.22838828135281802
Training loss on iteration 4240 = 0.2744099176488817
Training loss on iteration 4260 = 0.2235051017953083
Training loss on iteration 4280 = 0.15077709699980915
Training loss on iteration 4300 = 0.5068549340590834
Training loss on iteration 4320 = 0.25246402095071974
Training loss on iteration 4340 = 0.245481861429289
Training loss on iteration 4360 = 0.35048002768307923
Training loss on iteration 4380 = 0.24926109556108714
Training loss on iteration 4400 = 0.39680082015693185
Training loss on iteration 4420 = 0.2752843307331204
Training loss on iteration 4440 = 0.21216843239963054
Training loss on iteration 4460 = 0.3168160878121853
Training loss on iteration 4480 = 0.16446016393601895
Training loss on iteration 4500 = 0.2846380449831486
Training loss on iteration 4520 = 0.24816057942807673
Training loss on iteration 4540 = 0.29706975994631646
Training loss on iteration 4560 = 0.17777548376470803
Training loss on iteration 4580 = 0.21422316506505013
Training loss on iteration 4600 = 0.3690073719248176
Training loss on iteration 4620 = 0.1901481669396162
Training loss on iteration 4640 = 0.3027009290410206
Training loss on iteration 4660 = 0.2905351148918271
Training loss on iteration 4680 = 0.22433737018145622
Training loss on iteration 4700 = 0.1486079385969788
Training loss on iteration 4720 = 0.2535586855839938
Training loss on iteration 4740 = 0.2703762585297227
Training loss on iteration 4760 = 0.26972532481886446
Training loss on iteration 4780 = 0.16345471171662213
Training loss on iteration 4800 = 0.4640881534665823
Training loss on iteration 4820 = 0.21744419913738966
Training loss on iteration 4840 = 0.2760481907054782
Training loss on iteration 4860 = 0.31698997411876917
Training loss on iteration 4880 = 0.2678332798182964
Training loss on iteration 4900 = 0.24415778946131467
Training loss on iteration 4920 = 0.23478424409404397
Training loss on iteration 4940 = 0.25620126016438005
Training loss on iteration 4960 = 0.18800562631804496
Training loss on iteration 4980 = 0.26313251331448556
Training loss on iteration 5000 = 0.24225269462913274
Training loss on iteration 5020 = 0.2299711429513991
Training loss on iteration 5040 = 0.24442176204174756
Training loss on iteration 5060 = 0.31591210793703794
Training loss on iteration 5080 = 0.33382673412561414
Training loss on iteration 5100 = 0.27939949873834846
Training loss on iteration 5120 = 0.21033309092745184
Training loss on iteration 5140 = 0.25024354830384254
Training loss on iteration 5160 = 0.2543194988742471
Training loss on iteration 5180 = 0.2310369630344212
Training loss on iteration 5200 = 0.25869747940450905
Training loss on iteration 5220 = 0.2210165724158287
Training loss on iteration 5240 = 0.24353828616440296
Training loss on iteration 5260 = 0.32249759789556265
Training loss on iteration 5280 = 0.20516557283699513
Training loss on iteration 5300 = 0.33851135382428765
Training loss on iteration 5320 = 0.30386285865679385
Training loss on iteration 5340 = 0.3483025098219514
Training loss on iteration 5360 = 0.2821623407304287
Training loss on iteration 5380 = 0.2369242852553725
Training loss on iteration 5400 = 0.1943086575716734
Training loss on iteration 5420 = 0.27907728699501605
Training loss on iteration 5440 = 0.26778625408187506
Training loss on iteration 5460 = 0.3203170008957386
Training loss on iteration 5480 = 0.3476676307618618
Training loss on iteration 5500 = 0.2779428821057081
Training loss on iteration 5520 = 0.34784359466284515
Training loss on iteration 5540 = 0.2820743967778981
Training loss on iteration 5560 = 0.2578194623813033
Training loss on iteration 5580 = 0.2462213029153645
Training loss on iteration 5600 = 0.327408897690475
Training loss on iteration 5620 = 0.321662729466334
Training loss on iteration 5640 = 0.20022013895213603
Training loss on iteration 5660 = 0.24670163011178375
Training loss on iteration 5680 = 0.32710255337879063
Training loss on iteration 5700 = 0.29845528677105904
Training loss on iteration 5720 = 0.3092030264437199
Training loss on iteration 5740 = 0.25696921311318877
Training loss on iteration 5760 = 0.5303448246791959
Training loss on iteration 5780 = 0.4783380817621946
Training loss on iteration 5800 = 0.2750074308365583
Training loss on iteration 5820 = 0.31082602571696044
Training loss on iteration 5840 = 0.2186524799093604
Training loss on iteration 5860 = 0.26142082586884496
Training loss on iteration 5880 = 0.3165758063085377
Training loss on iteration 5900 = 0.268157977797091
Training loss on iteration 5920 = 0.2820594646036625
Training loss on iteration 5940 = 0.23981672264635562
Training loss on iteration 5960 = 0.26138490880839527
Training loss on iteration 5980 = 0.22048758957535028
Training loss on iteration 6000 = 0.3331492256373167
Training loss on iteration 6020 = 0.3651029445230961
Training loss on iteration 6040 = 0.26410933770239353
Training loss on iteration 6060 = 0.34428968727588655
Training loss on iteration 6080 = 0.22692837435752153
Training loss on iteration 6100 = 0.21164640719071032
Training loss on iteration 6120 = 0.3278733937069774
Training loss on iteration 6140 = 0.3330869432538748
Training loss on iteration 6160 = 0.21496604941785336
Training loss on iteration 6180 = 0.18056600373238324
Training loss on iteration 6200 = 0.2491711450740695
Training loss on iteration 6220 = 0.2814471421763301
Training loss on iteration 6240 = 0.2986908592283726
Training loss on iteration 6260 = 0.30698440335690974
Training loss on iteration 6280 = 0.2864049279130995
Training loss on iteration 6300 = 0.19008402973413469
Training loss on iteration 6320 = 0.24521420802921057
Training loss on iteration 6340 = 0.19926074868999422
Training loss on iteration 6360 = 0.24014976182952524
Training loss on iteration 6380 = 0.28435397483408453
Training loss on iteration 6400 = 0.356016937084496
Training loss on iteration 6420 = 0.3842123460024595
Training loss on iteration 6440 = 0.27984377425163987
Training loss on iteration 6460 = 0.22325282976962627
Training loss on iteration 6480 = 0.2820202839560807
Training loss on iteration 6500 = 0.34837126545608044
Training loss on iteration 6520 = 0.22355032656341792
Training loss on iteration 6540 = 0.24585666116327048
Training loss on iteration 6560 = 0.23707826151512562
Training loss on iteration 6580 = 0.20983240362256766
Training loss on iteration 6600 = 0.24038507544901222
Training loss on iteration 6620 = 0.2556216833181679
Training loss on iteration 6640 = 0.3445940195117146
Training loss on iteration 6660 = 0.2046453407034278
Training loss on iteration 6680 = 0.2932091187685728
Training loss on iteration 6700 = 0.3753846237435937
Training loss on iteration 6720 = 0.2633792972192168
Training loss on iteration 6740 = 0.21992669450119137
Training loss on iteration 6760 = 0.17960835648700596
Training loss on iteration 6780 = 0.4903207756578922
Training loss on iteration 6800 = 0.4809453273192048
Training loss on iteration 6820 = 0.3579546726308763
Training loss on iteration 6840 = 0.23308667982928455
Training loss on iteration 6860 = 0.22697278652340175
Training loss on iteration 6880 = 0.2757368655875325
Training loss on iteration 6900 = 0.2894021637737751
Training loss on iteration 6920 = 0.23907694406807423
Training loss on iteration 6940 = 0.3298245955258608
Training loss on iteration 6960 = 0.19274716656655072
Training loss on iteration 6980 = 0.23954035751521588
Training loss on iteration 7000 = 0.21532532814890146
Training loss on iteration 7020 = 0.17692197910510005
Training loss on iteration 7040 = 0.2585778926499188
Training loss on iteration 7060 = 0.23757745968177915
Training loss on iteration 7080 = 0.2641875300556421
Training loss on iteration 7100 = 0.2926605816464871
Training loss on iteration 7120 = 0.225116378441453
Training loss on iteration 7140 = 0.2646896922495216
Training loss on iteration 7160 = 0.28004480339586735
Training loss on iteration 7180 = 0.2911022087559104
Training loss on iteration 7200 = 0.2878566548228264
Training loss on iteration 7220 = 0.24838641975075007
Training loss on iteration 7240 = 0.22472083845641463
Training loss on iteration 7260 = 0.3036713033914566
Training loss on iteration 7280 = 0.3436082735657692
Training loss on iteration 7300 = 0.536904837237671
Training loss on iteration 7320 = 0.38663442521356045
Training loss on iteration 7340 = 0.20050993105396628
Training loss on iteration 7360 = 0.2855830155313015
Training loss on iteration 7380 = 0.31840019300580025
Training loss on iteration 7400 = 0.4336664091795683
Training loss on iteration 7420 = 0.2579625803977251
Training loss on iteration 7440 = 0.24996003778651357
Training loss on iteration 7460 = 0.2869292562827468
Training loss on iteration 7480 = 0.3300655968487263
### EVAL:: Epoch 5:: Loss = 0.21345182848794395 :: ACC = 0.9133751403968551, AUC = 0.9004659798428452, EER = 0.16482590789966306
Training on epoch 6
Training loss on iteration 0 = 0.20117905735969543
Training loss on iteration 20 = 0.36158393807709216
Training loss on iteration 40 = 0.32245943397283555
Training loss on iteration 60 = 0.16837389376014472
Training loss on iteration 80 = 0.22499698232859372
Training loss on iteration 100 = 0.19747661128640176
Training loss on iteration 120 = 0.21059710397385062
Training loss on iteration 140 = 0.27599512771703305
Training loss on iteration 160 = 0.302592309191823
Training loss on iteration 180 = 0.33928654827177523
Training loss on iteration 200 = 0.2436643110937439
Training loss on iteration 220 = 0.407628530357033
Training loss on iteration 240 = 0.26079949252307416
Training loss on iteration 260 = 0.20163890663534403
Training loss on iteration 280 = 0.26555792726576327
Training loss on iteration 300 = 0.39137084744870665
Training loss on iteration 320 = 0.3925956480205059
Training loss on iteration 340 = 0.25629139626398684
Training loss on iteration 360 = 0.3136520257219672
Training loss on iteration 380 = 0.2874814111739397
Training loss on iteration 400 = 0.24417305886745452
Training loss on iteration 420 = 0.20459805512800813
Training loss on iteration 440 = 0.2790839050896466
Training loss on iteration 460 = 0.273874202510342
Training loss on iteration 480 = 0.2909566566348076
Training loss on iteration 500 = 0.26774813383817675
Training loss on iteration 520 = 0.27797396704554556
Training loss on iteration 540 = 0.220664684753865
Training loss on iteration 560 = 0.2579633492045105
Training loss on iteration 580 = 0.5430782772600651
Training loss on iteration 600 = 0.2146223746240139
Training loss on iteration 620 = 0.2575134484563023
Training loss on iteration 640 = 0.23888177366461605
Training loss on iteration 660 = 0.2137047769036144
Training loss on iteration 680 = 0.2392744119744748
Training loss on iteration 700 = 0.2309534741565585
Training loss on iteration 720 = 0.2799160221591592
Training loss on iteration 740 = 0.30157214365899565
Training loss on iteration 760 = 0.2894084478728473
Training loss on iteration 780 = 0.23539768122136592
Training loss on iteration 800 = 0.3002353991381824
Training loss on iteration 820 = 0.22164015751332045
Training loss on iteration 840 = 0.3205043565481901
Training loss on iteration 860 = 0.2304706418537535
Training loss on iteration 880 = 0.2198628220707178
Training loss on iteration 900 = 0.2615378152579069
Training loss on iteration 920 = 0.23073549065738916
Training loss on iteration 940 = 0.3381556309759617
Training loss on iteration 960 = 0.3068583975546062
Training loss on iteration 980 = 0.41411221572197976
Training loss on iteration 1000 = 0.27196760531514885
Training loss on iteration 1020 = 0.24976150845177472
Training loss on iteration 1040 = 0.3252540407702327
Training loss on iteration 1060 = 0.28853406105190516
Training loss on iteration 1080 = 0.2482752103358507
Training loss on iteration 1100 = 0.24492073031142353
Training loss on iteration 1120 = 0.3032946217805147
Training loss on iteration 1140 = 0.23409866960719228
Training loss on iteration 1160 = 0.2437385484110564
Training loss on iteration 1180 = 0.28355105477385223
Training loss on iteration 1200 = 0.32266957182437184
Training loss on iteration 1220 = 0.25011664219200613
Training loss on iteration 1240 = 0.16954065700992943
Training loss on iteration 1260 = 0.1637393235694617
Training loss on iteration 1280 = 0.2611768987029791
Training loss on iteration 1300 = 0.20965493824332954
Training loss on iteration 1320 = 0.22942631938494742
Training loss on iteration 1340 = 0.16759469639509916
Training loss on iteration 1360 = 0.17902677999809385
Training loss on iteration 1380 = 0.2848636328242719
Training loss on iteration 1400 = 0.33471351973712443
Training loss on iteration 1420 = 0.19277046397328376
Training loss on iteration 1440 = 0.2944229851127602
Training loss on iteration 1460 = 0.2338319407775998
Training loss on iteration 1480 = 0.6678255584090949
Training loss on iteration 1500 = 0.624320859927684
Training loss on iteration 1520 = 0.7326435077935457
Training loss on iteration 1540 = 0.3151242807507515
Training loss on iteration 1560 = 0.2908078828826547
Training loss on iteration 1580 = 0.25263081565499307
Training loss on iteration 1600 = 0.5871399471536278
Training loss on iteration 1620 = 0.29642354864627124
Training loss on iteration 1640 = 0.2691218016785569
Training loss on iteration 1660 = 0.30852759154513476
Training loss on iteration 1680 = 0.2706852927338332
Training loss on iteration 1700 = 0.2902586691081524
Training loss on iteration 1720 = 0.25765875931829213
Training loss on iteration 1740 = 0.20997427254915238
Training loss on iteration 1760 = 0.27534126066602765
Training loss on iteration 1780 = 0.3932836202904582
Training loss on iteration 1800 = 0.5382462337613105
Training loss on iteration 1820 = 0.3982878437265754
Training loss on iteration 1840 = 0.3034895991906524
Training loss on iteration 1860 = 0.15734669896773995
Training loss on iteration 1880 = 0.2874336187262088
Training loss on iteration 1900 = 0.27229641531594095
Training loss on iteration 1920 = 0.387242553383112
Training loss on iteration 1940 = 0.29078401513397695
Training loss on iteration 1960 = 0.3987585552036762
Training loss on iteration 1980 = 0.36202703397721053
Training loss on iteration 2000 = 0.1753826703876257
Training loss on iteration 2020 = 0.33912954200059175
Training loss on iteration 2040 = 0.319656802713871
Training loss on iteration 2060 = 0.24063678849488496
Training loss on iteration 2080 = 0.28096697805449367
Training loss on iteration 2100 = 0.23381023127585648
Training loss on iteration 2120 = 0.13996218857355416
Training loss on iteration 2140 = 0.18286843188107013
Training loss on iteration 2160 = 0.330030076764524
Training loss on iteration 2180 = 0.402119205519557
Training loss on iteration 2200 = 0.2608753301203251
Training loss on iteration 2220 = 0.23013269044458867
Training loss on iteration 2240 = 0.10303347145672888
Training loss on iteration 2260 = 0.3198790656402707
Training loss on iteration 2280 = 0.2909800786525011
Training loss on iteration 2300 = 0.18399053867906331
Training loss on iteration 2320 = 0.36200087890028954
Training loss on iteration 2340 = 0.22733327373862267
Training loss on iteration 2360 = 0.29576345076784494
Training loss on iteration 2380 = 0.21946458118036388
Training loss on iteration 2400 = 0.24057528567500414
Training loss on iteration 2420 = 0.26300765834748746
Training loss on iteration 2440 = 0.15790144545026125
Training loss on iteration 2460 = 0.27342497343197464
Training loss on iteration 2480 = 0.3501057708635926
Training loss on iteration 2500 = 0.23793430575169622
Training loss on iteration 2520 = 0.23474069386720658
Training loss on iteration 2540 = 0.23350910674780606
Training loss on iteration 2560 = 0.14738079737871884
Training loss on iteration 2580 = 0.13982118885032832
Training loss on iteration 2600 = 0.2308007897459902
Training loss on iteration 2620 = 0.33395845890045167
Training loss on iteration 2640 = 0.3500936574302614
Training loss on iteration 2660 = 0.24126604460179807
Training loss on iteration 2680 = 0.26864490630105137
Training loss on iteration 2700 = 0.23746155593544244
Training loss on iteration 2720 = 0.22199049177579583
Training loss on iteration 2740 = 0.26289645074866713
Training loss on iteration 2760 = 0.19320242590038106
Training loss on iteration 2780 = 0.1670150537509471
Training loss on iteration 2800 = 0.20527050169184805
Training loss on iteration 2820 = 0.15013988688588142
Training loss on iteration 2840 = 0.330758614372462
Training loss on iteration 2860 = 0.1789435438811779
Training loss on iteration 2880 = 0.25581169771030543
Training loss on iteration 2900 = 0.21747498335316778
Training loss on iteration 2920 = 0.31520348428748546
Training loss on iteration 2940 = 0.22413801923394203
Training loss on iteration 2960 = 0.26822230592370033
Training loss on iteration 2980 = 0.22980319205671548
Training loss on iteration 3000 = 0.20688011832535266
Training loss on iteration 3020 = 0.22173039764165878
Training loss on iteration 3040 = 0.22218399737030267
Training loss on iteration 3060 = 0.19108785809949042
Training loss on iteration 3080 = 0.2913940904662013
Training loss on iteration 3100 = 0.2719201867468655
Training loss on iteration 3120 = 0.20841049682348967
Training loss on iteration 3140 = 0.24433633591979742
Training loss on iteration 3160 = 0.2672187796793878
Training loss on iteration 3180 = 0.29030829947441816
Training loss on iteration 3200 = 0.263172153942287
Training loss on iteration 3220 = 0.24606560375541447
Training loss on iteration 3240 = 0.3050414454191923
Training loss on iteration 3260 = 0.25923337154090403
Training loss on iteration 3280 = 0.403115414083004
Training loss on iteration 3300 = 0.37406504563987253
Training loss on iteration 3320 = 0.23259986496996135
Training loss on iteration 3340 = 0.24887729727197438
Training loss on iteration 3360 = 0.17885231534019114
Training loss on iteration 3380 = 0.4380844350904226
Training loss on iteration 3400 = 0.2698983332142234
Training loss on iteration 3420 = 0.2005526449531317
Training loss on iteration 3440 = 0.2812774069607258
Training loss on iteration 3460 = 0.14407936884090305
Training loss on iteration 3480 = 0.25995163549669087
Training loss on iteration 3500 = 0.22962651220150293
Training loss on iteration 3520 = 0.28086641726549716
Training loss on iteration 3540 = 0.2681800348684192
Training loss on iteration 3560 = 0.2064399658702314
Training loss on iteration 3580 = 0.3098792710341513
Training loss on iteration 3600 = 0.1864367127418518
Training loss on iteration 3620 = 0.2474398508667946
Training loss on iteration 3640 = 0.2119895008392632
Training loss on iteration 3660 = 0.17093443740159273
Training loss on iteration 3680 = 0.2072409549728036
Training loss on iteration 3700 = 0.2676643828395754
Training loss on iteration 3720 = 0.2919330556411296
Training loss on iteration 3740 = 0.22790547348558904
Training loss on iteration 3760 = 0.17003149404190482
Training loss on iteration 3780 = 0.25935985799878836
Training loss on iteration 3800 = 0.27108524991199373
Training loss on iteration 3820 = 0.36657986901700496
Training loss on iteration 3840 = 0.3160584982484579
Training loss on iteration 3860 = 0.19983113333582878
Training loss on iteration 3880 = 0.3115004491060972
Training loss on iteration 3900 = 0.24097448792308568
Training loss on iteration 3920 = 0.24757392536848782
Training loss on iteration 3940 = 0.3592541662976146
Training loss on iteration 3960 = 0.3657026931643486
Training loss on iteration 3980 = 0.3215699557680637
Training loss on iteration 4000 = 0.25139343487098814
Training loss on iteration 4020 = 0.2839376023039222
Training loss on iteration 4040 = 0.2597643920220435
Training loss on iteration 4060 = 0.16389881651848554
Training loss on iteration 4080 = 0.2788034817669541
Training loss on iteration 4100 = 0.4423518316820264
Training loss on iteration 4120 = 0.19302014503628015
Training loss on iteration 4140 = 0.28343794252723453
Training loss on iteration 4160 = 0.346829495113343
Training loss on iteration 4180 = 0.24007065827026963
Training loss on iteration 4200 = 0.3778547400608659
Training loss on iteration 4220 = 0.2384886465035379
Training loss on iteration 4240 = 0.3209905928000808
Training loss on iteration 4260 = 0.3605934284627438
Training loss on iteration 4280 = 0.28720217347145083
Training loss on iteration 4300 = 0.37743421997874976
Training loss on iteration 4320 = 0.24495050944387914
Training loss on iteration 4340 = 0.2886782821267843
Training loss on iteration 4360 = 0.22515889815986156
Training loss on iteration 4380 = 0.27524633184075353
Training loss on iteration 4400 = 0.2326682236045599
Training loss on iteration 4420 = 0.27945786975324155
Training loss on iteration 4440 = 0.3145053313113749
Training loss on iteration 4460 = 0.2614790412597358
Training loss on iteration 4480 = 0.31630036495625974
Training loss on iteration 4500 = 0.24094117265194653
Training loss on iteration 4520 = 0.1690524292178452
Training loss on iteration 4540 = 0.25399494427256286
Training loss on iteration 4560 = 0.3139429221861064
Training loss on iteration 4580 = 0.27154344734735786
Training loss on iteration 4600 = 0.30801153723150493
Training loss on iteration 4620 = 0.3277497767005116
Training loss on iteration 4640 = 0.18081478355452418
Training loss on iteration 4660 = 0.19972862233407795
Training loss on iteration 4680 = 0.2947430434636772
Training loss on iteration 4700 = 0.23814196847379207
Training loss on iteration 4720 = 0.24317250391468406
Training loss on iteration 4740 = 0.23823414593935013
Training loss on iteration 4760 = 0.21376121817156674
Training loss on iteration 4780 = 0.18611371861770748
Training loss on iteration 4800 = 0.2981998885283247
Training loss on iteration 4820 = 0.3351118084043264
Training loss on iteration 4840 = 0.36622310020029547
Training loss on iteration 4860 = 0.22808098839595914
Training loss on iteration 4880 = 0.3154920034110546
Training loss on iteration 4900 = 0.25132319442927836
Training loss on iteration 4920 = 0.27892404329031706
Training loss on iteration 4940 = 0.21453549806028605
Training loss on iteration 4960 = 0.2448071526363492
Training loss on iteration 4980 = 0.2622457712888718
Training loss on iteration 5000 = 0.17328073186799883
Training loss on iteration 5020 = 0.19952818606980144
Training loss on iteration 5040 = 0.28589462880045174
Training loss on iteration 5060 = 0.1947773678228259
Training loss on iteration 5080 = 0.3044531837105751
Training loss on iteration 5100 = 0.2667409942485392
Training loss on iteration 5120 = 0.317455087415874
Training loss on iteration 5140 = 0.29713001402560624
Training loss on iteration 5160 = 0.14143184099812062
Training loss on iteration 5180 = 0.26757746359799056
Training loss on iteration 5200 = 0.21766366474330426
Training loss on iteration 5220 = 0.18266193522140384
Training loss on iteration 5240 = 0.21379768225597218
Training loss on iteration 5260 = 0.274385379999876
Training loss on iteration 5280 = 0.22653330359607934
Training loss on iteration 5300 = 0.24210548382252456
Training loss on iteration 5320 = 0.22057604836300015
Training loss on iteration 5340 = 0.1479167758487165
Training loss on iteration 5360 = 0.1544145116582513
Training loss on iteration 5380 = 0.2891307500656694
Training loss on iteration 5400 = 0.20251772170886398
Training loss on iteration 5420 = 0.49957651998847724
Training loss on iteration 5440 = 0.3755506427492946
Training loss on iteration 5460 = 0.2598414295818657
Training loss on iteration 5480 = 0.2660378495231271
Training loss on iteration 5500 = 0.147432298399508
Training loss on iteration 5520 = 0.2338454095646739
Training loss on iteration 5540 = 0.38733755024150013
Training loss on iteration 5560 = 0.21514659081585705
Training loss on iteration 5580 = 0.23974127676337958
Training loss on iteration 5600 = 0.20032646404579282
Training loss on iteration 5620 = 0.2731030968017876
Training loss on iteration 5640 = 0.37340548504143956
Training loss on iteration 5660 = 0.24614718207158148
Training loss on iteration 5680 = 0.18821268416941167
Training loss on iteration 5700 = 0.19031244446523488
Training loss on iteration 5720 = 0.2850001059472561
Training loss on iteration 5740 = 0.20825274493545293
Training loss on iteration 5760 = 0.17565615959465503
Training loss on iteration 5780 = 0.21737733893096448
Training loss on iteration 5800 = 0.17486486118286848
Training loss on iteration 5820 = 0.2990326165221632
Training loss on iteration 5840 = 0.14582247021608055
Training loss on iteration 5860 = 0.28522149277850983
Training loss on iteration 5880 = 0.2048206700477749
Training loss on iteration 5900 = 0.28254736987873913
Training loss on iteration 5920 = 0.25535918860696255
Training loss on iteration 5940 = 0.23909755889326334
Training loss on iteration 5960 = 0.17366764857433736
Training loss on iteration 5980 = 0.2860636538593099
Training loss on iteration 6000 = 0.218851386802271
Training loss on iteration 6020 = 0.1727471383754164
Training loss on iteration 6040 = 0.21325729377567768
Training loss on iteration 6060 = 0.17351080738008023
Training loss on iteration 6080 = 0.1697335512842983
Training loss on iteration 6100 = 0.27080844044685365
Training loss on iteration 6120 = 0.28608530214987693
Training loss on iteration 6140 = 0.25165299740619956
Training loss on iteration 6160 = 0.24040679587051272
Training loss on iteration 6180 = 0.2139250969514251
Training loss on iteration 6200 = 0.16788420450175182
Training loss on iteration 6220 = 0.2193773340433836
Training loss on iteration 6240 = 0.38710847236216067
Training loss on iteration 6260 = 0.30621650014072654
Training loss on iteration 6280 = 0.24688093159347774
Training loss on iteration 6300 = 0.1895936374552548
Training loss on iteration 6320 = 0.29552069269120695
Training loss on iteration 6340 = 0.1704023497411981
Training loss on iteration 6360 = 0.1725245701149106
Training loss on iteration 6380 = 0.20383819174021484
Training loss on iteration 6400 = 0.19925639107823373
Training loss on iteration 6420 = 0.27305418252944946
Training loss on iteration 6440 = 0.23272306211292743
Training loss on iteration 6460 = 0.29297020463272927
Training loss on iteration 6480 = 0.19186219451949
Training loss on iteration 6500 = 0.2759231749922037
Training loss on iteration 6520 = 0.22894251719117165
Training loss on iteration 6540 = 0.2813541220501065
Training loss on iteration 6560 = 0.2444872934371233
Training loss on iteration 6580 = 0.20723784547299146
Training loss on iteration 6600 = 0.2029928406700492
Training loss on iteration 6620 = 0.2807877317070961
Training loss on iteration 6640 = 0.27686532572843137
Training loss on iteration 6660 = 0.24313625693321228
Training loss on iteration 6680 = 0.2592620613053441
Training loss on iteration 6700 = 0.21032386496663094
Training loss on iteration 6720 = 0.1368318872526288
Training loss on iteration 6740 = 0.283316463814117
Training loss on iteration 6760 = 0.151514964341186
Training loss on iteration 6780 = 0.18727546851150692
Training loss on iteration 6800 = 0.19105057762935757
Training loss on iteration 6820 = 0.2064971614163369
Training loss on iteration 6840 = 0.2422309707850218
Training loss on iteration 6860 = 0.31064908907283095
Training loss on iteration 6880 = 0.1567286293255165
Training loss on iteration 6900 = 0.31947052720934155
Training loss on iteration 6920 = 0.28494212962687016
Training loss on iteration 6940 = 0.21878979858011008
Training loss on iteration 6960 = 0.27045487188734113
Training loss on iteration 6980 = 0.21274880804121493
Training loss on iteration 7000 = 0.1815866047516465
Training loss on iteration 7020 = 0.3185149420052767
Training loss on iteration 7040 = 0.2832453861832619
Training loss on iteration 7060 = 0.26555361188948157
Training loss on iteration 7080 = 0.2376433235127479
Training loss on iteration 7100 = 0.2982005005702376
Training loss on iteration 7120 = 0.13294863586779684
Training loss on iteration 7140 = 0.3346423050388694
Training loss on iteration 7160 = 0.28954123966395856
Training loss on iteration 7180 = 0.2835292781237513
Training loss on iteration 7200 = 0.24840694796293974
Training loss on iteration 7220 = 0.2041860561235808
Training loss on iteration 7240 = 0.2024748995900154
Training loss on iteration 7260 = 0.23990504974499344
Training loss on iteration 7280 = 0.2498637014068663
Training loss on iteration 7300 = 0.2506521312519908
Training loss on iteration 7320 = 0.14452384393662215
Training loss on iteration 7340 = 0.214803350251168
Training loss on iteration 7360 = 0.2391281843185425
Training loss on iteration 7380 = 0.16169960969127714
Training loss on iteration 7400 = 0.3102926468942314
Training loss on iteration 7420 = 0.18269910141825677
Training loss on iteration 7440 = 0.18532526991330087
Training loss on iteration 7460 = 0.1990455617196858
Training loss on iteration 7480 = 0.3401448626536876
### EVAL:: Epoch 6:: Loss = 0.1862687037275011 :: ACC = 0.9336858854361663, AUC = 0.8964503809865687, EER = 0.18204792212654436
Training on epoch 7
Training loss on iteration 0 = 0.021924441680312157
Training loss on iteration 20 = 0.1980249342042953
Training loss on iteration 40 = 0.23234810801222922
Training loss on iteration 60 = 0.3017600985243917
Training loss on iteration 80 = 0.24886808320879936
Training loss on iteration 100 = 0.33525824792450293
Training loss on iteration 120 = 0.27256079849321396
Training loss on iteration 140 = 0.35814048945903776
Training loss on iteration 160 = 0.20772888585925103
Training loss on iteration 180 = 0.35725983455777166
Training loss on iteration 200 = 0.12599421869963406
Training loss on iteration 220 = 0.23775403876788914
Training loss on iteration 240 = 0.19156166699249297
Training loss on iteration 260 = 0.20541518509853632
Training loss on iteration 280 = 0.17522217612713575
Training loss on iteration 300 = 0.3322241246700287
Training loss on iteration 320 = 0.23883156962692736
Training loss on iteration 340 = 0.292500008456409
Training loss on iteration 360 = 0.2219410290941596
Training loss on iteration 380 = 0.16405796529725195
Training loss on iteration 400 = 0.1864003177732229
Training loss on iteration 420 = 0.3482520325109363
Training loss on iteration 440 = 0.23933100863359869
Training loss on iteration 460 = 0.20385701956693084
Training loss on iteration 480 = 0.30513004483655093
Training loss on iteration 500 = 0.30153035148978236
Training loss on iteration 520 = 0.24834648594260217
Training loss on iteration 540 = 0.20716205063508825
Training loss on iteration 560 = 0.2840347609948367
Training loss on iteration 580 = 0.28359735701233146
Training loss on iteration 600 = 0.20988638876006008
Training loss on iteration 620 = 0.18246578567195684
Training loss on iteration 640 = 0.1843389575369656
Training loss on iteration 660 = 0.2912358311470598
Training loss on iteration 680 = 0.2851756640244275
Training loss on iteration 700 = 0.17524750765878708
Training loss on iteration 720 = 0.3220414696261287
Training loss on iteration 740 = 0.3279115092940629
Training loss on iteration 760 = 0.14022639684844762
Training loss on iteration 780 = 0.20676021198742092
Training loss on iteration 800 = 0.22033115628873928
Training loss on iteration 820 = 0.18947289250791072
Training loss on iteration 840 = 0.1297415585257113
Training loss on iteration 860 = 0.3045403710566461
Training loss on iteration 880 = 0.2206546044908464
Training loss on iteration 900 = 0.2544674310833216
Training loss on iteration 920 = 0.23246201388537885
Training loss on iteration 940 = 0.1310072487220168
Training loss on iteration 960 = 0.2477617402561009
Training loss on iteration 980 = 0.22734678704291583
Training loss on iteration 1000 = 0.1740244035143405
Training loss on iteration 1020 = 0.22206724314019083
Training loss on iteration 1040 = 0.28810126118478363
Training loss on iteration 1060 = 0.2911144014447927
Training loss on iteration 1080 = 0.22014776859432458
Training loss on iteration 1100 = 0.30725086443126204
Training loss on iteration 1120 = 0.2286813698709011
Training loss on iteration 1140 = 0.24901506723836064
Training loss on iteration 1160 = 0.34580890610814097
Training loss on iteration 1180 = 0.25342317880131304
Training loss on iteration 1200 = 0.2759291430003941
Training loss on iteration 1220 = 0.18070587944239377
Training loss on iteration 1240 = 0.2477365537546575
Training loss on iteration 1260 = 0.14588039354421198
Training loss on iteration 1280 = 0.2960036276839674
Training loss on iteration 1300 = 0.17733388715423642
Training loss on iteration 1320 = 0.19598067509941758
Training loss on iteration 1340 = 0.14876088136807084
Training loss on iteration 1360 = 0.27621469385921954
Training loss on iteration 1380 = 0.2355269357562065
Training loss on iteration 1400 = 0.3110320935957134
Training loss on iteration 1420 = 0.27514554783701894
Training loss on iteration 1440 = 0.41214574631303547
Training loss on iteration 1460 = 0.3366292436141521
Training loss on iteration 1480 = 0.2184491473250091
Training loss on iteration 1500 = 0.1589229906676337
Training loss on iteration 1520 = 0.21867773830890655
Training loss on iteration 1540 = 0.3013250005431473
Training loss on iteration 1560 = 0.30971287898719313
Training loss on iteration 1580 = 0.22631608303636314
Training loss on iteration 1600 = 0.30810980447568
Training loss on iteration 1620 = 0.18695703241974115
Training loss on iteration 1640 = 0.21957406271249055
Training loss on iteration 1660 = 0.21080278562149032
Training loss on iteration 1680 = 0.1384420466143638
Training loss on iteration 1700 = 0.18898904053494334
Training loss on iteration 1720 = 0.22990013372618706
Training loss on iteration 1740 = 0.2181432108161971
Training loss on iteration 1760 = 0.2648525459691882
Training loss on iteration 1780 = 0.18589722719043494
Training loss on iteration 1800 = 0.1676666867453605
Training loss on iteration 1820 = 0.17093622953398152
Training loss on iteration 1840 = 0.25719553483650087
Training loss on iteration 1860 = 0.2054788965731859
Training loss on iteration 1880 = 0.18136851685121655
Training loss on iteration 1900 = 0.2463191428221762
Training loss on iteration 1920 = 0.1898426800733432
Training loss on iteration 1940 = 0.234713403286878
Training loss on iteration 1960 = 0.2208405110053718
Training loss on iteration 1980 = 0.21612618770450354
Training loss on iteration 2000 = 0.23882527593523264
Training loss on iteration 2020 = 0.19525341321714224
Training loss on iteration 2040 = 0.2713463742285967
Training loss on iteration 2060 = 0.26857491824775936
Training loss on iteration 2080 = 0.25454863300547004
Training loss on iteration 2100 = 0.20869251918047665
Training loss on iteration 2120 = 0.17666453027632087
Training loss on iteration 2140 = 0.22468337463214993
Training loss on iteration 2160 = 0.2274533812131267
Training loss on iteration 2180 = 0.29325739908963444
Training loss on iteration 2200 = 0.2776844540145248
Training loss on iteration 2220 = 0.1613487012218684
Training loss on iteration 2240 = 0.23749709203839303
Training loss on iteration 2260 = 0.1666873545385897
Training loss on iteration 2280 = 0.24978078734129666
Training loss on iteration 2300 = 0.20818894528783857
Training loss on iteration 2320 = 0.1731827400624752
Training loss on iteration 2340 = 0.1441303351894021
Training loss on iteration 2360 = 0.25610759677365424
Training loss on iteration 2380 = 0.1533527340274304
Training loss on iteration 2400 = 0.1910145432455465
Training loss on iteration 2420 = 0.1692524210549891
Training loss on iteration 2440 = 0.22817790089175105
Training loss on iteration 2460 = 0.14991162242367864
Training loss on iteration 2480 = 0.19909874303266406
Training loss on iteration 2500 = 0.28920601280406116
Training loss on iteration 2520 = 0.21556754102930425
Training loss on iteration 2540 = 0.31969070229679347
Training loss on iteration 2560 = 0.27967343125492333
Training loss on iteration 2580 = 0.5299802239052951
Training loss on iteration 2600 = 0.2777152730850503
Training loss on iteration 2620 = 0.4508523061871529
Training loss on iteration 2640 = 0.32953428869950585
Training loss on iteration 2660 = 0.41873954073525965
Training loss on iteration 2680 = 0.23970326399430633
Training loss on iteration 2700 = 0.20613402511080495
Training loss on iteration 2720 = 0.32662305124104024
Training loss on iteration 2740 = 0.26231238995678724
Training loss on iteration 2760 = 0.24031021958217025
Training loss on iteration 2780 = 0.22716090623289348
Training loss on iteration 2800 = 0.22445353879593313
Training loss on iteration 2820 = 0.21050401034299285
Training loss on iteration 2840 = 0.15778551539988256
Training loss on iteration 2860 = 0.20476334113627673
Training loss on iteration 2880 = 0.20250233989208938
Training loss on iteration 2900 = 0.2922912572976202
Training loss on iteration 2920 = 0.18567882641218603
Training loss on iteration 2940 = 0.2122939510270953
Training loss on iteration 2960 = 0.22283624133560806
Training loss on iteration 2980 = 0.3119202757254243
Training loss on iteration 3000 = 0.25369079327210786
Training loss on iteration 3020 = 0.21259552801493556
Training loss on iteration 3040 = 0.2635714919306338
Training loss on iteration 3060 = 0.29992620898410677
Training loss on iteration 3080 = 0.1663178088143468
Training loss on iteration 3100 = 0.22256868435069918
Training loss on iteration 3120 = 0.19916878324002027
Training loss on iteration 3140 = 0.20721482569351793
Training loss on iteration 3160 = 0.2912061832845211
Training loss on iteration 3180 = 0.24340547639876603
Training loss on iteration 3200 = 0.20679121515713633
Training loss on iteration 3220 = 0.36763377729803326
Training loss on iteration 3240 = 0.2802668407559395
Training loss on iteration 3260 = 0.20203411523252726
Training loss on iteration 3280 = 0.20434236340224743
Training loss on iteration 3300 = 0.24820068180561067
Training loss on iteration 3320 = 0.28692929409444334
Training loss on iteration 3340 = 0.1746047688939143
Training loss on iteration 3360 = 0.09067708514630794
Training loss on iteration 3380 = 0.17457617945037782
Training loss on iteration 3400 = 0.20164629705250264
Training loss on iteration 3420 = 0.22151984721422197
Training loss on iteration 3440 = 0.13779936558566988
Training loss on iteration 3460 = 0.22586272156331688
Training loss on iteration 3480 = 0.16921234610490501
Training loss on iteration 3500 = 0.1170313416980207
Training loss on iteration 3520 = 0.2603158253012225
Training loss on iteration 3540 = 0.2480313890730031
Training loss on iteration 3560 = 0.3815716494107619
Training loss on iteration 3580 = 0.18342834943905473
Training loss on iteration 3600 = 0.1371231430210173
Training loss on iteration 3620 = 0.2218179804738611
Training loss on iteration 3640 = 0.13071172193158417
Training loss on iteration 3660 = 0.1968320289859548
Training loss on iteration 3680 = 0.20938495823647826
Training loss on iteration 3700 = 0.18504925183951854
Training loss on iteration 3720 = 0.1516028550453484
Training loss on iteration 3740 = 0.19860739121213555
Training loss on iteration 3760 = 0.341639235522598
Training loss on iteration 3780 = 0.2853974698111415
Training loss on iteration 3800 = 0.365665752440691
Training loss on iteration 3820 = 0.1787689076270908
Training loss on iteration 3840 = 0.4524435522966087
Training loss on iteration 3860 = 0.2852576925419271
Training loss on iteration 3880 = 0.3077240110374987
Training loss on iteration 3900 = 0.23367711078608408
Training loss on iteration 3920 = 0.2066400253213942
Training loss on iteration 3940 = 0.19817876629531384
Training loss on iteration 3960 = 0.24583411600324326
Training loss on iteration 3980 = 0.2905520374304615
Training loss on iteration 4000 = 0.35059152618050576
Training loss on iteration 4020 = 0.2744397269561887
Training loss on iteration 4040 = 0.340662750788033
Training loss on iteration 4060 = 0.2697988776024431
Training loss on iteration 4080 = 0.2323975988663733
Training loss on iteration 4100 = 0.1650178985670209
Training loss on iteration 4120 = 0.3393939896253869
Training loss on iteration 4140 = 0.5032579138875007
Training loss on iteration 4160 = 0.17833202524343506
Training loss on iteration 4180 = 0.2258751426823437
Training loss on iteration 4200 = 0.26208483390510084
Training loss on iteration 4220 = 0.21877685345243664
Training loss on iteration 4240 = 0.211778650758788
Training loss on iteration 4260 = 0.23781628729775547
Training loss on iteration 4280 = 0.2699377276003361
Training loss on iteration 4300 = 0.1514439696446061
Training loss on iteration 4320 = 0.3104391697794199
Training loss on iteration 4340 = 0.20890536177903413
Training loss on iteration 4360 = 0.2582124376669526
Training loss on iteration 4380 = 0.3518630973063409
Training loss on iteration 4400 = 0.3535645368043333
Training loss on iteration 4420 = 0.1988272940274328
Training loss on iteration 4440 = 0.20543381473980843
Training loss on iteration 4460 = 0.14309504274278878
Training loss on iteration 4480 = 0.1685469899326563
Training loss on iteration 4500 = 0.2144711919128895
Training loss on iteration 4520 = 0.22220503746066242
Training loss on iteration 4540 = 0.1867263626307249
Training loss on iteration 4560 = 0.20885617658495903
Training loss on iteration 4580 = 0.28501348560675976
Training loss on iteration 4600 = 0.1460328389890492
Training loss on iteration 4620 = 0.24393840366974473
Training loss on iteration 4640 = 0.17220258004963399
Training loss on iteration 4660 = 0.22404619017615915
Training loss on iteration 4680 = 0.2951378932222724
Training loss on iteration 4700 = 0.22442577034235
Training loss on iteration 4720 = 0.31741007035598157
Training loss on iteration 4740 = 0.14426172599196435
Training loss on iteration 4760 = 0.19686359676998108
Training loss on iteration 4780 = 0.25467095552012325
Training loss on iteration 4800 = 0.2564132744912058
Training loss on iteration 4820 = 0.2581737684085965
Training loss on iteration 4840 = 0.19252730794250966
Training loss on iteration 4860 = 0.20760045764036478
Training loss on iteration 4880 = 0.26699649412184956
Training loss on iteration 4900 = 0.15204250188544394
Training loss on iteration 4920 = 0.2242353164125234
Training loss on iteration 4940 = 0.20647920701885597
Training loss on iteration 4960 = 0.21930696722120047
Training loss on iteration 4980 = 0.18583654339890926
Training loss on iteration 5000 = 0.14118861643364652
Training loss on iteration 5020 = 0.24559924649074674
Training loss on iteration 5040 = 0.17954443711787463
Training loss on iteration 5060 = 0.28693591225892306
Training loss on iteration 5080 = 0.2743618546053767
Training loss on iteration 5100 = 0.22432994861155747
Training loss on iteration 5120 = 0.29299891395494343
Training loss on iteration 5140 = 0.15315295662730932
Training loss on iteration 5160 = 0.12442581871291622
Training loss on iteration 5180 = 0.19977448132558492
Training loss on iteration 5200 = 0.18270614491775633
Training loss on iteration 5220 = 0.21753846579231323
Training loss on iteration 5240 = 0.2355483740568161
Training loss on iteration 5260 = 0.2007883143145591
Training loss on iteration 5280 = 0.1408845350611955
Training loss on iteration 5300 = 0.32313721235841514
Training loss on iteration 5320 = 0.19498912170529364
Training loss on iteration 5340 = 0.16141177404206247
Training loss on iteration 5360 = 0.20618002666160465
Training loss on iteration 5380 = 0.1473896595882252
Training loss on iteration 5400 = 0.22265673759393395
Training loss on iteration 5420 = 0.31184431398287416
Training loss on iteration 5440 = 0.16398836837615818
Training loss on iteration 5460 = 0.24146763738244773
Training loss on iteration 5480 = 0.23153386870399117
Training loss on iteration 5500 = 0.20932990312576294
Training loss on iteration 5520 = 0.20693816859275102
Training loss on iteration 5540 = 0.22038135509938
Training loss on iteration 5560 = 0.20725587762426584
Training loss on iteration 5580 = 0.2181610969826579
Training loss on iteration 5600 = 0.27415798176079986
Training loss on iteration 5620 = 0.2799299264326692
Training loss on iteration 5640 = 0.17856156621128322
Training loss on iteration 5660 = 0.21403258983045817
Training loss on iteration 5680 = 0.19752679793164135
Training loss on iteration 5700 = 0.21331041203811765
Training loss on iteration 5720 = 0.2667940133716911
Training loss on iteration 5740 = 0.22683462034910917
Training loss on iteration 5760 = 0.21976261353120208
Training loss on iteration 5780 = 0.15775753492489458
Training loss on iteration 5800 = 0.2818730194121599
Training loss on iteration 5820 = 0.23286781460046768
Training loss on iteration 5840 = 0.13338492196053267
Training loss on iteration 5860 = 0.20592441889457405
Training loss on iteration 5880 = 0.2147720791399479
Training loss on iteration 5900 = 0.2148114163428545
Training loss on iteration 5920 = 0.24390286151319743
Training loss on iteration 5940 = 0.2111954942345619
Training loss on iteration 5960 = 0.13174677593633533
Training loss on iteration 5980 = 0.16381900925189258
Training loss on iteration 6000 = 0.27518461076542733
Training loss on iteration 6020 = 0.27507298784330486
Training loss on iteration 6040 = 0.2568508187308908
Training loss on iteration 6060 = 0.21789926197379827
Training loss on iteration 6080 = 0.28178960643708706
Training loss on iteration 6100 = 0.3436844350770116
Training loss on iteration 6120 = 0.19737733896181453
Training loss on iteration 6140 = 0.2821116290986538
Training loss on iteration 6160 = 0.2502689024433494
Training loss on iteration 6180 = 0.17951290644705295
Training loss on iteration 6200 = 0.23872679140185937
Training loss on iteration 6220 = 0.3014370784163475
Training loss on iteration 6240 = 0.17826068648137153
Training loss on iteration 6260 = 0.26133404807187616
Training loss on iteration 6280 = 0.22917592842131854
Training loss on iteration 6300 = 0.21446832027286292
Training loss on iteration 6320 = 0.2555542827118188
Training loss on iteration 6340 = 0.16941559445112944
Training loss on iteration 6360 = 0.2852737277280539
Training loss on iteration 6380 = 0.25110348192974924
Training loss on iteration 6400 = 0.19696022621355952
Training loss on iteration 6420 = 0.12199289260897786
Training loss on iteration 6440 = 0.22340537779964506
Training loss on iteration 6460 = 0.28817215384915473
Training loss on iteration 6480 = 0.22585071809589863
Training loss on iteration 6500 = 0.2642776472494006
Training loss on iteration 6520 = 0.2164406797848642
Training loss on iteration 6540 = 0.20673673124983907
Training loss on iteration 6560 = 0.1930957410717383
Training loss on iteration 6580 = 0.21356972185894846
Training loss on iteration 6600 = 0.19405497377738357
Training loss on iteration 6620 = 0.11912327057216317
Training loss on iteration 6640 = 0.27970583867281673
Training loss on iteration 6660 = 0.1825381719507277
Training loss on iteration 6680 = 0.21343705262988805
Training loss on iteration 6700 = 0.15727811846882106
Training loss on iteration 6720 = 0.1755197077989578
Training loss on iteration 6740 = 0.19047068174113518
Training loss on iteration 6760 = 0.15658192066475748
Training loss on iteration 6780 = 0.46271043084561825
Training loss on iteration 6800 = 0.20132666344288735
Training loss on iteration 6820 = 0.19951969319954516
Training loss on iteration 6840 = 0.26584757193923
Training loss on iteration 6860 = 0.33490999694913626
Training loss on iteration 6880 = 0.20884860642254352
Training loss on iteration 6900 = 0.21550200468627737
Training loss on iteration 6920 = 0.24408716093748808
Training loss on iteration 6940 = 0.18247106077615172
Training loss on iteration 6960 = 0.19293573554605245
Training loss on iteration 6980 = 0.2031759752891958
Training loss on iteration 7000 = 0.25094988038763405
Training loss on iteration 7020 = 0.13080066798720508
Training loss on iteration 7040 = 0.2762360321357846
Training loss on iteration 7060 = 0.2619357141200453
Training loss on iteration 7080 = 0.10476521025411785
Training loss on iteration 7100 = 0.21258890475146472
Training loss on iteration 7120 = 0.2181188846938312
Training loss on iteration 7140 = 0.23265885151922702
Training loss on iteration 7160 = 0.24323918838053943
Training loss on iteration 7180 = 0.22920023628976197
Training loss on iteration 7200 = 0.1329430799349211
Training loss on iteration 7220 = 0.22235176851972938
Training loss on iteration 7240 = 0.14470450673252344
Training loss on iteration 7260 = 0.2749278608709574
Training loss on iteration 7280 = 0.29548798836767676
Training loss on iteration 7300 = 0.17197277960367502
Training loss on iteration 7320 = 0.18625255543738603
Training loss on iteration 7340 = 0.21853217044845225
Training loss on iteration 7360 = 0.2731060548685491
Training loss on iteration 7380 = 0.3242142179980874
Training loss on iteration 7400 = 0.23911712220869957
Training loss on iteration 7420 = 0.22792421659687534
Training loss on iteration 7440 = 0.2642146388068795
Training loss on iteration 7460 = 0.17432353449985385
Training loss on iteration 7480 = 0.14430535165593028
### EVAL:: Epoch 7:: Loss = 0.2947411811257873 :: ACC = 0.8744852115312617, AUC = 0.9085846167798367, EER = 0.18167353051291651
Training on epoch 8
Training loss on iteration 0 = 0.07634524255990982
Training loss on iteration 20 = 0.2212237155996263
Training loss on iteration 40 = 0.10888091562082991
Training loss on iteration 60 = 0.29626112333498894
Training loss on iteration 80 = 0.2237752937246114
Training loss on iteration 100 = 0.24494517976418137
Training loss on iteration 120 = 0.21947984248399735
Training loss on iteration 140 = 0.23982567568309604
Training loss on iteration 160 = 0.24593382133170963
Training loss on iteration 180 = 0.2362605718197301
Training loss on iteration 200 = 0.20635235188528894
Training loss on iteration 220 = 0.21333278864622116
Training loss on iteration 240 = 0.2519658747129142
Training loss on iteration 260 = 0.23515261271968485
Training loss on iteration 280 = 0.2511361469398253
Training loss on iteration 300 = 0.20890323610510678
Training loss on iteration 320 = 0.1834495255490765
Training loss on iteration 340 = 0.2583064895123243
Training loss on iteration 360 = 0.2623332085437141
Training loss on iteration 380 = 0.13485911949537693
Training loss on iteration 400 = 0.17883296646177768
Training loss on iteration 420 = 0.26126245777122675
Training loss on iteration 440 = 0.14821791430003942
Training loss on iteration 460 = 0.19460161707829685
Training loss on iteration 480 = 0.2679237618111074
Training loss on iteration 500 = 0.363480828050524
Training loss on iteration 520 = 0.14854825624497608
Training loss on iteration 540 = 0.2907436178997159
Training loss on iteration 560 = 0.2167921186424792
Training loss on iteration 580 = 0.2601393169723451
Training loss on iteration 600 = 0.247212309227325
Training loss on iteration 620 = 0.16989758787676693
Training loss on iteration 640 = 0.17147188372910022
Training loss on iteration 660 = 0.2274520173901692
Training loss on iteration 680 = 0.3535490436479449
Training loss on iteration 700 = 0.2663625253364444
Training loss on iteration 720 = 0.14970804788172246
Training loss on iteration 740 = 0.33483772082254293
Training loss on iteration 760 = 0.1853301592171192
Training loss on iteration 780 = 0.2627001724205911
Training loss on iteration 800 = 0.24591663852334023
Training loss on iteration 820 = 0.2037148447241634
Training loss on iteration 840 = 0.24335702871903778
Training loss on iteration 860 = 0.2222251476254314
Training loss on iteration 880 = 0.19190287895035
Training loss on iteration 900 = 0.24726395402103662
Training loss on iteration 920 = 0.3727797116152942
Training loss on iteration 940 = 0.22572224186733364
Training loss on iteration 960 = 0.30269590495154264
Training loss on iteration 980 = 0.34625637615099547
Training loss on iteration 1000 = 0.2896985276136547
Training loss on iteration 1020 = 0.2757096459157765
Training loss on iteration 1040 = 0.13410189407877623
Training loss on iteration 1060 = 0.23616448616376146
Training loss on iteration 1080 = 0.17035784823819994
Training loss on iteration 1100 = 0.11297636106610298
Training loss on iteration 1120 = 0.19062892707588616
Training loss on iteration 1140 = 0.25695360032841563
Training loss on iteration 1160 = 0.24451989317312836
Training loss on iteration 1180 = 0.21281604217365385
Training loss on iteration 1200 = 0.17972816284745932
Training loss on iteration 1220 = 0.22775132777169346
Training loss on iteration 1240 = 0.19245830439031125
Training loss on iteration 1260 = 0.07946961651323363
Training loss on iteration 1280 = 0.1250135828391649
Training loss on iteration 1300 = 0.22497779084951616
Training loss on iteration 1320 = 0.16144924201071262
Training loss on iteration 1340 = 0.21370217567309738
Training loss on iteration 1360 = 0.18332711458206177
Training loss on iteration 1380 = 0.2100601878017187
Training loss on iteration 1400 = 0.20840848069638013
Training loss on iteration 1420 = 0.254569099098444
Training loss on iteration 1440 = 0.2972811629530042
Training loss on iteration 1460 = 0.1543962141033262
Training loss on iteration 1480 = 0.15574818074237556
Training loss on iteration 1500 = 0.21462847208604216
Training loss on iteration 1520 = 0.13963580053532496
Training loss on iteration 1540 = 0.23804505141451954
Training loss on iteration 1560 = 0.23190502622164785
Training loss on iteration 1580 = 0.19315861274953933
Training loss on iteration 1600 = 0.29993275329470637
Training loss on iteration 1620 = 0.1926014694850892
Training loss on iteration 1640 = 0.2134752837009728
Training loss on iteration 1660 = 0.2899583986029029
Training loss on iteration 1680 = 0.2999859312083572
Training loss on iteration 1700 = 0.31883805952966215
Training loss on iteration 1720 = 0.2356984658166766
Training loss on iteration 1740 = 0.2222173403017223
Training loss on iteration 1760 = 0.38671396104618905
Training loss on iteration 1780 = 0.29161852356046436
Training loss on iteration 1800 = 0.24177245385944843
Training loss on iteration 1820 = 0.16431879384326747
Training loss on iteration 1840 = 0.15440374915488064
Training loss on iteration 1860 = 0.1721751023316756
Training loss on iteration 1880 = 0.25749073806218803
Training loss on iteration 1900 = 0.26221612421795726
Training loss on iteration 1920 = 0.15412706113420427
Training loss on iteration 1940 = 0.18086629500612617
Training loss on iteration 1960 = 0.22017404912039637
Training loss on iteration 1980 = 0.26297852080315354
Training loss on iteration 2000 = 0.34644341953098773
Training loss on iteration 2020 = 0.28060952415689827
Training loss on iteration 2040 = 0.24452595794573426
Training loss on iteration 2060 = 0.3316763012204319
Training loss on iteration 2080 = 0.3218707378488034
Training loss on iteration 2100 = 0.4608130618929863
Training loss on iteration 2120 = 0.3851376574486494
Training loss on iteration 2140 = 0.3320504376664758
Training loss on iteration 2160 = 0.34960890128277244
Training loss on iteration 2180 = 0.24827102683484553
Training loss on iteration 2200 = 0.2539460690692067
Training loss on iteration 2220 = 0.2384507769718766
Training loss on iteration 2240 = 0.17572435652837157
Training loss on iteration 2260 = 0.21853025865275413
Training loss on iteration 2280 = 0.20814057728275656
Training loss on iteration 2300 = 0.17811174085363746
Training loss on iteration 2320 = 0.2691427659243345
Training loss on iteration 2340 = 0.3168964020907879
Training loss on iteration 2360 = 0.28172167893499134
Training loss on iteration 2380 = 0.2726520414464176
Training loss on iteration 2400 = 0.2894185791257769
Training loss on iteration 2420 = 0.2285844656638801
Training loss on iteration 2440 = 0.25604436732828617
Training loss on iteration 2460 = 0.18719571327092127
Training loss on iteration 2480 = 0.16507672877050936
Training loss on iteration 2500 = 0.14695456924382597
Training loss on iteration 2520 = 0.2243013585684821
Training loss on iteration 2540 = 0.22126407431205736
Training loss on iteration 2560 = 0.16142072579823435
Training loss on iteration 2580 = 0.17821812275797128
Training loss on iteration 2600 = 0.14512809859588743
Training loss on iteration 2620 = 0.22834970839321614
Training loss on iteration 2640 = 0.17932568113319575
Training loss on iteration 2660 = 0.21203310345299542
Training loss on iteration 2680 = 0.19254022005479782
Training loss on iteration 2700 = 0.2423995902761817
Training loss on iteration 2720 = 0.18074062541127206
Training loss on iteration 2740 = 0.19818370062857865
Training loss on iteration 2760 = 0.315637528244406
Training loss on iteration 2780 = 0.1586275575682521
Training loss on iteration 2800 = 0.22892931625247
Training loss on iteration 2820 = 0.3000357951503247
Training loss on iteration 2840 = 0.2892672922462225
Training loss on iteration 2860 = 0.24302380988374353
Training loss on iteration 2880 = 0.19379742247983814
Training loss on iteration 2900 = 0.1535979924723506
Training loss on iteration 2920 = 0.2096392529318109
Training loss on iteration 2940 = 0.18991040159016848
Training loss on iteration 2960 = 0.13849946912378072
Training loss on iteration 2980 = 0.28359620124101637
Training loss on iteration 3000 = 0.22964778495952487
Training loss on iteration 3020 = 0.28198436344973743
Training loss on iteration 3040 = 0.3123383453115821
Training loss on iteration 3060 = 0.18051172019913791
Training loss on iteration 3080 = 0.29933324735611677
Training loss on iteration 3100 = 0.1415058493614197
Training loss on iteration 3120 = 0.13954960322007537
Training loss on iteration 3140 = 0.24440118428319693
Training loss on iteration 3160 = 0.1960032639093697
Training loss on iteration 3180 = 0.20261623770929874
Training loss on iteration 3200 = 0.2765670146793127
Training loss on iteration 3220 = 0.33892739759758117
Training loss on iteration 3240 = 0.23020401978865265
Training loss on iteration 3260 = 0.3118759037461132
Training loss on iteration 3280 = 0.26972691612318156
Training loss on iteration 3300 = 0.15927241512108595
Training loss on iteration 3320 = 0.15983773588668554
Training loss on iteration 3340 = 0.18382956548593937
Training loss on iteration 3360 = 0.18970776055939495
Training loss on iteration 3380 = 0.2002754264511168
Training loss on iteration 3400 = 0.2634156046435237
Training loss on iteration 3420 = 0.11792130097746849
Training loss on iteration 3440 = 0.20332622705027462
Training loss on iteration 3460 = 0.2939566023647785
Training loss on iteration 3480 = 0.2284846372436732
Training loss on iteration 3500 = 0.23616030672565103
Training loss on iteration 3520 = 0.12088927496224641
Training loss on iteration 3540 = 0.29308795407414434
Training loss on iteration 3560 = 0.1520594224333763
Training loss on iteration 3580 = 0.13440849012695252
Training loss on iteration 3600 = 0.25577406166121364
Training loss on iteration 3620 = 0.22964229043573142
Training loss on iteration 3640 = 0.22341801794245839
Training loss on iteration 3660 = 0.1883371699601412
Training loss on iteration 3680 = 0.17436322467401624
Training loss on iteration 3700 = 0.2698140086606145
Training loss on iteration 3720 = 0.2448669178877026
Training loss on iteration 3740 = 0.30093148835003375
Training loss on iteration 3760 = 0.2752143874997273
Training loss on iteration 3780 = 0.37977468892931937
Training loss on iteration 3800 = 0.31668157074600456
Training loss on iteration 3820 = 0.22049133565160445
Training loss on iteration 3840 = 0.1831381307914853
Training loss on iteration 3860 = 0.2555086816311814
Training loss on iteration 3880 = 0.12309107822366058
Training loss on iteration 3900 = 0.2954110799357295
Training loss on iteration 3920 = 0.13456443345639854
Training loss on iteration 3940 = 0.22032769471406938
Training loss on iteration 3960 = 0.21143935285508633
Training loss on iteration 3980 = 0.13433977065142244
Training loss on iteration 4000 = 0.280325834127143
Training loss on iteration 4020 = 0.2680924070999026
Training loss on iteration 4040 = 0.2552996166050434
Training loss on iteration 4060 = 0.23366382226813584
Training loss on iteration 4080 = 0.2862742640238139
Training loss on iteration 4100 = 0.3827288098633289
Training loss on iteration 4120 = 0.2453475521877408
Training loss on iteration 4140 = 0.2290960465092212
Training loss on iteration 4160 = 0.2339766513556242
Training loss on iteration 4180 = 0.14545347285456955
Training loss on iteration 4200 = 0.30628780778497455
Training loss on iteration 4220 = 0.243715101480484
Training loss on iteration 4240 = 0.3236041827127337
Training loss on iteration 4260 = 0.18298323075287043
Training loss on iteration 4280 = 0.1872086283750832
Training loss on iteration 4300 = 0.2844867275794968
Training loss on iteration 4320 = 0.2394863972440362
Training loss on iteration 4340 = 0.33171710805036125
Training loss on iteration 4360 = 0.29417213089764116
Training loss on iteration 4380 = 0.20026013100286946
Training loss on iteration 4400 = 0.28548301532864573
Training loss on iteration 4420 = 0.2151658116374165
Training loss on iteration 4440 = 0.16904415972530842
Training loss on iteration 4460 = 0.2543486673384905
Training loss on iteration 4480 = 0.17505525425076485
Training loss on iteration 4500 = 0.20487292101606727
Training loss on iteration 4520 = 0.1671302645234391
Training loss on iteration 4540 = 0.2952724881935865
Training loss on iteration 4560 = 0.19146139952354133
Training loss on iteration 4580 = 0.30443954821676017
Training loss on iteration 4600 = 0.3903616530820727
Training loss on iteration 4620 = 0.2673816291615367
Training loss on iteration 4640 = 0.1909450257429853
Training loss on iteration 4660 = 0.21364208236336707
Training loss on iteration 4680 = 0.1855686516966671
Training loss on iteration 4700 = 0.370908173895441
Training loss on iteration 4720 = 0.25956422653980554
Training loss on iteration 4740 = 0.1570114553323947
Training loss on iteration 4760 = 0.24025206100195645
Training loss on iteration 4780 = 0.23951204856857658
Training loss on iteration 4800 = 0.14537191698327662
Training loss on iteration 4820 = 0.2417955344542861
Training loss on iteration 4840 = 0.15999574766028674
Training loss on iteration 4860 = 0.19134375493740663
Training loss on iteration 4880 = 0.2819624440744519
Training loss on iteration 4900 = 0.1905759283225052
Training loss on iteration 4920 = 0.2546235766436439
Training loss on iteration 4940 = 0.4491272663231939
Training loss on iteration 4960 = 0.3675429267808795
Training loss on iteration 4980 = 0.25952756907790897
Training loss on iteration 5000 = 0.31419359604478814
Training loss on iteration 5020 = 0.28529806397855284
Training loss on iteration 5040 = 0.2835055766394362
Training loss on iteration 5060 = 0.23842227603308858
Training loss on iteration 5080 = 0.12040400739060715
Training loss on iteration 5100 = 0.1558951487066224
Training loss on iteration 5120 = 0.1627034985460341
Training loss on iteration 5140 = 0.2785833838395774
Training loss on iteration 5160 = 0.24077374709304422
Training loss on iteration 5180 = 0.2553891075309366
Training loss on iteration 5200 = 0.26481382418423893
Training loss on iteration 5220 = 0.1430200032889843
Training loss on iteration 5240 = 0.25527386711910366
Training loss on iteration 5260 = 0.17511343131773174
Training loss on iteration 5280 = 0.2398873822123278
Training loss on iteration 5300 = 0.22274604830890893
Training loss on iteration 5320 = 0.3101315991487354
Training loss on iteration 5340 = 0.19594197254627943
Training loss on iteration 5360 = 0.2558720165863633
Training loss on iteration 5380 = 0.2562545953318477
Training loss on iteration 5400 = 0.13915757548529656
Training loss on iteration 5420 = 0.17162203195039183
Training loss on iteration 5440 = 0.13874371228739618
Training loss on iteration 5460 = 0.17668363521806896
Training loss on iteration 5480 = 0.16205452919239177
Training loss on iteration 5500 = 0.21560691059567033
Training loss on iteration 5520 = 0.19605519967153667
Training loss on iteration 5540 = 0.1766909730155021
Training loss on iteration 5560 = 0.17560911895707249
Training loss on iteration 5580 = 0.313540331274271
Training loss on iteration 5600 = 0.3059859283268452
Training loss on iteration 5620 = 0.09871738152578473
Training loss on iteration 5640 = 0.21143912430852652
Training loss on iteration 5660 = 0.1662662466522306
Training loss on iteration 5680 = 0.22891516524832695
Training loss on iteration 5700 = 0.25646735578775404
Training loss on iteration 5720 = 0.2561950277537107
Training loss on iteration 5740 = 0.21480561830103398
Training loss on iteration 5760 = 0.26345994484145197
Training loss on iteration 5780 = 0.19539569332264364
Training loss on iteration 5800 = 0.25201879823580386
Training loss on iteration 5820 = 0.18857028093189002
Training loss on iteration 5840 = 0.2568920999765396
Training loss on iteration 5860 = 0.23412706358358265
Training loss on iteration 5880 = 0.24451176557922735
Training loss on iteration 5900 = 0.2586646483279765
Training loss on iteration 5920 = 0.23341172002255917
Training loss on iteration 5940 = 0.1816964906640351
Training loss on iteration 5960 = 0.22477398244664074
Training loss on iteration 5980 = 0.17146638594567776
Training loss on iteration 6000 = 0.20037755817174913
Training loss on iteration 6020 = 0.20722624929621816
Training loss on iteration 6040 = 0.2373196693137288
Training loss on iteration 6060 = 0.1656224994454533
Training loss on iteration 6080 = 0.19472202844917774
Training loss on iteration 6100 = 0.1476964743807912
Training loss on iteration 6120 = 0.16153582013212145
Training loss on iteration 6140 = 0.17428108714520932
Training loss on iteration 6160 = 0.1348538859630935
Training loss on iteration 6180 = 0.26727431993931533
Training loss on iteration 6200 = 0.20346418395638466
Training loss on iteration 6220 = 0.14915850833058358
Training loss on iteration 6240 = 0.2863914635032415
Training loss on iteration 6260 = 0.2428475774358958
Training loss on iteration 6280 = 0.2043760226108134
Training loss on iteration 6300 = 0.20341076292097568
Training loss on iteration 6320 = 0.2531746471300721
Training loss on iteration 6340 = 0.17735896171070636
Training loss on iteration 6360 = 0.17660176877398043
Training loss on iteration 6380 = 0.12027030833996832
Training loss on iteration 6400 = 0.29430661583319306
Training loss on iteration 6420 = 0.1893166250549257
Training loss on iteration 6440 = 0.29768444423098117
Training loss on iteration 6460 = 0.2568915273994207
Training loss on iteration 6480 = 0.20770812658593057
Training loss on iteration 6500 = 0.22005605287849903
Training loss on iteration 6520 = 0.2163555545732379
Training loss on iteration 6540 = 0.3364909866824746
Training loss on iteration 6560 = 0.2992974250111729
Training loss on iteration 6580 = 0.21323636858724057
Training loss on iteration 6600 = 0.22512913716491312
Training loss on iteration 6620 = 0.3727649264968932
Training loss on iteration 6640 = 0.13681275094859302
Training loss on iteration 6660 = 0.33862482039257885
Training loss on iteration 6680 = 0.3065005332231522
Training loss on iteration 6700 = 0.19273127624765038
Training loss on iteration 6720 = 0.2076610570307821
Training loss on iteration 6740 = 0.19910314287990333
Training loss on iteration 6760 = 0.28684285897761586
Training loss on iteration 6780 = 0.3637905903160572
Training loss on iteration 6800 = 0.2880168846342713
Training loss on iteration 6820 = 0.1550285145523958
Training loss on iteration 6840 = 0.17555031101219357
Training loss on iteration 6860 = 0.2920614151284099
Training loss on iteration 6880 = 0.1619364519836381
Training loss on iteration 6900 = 0.25122956549748776
Training loss on iteration 6920 = 0.2383378366008401
Training loss on iteration 6940 = 0.3024085652083158
Training loss on iteration 6960 = 0.21126336632296444
Training loss on iteration 6980 = 0.2740087923593819
Training loss on iteration 7000 = 0.2145850670291111
Training loss on iteration 7020 = 0.21289513874799013
Training loss on iteration 7040 = 0.30706201563589275
Training loss on iteration 7060 = 0.22079740148037671
Training loss on iteration 7080 = 0.25036296136677266
Training loss on iteration 7100 = 0.16950402073562146
Training loss on iteration 7120 = 0.1561757686547935
Training loss on iteration 7140 = 0.2614260877482593
Training loss on iteration 7160 = 0.17405098555609583
Training loss on iteration 7180 = 0.18606976682785897
Training loss on iteration 7200 = 0.2387924793176353
Training loss on iteration 7220 = 0.18929724339395762
Training loss on iteration 7240 = 0.18218093083705753
Training loss on iteration 7260 = 0.2556751213036478
Training loss on iteration 7280 = 0.2089398021809757
Training loss on iteration 7300 = 0.20487420670688153
Training loss on iteration 7320 = 0.288508537504822
Training loss on iteration 7340 = 0.20014049033634365
Training loss on iteration 7360 = 0.15958767186384648
Training loss on iteration 7380 = 0.22954772040247917
Training loss on iteration 7400 = 0.2863262614235282
Training loss on iteration 7420 = 0.26084380894899367
Training loss on iteration 7440 = 0.13524612598121166
Training loss on iteration 7460 = 0.31348001011647286
Training loss on iteration 7480 = 0.3990990901365876
### EVAL:: Epoch 8:: Loss = 0.24321051106616032 :: ACC = 0.9108947959565705, AUC = 0.7437568866821291, EER = 0.32366154998128044
Training on epoch 9
Training loss on iteration 0 = 0.09533017873764038
Training loss on iteration 20 = 0.27085304792271925
Training loss on iteration 40 = 0.4820736017078161
Training loss on iteration 60 = 0.3034939933568239
Training loss on iteration 80 = 0.3787329967133701
Training loss on iteration 100 = 0.2863473559031263
Training loss on iteration 120 = 0.5688816420733929
Training loss on iteration 140 = 0.7485513135790824
Training loss on iteration 160 = 0.5625697694718838
Training loss on iteration 180 = 0.44279721677303313
Training loss on iteration 200 = 0.2912398545071483
Training loss on iteration 220 = 0.3279116042889655
Training loss on iteration 240 = 0.281873036082834
Training loss on iteration 260 = 0.2015828201547265
Training loss on iteration 280 = 0.3170973680913448
Training loss on iteration 300 = 0.26569211371243
Training loss on iteration 320 = 0.27019841261208055
Training loss on iteration 340 = 0.2565196762327105
Training loss on iteration 360 = 0.36580844353884456
Training loss on iteration 380 = 0.20790879037231208
Training loss on iteration 400 = 0.36110596866346895
Training loss on iteration 420 = 0.20552703235298395
Training loss on iteration 440 = 0.3112742371857166
Training loss on iteration 460 = 0.20877475044690072
Training loss on iteration 480 = 0.20573798920959235
Training loss on iteration 500 = 0.3349951285868883
Training loss on iteration 520 = 0.29649228043854237
Training loss on iteration 540 = 0.20676788799464701
Training loss on iteration 560 = 0.24755247607827185
Training loss on iteration 580 = 0.27049754024483263
Training loss on iteration 600 = 0.30580460876226423
Training loss on iteration 620 = 0.23063334142789244
Training loss on iteration 640 = 0.2311960754916072
Training loss on iteration 660 = 0.20837136870250106
Training loss on iteration 680 = 0.17601294815540314
Training loss on iteration 700 = 0.22165647470392286
Training loss on iteration 720 = 0.21743709882721304
Training loss on iteration 740 = 0.22704335674643517
Training loss on iteration 760 = 0.2591717581264675
Training loss on iteration 780 = 0.265114002302289
Training loss on iteration 800 = 0.32059133145958185
Training loss on iteration 820 = 0.22750921584665776
Training loss on iteration 840 = 0.28785602282732725
Training loss on iteration 860 = 0.18537020012736322
Training loss on iteration 880 = 0.221388681512326
Training loss on iteration 900 = 0.22050602547824383
Training loss on iteration 920 = 0.25935597699135543
Training loss on iteration 940 = 0.2112760603427887
Training loss on iteration 960 = 0.2470123264938593
Training loss on iteration 980 = 0.27109734346158804
Training loss on iteration 1000 = 0.28880541045218705
Training loss on iteration 1020 = 0.2928342750295997
Training loss on iteration 1040 = 0.20718473121523856
Training loss on iteration 1060 = 0.232411240786314
Training loss on iteration 1080 = 0.24709751084446907
Training loss on iteration 1100 = 0.20569267065729946
Training loss on iteration 1120 = 0.1734759405720979
Training loss on iteration 1140 = 0.29050448229536413
Training loss on iteration 1160 = 0.21493799304589628
Training loss on iteration 1180 = 0.19059614078141748
Training loss on iteration 1200 = 0.21232484010979533
Training loss on iteration 1220 = 0.20365697853267192
Training loss on iteration 1240 = 0.26421589190140365
Training loss on iteration 1260 = 0.18564491607248784
Training loss on iteration 1280 = 0.30570649313740433
Training loss on iteration 1300 = 0.3030531324446201
Training loss on iteration 1320 = 0.254257707670331
Training loss on iteration 1340 = 0.28252148162573576
Training loss on iteration 1360 = 0.26737353559583427
Training loss on iteration 1380 = 0.23159471401013434
Training loss on iteration 1400 = 0.20808380632661283
Training loss on iteration 1420 = 0.20859265686012804
Training loss on iteration 1440 = 0.2721664231270552
Training loss on iteration 1460 = 0.23756594425067307
Training loss on iteration 1480 = 0.2014278494287282
Training loss on iteration 1500 = 0.25210184716270306
Training loss on iteration 1520 = 0.21275758547708393
Training loss on iteration 1540 = 0.3364531989209354
Training loss on iteration 1560 = 0.3157129426021129
Training loss on iteration 1580 = 0.2451532066334039
Training loss on iteration 1600 = 0.23014956172555684
Training loss on iteration 1620 = 0.33269037418067454
Training loss on iteration 1640 = 0.2241746038198471
Training loss on iteration 1660 = 0.1776436380110681
Training loss on iteration 1680 = 0.22589002575114137
Training loss on iteration 1700 = 0.27194271273910997
Training loss on iteration 1720 = 0.21849600840359926
Training loss on iteration 1740 = 0.20034148655831813
Training loss on iteration 1760 = 0.21735851038247347
Training loss on iteration 1780 = 0.24283146252855659
Training loss on iteration 1800 = 0.360677407681942
Training loss on iteration 1820 = 0.1752481755800545
Training loss on iteration 1840 = 0.1821051247417927
Training loss on iteration 1860 = 0.2600282412953675
Training loss on iteration 1880 = 0.3023932894691825
Training loss on iteration 1900 = 0.18847149312496186
Training loss on iteration 1920 = 0.24842190593481064
Training loss on iteration 1940 = 0.2508262410759926
Training loss on iteration 1960 = 0.20230854148976504
Training loss on iteration 1980 = 0.2446323680691421
Training loss on iteration 2000 = 0.2299120957031846
Training loss on iteration 2020 = 0.2674232393503189
Training loss on iteration 2040 = 0.2340463662520051
Training loss on iteration 2060 = 0.3246658271178603
Training loss on iteration 2080 = 0.1924177771434188
Training loss on iteration 2100 = 0.2780587859451771
Training loss on iteration 2120 = 0.24553197007626296
Training loss on iteration 2140 = 0.279256303771399
Training loss on iteration 2160 = 0.2673055693507195
Training loss on iteration 2180 = 0.20870800251141192
Training loss on iteration 2200 = 0.22214755504392086
Training loss on iteration 2220 = 0.26186793609522285
Training loss on iteration 2240 = 0.2395722976885736
Training loss on iteration 2260 = 0.19482469279319048
Training loss on iteration 2280 = 0.24077412048354746
Training loss on iteration 2300 = 0.16434175418689848
Training loss on iteration 2320 = 0.21145278513431548
Training loss on iteration 2340 = 0.28835231717675924
Training loss on iteration 2360 = 0.1916370453312993
Training loss on iteration 2380 = 0.18158616009168327
Training loss on iteration 2400 = 0.23045496381819247
Training loss on iteration 2420 = 0.18190138884820045
Training loss on iteration 2440 = 0.21034372327849268
Training loss on iteration 2460 = 0.18251296505331993
Training loss on iteration 2480 = 0.32702847458422185
Training loss on iteration 2500 = 0.17183790178969502
Training loss on iteration 2520 = 0.4608388476073742
Training loss on iteration 2540 = 0.3347661953419447
Training loss on iteration 2560 = 0.24795904965139925
Training loss on iteration 2580 = 0.2970673663541675
Training loss on iteration 2600 = 0.24671638084109873
Training loss on iteration 2620 = 0.17970003867521883
Training loss on iteration 2640 = 0.236664910428226
Training loss on iteration 2660 = 0.25402163062244654
Training loss on iteration 2680 = 0.2952589634805918
Training loss on iteration 2700 = 0.208928404469043
Training loss on iteration 2720 = 0.1954525660723448
Training loss on iteration 2740 = 0.21907614190131425
Training loss on iteration 2760 = 0.22239577099680902
Training loss on iteration 2780 = 0.28912956435233356
Training loss on iteration 2800 = 0.2017512835562229
Training loss on iteration 2820 = 0.2020984678529203
Training loss on iteration 2840 = 0.2779485147912055
Training loss on iteration 2860 = 0.3926508964970708
Training loss on iteration 2880 = 0.21632710229605437
Training loss on iteration 2900 = 0.19386964286677538
Training loss on iteration 2920 = 0.2044200611067936
Training loss on iteration 2940 = 0.27931832484900954
Training loss on iteration 2960 = 0.15762002726551144
Training loss on iteration 2980 = 0.16440607709810137
Training loss on iteration 3000 = 0.31740039207506926
Training loss on iteration 3020 = 0.26347956703975794
Training loss on iteration 3040 = 0.330396431311965
Training loss on iteration 3060 = 0.16946021812036632
Training loss on iteration 3080 = 0.26272423900663855
Training loss on iteration 3100 = 0.3066486235707998
Training loss on iteration 3120 = 0.19776792265474796
Training loss on iteration 3140 = 0.21206363206729292
Training loss on iteration 3160 = 0.20505836317315698
Training loss on iteration 3180 = 0.3020919790957123
Training loss on iteration 3200 = 0.22956121452152728
Training loss on iteration 3220 = 0.22112640044651927
Training loss on iteration 3240 = 0.2610412597190589
Training loss on iteration 3260 = 0.2704002598300576
Training loss on iteration 3280 = 0.34005191614851354
Training loss on iteration 3300 = 0.16918579330667854
Training loss on iteration 3320 = 0.22833739104680717
Training loss on iteration 3340 = 0.20003559421747924
Training loss on iteration 3360 = 0.423709543608129
Training loss on iteration 3380 = 0.2957507716724649
Training loss on iteration 3400 = 0.2461671398836188
Training loss on iteration 3420 = 0.3262614490929991
Training loss on iteration 3440 = 0.21648457716219127
Training loss on iteration 3460 = 0.3187758238054812
Training loss on iteration 3480 = 0.3798618922010064
Training loss on iteration 3500 = 0.20476646946044638
Training loss on iteration 3520 = 0.2642060396261513
Training loss on iteration 3540 = 0.6546160810627043
Training loss on iteration 3560 = 0.27164411870762706
Training loss on iteration 3580 = 0.3020051443018019
Training loss on iteration 3600 = 0.3509433787316084
Training loss on iteration 3620 = 0.3944344681454822
Training loss on iteration 3640 = 0.36158037204295396
Training loss on iteration 3660 = 0.3352407421916723
Training loss on iteration 3680 = 0.18178521199151873
Training loss on iteration 3700 = 0.3060092031024396
Training loss on iteration 3720 = 0.16351294741034508
Training loss on iteration 3740 = 0.1789479011669755
Training loss on iteration 3760 = 0.20845732036978007
Training loss on iteration 3780 = 0.3138100431766361
Training loss on iteration 3800 = 0.35567177860066296
Training loss on iteration 3820 = 0.3111548425629735
Training loss on iteration 3840 = 0.29203806910663843
Training loss on iteration 3860 = 0.20539560951292515
Training loss on iteration 3880 = 0.31329093854874374
Training loss on iteration 3900 = 0.3533781886100769
Training loss on iteration 3920 = 0.22811760641634465
Training loss on iteration 3940 = 0.23869977295398712
Training loss on iteration 3960 = 0.23380907364189624
Training loss on iteration 3980 = 0.18147399676963688
Training loss on iteration 4000 = 0.34343945295549927
Training loss on iteration 4020 = 0.41627730801701546
Training loss on iteration 4040 = 0.33403998585417866
Training loss on iteration 4060 = 0.5496221892535686
Training loss on iteration 4080 = 0.21911606849171222
Training loss on iteration 4100 = 0.24573479751124977
Training loss on iteration 4120 = 0.2335937417577952
Training loss on iteration 4140 = 0.22843362912535667
Training loss on iteration 4160 = 0.17270345762372016
Training loss on iteration 4180 = 0.20892246952280402
Training loss on iteration 4200 = 0.2563914468046278
Training loss on iteration 4220 = 0.15703228116035461
Training loss on iteration 4240 = 0.2678968275897205
Training loss on iteration 4260 = 0.2914362267591059
Training loss on iteration 4280 = 0.33473126189783214
Training loss on iteration 4300 = 0.3123426845762879
Training loss on iteration 4320 = 0.2815025377087295
Training loss on iteration 4340 = 0.36004223823547366
Training loss on iteration 4360 = 0.22029326716437936
Training loss on iteration 4380 = 0.22515165135264398
Training loss on iteration 4400 = 0.2730391940101981
Training loss on iteration 4420 = 0.21845136815682054
Training loss on iteration 4440 = 0.2216749201528728
Training loss on iteration 4460 = 0.30087633719667795
Training loss on iteration 4480 = 0.22349433274939656
Training loss on iteration 4500 = 0.2503460822161287
Training loss on iteration 4520 = 0.2406008399790153
Training loss on iteration 4540 = 0.24195248316973447
Training loss on iteration 4560 = 0.2067656083032489
Training loss on iteration 4580 = 0.20297929816879332
Training loss on iteration 4600 = 0.2634507338516414
Training loss on iteration 4620 = 0.2455950217321515
Training loss on iteration 4640 = 0.21146298926323653
Training loss on iteration 4660 = 0.3024378327652812
Training loss on iteration 4680 = 0.34514175611548126
Training loss on iteration 4700 = 0.3249704369343817
Training loss on iteration 4720 = 0.3113995064981282
Training loss on iteration 4740 = 0.188746368419379
Training loss on iteration 4760 = 0.2641665471717715
Training loss on iteration 4780 = 0.2209054883569479
Training loss on iteration 4800 = 0.1766264128498733
Training loss on iteration 4820 = 0.2798953070305288
Training loss on iteration 4840 = 0.2230012072250247
Training loss on iteration 4860 = 0.23394094952382147
Training loss on iteration 4880 = 0.24988416777923703
Training loss on iteration 4900 = 0.22283292822539807
Training loss on iteration 4920 = 0.17058694455772638
Training loss on iteration 4940 = 0.32471979279071095
Training loss on iteration 4960 = 0.15742055955342948
Training loss on iteration 4980 = 0.3473878290504217
Training loss on iteration 5000 = 0.29804364359006286
Training loss on iteration 5020 = 0.17395527241751552
Training loss on iteration 5040 = 0.23690443483646959
Training loss on iteration 5060 = 0.23425863115116954
Training loss on iteration 5080 = 0.2513982780277729
Training loss on iteration 5100 = 0.19405203722417355
Training loss on iteration 5120 = 0.19753144355490804
Training loss on iteration 5140 = 0.1643382888054475
Training loss on iteration 5160 = 0.268144918885082
Training loss on iteration 5180 = 0.21131234122440218
Training loss on iteration 5200 = 0.16240772791206837
Training loss on iteration 5220 = 0.21974459160119295
Training loss on iteration 5240 = 0.306908330693841
Training loss on iteration 5260 = 0.2354296290781349
Training loss on iteration 5280 = 0.22159180822782218
Training loss on iteration 5300 = 0.25297827906906606
Training loss on iteration 5320 = 0.19791132919490337
Training loss on iteration 5340 = 0.20851164106279613
Training loss on iteration 5360 = 0.20031877318397165
Training loss on iteration 5380 = 0.21479315718170255
Training loss on iteration 5400 = 0.2021465695463121
Training loss on iteration 5420 = 0.2656285347416997
Training loss on iteration 5440 = 0.21541165942326188
Training loss on iteration 5460 = 0.186857876367867
Training loss on iteration 5480 = 0.24040845758281648
Training loss on iteration 5500 = 0.190063474746421
Training loss on iteration 5520 = 0.34755906062200664
Training loss on iteration 5540 = 0.21986294128000736
Training loss on iteration 5560 = 0.22651014789007604
Training loss on iteration 5580 = 0.25842006150633096
Training loss on iteration 5600 = 0.2213533499278128
Training loss on iteration 5620 = 0.23903919141739607
Training loss on iteration 5640 = 0.24022023412398993
Training loss on iteration 5660 = 0.22157870626542717
Training loss on iteration 5680 = 0.25287527721375225
Training loss on iteration 5700 = 0.30566921941936015
Training loss on iteration 5720 = 0.2100841830484569
Training loss on iteration 5740 = 0.28383361515589056
Training loss on iteration 5760 = 0.26604422647506
Training loss on iteration 5780 = 0.12754890929791146
Training loss on iteration 5800 = 0.3046216136775911
Training loss on iteration 5820 = 0.20028487690724434
Training loss on iteration 5840 = 0.3282097514718771
Training loss on iteration 5860 = 0.1901082359952852
Training loss on iteration 5880 = 0.27075336324051025
Training loss on iteration 5900 = 0.17432635390432552
Training loss on iteration 5920 = 0.4943376461043954
Training loss on iteration 5940 = 0.258253294788301
Training loss on iteration 5960 = 0.2386383273638785
Training loss on iteration 5980 = 0.21456680295523256
Training loss on iteration 6000 = 0.2221290317364037
Training loss on iteration 6020 = 0.26245909556746483
Training loss on iteration 6040 = 0.21505815396085382
Training loss on iteration 6060 = 0.2555956982076168
Training loss on iteration 6080 = 0.30156821659766136
Training loss on iteration 6100 = 0.23409744473174215
Training loss on iteration 6120 = 0.19969625233206897
Training loss on iteration 6140 = 0.16498710638843478
Training loss on iteration 6160 = 0.23915167870000004
Training loss on iteration 6180 = 0.3467851858586073
Training loss on iteration 6200 = 0.3109855175949633
Training loss on iteration 6220 = 0.1930510936304927
Training loss on iteration 6240 = 0.22463076189160347
Training loss on iteration 6260 = 0.1990105055272579
Training loss on iteration 6280 = 0.4723032500594854
Training loss on iteration 6300 = 0.32883646432310343
Training loss on iteration 6320 = 0.3411918273661286
Training loss on iteration 6340 = 0.31719900099560616
Training loss on iteration 6360 = 0.3505650384351611
Training loss on iteration 6380 = 0.20718361190520226
Training loss on iteration 6400 = 0.26405708556994795
Training loss on iteration 6420 = 0.139885319955647
Training loss on iteration 6440 = 0.17458122354000807
Training loss on iteration 6460 = 0.24180351486429572
Training loss on iteration 6480 = 0.18145544729195534
Training loss on iteration 6500 = 0.24510622746311128
Training loss on iteration 6520 = 0.18870882075279952
Training loss on iteration 6540 = 0.25273043401539325
Training loss on iteration 6560 = 0.15651348256506026
Training loss on iteration 6580 = 0.25409411505097523
Training loss on iteration 6600 = 0.23183742277324199
Training loss on iteration 6620 = 0.21738363318145276
Training loss on iteration 6640 = 0.14067219523712993
Training loss on iteration 6660 = 0.14636857649311424
Training loss on iteration 6680 = 0.21230692151002586
Training loss on iteration 6700 = 0.47512152229901405
Training loss on iteration 6720 = 0.34982146020047367
Training loss on iteration 6740 = 0.31338530492503197
Training loss on iteration 6760 = 0.33969278417062015
Training loss on iteration 6780 = 0.298197166074533
Training loss on iteration 6800 = 0.2009841247461736
Training loss on iteration 6820 = 0.29128967146389184
Training loss on iteration 6840 = 0.3111016766168177
Training loss on iteration 6860 = 0.23530733198858797
Training loss on iteration 6880 = 0.21762520307675004
Training loss on iteration 6900 = 0.2594220128376037
Training loss on iteration 6920 = 0.32489434399176387
Training loss on iteration 6940 = 0.24045192617923022
Training loss on iteration 6960 = 0.2059102992992848
Training loss on iteration 6980 = 0.20346992164850236
Training loss on iteration 7000 = 0.14080759505741297
Training loss on iteration 7020 = 0.38593100062571467
Training loss on iteration 7040 = 0.32439425599295646
Training loss on iteration 7060 = 0.25425776820629836
Training loss on iteration 7080 = 0.2734989929012954
Training loss on iteration 7100 = 0.1846676791086793
Training loss on iteration 7120 = 0.23070666557177902
Training loss on iteration 7140 = 0.2301809173077345
Training loss on iteration 7160 = 0.22090134304016829
Training loss on iteration 7180 = 0.2565962599124759
Training loss on iteration 7200 = 0.19387176875025033
Training loss on iteration 7220 = 0.21112841963768006
Training loss on iteration 7240 = 0.1603346488205716
Training loss on iteration 7260 = 0.2258404039312154
Training loss on iteration 7280 = 0.1772702531889081
Training loss on iteration 7300 = 0.2735628688707948
Training loss on iteration 7320 = 0.2962582757696509
Training loss on iteration 7340 = 0.21043704198673369
Training loss on iteration 7360 = 0.3146614341530949
Training loss on iteration 7380 = 0.22850101329386235
Training loss on iteration 7400 = 0.20634155948646365
Training loss on iteration 7420 = 0.22447431106120347
Training loss on iteration 7440 = 0.1732051053084433
Training loss on iteration 7460 = 0.20136843053624034
Training loss on iteration 7480 = 0.30321834990754726
### EVAL:: Epoch 9:: Loss = 0.3410515385292326 :: ACC = 0.8831898165481094, AUC = 0.952502309811233, EER = 0.11447023586671659
Training on epoch 10
Training loss on iteration 0 = 0.3246627151966095
Training loss on iteration 20 = 0.43311109729111197
Training loss on iteration 40 = 0.21180583946406842
Training loss on iteration 60 = 0.36633837725967167
Training loss on iteration 80 = 0.4122035939246416
Training loss on iteration 100 = 0.341841509193182
Training loss on iteration 120 = 0.48860352411866187
Training loss on iteration 140 = 0.24895726186223327
Training loss on iteration 160 = 0.3333147408440709
Training loss on iteration 180 = 0.207145360391587
Training loss on iteration 200 = 0.24227765398100018
Training loss on iteration 220 = 0.2511388657614589
Training loss on iteration 240 = 0.33453050833195447
Training loss on iteration 260 = 0.2479759757872671
Training loss on iteration 280 = 0.2846531294286251
Training loss on iteration 300 = 0.1636985548771918
Training loss on iteration 320 = 0.2244264176581055
Training loss on iteration 340 = 0.23589700553566217
Training loss on iteration 360 = 0.18986281058751048
Training loss on iteration 380 = 0.22459987085312605
Training loss on iteration 400 = 0.351304401922971
Training loss on iteration 420 = 0.25844350495608526
Training loss on iteration 440 = 0.333067350462079
Training loss on iteration 460 = 0.32898306390270593
Training loss on iteration 480 = 0.18547584107145668
Training loss on iteration 500 = 0.24261607117950917
Training loss on iteration 520 = 0.221085658762604
Training loss on iteration 540 = 0.24923822307027876
Training loss on iteration 560 = 0.17832036027684808
Training loss on iteration 580 = 0.3393557514995337
Training loss on iteration 600 = 0.21435537952929734
Training loss on iteration 620 = 0.33517197500914336
Training loss on iteration 640 = 0.3878348633646965
Training loss on iteration 660 = 0.22474593962542713
Training loss on iteration 680 = 0.23097868696786464
Training loss on iteration 700 = 0.22588221868500113
Training loss on iteration 720 = 0.15748178982175887
Training loss on iteration 740 = 0.27377551095560193
Training loss on iteration 760 = 0.25585697595961393
Training loss on iteration 780 = 0.20783067224547266
Training loss on iteration 800 = 0.3127399476245046
Training loss on iteration 820 = 0.19663470536470412
Training loss on iteration 840 = 0.2562239048536867
Training loss on iteration 860 = 0.20269150999374688
Training loss on iteration 880 = 0.2334691895172
Training loss on iteration 900 = 0.2471145915798843
Training loss on iteration 920 = 0.2176989832893014
Training loss on iteration 940 = 0.4497887857374735
Training loss on iteration 960 = 0.4161758657544851
Training loss on iteration 980 = 0.28666024988051503
Training loss on iteration 1000 = 0.35171063831076027
Training loss on iteration 1020 = 0.2935378238558769
Training loss on iteration 1040 = 0.24404865829274058
Training loss on iteration 1060 = 0.2219032460823655
Training loss on iteration 1080 = 0.30425696161109955
Training loss on iteration 1100 = 0.25097784427925945
Training loss on iteration 1120 = 0.17957655075006188
Training loss on iteration 1140 = 0.288454176671803
Training loss on iteration 1160 = 0.2080559354275465
Training loss on iteration 1180 = 0.2620829001069069
Training loss on iteration 1200 = 0.14195906673558056
Training loss on iteration 1220 = 0.1768378559499979
Training loss on iteration 1240 = 0.13463769413065166
Training loss on iteration 1260 = 0.22385730231180787
Training loss on iteration 1280 = 0.16103541101329027
Training loss on iteration 1300 = 0.22764667868614197
Training loss on iteration 1320 = 0.12768237343989314
Training loss on iteration 1340 = 0.17737849606201053
Training loss on iteration 1360 = 0.20599634400568903
Training loss on iteration 1380 = 0.28212931090965865
Training loss on iteration 1400 = 0.21678974078968166
Training loss on iteration 1420 = 0.15017072192858905
Training loss on iteration 1440 = 0.213587580062449
Training loss on iteration 1460 = 0.16583920433185995
Training loss on iteration 1480 = 0.17688627778552474
Training loss on iteration 1500 = 0.1769604800734669
Training loss on iteration 1520 = 0.32368952985852956
Training loss on iteration 1540 = 0.16759340767748654
Training loss on iteration 1560 = 0.2423815110232681
Training loss on iteration 1580 = 0.2314396858215332
Training loss on iteration 1600 = 0.24759185062721373
Training loss on iteration 1620 = 0.2151660813484341
Training loss on iteration 1640 = 0.3069936121813953
Training loss on iteration 1660 = 0.2436930373776704
Training loss on iteration 1680 = 0.2578403066843748
Training loss on iteration 1700 = 0.21468697334639728
Training loss on iteration 1720 = 0.3170662813819945
Training loss on iteration 1740 = 0.36199094001203774
Training loss on iteration 1760 = 0.2509981427225284
Training loss on iteration 1780 = 0.30271413549780846
Training loss on iteration 1800 = 0.31566938790492716
Training loss on iteration 1820 = 0.2890191064681858
Training loss on iteration 1840 = 0.15322953260038047
Training loss on iteration 1860 = 0.21729932636953891
Training loss on iteration 1880 = 0.36500106486491857
Training loss on iteration 1900 = 0.2782186292926781
Training loss on iteration 1920 = 0.21138180361595005
Training loss on iteration 1940 = 0.20552869159728288
Training loss on iteration 1960 = 0.2038198672235012
Training loss on iteration 1980 = 0.2179500299273059
Training loss on iteration 2000 = 0.1905280497856438
Training loss on iteration 2020 = 0.2681735845282674
Training loss on iteration 2040 = 0.16836113398894667
Training loss on iteration 2060 = 0.1422083675628528
Training loss on iteration 2080 = 0.362119575869292
Training loss on iteration 2100 = 0.3012668276205659
Training loss on iteration 2120 = 0.20455735656432808
Training loss on iteration 2140 = 0.208695845073089
Training loss on iteration 2160 = 0.19261064752936363
Training loss on iteration 2180 = 0.21702099717222154
Training loss on iteration 2200 = 0.14738660370931028
Training loss on iteration 2220 = 0.1466694299480878
Training loss on iteration 2240 = 0.42397595862857995
Training loss on iteration 2260 = 0.21343775261193515
Training loss on iteration 2280 = 0.20949675568845122
Training loss on iteration 2300 = 0.15527027640491725
Training loss on iteration 2320 = 0.2847952369134873
Training loss on iteration 2340 = 0.21570478118956088
Training loss on iteration 2360 = 0.35899027474224565
Training loss on iteration 2380 = 0.23165778014808894
Training loss on iteration 2400 = 0.20576482098549603
Training loss on iteration 2420 = 0.2970266920281574
Training loss on iteration 2440 = 0.19989155805669725
Training loss on iteration 2460 = 0.229893036512658
Training loss on iteration 2480 = 0.27558653671294453
Training loss on iteration 2500 = 0.18433820591308175
Training loss on iteration 2520 = 0.2135227938182652
Training loss on iteration 2540 = 0.20128038795664907
Training loss on iteration 2560 = 0.17514149518683553
Training loss on iteration 2580 = 0.2045888321241364
Training loss on iteration 2600 = 0.20461209635250271
Training loss on iteration 2620 = 0.16745014414191245
Training loss on iteration 2640 = 0.24931265534833075
Training loss on iteration 2660 = 0.29783638268709184
Training loss on iteration 2680 = 0.2922969103557989
Training loss on iteration 2700 = 0.16091433728579432
Training loss on iteration 2720 = 0.2562669571954757
Training loss on iteration 2740 = 0.24929263029480353
Training loss on iteration 2760 = 0.24724754081107675
Training loss on iteration 2780 = 0.21774489670060576
Training loss on iteration 2800 = 0.262922405032441
Training loss on iteration 2820 = 0.28073184001259505
Training loss on iteration 2840 = 0.35276861051097513
Training loss on iteration 2860 = 0.2700416658073664
Training loss on iteration 2880 = 0.2507812133524567
Training loss on iteration 2900 = 0.1833033753791824
Training loss on iteration 2920 = 0.21593618849292398
Training loss on iteration 2940 = 0.17161336834542454
Training loss on iteration 2960 = 0.1855790877249092
Training loss on iteration 2980 = 0.32967965537682176
Training loss on iteration 3000 = 0.22187710190191864
Training loss on iteration 3020 = 0.360757827013731
Training loss on iteration 3040 = 0.23366181782912462
Training loss on iteration 3060 = 0.4313332646386698
Training loss on iteration 3080 = 0.36014207419939337
Training loss on iteration 3100 = 0.3664453744888306
Training loss on iteration 3120 = 0.285237236879766
Training loss on iteration 3140 = 0.3186539947986603
Training loss on iteration 3160 = 0.3286495054140687
Training loss on iteration 3180 = 0.3356996916234493
Training loss on iteration 3200 = 0.23933964129537344
Training loss on iteration 3220 = 0.20139941102825104
Training loss on iteration 3240 = 0.19374991059303284
Training loss on iteration 3260 = 0.3257241105195135
Training loss on iteration 3280 = 0.2312582036247477
Training loss on iteration 3300 = 0.3174368285341188
Training loss on iteration 3320 = 0.2588852765504271
Training loss on iteration 3340 = 0.26446030945517124
Training loss on iteration 3360 = 0.24049947410821915
Training loss on iteration 3380 = 0.16958461408503353
Training loss on iteration 3400 = 0.3671273693908006
Training loss on iteration 3420 = 0.2396541021298617
Training loss on iteration 3440 = 0.24640234503895045
Training loss on iteration 3460 = 0.21863115704618394
Training loss on iteration 3480 = 0.1937588771339506
Training loss on iteration 3500 = 0.2549863004125655
Training loss on iteration 3520 = 0.33441146491095425
Training loss on iteration 3540 = 0.2714003561064601
Training loss on iteration 3560 = 0.13896777387708426
Training loss on iteration 3580 = 0.22945462057832627
Training loss on iteration 3600 = 0.1755529584363103
Training loss on iteration 3620 = 0.19879403536906465
Training loss on iteration 3640 = 0.2891913202125579
Training loss on iteration 3660 = 0.290007541840896
Training loss on iteration 3680 = 0.25795387076213955
Training loss on iteration 3700 = 0.21320064682513476
Training loss on iteration 3720 = 0.18091480839066207
Training loss on iteration 3740 = 0.29958427147939803
Training loss on iteration 3760 = 0.3027015544474125
Training loss on iteration 3780 = 0.31775091914460063
Training loss on iteration 3800 = 0.2575096941087395
Training loss on iteration 3820 = 0.25939373718574643
Training loss on iteration 3840 = 0.2122718390543014
Training loss on iteration 3860 = 0.2515891157090664
Training loss on iteration 3880 = 0.37258129846304655
Training loss on iteration 3900 = 0.33343910053372383
Training loss on iteration 3920 = 0.19900792040862142
Training loss on iteration 3940 = 0.223450239864178
Training loss on iteration 3960 = 0.31583281233906746
Training loss on iteration 3980 = 0.1761787122115493
Training loss on iteration 4000 = 0.1920676738489419
Training loss on iteration 4020 = 0.18564203181304037
Training loss on iteration 4040 = 0.24354739524424077
Training loss on iteration 4060 = 0.17466521998867393
Training loss on iteration 4080 = 0.23566722311079502
Training loss on iteration 4100 = 0.1745403626933694
Training loss on iteration 4120 = 0.1807652692310512
Training loss on iteration 4140 = 0.25756644643843174
Training loss on iteration 4160 = 0.21954366527497768
Training loss on iteration 4180 = 0.16255854000337422
Training loss on iteration 4200 = 0.1985770241357386
Training loss on iteration 4220 = 0.20674752800259738
Training loss on iteration 4240 = 0.3185229878872633
Training loss on iteration 4260 = 0.26267923656851055
Training loss on iteration 4280 = 0.2599026723764837
Training loss on iteration 4300 = 0.15134594672708773
Training loss on iteration 4320 = 0.21288059409707785
Training loss on iteration 4340 = 0.3020515084266663
Training loss on iteration 4360 = 0.15007348610088228
Training loss on iteration 4380 = 0.41152074398705735
Training loss on iteration 4400 = 0.26161601673593393
Training loss on iteration 4420 = 0.28713872665539386
Training loss on iteration 4440 = 0.3796901008696295
Training loss on iteration 4460 = 0.4189102930948138
Training loss on iteration 4480 = 0.2225648585706949
Training loss on iteration 4500 = 0.2838100118562579
Training loss on iteration 4520 = 0.253582392539829
Training loss on iteration 4540 = 0.2402658261358738
Training loss on iteration 4560 = 0.20824666270054876
Training loss on iteration 4580 = 0.19810699592344463
Training loss on iteration 4600 = 0.23649911482352765
Training loss on iteration 4620 = 0.25030378010123966
Training loss on iteration 4640 = 0.2759610409848392
Training loss on iteration 4660 = 0.25796361742541196
Training loss on iteration 4680 = 0.3934135550050996
Training loss on iteration 4700 = 0.5350144632859155
Training loss on iteration 4720 = 0.4014216896146536
Training loss on iteration 4740 = 0.6007790388073773
Training loss on iteration 4760 = 0.6555804926203563
Training loss on iteration 4780 = 0.4173347492702305
Training loss on iteration 4800 = 0.5452470671618357
Training loss on iteration 4820 = 0.21933633266016841
Training loss on iteration 4840 = 0.1907951259519905
Training loss on iteration 4860 = 0.1815773352049291
Training loss on iteration 4880 = 0.34656916502863166
Training loss on iteration 4900 = 0.1771987434476614
Training loss on iteration 4920 = 0.18569549941457808
Training loss on iteration 4940 = 0.23684064256958665
Training loss on iteration 4960 = 0.19501055302098394
Training loss on iteration 4980 = 0.23262400929816068
Training loss on iteration 5000 = 0.17330628409981727
Training loss on iteration 5020 = 0.18963326658122243
Training loss on iteration 5040 = 0.24890769142657518
Training loss on iteration 5060 = 0.3925555896013975
Training loss on iteration 5080 = 0.4026728017255664
Training loss on iteration 5100 = 0.17556686284951867
Training loss on iteration 5120 = 0.16623906770255417
Training loss on iteration 5140 = 0.42064561787992716
Training loss on iteration 5160 = 0.31153608579188585
Training loss on iteration 5180 = 0.2367328390479088
Training loss on iteration 5200 = 0.26765636540949345
Training loss on iteration 5220 = 0.32901448104530573
Training loss on iteration 5240 = 0.346956854686141
Training loss on iteration 5260 = 0.17612791252322496
Training loss on iteration 5280 = 0.27240251200273635
Training loss on iteration 5300 = 0.23688317672349513
Training loss on iteration 5320 = 0.2168978897854686
Training loss on iteration 5340 = 0.18343481593765318
Training loss on iteration 5360 = 0.18551494646817446
Training loss on iteration 5380 = 0.17314319368451833
Training loss on iteration 5400 = 0.17931044665165247
Training loss on iteration 5420 = 0.30909056167583915
Training loss on iteration 5440 = 0.3089244614355266
Training loss on iteration 5460 = 0.21104533579200507
Training loss on iteration 5480 = 0.18750928547233342
Training loss on iteration 5500 = 0.2238589148502797
Training loss on iteration 5520 = 0.28641318548470734
Training loss on iteration 5540 = 0.2825307644437999
Training loss on iteration 5560 = 0.16405833344906567
Training loss on iteration 5580 = 0.2796657456085086
Training loss on iteration 5600 = 0.35715136844664813
Training loss on iteration 5620 = 0.27009822269901634
Training loss on iteration 5640 = 0.19205863103270532
Training loss on iteration 5660 = 0.20205827676691115
Training loss on iteration 5680 = 0.27715375600382686
Training loss on iteration 5700 = 0.256061730068177
Training loss on iteration 5720 = 0.19846784556284547
Training loss on iteration 5740 = 0.28821244358550757
Training loss on iteration 5760 = 0.28326232768595216
Training loss on iteration 5780 = 0.18177109491080046
Training loss on iteration 5800 = 0.30419084171298894
Training loss on iteration 5820 = 0.26433134905528277
Training loss on iteration 5840 = 0.209942697128281
Training loss on iteration 5860 = 0.25196208283305166
Training loss on iteration 5880 = 0.22114413622766732
Training loss on iteration 5900 = 0.16127962302416562
Training loss on iteration 5920 = 0.1575157039333135
Training loss on iteration 5940 = 0.3262446727603674
Training loss on iteration 5960 = 0.22047796077094972
Training loss on iteration 5980 = 0.27296600677073
Training loss on iteration 6000 = 0.25631769374012947
Training loss on iteration 6020 = 0.27009001523256304
Training loss on iteration 6040 = 0.2675136962905526
Training loss on iteration 6060 = 0.174880394898355
Training loss on iteration 6080 = 0.1970488246064633
Training loss on iteration 6100 = 0.44161926843225957
Training loss on iteration 6120 = 0.27373853223398326
Training loss on iteration 6140 = 0.263638929836452
Training loss on iteration 6160 = 0.393912383262068
Training loss on iteration 6180 = 0.24136204537935554
Training loss on iteration 6200 = 0.35869908379390836
Training loss on iteration 6220 = 0.19974107723683118
Training loss on iteration 6240 = 0.3199663774110377
Training loss on iteration 6260 = 0.23905096501111983
Training loss on iteration 6280 = 0.1806765380082652
Training loss on iteration 6300 = 0.15312092350795864
Training loss on iteration 6320 = 0.2710656667128205
Training loss on iteration 6340 = 0.3161423018202186
Training loss on iteration 6360 = 0.1916775015182793
Training loss on iteration 6380 = 0.2015063809696585
Training loss on iteration 6400 = 0.17541792064439504
Training loss on iteration 6420 = 0.22865857789292932
Training loss on iteration 6440 = 0.24684302723035217
Training loss on iteration 6460 = 0.1785902390256524
Training loss on iteration 6480 = 0.437463828548789
Training loss on iteration 6500 = 0.27488558110781014
Training loss on iteration 6520 = 0.3790902066044509
Training loss on iteration 6540 = 0.3452529901638627
Training loss on iteration 6560 = 0.29036476397886873
Training loss on iteration 6580 = 0.20818718783557416
Training loss on iteration 6600 = 0.29192138107609933
Training loss on iteration 6620 = 0.20147992356214672
Training loss on iteration 6640 = 0.21693632965907456
Training loss on iteration 6660 = 0.22262791814282537
Training loss on iteration 6680 = 0.3105640693102032
Training loss on iteration 6700 = 0.2600146157667041
Training loss on iteration 6720 = 0.2620529867708683
Training loss on iteration 6740 = 0.20463742958381773
Training loss on iteration 6760 = 0.2697540603578091
Training loss on iteration 6780 = 0.21821253425441683
Training loss on iteration 6800 = 0.2800934221595526
Training loss on iteration 6820 = 0.23522090148180724
Training loss on iteration 6840 = 0.3686879454180598
Training loss on iteration 6860 = 0.27581441700458526
Training loss on iteration 6880 = 0.1968103738501668
Training loss on iteration 6900 = 0.22418540981598198
Training loss on iteration 6920 = 0.23945064917206765
Training loss on iteration 6940 = 0.2568203879520297
Training loss on iteration 6960 = 0.25062553845345975
Training loss on iteration 6980 = 0.2706749211996794
Training loss on iteration 7000 = 0.3557253286242485
Training loss on iteration 7020 = 0.23027690229937434
Training loss on iteration 7040 = 0.23115108357742428
Training loss on iteration 7060 = 0.28656439362093805
Training loss on iteration 7080 = 0.34392177751287817
Training loss on iteration 7100 = 0.315231378399767
Training loss on iteration 7120 = 0.22753780195489526
Training loss on iteration 7140 = 0.2683139078319073
Training loss on iteration 7160 = 0.2709898232482374
Training loss on iteration 7180 = 0.21822334174066782
Training loss on iteration 7200 = 0.2447308917529881
Training loss on iteration 7220 = 0.2266559809446335
Training loss on iteration 7240 = 0.31729968059808017
Training loss on iteration 7260 = 0.22857049191370607
Training loss on iteration 7280 = 0.1918542799539864
Training loss on iteration 7300 = 0.28009123280644416
Training loss on iteration 7320 = 0.23773773731663822
Training loss on iteration 7340 = 0.2670098377857357
Training loss on iteration 7360 = 0.27009317371994257
Training loss on iteration 7380 = 0.3727463599294424
Training loss on iteration 7400 = 0.3223046291619539
Training loss on iteration 7420 = 0.19351304341107606
Training loss on iteration 7440 = 0.2125446995254606
Training loss on iteration 7460 = 0.24424865224864334
Training loss on iteration 7480 = 0.26073544956743716
### EVAL:: Epoch 10:: Loss = 0.5701392821492982 :: ACC = 0.7854736053912392, AUC = 0.8710706182689932, EER = 0.21405840509172594
Training on epoch 11
Training loss on iteration 0 = 1.3844635486602783
Training loss on iteration 20 = 0.2307468998944387
Training loss on iteration 40 = 0.2715320208575577
Training loss on iteration 60 = 0.22650022227317096
Training loss on iteration 80 = 0.24112711967900397
Training loss on iteration 100 = 0.32660868600942194
Training loss on iteration 120 = 0.3195312974974513
Training loss on iteration 140 = 0.31548040360212326
Training loss on iteration 160 = 0.34003145173192023
Training loss on iteration 180 = 0.31318639260716735
Training loss on iteration 200 = 0.3337653871625662
Training loss on iteration 220 = 0.34227191787213085
Training loss on iteration 240 = 0.25385270956903694
Training loss on iteration 260 = 0.2545971658080816
Training loss on iteration 280 = 0.1796042712405324
Training loss on iteration 300 = 0.21254550749436021
Training loss on iteration 320 = 0.3114135624840856
Training loss on iteration 340 = 0.2660573083907366
Training loss on iteration 360 = 0.22001781198196113
Training loss on iteration 380 = 0.22166289370507003
Training loss on iteration 400 = 0.29895042958669366
Training loss on iteration 420 = 0.2696976909413934
Training loss on iteration 440 = 0.2603636828251183
Training loss on iteration 460 = 0.24049358209595084
Training loss on iteration 480 = 0.24802221797872334
Training loss on iteration 500 = 0.18475717627443372
Training loss on iteration 520 = 0.2163582742214203
Training loss on iteration 540 = 0.27786213752115146
Training loss on iteration 560 = 0.31116323624737563
Training loss on iteration 580 = 0.2704848797991872
Training loss on iteration 600 = 0.2634654232766479
Training loss on iteration 620 = 0.24610887803137302
Training loss on iteration 640 = 0.2779779373668134
Training loss on iteration 660 = 0.16162583171389996
Training loss on iteration 680 = 0.2798109695315361
Training loss on iteration 700 = 0.23252033144235612
Training loss on iteration 720 = 0.19018232244998218
Training loss on iteration 740 = 0.21587959739845247
Training loss on iteration 760 = 0.2760189539752901
Training loss on iteration 780 = 0.2533950746059418
Training loss on iteration 800 = 0.1446905540768057
Training loss on iteration 820 = 0.2676597315818071
Training loss on iteration 840 = 0.336800835095346
Training loss on iteration 860 = 0.19012280247407035
Training loss on iteration 880 = 0.222635642811656
Training loss on iteration 900 = 0.3089663667604327
Training loss on iteration 920 = 0.2677369609475136
Training loss on iteration 940 = 0.28160838335752486
Training loss on iteration 960 = 0.20261673820205034
Training loss on iteration 980 = 0.2652526578865945
Training loss on iteration 1000 = 0.1858059567399323
Training loss on iteration 1020 = 0.24236232917755843
Training loss on iteration 1040 = 0.33503773594275116
Training loss on iteration 1060 = 0.36673674583435056
Training loss on iteration 1080 = 0.19399017728865148
Training loss on iteration 1100 = 0.274149239808321
Training loss on iteration 1120 = 0.1679157660808414
Training loss on iteration 1140 = 0.24088358688168227
Training loss on iteration 1160 = 0.334927296359092
Training loss on iteration 1180 = 0.20859430055133998
Training loss on iteration 1200 = 0.2779704801971093
Training loss on iteration 1220 = 0.2036434778943658
Training loss on iteration 1240 = 0.2434459889307618
Training loss on iteration 1260 = 0.18487262229900808
Training loss on iteration 1280 = 0.24164009625092148
Training loss on iteration 1300 = 0.38560110665857794
Training loss on iteration 1320 = 0.20085282465443016
Training loss on iteration 1340 = 0.239232761785388
Training loss on iteration 1360 = 0.21609908295795321
Training loss on iteration 1380 = 0.3458013121969998
Training loss on iteration 1400 = 0.31227511577308176
Training loss on iteration 1420 = 0.3891729964874685
Training loss on iteration 1440 = 0.45351614062674345
Training loss on iteration 1460 = 0.7457904350478202
Training loss on iteration 1480 = 0.4627802656032145
Training loss on iteration 1500 = 0.3685919194918824
Training loss on iteration 1520 = 0.1525532229570672
Training loss on iteration 1540 = 0.2694293272914365
Training loss on iteration 1560 = 0.11834574930835515
Training loss on iteration 1580 = 0.26551534834434276
Training loss on iteration 1600 = 0.21270739783067255
Training loss on iteration 1620 = 0.30081110056489707
Training loss on iteration 1640 = 0.2872661489062011
Training loss on iteration 1660 = 0.24637904483824968
Training loss on iteration 1680 = 0.18871376793831587
Training loss on iteration 1700 = 0.2399272870272398
Training loss on iteration 1720 = 0.22955947490409018
Training loss on iteration 1740 = 0.17950397375971078
Training loss on iteration 1760 = 0.22420566771179437
Training loss on iteration 1780 = 0.2678079412318766
Training loss on iteration 1800 = 0.22065826188772916
Training loss on iteration 1820 = 0.28302186336368323
Training loss on iteration 1840 = 0.32935544606298206
Training loss on iteration 1860 = 0.23545692283660175
Training loss on iteration 1880 = 0.23251670077443123
Training loss on iteration 1900 = 0.25001580473035573
Training loss on iteration 1920 = 0.19733514059334994
Training loss on iteration 1940 = 0.264300846401602
Training loss on iteration 1960 = 0.26849983129650357
Training loss on iteration 1980 = 0.2771884583868086
Training loss on iteration 2000 = 0.23617805489338933
Training loss on iteration 2020 = 0.300611372012645
Training loss on iteration 2040 = 0.2029554030392319
Training loss on iteration 2060 = 0.41998012252151967
Training loss on iteration 2080 = 0.27031857701949774
Training loss on iteration 2100 = 0.2847499692812562
Training loss on iteration 2120 = 0.19820263441652058
Training loss on iteration 2140 = 0.2831256358884275
Training loss on iteration 2160 = 0.3099838083609939
Training loss on iteration 2180 = 0.24629900306463243
Training loss on iteration 2200 = 0.49391344087198374
Training loss on iteration 2220 = 0.3167368400841951
Training loss on iteration 2240 = 0.40621494874358177
Training loss on iteration 2260 = 0.4674780750647187
Training loss on iteration 2280 = 0.4534691292094067
Training loss on iteration 2300 = 0.33979966044425963
Training loss on iteration 2320 = 0.4724443780723959
Training loss on iteration 2340 = 0.4221400735434145
Training loss on iteration 2360 = 0.40601717308163643
Training loss on iteration 2380 = 0.27655931608751416
Training loss on iteration 2400 = 0.32055005999282005
Training loss on iteration 2420 = 0.18121112007647752
Training loss on iteration 2440 = 0.23897675462067128
Training loss on iteration 2460 = 0.23279768098145723
Training loss on iteration 2480 = 0.41193568606395276
Training loss on iteration 2500 = 0.2735908915288746
Training loss on iteration 2520 = 0.32141119465231893
Training loss on iteration 2540 = 0.2526134645566344
Training loss on iteration 2560 = 0.17104585142806172
Training loss on iteration 2580 = 0.5698045548051596
Training loss on iteration 2600 = 0.33491668440401556
Training loss on iteration 2620 = 0.2837331587448716
Training loss on iteration 2640 = 0.32133502056822183
Training loss on iteration 2660 = 0.26673552133142947
Training loss on iteration 2680 = 0.32518192045390604
Training loss on iteration 2700 = 0.28428515028208495
Training loss on iteration 2720 = 0.2973542416468263
Training loss on iteration 2740 = 0.23521267687901853
Training loss on iteration 2760 = 0.27713049566373227
Training loss on iteration 2780 = 0.33622945137321947
Training loss on iteration 2800 = 0.23710475750267507
Training loss on iteration 2820 = 0.19256621645763516
Training loss on iteration 2840 = 0.2062616752460599
Training loss on iteration 2860 = 0.14034392600879073
Training loss on iteration 2880 = 0.27769720763899386
Training loss on iteration 2900 = 0.241939577460289
Training loss on iteration 2920 = 0.1834836283698678
Training loss on iteration 2940 = 0.3180689041502774
Training loss on iteration 2960 = 0.24912773757241666
Training loss on iteration 2980 = 0.1984466510824859
Training loss on iteration 3000 = 0.2709873666986823
Training loss on iteration 3020 = 0.1696603836491704
Training loss on iteration 3040 = 0.21229067910462618
Training loss on iteration 3060 = 0.25357408039271834
Training loss on iteration 3080 = 0.19323304649442435
Training loss on iteration 3100 = 0.17769214743748307
Training loss on iteration 3120 = 0.2165231853723526
Training loss on iteration 3140 = 0.3392046093940735
Training loss on iteration 3160 = 0.2626119731925428
Training loss on iteration 3180 = 0.27814665257465093
Training loss on iteration 3200 = 0.18105047661811113
Training loss on iteration 3220 = 0.20407153200358152
Training loss on iteration 3240 = 0.20358744342811405
Training loss on iteration 3260 = 0.23830163897946477
Training loss on iteration 3280 = 0.2386345997452736
Training loss on iteration 3300 = 0.1504729174543172
Training loss on iteration 3320 = 0.25385747142136095
Training loss on iteration 3340 = 0.1819426903501153
Training loss on iteration 3360 = 0.1807721014600247
Training loss on iteration 3380 = 0.18962452788837253
Training loss on iteration 3400 = 0.29196759350597856
Training loss on iteration 3420 = 0.2546460924204439
Training loss on iteration 3440 = 0.20758558111265302
Training loss on iteration 3460 = 0.2679894591681659
Training loss on iteration 3480 = 0.21725351484492422
Training loss on iteration 3500 = 0.21145371692255138
Training loss on iteration 3520 = 0.29558037319220604
Training loss on iteration 3540 = 0.22895612437278032
Training loss on iteration 3560 = 0.3457682907581329
Training loss on iteration 3580 = 0.23419291945174336
Training loss on iteration 3600 = 0.1744562281295657
Training loss on iteration 3620 = 0.2496988657861948
Training loss on iteration 3640 = 0.2608180472627282
Training loss on iteration 3660 = 0.2321572033688426
Training loss on iteration 3680 = 0.21201931815594435
Training loss on iteration 3700 = 0.1410161306383088
Training loss on iteration 3720 = 0.2483884104527533
Training loss on iteration 3740 = 0.20799361616373063
Training loss on iteration 3760 = 0.2317116778343916
Training loss on iteration 3780 = 0.20209926282986998
Training loss on iteration 3800 = 0.20000196974724532
Training loss on iteration 3820 = 0.34261854235082867
Training loss on iteration 3840 = 0.27455309480428697
Training loss on iteration 3860 = 0.1619975217850879
Training loss on iteration 3880 = 0.23910459810867907
Training loss on iteration 3900 = 0.24955752324312924
Training loss on iteration 3920 = 0.2423660634085536
Training loss on iteration 3940 = 0.2822515819221735
Training loss on iteration 3960 = 0.30406574681401255
Training loss on iteration 3980 = 0.3109377032145858
Training loss on iteration 4000 = 0.2572036061435938
Training loss on iteration 4020 = 0.2472738429903984
Training loss on iteration 4040 = 0.29087310247123244
Training loss on iteration 4060 = 0.29270316679030656
Training loss on iteration 4080 = 0.2462863003835082
Training loss on iteration 4100 = 0.20591915980912745
Training loss on iteration 4120 = 0.34651105348020794
Training loss on iteration 4140 = 0.23925389163196087
Training loss on iteration 4160 = 0.17593074841424822
Training loss on iteration 4180 = 0.30986422607675196
Training loss on iteration 4200 = 0.37680571265518664
Training loss on iteration 4220 = 0.24014820912852883
Training loss on iteration 4240 = 0.33717758911661805
Training loss on iteration 4260 = 0.22730134152807296
Training loss on iteration 4280 = 0.22171699479222298
Training loss on iteration 4300 = 0.16638205088675023
Training loss on iteration 4320 = 0.2897003361955285
Training loss on iteration 4340 = 0.32339254710823295
Training loss on iteration 4360 = 0.25118885855190454
Training loss on iteration 4380 = 0.32340841740369797
Training loss on iteration 4400 = 0.22145327907055617
Training loss on iteration 4420 = 0.27222911082208157
Training loss on iteration 4440 = 0.21211795546114445
Training loss on iteration 4460 = 0.2581740630790591
Training loss on iteration 4480 = 0.27252135910093783
Training loss on iteration 4500 = 0.26810774076730015
Training loss on iteration 4520 = 0.15209069561096838
Training loss on iteration 4540 = 0.26674844524823127
Training loss on iteration 4560 = 0.23286331864073873
Training loss on iteration 4580 = 0.2901244424749166
Training loss on iteration 4600 = 0.2568086117506027
Training loss on iteration 4620 = 0.33028047913685443
Training loss on iteration 4640 = 0.19997224109247327
Training loss on iteration 4660 = 0.2390959318727255
Training loss on iteration 4680 = 0.20357787590473891
Training loss on iteration 4700 = 0.2506674675270915
Training loss on iteration 4720 = 0.15705210610758513
Training loss on iteration 4740 = 0.12820660814177245
Training loss on iteration 4760 = 0.20532214771956206
Training loss on iteration 4780 = 0.15667980145663024
Training loss on iteration 4800 = 0.1486522021703422
Training loss on iteration 4820 = 0.14763880569953472
Training loss on iteration 4840 = 0.30143035501241683
Training loss on iteration 4860 = 0.23564266059547662
Training loss on iteration 4880 = 0.18926962662953883
Training loss on iteration 4900 = 0.21371284363558515
Training loss on iteration 4920 = 0.21208543819375336
Training loss on iteration 4940 = 0.2744489117525518
Training loss on iteration 4960 = 0.22670461172237993
Training loss on iteration 4980 = 0.22165244205389173
Training loss on iteration 5000 = 0.24180227173492314
Training loss on iteration 5020 = 0.28496075570583346
Training loss on iteration 5040 = 0.16163418509531766
Training loss on iteration 5060 = 0.29903846397064626
Training loss on iteration 5080 = 0.434007109911181
Training loss on iteration 5100 = 0.3171035104896873
Training loss on iteration 5120 = 0.180611290759407
Training loss on iteration 5140 = 0.27691330164670946
Training loss on iteration 5160 = 0.16717564879218116
Training loss on iteration 5180 = 0.18812430256512017
Training loss on iteration 5200 = 0.21821982314577326
Training loss on iteration 5220 = 0.310742602031678
Training loss on iteration 5240 = 0.36886993832886217
Training loss on iteration 5260 = 0.2556342864409089
Training loss on iteration 5280 = 0.222434240457369
Training loss on iteration 5300 = 0.30049145333468913
Training loss on iteration 5320 = 0.27417201865464447
Training loss on iteration 5340 = 0.19245507922023536
Training loss on iteration 5360 = 0.2765135830268264
Training loss on iteration 5380 = 0.334817826654762
Training loss on iteration 5400 = 0.3828200969379395
Training loss on iteration 5420 = 0.19242410637671128
Training loss on iteration 5440 = 0.17652138955891133
Training loss on iteration 5460 = 0.3093078289180994
Training loss on iteration 5480 = 0.30049306377768514
Training loss on iteration 5500 = 0.35465920984279364
Training loss on iteration 5520 = 0.34085227316245437
Training loss on iteration 5540 = 0.3018183515407145
Training loss on iteration 5560 = 0.3086787526262924
Training loss on iteration 5580 = 0.221934746671468
Training loss on iteration 5600 = 0.24581618346273898
Training loss on iteration 5620 = 0.21497656118590386
Training loss on iteration 5640 = 0.26004764065146446
Training loss on iteration 5660 = 0.3346816100180149
Training loss on iteration 5680 = 0.49632852340582756
Training loss on iteration 5700 = 0.32565330746583643
Training loss on iteration 5720 = 0.28569691590964796
Training loss on iteration 5740 = 0.2995703736320138
Training loss on iteration 5760 = 0.22902234140783548
Training loss on iteration 5780 = 0.16484821480698883
Training loss on iteration 5800 = 0.2356663384474814
Training loss on iteration 5820 = 0.20062485816888512
Training loss on iteration 5840 = 0.25385840884409844
Training loss on iteration 5860 = 0.22195544745773077
Training loss on iteration 5880 = 0.21148237136658282
Training loss on iteration 5900 = 0.20644900759216397
Training loss on iteration 5920 = 0.23213505698367953
Training loss on iteration 5940 = 0.22634381288662553
Training loss on iteration 5960 = 0.15234608575701714
Training loss on iteration 5980 = 0.20306391390040518
Training loss on iteration 6000 = 0.2657290829345584
Training loss on iteration 6020 = 0.2216552671045065
Training loss on iteration 6040 = 0.2516846567392349
Training loss on iteration 6060 = 0.1981150260195136
Training loss on iteration 6080 = 0.21486842902377248
Training loss on iteration 6100 = 0.21515389233827592
Training loss on iteration 6120 = 0.20535746375098823
Training loss on iteration 6140 = 0.23686451520770788
Training loss on iteration 6160 = 0.21147830607369542
Training loss on iteration 6180 = 0.12108193964231759
Training loss on iteration 6200 = 0.29071866190060974
Training loss on iteration 6220 = 0.15615698006004095
Training loss on iteration 6240 = 0.2041205482557416
Training loss on iteration 6260 = 0.2557812581770122
Training loss on iteration 6280 = 0.2255029902793467
Training loss on iteration 6300 = 0.2832250941544771
Training loss on iteration 6320 = 0.2500328717753291
Training loss on iteration 6340 = 0.21114722499623895
Training loss on iteration 6360 = 0.21933375974185765
Training loss on iteration 6380 = 0.19932348039001227
Training loss on iteration 6400 = 0.1775295925559476
Training loss on iteration 6420 = 0.23037208025343717
Training loss on iteration 6440 = 0.16778119252994655
Training loss on iteration 6460 = 0.28712041759863494
Training loss on iteration 6480 = 0.24701223382726312
Training loss on iteration 6500 = 0.2375436421483755
Training loss on iteration 6520 = 0.19157749451696873
Training loss on iteration 6540 = 0.353374167624861
Training loss on iteration 6560 = 0.2101515126414597
Training loss on iteration 6580 = 0.2073109849123284
Training loss on iteration 6600 = 0.2984183565713465
Training loss on iteration 6620 = 0.28428448252379895
Training loss on iteration 6640 = 0.27105445582419635
Training loss on iteration 6660 = 0.24798508528620006
Training loss on iteration 6680 = 0.25536649134010075
Training loss on iteration 6700 = 0.2706822660751641
Training loss on iteration 6720 = 0.26772635616362095
Training loss on iteration 6740 = 0.2572910523973405
Training loss on iteration 6760 = 0.19485266492702066
Training loss on iteration 6780 = 0.2310085754841566
Training loss on iteration 6800 = 0.25086105028167366
Training loss on iteration 6820 = 0.344843209348619
Training loss on iteration 6840 = 0.28354860143736005
Training loss on iteration 6860 = 0.2872346361167729
Training loss on iteration 6880 = 0.2750205475836992
Training loss on iteration 6900 = 0.387492584111169
Training loss on iteration 6920 = 0.1887344097252935
Training loss on iteration 6940 = 0.3190584350377321
Training loss on iteration 6960 = 0.2361587954685092
Training loss on iteration 6980 = 0.27660365402698517
Training loss on iteration 7000 = 0.30393155608326194
Training loss on iteration 7020 = 0.2950357276946306
Training loss on iteration 7040 = 0.20847327709198
Training loss on iteration 7060 = 0.21176054738461972
Training loss on iteration 7080 = 0.34405455105006694
Training loss on iteration 7100 = 0.28814551290124657
Training loss on iteration 7120 = 0.27271063085645436
Training loss on iteration 7140 = 0.1646842634771019
Training loss on iteration 7160 = 0.18344453237950803
Training loss on iteration 7180 = 0.21564842201769352
Training loss on iteration 7200 = 0.2759310489986092
Training loss on iteration 7220 = 27.63858113028109
Training loss on iteration 7240 = 3.275349262356758
Training loss on iteration 7260 = 1.9911381999030708
Training loss on iteration 7280 = 1.2121486946940423
Training loss on iteration 7300 = 0.5199873127043247
Training loss on iteration 7320 = 0.6808791622519493
Training loss on iteration 7340 = 0.7477466322481632
Training loss on iteration 7360 = 0.6046976348385215
Training loss on iteration 7380 = 0.5739883649745025
Training loss on iteration 7400 = 0.6093471378087998
Training loss on iteration 7420 = 0.34314342234283685
Training loss on iteration 7440 = 0.25523760891519487
Training loss on iteration 7460 = 0.45303120659664275
Training loss on iteration 7480 = 0.48814642485231163
### EVAL:: Epoch 11:: Loss = 0.539402601628541 :: ACC = 0.8189348558592288, AUC = 0.7528275739143099, EER = 0.3223511793335829
Training on epoch 12
Training loss on iteration 0 = 1.2871363162994385
Training loss on iteration 20 = 0.5190220467746258
Training loss on iteration 40 = 0.3270257793366909
Training loss on iteration 60 = 0.30879351533949373
Training loss on iteration 80 = 0.36577893905341624
Training loss on iteration 100 = 0.2949801848269999
Training loss on iteration 120 = 0.2883098881691694
Training loss on iteration 140 = 0.27017157450318335
Training loss on iteration 160 = 0.27280944753438235
Training loss on iteration 180 = 0.2145192004740238
Training loss on iteration 200 = 0.21571019310504197
Training loss on iteration 220 = 0.331555300205946
Training loss on iteration 240 = 0.22577929627150298
Training loss on iteration 260 = 0.341534386575222
Training loss on iteration 280 = 0.24364194856025279
Training loss on iteration 300 = 0.23764882199466228
Training loss on iteration 320 = 0.2533609649166465
Training loss on iteration 340 = 0.3500225244089961
Training loss on iteration 360 = 0.25289970366284253
Training loss on iteration 380 = 0.2590294130146503
Training loss on iteration 400 = 0.20210855696350336
Training loss on iteration 420 = 0.24669980448670686
Training loss on iteration 440 = 0.24108737763017415
Training loss on iteration 460 = 0.1703077584505081
Training loss on iteration 480 = 0.2630363147705793
Training loss on iteration 500 = 0.32037312295287845
Training loss on iteration 520 = 0.2203108360990882
Training loss on iteration 540 = 0.21726649701595308
Training loss on iteration 560 = 0.22021939661353826
Training loss on iteration 580 = 0.23330649808049203
Training loss on iteration 600 = 0.318759218044579
Training loss on iteration 620 = 0.3328845718875527
Training loss on iteration 640 = 0.32700214684009554
Training loss on iteration 660 = 0.2970318477600813
Training loss on iteration 680 = 0.37425862327218057
Training loss on iteration 700 = 0.26174080092459917
Training loss on iteration 720 = 0.3216525004478171
Training loss on iteration 740 = 0.19344922921154648
Training loss on iteration 760 = 0.21316357534378766
Training loss on iteration 780 = 0.23560792710632086
Training loss on iteration 800 = 0.18071483438834549
Training loss on iteration 820 = 0.36567873861640693
Training loss on iteration 840 = 0.3060888282954693
Training loss on iteration 860 = 0.1775716585572809
Training loss on iteration 880 = 0.2451007933355868
Training loss on iteration 900 = 0.22195714341942221
Training loss on iteration 920 = 0.3657695632427931
Training loss on iteration 940 = 0.2823394605889916
Training loss on iteration 960 = 0.27969174962490795
Training loss on iteration 980 = 0.2798117260448635
Training loss on iteration 1000 = 0.28679991103708746
Training loss on iteration 1020 = 0.1680848326534033
Training loss on iteration 1040 = 0.26141206473112105
Training loss on iteration 1060 = 0.20521472431719304
Training loss on iteration 1080 = 0.22198775466531515
Training loss on iteration 1100 = 0.12281539384275675
Training loss on iteration 1120 = 0.2303718861658126
Training loss on iteration 1140 = 0.20370263364166022
Training loss on iteration 1160 = 0.27415307592600585
Training loss on iteration 1180 = 0.32339120339602234
Training loss on iteration 1200 = 0.2760517649352551
Training loss on iteration 1220 = 0.16611302383244037
Training loss on iteration 1240 = 0.2142147095873952
Training loss on iteration 1260 = 0.2291644942481071
Training loss on iteration 1280 = 0.1805399044416845
Training loss on iteration 1300 = 0.2056483246386051
Training loss on iteration 1320 = 0.23344178702682256
Training loss on iteration 1340 = 0.22771358655299992
Training loss on iteration 1360 = 0.2172857141122222
Training loss on iteration 1380 = 0.2693518476560712
Training loss on iteration 1400 = 0.2533151566050947
Training loss on iteration 1420 = 0.2226573510095477
Training loss on iteration 1440 = 0.2387239056173712
Training loss on iteration 1460 = 0.24766519777476786
Training loss on iteration 1480 = 0.21261685136705638
Training loss on iteration 1500 = 0.19291526812594384
Training loss on iteration 1520 = 0.22203320730477571
Training loss on iteration 1540 = 0.22926253248006107
Training loss on iteration 1560 = 0.13093174246605485
Training loss on iteration 1580 = 0.242213027831167
Training loss on iteration 1600 = 0.21527617163956164
Training loss on iteration 1620 = 0.31370478942990304
Training loss on iteration 1640 = 0.2925011650659144
Training loss on iteration 1660 = 0.20665653934702277
Training loss on iteration 1680 = 0.31144457422196864
Training loss on iteration 1700 = 0.18178180926479398
Training loss on iteration 1720 = 0.15900366245768965
Training loss on iteration 1740 = 0.24130878169089556
Training loss on iteration 1760 = 0.2152897029183805
Training loss on iteration 1780 = 0.3123710485175252
Training loss on iteration 1800 = 0.21294474862515927
Training loss on iteration 1820 = 0.23667709482833743
Training loss on iteration 1840 = 0.2036096878349781
Training loss on iteration 1860 = 0.15910876458510756
Training loss on iteration 1880 = 0.23811140488833188
Training loss on iteration 1900 = 0.2555775998160243
Training loss on iteration 1920 = 0.23544584158807993
Training loss on iteration 1940 = 0.26692390474490824
Training loss on iteration 1960 = 0.25957637540996076
Training loss on iteration 1980 = 0.1539756161160767
Training loss on iteration 2000 = 0.13471180736087263
Training loss on iteration 2020 = 0.2680710402317345
Training loss on iteration 2040 = 0.27497261660173533
Training loss on iteration 2060 = 0.25744319185614584
Training loss on iteration 2080 = 0.18488222295418383
Training loss on iteration 2100 = 0.3443515822291374
Training loss on iteration 2120 = 0.17844486478716134
Training loss on iteration 2140 = 0.27180421007797123
Training loss on iteration 2160 = 0.19603373892605305
Training loss on iteration 2180 = 0.2110423630103469
Training loss on iteration 2200 = 0.16944631705991925
Training loss on iteration 2220 = 0.18489767480641603
Training loss on iteration 2240 = 0.2165216558612883
Training loss on iteration 2260 = 0.20202398654073478
Training loss on iteration 2280 = 0.18884896389208733
Training loss on iteration 2300 = 0.2127916277386248
Training loss on iteration 2320 = 0.3075010064523667
Training loss on iteration 2340 = 0.2086654777638614
Training loss on iteration 2360 = 0.2731332201510668
Training loss on iteration 2380 = 0.18524362812750042
Training loss on iteration 2400 = 0.2208550963550806
Training loss on iteration 2420 = 0.21773119755089282
Training loss on iteration 2440 = 0.2154467581771314
Training loss on iteration 2460 = 0.16746876779943703
Training loss on iteration 2480 = 0.35037499014288187
Training loss on iteration 2500 = 0.29578283298760655
Training loss on iteration 2520 = 0.31917195646092295
Training loss on iteration 2540 = 0.24789813980460168
Training loss on iteration 2560 = 0.2595354180783033
Training loss on iteration 2580 = 0.2594227043911815
Training loss on iteration 2600 = 0.23742195060476662
Training loss on iteration 2620 = 0.16887215729802846
Training loss on iteration 2640 = 0.20939151709899306
Training loss on iteration 2660 = 0.2511956127360463
Training loss on iteration 2680 = 0.32312730718404054
Training loss on iteration 2700 = 0.2588513636961579
Training loss on iteration 2720 = 0.29643917381763457
Training loss on iteration 2740 = 0.17200112640857695
Training loss on iteration 2760 = 0.17024184456095098
Training loss on iteration 2780 = 0.2771461525000632
Training loss on iteration 2800 = 0.2389585055410862
Training loss on iteration 2820 = 0.2591349923983216
Training loss on iteration 2840 = 0.2875542839989066
Training loss on iteration 2860 = 0.17636396251618863
Training loss on iteration 2880 = 0.281896598264575
Training loss on iteration 2900 = 0.2135737154632807
Training loss on iteration 2920 = 0.1829236849443987
Training loss on iteration 2940 = 0.19816918969154357
Training loss on iteration 2960 = 0.24061898225918413
Training loss on iteration 2980 = 0.15696327127516269
Training loss on iteration 3000 = 0.18487033741548659
Training loss on iteration 3020 = 0.3130973821505904
Training loss on iteration 3040 = 0.23516047783195973
Training loss on iteration 3060 = 0.24919293466955422
Training loss on iteration 3080 = 0.23897742256522178
Training loss on iteration 3100 = 0.23630787674337625
Training loss on iteration 3120 = 0.24847973752766847
Training loss on iteration 3140 = 0.24972296170890332
Training loss on iteration 3160 = 0.17060589864850045
Training loss on iteration 3180 = 0.21571511938236654
Training loss on iteration 3200 = 0.24701640037819744
Training loss on iteration 3220 = 0.243996123643592
Training loss on iteration 3240 = 0.16413356871344148
Training loss on iteration 3260 = 0.3483535870909691
Training loss on iteration 3280 = 0.21546041443943978
Training loss on iteration 3300 = 0.23612017584964634
Training loss on iteration 3320 = 0.18475904585793615
Training loss on iteration 3340 = 0.1696998124010861
Training loss on iteration 3360 = 0.23612179849296808
Training loss on iteration 3380 = 0.19871268942952156
Training loss on iteration 3400 = 0.26241465492639693
Training loss on iteration 3420 = 0.22668508663773537
Training loss on iteration 3440 = 0.26618885961361227
Training loss on iteration 3460 = 0.13704913277179004
Training loss on iteration 3480 = 0.17228131582960488
Training loss on iteration 3500 = 0.28148735864087937
Training loss on iteration 3520 = 0.21764909657649695
Training loss on iteration 3540 = 0.2142538822023198
Training loss on iteration 3560 = 0.18454100470989943
Training loss on iteration 3580 = 0.30787405809387564
Training loss on iteration 3600 = 0.17078216620720924
Training loss on iteration 3620 = 0.2829546857625246
Training loss on iteration 3640 = 0.19289057031273843
Training loss on iteration 3660 = 0.20869825878180565
Training loss on iteration 3680 = 0.2616852422244847
Training loss on iteration 3700 = 0.3468230113387108
Training loss on iteration 3720 = 0.3464116766117513
Training loss on iteration 3740 = 0.21448818729259073
Training loss on iteration 3760 = 0.23250411967746915
Training loss on iteration 3780 = 0.2685131324455142
Training loss on iteration 3800 = 0.3084789382759482
Training loss on iteration 3820 = 0.22328667268157004
Training loss on iteration 3840 = 0.2379592379555106
Training loss on iteration 3860 = 0.21241141268983482
Training loss on iteration 3880 = 0.17519354708492757
Training loss on iteration 3900 = 0.2548408327624202
Training loss on iteration 3920 = 0.2970023533329368
Training loss on iteration 3940 = 0.23734220936894418
Training loss on iteration 3960 = 0.15833621551282703
Training loss on iteration 3980 = 0.23494005389511585
Training loss on iteration 4000 = 0.2440149068599567
Training loss on iteration 4020 = 0.24583088159561156
Training loss on iteration 4040 = 0.2548411571420729
Training loss on iteration 4060 = 0.2007548139896244
Training loss on iteration 4080 = 0.18726756405085326
Training loss on iteration 4100 = 0.25399037236347793
Training loss on iteration 4120 = 0.24630610477179288
Training loss on iteration 4140 = 0.20257901269942521
Training loss on iteration 4160 = 0.25879599249456076
Training loss on iteration 4180 = 0.18740043353755026
Training loss on iteration 4200 = 0.21738062212243675
Training loss on iteration 4220 = 0.23283937023952603
Training loss on iteration 4240 = 0.2185035778209567
Training loss on iteration 4260 = 0.29363237544894216
Training loss on iteration 4280 = 0.16099178646691142
Training loss on iteration 4300 = 0.2159561707172543
Training loss on iteration 4320 = 0.2531619681045413
Training loss on iteration 4340 = 0.2005083897151053
Training loss on iteration 4360 = 0.1646576276049018
Training loss on iteration 4380 = 0.2420825917972252
Training loss on iteration 4400 = 0.36293844133615494
Training loss on iteration 4420 = 0.2183140978217125
Training loss on iteration 4440 = 0.310090914927423
Training loss on iteration 4460 = 0.2276664361357689
Training loss on iteration 4480 = 0.30897262496873734
Training loss on iteration 4500 = 0.21375775821506976
Training loss on iteration 4520 = 0.22630472350865602
Training loss on iteration 4540 = 0.2686818494461477
Training loss on iteration 4560 = 0.2299362963065505
Training loss on iteration 4580 = 0.2197084579616785
Training loss on iteration 4600 = 0.2447580799460411
Training loss on iteration 4620 = 0.1951272742357105
Training loss on iteration 4640 = 0.3396214576438069
Training loss on iteration 4660 = 0.22354509122669697
Training loss on iteration 4680 = 0.2573494466021657
Training loss on iteration 4700 = 0.2876248897984624
Training loss on iteration 4720 = 0.2757690064609051
Training loss on iteration 4740 = 0.22111791782081128
Training loss on iteration 4760 = 0.23042010590434076
Training loss on iteration 4780 = 0.2728016683831811
Training loss on iteration 4800 = 0.2806231274968013
Training loss on iteration 4820 = 0.1997158221900463
Training loss on iteration 4840 = 0.17646222794428468
Training loss on iteration 4860 = 0.15952116716653109
Training loss on iteration 4880 = 0.2291433326434344
Training loss on iteration 4900 = 0.2518602597876452
Training loss on iteration 4920 = 0.21010172716341913
Training loss on iteration 4940 = 0.2509376060217619
Training loss on iteration 4960 = 0.290915113221854
Training loss on iteration 4980 = 0.2743944687768817
Training loss on iteration 5000 = 0.24810888734646142
Training loss on iteration 5020 = 0.26041217502206565
Training loss on iteration 5040 = 0.2860156578943133
Training loss on iteration 5060 = 0.15953086270019412
Training loss on iteration 5080 = 0.26004358418285844
Training loss on iteration 5100 = 0.2562596032395959
Training loss on iteration 5120 = 0.3350118328817189
Training loss on iteration 5140 = 0.2654291786253452
Training loss on iteration 5160 = 0.32151913847774266
Training loss on iteration 5180 = 0.18792919917032122
Training loss on iteration 5200 = 0.21228513782843947
Training loss on iteration 5220 = 0.1624353181105107
Training loss on iteration 5240 = 0.2063624592963606
Training loss on iteration 5260 = 0.22858135607093572
Training loss on iteration 5280 = 0.24194475077092648
Training loss on iteration 5300 = 0.23278131457045675
Training loss on iteration 5320 = 0.291022103279829
Training loss on iteration 5340 = 0.18645466323941945
Training loss on iteration 5360 = 0.22583220372907817
Training loss on iteration 5380 = 0.24906907621771096
Training loss on iteration 5400 = 0.21830700286664068
Training loss on iteration 5420 = 0.24320889711380006
Training loss on iteration 5440 = 0.21586097376421093
Training loss on iteration 5460 = 0.25360553469508884
Training loss on iteration 5480 = 0.26163644846528766
Training loss on iteration 5500 = 0.2123425484634936
Training loss on iteration 5520 = 0.2745702954474837
Training loss on iteration 5540 = 0.20698458063416184
Training loss on iteration 5560 = 0.29372853338718413
Training loss on iteration 5580 = 0.3726879767142236
Training loss on iteration 5600 = 0.2625456190668046
Training loss on iteration 5620 = 0.2992179585620761
Training loss on iteration 5640 = 0.34054746488109233
Training loss on iteration 5660 = 0.23943759417161345
Training loss on iteration 5680 = 0.3011858264915645
Training loss on iteration 5700 = 0.2502365380525589
Training loss on iteration 5720 = 0.12671634228900075
Training loss on iteration 5740 = 0.2606164482538588
Training loss on iteration 5760 = 0.2345541912363842
Training loss on iteration 5780 = 0.1687976020388305
Training loss on iteration 5800 = 0.1909017367521301
Training loss on iteration 5820 = 0.26721555888652804
Training loss on iteration 5840 = 0.2228866521269083
Training loss on iteration 5860 = 0.2817747160792351
Training loss on iteration 5880 = 0.24239164274185895
Training loss on iteration 5900 = 0.3468434733338654
Training loss on iteration 5920 = 0.23478895439766348
Training loss on iteration 5940 = 0.26901474092155697
Training loss on iteration 5960 = 0.23077450320124626
Training loss on iteration 5980 = 0.28150156531482934
Training loss on iteration 6000 = 0.22750772072467954
Training loss on iteration 6020 = 0.3446174713782966
Training loss on iteration 6040 = 0.2107921893708408
Training loss on iteration 6060 = 0.30055267626885324
Training loss on iteration 6080 = 0.2442722563049756
Training loss on iteration 6100 = 0.3463267419487238
Training loss on iteration 6120 = 0.2431694895029068
Training loss on iteration 6140 = 0.24935767631977795
Training loss on iteration 6160 = 0.28709111930802467
Training loss on iteration 6180 = 0.16705486010760068
Training loss on iteration 6200 = 0.20926759803551248
Training loss on iteration 6220 = 0.2513076043687761
Training loss on iteration 6240 = 0.2780660571530461
Training loss on iteration 6260 = 0.29237893093377354
Training loss on iteration 6280 = 0.2578132521361113
Training loss on iteration 6300 = 0.1523625897243619
Training loss on iteration 6320 = 0.24073533657938243
Training loss on iteration 6340 = 0.22446336462162436
Training loss on iteration 6360 = 0.24883985947817563
Training loss on iteration 6380 = 0.21414275243878364
Training loss on iteration 6400 = 0.22874007888603956
Training loss on iteration 6420 = 0.19354457077570258
Training loss on iteration 6440 = 0.22711114026606083
Training loss on iteration 6460 = 0.2644806896336377
Training loss on iteration 6480 = 0.31593837165273725
Training loss on iteration 6500 = 0.18671946292743086
Training loss on iteration 6520 = 0.22923710942268372
Training loss on iteration 6540 = 0.28947950471192596
Training loss on iteration 6560 = 0.4395990243181586
Training loss on iteration 6580 = 0.45482645300216973
Training loss on iteration 6600 = 0.2655214914120734
Training loss on iteration 6620 = 0.36372673213481904
Training loss on iteration 6640 = 0.24204208552837372
Training loss on iteration 6660 = 0.28184249605983497
Training loss on iteration 6680 = 0.3830477690324187
Training loss on iteration 6700 = 0.5451966296881438
Training loss on iteration 6720 = 0.5654409972950816
Training loss on iteration 6740 = 0.3892791082151234
Training loss on iteration 6760 = 0.2435591785237193
Training loss on iteration 6780 = 0.45029864243697376
Training loss on iteration 6800 = 0.4526791953947395
Training loss on iteration 6820 = 1.1255716785788537
Training loss on iteration 6840 = 0.42481940779834987
Training loss on iteration 6860 = 0.28273753440007565
Training loss on iteration 6880 = 0.28946419451385735
Training loss on iteration 6900 = 0.36206251233816145
Training loss on iteration 6920 = 0.2989883813075721
Training loss on iteration 6940 = 0.23289583828300237
Training loss on iteration 6960 = 0.31871179547160866
Training loss on iteration 6980 = 0.30740214735269544
Training loss on iteration 7000 = 0.3102368564344943
Training loss on iteration 7020 = 0.27352150944061576
Training loss on iteration 7040 = 0.3201603567227721
Training loss on iteration 7060 = 0.31513866782188416
Training loss on iteration 7080 = 0.39383436515927317
Training loss on iteration 7100 = 0.34738643690943716
Training loss on iteration 7120 = 0.27531450875103475
Training loss on iteration 7140 = 0.3713727009482682
Training loss on iteration 7160 = 0.27572911884635687
Training loss on iteration 7180 = 0.41073940843343737
Training loss on iteration 7200 = 0.3061973128467798
Training loss on iteration 7220 = 0.2726547742262483
Training loss on iteration 7240 = 0.2661483524367213
Training loss on iteration 7260 = 0.23346622921526433
Training loss on iteration 7280 = 0.18072036802768707
Training loss on iteration 7300 = 0.3719150610268116
Training loss on iteration 7320 = 0.2679890587925911
Training loss on iteration 7340 = 0.23106656018644572
Training loss on iteration 7360 = 0.3148129977285862
Training loss on iteration 7380 = 0.24830003920942545
Training loss on iteration 7400 = 0.40312299635261295
Training loss on iteration 7420 = 0.20673058594111354
Training loss on iteration 7440 = 0.28436426678672433
Training loss on iteration 7460 = 0.31140562109649184
Training loss on iteration 7480 = 0.21593601470813156
### EVAL:: Epoch 12:: Loss = 0.20671296903021855 :: ACC = 0.9210033695245227, AUC = 0.5884351695576306, EER = 0.4567577686259828
Training on epoch 13
Training loss on iteration 0 = 0.22748811542987823
Training loss on iteration 20 = 0.23436999069526793
Training loss on iteration 40 = 0.30602427050471304
Training loss on iteration 60 = 0.25903645623475313
Training loss on iteration 80 = 0.31153101976960895
Training loss on iteration 100 = 0.4428940288722515
Training loss on iteration 120 = 0.3032680582255125
Training loss on iteration 140 = 0.2745451325550675
Training loss on iteration 160 = 0.17234887424856424
Training loss on iteration 180 = 0.34972131717950106
Training loss on iteration 200 = 0.34911453928798436
Training loss on iteration 220 = 0.23460583239793778
Training loss on iteration 240 = 0.27604886023327707
Training loss on iteration 260 = 0.23652806477621197
Training loss on iteration 280 = 0.4614950932562351
Training loss on iteration 300 = 0.3155459102243185
Training loss on iteration 320 = 0.353872281499207
Training loss on iteration 340 = 0.2968788672238588
Training loss on iteration 360 = 0.21524302698671818
Training loss on iteration 380 = 0.2771967847365886
Training loss on iteration 400 = 0.30120463520288465
Training loss on iteration 420 = 0.3010910743847489
Training loss on iteration 440 = 0.23435573996976017
Training loss on iteration 460 = 0.28880436476320026
Training loss on iteration 480 = 0.32380940914154055
Training loss on iteration 500 = 0.2793948283419013
Training loss on iteration 520 = 0.28398239547386767
Training loss on iteration 540 = 0.2520718278363347
Training loss on iteration 560 = 0.2671540092676878
Training loss on iteration 580 = 0.2128925452940166
Training loss on iteration 600 = 0.23988985521718859
Training loss on iteration 620 = 0.24459026781842114
Training loss on iteration 640 = 0.27652077758684757
Training loss on iteration 660 = 0.3717319121584296
Training loss on iteration 680 = 0.38346005901694297
Training loss on iteration 700 = 0.23002892248332502
Training loss on iteration 720 = 0.29020435332786293
Training loss on iteration 740 = 0.2825425733113661
Training loss on iteration 760 = 0.23991015274077654
Training loss on iteration 780 = 0.32912576850503683
Training loss on iteration 800 = 0.28229506220668554
Training loss on iteration 820 = 0.19851047731935978
Training loss on iteration 840 = 0.2321433274075389
Training loss on iteration 860 = 0.32475372962653637
Training loss on iteration 880 = 0.2403509682044387
Training loss on iteration 900 = 0.17327443268150092
Training loss on iteration 920 = 0.22195162074640393
Training loss on iteration 940 = 0.3549286411609501
Training loss on iteration 960 = 0.32826283760368824
Training loss on iteration 980 = 0.4018704986665398
Training loss on iteration 1000 = 0.25160010401159527
Training loss on iteration 1020 = 0.2507398234680295
Training loss on iteration 1040 = 0.21648712097667158
Training loss on iteration 1060 = 0.2164117695763707
Training loss on iteration 1080 = 0.2759367888793349
Training loss on iteration 1100 = 0.3012048743665218
Training loss on iteration 1120 = 0.22565617011860012
Training loss on iteration 1140 = 0.23906769677996637
Training loss on iteration 1160 = 0.16782221295870842
Training loss on iteration 1180 = 0.25927218832075594
Training loss on iteration 1200 = 0.26808818106073884
Training loss on iteration 1220 = 0.18218780329916626
Training loss on iteration 1240 = 0.27610446512699127
Training loss on iteration 1260 = 0.16687889283057303
Training loss on iteration 1280 = 0.3127594874240458
Training loss on iteration 1300 = 0.1446947914082557
Training loss on iteration 1320 = 0.29271320197731254
Training loss on iteration 1340 = 0.3410098719410598
Training loss on iteration 1360 = 0.2490595522802323
Training loss on iteration 1380 = 0.2955168231157586
Training loss on iteration 1400 = 0.2650337683968246
Training loss on iteration 1420 = 0.19994444753974677
Training loss on iteration 1440 = 0.2561530208447948
Training loss on iteration 1460 = 0.18433894673362375
Training loss on iteration 1480 = 0.3035009305458516
Training loss on iteration 1500 = 0.23247193433344365
Training loss on iteration 1520 = 0.30913245719857513
Training loss on iteration 1540 = 0.16312115378677844
Training loss on iteration 1560 = 0.24868144411593676
Training loss on iteration 1580 = 0.20998650861001805
Training loss on iteration 1600 = 0.1834537094924599
Training loss on iteration 1620 = 0.17339810589328408
Training loss on iteration 1640 = 0.20609738887287676
Training loss on iteration 1660 = 0.22903925022110344
Training loss on iteration 1680 = 0.2279398526996374
Training loss on iteration 1700 = 0.34505818095058205
Training loss on iteration 1720 = 0.3084803877165541
Training loss on iteration 1740 = 0.311251647467725
Training loss on iteration 1760 = 0.30975577756762507
Training loss on iteration 1780 = 0.1375031540170312
Training loss on iteration 1800 = 0.3065906060859561
Training loss on iteration 1820 = 0.2867460587061942
Training loss on iteration 1840 = 0.2199374634772539
Training loss on iteration 1860 = 0.21655072644352913
Training loss on iteration 1880 = 0.3547154827043414
Training loss on iteration 1900 = 0.211887988448143
Training loss on iteration 1920 = 0.23352477145381273
Training loss on iteration 1940 = 0.24970716731622816
Training loss on iteration 1960 = 0.29136459864676
Training loss on iteration 1980 = 0.20260373065248133
Training loss on iteration 2000 = 0.24073074329644442
Training loss on iteration 2020 = 0.4083994381129742
Training loss on iteration 2040 = 0.26883376073092224
Training loss on iteration 2060 = 0.36032371670007707
Training loss on iteration 2080 = 0.29839773289859295
Training loss on iteration 2100 = 0.21386466603726148
Training loss on iteration 2120 = 0.158972646901384
Training loss on iteration 2140 = 0.2912809083238244
Training loss on iteration 2160 = 0.3098724497947842
Training loss on iteration 2180 = 0.2633882714435458
Training loss on iteration 2200 = 0.2014806884340942
Training loss on iteration 2220 = 0.21776181682944298
Training loss on iteration 2240 = 0.18216089634224772
Training loss on iteration 2260 = 0.28106981609016657
Training loss on iteration 2280 = 0.18688613837584853
Training loss on iteration 2300 = 0.22536681946367026
Training loss on iteration 2320 = 0.34531781654804944
Training loss on iteration 2340 = 0.2305177938193083
Training loss on iteration 2360 = 0.21387577373534442
Training loss on iteration 2380 = 0.24215086735785007
Training loss on iteration 2400 = 0.260689652338624
Training loss on iteration 2420 = 0.3100107001140714
Training loss on iteration 2440 = 0.15769142238423228
Training loss on iteration 2460 = 0.21739938743412496
Training loss on iteration 2480 = 0.253859269618988
Training loss on iteration 2500 = 0.27319339448586105
Training loss on iteration 2520 = 0.2109426956390962
Training loss on iteration 2540 = 0.370419093221426
Training loss on iteration 2560 = 0.20519046983681619
Training loss on iteration 2580 = 0.2904661615379155
Training loss on iteration 2600 = 0.14150244719348848
Training loss on iteration 2620 = 0.18133966927416623
Training loss on iteration 2640 = 0.23446112065576016
Training loss on iteration 2660 = 0.22865789104253054
Training loss on iteration 2680 = 0.32366560135851613
Training loss on iteration 2700 = 0.2896912458818406
Training loss on iteration 2720 = 0.3387130953371525
Training loss on iteration 2740 = 0.15235565458424388
Training loss on iteration 2760 = 0.2516578554175794
Training loss on iteration 2780 = 0.29067343892529607
Training loss on iteration 2800 = 0.2833747268188745
Training loss on iteration 2820 = 0.2640700239688158
Training loss on iteration 2840 = 0.25374940074980257
Training loss on iteration 2860 = 0.21247856616973876
Training loss on iteration 2880 = 0.21549256313592197
Training loss on iteration 2900 = 0.2755819343961775
Training loss on iteration 2920 = 0.24198403023183346
Training loss on iteration 2940 = 0.22779137743636965
Training loss on iteration 2960 = 0.23564641857519747
Training loss on iteration 2980 = 0.27701267087832093
Training loss on iteration 3000 = 0.23213251689448952
Training loss on iteration 3020 = 0.30280403736978767
Training loss on iteration 3040 = 0.1912569952663034
Training loss on iteration 3060 = 0.307144820317626
Training loss on iteration 3080 = 0.22867754176259042
Training loss on iteration 3100 = 0.3104560408741236
Training loss on iteration 3120 = 0.28808210641145704
Training loss on iteration 3140 = 0.2108428088016808
Training loss on iteration 3160 = 0.22563672196120024
Training loss on iteration 3180 = 0.2780265905894339
Training loss on iteration 3200 = 0.16422163055976852
Training loss on iteration 3220 = 0.29451141306199136
Training loss on iteration 3240 = 0.3857352753941086
Training loss on iteration 3260 = 0.3069971788674593
Training loss on iteration 3280 = 0.33186458493582904
Training loss on iteration 3300 = 0.32165968539193274
Training loss on iteration 3320 = 0.2785173634067178
Training loss on iteration 3340 = 0.30863824374973775
Training loss on iteration 3360 = 0.22604943253099918
Training loss on iteration 3380 = 0.30623138090595603
Training loss on iteration 3400 = 0.3301341602578759
Training loss on iteration 3420 = 0.2854366309940815
Training loss on iteration 3440 = 0.2255248747067526
Training loss on iteration 3460 = 0.25882095359265805
Training loss on iteration 3480 = 0.21473433300852776
Training loss on iteration 3500 = 0.24402859658002854
Training loss on iteration 3520 = 0.2738929471001029
Training loss on iteration 3540 = 0.3140177161898464
Training loss on iteration 3560 = 0.25973068666644394
Training loss on iteration 3580 = 0.3149741333909333
Training loss on iteration 3600 = 0.3336130361072719
Training loss on iteration 3620 = 0.28841980984434484
Training loss on iteration 3640 = 0.34768312845844773
Training loss on iteration 3660 = 0.3422303370665759
Training loss on iteration 3680 = 0.1746512595564127
Training loss on iteration 3700 = 0.32738939616829155
Training loss on iteration 3720 = 0.40153467273339627
Training loss on iteration 3740 = 0.27042816393077374
Training loss on iteration 3760 = 0.26163568370975554
Training loss on iteration 3780 = 0.3005461607128382
Training loss on iteration 3800 = 0.292906666174531
Training loss on iteration 3820 = 0.3157458364032209
Training loss on iteration 3840 = 0.30974891111254693
Training loss on iteration 3860 = 0.23331427667289972
Training loss on iteration 3880 = 0.25898712826892734
Training loss on iteration 3900 = 0.25757211484014986
Training loss on iteration 3920 = 0.2766791775124148
Training loss on iteration 3940 = 0.23630377678200604
Training loss on iteration 3960 = 0.2967902991455048
Training loss on iteration 3980 = 0.3631117634475231
Training loss on iteration 4000 = 0.37270319694653153
Training loss on iteration 4020 = 0.3677373668178916
Training loss on iteration 4040 = 0.2560447286814451
Training loss on iteration 4060 = 0.33476702086627486
Training loss on iteration 4080 = 0.30671511581167576
Training loss on iteration 4100 = 0.19843739401549101
Training loss on iteration 4120 = 0.1886067120358348
Training loss on iteration 4140 = 0.3497189411893487
Training loss on iteration 4160 = 0.2401468656025827
Training loss on iteration 4180 = 0.16368403004016727
Training loss on iteration 4200 = 0.21035298416391016
Training loss on iteration 4220 = 0.2907865643501282
Training loss on iteration 4240 = 0.2536037207581103
Training loss on iteration 4260 = 0.3873194558545947
Training loss on iteration 4280 = 0.32272687256336213
Training loss on iteration 4300 = 0.3416311828419566
Training loss on iteration 4320 = 0.3154677640646696
Training loss on iteration 4340 = 0.3823598392307758
Training loss on iteration 4360 = 0.3269234238192439
Training loss on iteration 4380 = 0.2807615772122517
Training loss on iteration 4400 = 0.3343528438359499
Training loss on iteration 4420 = 0.2351308934390545
Training loss on iteration 4440 = 0.21376292956992984
Training loss on iteration 4460 = 0.42925351951271296
Training loss on iteration 4480 = 0.2721557036973536
Training loss on iteration 4500 = 0.3309005266055465
Training loss on iteration 4520 = 0.27364460276439784
Training loss on iteration 4540 = 0.30338262002915145
Training loss on iteration 4560 = 0.22479356043040752
Training loss on iteration 4580 = 0.18826423063874245
Training loss on iteration 4600 = 0.2702875200659037
Training loss on iteration 4620 = 0.3424406912177801
Training loss on iteration 4640 = 0.2559472814202309
Training loss on iteration 4660 = 0.20639026183634995
Training loss on iteration 4680 = 0.38469265708699824
Training loss on iteration 4700 = 0.5974250165745616
Training loss on iteration 4720 = 0.48338196352124213
Training loss on iteration 4740 = 0.3572438747272827
Training loss on iteration 4760 = 0.3087482255417854
Training loss on iteration 4780 = 0.30461671352386477
Training loss on iteration 4800 = 0.28475819285959003
Training loss on iteration 4820 = 0.41997648384422065
Training loss on iteration 4840 = 0.32543042516335846
Training loss on iteration 4860 = 0.2331563090905547
Training loss on iteration 4880 = 0.3197467137128115
Training loss on iteration 4900 = 0.19640665319748224
Training loss on iteration 4920 = 0.2566522747278214
Training loss on iteration 4940 = 0.15543530089780688
Training loss on iteration 4960 = 0.3369338154792786
Training loss on iteration 4980 = 0.25572591796517374
Training loss on iteration 5000 = 0.24324318733997644
Training loss on iteration 5020 = 0.239309561252594
Training loss on iteration 5040 = 0.20227435901761054
Training loss on iteration 5060 = 0.26664644069969656
Training loss on iteration 5080 = 0.3268760628532618
Training loss on iteration 5100 = 0.31295102201402186
Training loss on iteration 5120 = 0.3060693142935634
Training loss on iteration 5140 = 0.2547192314174026
Training loss on iteration 5160 = 0.3699402320198715
Training loss on iteration 5180 = 0.2547573301941156
Training loss on iteration 5200 = 0.24739972366951407
Training loss on iteration 5220 = 0.34094167202711106
Training loss on iteration 5240 = 0.3140277791768312
Training loss on iteration 5260 = 0.25003588320687414
Training loss on iteration 5280 = 0.1859328994527459
Training loss on iteration 5300 = 0.24286266015842556
Training loss on iteration 5320 = 0.31106035728007553
Training loss on iteration 5340 = 0.1462328214664012
Training loss on iteration 5360 = 0.2612341335043311
Training loss on iteration 5380 = 0.3964454891160131
Training loss on iteration 5400 = 0.44047404371667653
Training loss on iteration 5420 = 0.28637713780626656
Training loss on iteration 5440 = 0.2262413744814694
Training loss on iteration 5460 = 0.33928327332250774
Training loss on iteration 5480 = 0.3469994105398655
Training loss on iteration 5500 = 0.26459769122302534
Training loss on iteration 5520 = 0.23433009958826007
Training loss on iteration 5540 = 0.3168666986748576
Training loss on iteration 5560 = 0.21995850754901766
Training loss on iteration 5580 = 0.3499655550345778
Training loss on iteration 5600 = 0.24668794604949654
Training loss on iteration 5620 = 0.3214598158374429
Training loss on iteration 5640 = 0.22861169734969736
Training loss on iteration 5660 = 0.18209560066461564
Training loss on iteration 5680 = 0.22874352489598096
Training loss on iteration 5700 = 0.21990633346140384
Training loss on iteration 5720 = 0.1809174903202802
Training loss on iteration 5740 = 0.17853660662658513
Training loss on iteration 5760 = 0.2581583405844867
Training loss on iteration 5780 = 0.278620807826519
Training loss on iteration 5800 = 0.2900740497279912
Training loss on iteration 5820 = 0.24646190851926802
Training loss on iteration 5840 = 0.19795361163560302
Training loss on iteration 5860 = 0.3335101737640798
Training loss on iteration 5880 = 0.19831985039636493
Training loss on iteration 5900 = 0.2568840391933918
Training loss on iteration 5920 = 0.1862120081204921
Training loss on iteration 5940 = 0.30532826725393536
Training loss on iteration 5960 = 0.35645630918443205
Training loss on iteration 5980 = 0.2539514138363302
Training loss on iteration 6000 = 0.3312224103137851
Training loss on iteration 6020 = 0.25976414829492567
Training loss on iteration 6040 = 0.30745050106197597
Training loss on iteration 6060 = 0.3946064881980419
Training loss on iteration 6080 = 0.284826206183061
Training loss on iteration 6100 = 0.36623454596847294
Training loss on iteration 6120 = 0.28724900968372824
Training loss on iteration 6140 = 0.2702002715319395
Training loss on iteration 6160 = 0.26370961917564273
Training loss on iteration 6180 = 0.33421843219548464
Training loss on iteration 6200 = 0.23544866386801006
Training loss on iteration 6220 = 0.30883074551820755
Training loss on iteration 6240 = 0.25299580171704295
Training loss on iteration 6260 = 0.2696497868746519
Training loss on iteration 6280 = 0.1808846306055784
Training loss on iteration 6300 = 0.240767861623317
Training loss on iteration 6320 = 0.14652542248368264
Training loss on iteration 6340 = 0.3301913275383413
Training loss on iteration 6360 = 0.37079411931335926
Training loss on iteration 6380 = 0.2330221992917359
Training loss on iteration 6400 = 0.15105467040557413
Training loss on iteration 6420 = 0.22204737523570656
Training loss on iteration 6440 = 0.14951013261452317
Training loss on iteration 6460 = 0.25927984677255156
Training loss on iteration 6480 = 0.16926245512440802
Training loss on iteration 6500 = 0.26533072009915487
Training loss on iteration 6520 = 0.21971316318958997
Training loss on iteration 6540 = 0.30424424819648266
Training loss on iteration 6560 = 0.2404200930148363
Training loss on iteration 6580 = 0.2484077292494476
Training loss on iteration 6600 = 0.2753408093005419
Training loss on iteration 6620 = 0.28628386855125426
Training loss on iteration 6640 = 0.1722967427223921
Training loss on iteration 6660 = 0.2411676665302366
Training loss on iteration 6680 = 0.2482311123982072
Training loss on iteration 6700 = 0.2524555488023907
Training loss on iteration 6720 = 0.2885147353634238
Training loss on iteration 6740 = 0.19377705547958612
Training loss on iteration 6760 = 0.2976947261020541
Training loss on iteration 6780 = 0.3226426485925913
Training loss on iteration 6800 = 0.24227510057389737
Training loss on iteration 6820 = 0.2656093935947865
Training loss on iteration 6840 = 0.2260087925940752
Training loss on iteration 6860 = 0.29733362547121944
Training loss on iteration 6880 = 0.2996120274066925
Training loss on iteration 6900 = 0.16919520865194498
Training loss on iteration 6920 = 0.16925024094525726
Training loss on iteration 6940 = 0.2759252193849534
Training loss on iteration 6960 = 0.3413169911596924
Training loss on iteration 6980 = 0.2656836936250329
Training loss on iteration 7000 = 0.3018772225826979
Training loss on iteration 7020 = 0.34847297742962835
Training loss on iteration 7040 = 1.0499890501378104
Training loss on iteration 7060 = 0.4027622065259493
Training loss on iteration 7080 = 0.7888134572654962
Training loss on iteration 7100 = 0.4087932199239731
Training loss on iteration 7120 = 0.3052688654744998
Training loss on iteration 7140 = 0.30593922454863787
Training loss on iteration 7160 = 0.22646930278278887
Training loss on iteration 7180 = 0.29142564423382283
Training loss on iteration 7200 = 0.30968723064288495
Training loss on iteration 7220 = 0.23248294610530137
Training loss on iteration 7240 = 0.19611399238929153
Training loss on iteration 7260 = 0.3944829095155001
Training loss on iteration 7280 = 0.33342314983019605
Training loss on iteration 7300 = 0.2728321706876159
Training loss on iteration 7320 = 0.22829081481322647
Training loss on iteration 7340 = 0.16579045401886106
Training loss on iteration 7360 = 0.2708440545480698
Training loss on iteration 7380 = 0.17757283512037247
Training loss on iteration 7400 = 0.17840715169440954
Training loss on iteration 7420 = 0.28204018538817766
Training loss on iteration 7440 = 0.3086223227903247
Training loss on iteration 7460 = 0.23373127337545158
Training loss on iteration 7480 = 0.2904703885316849
### EVAL:: Epoch 13:: Loss = 0.17469212726460967 :: ACC = 0.9323287158367652, AUC = 0.934539173473394, EER = 0.1268251591164358
Training on epoch 14
Training loss on iteration 0 = 0.030861908569931984
Training loss on iteration 20 = 0.31068752952851353
Training loss on iteration 40 = 0.2031218059360981
Training loss on iteration 60 = 0.3115498887374997
Training loss on iteration 80 = 0.20486685344949365
Training loss on iteration 100 = 0.21665962883271278
Training loss on iteration 120 = 0.20554749621078372
Training loss on iteration 140 = 0.2790182202588767
Training loss on iteration 160 = 0.1995039195753634
Training loss on iteration 180 = 0.28997125923633577
Training loss on iteration 200 = 0.2127279787324369
Training loss on iteration 220 = 0.283981510065496
Training loss on iteration 240 = 0.26391240460798143
Training loss on iteration 260 = 0.2276484964415431
Training loss on iteration 280 = 0.280742940120399
Training loss on iteration 300 = 0.16765607465058566
Training loss on iteration 320 = 0.30640280768275263
Training loss on iteration 340 = 0.1957784529775381
Training loss on iteration 360 = 0.25334518365561964
Training loss on iteration 380 = 0.22644064761698246
Training loss on iteration 400 = 0.2890664640348405
Training loss on iteration 420 = 0.22657788805663587
Training loss on iteration 440 = 0.20026667583733798
Training loss on iteration 460 = 0.16918514100834728
Training loss on iteration 480 = 0.23131374116055667
Training loss on iteration 500 = 0.29905115216970446
Training loss on iteration 520 = 0.17064612600952386
Training loss on iteration 540 = 0.24174301307648421
Training loss on iteration 560 = 0.15242046667262912
Training loss on iteration 580 = 0.21187313734553753
Training loss on iteration 600 = 0.27626086100935937
Training loss on iteration 620 = 0.1917647839989513
Training loss on iteration 640 = 0.2341067348141223
Training loss on iteration 660 = 0.21133626638911665
Training loss on iteration 680 = 0.3085737096145749
Training loss on iteration 700 = 0.16989609906449915
Training loss on iteration 720 = 0.29320561811327933
Training loss on iteration 740 = 0.24948901599273085
Training loss on iteration 760 = 0.27883959873579445
Training loss on iteration 780 = 0.24354856014251708
Training loss on iteration 800 = 0.3113947515375912
Training loss on iteration 820 = 0.24347311789169906
Training loss on iteration 840 = 0.28641304206103085
Training loss on iteration 860 = 0.20978755559772252
Training loss on iteration 880 = 0.270933635532856
Training loss on iteration 900 = 0.25036402107216416
Training loss on iteration 920 = 0.23054830268956722
Training loss on iteration 940 = 0.20899034161120653
Training loss on iteration 960 = 0.2722480695694685
Training loss on iteration 980 = 0.34128382466733453
Training loss on iteration 1000 = 0.20467239050194622
Training loss on iteration 1020 = 0.23953839032910765
Training loss on iteration 1040 = 0.17775670007104055
Training loss on iteration 1060 = 0.20133075127378106
Training loss on iteration 1080 = 0.23260991042479873
Training loss on iteration 1100 = 0.09975611970294267
Training loss on iteration 1120 = 0.20174553589895367
Training loss on iteration 1140 = 0.24559753250796348
Training loss on iteration 1160 = 0.32123450487852095
Training loss on iteration 1180 = 0.23845747467130424
Training loss on iteration 1200 = 0.21790166227146984
Training loss on iteration 1220 = 0.25386002827435733
Training loss on iteration 1240 = 0.30219754185527564
Training loss on iteration 1260 = 0.3506538982503116
Training loss on iteration 1280 = 0.22921055369079113
Training loss on iteration 1300 = 0.293265258288011
Training loss on iteration 1320 = 0.26105932854115965
Training loss on iteration 1340 = 0.2534156087785959
Training loss on iteration 1360 = 0.13002594748977572
Training loss on iteration 1380 = 0.28247788213193414
Training loss on iteration 1400 = 0.2713630269281566
Training loss on iteration 1420 = 0.35704333931207655
Training loss on iteration 1440 = 0.23007493652403355
Training loss on iteration 1460 = 0.2563464567065239
Training loss on iteration 1480 = 0.16869280578102916
Training loss on iteration 1500 = 0.3242417896632105
Training loss on iteration 1520 = 0.3148235366679728
Training loss on iteration 1540 = 0.16620982587337493
Training loss on iteration 1560 = 0.23191931596957147
Training loss on iteration 1580 = 0.15191320301964878
Training loss on iteration 1600 = 0.22448670202866197
Training loss on iteration 1620 = 0.2510079501196742
Training loss on iteration 1640 = 0.24540590979158877
Training loss on iteration 1660 = 0.196340749040246
Training loss on iteration 1680 = 0.16172064431011676
Training loss on iteration 1700 = 0.2662003907142207
Training loss on iteration 1720 = 0.217567889764905
Training loss on iteration 1740 = 0.22491219202056528
Training loss on iteration 1760 = 0.29181673945859077
Training loss on iteration 1780 = 0.2811013121157885
Training loss on iteration 1800 = 0.2739191133063287
Training loss on iteration 1820 = 0.2923318197368644
Training loss on iteration 1840 = 0.5252568290859927
Training loss on iteration 1860 = 0.29668561855796727
Training loss on iteration 1880 = 0.26521837394684555
Training loss on iteration 1900 = 0.33278725706040857
Training loss on iteration 1920 = 0.2675261477008462
Training loss on iteration 1940 = 0.30170920996461065
Training loss on iteration 1960 = 0.16706507662311196
Training loss on iteration 1980 = 0.237606249935925
Training loss on iteration 2000 = 0.43159506272058934
Training loss on iteration 2020 = 0.42911145351827146
Training loss on iteration 2040 = 0.27741407258436085
Training loss on iteration 2060 = 0.6110650108428672
Training loss on iteration 2080 = 0.47703091184375807
Training loss on iteration 2100 = 0.39243653900921344
Training loss on iteration 2120 = 0.24298682380467654
Training loss on iteration 2140 = 0.36893319319933654
Training loss on iteration 2160 = 0.15702547570690512
Training loss on iteration 2180 = 0.38279761117883027
Training loss on iteration 2200 = 0.24130923487246037
Training loss on iteration 2220 = 0.22995563857257367
Training loss on iteration 2240 = 0.229538795305416
Training loss on iteration 2260 = 0.22866427479311824
Training loss on iteration 2280 = 0.2133692355826497
Training loss on iteration 2300 = 0.16545151839964092
Training loss on iteration 2320 = 0.37913036774843933
Training loss on iteration 2340 = 0.2491543348878622
Training loss on iteration 2360 = 0.18496205969713628
Training loss on iteration 2380 = 0.24075582213699817
Training loss on iteration 2400 = 0.224084229208529
Training loss on iteration 2420 = 0.28578215921297667
Training loss on iteration 2440 = 0.21706723980605602
Training loss on iteration 2460 = 0.3233955477830023
Training loss on iteration 2480 = 0.2393447166774422
Training loss on iteration 2500 = 0.225147670134902
Training loss on iteration 2520 = 0.20512573898304254
Training loss on iteration 2540 = 0.22878698464483022
Training loss on iteration 2560 = 0.18703375095501543
Training loss on iteration 2580 = 0.2225371217355132
Training loss on iteration 2600 = 0.22696654198225588
Training loss on iteration 2620 = 0.25670594596303997
Training loss on iteration 2640 = 0.25446954891085627
Training loss on iteration 2660 = 0.3205380514264107
Training loss on iteration 2680 = 0.22899026051163673
Training loss on iteration 2700 = 0.2992115951143205
Training loss on iteration 2720 = 0.18393234591931104
Training loss on iteration 2740 = 0.2572758159600198
Training loss on iteration 2760 = 0.29798812260851265
Training loss on iteration 2780 = 0.29773314390331507
Training loss on iteration 2800 = 0.24377251779660583
Training loss on iteration 2820 = 0.2195010919123888
Training loss on iteration 2840 = 0.17619823860004544
Training loss on iteration 2860 = 0.18521949594141915
Training loss on iteration 2880 = 0.21904547717422246
Training loss on iteration 2900 = 0.2912481619161554
Training loss on iteration 2920 = 0.2378660650458187
Training loss on iteration 2940 = 0.2326937647536397
Training loss on iteration 2960 = 0.25332970414310696
Training loss on iteration 2980 = 0.2456071321386844
Training loss on iteration 3000 = 0.22348698587156832
Training loss on iteration 3020 = 0.23652961440384387
Training loss on iteration 3040 = 0.2530781628564
Training loss on iteration 3060 = 0.26319773178547623
Training loss on iteration 3080 = 0.14085181523114443
Training loss on iteration 3100 = 0.20231357528828084
Training loss on iteration 3120 = 0.23113950584083795
Training loss on iteration 3140 = 0.27188514843583106
Training loss on iteration 3160 = 0.2361232141731307
Training loss on iteration 3180 = 0.2447261782363057
Training loss on iteration 3200 = 0.16425632759928704
Training loss on iteration 3220 = 0.23600929798558354
Training loss on iteration 3240 = 0.2964980222750455
Training loss on iteration 3260 = 0.25619815066456797
Training loss on iteration 3280 = 0.21905421391129493
Training loss on iteration 3300 = 0.22148380605503917
Training loss on iteration 3320 = 0.2571928981691599
Training loss on iteration 3340 = 0.22890593338524923
Training loss on iteration 3360 = 0.28351253252476455
Training loss on iteration 3380 = 0.24103717538528144
Training loss on iteration 3400 = 0.15534556889906526
Training loss on iteration 3420 = 0.28029106818139554
Training loss on iteration 3440 = 0.23816459763329476
Training loss on iteration 3460 = 0.21419729734770954
Training loss on iteration 3480 = 0.21487453288864344
Training loss on iteration 3500 = 0.21611458174884318
Training loss on iteration 3520 = 0.2919300701469183
Training loss on iteration 3540 = 0.22662204056978225
Training loss on iteration 3560 = 0.4610065886750817
Training loss on iteration 3580 = 0.3525181643664837
Training loss on iteration 3600 = 0.2598739669425413
Training loss on iteration 3620 = 0.32528717457316814
Training loss on iteration 3640 = 0.37171504748985174
Training loss on iteration 3660 = 0.23677796134725212
Training loss on iteration 3680 = 0.2421700654551387
Training loss on iteration 3700 = 0.23906533215194942
Training loss on iteration 3720 = 0.33615422071889045
Training loss on iteration 3740 = 0.18221076615154744
Training loss on iteration 3760 = 0.19291834351606668
Training loss on iteration 3780 = 0.21593637838959695
Training loss on iteration 3800 = 0.3317003421485424
Training loss on iteration 3820 = 0.3071449649520218
Training loss on iteration 3840 = 0.4662515319883823
Training loss on iteration 3860 = 0.2414893114939332
Training loss on iteration 3880 = 0.24836224522441624
Training loss on iteration 3900 = 0.24018715247511863
Training loss on iteration 3920 = 0.3293660683557391
Training loss on iteration 3940 = 0.2864875064231455
Training loss on iteration 3960 = 0.23710878044366837
Training loss on iteration 3980 = 0.22440935112535954
Training loss on iteration 4000 = 0.262721899675671
Training loss on iteration 4020 = 0.1660327821969986
Training loss on iteration 4040 = 0.21234809602610766
Training loss on iteration 4060 = 0.308859752304852
Training loss on iteration 4080 = 0.3240421955473721
Training loss on iteration 4100 = 0.30627342846710237
Training loss on iteration 4120 = 0.29515728633850813
Training loss on iteration 4140 = 0.20225319960154592
Training loss on iteration 4160 = 0.23267962876707315
Training loss on iteration 4180 = 0.1886625073850155
Training loss on iteration 4200 = 0.290597752854228
Training loss on iteration 4220 = 0.26863400749862193
Training loss on iteration 4240 = 0.19885901203379036
Training loss on iteration 4260 = 0.17645761761814355
Training loss on iteration 4280 = 0.3071597169153392
Training loss on iteration 4300 = 0.17564610289409757
Training loss on iteration 4320 = 0.2236021315213293
Training loss on iteration 4340 = 0.2280791082419455
Training loss on iteration 4360 = 0.21447057793848218
Training loss on iteration 4380 = 0.28786218552850185
Training loss on iteration 4400 = 0.3296322975307703
Training loss on iteration 4420 = 0.2739679116755724
Training loss on iteration 4440 = 0.2161909499205649
Training loss on iteration 4460 = 0.3010773932561278
Training loss on iteration 4480 = 0.20615065810270608
Training loss on iteration 4500 = 0.22411774350330232
Training loss on iteration 4520 = 0.30974536342546344
Training loss on iteration 4540 = 0.2455188300460577
Training loss on iteration 4560 = 0.2666914317756891
Training loss on iteration 4580 = 0.15107634235173464
Training loss on iteration 4600 = 0.315204444527626
Training loss on iteration 4620 = 0.24783111046999692
Training loss on iteration 4640 = 0.15569816567003728
Training loss on iteration 4660 = 0.2493995063006878
Training loss on iteration 4680 = 0.14400158692151308
Training loss on iteration 4700 = 0.25633735191076995
Training loss on iteration 4720 = 0.160669003543444
Training loss on iteration 4740 = 0.21896800938993694
Training loss on iteration 4760 = 0.28403851510956885
Training loss on iteration 4780 = 0.13082991437986494
Training loss on iteration 4800 = 0.26693787183612583
Training loss on iteration 4820 = 0.21900513572618366
Training loss on iteration 4840 = 0.2995854835025966
Training loss on iteration 4860 = 0.18687477996572852
Training loss on iteration 4880 = 0.15030582631006836
Training loss on iteration 4900 = 0.24680302739143373
Training loss on iteration 4920 = 0.17107781241647899
Training loss on iteration 4940 = 0.1509682834148407
Training loss on iteration 4960 = 0.2103457672521472
Training loss on iteration 4980 = 0.18922031177207826
Training loss on iteration 5000 = 0.17950607724487783
Training loss on iteration 5020 = 0.22869284637272358
Training loss on iteration 5040 = 0.2594432828016579
Training loss on iteration 5060 = 0.18647754094563423
Training loss on iteration 5080 = 0.30430967081338167
Training loss on iteration 5100 = 0.1991304110735655
Training loss on iteration 5120 = 0.2013246424496174
Training loss on iteration 5140 = 0.25899630398489537
Training loss on iteration 5160 = 0.2901692597195506
Training loss on iteration 5180 = 0.2574912501964718
Training loss on iteration 5200 = 0.2153992119943723
Training loss on iteration 5220 = 0.18300189995206892
Training loss on iteration 5240 = 0.26729371789842843
Training loss on iteration 5260 = 0.29809160977602006
Training loss on iteration 5280 = 0.25142820570617913
Training loss on iteration 5300 = 0.23907442949712276
Training loss on iteration 5320 = 0.17034289762377738
Training loss on iteration 5340 = 0.1581610045861453
Training loss on iteration 5360 = 0.26274009444750845
Training loss on iteration 5380 = 0.27863376243039967
Training loss on iteration 5400 = 0.2595777344889939
Training loss on iteration 5420 = 0.20475858617573978
Training loss on iteration 5440 = 0.17768483683466912
Training loss on iteration 5460 = 0.1205648433882743
Training loss on iteration 5480 = 0.22175250846194103
Training loss on iteration 5500 = 0.15703428890556098
Training loss on iteration 5520 = 0.264185827691108
Training loss on iteration 5540 = 0.1962056745775044
Training loss on iteration 5560 = 0.20085871079936624
Training loss on iteration 5580 = 0.1911982400342822
Training loss on iteration 5600 = 0.2289837006945163
Training loss on iteration 5620 = 0.19683719193562865
Training loss on iteration 5640 = 0.24882680368609728
Training loss on iteration 5660 = 0.199162352347048
Training loss on iteration 5680 = 0.24681515831616707
Training loss on iteration 5700 = 0.19490387151017785
Training loss on iteration 5720 = 0.1925749970600009
Training loss on iteration 5740 = 0.19155784177128227
Training loss on iteration 5760 = 0.2622857665643096
Training loss on iteration 5780 = 0.27491327058523896
Training loss on iteration 5800 = 0.12711859587579966
Training loss on iteration 5820 = 0.1493067796807736
Training loss on iteration 5840 = 0.22113380618393422
Training loss on iteration 5860 = 0.31150299180299046
Training loss on iteration 5880 = 0.219133669603616
Training loss on iteration 5900 = 0.16750392774119974
Training loss on iteration 5920 = 0.18417569312732668
Training loss on iteration 5940 = 0.24692697292193772
Training loss on iteration 5960 = 0.2884295338764787
Training loss on iteration 5980 = 0.18701440384611487
Training loss on iteration 6000 = 0.2732446927111596
Training loss on iteration 6020 = 0.2640284076333046
Training loss on iteration 6040 = 0.30323801569174974
Training loss on iteration 6060 = 0.22662185351364314
Training loss on iteration 6080 = 0.19584913607686757
Training loss on iteration 6100 = 0.2133721572579816
Training loss on iteration 6120 = 0.1992678629234433
Training loss on iteration 6140 = 0.24409688599407672
Training loss on iteration 6160 = 0.31745878802612426
Training loss on iteration 6180 = 0.1955451633548364
Training loss on iteration 6200 = 0.24203932816162704
Training loss on iteration 6220 = 0.3337404111400247
Training loss on iteration 6240 = 0.20878911348991097
Training loss on iteration 6260 = 0.14040335778845475
Training loss on iteration 6280 = 0.32567919411230833
Training loss on iteration 6300 = 0.34126303913071754
Training loss on iteration 6320 = 0.17374028931371868
Training loss on iteration 6340 = 0.28739947723224757
Training loss on iteration 6360 = 0.1895771804265678
Training loss on iteration 6380 = 0.1881988313049078
Training loss on iteration 6400 = 0.16058479321654887
Training loss on iteration 6420 = 0.19984867984894664
Training loss on iteration 6440 = 0.21808931060149916
Training loss on iteration 6460 = 0.16306625306606293
Training loss on iteration 6480 = 0.1831544412765652
Training loss on iteration 6500 = 0.2532947988715023
Training loss on iteration 6520 = 0.2237243853043765
Training loss on iteration 6540 = 0.18616223845165222
Training loss on iteration 6560 = 0.2589497851557098
Training loss on iteration 6580 = 0.24354992065345868
Training loss on iteration 6600 = 0.28815061268396674
Training loss on iteration 6620 = 0.3169189926236868
Training loss on iteration 6640 = 0.23471060623414813
Training loss on iteration 6660 = 0.321894588554278
Training loss on iteration 6680 = 0.2549301773309708
Training loss on iteration 6700 = 0.2723761757835746
Training loss on iteration 6720 = 0.24676381945610046
Training loss on iteration 6740 = 0.2580059284809977
Training loss on iteration 6760 = 0.23730591936036943
Training loss on iteration 6780 = 0.23255175855010748
Training loss on iteration 6800 = 0.20979911955073477
Training loss on iteration 6820 = 0.21225556647405028
Training loss on iteration 6840 = 0.18575411480851473
Training loss on iteration 6860 = 0.2960415937472135
Training loss on iteration 6880 = 0.2777930268086493
Training loss on iteration 6900 = 0.22064994005486369
Training loss on iteration 6920 = 0.4220748618245125
Training loss on iteration 6940 = 0.1784421645104885
Training loss on iteration 6960 = 0.2612116389675066
Training loss on iteration 6980 = 0.34399734092876316
Training loss on iteration 7000 = 0.273146960651502
Training loss on iteration 7020 = 0.29348654989153145
Training loss on iteration 7040 = 0.2271149666979909
Training loss on iteration 7060 = 0.1596614324953407
Training loss on iteration 7080 = 0.2747911409474909
Training loss on iteration 7100 = 0.19017681796103716
Training loss on iteration 7120 = 0.15481588179245592
Training loss on iteration 7140 = 0.33511397056281567
Training loss on iteration 7160 = 0.21629349645227194
Training loss on iteration 7180 = 0.3184582735411823
Training loss on iteration 7200 = 0.23589721731841565
Training loss on iteration 7220 = 0.23267025034874678
Training loss on iteration 7240 = 0.20626017299946398
Training loss on iteration 7260 = 0.2761301204562187
Training loss on iteration 7280 = 0.16412153486162423
Training loss on iteration 7300 = 0.23905710279941558
Training loss on iteration 7320 = 0.23666427321732045
Training loss on iteration 7340 = 0.2504838244523853
Training loss on iteration 7360 = 0.18978680642321705
Training loss on iteration 7380 = 0.18806055020540952
Training loss on iteration 7400 = 0.22578067295253276
Training loss on iteration 7420 = 0.28330294070765377
Training loss on iteration 7440 = 0.261425769329071
Training loss on iteration 7460 = 0.14630633601918816
Training loss on iteration 7480 = 0.26183391995728017
### EVAL:: Epoch 14:: Loss = 0.3256044481629866 :: ACC = 0.8858573567952078, AUC = 0.824398401315571, EER = 0.252527143391988
Training on epoch 15
Training loss on iteration 0 = 0.14969146251678467
Training loss on iteration 20 = 0.441033855889691
Training loss on iteration 40 = 0.19138927590101956
Training loss on iteration 60 = 0.2135377353290096
Training loss on iteration 80 = 0.31424650326371195
Training loss on iteration 100 = 0.24375135763548314
Training loss on iteration 120 = 0.2761028757318854
Training loss on iteration 140 = 0.2810671909479424
Training loss on iteration 160 = 0.28933768924325703
Training loss on iteration 180 = 0.32716212831437586
Training loss on iteration 200 = 0.2517755885608494
Training loss on iteration 220 = 0.2454076275229454
Training loss on iteration 240 = 0.19552897354587911
Training loss on iteration 260 = 0.23231653366237878
Training loss on iteration 280 = 0.19040731489658355
Training loss on iteration 300 = 0.25913985231891273
Training loss on iteration 320 = 0.25484494809061287
Training loss on iteration 340 = 0.18205444570630788
Training loss on iteration 360 = 0.2166496723657474
Training loss on iteration 380 = 0.1772433235310018
Training loss on iteration 400 = 0.23578840233385562
Training loss on iteration 420 = 0.23426707002799957
Training loss on iteration 440 = 0.3215695932973176
Training loss on iteration 460 = 0.22930003069341182
Training loss on iteration 480 = 0.26773272305727003
Training loss on iteration 500 = 0.32658732272684576
Training loss on iteration 520 = 0.2761852713301778
Training loss on iteration 540 = 0.25096326489001514
Training loss on iteration 560 = 0.3339761136099696
Training loss on iteration 580 = 0.24457880184054376
Training loss on iteration 600 = 0.3660694011487067
Training loss on iteration 620 = 0.22130566977430136
Training loss on iteration 640 = 0.2565699719125405
Training loss on iteration 660 = 0.2402921152068302
Training loss on iteration 680 = 0.27926554139703513
Training loss on iteration 700 = 0.2710181353613734
Training loss on iteration 720 = 0.21069973995909094
Training loss on iteration 740 = 0.21973580988124014
Training loss on iteration 760 = 0.292753703892231
Training loss on iteration 780 = 0.23004718199372293
Training loss on iteration 800 = 0.27510873787105083
Training loss on iteration 820 = 0.28684222595766184
Training loss on iteration 840 = 0.28671037424355744
Training loss on iteration 860 = 0.23418714813888072
Training loss on iteration 880 = 0.2366880476474762
Training loss on iteration 900 = 0.3027228293940425
Training loss on iteration 920 = 0.27528543103253467
Training loss on iteration 940 = 0.20787077930290251
Training loss on iteration 960 = 0.1722010536585003
Training loss on iteration 980 = 0.3298967911861837
Training loss on iteration 1000 = 0.3374564596102573
Training loss on iteration 1020 = 0.34200259586796167
Training loss on iteration 1040 = 0.25628036372363566
Training loss on iteration 1060 = 0.14311811816878617
Training loss on iteration 1080 = 0.26278544384986163
Training loss on iteration 1100 = 0.325598472263664
Training loss on iteration 1120 = 0.21542443968355657
Training loss on iteration 1140 = 0.21235016798600553
Training loss on iteration 1160 = 0.17550313845276833
Training loss on iteration 1180 = 0.19892309354618193
Training loss on iteration 1200 = 0.22883396288380026
Training loss on iteration 1220 = 0.26798005709424616
Training loss on iteration 1240 = 0.19137221183627845
Training loss on iteration 1260 = 0.22953522559255363
Training loss on iteration 1280 = 0.22330199708230794
Training loss on iteration 1300 = 0.17478696713224054
Training loss on iteration 1320 = 0.1634515605866909
Training loss on iteration 1340 = 0.25341114674229176
Training loss on iteration 1360 = 0.24165160953998566
Training loss on iteration 1380 = 0.2531694809906185
Training loss on iteration 1400 = 0.2179694498889148
Training loss on iteration 1420 = 0.21646691784262656
Training loss on iteration 1440 = 0.16729386686347425
Training loss on iteration 1460 = 0.44671948375180365
Training loss on iteration 1480 = 0.2657689247280359
Training loss on iteration 1500 = 0.2776506728492677
Training loss on iteration 1520 = 0.19871873976662754
Training loss on iteration 1540 = 0.3653366633690894
Training loss on iteration 1560 = 0.2810325603466481
Training loss on iteration 1580 = 0.23197137909010052
Training loss on iteration 1600 = 0.13360377927310765
Training loss on iteration 1620 = 0.29982884286437184
Training loss on iteration 1640 = 0.17562084817327558
Training loss on iteration 1660 = 0.1903091878630221
Training loss on iteration 1680 = 0.10963875527959317
Training loss on iteration 1700 = 0.1711830767802894
Training loss on iteration 1720 = 0.20750805074349046
Training loss on iteration 1740 = 0.10878514191135764
Training loss on iteration 1760 = 0.2793755597085692
Training loss on iteration 1780 = 0.26117893389891833
Training loss on iteration 1800 = 0.2557608756236732
Training loss on iteration 1820 = 0.1710209339100402
Training loss on iteration 1840 = 0.1954029815271497
Training loss on iteration 1860 = 0.19020452750846745
Training loss on iteration 1880 = 0.24678497566492297
Training loss on iteration 1900 = 0.22397137607913464
Training loss on iteration 1920 = 0.15918245422653854
Training loss on iteration 1940 = 0.232086515519768
Training loss on iteration 1960 = 0.2308857704512775
Training loss on iteration 1980 = 0.32198596792295575
Training loss on iteration 2000 = 0.20222019590437412
Training loss on iteration 2020 = 0.22147629372775554
Training loss on iteration 2040 = 0.24701694967225193
Training loss on iteration 2060 = 0.332297429908067
Training loss on iteration 2080 = 0.2373698485083878
Training loss on iteration 2100 = 0.14127687013242393
Training loss on iteration 2120 = 0.30187682807445526
Training loss on iteration 2140 = 0.11847331878961995
Training loss on iteration 2160 = 0.23987711342051626
Training loss on iteration 2180 = 0.19032161983195692
Training loss on iteration 2200 = 0.21612195977941157
Training loss on iteration 2220 = 0.18729776181280614
Training loss on iteration 2240 = 0.15476895216852427
Training loss on iteration 2260 = 0.13847527308389546
Training loss on iteration 2280 = 0.27644154001027343
Training loss on iteration 2300 = 0.3054953887593001
Training loss on iteration 2320 = 0.3059706080239266
Training loss on iteration 2340 = 0.20261126458644868
Training loss on iteration 2360 = 0.19459510119631887
Training loss on iteration 2380 = 0.20519976606592535
Training loss on iteration 2400 = 0.43942910730838775
Training loss on iteration 2420 = 0.23818190982565285
Training loss on iteration 2440 = 0.22898062113672496
Training loss on iteration 2460 = 0.24896462820470333
Training loss on iteration 2480 = 0.28110259589739145
Training loss on iteration 2500 = 0.23125213729217647
Training loss on iteration 2520 = 0.20318455379456282
Training loss on iteration 2540 = 0.283683767542243
Training loss on iteration 2560 = 0.29189154459163547
Training loss on iteration 2580 = 0.22986694518476725
Training loss on iteration 2600 = 0.24932090071961283
Training loss on iteration 2620 = 0.21684459588723257
Training loss on iteration 2640 = 0.18876417903229595
Training loss on iteration 2660 = 0.23834341275505722
Training loss on iteration 2680 = 0.25254215244203804
Training loss on iteration 2700 = 0.18613177589140834
Training loss on iteration 2720 = 0.3282202349510044
Training loss on iteration 2740 = 0.20899746622890233
Training loss on iteration 2760 = 0.2561723761260509
Training loss on iteration 2780 = 0.21464118831790985
Training loss on iteration 2800 = 0.2403709557838738
Training loss on iteration 2820 = 0.241117883939296
Training loss on iteration 2840 = 0.2449487131088972
Training loss on iteration 2860 = 0.22834196803160012
Training loss on iteration 2880 = 0.24120154590345919
Training loss on iteration 2900 = 0.3231460278853774
Training loss on iteration 2920 = 0.1859683718532324
Training loss on iteration 2940 = 0.2535722258500755
Training loss on iteration 2960 = 0.19152726819738747
Training loss on iteration 2980 = 0.21772161106346175
Training loss on iteration 3000 = 0.23665008014068006
Training loss on iteration 3020 = 0.17815638929605485
Training loss on iteration 3040 = 0.380692995339632
Training loss on iteration 3060 = 0.33679154617711904
Training loss on iteration 3080 = 0.2462655182927847
Training loss on iteration 3100 = 0.18236357735004277
Training loss on iteration 3120 = 0.32660948419943453
Training loss on iteration 3140 = 0.2671893144026399
Training loss on iteration 3160 = 0.18145816177129745
Training loss on iteration 3180 = 0.2672995080240071
Training loss on iteration 3200 = 0.18546616439707578
Training loss on iteration 3220 = 0.23986044568009673
Training loss on iteration 3240 = 0.30090902019292115
Training loss on iteration 3260 = 0.14031067923642696
Training loss on iteration 3280 = 0.2845722610596567
Training loss on iteration 3300 = 0.21811941429041326
Training loss on iteration 3320 = 0.23193590207956732
Training loss on iteration 3340 = 0.23405687427148222
Training loss on iteration 3360 = 0.30509146526455877
Training loss on iteration 3380 = 0.2832206580787897
Training loss on iteration 3400 = 0.33737784158438444
Training loss on iteration 3420 = 0.2576975103467703
Training loss on iteration 3440 = 0.23700833613984287
Training loss on iteration 3460 = 0.2748336032964289
Training loss on iteration 3480 = 0.2464276745915413
Training loss on iteration 3500 = 0.348408043012023
Training loss on iteration 3520 = 0.3706258128629997
Training loss on iteration 3540 = 0.24034147607162595
Training loss on iteration 3560 = 0.35983716752380135
Training loss on iteration 3580 = 0.27898368537425994
Training loss on iteration 3600 = 0.2880188489332795
Training loss on iteration 3620 = 0.22098499843850733
Training loss on iteration 3640 = 0.2260647275019437
Training loss on iteration 3660 = 0.12653881297446787
Training loss on iteration 3680 = 0.2525279416993726
Training loss on iteration 3700 = 0.34647228503599764
Training loss on iteration 3720 = 0.24210511694545858
Training loss on iteration 3740 = 0.18742101874668152
Training loss on iteration 3760 = 0.21660900264978408
Training loss on iteration 3780 = 0.316974588856101
Training loss on iteration 3800 = 0.20345157757401466
Training loss on iteration 3820 = 0.2945621279999614
Training loss on iteration 3840 = 0.2430049143731594
Training loss on iteration 3860 = 0.3493526367470622
Training loss on iteration 3880 = 0.3383093124255538
Training loss on iteration 3900 = 0.3204848304099869
Training loss on iteration 3920 = 0.24568749950267374
Training loss on iteration 3940 = 0.389231342356652
Training loss on iteration 3960 = 0.4536455344408751
Training loss on iteration 3980 = 0.358452711161226
Training loss on iteration 4000 = 0.32464686445891855
Training loss on iteration 4020 = 0.28369197333231566
Training loss on iteration 4040 = 0.4535673840902746
Training loss on iteration 4060 = 0.39739187476225196
Training loss on iteration 4080 = 0.39575788291404024
Training loss on iteration 4100 = 0.39778200155124066
Training loss on iteration 4120 = 0.3228286556899548
Training loss on iteration 4140 = 0.1786706906510517
Training loss on iteration 4160 = 0.3862186138983816
Training loss on iteration 4180 = 0.3021444572601467
Training loss on iteration 4200 = 0.14259795732796193
Training loss on iteration 4220 = 0.24735092939808964
Training loss on iteration 4240 = 0.3377039240673184
Training loss on iteration 4260 = 0.2444282066076994
Training loss on iteration 4280 = 0.21672497689723969
Training loss on iteration 4300 = 0.3190699599683285
Training loss on iteration 4320 = 0.1796498803421855
Training loss on iteration 4340 = 0.18171615632018073
Training loss on iteration 4360 = 0.30047969464212654
Training loss on iteration 4380 = 0.27696508886292576
Training loss on iteration 4400 = 0.23125927112996578
Training loss on iteration 4420 = 0.16589383985847234
Training loss on iteration 4440 = 0.19219858371652662
Training loss on iteration 4460 = 0.22590906494297086
Training loss on iteration 4480 = 0.17700966726988554
Training loss on iteration 4500 = 0.22217599600553511
Training loss on iteration 4520 = 0.2036643408238888
Training loss on iteration 4540 = 0.2122982606291771
Training loss on iteration 4560 = 0.23672166438773273
Training loss on iteration 4580 = 0.18050333308055996
Training loss on iteration 4600 = 0.2814435515552759
Training loss on iteration 4620 = 0.3781155593693256
Training loss on iteration 4640 = 0.23884094655513763
Training loss on iteration 4660 = 0.2124283127253875
Training loss on iteration 4680 = 0.3020977549254894
Training loss on iteration 4700 = 0.16565808337181806
Training loss on iteration 4720 = 0.22280101189389825
Training loss on iteration 4740 = 0.2934845669195056
Training loss on iteration 4760 = 0.2457075459882617
Training loss on iteration 4780 = 0.24727060617879032
Training loss on iteration 4800 = 0.20515479939058423
Training loss on iteration 4820 = 0.18843824593350292
Training loss on iteration 4840 = 0.2994937554933131
Training loss on iteration 4860 = 0.28765962244942783
Training loss on iteration 4880 = 0.27281711902469397
Training loss on iteration 4900 = 0.2318943943362683
Training loss on iteration 4920 = 0.23071929989382625
Training loss on iteration 4940 = 0.14584989775903523
Training loss on iteration 4960 = 0.14492998928762973
Training loss on iteration 4980 = 0.3170584747567773
Training loss on iteration 5000 = 0.3099658088758588
Training loss on iteration 5020 = 0.3993870817124844
Training loss on iteration 5040 = 0.2896382622420788
Training loss on iteration 5060 = 0.26220285543240607
Training loss on iteration 5080 = 0.2122549567371607
Training loss on iteration 5100 = 0.25597330066375434
Training loss on iteration 5120 = 0.180474450183101
Training loss on iteration 5140 = 0.26227530669420956
Training loss on iteration 5160 = 0.21335244900546968
Training loss on iteration 5180 = 0.24357305709272623
Training loss on iteration 5200 = 0.16843677032738924
Training loss on iteration 5220 = 0.2497272199485451
Training loss on iteration 5240 = 0.3752176694571972
Training loss on iteration 5260 = 0.2278421927243471
Training loss on iteration 5280 = 0.23962685512378812
Training loss on iteration 5300 = 0.21725709112361075
Training loss on iteration 5320 = 0.222090682387352
Training loss on iteration 5340 = 0.23184609848540277
Training loss on iteration 5360 = 0.2653213538229465
Training loss on iteration 5380 = 0.15048589734360576
Training loss on iteration 5400 = 0.22321146801114083
Training loss on iteration 5420 = 0.17202222370542586
Training loss on iteration 5440 = 0.2595174134708941
Training loss on iteration 5460 = 0.2125482560135424
Training loss on iteration 5480 = 0.2529994597658515
Training loss on iteration 5500 = 0.35456660436466336
Training loss on iteration 5520 = 0.261745647713542
Training loss on iteration 5540 = 0.2391458371654153
Training loss on iteration 5560 = 0.16800050670281053
Training loss on iteration 5580 = 0.18246609242632986
Training loss on iteration 5600 = 0.24472077395766972
Training loss on iteration 5620 = 0.16159502509981394
Training loss on iteration 5640 = 0.18894620829960332
Training loss on iteration 5660 = 0.1525252922438085
Training loss on iteration 5680 = 0.14566770093515516
Training loss on iteration 5700 = 0.1820821377914399
Training loss on iteration 5720 = 0.17674877259414642
Training loss on iteration 5740 = 0.21859558187425138
Training loss on iteration 5760 = 0.28824844881892203
Training loss on iteration 5780 = 0.206092868745327
Training loss on iteration 5800 = 0.1862698253709823
Training loss on iteration 5820 = 0.2142557639628649
Training loss on iteration 5840 = 0.25589525401592256
Training loss on iteration 5860 = 0.17951843035407364
Training loss on iteration 5880 = 0.25365126158576456
Training loss on iteration 5900 = 0.1698597975540906
Training loss on iteration 5920 = 0.2351545948535204
Training loss on iteration 5940 = 0.2669660313054919
Training loss on iteration 5960 = 0.1768510529771447
Training loss on iteration 5980 = 0.22082410827279092
Training loss on iteration 6000 = 0.3432280793786049
Training loss on iteration 6020 = 0.17887704372406005
Training loss on iteration 6040 = 0.3463897552341223
Training loss on iteration 6060 = 0.1620722159743309
Training loss on iteration 6080 = 0.32440183572471143
Training loss on iteration 6100 = 0.2314746696036309
Training loss on iteration 6120 = 0.20142209134064615
Training loss on iteration 6140 = 0.15359641704708338
Training loss on iteration 6160 = 0.26120673306286335
Training loss on iteration 6180 = 0.185661400295794
Training loss on iteration 6200 = 0.38674483709037305
Training loss on iteration 6220 = 0.28542234799824656
Training loss on iteration 6240 = 0.2205074840981979
Training loss on iteration 6260 = 0.36624434469267725
Training loss on iteration 6280 = 0.33433718169108034
Training loss on iteration 6300 = 0.4007456524297595
Training loss on iteration 6320 = 0.19266712311655282
Training loss on iteration 6340 = 0.19339619912207126
Training loss on iteration 6360 = 0.1495896049309522
Training loss on iteration 6380 = 0.221514689642936
Training loss on iteration 6400 = 0.38374576438218355
Training loss on iteration 6420 = 0.20452997870743275
Training loss on iteration 6440 = 0.2566631373018026
Training loss on iteration 6460 = 0.21987140476703643
Training loss on iteration 6480 = 0.21383746806532145
Training loss on iteration 6500 = 0.16147205259185285
Training loss on iteration 6520 = 0.24330186881124974
Training loss on iteration 6540 = 0.25357328709214927
Training loss on iteration 6560 = 0.21118592899292707
Training loss on iteration 6580 = 0.18204527404159307
Training loss on iteration 6600 = 0.23782328711822628
Training loss on iteration 6620 = 0.21729628378525376
Training loss on iteration 6640 = 0.19936613915488124
Training loss on iteration 6660 = 0.2353791557252407
Training loss on iteration 6680 = 0.18510139724239708
Training loss on iteration 6700 = 0.3392360509373248
Training loss on iteration 6720 = 0.17769063170999289
Training loss on iteration 6740 = 0.22654145807027817
Training loss on iteration 6760 = 0.224439476756379
Training loss on iteration 6780 = 0.3088384211063385
Training loss on iteration 6800 = 0.1844031484797597
Training loss on iteration 6820 = 0.21411788407713175
Training loss on iteration 6840 = 0.2904810223262757
Training loss on iteration 6860 = 0.32398558091372254
Training loss on iteration 6880 = 0.4828137426637113
Training loss on iteration 6900 = 0.3674796995706856
Training loss on iteration 6920 = 0.25035205176100134
Training loss on iteration 6940 = 0.2241904728813097
Training loss on iteration 6960 = 0.223632803093642
Training loss on iteration 6980 = 0.17415121095255018
Training loss on iteration 7000 = 0.37400142997503283
Training loss on iteration 7020 = 0.19969122000038625
Training loss on iteration 7040 = 0.2219938843511045
Training loss on iteration 7060 = 0.24337478594388812
Training loss on iteration 7080 = 0.3150683244690299
Training loss on iteration 7100 = 0.23837602324783802
Training loss on iteration 7120 = 0.27813465608051047
Training loss on iteration 7140 = 0.28529622256755827
Training loss on iteration 7160 = 0.22212613048031926
Training loss on iteration 7180 = 0.1284059630939737
Training loss on iteration 7200 = 0.21377495750784875
Training loss on iteration 7220 = 0.22355671115219594
Training loss on iteration 7240 = 0.26341575318947436
Training loss on iteration 7260 = 0.2441716121509671
Training loss on iteration 7280 = 0.18649902027100324
Training loss on iteration 7300 = 0.18866435168311
Training loss on iteration 7320 = 0.2764111722819507
Training loss on iteration 7340 = 0.20973369935527444
Training loss on iteration 7360 = 0.17196492310613393
Training loss on iteration 7380 = 0.2689307779655792
Training loss on iteration 7400 = 0.18440334191545843
Training loss on iteration 7420 = 0.29739509262144564
Training loss on iteration 7440 = 0.2053707185201347
Training loss on iteration 7460 = 0.1904536326415837
Training loss on iteration 7480 = 0.17810732014477254
### EVAL:: Epoch 15:: Loss = 0.20517254156444747 :: ACC = 0.9256364657431674, AUC = 0.9573279063603263, EER = 0.09977536503182328
Training on epoch 16
Training loss on iteration 0 = 0.5275116562843323
Training loss on iteration 20 = 0.2415699659846723
Training loss on iteration 40 = 0.3603346939431503
Training loss on iteration 60 = 0.15343539593741298
Training loss on iteration 80 = 0.2325406820047647
Training loss on iteration 100 = 0.30365485679358245
Training loss on iteration 120 = 0.3799385840073228
Training loss on iteration 140 = 0.2683567088097334
Training loss on iteration 160 = 0.22251413390040398
Training loss on iteration 180 = 0.1856236534193158
Training loss on iteration 200 = 0.29972182046622037
Training loss on iteration 220 = 0.15794493532739579
Training loss on iteration 240 = 0.34612845266237857
Training loss on iteration 260 = 0.24535050708800554
Training loss on iteration 280 = 0.23657712703570724
Training loss on iteration 300 = 0.15007442543283106
Training loss on iteration 320 = 0.20813234522938728
Training loss on iteration 340 = 0.17879481888376175
Training loss on iteration 360 = 0.12930035926401615
Training loss on iteration 380 = 0.18806145764538088
Training loss on iteration 400 = 0.1272831670474261
Training loss on iteration 420 = 0.3907169976271689
Training loss on iteration 440 = 0.22185075394809245
Training loss on iteration 460 = 0.2500984698534012
Training loss on iteration 480 = 0.19645354666281492
Training loss on iteration 500 = 0.24443452833220364
Training loss on iteration 520 = 0.320875789783895
Training loss on iteration 540 = 0.27240845779888334
Training loss on iteration 560 = 0.2625181387993507
Training loss on iteration 580 = 0.3769144557416439
Training loss on iteration 600 = 0.1784398440271616
Training loss on iteration 620 = 0.1827132860198617
Training loss on iteration 640 = 0.229940942581743
Training loss on iteration 660 = 0.31586058884859086
Training loss on iteration 680 = 0.27677715960890054
Training loss on iteration 700 = 0.21367495702579617
Training loss on iteration 720 = 0.2829220902174711
Training loss on iteration 740 = 0.3053090271539986
Training loss on iteration 760 = 0.2837126230821013
Training loss on iteration 780 = 0.31395940147340295
Training loss on iteration 800 = 0.21205955911427737
Training loss on iteration 820 = 0.3522103683673777
Training loss on iteration 840 = 0.24428251376375557
Training loss on iteration 860 = 0.2179021244402975
Training loss on iteration 880 = 0.23768144650384784
Training loss on iteration 900 = 0.12523531801998616
Training loss on iteration 920 = 0.19153277445584535
Training loss on iteration 940 = 0.18463762607425452
Training loss on iteration 960 = 0.2650222623720765
Training loss on iteration 980 = 0.22737605208531023
Training loss on iteration 1000 = 0.24830693728290498
Training loss on iteration 1020 = 0.2344278953038156
Training loss on iteration 1040 = 0.1894880825188011
Training loss on iteration 1060 = 0.14174168999306858
Training loss on iteration 1080 = 0.27473174482584
Training loss on iteration 1100 = 0.16960487940814345
Training loss on iteration 1120 = 0.15502786226570606
Training loss on iteration 1140 = 0.22537712925113737
Training loss on iteration 1160 = 0.22041203209664673
Training loss on iteration 1180 = 0.19900000765919684
Training loss on iteration 1200 = 0.1614508109167218
Training loss on iteration 1220 = 0.2853657538071275
Training loss on iteration 1240 = 0.22920287325978278
Training loss on iteration 1260 = 0.2262005033902824
Training loss on iteration 1280 = 0.21544862613081933
Training loss on iteration 1300 = 0.2322816401720047
Training loss on iteration 1320 = 0.3216901119798422
Training loss on iteration 1340 = 0.21256846766918897
Training loss on iteration 1360 = 0.21148692751303316
Training loss on iteration 1380 = 0.184528557152953
Training loss on iteration 1400 = 0.2445602528285235
Training loss on iteration 1420 = 0.18462258540093898
Training loss on iteration 1440 = 0.3558194174896926
Training loss on iteration 1460 = 0.3751307150349021
Training loss on iteration 1480 = 0.23869257206097244
Training loss on iteration 1500 = 0.13279891703277827
Training loss on iteration 1520 = 0.23677687356248497
Training loss on iteration 1540 = 0.23459852896630765
Training loss on iteration 1560 = 0.273869360005483
Training loss on iteration 1580 = 0.17926857117563486
Training loss on iteration 1600 = 0.20106959589757026
Training loss on iteration 1620 = 0.18611140828579664
Training loss on iteration 1640 = 0.22677415404468776
Training loss on iteration 1660 = 0.24813849958591164
Training loss on iteration 1680 = 0.22690473010297865
Training loss on iteration 1700 = 0.24489002355840056
Training loss on iteration 1720 = 0.20736879350151866
Training loss on iteration 1740 = 0.26065478902310135
Training loss on iteration 1760 = 0.2623889821115881
Training loss on iteration 1780 = 0.24307055529206992
Training loss on iteration 1800 = 0.282823937376088
Training loss on iteration 1820 = 0.24769745776429772
Training loss on iteration 1840 = 0.280084221297875
Training loss on iteration 1860 = 0.35185318363364787
Training loss on iteration 1880 = 0.5198585951700807
Training loss on iteration 1900 = 0.25372131359763445
Training loss on iteration 1920 = 0.23235132726840674
Training loss on iteration 1940 = 0.21957135666161776
Training loss on iteration 1960 = 0.20128545314073562
Training loss on iteration 1980 = 0.20329940356314183
Training loss on iteration 2000 = 0.1193344377214089
Training loss on iteration 2020 = 0.22948278826661409
Training loss on iteration 2040 = 0.20573774648364634
Training loss on iteration 2060 = 0.2783860093448311
Training loss on iteration 2080 = 0.2667358460836112
Training loss on iteration 2100 = 0.27994470568373797
Training loss on iteration 2120 = 0.18884251210838557
Training loss on iteration 2140 = 0.24729673769325017
Training loss on iteration 2160 = 0.255677396338433
Training loss on iteration 2180 = 0.17094274163246154
Training loss on iteration 2200 = 0.2867661462165415
Training loss on iteration 2220 = 0.14686963930726052
Training loss on iteration 2240 = 0.2992496356368065
Training loss on iteration 2260 = 0.17233408791944385
Training loss on iteration 2280 = 0.1697131755761802
Training loss on iteration 2300 = 0.1620531227439642
Training loss on iteration 2320 = 0.1945423511788249
Training loss on iteration 2340 = 0.24260231610387564
Training loss on iteration 2360 = 0.15906257070600988
Training loss on iteration 2380 = 0.23038030723109842
Training loss on iteration 2400 = 0.20109793385490776
Training loss on iteration 2420 = 0.1709520410746336
Training loss on iteration 2440 = 0.23223938867449762
Training loss on iteration 2460 = 0.29038178101181983
Training loss on iteration 2480 = 0.24627753999084234
Training loss on iteration 2500 = 0.38846073523163793
Training loss on iteration 2520 = 0.2896373042836785
Training loss on iteration 2540 = 0.12358067138120532
Training loss on iteration 2560 = 0.16410072350408883
Training loss on iteration 2580 = 0.2492655398324132
Training loss on iteration 2600 = 0.24782096247072333
Training loss on iteration 2620 = 0.1706896040122956
Training loss on iteration 2640 = 0.2422820507257711
Training loss on iteration 2660 = 0.2611604823730886
Training loss on iteration 2680 = 0.2337845429778099
Training loss on iteration 2700 = 0.1622947793453932
Training loss on iteration 2720 = 0.2644412282854319
Training loss on iteration 2740 = 0.2689459603279829
Training loss on iteration 2760 = 0.40176030481234193
Training loss on iteration 2780 = 0.30683656977489593
Training loss on iteration 2800 = 0.2626892145723104
Training loss on iteration 2820 = 0.4000847991555929
Training loss on iteration 2840 = 0.2933286345563829
Training loss on iteration 2860 = 0.25365744773298504
Training loss on iteration 2880 = 0.27800215538591144
Training loss on iteration 2900 = 0.26720433896407486
Training loss on iteration 2920 = 0.16914717252366246
Training loss on iteration 2940 = 0.31684372178278863
Training loss on iteration 2960 = 0.293316422495991
Training loss on iteration 2980 = 0.3001443583518267
Training loss on iteration 3000 = 0.26792580224573614
Training loss on iteration 3020 = 0.3157034093514085
Training loss on iteration 3040 = 0.2980361983180046
Training loss on iteration 3060 = 0.33016526512801647
Training loss on iteration 3080 = 0.3381511240033433
Training loss on iteration 3100 = 0.3471044316887856
Training loss on iteration 3120 = 0.19696746133267878
Training loss on iteration 3140 = 0.2747057359665632
Training loss on iteration 3160 = 0.3067220622673631
Training loss on iteration 3180 = 0.2585878952406347
Training loss on iteration 3200 = 0.27571729440242054
Training loss on iteration 3220 = 0.2281773508992046
Training loss on iteration 3240 = 0.33705125413835046
Training loss on iteration 3260 = 0.20394063354469835
Training loss on iteration 3280 = 0.14451952516101302
Training loss on iteration 3300 = 0.20744055612012743
Training loss on iteration 3320 = 0.21833095410838724
Training loss on iteration 3340 = 0.24680329728871583
Training loss on iteration 3360 = 0.14327167607843877
Training loss on iteration 3380 = 0.2300213033333421
Training loss on iteration 3400 = 0.25695162881165745
Training loss on iteration 3420 = 0.18347717514261602
Training loss on iteration 3440 = 0.3091230809688568
Training loss on iteration 3460 = 0.26983459312468766
Training loss on iteration 3480 = 0.164923496148549
Training loss on iteration 3500 = 0.23638582024723293
Training loss on iteration 3520 = 0.1881988488137722
Training loss on iteration 3540 = 0.2058750193566084
Training loss on iteration 3560 = 0.26663852082565426
Training loss on iteration 3580 = 0.20321643771603703
Training loss on iteration 3600 = 0.16271469267085195
Training loss on iteration 3620 = 0.22644712713081389
Training loss on iteration 3640 = 0.16586104426532983
Training loss on iteration 3660 = 0.15912354979664087
Training loss on iteration 3680 = 0.3004258984699845
Training loss on iteration 3700 = 0.2732466524001211
Training loss on iteration 3720 = 0.18504979722201825
Training loss on iteration 3740 = 0.14842499615624546
Training loss on iteration 3760 = 0.18901121858507394
Training loss on iteration 3780 = 0.2881676584482193
Training loss on iteration 3800 = 0.24535690657794476
Training loss on iteration 3820 = 0.23955693198367953
Training loss on iteration 3840 = 0.2110957344993949
Training loss on iteration 3860 = 0.19843601835891606
Training loss on iteration 3880 = 0.2623027484863997
Training loss on iteration 3900 = 0.2459530928172171
Training loss on iteration 3920 = 0.189158586692065
Training loss on iteration 3940 = 0.2709358531516045
Training loss on iteration 3960 = 0.22922299718484282
Training loss on iteration 3980 = 0.1915872004814446
Training loss on iteration 4000 = 0.3333170384168625
Training loss on iteration 4020 = 0.16302721975371243
Training loss on iteration 4040 = 0.3020382403861731
Training loss on iteration 4060 = 0.09460557338315993
Training loss on iteration 4080 = 0.2398201112577226
Training loss on iteration 4100 = 0.25272706598043443
Training loss on iteration 4120 = 0.240644190646708
Training loss on iteration 4140 = 0.3451330260839313
Training loss on iteration 4160 = 0.3079631421715021
Training loss on iteration 4180 = 0.3248812640551478
Training loss on iteration 4200 = 0.3073695553699508
Training loss on iteration 4220 = 0.13058227500878275
Training loss on iteration 4240 = 0.2653526484500617
Training loss on iteration 4260 = 0.21965562268160282
Training loss on iteration 4280 = 0.257205480709672
Training loss on iteration 4300 = 0.2579926031641662
Training loss on iteration 4320 = 0.19335119174793364
Training loss on iteration 4340 = 0.2688897936604917
Training loss on iteration 4360 = 0.30270681134425104
Training loss on iteration 4380 = 0.25216370858252046
Training loss on iteration 4400 = 0.191049387678504
Training loss on iteration 4420 = 0.23840178227983416
Training loss on iteration 4440 = 0.1915853662416339
Training loss on iteration 4460 = 0.19489411190152167
Training loss on iteration 4480 = 0.24965157248079778
Training loss on iteration 4500 = 0.1831090770661831
Training loss on iteration 4520 = 0.2538413191214204
Training loss on iteration 4540 = 0.2648830038961023
Training loss on iteration 4560 = 0.196486587182153
Training loss on iteration 4580 = 0.25513526210561394
Training loss on iteration 4600 = 0.11583046708256006
Training loss on iteration 4620 = 0.18961650403216482
Training loss on iteration 4640 = 0.1599242217373103
Training loss on iteration 4660 = 0.20367904989980162
Training loss on iteration 4680 = 0.15611843299120665
Training loss on iteration 4700 = 0.19603797786403448
Training loss on iteration 4720 = 0.18924689234700054
Training loss on iteration 4740 = 0.15201553162187337
Training loss on iteration 4760 = 0.23948214720003308
Training loss on iteration 4780 = 0.3431479336693883
Training loss on iteration 4800 = 0.2388790376484394
Training loss on iteration 4820 = 0.23505201146472246
Training loss on iteration 4840 = 0.18417880819179117
Training loss on iteration 4860 = 0.237080129282549
Training loss on iteration 4880 = 0.2570549729280174
Training loss on iteration 4900 = 0.24124239748343826
Training loss on iteration 4920 = 0.2726380272069946
Training loss on iteration 4940 = 0.2223977515939623
Training loss on iteration 4960 = 0.20579474144615234
Training loss on iteration 4980 = 0.3354355771734845
Training loss on iteration 5000 = 0.22147126886993646
Training loss on iteration 5020 = 0.16985047087073327
Training loss on iteration 5040 = 0.2791261927690357
Training loss on iteration 5060 = 0.262250273860991
Training loss on iteration 5080 = 0.202268966473639
Training loss on iteration 5100 = 0.26571829840540884
Training loss on iteration 5120 = 0.2839042262174189
Training loss on iteration 5140 = 0.19572910964488982
Training loss on iteration 5160 = 0.22285352116450668
Training loss on iteration 5180 = 0.22716678138822316
Training loss on iteration 5200 = 0.26709135295823216
Training loss on iteration 5220 = 0.23063294049352406
Training loss on iteration 5240 = 0.22167996843345464
Training loss on iteration 5260 = 0.21219856780953705
Training loss on iteration 5280 = 0.13325285208411514
Training loss on iteration 5300 = 0.2739116908516735
Training loss on iteration 5320 = 0.17816523057408631
Training loss on iteration 5340 = 0.2368576311506331
Training loss on iteration 5360 = 0.17098239660263062
Training loss on iteration 5380 = 0.1114708520937711
Training loss on iteration 5400 = 0.1959975869162008
Training loss on iteration 5420 = 0.1529619747772813
Training loss on iteration 5440 = 0.2886131688952446
Training loss on iteration 5460 = 0.27855113255791364
Training loss on iteration 5480 = 0.25253884494304657
Training loss on iteration 5500 = 0.21524905967526137
Training loss on iteration 5520 = 0.2541396372020245
Training loss on iteration 5540 = 0.24431604705750942
Training loss on iteration 5560 = 0.16099405765999109
Training loss on iteration 5580 = 0.3667339403182268
Training loss on iteration 5600 = 0.2554600705392659
Training loss on iteration 5620 = 0.22143789250403642
Training loss on iteration 5640 = 0.2019356656819582
Training loss on iteration 5660 = 0.22081989906728267
Training loss on iteration 5680 = 0.21713827569037675
Training loss on iteration 5700 = 0.1581143029499799
Training loss on iteration 5720 = 0.20917779030278325
Training loss on iteration 5740 = 0.18982057441025973
Training loss on iteration 5760 = 0.2503910801606253
Training loss on iteration 5780 = 0.21944372679572552
Training loss on iteration 5800 = 0.23514011101797222
Training loss on iteration 5820 = 0.23090983633883297
Training loss on iteration 5840 = 0.2516368731856346
Training loss on iteration 5860 = 0.19220073844771832
Training loss on iteration 5880 = 0.20045414962805808
Training loss on iteration 5900 = 0.2740582865662873
Training loss on iteration 5920 = 0.23339273426681756
Training loss on iteration 5940 = 0.2842692319303751
Training loss on iteration 5960 = 0.22670896705240012
Training loss on iteration 5980 = 0.2486775727244094
Training loss on iteration 6000 = 0.2261651056353003
Training loss on iteration 6020 = 0.23813840778311715
Training loss on iteration 6040 = 0.3177145471796393
Training loss on iteration 6060 = 0.2647035848349333
Training loss on iteration 6080 = 0.2204507902264595
Training loss on iteration 6100 = 0.1936953404918313
Training loss on iteration 6120 = 0.23318711924366653
Training loss on iteration 6140 = 0.2896576814353466
Training loss on iteration 6160 = 0.2878976760432124
Training loss on iteration 6180 = 0.22836413955083118
Training loss on iteration 6200 = 0.21651398804970085
Training loss on iteration 6220 = 0.20615878123790027
Training loss on iteration 6240 = 0.2275903832167387
Training loss on iteration 6260 = 0.30734199611470103
Training loss on iteration 6280 = 0.248742939485237
Training loss on iteration 6300 = 0.19143390022218226
Training loss on iteration 6320 = 0.280167256295681
Training loss on iteration 6340 = 0.3093326028436422
Training loss on iteration 6360 = 0.2348620635457337
Training loss on iteration 6380 = 0.240588121348992
Training loss on iteration 6400 = 0.2270615329965949
Training loss on iteration 6420 = 0.2335814295336604
Training loss on iteration 6440 = 0.23048163671046495
Training loss on iteration 6460 = 0.17440325929783285
Training loss on iteration 6480 = 0.1656876324210316
Training loss on iteration 6500 = 0.1575812399853021
Training loss on iteration 6520 = 0.19951191385043784
Training loss on iteration 6540 = 0.17213328671641648
Training loss on iteration 6560 = 0.21738973194733263
Training loss on iteration 6580 = 0.26917306617833675
Training loss on iteration 6600 = 0.2703592736274004
Training loss on iteration 6620 = 0.1856986064463854
Training loss on iteration 6640 = 0.20443312237039207
Training loss on iteration 6660 = 0.14432420060038567
Training loss on iteration 6680 = 0.18869734458858148
Training loss on iteration 6700 = 0.265125697478652
Training loss on iteration 6720 = 0.14657808556221424
Training loss on iteration 6740 = 0.19026984033407643
Training loss on iteration 6760 = 0.30132891703397036
Training loss on iteration 6780 = 0.21820547804236412
Training loss on iteration 6800 = 0.26113976798951627
Training loss on iteration 6820 = 0.24738485396374016
Training loss on iteration 6840 = 0.2392598930746317
Training loss on iteration 6860 = 0.16383410949492827
Training loss on iteration 6880 = 0.3223056520335376
Training loss on iteration 6900 = 0.3749486293643713
Training loss on iteration 6920 = 0.2294222429394722
Training loss on iteration 6940 = 0.2845893073361367
Training loss on iteration 6960 = 0.2623703634832054
Training loss on iteration 6980 = 0.15916676507331431
Training loss on iteration 7000 = 0.2481804287061095
Training loss on iteration 7020 = 0.24490418285131454
Training loss on iteration 7040 = 0.2090353867970407
Training loss on iteration 7060 = 0.2224004041403532
Training loss on iteration 7080 = 0.2010071487631649
Training loss on iteration 7100 = 0.16813764395192266
Training loss on iteration 7120 = 0.15676459879614413
Training loss on iteration 7140 = 0.2046824894612655
Training loss on iteration 7160 = 0.18267823057249188
Training loss on iteration 7180 = 0.22746479043271392
Training loss on iteration 7200 = 0.19022090239450334
Training loss on iteration 7220 = 0.2130404888652265
Training loss on iteration 7240 = 0.26531747546978296
Training loss on iteration 7260 = 0.20345658520236612
Training loss on iteration 7280 = 0.2137936691287905
Training loss on iteration 7300 = 0.2417924113571644
Training loss on iteration 7320 = 0.17058394700288773
Training loss on iteration 7340 = 0.20355067988857628
Training loss on iteration 7360 = 0.26306920165661724
Training loss on iteration 7380 = 0.15647189887240529
Training loss on iteration 7400 = 0.1658120457082987
Training loss on iteration 7420 = 0.17281563414726406
Training loss on iteration 7440 = 0.1957735802978277
Training loss on iteration 7460 = 0.2065122006344609
Training loss on iteration 7480 = 0.25384053043089805
### EVAL:: Epoch 16:: Loss = 0.18181172545849633 :: ACC = 0.9348558592287532, AUC = 0.9832608857760763, EER = 0.06729689254960688
Training on epoch 17
Training loss on iteration 0 = 0.013732308521866798
Training loss on iteration 20 = 0.22150558410212398
Training loss on iteration 40 = 0.1285346496384591
Training loss on iteration 60 = 0.16623242609202862
Training loss on iteration 80 = 0.2258458751370199
Training loss on iteration 100 = 0.3471343397628516
Training loss on iteration 120 = 0.12177609223872424
Training loss on iteration 140 = 0.2492879500845447
Training loss on iteration 160 = 0.16701939695049078
Training loss on iteration 180 = 0.25577536448836324
Training loss on iteration 200 = 0.2672568714246154
Training loss on iteration 220 = 0.2977583721280098
Training loss on iteration 240 = 0.21419473108835518
Training loss on iteration 260 = 0.2677707111579366
Training loss on iteration 280 = 0.267394557222724
Training loss on iteration 300 = 0.32003067834302784
Training loss on iteration 320 = 0.24425084153190255
Training loss on iteration 340 = 0.21690805871039628
Training loss on iteration 360 = 0.29933594674803315
Training loss on iteration 380 = 0.2958759697154164
Training loss on iteration 400 = 0.33427223982289433
Training loss on iteration 420 = 0.21724797058850526
Training loss on iteration 440 = 0.18519849056610838
Training loss on iteration 460 = 0.30093059241771697
Training loss on iteration 480 = 0.30118856122717264
Training loss on iteration 500 = 0.30481077656149863
Training loss on iteration 520 = 0.2944741167128086
Training loss on iteration 540 = 0.2955384774133563
Training loss on iteration 560 = 0.21285245259059593
Training loss on iteration 580 = 0.2651128671132028
Training loss on iteration 600 = 0.3270298787392676
Training loss on iteration 620 = 0.25503725400194527
Training loss on iteration 640 = 0.33387339767068624
Training loss on iteration 660 = 0.36773294135928153
Training loss on iteration 680 = 0.2978365308605134
Training loss on iteration 700 = 0.15220719994977117
Training loss on iteration 720 = 0.3101496998220682
Training loss on iteration 740 = 0.20494096372276543
Training loss on iteration 760 = 0.2637764323502779
Training loss on iteration 780 = 0.2828212918713689
Training loss on iteration 800 = 0.27505863886326554
Training loss on iteration 820 = 0.2738741706125438
Training loss on iteration 840 = 0.1845064383931458
Training loss on iteration 860 = 0.22706441739574074
Training loss on iteration 880 = 0.2110244263894856
Training loss on iteration 900 = 0.19125374811701476
Training loss on iteration 920 = 0.31351928524672984
Training loss on iteration 940 = 0.24126175958663226
Training loss on iteration 960 = 0.23463064804673195
Training loss on iteration 980 = 0.21656553661450745
Training loss on iteration 1000 = 0.24531121379695833
Training loss on iteration 1020 = 0.21512112375348807
Training loss on iteration 1040 = 0.2265341513324529
Training loss on iteration 1060 = 0.2477653761394322
Training loss on iteration 1080 = 0.14848920074291527
Training loss on iteration 1100 = 0.19936590157449247
Training loss on iteration 1120 = 0.16195499002933503
Training loss on iteration 1140 = 0.09603160519036465
Training loss on iteration 1160 = 0.1950134004931897
Training loss on iteration 1180 = 0.2479942343197763
Training loss on iteration 1200 = 0.1941788060590625
Training loss on iteration 1220 = 0.2604823764413595
Training loss on iteration 1240 = 0.24901447230949997
Training loss on iteration 1260 = 0.24269624585285782
Training loss on iteration 1280 = 0.24706515884026886
Training loss on iteration 1300 = 0.2900834022089839
Training loss on iteration 1320 = 0.20646351110190153
Training loss on iteration 1340 = 0.1577066184487194
Training loss on iteration 1360 = 0.205978203099221
Training loss on iteration 1380 = 0.2650203972356394
Training loss on iteration 1400 = 0.30866708206012844
Training loss on iteration 1420 = 0.16258663241751492
Training loss on iteration 1440 = 0.2844327998813242
Training loss on iteration 1460 = 0.40069464951520783
Training loss on iteration 1480 = 0.31213564914651215
Training loss on iteration 1500 = 0.27565671908669176
Training loss on iteration 1520 = 0.21195514742285013
Training loss on iteration 1540 = 0.22033817425835878
Training loss on iteration 1560 = 0.25360549236647784
Training loss on iteration 1580 = 0.25114960395731034
Training loss on iteration 1600 = 0.19163791597820817
Training loss on iteration 1620 = 0.33300397731363773
Training loss on iteration 1640 = 0.3565982570871711
Training loss on iteration 1660 = 0.21828824505209923
Training loss on iteration 1680 = 0.36498103067278864
Training loss on iteration 1700 = 0.2881303099449724
Training loss on iteration 1720 = 0.24020929668913596
Training loss on iteration 1740 = 0.32279499764554204
Training loss on iteration 1760 = 0.38882984314113855
Training loss on iteration 1780 = 0.19870483636623248
Training loss on iteration 1800 = 0.26753494574222714
Training loss on iteration 1820 = 0.16624200623482466
Training loss on iteration 1840 = 0.24007499860599638
Training loss on iteration 1860 = 0.22634878754615784
Training loss on iteration 1880 = 0.23270307993516326
Training loss on iteration 1900 = 0.2540702059399337
Training loss on iteration 1920 = 0.24148302441462874
Training loss on iteration 1940 = 0.21094547696411609
Training loss on iteration 1960 = 0.24478349410928785
Training loss on iteration 1980 = 0.23393871351145207
Training loss on iteration 2000 = 0.3492957839742303
Training loss on iteration 2020 = 0.2730973890051246
Training loss on iteration 2040 = 0.15629397206939757
Training loss on iteration 2060 = 0.2380146034876816
Training loss on iteration 2080 = 0.2503678354434669
Training loss on iteration 2100 = 0.2959750398993492
Training loss on iteration 2120 = 0.29458015970885754
Training loss on iteration 2140 = 0.22800315665081144
Training loss on iteration 2160 = 0.27571805294137447
Training loss on iteration 2180 = 0.2579685301752761
Training loss on iteration 2200 = 0.26862832037732004
Training loss on iteration 2220 = 0.2169077839527745
Training loss on iteration 2240 = 0.2525185914710164
Training loss on iteration 2260 = 0.30290244026109575
Training loss on iteration 2280 = 0.20353328818455338
Training loss on iteration 2300 = 0.27556411784607915
Training loss on iteration 2320 = 0.20120650520548225
Training loss on iteration 2340 = 0.2030464167241007
Training loss on iteration 2360 = 0.23181722443550826
Training loss on iteration 2380 = 0.3265714099630713
Training loss on iteration 2400 = 0.19192876443266868
Training loss on iteration 2420 = 0.1853138878941536
Training loss on iteration 2440 = 0.16012905933894217
Training loss on iteration 2460 = 0.177312753489241
Training loss on iteration 2480 = 0.26098139262758197
Training loss on iteration 2500 = 0.19656217186711727
Training loss on iteration 2520 = 0.2439580495003611
Training loss on iteration 2540 = 0.2637379005784169
Training loss on iteration 2560 = 0.2397148088843096
Training loss on iteration 2580 = 0.2535151488147676
Training loss on iteration 2600 = 0.2962297247722745
Training loss on iteration 2620 = 0.24249660391360522
Training loss on iteration 2640 = 0.24667300367727876
Training loss on iteration 2660 = 0.19203779753297567
Training loss on iteration 2680 = 0.2260951473377645
Training loss on iteration 2700 = 0.3326688618399203
Training loss on iteration 2720 = 0.2616004623472691
Training loss on iteration 2740 = 0.2348328753374517
Training loss on iteration 2760 = 0.21003339486196637
Training loss on iteration 2780 = 0.29058119663968685
Training loss on iteration 2800 = 0.208346435893327
Training loss on iteration 2820 = 0.1970822436735034
Training loss on iteration 2840 = 0.22509984546341003
Training loss on iteration 2860 = 0.2847509065642953
Training loss on iteration 2880 = 0.14240267346613109
Training loss on iteration 2900 = 0.22468134704977274
Training loss on iteration 2920 = 0.19704481326043605
Training loss on iteration 2940 = 0.24360464103519916
Training loss on iteration 2960 = 0.17148607573471963
Training loss on iteration 2980 = 0.15597739098593594
Training loss on iteration 3000 = 0.25151402452029287
Training loss on iteration 3020 = 0.18100427510216832
Training loss on iteration 3040 = 0.24278044946258887
Training loss on iteration 3060 = 0.20197560656815766
Training loss on iteration 3080 = 0.24707191898487507
Training loss on iteration 3100 = 0.2576217049732804
Training loss on iteration 3120 = 0.21237052315846086
Training loss on iteration 3140 = 0.2208854711614549
Training loss on iteration 3160 = 0.24757074972148985
Training loss on iteration 3180 = 0.22166464920155704
Training loss on iteration 3200 = 0.24352546110749246
Training loss on iteration 3220 = 0.26925024650990964
Training loss on iteration 3240 = 0.21781095853075386
Training loss on iteration 3260 = 0.25223157125001305
Training loss on iteration 3280 = 0.3283634323626757
Training loss on iteration 3300 = 0.16766585218720137
Training loss on iteration 3320 = 0.33538025444140657
Training loss on iteration 3340 = 0.2534514104016125
Training loss on iteration 3360 = 0.312781126331538
Training loss on iteration 3380 = 0.23171385740861297
Training loss on iteration 3400 = 0.27235729712992907
Training loss on iteration 3420 = 0.18337003700435162
Training loss on iteration 3440 = 0.36728386096656324
Training loss on iteration 3460 = 0.30402550250291827
Training loss on iteration 3480 = 0.2755252500995994
Training loss on iteration 3500 = 0.19499782496131957
Training loss on iteration 3520 = 0.1977355595678091
Training loss on iteration 3540 = 0.25012176068266856
Training loss on iteration 3560 = 0.1955614997074008
Training loss on iteration 3580 = 0.30832105183508246
Training loss on iteration 3600 = 0.29020469123497605
Training loss on iteration 3620 = 0.22817720770835875
Training loss on iteration 3640 = 0.19890959691256285
Training loss on iteration 3660 = 0.33575396055821327
Training loss on iteration 3680 = 0.197956838645041
Training loss on iteration 3700 = 0.18347458452917637
Training loss on iteration 3720 = 0.248905361071229
Training loss on iteration 3740 = 0.23118320312350987
Training loss on iteration 3760 = 0.34643903402611614
Training loss on iteration 3780 = 0.23716870984062552
Training loss on iteration 3800 = 0.21975247396621853
Training loss on iteration 3820 = 0.21397779856342822
Training loss on iteration 3840 = 0.2232494537718594
Training loss on iteration 3860 = 0.10291121443733572
Training loss on iteration 3880 = 0.2633038020459935
Training loss on iteration 3900 = 0.27928650053218007
Training loss on iteration 3920 = 0.1762793019413948
Training loss on iteration 3940 = 0.21090456964448095
Training loss on iteration 3960 = 0.23973567872308194
Training loss on iteration 3980 = 0.23537764605134726
Training loss on iteration 4000 = 0.21479589072987437
Training loss on iteration 4020 = 0.1684038904029876
Training loss on iteration 4040 = 0.2289568039122969
Training loss on iteration 4060 = 0.21721799578517675
Training loss on iteration 4080 = 0.23702272416558118
Training loss on iteration 4100 = 0.25629222313582434
Training loss on iteration 4120 = 0.27137874281033875
Training loss on iteration 4140 = 0.16243477036478
Training loss on iteration 4160 = 0.29132025460712613
Training loss on iteration 4180 = 0.303284677863121
Training loss on iteration 4200 = 0.23081713318824768
Training loss on iteration 4220 = 0.2352319372817874
Training loss on iteration 4240 = 0.262078227289021
Training loss on iteration 4260 = 0.18753365247976034
Training loss on iteration 4280 = 0.2649704428622499
Training loss on iteration 4300 = 0.22161783825140446
Training loss on iteration 4320 = 0.23904150651069359
Training loss on iteration 4340 = 0.19205796900205313
Training loss on iteration 4360 = 0.23739823689684272
Training loss on iteration 4380 = 0.24792335075326263
Training loss on iteration 4400 = 0.2194792035035789
Training loss on iteration 4420 = 0.19149849927052856
Training loss on iteration 4440 = 0.3255784421693534
Training loss on iteration 4460 = 0.2746395049151033
Training loss on iteration 4480 = 0.2132744448259473
Training loss on iteration 4500 = 0.28240164471790197
Training loss on iteration 4520 = 0.22483896798221395
Training loss on iteration 4540 = 0.30108900684863327
Training loss on iteration 4560 = 0.19924249919131398
Training loss on iteration 4580 = 0.2559557714499533
Training loss on iteration 4600 = 0.18330122956540434
Training loss on iteration 4620 = 0.23678926699794828
Training loss on iteration 4640 = 0.2767257746309042
Training loss on iteration 4660 = 0.30318159158341584
Training loss on iteration 4680 = 0.26612065779045224
Training loss on iteration 4700 = 0.5549449669662863
Training loss on iteration 4720 = 0.47764921113848685
Training loss on iteration 4740 = 0.30026310589164495
Training loss on iteration 4760 = 0.36114859823137524
Training loss on iteration 4780 = 0.27935849614441394
Training loss on iteration 4800 = 0.28776593583170323
Training loss on iteration 4820 = 0.40543118119239807
Training loss on iteration 4840 = 0.23615601954516025
Training loss on iteration 4860 = 0.2718820730224252
Training loss on iteration 4880 = 0.32702899756841364
Training loss on iteration 4900 = 0.33375579668208954
Training loss on iteration 4920 = 0.20550185069441795
Training loss on iteration 4940 = 0.30931386500597
Training loss on iteration 4960 = 0.4620757210534066
Training loss on iteration 4980 = 0.4060023436322808
Training loss on iteration 5000 = 0.3341733250766993
Training loss on iteration 5020 = 0.22038502218201755
Training loss on iteration 5040 = 0.4137396726757288
Training loss on iteration 5060 = 0.2089966142550111
Training loss on iteration 5080 = 0.18607228016480803
Training loss on iteration 5100 = 0.17003041952848436
Training loss on iteration 5120 = 0.2997559622861445
Training loss on iteration 5140 = 0.19478596653789282
Training loss on iteration 5160 = 0.21954362196847796
Training loss on iteration 5180 = 0.17161010056734086
Training loss on iteration 5200 = 0.29346022848039865
Training loss on iteration 5220 = 0.21554378420114517
Training loss on iteration 5240 = 0.27687760128173977
Training loss on iteration 5260 = 0.25693575823679565
Training loss on iteration 5280 = 0.21771013718098403
Training loss on iteration 5300 = 0.2871941901743412
Training loss on iteration 5320 = 0.2602577766403556
Training loss on iteration 5340 = 0.2562135973479599
Training loss on iteration 5360 = 0.1814367847982794
Training loss on iteration 5380 = 0.2263095261529088
Training loss on iteration 5400 = 0.25448891147971153
Training loss on iteration 5420 = 0.32969141788780687
Training loss on iteration 5440 = 0.20739765809848903
Training loss on iteration 5460 = 0.24132953993976117
Training loss on iteration 5480 = 0.2776158876717091
Training loss on iteration 5500 = 0.25237014451995493
Training loss on iteration 5520 = 0.3299738519825041
Training loss on iteration 5540 = 0.25236534103751185
Training loss on iteration 5560 = 0.278921891679056
Training loss on iteration 5580 = 0.15901661827228963
Training loss on iteration 5600 = 0.2592923643998802
Training loss on iteration 5620 = 0.2930985757149756
Training loss on iteration 5640 = 0.23127450812608003
Training loss on iteration 5660 = 0.31859886888414624
Training loss on iteration 5680 = 0.29318152405321596
Training loss on iteration 5700 = 0.2543306600302458
Training loss on iteration 5720 = 0.19700784650631248
Training loss on iteration 5740 = 0.29732932776678356
Training loss on iteration 5760 = 0.29741578064858915
Training loss on iteration 5780 = 0.2426333984360099
Training loss on iteration 5800 = 0.297688597580418
Training loss on iteration 5820 = 0.20921893743798137
Training loss on iteration 5840 = 0.24348230101168156
Training loss on iteration 5860 = 0.2546795330941677
Training loss on iteration 5880 = 0.217048180103302
Training loss on iteration 5900 = 0.18487547375261784
Training loss on iteration 5920 = 0.2981236927211285
Training loss on iteration 5940 = 0.26610675938427447
Training loss on iteration 5960 = 0.24362813238985837
Training loss on iteration 5980 = 0.5058252756018191
Training loss on iteration 6000 = 0.30784910907968877
Training loss on iteration 6020 = 0.276615621522069
Training loss on iteration 6040 = 0.20752678429707885
Training loss on iteration 6060 = 0.32069980292581024
Training loss on iteration 6080 = 0.22920312352944167
Training loss on iteration 6100 = 0.2133265952579677
Training loss on iteration 6120 = 0.19964309260249138
Training loss on iteration 6140 = 0.13473899057134986
Training loss on iteration 6160 = 0.2154344109352678
Training loss on iteration 6180 = 0.25191672001965343
Training loss on iteration 6200 = 0.35388507824391124
Training loss on iteration 6220 = 0.2509810016490519
Training loss on iteration 6240 = 0.2572134852409363
Training loss on iteration 6260 = 0.18183070253580808
Training loss on iteration 6280 = 0.31607146905735134
Training loss on iteration 6300 = 0.19341768911108376
Training loss on iteration 6320 = 0.22004054337739945
Training loss on iteration 6340 = 0.20952193066477776
Training loss on iteration 6360 = 0.24115529814735054
Training loss on iteration 6380 = 0.2335818072780967
Training loss on iteration 6400 = 0.2847583309281617
Training loss on iteration 6420 = 0.20584676256403328
Training loss on iteration 6440 = 0.18114941902458667
Training loss on iteration 6460 = 0.22506652325391768
Training loss on iteration 6480 = 0.24929209444671868
Training loss on iteration 6500 = 0.16632333560846746
Training loss on iteration 6520 = 0.1677437703125179
Training loss on iteration 6540 = 0.20863079130649567
Training loss on iteration 6560 = 0.23624339532107114
Training loss on iteration 6580 = 0.14602041207253932
Training loss on iteration 6600 = 0.15246175322681665
Training loss on iteration 6620 = 0.21970261596143245
Training loss on iteration 6640 = 0.2195592548698187
Training loss on iteration 6660 = 0.22180208545178176
Training loss on iteration 6680 = 0.25780644873157144
Training loss on iteration 6700 = 0.1914084505289793
Training loss on iteration 6720 = 0.20627991864457726
Training loss on iteration 6740 = 0.2872018463909626
Training loss on iteration 6760 = 0.2607266307575628
Training loss on iteration 6780 = 0.2863937061280012
Training loss on iteration 6800 = 0.20673794460017234
Training loss on iteration 6820 = 0.21186953103169798
Training loss on iteration 6840 = 0.25799774173647166
Training loss on iteration 6860 = 0.3230369105935097
Training loss on iteration 6880 = 0.3025926794856787
Training loss on iteration 6900 = 0.27888435292989017
Training loss on iteration 6920 = 0.19382443390786647
Training loss on iteration 6940 = 0.4111723382025957
Training loss on iteration 6960 = 0.12827517699915916
Training loss on iteration 6980 = 0.19335691030137242
Training loss on iteration 7000 = 0.21711219511926175
Training loss on iteration 7020 = 0.2505918180453591
Training loss on iteration 7040 = 0.2662589126266539
Training loss on iteration 7060 = 0.17743787723593413
Training loss on iteration 7080 = 0.21238047550432385
Training loss on iteration 7100 = 0.1889699396211654
Training loss on iteration 7120 = 0.2898648691829294
Training loss on iteration 7140 = 0.16386805158108472
Training loss on iteration 7160 = 0.20948528526350857
Training loss on iteration 7180 = 0.18867806957568972
Training loss on iteration 7200 = 0.3143262927420437
Training loss on iteration 7220 = 0.22861746193375437
Training loss on iteration 7240 = 0.24103461345657706
Training loss on iteration 7260 = 0.13814530381932855
Training loss on iteration 7280 = 0.24496075036004186
Training loss on iteration 7300 = 0.22344814706593752
Training loss on iteration 7320 = 0.2307560275308788
Training loss on iteration 7340 = 0.30049235830083487
Training loss on iteration 7360 = 0.2150164638645947
Training loss on iteration 7380 = 0.19310182796325534
Training loss on iteration 7400 = 0.158861062861979
Training loss on iteration 7420 = 0.19807285813149064
Training loss on iteration 7440 = 0.2707349477335811
Training loss on iteration 7460 = 0.2045600689947605
Training loss on iteration 7480 = 0.2400083904794883
### EVAL:: Epoch 17:: Loss = 0.16054186794952496 :: ACC = 0.9347154623736428, AUC = 0.9746710529543365, EER = 0.07665668289030325
Training on epoch 18
Training loss on iteration 0 = 0.1777801215648651
Training loss on iteration 20 = 0.18526331139728427
Training loss on iteration 40 = 0.22808603020384907
Training loss on iteration 60 = 0.1808781857136637
Training loss on iteration 80 = 0.23873330880887805
Training loss on iteration 100 = 0.2413832791382447
Training loss on iteration 120 = 0.24874832299537958
Training loss on iteration 140 = 0.21370311758946628
Training loss on iteration 160 = 0.36904645431786776
Training loss on iteration 180 = 0.27098563928157093
Training loss on iteration 200 = 0.3726862918585539
Training loss on iteration 220 = 0.2924600483849645
Training loss on iteration 240 = 0.23030113500135485
Training loss on iteration 260 = 0.21641806024708785
Training loss on iteration 280 = 0.26527279627043754
Training loss on iteration 300 = 0.254674425162375
Training loss on iteration 320 = 0.3088445640169084
Training loss on iteration 340 = 0.25447640945203603
Training loss on iteration 360 = 0.22202878454700112
Training loss on iteration 380 = 0.31244304808788004
Training loss on iteration 400 = 0.2317446792498231
Training loss on iteration 420 = 0.20235664136707782
Training loss on iteration 440 = 0.18292437978088855
Training loss on iteration 460 = 0.12882129345089197
Training loss on iteration 480 = 0.18746821889653803
Training loss on iteration 500 = 0.18252821383066475
Training loss on iteration 520 = 0.35580719551071527
Training loss on iteration 540 = 0.23163376264274121
Training loss on iteration 560 = 0.12697021843632683
Training loss on iteration 580 = 0.2701263792812824
Training loss on iteration 600 = 0.21794471349567174
Training loss on iteration 620 = 0.17844967534765602
Training loss on iteration 640 = 0.21561237694695592
Training loss on iteration 660 = 0.15955274756997823
Training loss on iteration 680 = 0.21488774549216033
Training loss on iteration 700 = 0.16052393997088074
Training loss on iteration 720 = 0.26532623898237945
Training loss on iteration 740 = 0.26580154299736025
Training loss on iteration 760 = 0.21189531553536653
Training loss on iteration 780 = 0.2504977725446224
Training loss on iteration 800 = 0.10157654618378728
Training loss on iteration 820 = 0.24591865541879088
Training loss on iteration 840 = 0.17486860179342328
Training loss on iteration 860 = 0.21791695607826114
Training loss on iteration 880 = 0.18495572921819986
Training loss on iteration 900 = 0.15948032189626246
Training loss on iteration 920 = 0.2630505136679858
Training loss on iteration 940 = 0.19256262253038586
Training loss on iteration 960 = 0.252218417217955
Training loss on iteration 980 = 0.14028152446262537
Training loss on iteration 1000 = 0.22618432575836778
Training loss on iteration 1020 = 0.2668330832617357
Training loss on iteration 1040 = 0.19074244610965252
Training loss on iteration 1060 = 0.13539788766065614
Training loss on iteration 1080 = 0.21911404962884262
Training loss on iteration 1100 = 0.24037205916829407
Training loss on iteration 1120 = 0.20244360510259868
Training loss on iteration 1140 = 0.16452972670085728
Training loss on iteration 1160 = 0.12282828954048455
Training loss on iteration 1180 = 0.20858413260430098
Training loss on iteration 1200 = 0.19608273468911647
Training loss on iteration 1220 = 0.17843664272222667
Training loss on iteration 1240 = 0.12371285089757293
Training loss on iteration 1260 = 0.17889679581858217
Training loss on iteration 1280 = 0.1692651973105967
Training loss on iteration 1300 = 0.1462541942950338
Training loss on iteration 1320 = 0.32007416570559144
Training loss on iteration 1340 = 0.2803110071690753
Training loss on iteration 1360 = 0.4689753182930872
Training loss on iteration 1380 = 0.25258108992129563
Training loss on iteration 1400 = 0.19141382151283323
Training loss on iteration 1420 = 0.3612547043710947
Training loss on iteration 1440 = 0.327650590473786
Training loss on iteration 1460 = 0.17644519112072884
Training loss on iteration 1480 = 0.18810475403442978
Training loss on iteration 1500 = 0.22427835650742053
Training loss on iteration 1520 = 0.20207542534917594
Training loss on iteration 1540 = 0.1334899847395718
Training loss on iteration 1560 = 0.19813828158657998
Training loss on iteration 1580 = 0.1656772712012753
Training loss on iteration 1600 = 0.4209413950098678
Training loss on iteration 1620 = 0.18507490924093872
Training loss on iteration 1640 = 0.2670436775777489
Training loss on iteration 1660 = 0.2015470452606678
Training loss on iteration 1680 = 0.2501433633733541
Training loss on iteration 1700 = 0.23196689067408444
Training loss on iteration 1720 = 0.17155311577953397
Training loss on iteration 1740 = 0.15506467437371613
Training loss on iteration 1760 = 0.267577089369297
Training loss on iteration 1780 = 0.2211315969005227
Training loss on iteration 1800 = 0.20232852101325988
Training loss on iteration 1820 = 0.19768593031913043
Training loss on iteration 1840 = 0.2590886109508574
Training loss on iteration 1860 = 0.22954692356288434
Training loss on iteration 1880 = 0.2075658615678549
Training loss on iteration 1900 = 0.15750351124443113
Training loss on iteration 1920 = 0.19796156715601682
Training loss on iteration 1940 = 0.17282152557745575
Training loss on iteration 1960 = 0.19251098660752178
Training loss on iteration 1980 = 0.2303473343141377
Training loss on iteration 2000 = 0.14054437205195427
Training loss on iteration 2020 = 0.2234178994782269
Training loss on iteration 2040 = 0.1330383198801428
Training loss on iteration 2060 = 0.22090108899283223
Training loss on iteration 2080 = 0.16038446025922895
Training loss on iteration 2100 = 0.15071059889160096
Training loss on iteration 2120 = 0.2073654348263517
Training loss on iteration 2140 = 0.23016613675281405
Training loss on iteration 2160 = 0.1417938159313053
Training loss on iteration 2180 = 0.1854861068772152
Training loss on iteration 2200 = 0.3270477718207985
Training loss on iteration 2220 = 0.2241032405756414
Training loss on iteration 2240 = 0.19271961515769362
Training loss on iteration 2260 = 0.29048256017267704
Training loss on iteration 2280 = 0.2788394125178456
Training loss on iteration 2300 = 0.18509365562349558
Training loss on iteration 2320 = 0.32786982841789725
Training loss on iteration 2340 = 0.23389935144223273
Training loss on iteration 2360 = 0.2611726513132453
Training loss on iteration 2380 = 0.2363383386284113
Training loss on iteration 2400 = 0.29365545846521857
Training loss on iteration 2420 = 0.18319937624037266
Training loss on iteration 2440 = 0.31952597594354304
Training loss on iteration 2460 = 0.18715453939512372
Training loss on iteration 2480 = 0.29323700517416
Training loss on iteration 2500 = 0.27483943197876215
Training loss on iteration 2520 = 0.16685813651420175
Training loss on iteration 2540 = 0.2475091210566461
Training loss on iteration 2560 = 0.3308122083544731
Training loss on iteration 2580 = 0.33366305343806746
Training loss on iteration 2600 = 0.1746877591125667
Training loss on iteration 2620 = 0.2958890572190285
Training loss on iteration 2640 = 0.21057959380559624
Training loss on iteration 2660 = 0.28431024723686277
Training loss on iteration 2680 = 0.18085488695651292
Training loss on iteration 2700 = 0.24063720554113388
Training loss on iteration 2720 = 0.19345793016254903
Training loss on iteration 2740 = 0.19100068444386126
Training loss on iteration 2760 = 0.21569664878770708
Training loss on iteration 2780 = 0.267875161068514
Training loss on iteration 2800 = 0.226978940051049
Training loss on iteration 2820 = 0.2699879652354866
Training loss on iteration 2840 = 0.21242883908562363
Training loss on iteration 2860 = 0.295104249054566
Training loss on iteration 2880 = 0.28048394648358227
Training loss on iteration 2900 = 0.25284735299646854
Training loss on iteration 2920 = 0.24175180662423373
Training loss on iteration 2940 = 0.1625434081070125
Training loss on iteration 2960 = 0.25751046871300787
Training loss on iteration 2980 = 0.23390208873897791
Training loss on iteration 3000 = 0.13128333126660435
Training loss on iteration 3020 = 0.24951496366411446
Training loss on iteration 3040 = 0.20810985183343292
Training loss on iteration 3060 = 0.21410146236885338
Training loss on iteration 3080 = 0.18123816372826695
Training loss on iteration 3100 = 0.1389729304239154
Training loss on iteration 3120 = 0.2562748997472227
Training loss on iteration 3140 = 0.21171690290793777
Training loss on iteration 3160 = 0.23383785728365183
Training loss on iteration 3180 = 0.22610540771856905
Training loss on iteration 3200 = 0.15845416076481342
Training loss on iteration 3220 = 0.21465056801680477
Training loss on iteration 3240 = 0.25928490473888816
Training loss on iteration 3260 = 0.19095716085284947
Training loss on iteration 3280 = 0.2507162549067289
Training loss on iteration 3300 = 0.25759095083922146
Training loss on iteration 3320 = 0.2305494664236903
Training loss on iteration 3340 = 0.19304139430169015
Training loss on iteration 3360 = 0.28100448836339637
Training loss on iteration 3380 = 0.18283094288781285
Training loss on iteration 3400 = 0.17540048654191195
Training loss on iteration 3420 = 0.2766899792011827
Training loss on iteration 3440 = 0.27493915120139717
Training loss on iteration 3460 = 0.18501462768763305
Training loss on iteration 3480 = 0.21316270343959332
Training loss on iteration 3500 = 0.2025481305550784
Training loss on iteration 3520 = 0.2502780117094517
Training loss on iteration 3540 = 0.23633016822859645
Training loss on iteration 3560 = 0.23867896497249602
Training loss on iteration 3580 = 0.18030498707666992
Training loss on iteration 3600 = 0.15632979474030434
Training loss on iteration 3620 = 0.18950849196407943
Training loss on iteration 3640 = 0.18658803245052696
Training loss on iteration 3660 = 0.18163412262219936
Training loss on iteration 3680 = 0.25473893055459484
Training loss on iteration 3700 = 0.24011578354984522
Training loss on iteration 3720 = 0.3931427843635902
Training loss on iteration 3740 = 0.26022424837574365
Training loss on iteration 3760 = 0.22930504067335278
Training loss on iteration 3780 = 0.21893312785832678
Training loss on iteration 3800 = 0.17546754521899857
Training loss on iteration 3820 = 0.30994918423239143
Training loss on iteration 3840 = 0.17468042738037184
Training loss on iteration 3860 = 0.2625864710600581
Training loss on iteration 3880 = 0.29455294674262406
Training loss on iteration 3900 = 0.23792554531246424
Training loss on iteration 3920 = 0.22267389001790433
Training loss on iteration 3940 = 0.25449465606361626
Training loss on iteration 3960 = 0.20115866204723715
Training loss on iteration 3980 = 0.129866455309093
Training loss on iteration 4000 = 0.23509263820014895
Training loss on iteration 4020 = 0.2363873736001551
Training loss on iteration 4040 = 0.1989519378170371
Training loss on iteration 4060 = 0.23507323525846005
Training loss on iteration 4080 = 0.2299757594242692
Training loss on iteration 4100 = 0.29027235638350246
Training loss on iteration 4120 = 0.19331544283777474
Training loss on iteration 4140 = 0.24491942590102553
Training loss on iteration 4160 = 0.24723009327426554
Training loss on iteration 4180 = 0.18704606043174862
Training loss on iteration 4200 = 0.20767748234793543
Training loss on iteration 4220 = 0.16835854947566986
Training loss on iteration 4240 = 0.24928494142368435
Training loss on iteration 4260 = 0.17759965383447707
Training loss on iteration 4280 = 0.2935576742049307
Training loss on iteration 4300 = 0.18823982840403913
Training loss on iteration 4320 = 0.5469204682856799
Training loss on iteration 4340 = 0.3142312835901976
Training loss on iteration 4360 = 0.25857743202504935
Training loss on iteration 4380 = 0.38061847555218264
Training loss on iteration 4400 = 0.20810110499151052
Training loss on iteration 4420 = 0.19185799301485532
Training loss on iteration 4440 = 0.3420545620843768
Training loss on iteration 4460 = 0.17718378733843565
Training loss on iteration 4480 = 0.17788031715899705
Training loss on iteration 4500 = 0.19512769517023115
Training loss on iteration 4520 = 0.20986600867472588
Training loss on iteration 4540 = 0.44347945442423226
Training loss on iteration 4560 = 0.30046881465241315
Training loss on iteration 4580 = 0.2331095203757286
Training loss on iteration 4600 = 0.18632490478921682
Training loss on iteration 4620 = 0.16431115816812963
Training loss on iteration 4640 = 0.23179385159164667
Training loss on iteration 4660 = 0.2059085860848427
Training loss on iteration 4680 = 0.21062455167993904
Training loss on iteration 4700 = 0.21600669655017554
Training loss on iteration 4720 = 0.16820713696070017
Training loss on iteration 4740 = 0.27629058512393384
Training loss on iteration 4760 = 0.24587654508650303
Training loss on iteration 4780 = 0.26148791713640096
Training loss on iteration 4800 = 0.19451912101358176
Training loss on iteration 4820 = 0.2303480450063944
Training loss on iteration 4840 = 0.1891145346686244
Training loss on iteration 4860 = 0.2467597453854978
Training loss on iteration 4880 = 0.2832529965788126
Training loss on iteration 4900 = 0.21240115193650128
Training loss on iteration 4920 = 0.14640758661553263
Training loss on iteration 4940 = 0.24534819554537535
Training loss on iteration 4960 = 0.1470936111174524
Training loss on iteration 4980 = 0.1657874892000109
Training loss on iteration 5000 = 0.23366939947009085
Training loss on iteration 5020 = 0.14520753535907716
Training loss on iteration 5040 = 0.15198989054188133
Training loss on iteration 5060 = 0.18477656058967112
Training loss on iteration 5080 = 0.22675073365680873
Training loss on iteration 5100 = 0.25291176945902405
Training loss on iteration 5120 = 0.1904305293224752
Training loss on iteration 5140 = 0.23675093152560295
Training loss on iteration 5160 = 0.1389641588088125
Training loss on iteration 5180 = 0.20279782013967634
Training loss on iteration 5200 = 0.1298993336968124
Training loss on iteration 5220 = 0.19996919608674943
Training loss on iteration 5240 = 0.14752271957695484
Training loss on iteration 5260 = 0.18850354542955755
Training loss on iteration 5280 = 0.1207056884886697
Training loss on iteration 5300 = 0.2957681864500046
Training loss on iteration 5320 = 0.21585846561938524
Training loss on iteration 5340 = 0.2369575691409409
Training loss on iteration 5360 = 0.35173605298623445
Training loss on iteration 5380 = 0.2223771596327424
Training loss on iteration 5400 = 0.22982131582684814
Training loss on iteration 5420 = 0.22730339653789997
Training loss on iteration 5440 = 0.3071460378530901
Training loss on iteration 5460 = 0.2371002812171355
Training loss on iteration 5480 = 0.19941668412648142
Training loss on iteration 5500 = 0.22701993733644485
Training loss on iteration 5520 = 0.21702496031066404
Training loss on iteration 5540 = 0.22124008433893322
Training loss on iteration 5560 = 0.4047923589125276
Training loss on iteration 5580 = 0.15580375607241875
Training loss on iteration 5600 = 0.11526810475625097
Training loss on iteration 5620 = 0.14599283877760172
Training loss on iteration 5640 = 0.2587741883238778
Training loss on iteration 5660 = 0.25611220868304374
Training loss on iteration 5680 = 0.2215955157764256
Training loss on iteration 5700 = 0.2657619400881231
Training loss on iteration 5720 = 0.19197816401720047
Training loss on iteration 5740 = 0.23697862323606386
Training loss on iteration 5760 = 0.19754383827093988
Training loss on iteration 5780 = 0.2019647929817438
Training loss on iteration 5800 = 0.16758847759338097
Training loss on iteration 5820 = 0.26414033826440575
Training loss on iteration 5840 = 0.26558157335966825
Training loss on iteration 5860 = 0.18055450385436417
Training loss on iteration 5880 = 0.21131573356688022
Training loss on iteration 5900 = 0.2024947039783001
Training loss on iteration 5920 = 0.13501953380182385
Training loss on iteration 5940 = 0.34712066873908043
Training loss on iteration 5960 = 0.2254912549164146
Training loss on iteration 5980 = 0.2657006577122957
Training loss on iteration 6000 = 0.33649906031787397
Training loss on iteration 6020 = 0.24369521592743695
Training loss on iteration 6040 = 0.4316581543564098
Training loss on iteration 6060 = 0.4055314067285508
Training loss on iteration 6080 = 0.19733697441406547
Training loss on iteration 6100 = 0.22616029605269433
Training loss on iteration 6120 = 0.2597190350294113
Training loss on iteration 6140 = 0.18270224949810654
Training loss on iteration 6160 = 0.19292573668062687
Training loss on iteration 6180 = 0.2530949771404266
Training loss on iteration 6200 = 0.2647506943438202
Training loss on iteration 6220 = 0.13111654242966325
Training loss on iteration 6240 = 0.18044178729178384
Training loss on iteration 6260 = 0.15475484323687852
Training loss on iteration 6280 = 0.20679857973009347
Training loss on iteration 6300 = 0.3046813650988042
Training loss on iteration 6320 = 0.18061455148272215
Training loss on iteration 6340 = 0.13302800999954342
Training loss on iteration 6360 = 0.17843357119709252
Training loss on iteration 6380 = 0.2144898566417396
Training loss on iteration 6400 = 0.29211875185137615
Training loss on iteration 6420 = 0.30033478122204543
Training loss on iteration 6440 = 0.23623150370549412
Training loss on iteration 6460 = 0.20843409639783203
Training loss on iteration 6480 = 0.22814641129225494
Training loss on iteration 6500 = 0.20833709337748588
Training loss on iteration 6520 = 0.24553213454782963
Training loss on iteration 6540 = 0.1884967215359211
Training loss on iteration 6560 = 0.17241070326417685
Training loss on iteration 6580 = 0.23019266836345195
Training loss on iteration 6600 = 0.3247928787022829
Training loss on iteration 6620 = 0.16070428285747768
Training loss on iteration 6640 = 0.20599214155226947
Training loss on iteration 6660 = 0.235077219735831
Training loss on iteration 6680 = 0.21086967289447783
Training loss on iteration 6700 = 0.28019917104393244
Training loss on iteration 6720 = 0.25808153168763964
Training loss on iteration 6740 = 0.19584197252988816
Training loss on iteration 6760 = 0.14412906346842647
Training loss on iteration 6780 = 0.10503964534727857
Training loss on iteration 6800 = 0.2719628123566508
Training loss on iteration 6820 = 0.2425684483954683
Training loss on iteration 6840 = 0.24083966575562954
Training loss on iteration 6860 = 0.19093808024190367
Training loss on iteration 6880 = 0.1810087468009442
Training loss on iteration 6900 = 0.20840134248137474
Training loss on iteration 6920 = 0.23486110121011733
Training loss on iteration 6940 = 0.18172134160995485
Training loss on iteration 6960 = 0.12911557052284478
Training loss on iteration 6980 = 0.21372628123499454
Training loss on iteration 7000 = 0.18069462142884732
Training loss on iteration 7020 = 0.15521817584522069
Training loss on iteration 7040 = 0.2522756907856092
Training loss on iteration 7060 = 0.27501912899315356
Training loss on iteration 7080 = 0.33389236964285374
Training loss on iteration 7100 = 0.28763104109093546
Training loss on iteration 7120 = 0.18158564618788658
Training loss on iteration 7140 = 0.2080920762149617
Training loss on iteration 7160 = 0.23636408569291234
Training loss on iteration 7180 = 0.3147417612373829
Training loss on iteration 7200 = 0.1898325677961111
Training loss on iteration 7220 = 0.18036023611202837
Training loss on iteration 7240 = 0.2081376993097365
Training loss on iteration 7260 = 0.1897595596499741
Training loss on iteration 7280 = 0.1770027500577271
Training loss on iteration 7300 = 0.1787443843204528
Training loss on iteration 7320 = 0.166037109028548
Training loss on iteration 7340 = 0.20464346408843995
Training loss on iteration 7360 = 0.15545696374028922
Training loss on iteration 7380 = 0.3555125157348812
Training loss on iteration 7400 = 0.23838601689785718
Training loss on iteration 7420 = 0.18399094361811877
Training loss on iteration 7440 = 0.25549503359943626
Training loss on iteration 7460 = 0.156305834883824
Training loss on iteration 7480 = 0.1292604931164533
### EVAL:: Epoch 18:: Loss = 0.14093334678355277 :: ACC = 0.9443092474728566, AUC = 0.9521498064755591, EER = 0.11568700861100711
Training on epoch 19
Training loss on iteration 0 = 0.18217965960502625
Training loss on iteration 20 = 0.42042249445803465
Training loss on iteration 40 = 0.34113414492458105
Training loss on iteration 60 = 0.398286890424788
Training loss on iteration 80 = 0.3044182114070281
Training loss on iteration 100 = 0.29323022775352003
Training loss on iteration 120 = 0.41240338465431703
Training loss on iteration 140 = 0.24964560708031058
Training loss on iteration 160 = 0.13772097980836406
Training loss on iteration 180 = 0.23126780367456376
Training loss on iteration 200 = 0.25841978266835214
Training loss on iteration 220 = 0.1928719830699265
Training loss on iteration 240 = 0.2057134702336043
Training loss on iteration 260 = 0.178592040669173
Training loss on iteration 280 = 0.19453664631582795
Training loss on iteration 300 = 0.2421351823490113
Training loss on iteration 320 = 0.16218559965491294
Training loss on iteration 340 = 0.2507063233759254
Training loss on iteration 360 = 0.3537934391875751
Training loss on iteration 380 = 0.22098223101347686
Training loss on iteration 400 = 0.1985893779899925
Training loss on iteration 420 = 0.11559020811691881
Training loss on iteration 440 = 0.1572425507940352
Training loss on iteration 460 = 0.13842846574261786
Training loss on iteration 480 = 0.18618984380736947
Training loss on iteration 500 = 0.17190209969412534
Training loss on iteration 520 = 0.12345049493014812
Training loss on iteration 540 = 0.18405771051184275
Training loss on iteration 560 = 0.23108429556014015
Training loss on iteration 580 = 0.22731780245667324
Training loss on iteration 600 = 0.2940430311951786
Training loss on iteration 620 = 0.27765853141900154
Training loss on iteration 640 = 0.36366477836854755
Training loss on iteration 660 = 0.20880972743034362
Training loss on iteration 680 = 0.23577204272150992
Training loss on iteration 700 = 0.262004129961133
Training loss on iteration 720 = 0.20023914612829685
Training loss on iteration 740 = 0.1667969049885869
Training loss on iteration 760 = 0.17250463776290417
Training loss on iteration 780 = 0.27309631446842103
Training loss on iteration 800 = 0.14987739520147442
Training loss on iteration 820 = 0.26612728713080286
Training loss on iteration 840 = 0.19362999994773417
Training loss on iteration 860 = 0.21711418491322548
Training loss on iteration 880 = 0.1224429450230673
Training loss on iteration 900 = 0.2753902732627466
Training loss on iteration 920 = 0.18686577915214003
Training loss on iteration 940 = 0.22434549033641815
Training loss on iteration 960 = 0.15368069289252162
Training loss on iteration 980 = 0.2614360710605979
Training loss on iteration 1000 = 0.32740026861429217
Training loss on iteration 1020 = 0.2659554295241833
Training loss on iteration 1040 = 0.299343021446839
Training loss on iteration 1060 = 0.24156676011625677
Training loss on iteration 1080 = 0.27055620518513024
Training loss on iteration 1100 = 0.2721672376617789
Training loss on iteration 1120 = 0.2001227852422744
Training loss on iteration 1140 = 0.24313980620354414
Training loss on iteration 1160 = 0.1859815910924226
Training loss on iteration 1180 = 0.24404461635276675
Training loss on iteration 1200 = 0.1989774061832577
Training loss on iteration 1220 = 0.2494919420685619
Training loss on iteration 1240 = 0.23134054127149284
Training loss on iteration 1260 = 0.21729355389252306
Training loss on iteration 1280 = 0.20700068920850753
Training loss on iteration 1300 = 0.20805847413721495
Training loss on iteration 1320 = 0.14341892567463219
Training loss on iteration 1340 = 0.22686339877545833
Training loss on iteration 1360 = 0.3263801092747599
Training loss on iteration 1380 = 0.25526028787717225
Training loss on iteration 1400 = 0.30408977046608926
Training loss on iteration 1420 = 0.3414504174492322
Training loss on iteration 1440 = 0.3360445300117135
Training loss on iteration 1460 = 0.27710241433233024
Training loss on iteration 1480 = 0.2498001845786348
Training loss on iteration 1500 = 0.2905223240144551
Training loss on iteration 1520 = 0.22631764779798685
Training loss on iteration 1540 = 0.2673386945389211
Training loss on iteration 1560 = 0.25034726071171465
Training loss on iteration 1580 = 0.2328392231836915
Training loss on iteration 1600 = 0.2604574295924976
Training loss on iteration 1620 = 0.23999864063225687
Training loss on iteration 1640 = 0.20977319460362195
Training loss on iteration 1660 = 0.21044970396906137
Training loss on iteration 1680 = 0.14470750615000724
Training loss on iteration 1700 = 0.21149452505633234
Training loss on iteration 1720 = 0.15606833752244711
Training loss on iteration 1740 = 0.28088122606277466
Training loss on iteration 1760 = 0.2796065172646195
Training loss on iteration 1780 = 0.2006431452697143
Training loss on iteration 1800 = 0.2427584950113669
Training loss on iteration 1820 = 0.2848455227911472
Training loss on iteration 1840 = 0.2428865003399551
Training loss on iteration 1860 = 0.16576124546118082
Training loss on iteration 1880 = 0.17566905287094414
Training loss on iteration 1900 = 0.25902992244809864
Training loss on iteration 1920 = 0.2100374311208725
Training loss on iteration 1940 = 0.1712290897965431
Training loss on iteration 1960 = 0.25598165378905835
Training loss on iteration 1980 = 0.21824754225090146
Training loss on iteration 2000 = 0.21112061208114027
Training loss on iteration 2020 = 0.1934401712846011
Training loss on iteration 2040 = 0.2017918523401022
Training loss on iteration 2060 = 0.26033308254554866
Training loss on iteration 2080 = 0.26674956027418373
Training loss on iteration 2100 = 0.15815731957554818
Training loss on iteration 2120 = 0.1771181480959058
Training loss on iteration 2140 = 0.1571566686499864
Training loss on iteration 2160 = 0.21404960434883832
Training loss on iteration 2180 = 0.13653415571898223
Training loss on iteration 2200 = 0.27886624783277514
Training loss on iteration 2220 = 0.12744964589364827
Training loss on iteration 2240 = 0.14576218705624341
Training loss on iteration 2260 = 0.2696867347229272
Training loss on iteration 2280 = 0.2276787269860506
Training loss on iteration 2300 = 0.16010560947470368
Training loss on iteration 2320 = 0.23944076504558326
Training loss on iteration 2340 = 0.22932305429130792
Training loss on iteration 2360 = 0.21856546131893992
Training loss on iteration 2380 = 0.332187822740525
Training loss on iteration 2400 = 0.25446854904294014
Training loss on iteration 2420 = 0.18120569847524165
Training loss on iteration 2440 = 0.2958322761580348
Training loss on iteration 2460 = 0.16883793994784355
Training loss on iteration 2480 = 0.1772415737621486
Training loss on iteration 2500 = 0.15408978478517382
Training loss on iteration 2520 = 0.18194690807722508
Training loss on iteration 2540 = 0.11610426474362612
Training loss on iteration 2560 = 0.22209352599456905
Training loss on iteration 2580 = 0.27807467998936775
Training loss on iteration 2600 = 0.3115162375383079
Training loss on iteration 2620 = 0.21829744670540094
Training loss on iteration 2640 = 0.24615765772759915
Training loss on iteration 2660 = 0.18012731578201055
Training loss on iteration 2680 = 0.2642186080105603
Training loss on iteration 2700 = 0.3008420869708061
Training loss on iteration 2720 = 0.2376801120582968
Training loss on iteration 2740 = 0.1678378560580313
Training loss on iteration 2760 = 0.23180986568331718
Training loss on iteration 2780 = 0.20351723488420248
Training loss on iteration 2800 = 0.22556474916636943
Training loss on iteration 2820 = 0.21963286106474697
Training loss on iteration 2840 = 0.3812033277004957
Training loss on iteration 2860 = 0.2137577767018229
Training loss on iteration 2880 = 0.21429384931689127
Training loss on iteration 2900 = 0.26634157439693806
Training loss on iteration 2920 = 0.23260251116007566
Training loss on iteration 2940 = 0.2732538814190775
Training loss on iteration 2960 = 0.29608009648509326
Training loss on iteration 2980 = 0.22032477674074472
Training loss on iteration 3000 = 0.28825254533439876
Training loss on iteration 3020 = 0.3361110620200634
Training loss on iteration 3040 = 0.34812053516507147
Training loss on iteration 3060 = 0.320816590776667
Training loss on iteration 3080 = 0.14962027482688428
Training loss on iteration 3100 = 0.27642447473481296
Training loss on iteration 3120 = 0.3185780581086874
Training loss on iteration 3140 = 0.23049134258180856
Training loss on iteration 3160 = 0.22755945678800343
Training loss on iteration 3180 = 0.21787746162153782
Training loss on iteration 3200 = 0.3126391670666635
Training loss on iteration 3220 = 0.2277653757482767
Training loss on iteration 3240 = 0.30319813336245716
Training loss on iteration 3260 = 0.21642199028283357
Training loss on iteration 3280 = 0.20220786046702416
Training loss on iteration 3300 = 0.19260448245331646
Training loss on iteration 3320 = 0.2972314950078726
Training loss on iteration 3340 = 0.3511509522330016
Training loss on iteration 3360 = 0.25138274921337145
Training loss on iteration 3380 = 0.3636113220825791
Training loss on iteration 3400 = 0.33394792266190054
Training loss on iteration 3420 = 0.26212670903187246
Training loss on iteration 3440 = 0.24638114515691995
Training loss on iteration 3460 = 0.29221477583050726
Training loss on iteration 3480 = 0.26100978860631585
Training loss on iteration 3500 = 0.2368389886803925
Training loss on iteration 3520 = 0.17295826179906726
Training loss on iteration 3540 = 0.2555549752432853
Training loss on iteration 3560 = 0.22903925236314535
Training loss on iteration 3580 = 0.18032670402899384
Training loss on iteration 3600 = 0.16259468179196118
Training loss on iteration 3620 = 0.19387001320719718
Training loss on iteration 3640 = 0.23296777661889792
Training loss on iteration 3660 = 0.29353173170238733
Training loss on iteration 3680 = 0.18448685221374034
Training loss on iteration 3700 = 0.14052880154922603
Training loss on iteration 3720 = 0.22421966521069409
Training loss on iteration 3740 = 0.22802619617432357
Training loss on iteration 3760 = 0.24278465919196607
Training loss on iteration 3780 = 0.18375427438877523
Training loss on iteration 3800 = 0.10093417102470995
Training loss on iteration 3820 = 0.15291509376838802
Training loss on iteration 3840 = 0.18152177883312107
Training loss on iteration 3860 = 0.2256621084641665
Training loss on iteration 3880 = 0.18180629927664996
Training loss on iteration 3900 = 0.18288075514137744
Training loss on iteration 3920 = 0.27046085908077655
Training loss on iteration 3940 = 0.18830282418057323
Training loss on iteration 3960 = 0.21568548602517695
Training loss on iteration 3980 = 0.19881269549950958
Training loss on iteration 4000 = 0.20688245831988752
Training loss on iteration 4020 = 0.18266354291699827
Training loss on iteration 4040 = 0.15773331657983364
Training loss on iteration 4060 = 0.3005567442625761
Training loss on iteration 4080 = 0.14322548378258942
Training loss on iteration 4100 = 0.1755472551099956
Training loss on iteration 4120 = 0.1915164912585169
Training loss on iteration 4140 = 0.2488038655370474
Training loss on iteration 4160 = 0.2142276493832469
Training loss on iteration 4180 = 0.2500268711941317
Training loss on iteration 4200 = 0.2504956295713782
Training loss on iteration 4220 = 0.20869015594944357
Training loss on iteration 4240 = 0.18624490033835173
Training loss on iteration 4260 = 0.1813848352059722
Training loss on iteration 4280 = 0.24889159975573422
Training loss on iteration 4300 = 0.12152862120419741
Training loss on iteration 4320 = 0.19769620643928648
Training loss on iteration 4340 = 0.21599564542993904
Training loss on iteration 4360 = 0.12774857627227904
Training loss on iteration 4380 = 0.3040833723265678
Training loss on iteration 4400 = 0.1289049930870533
Training loss on iteration 4420 = 0.22665102435275913
Training loss on iteration 4440 = 0.26997132170945404
Training loss on iteration 4460 = 0.19550586128607392
Training loss on iteration 4480 = 0.2870971842901781
Training loss on iteration 4500 = 0.13395914973225445
Training loss on iteration 4520 = 0.3586317444453016
Training loss on iteration 4540 = 0.25446781972423194
Training loss on iteration 4560 = 0.17467558458447457
Training loss on iteration 4580 = 0.21850334359332918
Training loss on iteration 4600 = 0.25265774633735416
Training loss on iteration 4620 = 0.2040962228551507
Training loss on iteration 4640 = 0.18051667213439943
Training loss on iteration 4660 = 0.21028093132190406
Training loss on iteration 4680 = 0.24300989648327231
Training loss on iteration 4700 = 0.21414240135345608
Training loss on iteration 4720 = 0.19719041348434985
Training loss on iteration 4740 = 0.3425889717414975
Training loss on iteration 4760 = 0.3422932250890881
Training loss on iteration 4780 = 0.21632602913305163
Training loss on iteration 4800 = 0.2074706256389618
Training loss on iteration 4820 = 0.1875708273611963
Training loss on iteration 4840 = 0.16406601369380952
Training loss on iteration 4860 = 0.17937964480370283
Training loss on iteration 4880 = 0.14831820039544255
Training loss on iteration 4900 = 0.1963160813320428
Training loss on iteration 4920 = 0.24460978279821574
Training loss on iteration 4940 = 0.16827779794111847
Training loss on iteration 4960 = 0.19398729242384433
Training loss on iteration 4980 = 0.21373014561831952
Training loss on iteration 5000 = 0.23835948258638381
Training loss on iteration 5020 = 0.14527361578075215
Training loss on iteration 5040 = 0.10955229562823661
Training loss on iteration 5060 = 0.2335473177023232
Training loss on iteration 5080 = 0.19606775045394897
Training loss on iteration 5100 = 0.20170352123677732
Training loss on iteration 5120 = 0.25769645599648355
Training loss on iteration 5140 = 0.24831012464128435
Training loss on iteration 5160 = 0.1324300432577729
Training loss on iteration 5180 = 0.20325987306423485
Training loss on iteration 5200 = 0.17945140996016562
Training loss on iteration 5220 = 0.22367334021255375
Training loss on iteration 5240 = 0.27930590976029634
Training loss on iteration 5260 = 0.19029740961268543
Training loss on iteration 5280 = 0.24709446917986497
Training loss on iteration 5300 = 0.19431963437236846
Training loss on iteration 5320 = 0.11792257947381586
Training loss on iteration 5340 = 0.15712607830791966
Training loss on iteration 5360 = 0.27087959116324783
Training loss on iteration 5380 = 0.22725580455735325
Training loss on iteration 5400 = 0.25863197119906545
Training loss on iteration 5420 = 0.2477957684546709
Training loss on iteration 5440 = 0.13906165629159659
Training loss on iteration 5460 = 0.12982594242785125
Training loss on iteration 5480 = 0.2182189656421542
Training loss on iteration 5500 = 0.2527001351118088
Training loss on iteration 5520 = 0.3536007943563163
Training loss on iteration 5540 = 0.33105942541733385
Training loss on iteration 5560 = 0.28840320829767735
Training loss on iteration 5580 = 0.3337928879540414
Training loss on iteration 5600 = 0.2252622475498356
Training loss on iteration 5620 = 0.31729877488687636
Training loss on iteration 5640 = 0.15231198659166695
Training loss on iteration 5660 = 0.20782300201244652
Training loss on iteration 5680 = 0.21882284646853806
Training loss on iteration 5700 = 0.13433145426679402
Training loss on iteration 5720 = 0.3173985064495355
Training loss on iteration 5740 = 0.2736560040153563
Training loss on iteration 5760 = 0.1450146313989535
Training loss on iteration 5780 = 0.1956881233956665
Training loss on iteration 5800 = 0.31810767562128606
Training loss on iteration 5820 = 0.2355028472840786
Training loss on iteration 5840 = 0.25049166469834744
Training loss on iteration 5860 = 0.26383589021861553
Training loss on iteration 5880 = 0.27453121496364474
Training loss on iteration 5900 = 0.2245113104581833
Training loss on iteration 5920 = 0.17443149872124195
Training loss on iteration 5940 = 0.12763973530381917
Training loss on iteration 5960 = 0.22799369299318642
Training loss on iteration 5980 = 0.19355425173416735
Training loss on iteration 6000 = 0.2804725860245526
Training loss on iteration 6020 = 0.2608504387550056
Training loss on iteration 6040 = 0.16865723459050058
Training loss on iteration 6060 = 0.19413760891184212
Training loss on iteration 6080 = 0.22433937240857632
Training loss on iteration 6100 = 0.2246137872338295
Training loss on iteration 6120 = 0.16609010575339198
Training loss on iteration 6140 = 0.25598553558811543
Training loss on iteration 6160 = 0.22994729783385992
Training loss on iteration 6180 = 0.16437679072842
Training loss on iteration 6200 = 0.2103190622292459
Training loss on iteration 6220 = 0.2156551289372146
Training loss on iteration 6240 = 0.20034360475838184
Training loss on iteration 6260 = 0.2485242356895469
Training loss on iteration 6280 = 0.27359790774062276
Training loss on iteration 6300 = 0.2540585396811366
Training loss on iteration 6320 = 0.16876698113046587
Training loss on iteration 6340 = 0.20930228740908205
Training loss on iteration 6360 = 0.2550283581484109
Training loss on iteration 6380 = 0.2542266867589206
Training loss on iteration 6400 = 0.2997946599498391
Training loss on iteration 6420 = 0.32618493353947997
Training loss on iteration 6440 = 0.3162689565680921
Training loss on iteration 6460 = 0.16038493076339363
Training loss on iteration 6480 = 0.18790994891896845
Training loss on iteration 6500 = 0.24917891160584987
Training loss on iteration 6520 = 0.2911329731345177
Training loss on iteration 6540 = 0.28026424814015627
Training loss on iteration 6560 = 0.37178333112969997
Training loss on iteration 6580 = 0.4438766003586352
Training loss on iteration 6600 = 0.3917377389036119
Training loss on iteration 6620 = 0.18036934196716176
Training loss on iteration 6640 = 0.22972816484980285
Training loss on iteration 6660 = 0.3304025259800255
Training loss on iteration 6680 = 0.1901577445678413
Training loss on iteration 6700 = 0.16703546869102864
Training loss on iteration 6720 = 0.2326838731765747
Training loss on iteration 6740 = 0.22854789323173463
Training loss on iteration 6760 = 0.20056243087165057
Training loss on iteration 6780 = 0.15870489408262073
Training loss on iteration 6800 = 0.15544836055487393
Training loss on iteration 6820 = 0.22618606174364686
Training loss on iteration 6840 = 0.1945241479203105
Training loss on iteration 6860 = 0.24092034166678786
Training loss on iteration 6880 = 0.16613904000259935
Training loss on iteration 6900 = 0.20120915332809092
Training loss on iteration 6920 = 0.13523492470849305
Training loss on iteration 6940 = 0.12908919313922523
Training loss on iteration 6960 = 0.2668705535586923
Training loss on iteration 6980 = 0.17126208497211337
Training loss on iteration 7000 = 0.18764416582416743
Training loss on iteration 7020 = 0.14949904722161592
Training loss on iteration 7040 = 0.20417184977559372
Training loss on iteration 7060 = 0.22631985070183874
Training loss on iteration 7080 = 0.23112134654074906
Training loss on iteration 7100 = 0.21120607177726924
Training loss on iteration 7120 = 0.1423996073193848
Training loss on iteration 7140 = 0.17219802453182637
Training loss on iteration 7160 = 0.12506339374231173
Training loss on iteration 7180 = 0.18272617257316598
Training loss on iteration 7200 = 0.21771509314421564
Training loss on iteration 7220 = 0.2463971366174519
Training loss on iteration 7240 = 0.21774715702049435
Training loss on iteration 7260 = 0.1865533331874758
Training loss on iteration 7280 = 0.29706592243164776
Training loss on iteration 7300 = 0.2940061237663031
Training loss on iteration 7320 = 0.18146584215573966
Training loss on iteration 7340 = 0.22307365431915968
Training loss on iteration 7360 = 0.1700476157478988
Training loss on iteration 7380 = 0.17136838943697513
Training loss on iteration 7400 = 0.24005621378310024
Training loss on iteration 7420 = 0.09915641979314387
Training loss on iteration 7440 = 0.12968211695551873
Training loss on iteration 7460 = 0.1493387228809297
Training loss on iteration 7480 = 0.2067678114399314
### EVAL:: Epoch 19:: Loss = 0.2123477418238593 :: ACC = 0.9233433171096967, AUC = 0.909456652431562, EER = 0.16744664919505803
Training on epoch 20
Training loss on iteration 0 = 0.15243908762931824
Training loss on iteration 20 = 0.1882296829484403
Training loss on iteration 40 = 0.18615617860341444
Training loss on iteration 60 = 0.17481072146911175
Training loss on iteration 80 = 0.16356462612748146
Training loss on iteration 100 = 0.23115228870883583
Training loss on iteration 120 = 0.1856335167773068
Training loss on iteration 140 = 0.20280330926179885
Training loss on iteration 160 = 0.20835703751072288
Training loss on iteration 180 = 0.178528050519526
Training loss on iteration 200 = 0.22002953570336103
Training loss on iteration 220 = 0.22488155411556363
Training loss on iteration 240 = 0.16626944469753652
Training loss on iteration 260 = 0.16397129024844617
Training loss on iteration 280 = 0.25224546215031296
Training loss on iteration 300 = 0.17780591906048357
Training loss on iteration 320 = 0.1093912134412676
Training loss on iteration 340 = 0.2184147324413061
Training loss on iteration 360 = 0.15116145377978682
Training loss on iteration 380 = 0.1184404332190752
Training loss on iteration 400 = 0.17625787276774646
Training loss on iteration 420 = 0.2495121296495199
Training loss on iteration 440 = 0.23108468535356225
Training loss on iteration 460 = 0.32768196128308774
Training loss on iteration 480 = 0.19773655533790588
Training loss on iteration 500 = 0.23187955291941761
Training loss on iteration 520 = 0.2555416302755475
Training loss on iteration 540 = 0.1830651260446757
Training loss on iteration 560 = 0.13666624752804638
Training loss on iteration 580 = 0.17123329886235297
Training loss on iteration 600 = 0.3098103671451099
Training loss on iteration 620 = 0.1938219984062016
Training loss on iteration 640 = 0.15457211290486156
Training loss on iteration 660 = 0.259157246700488
Training loss on iteration 680 = 0.151932859653607
Training loss on iteration 700 = 0.15299860755912958
Training loss on iteration 720 = 0.14458035370334982
Training loss on iteration 740 = 0.12123163877986372
Training loss on iteration 760 = 0.13201167786028237
Training loss on iteration 780 = 0.24463829435408116
Training loss on iteration 800 = 0.22508948873728513
Training loss on iteration 820 = 0.16727641373872756
Training loss on iteration 840 = 0.19755708093289287
Training loss on iteration 860 = 0.16884177061729133
Training loss on iteration 880 = 0.13554974033031614
Training loss on iteration 900 = 0.15582499261945487
Training loss on iteration 920 = 0.21841930769151077
Training loss on iteration 940 = 0.23596360832452773
Training loss on iteration 960 = 0.21220853347331287
Training loss on iteration 980 = 0.23894339157268404
Training loss on iteration 1000 = 0.19565577702596784
Training loss on iteration 1020 = 0.19988276436924934
Training loss on iteration 1040 = 0.2720069859409705
Training loss on iteration 1060 = 0.19668281096965073
Training loss on iteration 1080 = 0.20854221982881427
Training loss on iteration 1100 = 0.2073021220508963
Training loss on iteration 1120 = 0.31428071642294525
Training loss on iteration 1140 = 0.29197348076850177
Training loss on iteration 1160 = 0.18991300631314517
Training loss on iteration 1180 = 0.2646780950715765
Training loss on iteration 1200 = 0.22988442685455085
Training loss on iteration 1220 = 0.14962053671479225
Training loss on iteration 1240 = 0.26244003968313334
Training loss on iteration 1260 = 0.23323356844484805
Training loss on iteration 1280 = 0.16775901834480464
Training loss on iteration 1300 = 0.2138317147269845
Training loss on iteration 1320 = 0.18578822147101165
Training loss on iteration 1340 = 0.32040918339043856
Training loss on iteration 1360 = 0.21121504711918532
Training loss on iteration 1380 = 0.26990170031785965
Training loss on iteration 1400 = 0.19167544739320874
Training loss on iteration 1420 = 0.18363579572178423
Training loss on iteration 1440 = 0.2296652560835355
Training loss on iteration 1460 = 0.2500406082253903
Training loss on iteration 1480 = 0.2937052176333964
Training loss on iteration 1500 = 0.15386134685832076
Training loss on iteration 1520 = 0.20448738016420975
Training loss on iteration 1540 = 0.3346541547216475
Training loss on iteration 1560 = 0.16796998747158795
Training loss on iteration 1580 = 0.2558978323068004
Training loss on iteration 1600 = 0.31781703560845925
Training loss on iteration 1620 = 0.3147043799050152
Training loss on iteration 1640 = 0.25119694117456676
Training loss on iteration 1660 = 0.21356639438308775
Training loss on iteration 1680 = 0.20344018461182714
Training loss on iteration 1700 = 0.16178247024072334
Training loss on iteration 1720 = 0.19622634965926408
Training loss on iteration 1740 = 0.1738716102205217
Training loss on iteration 1760 = 0.1807953072944656
Training loss on iteration 1780 = 0.17286751850042492
Training loss on iteration 1800 = 0.13660133965313434
Training loss on iteration 1820 = 0.23168849907815456
Training loss on iteration 1840 = 0.13754347576759757
Training loss on iteration 1860 = 0.21892346693202852
Training loss on iteration 1880 = 0.17239686301909388
Training loss on iteration 1900 = 0.1739340629428625
Training loss on iteration 1920 = 0.1824044273002073
Training loss on iteration 1940 = 0.16476947288028895
Training loss on iteration 1960 = 0.2665157778188586
Training loss on iteration 1980 = 0.16485951305367053
Training loss on iteration 2000 = 0.2187760513392277
Training loss on iteration 2020 = 0.13457077099010348
Training loss on iteration 2040 = 0.1519371225964278
Training loss on iteration 2060 = 0.1341480078874156
Training loss on iteration 2080 = 0.260866225825157
Training loss on iteration 2100 = 0.4109243491664529
Training loss on iteration 2120 = 0.301075778833183
Training loss on iteration 2140 = 0.2573067278950475
Training loss on iteration 2160 = 0.08301798144821078
Training loss on iteration 2180 = 0.25123874719720335
Training loss on iteration 2200 = 0.182770714443177
Training loss on iteration 2220 = 0.24387868521735073
Training loss on iteration 2240 = 0.13240976065862925
Training loss on iteration 2260 = 0.21151333069428802
Training loss on iteration 2280 = 0.22166251437738538
Training loss on iteration 2300 = 0.33794033909216525
Training loss on iteration 2320 = 0.13661570767872036
Training loss on iteration 2340 = 0.2713436595047824
Training loss on iteration 2360 = 0.18540662974119188
Training loss on iteration 2380 = 0.2131742184050381
Training loss on iteration 2400 = 0.19701612661592663
Training loss on iteration 2420 = 0.2202633016684558
Training loss on iteration 2440 = 0.28718464597950516
Training loss on iteration 2460 = 0.20967319030314685
Training loss on iteration 2480 = 0.5785770119167865
Training loss on iteration 2500 = 0.42606021706014874
Training loss on iteration 2520 = 0.4077502850443125
Training loss on iteration 2540 = 0.4245539045426995
Training loss on iteration 2560 = 0.33900791946798564
Training loss on iteration 2580 = 0.31931958787608894
Training loss on iteration 2600 = 0.22439893655246124
Training loss on iteration 2620 = 0.2362745329272002
Training loss on iteration 2640 = 0.18845750256441535
Training loss on iteration 2660 = 0.33214428648352623
Training loss on iteration 2680 = 0.20702853633556514
Training loss on iteration 2700 = 0.3941075659357011
Training loss on iteration 2720 = 0.2282689715269953
Training loss on iteration 2740 = 0.30415842798538506
Training loss on iteration 2760 = 0.2061245584860444
Training loss on iteration 2780 = 0.17175529021769761
Training loss on iteration 2800 = 0.23052891809493303
Training loss on iteration 2820 = 0.1596069089602679
Training loss on iteration 2840 = 0.19235300477594136
Training loss on iteration 2860 = 0.17886898992583156
Training loss on iteration 2880 = 0.13253632874693722
Training loss on iteration 2900 = 0.23115698529873044
Training loss on iteration 2920 = 0.14207732526119798
Training loss on iteration 2940 = 0.28355202677921626
Training loss on iteration 2960 = 0.13499347246252
Training loss on iteration 2980 = 0.19006565641611814
Training loss on iteration 3000 = 0.16162895653396844
Training loss on iteration 3020 = 0.32494413504609837
Training loss on iteration 3040 = 0.23586531383916737
Training loss on iteration 3060 = 0.22810804599430412
Training loss on iteration 3080 = 0.2649557512719184
Training loss on iteration 3100 = 0.24556753430515527
Training loss on iteration 3120 = 0.1538159077987075
Training loss on iteration 3140 = 0.27588606462813914
Training loss on iteration 3160 = 0.3463906806893647
Training loss on iteration 3180 = 0.2209563565440476
Training loss on iteration 3200 = 0.22807181468233467
Training loss on iteration 3220 = 0.1298866547876969
Training loss on iteration 3240 = 0.18906153310090304
Training loss on iteration 3260 = 0.21722844187170268
Training loss on iteration 3280 = 0.2268617049790919
Training loss on iteration 3300 = 0.24272339609451593
Training loss on iteration 3320 = 0.23398926542140544
Training loss on iteration 3340 = 0.13332113262731582
Training loss on iteration 3360 = 0.19461920546600595
Training loss on iteration 3380 = 0.2023734312853776
Training loss on iteration 3400 = 0.21388964038342237
Training loss on iteration 3420 = 0.3035105837509036
Training loss on iteration 3440 = 0.21712011713534593
Training loss on iteration 3460 = 0.247513347864151
Training loss on iteration 3480 = 0.17035560887306928
Training loss on iteration 3500 = 0.2829104763455689
Training loss on iteration 3520 = 0.19845823431387544
Training loss on iteration 3540 = 0.15349604543298484
Training loss on iteration 3560 = 0.15678335395641624
Training loss on iteration 3580 = 0.3153615296818316
Training loss on iteration 3600 = 0.2643873022869229
Training loss on iteration 3620 = 0.19144164631143212
Training loss on iteration 3640 = 0.1681632136926055
Training loss on iteration 3660 = 0.14016239342745393
Training loss on iteration 3680 = 0.22378873503766955
Training loss on iteration 3700 = 0.2661645380780101
Training loss on iteration 3720 = 0.1894630731549114
Training loss on iteration 3740 = 0.24020331660285593
Training loss on iteration 3760 = 0.1625875058816746
Training loss on iteration 3780 = 0.2361931478837505
Training loss on iteration 3800 = 0.2766674952581525
Training loss on iteration 3820 = 0.3239179203286767
Training loss on iteration 3840 = 0.24057029346004127
Training loss on iteration 3860 = 0.2965025383979082
Training loss on iteration 3880 = 0.21919427243992687
Training loss on iteration 3900 = 0.18550805833656342
Training loss on iteration 3920 = 0.2828231741441414
Training loss on iteration 3940 = 0.10758273934479803
Training loss on iteration 3960 = 0.24413969181478024
Training loss on iteration 3980 = 0.15606922331498935
Training loss on iteration 4000 = 0.19679871799889953
Training loss on iteration 4020 = 0.27323724422603846
Training loss on iteration 4040 = 0.24238626724109053
Training loss on iteration 4060 = 0.14704017331823707
Training loss on iteration 4080 = 0.18680539140477775
Training loss on iteration 4100 = 0.15887778408359737
Training loss on iteration 4120 = 0.18653075718320905
Training loss on iteration 4140 = 0.16994183731731027
Training loss on iteration 4160 = 0.20287868129089476
Training loss on iteration 4180 = 0.16742562083527446
Training loss on iteration 4200 = 0.23771095196716488
Training loss on iteration 4220 = 0.1750284418463707
Training loss on iteration 4240 = 0.16310865469276906
Training loss on iteration 4260 = 0.1463035916443914
Training loss on iteration 4280 = 0.19556228248402477
Training loss on iteration 4300 = 0.23335359217599033
Training loss on iteration 4320 = 0.20323953703045844
Training loss on iteration 4340 = 0.19482031501829625
Training loss on iteration 4360 = 0.17970409309491514
Training loss on iteration 4380 = 0.2059658421203494
Training loss on iteration 4400 = 0.22082201854791492
Training loss on iteration 4420 = 0.2538247387856245
Training loss on iteration 4440 = 0.18595397952012718
Training loss on iteration 4460 = 0.22990418267436324
Training loss on iteration 4480 = 0.20918680243194104
Training loss on iteration 4500 = 0.19483125440310686
Training loss on iteration 4520 = 0.22825072668492793
Training loss on iteration 4540 = 0.2892874007113278
Training loss on iteration 4560 = 0.27284115757793187
Training loss on iteration 4580 = 0.2660917821340263
Training loss on iteration 4600 = 0.19286609441041946
Training loss on iteration 4620 = 0.17036633221432568
Training loss on iteration 4640 = 0.20133365038782358
Training loss on iteration 4660 = 0.2062397281988524
Training loss on iteration 4680 = 0.21482536774128674
Training loss on iteration 4700 = 0.21284591937437652
Training loss on iteration 4720 = 0.22520400434732438
Training loss on iteration 4740 = 0.14429807593114674
Training loss on iteration 4760 = 0.1729979156749323
Training loss on iteration 4780 = 0.19027326016221197
Training loss on iteration 4800 = 0.17855850625783204
Training loss on iteration 4820 = 0.10834333940874785
Training loss on iteration 4840 = 0.2092893686145544
Training loss on iteration 4860 = 0.24159637392731384
Training loss on iteration 4880 = 0.16570551807817538
Training loss on iteration 4900 = 0.22045563207939267
Training loss on iteration 4920 = 0.16292266584932805
Training loss on iteration 4940 = 0.1527649390976876
Training loss on iteration 4960 = 0.21472239131107926
Training loss on iteration 4980 = 0.14749941239133477
Training loss on iteration 5000 = 0.17825784818269313
Training loss on iteration 5020 = 0.22610450126230716
Training loss on iteration 5040 = 0.3434935033321381
Training loss on iteration 5060 = 0.16101636621169746
Training loss on iteration 5080 = 0.2689059128286317
Training loss on iteration 5100 = 0.20551449665799737
Training loss on iteration 5120 = 0.17069990411400796
Training loss on iteration 5140 = 0.1634536236524582
Training loss on iteration 5160 = 0.1850490068551153
Training loss on iteration 5180 = 0.18277686447836458
Training loss on iteration 5200 = 0.20813935585319995
Training loss on iteration 5220 = 0.31242368519306185
Training loss on iteration 5240 = 0.20223607774823904
Training loss on iteration 5260 = 0.2634819375351071
Training loss on iteration 5280 = 0.21081757377833127
Training loss on iteration 5300 = 0.1330923865083605
Training loss on iteration 5320 = 0.13852514473255723
Training loss on iteration 5340 = 0.17219549005385487
Training loss on iteration 5360 = 0.16308053417596965
Training loss on iteration 5380 = 0.24371680453186856
Training loss on iteration 5400 = 0.2726975377649069
Training loss on iteration 5420 = 0.20273403311148286
Training loss on iteration 5440 = 0.22838337230496109
Training loss on iteration 5460 = 0.33170096576213837
Training loss on iteration 5480 = 0.24714759229682387
Training loss on iteration 5500 = 0.17445004247128965
Training loss on iteration 5520 = 0.32890725722536446
Training loss on iteration 5540 = 0.25447100433520975
Training loss on iteration 5560 = 0.23641249109059573
Training loss on iteration 5580 = 0.2558849361725152
Training loss on iteration 5600 = 0.2722896259278059
Training loss on iteration 5620 = 0.2417932319222018
Training loss on iteration 5640 = 0.2955815534107387
Training loss on iteration 5660 = 0.2542185736820102
Training loss on iteration 5680 = 0.1947334232274443
Training loss on iteration 5700 = 0.26144940562080593
Training loss on iteration 5720 = 0.15663255103863777
Training loss on iteration 5740 = 0.14678242306690664
Training loss on iteration 5760 = 0.19036570498719813
Training loss on iteration 5780 = 0.19529507316183298
Training loss on iteration 5800 = 0.283180031972006
Training loss on iteration 5820 = 0.18084910488687456
Training loss on iteration 5840 = 0.23757969783619046
Training loss on iteration 5860 = 0.34302023698110135
Training loss on iteration 5880 = 0.21142524853348732
Training loss on iteration 5900 = 0.12470776354894042
Training loss on iteration 5920 = 0.23082765084691345
Training loss on iteration 5940 = 0.13826476279646158
Training loss on iteration 5960 = 0.1763670451939106
Training loss on iteration 5980 = 0.2045836647041142
Training loss on iteration 6000 = 0.16563550542341546
Training loss on iteration 6020 = 0.16123965419828892
Training loss on iteration 6040 = 0.21723384400829673
Training loss on iteration 6060 = 0.21223137830384076
Training loss on iteration 6080 = 0.18188029817538337
Training loss on iteration 6100 = 0.2304189729038626
Training loss on iteration 6120 = 0.22265459392219783
Training loss on iteration 6140 = 0.21357067031785845
Training loss on iteration 6160 = 0.17471652787644415
Training loss on iteration 6180 = 0.24546482162550093
Training loss on iteration 6200 = 0.37719858475029466
Training loss on iteration 6220 = 0.26780640429351477
Training loss on iteration 6240 = 0.21165969695430248
Training loss on iteration 6260 = 0.38654202595353127
Training loss on iteration 6280 = 0.25741162383928895
Training loss on iteration 6300 = 0.22929593217559158
Training loss on iteration 6320 = 0.2628095698848483
Training loss on iteration 6340 = 0.1912343205884099
Training loss on iteration 6360 = 0.27018806538544593
Training loss on iteration 6380 = 0.2124222303275019
Training loss on iteration 6400 = 0.24610398365184666
Training loss on iteration 6420 = 0.30634780393447725
Training loss on iteration 6440 = 0.19695104714483022
Training loss on iteration 6460 = 0.24206706103868783
Training loss on iteration 6480 = 0.27971064727753403
Training loss on iteration 6500 = 0.16549229908268898
Training loss on iteration 6520 = 0.2380259650759399
Training loss on iteration 6540 = 0.19784026010893285
Training loss on iteration 6560 = 0.1851471413858235
Training loss on iteration 6580 = 0.21275552983861418
Training loss on iteration 6600 = 0.22533002214040607
Training loss on iteration 6620 = 0.2733834985643625
Training loss on iteration 6640 = 0.22585757998749614
Training loss on iteration 6660 = 0.19427637122571467
Training loss on iteration 6680 = 0.21114810770377518
Training loss on iteration 6700 = 0.1654228527098894
Training loss on iteration 6720 = 0.15376816915813835
Training loss on iteration 6740 = 0.20180299822241068
Training loss on iteration 6760 = 0.1632225602865219
Training loss on iteration 6780 = 0.18848663063254206
Training loss on iteration 6800 = 0.1277239914983511
Training loss on iteration 6820 = 0.15419640131294726
Training loss on iteration 6840 = 0.19225235837511717
Training loss on iteration 6860 = 0.27538301477907223
Training loss on iteration 6880 = 0.23146015843376516
Training loss on iteration 6900 = 0.19691214247141034
Training loss on iteration 6920 = 0.2370085883885622
Training loss on iteration 6940 = 0.1908734035678208
Training loss on iteration 6960 = 0.30855319257825614
Training loss on iteration 6980 = 0.21687246756628156
Training loss on iteration 7000 = 0.1691042103804648
Training loss on iteration 7020 = 0.19467742778360844
Training loss on iteration 7040 = 0.207842576270923
Training loss on iteration 7060 = 0.19951103968778625
Training loss on iteration 7080 = 0.20304998932406307
Training loss on iteration 7100 = 0.324468944221735
Training loss on iteration 7120 = 0.31743451161310077
Training loss on iteration 7140 = 0.34058717736043037
Training loss on iteration 7160 = 0.19398610591888427
Training loss on iteration 7180 = 0.2175730887800455
Training loss on iteration 7200 = 0.13457561749964952
Training loss on iteration 7220 = 0.10617000330239534
Training loss on iteration 7240 = 0.16257715860847383
Training loss on iteration 7260 = 0.21029159110039472
Training loss on iteration 7280 = 0.17867651977576315
Training loss on iteration 7300 = 0.1998224743641913
Training loss on iteration 7320 = 0.1814034608658403
Training loss on iteration 7340 = 0.23328324732137845
Training loss on iteration 7360 = 0.18765032552182676
Training loss on iteration 7380 = 0.22855685495305805
Training loss on iteration 7400 = 0.15535667741205544
Training loss on iteration 7420 = 0.1882300262339413
Training loss on iteration 7440 = 0.1548003843985498
Training loss on iteration 7460 = 0.21170052513480186
Training loss on iteration 7480 = 0.24600381638738328
### EVAL:: Epoch 20:: Loss = 0.1536855829039665 :: ACC = 0.9391145638337701, AUC = 0.8819220835825423, EER = 0.19327967053538
### Out of domain:: Best epoch 2 :: ACC = 0.48468127991937515, AUC = 0.5073605704984605, EER = 0.4889896699420509
recorded: {'exp_name': 'en_septr_r03', 'model': 'septr', 'train': 'commonvoice-en', 'test': 'mailabs-en', 'in_acc': 0.9569449644327968, 'in_auc': 0.9787747393170486, 'in_eer': 0.07141520029951329, 'cross_acc': 0.48468127991937515, 'cross_auc': 0.5073605704984605, 'cross_eer': 0.4889896699420509}

Done. Results -> /project/home/p201284/guo/xmad-bench-repro/results_en_septr_r03.csv
Done (en_septr_r03). Metrics -> /project/home/p201284/guo/xmad-bench-repro/results_en_septr_r03.csv ; logs/checkpoints under detection/experiments/.
