>> activated env: /project/home/p201284/guo/xmad-bench-repro/venv/bin/activate  (Python 3.13.12)
>> torch 2.12.0+cu132 | CUDA available: True
Applying resumable-training patch...
  already patched: /project/home/p201284/guo/xmad-bench-repro/detection/trainer.py
  trainer.py is valid Python.
Done. Killed runs now continue from their last completed epoch.
>> Generating configs for: ar  (models: septr, tag=ar_septr_r03, GPU=2)
Wrote 1 configs to /project/home/p201284/guo/xmad-bench-repro/repro_tools/stepB/configs_ar_septr_r03/  (languages: ar)
>> single-repeat mode: this process runs ONLY repeat r03
root_path: /project/home/p201284/guo/xmad_data/
multilingual: True  model check for config: /project/home/p201284/guo/xmad-bench-repro/repro_tools/stepB/configs_ar_septr_r03/config_ar_septr.json

  OK  commonvoice-ar       rows=76602    sep=','
  OK  masc                 rows=12984    sep=','

PRE-FLIGHT PASSED — data layout looks correct for this config.

=== RUN ar_septr_r03 (model=septr) ===
commonvoice-ar
commonvoice-ar
Training on epoch 1
Training loss on iteration 0 = 0.5019302368164062
Training loss on iteration 20 = 0.8880191534757614
Training loss on iteration 40 = 0.6612726911902428
Training loss on iteration 60 = 0.6256057724356652
Training loss on iteration 80 = 0.7107057780027389
Training loss on iteration 100 = 0.5536161094903946
Training loss on iteration 120 = 0.5230322197079659
Training loss on iteration 140 = 0.6380348548293113
Training loss on iteration 160 = 0.5240057826042175
Training loss on iteration 180 = 0.7263181544840336
Training loss on iteration 200 = 0.5352287694811821
Training loss on iteration 220 = 0.4144080005586147
Training loss on iteration 240 = 0.2948585679754615
Training loss on iteration 260 = 0.34146308512426915
Training loss on iteration 280 = 0.38941785469651224
Training loss on iteration 300 = 0.4471539996564388
Training loss on iteration 320 = 0.13397924387827514
Training loss on iteration 340 = 0.3972765496582724
Training loss on iteration 360 = 0.25262794690206647
Training loss on iteration 380 = 0.22642733762040734
Training loss on iteration 400 = 0.2364605927839875
Training loss on iteration 420 = 0.16734533896669745
Training loss on iteration 440 = 0.14503871884662659
Training loss on iteration 460 = 0.24556945697404445
Training loss on iteration 480 = 0.19149688109755517
Training loss on iteration 500 = 0.15161458356305957
Training loss on iteration 520 = 0.23163757945876567
Training loss on iteration 540 = 0.36023595863953234
Training loss on iteration 560 = 0.2464529830031097
Training loss on iteration 580 = 0.20075232861563563
Training loss on iteration 600 = 0.1215662369504571
Training loss on iteration 620 = 0.18102820668136702
Training loss on iteration 640 = 0.2148399336496368
Training loss on iteration 660 = 0.1512106116861105
Training loss on iteration 680 = 0.1507640132913366
Training loss on iteration 700 = 0.10359715702943503
Training loss on iteration 720 = 0.1699126104998868
Training loss on iteration 740 = 0.26406029383651913
Training loss on iteration 760 = 0.210426536295563
Training loss on iteration 780 = 0.17084475010633468
Training loss on iteration 800 = 0.28900239339563993
Training loss on iteration 820 = 0.12958781644701958
Training loss on iteration 840 = 0.31113927469123154
Training loss on iteration 860 = 0.12273700417717918
Training loss on iteration 880 = 0.19250361789017917
Training loss on iteration 900 = 0.15344118641223758
Training loss on iteration 920 = 0.14419960256200284
Training loss on iteration 940 = 0.23748129482846708
Training loss on iteration 960 = 0.1629589281976223
Training loss on iteration 980 = 0.13918178265253117
Training loss on iteration 1000 = 0.13152790029998868
Training loss on iteration 1020 = 0.11114547799807042
Training loss on iteration 1040 = 0.2025613293517381
Training loss on iteration 1060 = 0.218948982283473
Training loss on iteration 1080 = 0.15599468392319976
Training loss on iteration 1100 = 0.06339467237703503
Training loss on iteration 1120 = 0.21143260588869453
Training loss on iteration 1140 = 0.16750495205633342
Training loss on iteration 1160 = 0.12485782919684425
Training loss on iteration 1180 = 0.12664750342955813
Training loss on iteration 1200 = 0.12860516111832113
Training loss on iteration 1220 = 0.15367576507851483
Training loss on iteration 1240 = 0.14858405700651928
Training loss on iteration 1260 = 0.07926604058011436
Training loss on iteration 1280 = 0.07987399166449904
Training loss on iteration 1300 = 0.23083977068308742
Training loss on iteration 1320 = 0.23240242819301785
Training loss on iteration 1340 = 0.1413763698830735
Training loss on iteration 1360 = 0.4051433375570923
Training loss on iteration 1380 = 0.11998428340884856
Training loss on iteration 1400 = 0.09478270878316834
Training loss on iteration 1420 = 0.21643264843150972
Training loss on iteration 1440 = 0.2989629013463855
Training loss on iteration 1460 = 0.13390684996265917
Training loss on iteration 1480 = 0.1719193242417532
Training loss on iteration 1500 = 0.12459878390654922
Training loss on iteration 1520 = 0.0677621001843363
Training loss on iteration 1540 = 0.27863273133989425
Training loss on iteration 1560 = 0.07703448274405673
Training loss on iteration 1580 = 0.09262894347775727
Training loss on iteration 1600 = 0.15709202978760003
Training loss on iteration 1620 = 0.10319928061799147
Training loss on iteration 1640 = 0.09469540651189164
Training loss on iteration 1660 = 0.06611463975859806
Training loss on iteration 1680 = 0.11064828759408556
Training loss on iteration 1700 = 0.07351718169811647
Training loss on iteration 1720 = 0.10119055944960564
Training loss on iteration 1740 = 0.17964054113253952
Training loss on iteration 1760 = 0.06583161170128733
Training loss on iteration 1780 = 0.055936066462891176
Training loss on iteration 1800 = 0.053815357454004696
Training loss on iteration 1820 = 0.10677211026195436
Training loss on iteration 1840 = 0.10840668230375741
Training loss on iteration 1860 = 0.11598707565572113
Training loss on iteration 1880 = 0.1033875106193591
Training loss on iteration 1900 = 0.19709692094475031
Training loss on iteration 1920 = 0.07478829948231577
Training loss on iteration 1940 = 0.038860004645539445
Training loss on iteration 1960 = 0.08790695351781323
Training loss on iteration 1980 = 0.12056286027655005
Training loss on iteration 2000 = 0.06399777327897027
Training loss on iteration 2020 = 0.13129893754958175
Training loss on iteration 2040 = 0.05283339665620588
Training loss on iteration 2060 = 0.13969850634457542
Training loss on iteration 2080 = 0.04567777703050524
Training loss on iteration 2100 = 0.09526057456387207
Training loss on iteration 2120 = 0.07768026434350758
Training loss on iteration 2140 = 0.02553452336869668
Training loss on iteration 2160 = 0.03574812856822973
Training loss on iteration 2180 = 0.09044762924459064
Training loss on iteration 2200 = 0.157165170807275
Training loss on iteration 2220 = 0.20131578390719368
Training loss on iteration 2240 = 0.07208672231063247
Training loss on iteration 2260 = 0.2510004645679146
Training loss on iteration 2280 = 0.3612768014892936
Training loss on iteration 2300 = 0.254614284215495
Training loss on iteration 2320 = 0.15898331869393587
Training loss on iteration 2340 = 0.20392683923710136
Training loss on iteration 2360 = 0.22767821252346038
Training loss on iteration 2380 = 0.13153588006971403
Training loss on iteration 2400 = 0.09391569006256759
Training loss on iteration 2420 = 0.06361626784782856
Training loss on iteration 2440 = 0.13010350656404626
Training loss on iteration 2460 = 0.06555055838543922
Training loss on iteration 2480 = 0.11449332785559818
Training loss on iteration 2500 = 0.1683232364419382
Training loss on iteration 2520 = 0.18247192928101869
Training loss on iteration 2540 = 0.11793818366713822
Training loss on iteration 2560 = 0.09181992083904333
Training loss on iteration 2580 = 0.09689540995750576
Training loss on iteration 2600 = 0.0753953299834393
Training loss on iteration 2620 = 0.13735497547313572
Training loss on iteration 2640 = 0.08942762902006507
Training loss on iteration 2660 = 0.10102825706126169
Training loss on iteration 2680 = 0.13736129978206008
Training loss on iteration 2700 = 0.1425741701386869
Training loss on iteration 2720 = 0.15530709304148332
Training loss on iteration 2740 = 0.053531399858184156
Training loss on iteration 2760 = 0.12691435627057218
Training loss on iteration 2780 = 0.10499997370061465
Training loss on iteration 2800 = 0.1308938488131389
Training loss on iteration 2820 = 0.0819879319795291
Training loss on iteration 2840 = 0.18649808093905448
Training loss on iteration 2860 = 0.05159946508938447
Training loss on iteration 2880 = 0.1712946098181419
Training loss on iteration 2900 = 0.2722305252216756
Training loss on iteration 2920 = 0.09976950054988265
Training loss on iteration 2940 = 0.14208290956448763
Training loss on iteration 2960 = 0.06639471682719886
Training loss on iteration 2980 = 0.11256820790003985
Training loss on iteration 3000 = 0.13663575798273087
Training loss on iteration 3020 = 0.18582799891009927
Training loss on iteration 3040 = 0.13331059630436357
Training loss on iteration 3060 = 0.10129319010302425
Training loss on iteration 3080 = 0.03193665042053908
Training loss on iteration 3100 = 0.061877497646491975
Training loss on iteration 3120 = 0.18901110228616744
Training loss on iteration 3140 = 0.1044498543255031
Training loss on iteration 3160 = 0.11311284583061934
Training loss on iteration 3180 = 0.33953863857313993
Training loss on iteration 3200 = 0.24279157128185033
Training loss on iteration 3220 = 0.7367122627794742
Training loss on iteration 3240 = 0.556704730540514
Training loss on iteration 3260 = 0.40879189483821393
Training loss on iteration 3280 = 0.24427830427885056
Training loss on iteration 3300 = 0.347145713865757
Training loss on iteration 3320 = 0.2566199904307723
Training loss on iteration 3340 = 0.2704567801207304
Training loss on iteration 3360 = 0.27159489039331675
Training loss on iteration 3380 = 0.42421706318855285
Training loss on iteration 3400 = 0.24136248659342527
Training loss on iteration 3420 = 0.1313769637607038
Training loss on iteration 3440 = 0.15579408574849368
Training loss on iteration 3460 = 0.24962235474959016
Training loss on iteration 3480 = 0.13581712218001485
Training loss on iteration 3500 = 0.1026171455392614
Training loss on iteration 3520 = 0.11038111110683531
Training loss on iteration 3540 = 0.09912329753860831
Training loss on iteration 3560 = 0.18015343283768742
Training loss on iteration 3580 = 0.24013559822924435
Training loss on iteration 3600 = 0.06625207221368327
Training loss on iteration 3620 = 0.09398449787986465
Training loss on iteration 3640 = 0.12474654992111027
Training loss on iteration 3660 = 0.06474841951858253
Training loss on iteration 3680 = 0.2000547068659216
Training loss on iteration 3700 = 0.07805115182418376
Training loss on iteration 3720 = 0.10008793554734438
Training loss on iteration 3740 = 0.08957999441772699
Training loss on iteration 3760 = 0.16473023081198335
Training loss on iteration 3780 = 0.1143175840494223
Training loss on iteration 3800 = 0.1293729519704357
Training loss on iteration 3820 = 0.10608343181665987
Training loss on iteration 3840 = 0.12675829368236008
Training loss on iteration 3860 = 0.07583002910832874
Training loss on iteration 3880 = 0.09152715483214706
Training loss on iteration 3900 = 0.09423201894387603
Training loss on iteration 3920 = 0.18112686517997645
Training loss on iteration 3940 = 0.1042270728154108
Training loss on iteration 3960 = 0.06333939742762595
Training loss on iteration 3980 = 0.08292846450931393
Training loss on iteration 4000 = 0.14535691638011486
Training loss on iteration 4020 = 0.15356183943804352
Training loss on iteration 4040 = 0.12094674985855818
Training loss on iteration 4060 = 0.09191356250084937
Training loss on iteration 4080 = 0.03965741719584912
Training loss on iteration 4100 = 0.12518155010184273
Training loss on iteration 4120 = 0.38447029298986307
Training loss on iteration 4140 = 0.185663848684635
Training loss on iteration 4160 = 0.12249595817411318
Training loss on iteration 4180 = 0.17590256547555327
Training loss on iteration 4200 = 0.07920985680539161
Training loss on iteration 4220 = 0.15020958762615919
Training loss on iteration 4240 = 0.043660545197781175
Training loss on iteration 4260 = 0.07829896935727447
Training loss on iteration 4280 = 0.2540409014094621
Training loss on iteration 4300 = 0.17892891545780004
Training loss on iteration 4320 = 0.14745356779312715
Training loss on iteration 4340 = 0.15553389387205244
Training loss on iteration 4360 = 0.25727215348742904
Training loss on iteration 4380 = 0.1954918817151338
Training loss on iteration 4400 = 0.3219309404492378
Training loss on iteration 4420 = 0.22267756573855876
Training loss on iteration 4440 = 0.17812899891287087
Training loss on iteration 4460 = 0.20962916314601898
Training loss on iteration 4480 = 0.195642508007586
Training loss on iteration 4500 = 0.2626819592202082
Training loss on iteration 4520 = 0.1993024910101667
Training loss on iteration 4540 = 0.2914106936659664
Training loss on iteration 4560 = 0.1869609158486128
Training loss on iteration 4580 = 0.39471206087619065
Training loss on iteration 4600 = 0.337616802752018
Training loss on iteration 4620 = 0.20039629824459554
Training loss on iteration 4640 = 0.18651988916099072
Training loss on iteration 4660 = 0.38368208329193293
Training loss on iteration 4680 = 0.19923125747591258
Training loss on iteration 4700 = 0.2185600725002587
Training loss on iteration 4720 = 0.18131176754832268
Training loss on iteration 4740 = 0.2886876939097419
Training loss on iteration 4760 = 0.22372459750622511
Training loss on iteration 4780 = 0.12273622561478988
Training loss on iteration 4800 = 0.12119662147015334
Training loss on iteration 4820 = 0.13190105324611068
Training loss on iteration 4840 = 0.2914313073270023
Training loss on iteration 4860 = 0.36539268707856537
Training loss on iteration 4880 = 0.3816384270787239
Training loss on iteration 4900 = 0.1936315892264247
Training loss on iteration 4920 = 0.31515338234603407
Training loss on iteration 4940 = 0.1693331957794726
Training loss on iteration 4960 = 0.2016383958980441
Training loss on iteration 4980 = 0.16343984296545386
Training loss on iteration 5000 = 0.19646386904641985
Training loss on iteration 5020 = 0.1951245754957199
Training loss on iteration 5040 = 0.31387199014425277
Training loss on iteration 5060 = 0.19174539661034942
Training loss on iteration 5080 = 0.17247838769108056
Training loss on iteration 5100 = 0.17965547032654286
Training loss on iteration 5120 = 0.20698101110756398
Training loss on iteration 5140 = 0.34608331583440305
Training loss on iteration 5160 = 0.32102477457374334
Training loss on iteration 5180 = 0.2120707885362208
Training loss on iteration 5200 = 0.3049810118973255
Training loss on iteration 5220 = 0.16601939536631108
Training loss on iteration 5240 = 0.14173330506309867
Training loss on iteration 5260 = 0.15044215614907444
Training loss on iteration 5280 = 0.22166334616485983
Training loss on iteration 5300 = 0.17604059334844352
Training loss on iteration 5320 = 0.23127436470240353
Training loss on iteration 5340 = 0.1463170991279185
Training loss on iteration 5360 = 0.25202636504545806
Training loss on iteration 5380 = 0.18220743173733353
Training loss on iteration 5400 = 0.08790806871838867
Training loss on iteration 5420 = 0.14946309211663902
Training loss on iteration 5440 = 0.22499152813106776
Training loss on iteration 5460 = 0.28855303935706617
Training loss on iteration 5480 = 0.14989848588593305
Training loss on iteration 5500 = 0.2932860792498104
Training loss on iteration 5520 = 0.10739282641443423
Training loss on iteration 5540 = 0.12624098379164933
Training loss on iteration 5560 = 0.17340858962852507
Training loss on iteration 5580 = 0.2013779827626422
Training loss on iteration 5600 = 0.18946227766573429
### EVAL:: Epoch 1:: Loss = 0.07754691409595675 :: ACC = 0.972276454509957, AUC = 0.9947833388552432, EER = 0.03611870363139399
Training on epoch 2
Training loss on iteration 0 = 0.1339043229818344
Training loss on iteration 20 = 0.21634470936842262
Training loss on iteration 40 = 0.17097832071594893
Training loss on iteration 60 = 0.1233099419856444
Training loss on iteration 80 = 0.07367905238643288
Training loss on iteration 100 = 0.12828371932264418
Training loss on iteration 120 = 0.2357542971149087
Training loss on iteration 140 = 0.17524716379120947
Training loss on iteration 160 = 0.17762760356999935
Training loss on iteration 180 = 0.10745360678993165
Training loss on iteration 200 = 0.17497806213796138
Training loss on iteration 220 = 0.16018943153321744
Training loss on iteration 240 = 0.1648207067511976
Training loss on iteration 260 = 0.22431378744076938
Training loss on iteration 280 = 0.1381167599465698
Training loss on iteration 300 = 0.38465542667545377
Training loss on iteration 320 = 0.137226173421368
Training loss on iteration 340 = 0.14988812552765013
Training loss on iteration 360 = 0.2595191583037376
Training loss on iteration 380 = 0.21828949535265565
Training loss on iteration 400 = 0.23030450018122792
Training loss on iteration 420 = 0.2347838507965207
Training loss on iteration 440 = 0.10162464096210896
Training loss on iteration 460 = 0.16289145492482932
Training loss on iteration 480 = 0.20859216172248124
Training loss on iteration 500 = 0.20008970145136118
Training loss on iteration 520 = 0.15286650378257036
Training loss on iteration 540 = 0.1797039747238159
Training loss on iteration 560 = 0.2615609187632799
Training loss on iteration 580 = 0.15046095121651887
Training loss on iteration 600 = 0.14208380030468107
Training loss on iteration 620 = 0.14151512351818382
Training loss on iteration 640 = 0.16263709687627853
Training loss on iteration 660 = 0.168384160567075
Training loss on iteration 680 = 0.07305961076635867
Training loss on iteration 700 = 0.21183871811663266
Training loss on iteration 720 = 0.16514930466655642
Training loss on iteration 740 = 0.14355525355786086
Training loss on iteration 760 = 0.12197470177197829
Training loss on iteration 780 = 0.21516199118923396
Training loss on iteration 800 = 0.15172805106267334
Training loss on iteration 820 = 0.10367905967868865
Training loss on iteration 840 = 0.08632068372098729
Training loss on iteration 860 = 0.10432022395543754
Training loss on iteration 880 = 0.13919951773714273
Training loss on iteration 900 = 0.22500631297007204
Training loss on iteration 920 = 0.34569442202337086
Training loss on iteration 940 = 0.2022825688123703
Training loss on iteration 960 = 0.2014790287707001
Training loss on iteration 980 = 0.16069559645839035
Training loss on iteration 1000 = 0.3531882934272289
Training loss on iteration 1020 = 0.24736721236258746
Training loss on iteration 1040 = 0.192873078212142
Training loss on iteration 1060 = 0.20175166362896563
Training loss on iteration 1080 = 0.1870134511264041
Training loss on iteration 1100 = 0.1170402352232486
Training loss on iteration 1120 = 0.23310756443534048
Training loss on iteration 1140 = 0.15420922860503197
Training loss on iteration 1160 = 0.20793812302872539
Training loss on iteration 1180 = 0.24008152922615408
Training loss on iteration 1200 = 0.15199477057904004
Training loss on iteration 1220 = 0.15800522677600384
Training loss on iteration 1240 = 0.08400430040201172
Training loss on iteration 1260 = 0.09344499437138439
Training loss on iteration 1280 = 0.17106352103874087
Training loss on iteration 1300 = 0.1979276987258345
Training loss on iteration 1320 = 0.1406159826554358
Training loss on iteration 1340 = 0.09522217381745576
Training loss on iteration 1360 = 0.2823831717483699
Training loss on iteration 1380 = 0.40712213013321163
Training loss on iteration 1400 = 0.23049278352409602
Training loss on iteration 1420 = 0.16239617355167865
Training loss on iteration 1440 = 0.23598352374974638
Training loss on iteration 1460 = 0.3365823578089476
Training loss on iteration 1480 = 0.1579571258276701
Training loss on iteration 1500 = 0.22114176142495126
Training loss on iteration 1520 = 0.2071609486127272
Training loss on iteration 1540 = 0.134918420156464
Training loss on iteration 1560 = 0.18860788885504007
Training loss on iteration 1580 = 0.16780883756000547
Training loss on iteration 1600 = 0.24759865328669547
Training loss on iteration 1620 = 0.1629357014782727
Training loss on iteration 1640 = 0.09153365944512189
Training loss on iteration 1660 = 0.34920323751866816
Training loss on iteration 1680 = 0.14921969026327134
Training loss on iteration 1700 = 0.18622956639155747
Training loss on iteration 1720 = 0.2685659437440336
Training loss on iteration 1740 = 0.30616691559553144
Training loss on iteration 1760 = 0.2956035090610385
Training loss on iteration 1780 = 0.16955082193017007
Training loss on iteration 1800 = 0.330853439681232
Training loss on iteration 1820 = 0.34006781242787837
Training loss on iteration 1840 = 0.15245394948869945
Training loss on iteration 1860 = 0.2768777947872877
Training loss on iteration 1880 = 0.16988761043176054
Training loss on iteration 1900 = 0.12368510691449046
Training loss on iteration 1920 = 0.2098130414262414
Training loss on iteration 1940 = 0.22704494846984744
Training loss on iteration 1960 = 0.17683648886159062
Training loss on iteration 1980 = 0.17475959658622742
Training loss on iteration 2000 = 0.2524708758108318
Training loss on iteration 2020 = 0.2859543651342392
Training loss on iteration 2040 = 0.19725193232297897
Training loss on iteration 2060 = 0.1444389752112329
Training loss on iteration 2080 = 0.35001901499927046
Training loss on iteration 2100 = 0.3158125391229987
Training loss on iteration 2120 = 0.15469351802021264
Training loss on iteration 2140 = 0.16448014928027987
Training loss on iteration 2160 = 0.10780856627970933
Training loss on iteration 2180 = 0.09344844028819352
Training loss on iteration 2200 = 0.22554067587479948
Training loss on iteration 2220 = 0.22546430882066487
Training loss on iteration 2240 = 0.15104939453303814
Training loss on iteration 2260 = 0.17957945866510272
Training loss on iteration 2280 = 0.22311382833868265
Training loss on iteration 2300 = 0.19556685597635806
Training loss on iteration 2320 = 0.49871199391782284
Training loss on iteration 2340 = 0.19930425081402064
Training loss on iteration 2360 = 0.15819737585261465
Training loss on iteration 2380 = 0.09192352254176513
Training loss on iteration 2400 = 0.3162500821053982
Training loss on iteration 2420 = 0.20199205484241248
Training loss on iteration 2440 = 0.2789997735992074
Training loss on iteration 2460 = 0.14833477828651667
Training loss on iteration 2480 = 0.1733556822873652
Training loss on iteration 2500 = 0.15984156168997288
Training loss on iteration 2520 = 0.24474890525452792
Training loss on iteration 2540 = 0.17662553787231444
Training loss on iteration 2560 = 0.20533080343157054
Training loss on iteration 2580 = 0.33733907165005805
Training loss on iteration 2600 = 0.21360796904191376
Training loss on iteration 2620 = 0.16207781420089304
Training loss on iteration 2640 = 0.20720920404419302
Training loss on iteration 2660 = 0.20180772100575267
Training loss on iteration 2680 = 0.17094712071120738
Training loss on iteration 2700 = 0.2065062751993537
Training loss on iteration 2720 = 0.15276279570534826
Training loss on iteration 2740 = 0.13413648391142488
Training loss on iteration 2760 = 0.0969702061964199
Training loss on iteration 2780 = 0.1143763278145343
Training loss on iteration 2800 = 0.15758062331005931
Training loss on iteration 2820 = 0.17248700982891024
Training loss on iteration 2840 = 0.2459394763223827
Training loss on iteration 2860 = 0.10754306190647185
Training loss on iteration 2880 = 0.43432783205062153
Training loss on iteration 2900 = 0.2758256183937192
Training loss on iteration 2920 = 0.1789969456382096
Training loss on iteration 2940 = 0.15879142127232626
Training loss on iteration 2960 = 0.20292659448459743
Training loss on iteration 2980 = 0.18911754079163073
Training loss on iteration 3000 = 0.2386361613869667
Training loss on iteration 3020 = 0.22386398557573556
Training loss on iteration 3040 = 0.329177225753665
Training loss on iteration 3060 = 0.13104503275826573
Training loss on iteration 3080 = 0.42801959365606307
Training loss on iteration 3100 = 0.3140501552261412
Training loss on iteration 3120 = 0.33658158741891386
Training loss on iteration 3140 = 0.22627250151708722
Training loss on iteration 3160 = 0.20563277495093643
Training loss on iteration 3180 = 0.33081509862095115
Training loss on iteration 3200 = 0.30650460282340647
Training loss on iteration 3220 = 0.2333673292770982
Training loss on iteration 3240 = 0.21761220498010517
Training loss on iteration 3260 = 0.1874475574120879
Training loss on iteration 3280 = 0.18504573996178805
Training loss on iteration 3300 = 0.07167691416107118
Training loss on iteration 3320 = 0.12549276689533145
Training loss on iteration 3340 = 0.22251124996691943
Training loss on iteration 3360 = 0.20059416317380965
Training loss on iteration 3380 = 0.08749922153074294
Training loss on iteration 3400 = 0.1151407107594423
Training loss on iteration 3420 = 0.2224045000039041
Training loss on iteration 3440 = 0.16657766634598375
Training loss on iteration 3460 = 0.19435259539168329
Training loss on iteration 3480 = 0.21025764616206288
Training loss on iteration 3500 = 0.3994091015309095
Training loss on iteration 3520 = 0.2745383772999048
Training loss on iteration 3540 = 0.18069847824517637
Training loss on iteration 3560 = 0.1460941854515113
Training loss on iteration 3580 = 0.06267556684324518
Training loss on iteration 3600 = 0.11817447633948178
Training loss on iteration 3620 = 0.2150777718052268
Training loss on iteration 3640 = 0.14614143101498484
Training loss on iteration 3660 = 0.16615131543949246
Training loss on iteration 3680 = 0.2005692479200661
Training loss on iteration 3700 = 0.14148816219531
Training loss on iteration 3720 = 0.19580008378252386
Training loss on iteration 3740 = 0.2032153144478798
Training loss on iteration 3760 = 0.3364491297863424
Training loss on iteration 3780 = 0.21167541374452412
Training loss on iteration 3800 = 0.1820314195472747
Training loss on iteration 3820 = 0.16160116945393382
Training loss on iteration 3840 = 0.16438066102564336
Training loss on iteration 3860 = 0.20490918550640344
Training loss on iteration 3880 = 0.1334257778711617
Training loss on iteration 3900 = 0.2907959048636258
Training loss on iteration 3920 = 0.2792846026830375
Training loss on iteration 3940 = 0.25838134633377197
Training loss on iteration 3960 = 0.23340190015733242
Training loss on iteration 3980 = 0.15811428562738
Training loss on iteration 4000 = 0.1112519005779177
Training loss on iteration 4020 = 0.2975936364848167
Training loss on iteration 4040 = 0.11731634688330814
Training loss on iteration 4060 = 0.1437953491928056
Training loss on iteration 4080 = 0.1494932783767581
Training loss on iteration 4100 = 0.10089673824841157
Training loss on iteration 4120 = 0.11133758132928051
Training loss on iteration 4140 = 0.35684899997431785
Training loss on iteration 4160 = 0.27203561197966336
Training loss on iteration 4180 = 0.2523627866990864
Training loss on iteration 4200 = 0.19487081978004425
Training loss on iteration 4220 = 0.12662182915955783
Training loss on iteration 4240 = 0.16780353426001965
Training loss on iteration 4260 = 0.13002380509860814
Training loss on iteration 4280 = 0.1469537040917203
Training loss on iteration 4300 = 0.503344823140651
Training loss on iteration 4320 = 0.2564421684946865
Training loss on iteration 4340 = 0.22217700448818506
Training loss on iteration 4360 = 0.18900528429076074
Training loss on iteration 4380 = 0.16212908830493689
Training loss on iteration 4400 = 0.12513768076896667
Training loss on iteration 4420 = 0.16784598100930453
Training loss on iteration 4440 = 0.10061005405150354
Training loss on iteration 4460 = 0.11993849399732426
Training loss on iteration 4480 = 0.17381391923699993
Training loss on iteration 4500 = 0.14117625933140515
Training loss on iteration 4520 = 0.28103905227035286
Training loss on iteration 4540 = 0.09057987704873086
Training loss on iteration 4560 = 0.09844399823341518
Training loss on iteration 4580 = 0.07410840138618369
Training loss on iteration 4600 = 0.44211790702538567
Training loss on iteration 4620 = 0.13353148926980793
Training loss on iteration 4640 = 0.12051691503729671
Training loss on iteration 4660 = 0.1082441832520999
Training loss on iteration 4680 = 0.2723242351785302
Training loss on iteration 4700 = 0.23228297363966705
Training loss on iteration 4720 = 0.1621644186321646
Training loss on iteration 4740 = 0.10762136665871366
Training loss on iteration 4760 = 0.1518069488927722
Training loss on iteration 4780 = 0.14845716934651138
Training loss on iteration 4800 = 0.1331812312360853
Training loss on iteration 4820 = 0.103782819211483
Training loss on iteration 4840 = 0.13626277094590478
Training loss on iteration 4860 = 0.0976978539256379
Training loss on iteration 4880 = 0.10723535051802173
Training loss on iteration 4900 = 0.2571331296232529
Training loss on iteration 4920 = 0.18148860936053096
Training loss on iteration 4940 = 0.18032870069146156
Training loss on iteration 4960 = 0.19323494658456183
Training loss on iteration 4980 = 0.15921784546226264
Training loss on iteration 5000 = 0.15222121465485544
Training loss on iteration 5020 = 0.15212729886407034
Training loss on iteration 5040 = 0.1571226546075195
Training loss on iteration 5060 = 0.20020332569256424
Training loss on iteration 5080 = 0.19059916278347372
Training loss on iteration 5100 = 0.11042924310313537
Training loss on iteration 5120 = 0.12977703977376223
Training loss on iteration 5140 = 0.15139069037977607
Training loss on iteration 5160 = 0.3467893158085644
Training loss on iteration 5180 = 0.27594527304172517
Training loss on iteration 5200 = 0.18310540704987943
Training loss on iteration 5220 = 0.11779900200199336
Training loss on iteration 5240 = 0.08004014138132334
Training loss on iteration 5260 = 0.09793463833630085
Training loss on iteration 5280 = 0.1096704478841275
Training loss on iteration 5300 = 0.19673196334333626
Training loss on iteration 5320 = 0.13480408741161226
Training loss on iteration 5340 = 0.15387540195370092
Training loss on iteration 5360 = 0.21622754922136664
Training loss on iteration 5380 = 0.15030444003641605
Training loss on iteration 5400 = 0.25641511641442777
Training loss on iteration 5420 = 0.16509218313731253
Training loss on iteration 5440 = 0.15002195360139012
Training loss on iteration 5460 = 0.15619674539193512
Training loss on iteration 5480 = 0.11013411750318483
Training loss on iteration 5500 = 0.06950684607727453
Training loss on iteration 5520 = 0.06771489057864528
Training loss on iteration 5540 = 0.15792005113326013
Training loss on iteration 5560 = 0.173267984832637
Training loss on iteration 5580 = 0.17950758803635836
Training loss on iteration 5600 = 0.12555974990827962
### EVAL:: Epoch 2:: Loss = 0.04383044222652959 :: ACC = 0.988188207731355, AUC = 0.9715999697197061, EER = 0.08512299882858258
Training on epoch 3
Training loss on iteration 0 = 0.008060990832746029
Training loss on iteration 20 = 0.06552756933961064
Training loss on iteration 40 = 0.15796927514020354
Training loss on iteration 60 = 0.14839231502264738
Training loss on iteration 80 = 0.14229421672644094
Training loss on iteration 100 = 0.23314851494506
Training loss on iteration 120 = 0.13779714684933425
Training loss on iteration 140 = 0.18555226740427316
Training loss on iteration 160 = 0.17639841879718005
Training loss on iteration 180 = 0.08733823297079653
Training loss on iteration 200 = 0.20448351390659808
Training loss on iteration 220 = 0.10048343073576689
Training loss on iteration 240 = 0.11038731703301892
Training loss on iteration 260 = 0.10540622915141284
Training loss on iteration 280 = 0.0866662849963177
Training loss on iteration 300 = 0.08514432886149734
Training loss on iteration 320 = 0.15416439031250775
Training loss on iteration 340 = 0.11265131102409214
Training loss on iteration 360 = 0.16774541806662455
Training loss on iteration 380 = 0.23236692058853806
Training loss on iteration 400 = 0.10124629260972143
Training loss on iteration 420 = 0.29982418632134794
Training loss on iteration 440 = 0.2529559414833784
Training loss on iteration 460 = 0.3021819978952408
Training loss on iteration 480 = 0.11798201287165284
Training loss on iteration 500 = 0.1949811226251768
Training loss on iteration 520 = 0.254581359308213
Training loss on iteration 540 = 0.22559092082083226
Training loss on iteration 560 = 0.3356366533786058
Training loss on iteration 580 = 0.27468578089028595
Training loss on iteration 600 = 0.2155511809978634
Training loss on iteration 620 = 0.33267808221280576
Training loss on iteration 640 = 0.2853940136730671
Training loss on iteration 660 = 0.7775393068790436
Training loss on iteration 680 = 0.5962616704404354
Training loss on iteration 700 = 0.31365016028285025
Training loss on iteration 720 = 0.2663394456729293
Training loss on iteration 740 = 0.1990006897598505
Training loss on iteration 760 = 0.3270622773095965
Training loss on iteration 780 = 0.23506065970286727
Training loss on iteration 800 = 0.19649925753474234
Training loss on iteration 820 = 0.2705540210939944
Training loss on iteration 840 = 0.13155562626197934
Training loss on iteration 860 = 0.2085851739742793
Training loss on iteration 880 = 0.16229825778864324
Training loss on iteration 900 = 0.14348693192005157
Training loss on iteration 920 = 0.1828366793692112
Training loss on iteration 940 = 0.13155804488342254
Training loss on iteration 960 = 0.19509469894692302
Training loss on iteration 980 = 0.1431635611690581
Training loss on iteration 1000 = 0.08802961758337915
Training loss on iteration 1020 = 0.06728215229231864
Training loss on iteration 1040 = 0.2860752843611408
Training loss on iteration 1060 = 0.11669441456906497
Training loss on iteration 1080 = 0.15146852424368262
Training loss on iteration 1100 = 0.14569624289870262
Training loss on iteration 1120 = 0.21361427698284388
Training loss on iteration 1140 = 0.1620733558665961
Training loss on iteration 1160 = 0.27785488180816176
Training loss on iteration 1180 = 0.2171305513009429
Training loss on iteration 1200 = 0.0982689967378974
Training loss on iteration 1220 = 0.11777460399898701
Training loss on iteration 1240 = 0.377211865154095
Training loss on iteration 1260 = 0.3485283114016056
Training loss on iteration 1280 = 0.24840338358189912
Training loss on iteration 1300 = 0.22527549546211958
Training loss on iteration 1320 = 0.16995861660689116
Training loss on iteration 1340 = 0.0827095087908674
Training loss on iteration 1360 = 0.24740133667364717
Training loss on iteration 1380 = 0.12828845428302885
Training loss on iteration 1400 = 0.11130022080615162
Training loss on iteration 1420 = 0.14599220370873808
Training loss on iteration 1440 = 0.11056256978190504
Training loss on iteration 1460 = 0.07822386422194541
Training loss on iteration 1480 = 0.09691954172449187
Training loss on iteration 1500 = 0.11450101997470483
Training loss on iteration 1520 = 0.1483153448207304
Training loss on iteration 1540 = 0.20356863215565682
Training loss on iteration 1560 = 0.11403324981220067
Training loss on iteration 1580 = 0.18600669517181814
Training loss on iteration 1600 = 0.08336668256670236
Training loss on iteration 1620 = 0.10160258333198727
Training loss on iteration 1640 = 0.12922993997344748
Training loss on iteration 1660 = 0.3684738811571151
Training loss on iteration 1680 = 0.1821504004765302
Training loss on iteration 1700 = 0.15938793774694204
Training loss on iteration 1720 = 0.16475885789841413
Training loss on iteration 1740 = 0.11958678981754929
Training loss on iteration 1760 = 0.12736850683577358
Training loss on iteration 1780 = 0.1442665075417608
Training loss on iteration 1800 = 0.17225415378343314
Training loss on iteration 1820 = 0.12142960568307899
Training loss on iteration 1840 = 0.2639208254404366
Training loss on iteration 1860 = 0.08466539502842352
Training loss on iteration 1880 = 0.22237926222151144
Training loss on iteration 1900 = 0.19976819567382337
Training loss on iteration 1920 = 0.11702954785432666
Training loss on iteration 1940 = 0.04520318537252024
Training loss on iteration 1960 = 0.20140873326454312
Training loss on iteration 1980 = 0.05029976002406329
Training loss on iteration 2000 = 0.0729748631361872
Training loss on iteration 2020 = 0.1438126048538834
Training loss on iteration 2040 = 0.13618710622540675
Training loss on iteration 2060 = 0.1330434991279617
Training loss on iteration 2080 = 0.08352972820866852
Training loss on iteration 2100 = 0.14350838209502398
Training loss on iteration 2120 = 0.11792842622380703
Training loss on iteration 2140 = 0.08096132482169197
Training loss on iteration 2160 = 0.11455157957971096
Training loss on iteration 2180 = 0.159125981410034
Training loss on iteration 2200 = 0.07950141946785153
Training loss on iteration 2220 = 0.17278066857979865
Training loss on iteration 2240 = 0.20249241547717248
Training loss on iteration 2260 = 0.14216441041789948
Training loss on iteration 2280 = 0.14423847059952094
Training loss on iteration 2300 = 0.17342319497838615
Training loss on iteration 2320 = 0.13156276773661374
Training loss on iteration 2340 = 0.2741432100534439
Training loss on iteration 2360 = 0.1835178773733787
Training loss on iteration 2380 = 0.1280951160704717
Training loss on iteration 2400 = 0.18268643505871296
Training loss on iteration 2420 = 0.31465498912148177
Training loss on iteration 2440 = 0.20422564363107085
Training loss on iteration 2460 = 0.4111831937916577
Training loss on iteration 2480 = 0.6919975099153817
Training loss on iteration 2500 = 0.2917157086543739
Training loss on iteration 2520 = 0.22105504097416998
Training loss on iteration 2540 = 0.5150883530266583
Training loss on iteration 2560 = 0.5637283665128052
Training loss on iteration 2580 = 0.3421962120570242
Training loss on iteration 2600 = 0.2923935225699097
Training loss on iteration 2620 = 0.35149220936000347
Training loss on iteration 2640 = 0.23418569925706834
Training loss on iteration 2660 = 0.14616288049146534
Training loss on iteration 2680 = 0.12243572706356645
Training loss on iteration 2700 = 0.18532877390971408
Training loss on iteration 2720 = 0.08870308396872133
Training loss on iteration 2740 = 0.1594946477911435
Training loss on iteration 2760 = 0.13275935715064408
Training loss on iteration 2780 = 0.13730516528012232
Training loss on iteration 2800 = 0.07786607639864088
Training loss on iteration 2820 = 0.26699570487253366
Training loss on iteration 2840 = 0.15966614531353115
Training loss on iteration 2860 = 0.14056802517734468
Training loss on iteration 2880 = 0.11954894443042577
Training loss on iteration 2900 = 0.15741740157827736
Training loss on iteration 2920 = 0.18620962880086153
Training loss on iteration 2940 = 0.17194365831092
Training loss on iteration 2960 = 0.1672148431651294
Training loss on iteration 2980 = 0.09900169821921737
Training loss on iteration 3000 = 0.2815343740861863
Training loss on iteration 3020 = 0.2613249792251736
Training loss on iteration 3040 = 0.20929550435394048
Training loss on iteration 3060 = 0.14793018368072808
Training loss on iteration 3080 = 0.07954253740608692
Training loss on iteration 3100 = 0.2188556909095496
Training loss on iteration 3120 = 0.18691497473046184
Training loss on iteration 3140 = 0.33006536210887133
Training loss on iteration 3160 = 0.17699406044557692
Training loss on iteration 3180 = 0.30654585496522485
Training loss on iteration 3200 = 0.21552555449306965
Training loss on iteration 3220 = 0.11023108122171835
Training loss on iteration 3240 = 0.134868073486723
Training loss on iteration 3260 = 0.15287628679070622
Training loss on iteration 3280 = 0.2569945828989148
Training loss on iteration 3300 = 0.2790592446224764
Training loss on iteration 3320 = 0.19338039662688972
Training loss on iteration 3340 = 0.11558416367042809
Training loss on iteration 3360 = 0.1665949264075607
Training loss on iteration 3380 = 0.1226509837899357
Training loss on iteration 3400 = 0.1346254131058231
Training loss on iteration 3420 = 0.2912674780935049
Training loss on iteration 3440 = 0.8322742456570268
Training loss on iteration 3460 = 0.3599229848012328
Training loss on iteration 3480 = 0.2576286497525871
Training loss on iteration 3500 = 0.2221305320970714
Training loss on iteration 3520 = 0.25230950908735394
Training loss on iteration 3540 = 0.1852730161510408
Training loss on iteration 3560 = 0.19481482235714792
Training loss on iteration 3580 = 0.09340767692774535
Training loss on iteration 3600 = 0.09293643981218339
Training loss on iteration 3620 = 0.10931645582895726
Training loss on iteration 3640 = 0.18002994721755386
Training loss on iteration 3660 = 0.09131196695379913
Training loss on iteration 3680 = 0.14333237493410705
Training loss on iteration 3700 = 0.1857214374933392
Training loss on iteration 3720 = 0.16814392264932393
Training loss on iteration 3740 = 0.19294627895578742
Training loss on iteration 3760 = 0.2152023919392377
Training loss on iteration 3780 = 0.1183089200872928
Training loss on iteration 3800 = 0.12402680387021973
Training loss on iteration 3820 = 0.19128442802466453
Training loss on iteration 3840 = 0.11335228993557393
Training loss on iteration 3860 = 0.1369243602268398
Training loss on iteration 3880 = 0.14220274826511742
Training loss on iteration 3900 = 0.07493250286206603
Training loss on iteration 3920 = 0.061590642761439086
Training loss on iteration 3940 = 0.2181045878911391
Training loss on iteration 3960 = 0.1773182968609035
Training loss on iteration 3980 = 0.2938609284348786
Training loss on iteration 4000 = 0.22025504782795907
Training loss on iteration 4020 = 0.2563229426043108
Training loss on iteration 4040 = 0.09452674456406385
Training loss on iteration 4060 = 0.09256079071201384
Training loss on iteration 4080 = 0.1405716388253495
Training loss on iteration 4100 = 0.11644841242814437
Training loss on iteration 4120 = 0.18482769946567715
Training loss on iteration 4140 = 0.11584107270464301
Training loss on iteration 4160 = 0.08795163843315094
Training loss on iteration 4180 = 0.18966372857103125
Training loss on iteration 4200 = 0.14208390067797155
Training loss on iteration 4220 = 0.1484824642073363
Training loss on iteration 4240 = 0.17572098972741515
Training loss on iteration 4260 = 0.12350138570182026
Training loss on iteration 4280 = 0.11508134237956255
Training loss on iteration 4300 = 0.07425345383235253
Training loss on iteration 4320 = 0.1157027950277552
Training loss on iteration 4340 = 0.07178269857540727
Training loss on iteration 4360 = 0.21382776743266732
Training loss on iteration 4380 = 0.09844051976688206
Training loss on iteration 4400 = 0.08766346200318367
Training loss on iteration 4420 = 0.15460139692295344
Training loss on iteration 4440 = 0.06643965631374157
Training loss on iteration 4460 = 0.11369266044348478
Training loss on iteration 4480 = 0.10615301683428698
Training loss on iteration 4500 = 0.11269458770984783
Training loss on iteration 4520 = 0.2388813569676131
Training loss on iteration 4540 = 0.19394180104136466
Training loss on iteration 4560 = 0.11143821480218322
Training loss on iteration 4580 = 0.09705656395526603
Training loss on iteration 4600 = 0.1011809658142738
Training loss on iteration 4620 = 0.08021014318801463
Training loss on iteration 4640 = 0.07330756983719766
Training loss on iteration 4660 = 0.2148986629501451
Training loss on iteration 4680 = 0.07039002794772387
Training loss on iteration 4700 = 0.087576975452248
Training loss on iteration 4720 = 0.042166945536155256
Training loss on iteration 4740 = 0.07086010093917139
Training loss on iteration 4760 = 0.09264590495440643
Training loss on iteration 4780 = 0.0753076899665757
Training loss on iteration 4800 = 0.2183301180426497
Training loss on iteration 4820 = 0.09624022250063717
Training loss on iteration 4840 = 0.11412753304466605
Training loss on iteration 4860 = 0.05420011172536761
Training loss on iteration 4880 = 0.05573577604955062
Training loss on iteration 4900 = 0.07724407444766257
Training loss on iteration 4920 = 0.175703785486985
Training loss on iteration 4940 = 0.1720655349083245
Training loss on iteration 4960 = 0.13716443083249033
Training loss on iteration 4980 = 0.14050719290971755
Training loss on iteration 5000 = 0.16216185610974207
Training loss on iteration 5020 = 0.1587314451811835
Training loss on iteration 5040 = 0.10813858234323562
Training loss on iteration 5060 = 0.35589185734279455
Training loss on iteration 5080 = 1.454683490563184
Training loss on iteration 5100 = 0.8593005202710629
Training loss on iteration 5120 = 0.2303393127396703
Training loss on iteration 5140 = 0.35372305382043123
Training loss on iteration 5160 = 0.3003925671800971
Training loss on iteration 5180 = 0.26647457741200925
Training loss on iteration 5200 = 0.22262531351298093
Training loss on iteration 5220 = 0.1739099895581603
Training loss on iteration 5240 = 0.1789066981524229
Training loss on iteration 5260 = 0.10705770198255778
Training loss on iteration 5280 = 0.20964104011654855
Training loss on iteration 5300 = 0.3161909176036716
Training loss on iteration 5320 = 0.17002887120470406
Training loss on iteration 5340 = 0.299202595371753
Training loss on iteration 5360 = 0.10865969765000046
Training loss on iteration 5380 = 0.1287919032620266
Training loss on iteration 5400 = 0.18146092275856063
Training loss on iteration 5420 = 0.15887574679218233
Training loss on iteration 5440 = 0.21969925723969935
Training loss on iteration 5460 = 0.15431501516140997
Training loss on iteration 5480 = 0.3197156144771725
Training loss on iteration 5500 = 0.14574349340982734
Training loss on iteration 5520 = 0.2225480548106134
Training loss on iteration 5540 = 0.18884087791666387
Training loss on iteration 5560 = 0.16135211936198174
Training loss on iteration 5580 = 0.13251390820369124
Training loss on iteration 5600 = 0.09462771001271904
### EVAL:: Epoch 3:: Loss = 0.08456917207867148 :: ACC = 0.9729597813354158, AUC = 0.9059534578083136, EER = 0.1656579461147989
Training on epoch 4
Training loss on iteration 0 = 0.04122309759259224
Training loss on iteration 20 = 0.23164950511418284
Training loss on iteration 40 = 0.13077333262190222
Training loss on iteration 60 = 0.15968025862239302
Training loss on iteration 80 = 0.15970983075676487
Training loss on iteration 100 = 0.11151709775440395
Training loss on iteration 120 = 0.11706495605176315
Training loss on iteration 140 = 0.1216555947670713
Training loss on iteration 160 = 0.1323397579602897
Training loss on iteration 180 = 0.20278924112208188
Training loss on iteration 200 = 0.353139360062778
Training loss on iteration 220 = 0.35186239909380673
Training loss on iteration 240 = 0.27871129121631383
Training loss on iteration 260 = 0.09927099915221334
Training loss on iteration 280 = 0.10140008290763944
Training loss on iteration 300 = 0.14066550072166137
Training loss on iteration 320 = 0.14957095792051406
Training loss on iteration 340 = 0.1358349841553718
Training loss on iteration 360 = 0.19530835980549455
Training loss on iteration 380 = 0.10789258052827791
Training loss on iteration 400 = 0.07894067326560616
Training loss on iteration 420 = 0.05746102420380339
Training loss on iteration 440 = 0.06260754541726783
Training loss on iteration 460 = 0.19529853197745978
Training loss on iteration 480 = 0.16538130913395435
Training loss on iteration 500 = 0.044256355660036203
Training loss on iteration 520 = 0.0690387214999646
Training loss on iteration 540 = 0.1165338767634239
Training loss on iteration 560 = 0.09770374711370096
Training loss on iteration 580 = 0.14955545575357973
Training loss on iteration 600 = 0.08629905293346382
Training loss on iteration 620 = 0.13039092882536352
Training loss on iteration 640 = 0.07096667119767516
Training loss on iteration 660 = 0.14572494827443733
Training loss on iteration 680 = 0.09723862649407237
Training loss on iteration 700 = 0.08252209742786362
Training loss on iteration 720 = 0.11769790848484263
Training loss on iteration 740 = 0.10461796331801451
Training loss on iteration 760 = 0.13066342063248157
Training loss on iteration 780 = 0.11351606692187488
Training loss on iteration 800 = 0.04771138831274584
Training loss on iteration 820 = 0.14189834191929548
Training loss on iteration 840 = 0.09179769614129327
Training loss on iteration 860 = 0.08173988404450938
Training loss on iteration 880 = 0.10854622940532863
Training loss on iteration 900 = 0.1458781781140715
Training loss on iteration 920 = 0.04929821779951453
Training loss on iteration 940 = 0.07763885257882067
Training loss on iteration 960 = 0.09761306109139696
Training loss on iteration 980 = 0.06284496698062866
Training loss on iteration 1000 = 0.1357366373995319
Training loss on iteration 1020 = 0.13650674459058793
Training loss on iteration 1040 = 0.23884909888729453
Training loss on iteration 1060 = 0.06936791960615665
Training loss on iteration 1080 = 0.08007113672792912
Training loss on iteration 1100 = 0.20365034769056364
Training loss on iteration 1120 = 0.2265257673803717
Training loss on iteration 1140 = 0.16025319225154816
Training loss on iteration 1160 = 0.11452089347876608
Training loss on iteration 1180 = 0.11471202711109071
Training loss on iteration 1200 = 0.12546332775382324
Training loss on iteration 1220 = 0.04131615341466386
Training loss on iteration 1240 = 0.06703757829818642
Training loss on iteration 1260 = 0.1613352052285336
Training loss on iteration 1280 = 0.09796129966853187
Training loss on iteration 1300 = 0.12170515209436417
Training loss on iteration 1320 = 0.13827125965617598
Training loss on iteration 1340 = 0.17894414808833972
Training loss on iteration 1360 = 0.12662821146659553
Training loss on iteration 1380 = 0.11755391438491643
Training loss on iteration 1400 = 0.10380102859344334
Training loss on iteration 1420 = 0.1173487255582586
Training loss on iteration 1440 = 0.16372134531848132
Training loss on iteration 1460 = 0.14614638104103506
Training loss on iteration 1480 = 0.26542763540055603
Training loss on iteration 1500 = 0.0638205468072556
Training loss on iteration 1520 = 0.1184923063905444
Training loss on iteration 1540 = 0.2036959561170079
Training loss on iteration 1560 = 0.15810811605770142
Training loss on iteration 1580 = 0.25092407827251006
Training loss on iteration 1600 = 0.1532124481163919
Training loss on iteration 1620 = 0.12860857415944338
Training loss on iteration 1640 = 0.141584924061317
Training loss on iteration 1660 = 0.15180263847578318
Training loss on iteration 1680 = 0.09571682813111693
Training loss on iteration 1700 = 0.09092538666445762
Training loss on iteration 1720 = 0.20796848721802236
Training loss on iteration 1740 = 0.13710202421061696
Training loss on iteration 1760 = 0.09094708686607192
Training loss on iteration 1780 = 0.10241406676359474
Training loss on iteration 1800 = 0.13315369068877772
Training loss on iteration 1820 = 0.08243078587111086
Training loss on iteration 1840 = 0.14378120529581792
Training loss on iteration 1860 = 0.09769485050346702
Training loss on iteration 1880 = 0.050390362535836175
Training loss on iteration 1900 = 0.10041429569246248
Training loss on iteration 1920 = 0.13234152746153996
Training loss on iteration 1940 = 0.06628044596873224
Training loss on iteration 1960 = 0.06312246062443591
Training loss on iteration 1980 = 0.17112593420315533
Training loss on iteration 2000 = 0.3888729250058532
Training loss on iteration 2020 = 0.2461191033013165
Training loss on iteration 2040 = 0.21560703697614372
Training loss on iteration 2060 = 0.2449055714532733
Training loss on iteration 2080 = 0.4920024572871625
Training loss on iteration 2100 = 0.8610158067196607
Training loss on iteration 2120 = 3.02698542252183
Training loss on iteration 2140 = 0.4884443413466215
Training loss on iteration 2160 = 0.5158578598871827
Training loss on iteration 2180 = 0.520437615737319
Training loss on iteration 2200 = 0.5416079752147198
Training loss on iteration 2220 = 0.6841650135815144
Training loss on iteration 2240 = 1.1631067231297494
Training loss on iteration 2260 = 0.966833770275116
Training loss on iteration 2280 = 0.6546967566013336
Training loss on iteration 2300 = 0.7749823197722435
Training loss on iteration 2320 = 0.496458837389946
Training loss on iteration 2340 = 0.7440963312983513
Training loss on iteration 2360 = 0.5397472523152829
Training loss on iteration 2380 = 0.4494376115500927
Training loss on iteration 2400 = 0.5733950898051262
Training loss on iteration 2420 = 0.7316665202379227
Training loss on iteration 2440 = 0.3665788047015667
Training loss on iteration 2460 = 0.3312722258269787
Training loss on iteration 2480 = 0.7554347038269043
Training loss on iteration 2500 = 0.6583833895623684
Training loss on iteration 2520 = 0.47122071087360384
Training loss on iteration 2540 = 0.40506841987371445
Training loss on iteration 2560 = 0.5568472750484943
Training loss on iteration 2580 = 0.4797584660351276
Training loss on iteration 2600 = 0.32303278893232346
Training loss on iteration 2620 = 0.31694771274924277
Training loss on iteration 2640 = 0.37370659671723844
Training loss on iteration 2660 = 0.4330496445298195
Training loss on iteration 2680 = 0.22694148905575276
Training loss on iteration 2700 = 0.4422174472361803
Training loss on iteration 2720 = 0.3342498492449522
Training loss on iteration 2740 = 0.5088004846125841
Training loss on iteration 2760 = 0.3659945420920849
Training loss on iteration 2780 = 0.2518827522173524
Training loss on iteration 2800 = 0.35262891501188276
Training loss on iteration 2820 = 0.3788312064483762
Training loss on iteration 2840 = 0.3299545656889677
Training loss on iteration 2860 = 0.2397418159991503
Training loss on iteration 2880 = 0.3550202090293169
Training loss on iteration 2900 = 0.21116916239261627
Training loss on iteration 2920 = 0.6837568357586861
Training loss on iteration 2940 = 0.38929827362298963
Training loss on iteration 2960 = 0.22390679083764553
Training loss on iteration 2980 = 0.2667393747717142
Training loss on iteration 3000 = 0.29785111667588354
Training loss on iteration 3020 = 0.4946037337183952
Training loss on iteration 3040 = 0.4675243241712451
Training loss on iteration 3060 = 0.3011275127530098
Training loss on iteration 3080 = 0.2221516754478216
Training loss on iteration 3100 = 0.21737148351967334
Training loss on iteration 3120 = 0.22894816473126411
Training loss on iteration 3140 = 0.280751281324774
Training loss on iteration 3160 = 0.1993584423325956
Training loss on iteration 3180 = 0.3090135483071208
Training loss on iteration 3200 = 0.40165146216750147
Training loss on iteration 3220 = 0.310056757600978
Training loss on iteration 3240 = 0.2216078252531588
Training loss on iteration 3260 = 0.2532588908448815
Training loss on iteration 3280 = 0.3058823644183576
Training loss on iteration 3300 = 0.21304568271152674
Training loss on iteration 3320 = 0.30481956861913206
Training loss on iteration 3340 = 0.4076905189082026
Training loss on iteration 3360 = 0.34908597730100155
Training loss on iteration 3380 = 0.25431543253362177
Training loss on iteration 3400 = 0.2574594970792532
Training loss on iteration 3420 = 0.2736246588639915
Training loss on iteration 3440 = 0.29525122344493865
Training loss on iteration 3460 = 0.32197355553507806
Training loss on iteration 3480 = 0.2028748793527484
Training loss on iteration 3500 = 0.35476899389177563
Training loss on iteration 3520 = 0.4467651642858982
Training loss on iteration 3540 = 0.3679707707837224
Training loss on iteration 3560 = 0.25132832266390326
Training loss on iteration 3580 = 0.30137887932360174
Training loss on iteration 3600 = 0.3701300922781229
Training loss on iteration 3620 = 0.22604061299934983
Training loss on iteration 3640 = 0.2315549984574318
Training loss on iteration 3660 = 0.32084935512393714
Training loss on iteration 3680 = 0.26413622312247753
Training loss on iteration 3700 = 0.19359870520420372
Training loss on iteration 3720 = 0.2142845241818577
Training loss on iteration 3740 = 0.4061193745583296
Training loss on iteration 3760 = 0.36066039502620695
Training loss on iteration 3780 = 0.25606442615389824
Training loss on iteration 3800 = 0.1971365214791149
Training loss on iteration 3820 = 0.3362464517354965
Training loss on iteration 3840 = 0.17457765899598598
Training loss on iteration 3860 = 0.24339176220819353
Training loss on iteration 3880 = 0.21679685730487108
Training loss on iteration 3900 = 0.3352062665857375
Training loss on iteration 3920 = 0.2868318287655711
Training loss on iteration 3940 = 0.1697039776481688
Training loss on iteration 3960 = 0.25372023303061725
Training loss on iteration 3980 = 0.19102485235780478
Training loss on iteration 4000 = 0.2631703918334097
Training loss on iteration 4020 = 0.2935867791995406
Training loss on iteration 4040 = 0.2027932845056057
Training loss on iteration 4060 = 0.29590089339762926
Training loss on iteration 4080 = 0.25969094708561896
Training loss on iteration 4100 = 0.2551362518919632
Training loss on iteration 4120 = 0.20745619665831327
Training loss on iteration 4140 = 0.2640926897525787
Training loss on iteration 4160 = 0.33321375008672477
Training loss on iteration 4180 = 0.3163677701726556
Training loss on iteration 4200 = 0.22213747221976518
Training loss on iteration 4220 = 0.23462497256696224
Training loss on iteration 4240 = 0.3092473052442074
Training loss on iteration 4260 = 0.1895437015220523
Training loss on iteration 4280 = 0.20645380774512886
Training loss on iteration 4300 = 0.14584317784756423
Training loss on iteration 4320 = 0.25313078742474315
Training loss on iteration 4340 = 0.26702830139547584
Training loss on iteration 4360 = 0.16338679241016507
Training loss on iteration 4380 = 0.23923944756388665
Training loss on iteration 4400 = 0.19101967411115767
Training loss on iteration 4420 = 0.19180106846615672
Training loss on iteration 4440 = 0.28286694665439427
Training loss on iteration 4460 = 0.32830624412745235
Training loss on iteration 4480 = 0.1877032309770584
Training loss on iteration 4500 = 0.16673843605676666
Training loss on iteration 4520 = 0.3066518660634756
Training loss on iteration 4540 = 0.18909455835819244
Training loss on iteration 4560 = 0.2360614387318492
Training loss on iteration 4580 = 0.17146207317709922
Training loss on iteration 4600 = 0.2881933905184269
Training loss on iteration 4620 = 0.2432422102894634
Training loss on iteration 4640 = 0.3166055681416765
Training loss on iteration 4660 = 0.2927676271647215
Training loss on iteration 4680 = 0.30620329882949593
Training loss on iteration 4700 = 0.32683381605893375
Training loss on iteration 4720 = 0.24736141543835402
Training loss on iteration 4740 = 0.18564933966845273
Training loss on iteration 4760 = 0.16371187176555396
Training loss on iteration 4780 = 0.18627086700871587
Training loss on iteration 4800 = 0.31468208227306604
Training loss on iteration 4820 = 0.2304756728000939
Training loss on iteration 4840 = 0.17149170022457838
Training loss on iteration 4860 = 0.1513798011466861
Training loss on iteration 4880 = 0.15933787981048225
Training loss on iteration 4900 = 0.22362862536683678
Training loss on iteration 4920 = 0.19672040985897182
Training loss on iteration 4940 = 0.1363389112520963
Training loss on iteration 4960 = 0.1953533286228776
Training loss on iteration 4980 = 0.2448022525757551
Training loss on iteration 5000 = 0.33131987592205403
Training loss on iteration 5020 = 0.28456582990475
Training loss on iteration 5040 = 0.27551892725750804
Training loss on iteration 5060 = 0.18675020653754473
Training loss on iteration 5080 = 0.2605133131146431
Training loss on iteration 5100 = 0.21103156879544258
Training loss on iteration 5120 = 0.3010359125910327
Training loss on iteration 5140 = 0.2504767435602844
Training loss on iteration 5160 = 0.26237913658842443
Training loss on iteration 5180 = 0.5334349703043699
Training loss on iteration 5200 = 0.35068561863154174
Training loss on iteration 5220 = 0.2441360228229314
Training loss on iteration 5240 = 0.18294279742985964
Training loss on iteration 5260 = 0.1698561592027545
Training loss on iteration 5280 = 0.5415624466724693
Training loss on iteration 5300 = 0.4598682845942676
Training loss on iteration 5320 = 0.7402170412242413
Training loss on iteration 5340 = 0.5368154186755418
Training loss on iteration 5360 = 0.325520314835012
Training loss on iteration 5380 = 0.23361108116805554
Training loss on iteration 5400 = 0.30189497508108615
Training loss on iteration 5420 = 0.17184535134583712
Training loss on iteration 5440 = 0.27559053488075735
Training loss on iteration 5460 = 0.2002669474342838
Training loss on iteration 5480 = 0.317727014888078
Training loss on iteration 5500 = 0.42720574513077736
Training loss on iteration 5520 = 0.3375688066706061
Training loss on iteration 5540 = 0.20132082584314048
Training loss on iteration 5560 = 0.20696760539431125
Training loss on iteration 5580 = 0.29674757197499274
Training loss on iteration 5600 = 0.3076434971764684
### EVAL:: Epoch 4:: Loss = 1.1231893725812994 :: ACC = 0.5082975400234283, AUC = 0.3158735950576339, EER = 0.6132370167903163
Training on epoch 5
Training loss on iteration 0 = 0.7913540601730347
Training loss on iteration 20 = 0.4444095447193831
Training loss on iteration 40 = 0.730330771766603
Training loss on iteration 60 = 0.30544879101216793
Training loss on iteration 80 = 0.20538338779006154
Training loss on iteration 100 = 0.18540756294969468
Training loss on iteration 120 = 0.23277973104268312
Training loss on iteration 140 = 0.27431853422895075
Training loss on iteration 160 = 0.17612693617120384
Training loss on iteration 180 = 0.28585175760090353
Training loss on iteration 200 = 0.33952122516930106
Training loss on iteration 220 = 0.14206964783370496
Training loss on iteration 240 = 0.2669469908811152
Training loss on iteration 260 = 0.2539434202481061
Training loss on iteration 280 = 0.2983213221654296
Training loss on iteration 300 = 0.33109352327883246
Training loss on iteration 320 = 0.19316284023225308
Training loss on iteration 340 = 0.23949613282456994
Training loss on iteration 360 = 0.3249852476641536
Training loss on iteration 380 = 0.2422698674723506
Training loss on iteration 400 = 0.1924464913085103
Training loss on iteration 420 = 0.3498435512185097
Training loss on iteration 440 = 0.19071793239563703
Training loss on iteration 460 = 0.220935221016407
Training loss on iteration 480 = 0.2502205265685916
Training loss on iteration 500 = 0.3716623142361641
Training loss on iteration 520 = 0.164681735355407
Training loss on iteration 540 = 0.23890845233108848
Training loss on iteration 560 = 0.2941597322933376
Training loss on iteration 580 = 0.15314746350049974
Training loss on iteration 600 = 0.3056618655100465
Training loss on iteration 620 = 0.3961949203163385
Training loss on iteration 640 = 0.22730737030506135
Training loss on iteration 660 = 0.3863773106597364
Training loss on iteration 680 = 0.5003526374697685
Training loss on iteration 700 = 0.23341513946652412
Training loss on iteration 720 = 0.376710606366396
Training loss on iteration 740 = 0.33607545532286165
Training loss on iteration 760 = 0.5812980774790049
Training loss on iteration 780 = 0.20031405370682479
Training loss on iteration 800 = 0.5340855423361063
Training loss on iteration 820 = 0.5465300435200333
Training loss on iteration 840 = 6.300006428360939
Training loss on iteration 860 = 0.8720269232988358
Training loss on iteration 880 = 0.6927123837172985
Training loss on iteration 900 = 2.69276175647974
Training loss on iteration 920 = 2.138111540675163
Training loss on iteration 940 = 0.9974893644452095
Training loss on iteration 960 = 0.7667425751686097
Training loss on iteration 980 = 0.6423783659934997
Training loss on iteration 1000 = 0.5757849015295505
Training loss on iteration 1020 = 0.47126510068774224
Training loss on iteration 1040 = 0.42436902076005933
Training loss on iteration 1060 = 0.3231946513056755
Training loss on iteration 1080 = 0.4509660568088293
Training loss on iteration 1100 = 0.39244817569851875
Training loss on iteration 1120 = 0.325427408143878
Training loss on iteration 1140 = 0.428539652377367
Training loss on iteration 1160 = 0.49682833477854726
Training loss on iteration 1180 = 0.29951935857534406
Training loss on iteration 1200 = 0.2658398080617189
Training loss on iteration 1220 = 0.8317001439630985
Training loss on iteration 1240 = 0.39446633830666544
Training loss on iteration 1260 = 0.3175216522067785
Training loss on iteration 1280 = 0.28851313441991805
Training loss on iteration 1300 = 0.3661652036011219
Training loss on iteration 1320 = 0.22028141990303993
Training loss on iteration 1340 = 0.19526895005255937
Training loss on iteration 1360 = 0.4637535812333226
Training loss on iteration 1380 = 0.4260977618396282
Training loss on iteration 1400 = 0.30343146473169325
Training loss on iteration 1420 = 0.2712127028033137
Training loss on iteration 1440 = 0.2667318409308791
Training loss on iteration 1460 = 0.2485360812395811
Training loss on iteration 1480 = 0.2633038770407438
Training loss on iteration 1500 = 0.41723108626902106
Training loss on iteration 1520 = 0.3700800474733114
Training loss on iteration 1540 = 0.3585909949615598
Training loss on iteration 1560 = 0.2418118527159095
Training loss on iteration 1580 = 0.20143435141071678
Training loss on iteration 1600 = 0.29536529192700983
Training loss on iteration 1620 = 0.22392233163118364
Training loss on iteration 1640 = 0.3713573658838868
Training loss on iteration 1660 = 0.27345841750502586
Training loss on iteration 1680 = 0.23819243889302016
Training loss on iteration 1700 = 0.38722677044570447
Training loss on iteration 1720 = 0.2232390960678458
Training loss on iteration 1740 = 0.3828857088461518
Training loss on iteration 1760 = 0.20514877447858454
Training loss on iteration 1780 = 0.26762121357023716
Training loss on iteration 1800 = 0.2081431717146188
Training loss on iteration 1820 = 0.15592035818845035
Training loss on iteration 1840 = 0.2319848408922553
Training loss on iteration 1860 = 0.33107791589573027
Training loss on iteration 1880 = 0.38475178349763156
Training loss on iteration 1900 = 0.36859627328813077
Training loss on iteration 1920 = 0.26833223067224027
Training loss on iteration 1940 = 0.29826629534363747
Training loss on iteration 1960 = 0.24135164618492128
Training loss on iteration 1980 = 0.19594923723489047
Training loss on iteration 2000 = 0.19728980194777251
Training loss on iteration 2020 = 0.13130289353430272
Training loss on iteration 2040 = 0.21359926355071365
Training loss on iteration 2060 = 0.24449906619265677
Training loss on iteration 2080 = 0.17191913174465298
Training loss on iteration 2100 = 0.4309304283931851
Training loss on iteration 2120 = 0.2587887143716216
Training loss on iteration 2140 = 0.2889709474518895
Training loss on iteration 2160 = 0.24976997096091508
Training loss on iteration 2180 = 0.34895835593342783
Training loss on iteration 2200 = 0.2581353046000004
Training loss on iteration 2220 = 0.23589579798281193
Training loss on iteration 2240 = 0.14839309463277459
Training loss on iteration 2260 = 0.17056635515764357
Training loss on iteration 2280 = 0.2469183186069131
Training loss on iteration 2300 = 0.2866504584439099
Training loss on iteration 2320 = 0.15860662185586988
Training loss on iteration 2340 = 0.2102587388828397
Training loss on iteration 2360 = 0.15406469963490962
Training loss on iteration 2380 = 0.22027692273259164
Training loss on iteration 2400 = 0.23144216379150748
Training loss on iteration 2420 = 0.20285652633756399
Training loss on iteration 2440 = 0.2229192892089486
Training loss on iteration 2460 = 0.25761639345437287
Training loss on iteration 2480 = 0.21929168431088328
Training loss on iteration 2500 = 0.1756889191456139
Training loss on iteration 2520 = 0.1588153508491814
Training loss on iteration 2540 = 0.13663815162144602
Training loss on iteration 2560 = 0.23565754119772464
Training loss on iteration 2580 = 0.1577670058235526
Training loss on iteration 2600 = 0.16015134360641242
Training loss on iteration 2620 = 0.35105003248900174
Training loss on iteration 2640 = 0.289792668633163
Training loss on iteration 2660 = 0.20829005660489203
Training loss on iteration 2680 = 0.29949953919276595
Training loss on iteration 2700 = 0.26672252560965715
Training loss on iteration 2720 = 0.2211238346993923
Training loss on iteration 2740 = 0.17984571205452085
Training loss on iteration 2760 = 0.1899144843686372
Training loss on iteration 2780 = 0.2530316419899464
Training loss on iteration 2800 = 0.21908326596021652
Training loss on iteration 2820 = 0.1696247735992074
Training loss on iteration 2840 = 0.16985708205029368
Training loss on iteration 2860 = 0.38284263126552104
Training loss on iteration 2880 = 0.3352008521556854
Training loss on iteration 2900 = 0.19105779672972859
Training loss on iteration 2920 = 0.1418266664724797
Training loss on iteration 2940 = 0.15386640201322735
Training loss on iteration 2960 = 0.2777637684717774
Training loss on iteration 2980 = 0.1840315190376714
Training loss on iteration 3000 = 0.3049776302650571
Training loss on iteration 3020 = 0.36694740131497383
Training loss on iteration 3040 = 0.24808338896837084
Training loss on iteration 3060 = 0.19735478349030017
Training loss on iteration 3080 = 0.2770513532217592
Training loss on iteration 3100 = 0.3231798181310296
Training loss on iteration 3120 = 0.23103988114744425
Training loss on iteration 3140 = 0.1626639216672629
Training loss on iteration 3160 = 0.4251139532774687
Training loss on iteration 3180 = 0.27823342811316254
Training loss on iteration 3200 = 0.17726133416872472
Training loss on iteration 3220 = 0.18240831342991443
Training loss on iteration 3240 = 0.18737833071500062
Training loss on iteration 3260 = 0.16651464174501598
Training loss on iteration 3280 = 0.173458380298689
Training loss on iteration 3300 = 0.10118028661236167
Training loss on iteration 3320 = 0.19469680988695473
Training loss on iteration 3340 = 0.2895184258930385
Training loss on iteration 3360 = 0.31154592907987533
Training loss on iteration 3380 = 0.12164098247885705
Training loss on iteration 3400 = 0.22439277954399586
Training loss on iteration 3420 = 0.25596322659403087
Training loss on iteration 3440 = 0.20076678870245815
Training loss on iteration 3460 = 0.15301104818936437
Training loss on iteration 3480 = 0.1525585145689547
Training loss on iteration 3500 = 0.13791484329849482
Training loss on iteration 3520 = 0.2606932467315346
Training loss on iteration 3540 = 0.17563671581447124
Training loss on iteration 3560 = 0.38509271163493397
Training loss on iteration 3580 = 0.20013748849742113
Training loss on iteration 3600 = 0.15907514335121958
Training loss on iteration 3620 = 0.2767099623568356
Training loss on iteration 3640 = 0.19545240383595228
Training loss on iteration 3660 = 0.1385205799015239
Training loss on iteration 3680 = 0.178569986554794
Training loss on iteration 3700 = 0.2018645441159606
Training loss on iteration 3720 = 0.12225043722428382
Training loss on iteration 3740 = 0.14699488962069154
Training loss on iteration 3760 = 0.21114599350839852
Training loss on iteration 3780 = 0.2445944907143712
Training loss on iteration 3800 = 0.11754898019134999
Training loss on iteration 3820 = 0.22110176920541563
Training loss on iteration 3840 = 0.23969933912158012
Training loss on iteration 3860 = 0.2374584958422929
Training loss on iteration 3880 = 0.1422590810339898
Training loss on iteration 3900 = 0.18326093358919024
Training loss on iteration 3920 = 0.20867033824324607
Training loss on iteration 3940 = 0.228494501626119
Training loss on iteration 3960 = 0.18900921787135302
Training loss on iteration 3980 = 0.22198159880936147
Training loss on iteration 4000 = 0.21355166295543312
Training loss on iteration 4020 = 0.22303401003591716
Training loss on iteration 4040 = 0.247014481946826
Training loss on iteration 4060 = 0.2797266745008528
Training loss on iteration 4080 = 0.2481941326521337
Training loss on iteration 4100 = 0.14618456843309105
Training loss on iteration 4120 = 0.13892982471734286
Training loss on iteration 4140 = 0.1580682123079896
Training loss on iteration 4160 = 0.11846581053105183
Training loss on iteration 4180 = 0.12012473142240196
Training loss on iteration 4200 = 0.14534067730419337
Training loss on iteration 4220 = 0.2689007815904915
Training loss on iteration 4240 = 0.14363480671308934
Training loss on iteration 4260 = 0.11630334581714123
Training loss on iteration 4280 = 0.20036845793947577
Training loss on iteration 4300 = 0.2138663310557604
Training loss on iteration 4320 = 0.177395363105461
Training loss on iteration 4340 = 0.2197121497243643
Training loss on iteration 4360 = 0.13052745796740056
Training loss on iteration 4380 = 0.24551832342986019
Training loss on iteration 4400 = 0.2815410218434408
Training loss on iteration 4420 = 0.3363517061807215
Training loss on iteration 4440 = 0.19497951180674136
Training loss on iteration 4460 = 0.20516833795700223
Training loss on iteration 4480 = 0.47807564260438085
Training loss on iteration 4500 = 0.19329535311553628
Training loss on iteration 4520 = 0.6499477041186765
Training loss on iteration 4540 = 0.40816121716052295
Training loss on iteration 4560 = 0.578235887363553
Training loss on iteration 4580 = 0.2325579138705507
Training loss on iteration 4600 = 0.2735089604509994
Training loss on iteration 4620 = 0.30584115963429215
Training loss on iteration 4640 = 0.28450327487662436
Training loss on iteration 4660 = 0.20822713971138002
Training loss on iteration 4680 = 0.21933080099988728
Training loss on iteration 4700 = 0.3963548188563436
Training loss on iteration 4720 = 0.15320141520060132
Training loss on iteration 4740 = 0.32816688960883766
Training loss on iteration 4760 = 0.15227512590354308
Training loss on iteration 4780 = 0.21445136906113477
Training loss on iteration 4800 = 0.1625063016079366
Training loss on iteration 4820 = 0.2319876673165709
Training loss on iteration 4840 = 0.11740684865508229
Training loss on iteration 4860 = 0.2319691096432507
Training loss on iteration 4880 = 0.28755727838724854
Training loss on iteration 4900 = 0.3450670648366213
Training loss on iteration 4920 = 0.15152521338313818
Training loss on iteration 4940 = 0.13621919200522825
Training loss on iteration 4960 = 0.22243667917791754
Training loss on iteration 4980 = 0.10872640144079923
Training loss on iteration 5000 = 0.18397305592079646
Training loss on iteration 5020 = 0.2569580651819706
Training loss on iteration 5040 = 0.32710005820263177
Training loss on iteration 5060 = 0.21511638518422843
Training loss on iteration 5080 = 0.12809678281191736
Training loss on iteration 5100 = 0.1100519385188818
Training loss on iteration 5120 = 0.1647120036999695
Training loss on iteration 5140 = 0.11099787587299943
Training loss on iteration 5160 = 0.22314701057039202
Training loss on iteration 5180 = 0.18382572438567876
Training loss on iteration 5200 = 0.17919355009216814
Training loss on iteration 5220 = 0.10869647866056767
Training loss on iteration 5240 = 0.1890729609876871
Training loss on iteration 5260 = 0.16735832011327148
Training loss on iteration 5280 = 0.1896861949469894
Training loss on iteration 5300 = 0.14590149323339574
Training loss on iteration 5320 = 0.08254182095988653
Training loss on iteration 5340 = 0.170823925267905
Training loss on iteration 5360 = 0.24916881145909428
Training loss on iteration 5380 = 0.2801706619560719
Training loss on iteration 5400 = 0.18551917402073742
Training loss on iteration 5420 = 0.17219285094179212
Training loss on iteration 5440 = 0.13814402613788843
Training loss on iteration 5460 = 0.25522760294843466
Training loss on iteration 5480 = 0.2341856325045228
Training loss on iteration 5500 = 0.11279082313121762
Training loss on iteration 5520 = 0.14972541460883804
Training loss on iteration 5540 = 0.13206622605212032
Training loss on iteration 5560 = 0.2739343096734956
Training loss on iteration 5580 = 0.2067867643199861
Training loss on iteration 5600 = 0.14324424508959055
### EVAL:: Epoch 5:: Loss = 0.8513485739300044 :: ACC = 0.7274502147598594, AUC = 0.43574817216649403, EER = 0.5581803982819211
Training on epoch 6
Training loss on iteration 0 = 2.786591053009033
Training loss on iteration 20 = 0.22730328070465475
Training loss on iteration 40 = 0.31685041745658965
Training loss on iteration 60 = 0.16071752905845643
Training loss on iteration 80 = 0.08934887341456488
Training loss on iteration 100 = 0.20836007356992922
Training loss on iteration 120 = 0.2090400642133318
Training loss on iteration 140 = 0.3005806544795632
Training loss on iteration 160 = 0.13271120204590262
Training loss on iteration 180 = 0.41296827300684524
Training loss on iteration 200 = 0.3155114703811705
Training loss on iteration 220 = 0.27374062379822134
Training loss on iteration 240 = 0.25179795096628366
Training loss on iteration 260 = 0.3417582416208461
Training loss on iteration 280 = 0.22838106291019358
Training loss on iteration 300 = 0.15283562135882675
Training loss on iteration 320 = 0.306531558779534
Training loss on iteration 340 = 0.24888643759768456
Training loss on iteration 360 = 0.1767563823144883
Training loss on iteration 380 = 0.11373108162079007
Training loss on iteration 400 = 0.16774890245869756
Training loss on iteration 420 = 0.17236202470958234
Training loss on iteration 440 = 0.15621549693169073
Training loss on iteration 460 = 0.1409107593121007
Training loss on iteration 480 = 0.17064239643514156
Training loss on iteration 500 = 0.18936377314385028
Training loss on iteration 520 = 0.13583419294445775
Training loss on iteration 540 = 0.11895457595819607
Training loss on iteration 560 = 0.2170226603746414
Training loss on iteration 580 = 0.2233910440467298
Training loss on iteration 600 = 0.31314778737723825
Training loss on iteration 620 = 0.15280572146293708
Training loss on iteration 640 = 0.13842342693824322
Training loss on iteration 660 = 0.1358207117766142
Training loss on iteration 680 = 0.15460854702396318
Training loss on iteration 700 = 0.20666398825123905
Training loss on iteration 720 = 0.1279618259111885
Training loss on iteration 740 = 0.12809640432242303
Training loss on iteration 760 = 0.1639179909019731
Training loss on iteration 780 = 0.18350266183260827
Training loss on iteration 800 = 0.18209294541738927
Training loss on iteration 820 = 0.2829528601374477
Training loss on iteration 840 = 0.1466665227082558
Training loss on iteration 860 = 0.2353725696913898
Training loss on iteration 880 = 0.18174252016469836
Training loss on iteration 900 = 0.20554081960581244
Training loss on iteration 920 = 0.10277124783024191
Training loss on iteration 940 = 0.18694954803213476
Training loss on iteration 960 = 0.09905220560613089
Training loss on iteration 980 = 0.26611013512010684
Training loss on iteration 1000 = 0.17483254596590997
Training loss on iteration 1020 = 0.07191898546298034
Training loss on iteration 1040 = 0.2694397477898747
Training loss on iteration 1060 = 0.18878866711747833
Training loss on iteration 1080 = 0.14208328295499087
Training loss on iteration 1100 = 0.16524295278359205
Training loss on iteration 1120 = 0.11314624257502146
Training loss on iteration 1140 = 0.1319229804794304
Training loss on iteration 1160 = 0.2084659158019349
Training loss on iteration 1180 = 0.2859263403341174
Training loss on iteration 1200 = 0.2233602896332741
Training loss on iteration 1220 = 0.1354613779578358
Training loss on iteration 1240 = 0.2663870119547937
Training loss on iteration 1260 = 0.0806951582810143
Training loss on iteration 1280 = 0.41576806877274064
Training loss on iteration 1300 = 0.30933542009443044
Training loss on iteration 1320 = 0.0714194557222072
Training loss on iteration 1340 = 0.20511580004822463
Training loss on iteration 1360 = 0.805354057799559
Training loss on iteration 1380 = 0.6536702366545797
Training loss on iteration 1400 = 0.7358310457319022
Training loss on iteration 1420 = 0.2996723304502666
Training loss on iteration 1440 = 0.3430699649907183
Training loss on iteration 1460 = 0.12266160096041859
Training loss on iteration 1480 = 0.14500172836706043
Training loss on iteration 1500 = 0.24605430935043843
Training loss on iteration 1520 = 0.20376518052071332
Training loss on iteration 1540 = 0.19480776996351779
Training loss on iteration 1560 = 0.08216820464003831
Training loss on iteration 1580 = 0.27507054405286907
Training loss on iteration 1600 = 0.4380273640388623
Training loss on iteration 1620 = 0.5688505112193525
Training loss on iteration 1640 = 0.6031550943385809
Training loss on iteration 1660 = 0.33364614569582046
Training loss on iteration 1680 = 0.17972362036816775
Training loss on iteration 1700 = 0.25567445615306494
Training loss on iteration 1720 = 0.14904431835748255
Training loss on iteration 1740 = 0.21482712735887616
Training loss on iteration 1760 = 0.13466374741401524
Training loss on iteration 1780 = 0.18082294838968666
Training loss on iteration 1800 = 0.16825863475678488
Training loss on iteration 1820 = 0.14453260835725815
Training loss on iteration 1840 = 0.22258065782225459
Training loss on iteration 1860 = 0.2003564969287254
Training loss on iteration 1880 = 0.2093585807015188
Training loss on iteration 1900 = 0.14274135921150446
Training loss on iteration 1920 = 0.25326230088248847
Training loss on iteration 1940 = 0.14026713618077338
Training loss on iteration 1960 = 0.15465697729960085
Training loss on iteration 1980 = 0.1465232155052945
Training loss on iteration 2000 = 0.3569329255260527
Training loss on iteration 2020 = 0.38628589451545847
Training loss on iteration 2040 = 0.2117047181352973
Training loss on iteration 2060 = 0.19766281098127364
Training loss on iteration 2080 = 0.2751679867506027
Training loss on iteration 2100 = 0.14728328404016794
Training loss on iteration 2120 = 0.1101975797500927
Training loss on iteration 2140 = 0.14494881472201088
Training loss on iteration 2160 = 0.22189371243584902
Training loss on iteration 2180 = 0.20121759944595397
Training loss on iteration 2200 = 0.2081295576877892
Training loss on iteration 2220 = 0.2425422111642547
Training loss on iteration 2240 = 0.24929730892181395
Training loss on iteration 2260 = 0.14506213639397175
Training loss on iteration 2280 = 0.300166240753606
Training loss on iteration 2300 = 0.26071974091464656
Training loss on iteration 2320 = 0.22392413159832358
Training loss on iteration 2340 = 0.18191170347854496
Training loss on iteration 2360 = 0.31824278784915805
Training loss on iteration 2380 = 0.38915810850448906
Training loss on iteration 2400 = 0.10894644585205242
Training loss on iteration 2420 = 0.33147147989366205
Training loss on iteration 2440 = 0.23682201700285077
Training loss on iteration 2460 = 0.211583550600335
Training loss on iteration 2480 = 0.24321463382802905
Training loss on iteration 2500 = 0.27416162882000206
Training loss on iteration 2520 = 0.12698841270175762
Training loss on iteration 2540 = 0.21559678772464394
Training loss on iteration 2560 = 0.1832200674340129
Training loss on iteration 2580 = 0.10623040571808814
Training loss on iteration 2600 = 0.2448779181810096
Training loss on iteration 2620 = 0.21916570868343116
Training loss on iteration 2640 = 0.13229418105911464
Training loss on iteration 2660 = 0.2188289286219515
Training loss on iteration 2680 = 0.16844606036320328
Training loss on iteration 2700 = 0.23121755216270684
Training loss on iteration 2720 = 0.17950059166178106
Training loss on iteration 2740 = 0.3850150063168257
Training loss on iteration 2760 = 0.18473374154418706
Training loss on iteration 2780 = 0.28594374409876766
Training loss on iteration 2800 = 0.15775199877098203
Training loss on iteration 2820 = 0.21852271133102477
Training loss on iteration 2840 = 0.17161807245574892
Training loss on iteration 2860 = 0.20350436264998278
Training loss on iteration 2880 = 0.41509709898382424
Training loss on iteration 2900 = 0.15469527279492468
Training loss on iteration 2920 = 0.14994647522689775
Training loss on iteration 2940 = 0.24260367602109909
Training loss on iteration 2960 = 0.20301287118345498
Training loss on iteration 2980 = 0.23059854623861611
Training loss on iteration 3000 = 0.21856922111473978
Training loss on iteration 3020 = 0.16736976569518447
Training loss on iteration 3040 = 0.15619511492550373
Training loss on iteration 3060 = 0.11781429225811735
Training loss on iteration 3080 = 0.13572160116164014
Training loss on iteration 3100 = 0.2875337822828442
Training loss on iteration 3120 = 0.2527923219837248
Training loss on iteration 3140 = 0.10847285371273756
Training loss on iteration 3160 = 0.13488126862066566
Training loss on iteration 3180 = 0.31991117720026524
Training loss on iteration 3200 = 0.3355675213970244
Training loss on iteration 3220 = 0.15597928911447526
Training loss on iteration 3240 = 0.3881535255117342
Training loss on iteration 3260 = 0.15081108314916492
Training loss on iteration 3280 = 0.10328344020817895
Training loss on iteration 3300 = 0.24966417833493323
Training loss on iteration 3320 = 0.4580475872382522
Training loss on iteration 3340 = 0.14856257382780313
Training loss on iteration 3360 = 0.13006777235423214
Training loss on iteration 3380 = 0.3777702526494977
Training loss on iteration 3400 = 0.24623630850110204
Training loss on iteration 3420 = 0.23564622846897693
Training loss on iteration 3440 = 0.26116896318271754
Training loss on iteration 3460 = 0.24923113053664564
Training loss on iteration 3480 = 0.10664770680014043
Training loss on iteration 3500 = 0.2823357269633561
Training loss on iteration 3520 = 0.1734202289255336
Training loss on iteration 3540 = 0.23258035506587477
Training loss on iteration 3560 = 0.13961794713977724
Training loss on iteration 3580 = 0.426167107373476
Training loss on iteration 3600 = 0.5037258172407746
Training loss on iteration 3620 = 0.42405439123976973
Training loss on iteration 3640 = 0.18287370670586825
Training loss on iteration 3660 = 0.20410737423226238
Training loss on iteration 3680 = 0.2805166023783386
Training loss on iteration 3700 = 0.1613474002573639
Training loss on iteration 3720 = 0.1484505924861878
Training loss on iteration 3740 = 0.2563399872393347
Training loss on iteration 3760 = 0.21120802871882915
Training loss on iteration 3780 = 0.18161715008318424
Training loss on iteration 3800 = 0.14319490182679145
Training loss on iteration 3820 = 0.32010511253029106
Training loss on iteration 3840 = 0.1581974893808365
Training loss on iteration 3860 = 0.4767701743170619
Training loss on iteration 3880 = 0.2953747044317424
Training loss on iteration 3900 = 0.5672361487988382
Training loss on iteration 3920 = 0.7842144756228663
Training loss on iteration 3940 = 0.5344023164361715
Training loss on iteration 3960 = 0.42743468284606934
Training loss on iteration 3980 = 0.3327375028282404
Training loss on iteration 4000 = 0.2545978548005223
Training loss on iteration 4020 = 0.2667553166858852
Training loss on iteration 4040 = 0.2945179261267185
Training loss on iteration 4060 = 0.2974783906713128
Training loss on iteration 4080 = 0.35866586342453954
Training loss on iteration 4100 = 0.2923791114706546
Training loss on iteration 4120 = 0.2115638293325901
Training loss on iteration 4140 = 0.3770153710618615
Training loss on iteration 4160 = 0.19765611551702023
Training loss on iteration 4180 = 0.26757173872319984
Training loss on iteration 4200 = 0.18449250110425056
Training loss on iteration 4220 = 0.30360654592514036
Training loss on iteration 4240 = 0.23393769534304737
Training loss on iteration 4260 = 0.23268194873817266
Training loss on iteration 4280 = 0.2061894846148789
Training loss on iteration 4300 = 0.28569052591919897
Training loss on iteration 4320 = 0.23775100600905716
Training loss on iteration 4340 = 0.46879238516557964
Training loss on iteration 4360 = 0.32436995808966457
Training loss on iteration 4380 = 0.3015634411945939
Training loss on iteration 4400 = 0.17367089372128247
Training loss on iteration 4420 = 0.126733450347092
Training loss on iteration 4440 = 0.1527734300121665
Training loss on iteration 4460 = 0.1780267596244812
Training loss on iteration 4480 = 0.18693757485598325
Training loss on iteration 4500 = 0.30951269902288914
Training loss on iteration 4520 = 0.421303865686059
Training loss on iteration 4540 = 0.27497571930289266
Training loss on iteration 4560 = 0.13774331929162145
Training loss on iteration 4580 = 0.1606076808879152
Training loss on iteration 4600 = 0.2948637072462589
Training loss on iteration 4620 = 0.12789682045113296
Training loss on iteration 4640 = 0.15521267141448333
Training loss on iteration 4660 = 0.1405498628038913
Training loss on iteration 4680 = 0.1308189107105136
Training loss on iteration 4700 = 0.18892670415807516
Training loss on iteration 4720 = 0.13046871682163327
Training loss on iteration 4740 = 0.20194596191868186
Training loss on iteration 4760 = 0.12851650519296526
Training loss on iteration 4780 = 0.15496028455672786
Training loss on iteration 4800 = 0.29387893571984025
Training loss on iteration 4820 = 0.14214585962472484
Training loss on iteration 4840 = 0.27163879612926395
Training loss on iteration 4860 = 0.12112466143444181
Training loss on iteration 4880 = 0.3343877499457449
Training loss on iteration 4900 = 0.23570024836808443
Training loss on iteration 4920 = 0.20545809989562258
Training loss on iteration 4940 = 0.2896574001293629
Training loss on iteration 4960 = 0.29312939662486315
Training loss on iteration 4980 = 0.39656436850782484
Training loss on iteration 5000 = 0.18402729239314794
Training loss on iteration 5020 = 0.15534060830250382
Training loss on iteration 5040 = 0.1739047383889556
Training loss on iteration 5060 = 0.17981239818036557
Training loss on iteration 5080 = 0.10951170218177139
Training loss on iteration 5100 = 0.19385702926665543
Training loss on iteration 5120 = 0.07143716309219598
Training loss on iteration 5140 = 0.16301368195563554
Training loss on iteration 5160 = 0.3423114157281816
Training loss on iteration 5180 = 0.22123550889082252
Training loss on iteration 5200 = 0.10419042501598597
Training loss on iteration 5220 = 0.16527345152571798
Training loss on iteration 5240 = 0.09099316622596235
Training loss on iteration 5260 = 0.27658753360592525
Training loss on iteration 5280 = 0.13026486742310225
Training loss on iteration 5300 = 0.14455251228064298
Training loss on iteration 5320 = 0.16524021883960813
Training loss on iteration 5340 = 0.2085341484285891
Training loss on iteration 5360 = 0.15686499532312154
Training loss on iteration 5380 = 0.21585289009381087
Training loss on iteration 5400 = 0.3214749748352915
Training loss on iteration 5420 = 0.2426123773213476
Training loss on iteration 5440 = 0.17671159822493793
Training loss on iteration 5460 = 0.15587576115503907
Training loss on iteration 5480 = 0.10249942087102681
Training loss on iteration 5500 = 0.2365070110070519
Training loss on iteration 5520 = 0.1675920649431646
Training loss on iteration 5540 = 0.3314516674960032
Training loss on iteration 5560 = 0.19846906196326017
Training loss on iteration 5580 = 0.2000008484814316
Training loss on iteration 5600 = 0.16563466272782534
### EVAL:: Epoch 6:: Loss = 0.28708902840239886 :: ACC = 0.9115091761030847, AUC = 0.4242148974243607, EER = 0.5371925029285436
Training on epoch 7
Training loss on iteration 0 = 0.19036468863487244
Training loss on iteration 20 = 0.2187961102463305
Training loss on iteration 40 = 0.1104792483674828
Training loss on iteration 60 = 0.22825122927315533
Training loss on iteration 80 = 0.22684388859197496
Training loss on iteration 100 = 0.1884349043481052
Training loss on iteration 120 = 0.1837688320549205
Training loss on iteration 140 = 0.23691545343026518
Training loss on iteration 160 = 0.17034975364804267
Training loss on iteration 180 = 0.1581996691878885
Training loss on iteration 200 = 0.40381407130043956
Training loss on iteration 220 = 0.37034335527569057
Training loss on iteration 240 = 0.29120811112225053
Training loss on iteration 260 = 0.2546442233026028
Training loss on iteration 280 = 0.19486572947353126
Training loss on iteration 300 = 0.43065682109445336
Training loss on iteration 320 = 0.35012955544516444
Training loss on iteration 340 = 0.2538630568422377
Training loss on iteration 360 = 0.19216093653813004
Training loss on iteration 380 = 0.20508683468215166
Training loss on iteration 400 = 0.18415215185377748
Training loss on iteration 420 = 0.18838421011460013
Training loss on iteration 440 = 0.3501908377744257
Training loss on iteration 460 = 0.26406554989516734
Training loss on iteration 480 = 0.19843733105808498
Training loss on iteration 500 = 0.2860857482999563
Training loss on iteration 520 = 0.2362817930057645
Training loss on iteration 540 = 0.14417450595647097
Training loss on iteration 560 = 0.11374374359147624
Training loss on iteration 580 = 0.20551505824550986
Training loss on iteration 600 = 0.2732713267207146
Training loss on iteration 620 = 0.2320190935395658
Training loss on iteration 640 = 0.2004052824806422
Training loss on iteration 660 = 0.16016710130497813
Training loss on iteration 680 = 0.23038907591253519
Training loss on iteration 700 = 0.3039675203152001
Training loss on iteration 720 = 0.42745117750018835
Training loss on iteration 740 = 0.1437445058254525
Training loss on iteration 760 = 0.16207679257495328
Training loss on iteration 780 = 0.2375819562934339
Training loss on iteration 800 = 0.08936470353510231
Training loss on iteration 820 = 0.21722247612196952
Training loss on iteration 840 = 0.08743524009769317
Training loss on iteration 860 = 0.24003467452712357
Training loss on iteration 880 = 0.12934574116952718
Training loss on iteration 900 = 0.25988238882273434
Training loss on iteration 920 = 0.25497638755477964
Training loss on iteration 940 = 0.20449419385986403
Training loss on iteration 960 = 0.4119622923142742
Training loss on iteration 980 = 0.2713270649313927
Training loss on iteration 1000 = 0.40565147579181937
Training loss on iteration 1020 = 0.30831733709201214
Training loss on iteration 1040 = 0.3532844239613041
Training loss on iteration 1060 = 0.23737681123311632
Training loss on iteration 1080 = 0.8098085033707321
Training loss on iteration 1100 = 0.5605740940198303
Training loss on iteration 1120 = 0.3097701577120461
Training loss on iteration 1140 = 0.22116238679736852
Training loss on iteration 1160 = 0.18454762734472752
Training loss on iteration 1180 = 0.14468755745328962
Training loss on iteration 1200 = 0.4836653547245078
Training loss on iteration 1220 = 0.36134847276844084
Training loss on iteration 1240 = 0.199121970590204
Training loss on iteration 1260 = 0.20652171783149242
Training loss on iteration 1280 = 0.18264237458352
Training loss on iteration 1300 = 0.18176659964956343
Training loss on iteration 1320 = 0.17547605955041945
Training loss on iteration 1340 = 0.23422557190060617
Training loss on iteration 1360 = 0.16879543964751065
Training loss on iteration 1380 = 0.21235738708637655
Training loss on iteration 1400 = 0.24722418044693767
Training loss on iteration 1420 = 0.2947482582181692
Training loss on iteration 1440 = 0.2494754008948803
Training loss on iteration 1460 = 0.156968287890777
Training loss on iteration 1480 = 0.18054592041298748
Training loss on iteration 1500 = 0.10518510511610657
Training loss on iteration 1520 = 0.1627649849280715
Training loss on iteration 1540 = 0.29634365485981107
Training loss on iteration 1560 = 0.2302315098932013
Training loss on iteration 1580 = 0.12959804476704448
Training loss on iteration 1600 = 0.19364989176392555
Training loss on iteration 1620 = 0.14603747290093452
Training loss on iteration 1640 = 0.061257373652188106
Training loss on iteration 1660 = 0.2414750626368914
Training loss on iteration 1680 = 0.22381232590414585
Training loss on iteration 1700 = 0.1718670421745628
Training loss on iteration 1720 = 0.28874105159193275
Training loss on iteration 1740 = 0.31400007493793963
Training loss on iteration 1760 = 0.17840955429710448
Training loss on iteration 1780 = 0.20015220884233714
Training loss on iteration 1800 = 0.14489885619841517
Training loss on iteration 1820 = 0.10813944305991754
Training loss on iteration 1840 = 0.08502999278716743
Training loss on iteration 1860 = 0.10795956599758938
Training loss on iteration 1880 = 0.19022500256542116
Training loss on iteration 1900 = 0.18294525016099214
Training loss on iteration 1920 = 0.10883742219302803
Training loss on iteration 1940 = 0.11640370717504993
Training loss on iteration 1960 = 0.1352459733025171
Training loss on iteration 1980 = 0.1218736028764397
Training loss on iteration 2000 = 0.15081602851860226
Training loss on iteration 2020 = 0.17313760975375772
Training loss on iteration 2040 = 0.17296345294453203
Training loss on iteration 2060 = 0.22361517776735126
Training loss on iteration 2080 = 0.2529293856699951
Training loss on iteration 2100 = 0.21237210833933204
Training loss on iteration 2120 = 0.2175781339639798
Training loss on iteration 2140 = 0.17718240345129743
Training loss on iteration 2160 = 0.10332665607566013
Training loss on iteration 2180 = 0.13255786584923043
Training loss on iteration 2200 = 0.23936851011822
Training loss on iteration 2220 = 0.2396042096428573
Training loss on iteration 2240 = 0.1131625133799389
Training loss on iteration 2260 = 0.13748123821569608
Training loss on iteration 2280 = 0.12797980243340135
Training loss on iteration 2300 = 0.0885913496138528
Training loss on iteration 2320 = 0.18395533649018034
Training loss on iteration 2340 = 0.20544314333274089
Training loss on iteration 2360 = 0.11525301687943283
Training loss on iteration 2380 = 0.2845600502565503
Training loss on iteration 2400 = 0.16667128512635826
Training loss on iteration 2420 = 0.10074060782790184
Training loss on iteration 2440 = 0.34553291399934094
Training loss on iteration 2460 = 0.27096486575901507
Training loss on iteration 2480 = 0.2007841205224395
Training loss on iteration 2500 = 0.08690751327667386
Training loss on iteration 2520 = 0.27093957965262233
Training loss on iteration 2540 = 0.2016650265082717
Training loss on iteration 2560 = 0.24600977529771625
Training loss on iteration 2580 = 0.19964870293624698
Training loss on iteration 2600 = 0.15600150409154595
Training loss on iteration 2620 = 0.205950411176309
Training loss on iteration 2640 = 0.23278437312692404
Training loss on iteration 2660 = 0.15175836812704802
Training loss on iteration 2680 = 0.10265539130195975
Training loss on iteration 2700 = 0.14478511582128703
Training loss on iteration 2720 = 0.24025624199421144
Training loss on iteration 2740 = 0.11460389465792105
Training loss on iteration 2760 = 0.24749445215566085
Training loss on iteration 2780 = 0.32747999681159856
Training loss on iteration 2800 = 0.1813936446327716
Training loss on iteration 2820 = 0.19417447143932803
Training loss on iteration 2840 = 0.152519686287269
Training loss on iteration 2860 = 0.17955138956895098
Training loss on iteration 2880 = 0.27758255024673417
Training loss on iteration 2900 = 0.0943107389495708
Training loss on iteration 2920 = 0.20870794106740503
Training loss on iteration 2940 = 0.14796491619199514
Training loss on iteration 2960 = 0.1917175785114523
Training loss on iteration 2980 = 0.2576060798019171
Training loss on iteration 3000 = 0.25790134167764334
Training loss on iteration 3020 = 0.1912454480305314
Training loss on iteration 3040 = 0.29339617914520205
Training loss on iteration 3060 = 0.19489637752994896
Training loss on iteration 3080 = 0.1984148301417008
Training loss on iteration 3100 = 0.08602745219832286
Training loss on iteration 3120 = 0.18674928355030715
Training loss on iteration 3140 = 0.20580813083797694
Training loss on iteration 3160 = 0.18243531407788396
Training loss on iteration 3180 = 0.3017297473270446
Training loss on iteration 3200 = 0.3112247189506888
Training loss on iteration 3220 = 0.1453778875176795
Training loss on iteration 3240 = 0.15266639075707644
Training loss on iteration 3260 = 0.18331485468661413
Training loss on iteration 3280 = 0.18299375595524908
Training loss on iteration 3300 = 0.19571406859904528
Training loss on iteration 3320 = 0.23117252052761614
Training loss on iteration 3340 = 0.2011388745435397
Training loss on iteration 3360 = 0.1803457919828361
Training loss on iteration 3380 = 0.12420635235030204
Training loss on iteration 3400 = 0.24683284126222133
Training loss on iteration 3420 = 0.32674705851823094
Training loss on iteration 3440 = 0.6375497150467708
Training loss on iteration 3460 = 0.47716134749352934
Training loss on iteration 3480 = 0.6634273777715862
Training loss on iteration 3500 = 0.4686231103318278
Training loss on iteration 3520 = 0.283811182086356
Training loss on iteration 3540 = 0.30334183275699617
Training loss on iteration 3560 = 0.33308243537321686
Training loss on iteration 3580 = 0.364204463158967
Training loss on iteration 3600 = 0.333571420237422
Training loss on iteration 3620 = 0.25445280177518725
Training loss on iteration 3640 = 0.12396039697341621
Training loss on iteration 3660 = 0.17221070856321602
Training loss on iteration 3680 = 0.10476192352361977
Training loss on iteration 3700 = 0.10598666929581668
Training loss on iteration 3720 = 0.1414704257476842
Training loss on iteration 3740 = 0.20348332837456837
Training loss on iteration 3760 = 0.354372788220644
Training loss on iteration 3780 = 0.16258916952647268
Training loss on iteration 3800 = 0.11208726757322438
Training loss on iteration 3820 = 0.139972645213129
Training loss on iteration 3840 = 0.1159700293908827
Training loss on iteration 3860 = 0.12278279656311497
Training loss on iteration 3880 = 0.07157306538429112
Training loss on iteration 3900 = 0.1604410193860531
Training loss on iteration 3920 = 0.2261249938979745
Training loss on iteration 3940 = 0.2025415558833629
Training loss on iteration 3960 = 0.20247968141920863
Training loss on iteration 3980 = 0.1132397897017654
Training loss on iteration 4000 = 0.1380060976371169
Training loss on iteration 4020 = 0.1919660571962595
Training loss on iteration 4040 = 0.2112817011307925
Training loss on iteration 4060 = 0.2544459803029895
Training loss on iteration 4080 = 0.2604052067035809
Training loss on iteration 4100 = 0.1416471872711554
Training loss on iteration 4120 = 0.19072473961859943
Training loss on iteration 4140 = 0.17367446054704488
Training loss on iteration 4160 = 0.18496170975267887
Training loss on iteration 4180 = 0.1391517912968993
Training loss on iteration 4200 = 0.10951726967468858
Training loss on iteration 4220 = 0.14954721375834196
Training loss on iteration 4240 = 0.24588648951612413
Training loss on iteration 4260 = 0.2904197202064097
Training loss on iteration 4280 = 0.14699619743041695
Training loss on iteration 4300 = 0.13110855679842642
Training loss on iteration 4320 = 0.19661451868596486
Training loss on iteration 4340 = 0.1702540404163301
Training loss on iteration 4360 = 0.1367085713078268
Training loss on iteration 4380 = 0.08996576401405036
Training loss on iteration 4400 = 0.15405296492390336
Training loss on iteration 4420 = 0.17432875537779183
Training loss on iteration 4440 = 0.16655355775728822
Training loss on iteration 4460 = 0.0871591160655953
Training loss on iteration 4480 = 0.17997187845176085
Training loss on iteration 4500 = 0.20841223471798004
Training loss on iteration 4520 = 0.2268336247652769
Training loss on iteration 4540 = 0.09628121926798486
Training loss on iteration 4560 = 0.17344744849251584
Training loss on iteration 4580 = 0.07881505033292342
Training loss on iteration 4600 = 0.13495943862944842
Training loss on iteration 4620 = 0.04622634160332382
Training loss on iteration 4640 = 0.14875783121970015
Training loss on iteration 4660 = 0.09631060694810004
Training loss on iteration 4680 = 0.18790955102303997
Training loss on iteration 4700 = 0.06590781309641898
Training loss on iteration 4720 = 0.16943621634854936
Training loss on iteration 4740 = 0.11259065001504495
Training loss on iteration 4760 = 0.16575335119850934
Training loss on iteration 4780 = 0.19804921112954615
Training loss on iteration 4800 = 0.12857731381664053
Training loss on iteration 4820 = 0.20220860490808262
Training loss on iteration 4840 = 0.14723519375547767
Training loss on iteration 4860 = 0.14138317997567357
Training loss on iteration 4880 = 0.25718333790428005
Training loss on iteration 4900 = 0.21460298025049268
Training loss on iteration 4920 = 0.13019167542806825
Training loss on iteration 4940 = 0.2317360610657488
Training loss on iteration 4960 = 0.36109032499807653
Training loss on iteration 4980 = 0.1642983461963013
Training loss on iteration 5000 = 0.1118112052907236
Training loss on iteration 5020 = 0.2977764039882459
Training loss on iteration 5040 = 0.3200403167400509
Training loss on iteration 5060 = 0.5747116697020829
Training loss on iteration 5080 = 1.2598596725612878
Training loss on iteration 5100 = 0.8022165347356349
Training loss on iteration 5120 = 0.32114885676419364
Training loss on iteration 5140 = 0.23184890610864387
Training loss on iteration 5160 = 0.5647880385324242
Training loss on iteration 5180 = 1.0823672028258442
Training loss on iteration 5200 = 0.3193441093317233
Training loss on iteration 5220 = 0.24242559112608433
Training loss on iteration 5240 = 0.2161108382511884
Training loss on iteration 5260 = 0.20951093602925538
Training loss on iteration 5280 = 0.1632496187929064
Training loss on iteration 5300 = 0.2318030706141144
Training loss on iteration 5320 = 0.24981458218535407
Training loss on iteration 5340 = 0.1438688651425764
Training loss on iteration 5360 = 0.2123466451652348
Training loss on iteration 5380 = 0.21536020552739502
Training loss on iteration 5400 = 0.15390797585714608
Training loss on iteration 5420 = 0.1904783509671688
Training loss on iteration 5440 = 0.14971930561587216
Training loss on iteration 5460 = 0.18797734002582728
Training loss on iteration 5480 = 0.12645716611295937
Training loss on iteration 5500 = 0.14776470264187083
Training loss on iteration 5520 = 0.1315812996472232
Training loss on iteration 5540 = 0.18298526625148953
Training loss on iteration 5560 = 0.1966590011958033
Training loss on iteration 5580 = 0.18938013995066286
Training loss on iteration 5600 = 0.20028916182927786
### EVAL:: Epoch 7:: Loss = 0.10796006126424754 :: ACC = 0.9651991409605623, AUC = 0.3639661747694406, EER = 0.6210464662241312
Training on epoch 8
Training loss on iteration 0 = 0.40119290351867676
Training loss on iteration 20 = 0.17806726619601249
Training loss on iteration 40 = 0.15455421395599842
Training loss on iteration 60 = 0.12717968628276138
Training loss on iteration 80 = 0.10867276173084975
Training loss on iteration 100 = 0.1943561578169465
Training loss on iteration 120 = 0.16275846107746475
Training loss on iteration 140 = 0.17852389959152787
Training loss on iteration 160 = 0.14507629666477442
Training loss on iteration 180 = 0.15888605145737528
Training loss on iteration 200 = 0.14509394764900208
Training loss on iteration 220 = 0.1321765268687159
Training loss on iteration 240 = 0.22543654656037687
Training loss on iteration 260 = 0.1583753250539303
Training loss on iteration 280 = 0.2023694919422269
Training loss on iteration 300 = 0.16850753624457865
Training loss on iteration 320 = 0.11287598415510729
Training loss on iteration 340 = 0.21071525551378728
Training loss on iteration 360 = 0.1444889375474304
Training loss on iteration 380 = 0.14180721541051752
Training loss on iteration 400 = 0.11977956660848577
Training loss on iteration 420 = 0.10963929817080498
Training loss on iteration 440 = 0.1212446681689471
Training loss on iteration 460 = 0.23708131816383685
Training loss on iteration 480 = 0.21670702314004303
Training loss on iteration 500 = 0.2089345959946513
Training loss on iteration 520 = 0.1551684605074115
Training loss on iteration 540 = 0.10456143107730895
Training loss on iteration 560 = 0.14906101366505026
Training loss on iteration 580 = 0.13385063144378365
Training loss on iteration 600 = 0.11265516798594036
Training loss on iteration 620 = 0.12998406651895494
Training loss on iteration 640 = 0.1999698485247791
Training loss on iteration 660 = 0.1346552414353937
Training loss on iteration 680 = 0.21333903977647423
Training loss on iteration 700 = 0.2737874673330225
Training loss on iteration 720 = 0.27619630862027406
Training loss on iteration 740 = 0.18285594996996224
Training loss on iteration 760 = 0.13811861556023358
Training loss on iteration 780 = 0.2015240872744471
Training loss on iteration 800 = 0.3017659155302681
Training loss on iteration 820 = 0.19599610941368156
Training loss on iteration 840 = 0.28605041160190015
Training loss on iteration 860 = 0.22890050313435495
Training loss on iteration 880 = 0.12546152744907885
Training loss on iteration 900 = 0.11446745048742742
Training loss on iteration 920 = 0.11441743009490893
Training loss on iteration 940 = 0.23984021367505193
Training loss on iteration 960 = 0.1871983285062015
Training loss on iteration 980 = 0.17279174411669374
Training loss on iteration 1000 = 0.2318360215285793
Training loss on iteration 1020 = 0.12279919059947134
Training loss on iteration 1040 = 0.09176766216987745
Training loss on iteration 1060 = 0.0987798272370128
Training loss on iteration 1080 = 0.2484129353426397
Training loss on iteration 1100 = 0.18609512359835206
Training loss on iteration 1120 = 0.1772210610943148
Training loss on iteration 1140 = 0.1864177725277841
Training loss on iteration 1160 = 0.10408672434277833
Training loss on iteration 1180 = 0.2045500754378736
Training loss on iteration 1200 = 0.24059474961832167
Training loss on iteration 1220 = 0.1462287115282379
Training loss on iteration 1240 = 0.12914884127676488
Training loss on iteration 1260 = 0.15947872146730332
Training loss on iteration 1280 = 0.14416035048197956
Training loss on iteration 1300 = 0.15599613636732101
Training loss on iteration 1320 = 0.1658588915131986
Training loss on iteration 1340 = 0.2027998030396702
Training loss on iteration 1360 = 0.07840786802116781
Training loss on iteration 1380 = 0.1686152791211498
Training loss on iteration 1400 = 0.11867889291606844
Training loss on iteration 1420 = 0.18222855853382497
Training loss on iteration 1440 = 0.11222714773612097
Training loss on iteration 1460 = 0.13937467902433126
Training loss on iteration 1480 = 0.17326988090062515
Training loss on iteration 1500 = 0.16134415566921234
Training loss on iteration 1520 = 0.17726349048316478
Training loss on iteration 1540 = 0.17098387598525733
Training loss on iteration 1560 = 0.10488234821241349
Training loss on iteration 1580 = 0.17757398558896967
Training loss on iteration 1600 = 0.32807261776179075
Training loss on iteration 1620 = 0.29895349415019157
Training loss on iteration 1640 = 0.1478487217798829
Training loss on iteration 1660 = 0.21887144800275565
Training loss on iteration 1680 = 0.1731317094352562
Training loss on iteration 1700 = 0.2026641707518138
Training loss on iteration 1720 = 0.17621804685331882
Training loss on iteration 1740 = 0.3079231636598706
Training loss on iteration 1760 = 0.22112652591895313
Training loss on iteration 1780 = 0.24218787189893193
Training loss on iteration 1800 = 0.24319363231770694
Training loss on iteration 1820 = 0.3541641945950687
Training loss on iteration 1840 = 0.31904530752217397
Training loss on iteration 1860 = 0.18379736171118566
Training loss on iteration 1880 = 0.07128008330473676
Training loss on iteration 1900 = 0.17483938845107333
Training loss on iteration 1920 = 0.2610500008799136
Training loss on iteration 1940 = 0.11946479993057438
Training loss on iteration 1960 = 0.26380592804634945
Training loss on iteration 1980 = 0.192918679502327
Training loss on iteration 2000 = 0.19723286275402643
Training loss on iteration 2020 = 0.1903549204347655
Training loss on iteration 2040 = 0.1011885073967278
Training loss on iteration 2060 = 0.21198069350793958
Training loss on iteration 2080 = 0.17165747222607025
Training loss on iteration 2100 = 0.07639083598041907
Training loss on iteration 2120 = 0.1551874059252441
Training loss on iteration 2140 = 0.2681967045309648
Training loss on iteration 2160 = 0.05770449877018109
Training loss on iteration 2180 = 0.32173079600324855
Training loss on iteration 2200 = 0.2067412852309644
Training loss on iteration 2220 = 0.14424965426733252
Training loss on iteration 2240 = 0.19642362003214658
Training loss on iteration 2260 = 0.17256119847297668
Training loss on iteration 2280 = 0.30558203629916536
Training loss on iteration 2300 = 0.1704896573908627
Training loss on iteration 2320 = 0.20155538289109245
Training loss on iteration 2340 = 0.08329593056696467
Training loss on iteration 2360 = 0.04966583654895658
Training loss on iteration 2380 = 0.18488835386233404
Training loss on iteration 2400 = 0.3807771969586611
Training loss on iteration 2420 = 0.12940696764271706
Training loss on iteration 2440 = 0.18094133459962905
Training loss on iteration 2460 = 0.19634388478007167
Training loss on iteration 2480 = 0.13482907328289
Training loss on iteration 2500 = 0.16714636054239235
Training loss on iteration 2520 = 0.11131737560499459
Training loss on iteration 2540 = 0.07707301783957518
Training loss on iteration 2560 = 0.18447478537564166
Training loss on iteration 2580 = 0.15696703139692544
Training loss on iteration 2600 = 0.12833634609123692
Training loss on iteration 2620 = 0.2624559122254141
Training loss on iteration 2640 = 0.21427158322185277
Training loss on iteration 2660 = 0.07486000516219064
Training loss on iteration 2680 = 0.16877243997296318
Training loss on iteration 2700 = 0.14009323555510492
Training loss on iteration 2720 = 0.13003072323044762
Training loss on iteration 2740 = 0.17028965246863664
Training loss on iteration 2760 = 0.13617648859508336
Training loss on iteration 2780 = 0.11629011883633211
Training loss on iteration 2800 = 0.17035844284109772
Training loss on iteration 2820 = 0.17836390703450888
Training loss on iteration 2840 = 0.13025230932980775
Training loss on iteration 2860 = 0.26933631736319513
Training loss on iteration 2880 = 0.19730349448509515
Training loss on iteration 2900 = 0.16317535432754085
Training loss on iteration 2920 = 0.21693392888701055
Training loss on iteration 2940 = 0.28363076439127327
Training loss on iteration 2960 = 0.24796600436675362
Training loss on iteration 2980 = 0.15607135402970015
Training loss on iteration 3000 = 0.23704839216079562
Training loss on iteration 3020 = 0.1482131438795477
Training loss on iteration 3040 = 0.13798767967964523
Training loss on iteration 3060 = 0.12309139162534848
Training loss on iteration 3080 = 0.13981862374930643
Training loss on iteration 3100 = 0.1446121182059869
Training loss on iteration 3120 = 0.11862038545950782
Training loss on iteration 3140 = 0.17258047263603657
Training loss on iteration 3160 = 0.23454708331264557
Training loss on iteration 3180 = 0.17074835371458902
Training loss on iteration 3200 = 0.1855111308861524
Training loss on iteration 3220 = 0.19927515111630784
Training loss on iteration 3240 = 0.073956170771271
Training loss on iteration 3260 = 0.22384215472266078
Training loss on iteration 3280 = 0.12489055944606661
Training loss on iteration 3300 = 0.16803407625993713
Training loss on iteration 3320 = 0.18483850630000234
Training loss on iteration 3340 = 0.28944737265701403
Training loss on iteration 3360 = 0.20668038884177803
Training loss on iteration 3380 = 0.32491201315424406
Training loss on iteration 3400 = 0.20231424579396845
Training loss on iteration 3420 = 0.26708482834510505
Training loss on iteration 3440 = 0.09875232051126659
Training loss on iteration 3460 = 0.19262515144655482
Training loss on iteration 3480 = 0.1572906740475446
Training loss on iteration 3500 = 0.16540092998184264
Training loss on iteration 3520 = 0.23826757790520786
Training loss on iteration 3540 = 0.17321240753517486
Training loss on iteration 3560 = 0.30126817893469704
Training loss on iteration 3580 = 0.1826498420909047
Training loss on iteration 3600 = 0.13798429880989715
Training loss on iteration 3620 = 0.13245030553080142
Training loss on iteration 3640 = 0.21892034935299307
Training loss on iteration 3660 = 0.14004918803693728
Training loss on iteration 3680 = 0.28294276241213084
Training loss on iteration 3700 = 0.19880131445243024
Training loss on iteration 3720 = 0.1455937875667587
Training loss on iteration 3740 = 0.08022598043316975
Training loss on iteration 3760 = 0.25008048918098214
Training loss on iteration 3780 = 0.24782785438001156
Training loss on iteration 3800 = 0.11543019708769861
Training loss on iteration 3820 = 0.06410181820974685
Training loss on iteration 3840 = 0.1510529317707551
Training loss on iteration 3860 = 0.1337785258423537
Training loss on iteration 3880 = 0.5965609538921853
Training loss on iteration 3900 = 0.31828490402549503
Training loss on iteration 3920 = 0.21534302060026675
Training loss on iteration 3940 = 0.20510361560154705
Training loss on iteration 3960 = 0.13455766373081132
Training loss on iteration 3980 = 0.17686686188390013
Training loss on iteration 4000 = 0.14963674083119258
Training loss on iteration 4020 = 0.13843145254068076
Training loss on iteration 4040 = 0.130167876300402
Training loss on iteration 4060 = 0.14097461947239937
Training loss on iteration 4080 = 0.18950385274365544
Training loss on iteration 4100 = 0.15166241372935474
Training loss on iteration 4120 = 0.15768239213502966
Training loss on iteration 4140 = 0.19433588174870237
Training loss on iteration 4160 = 0.25814258996397255
Training loss on iteration 4180 = 0.06765617929631844
Training loss on iteration 4200 = 0.3996411615982652
Training loss on iteration 4220 = 0.24848570047906832
Training loss on iteration 4240 = 0.38508075156714766
Training loss on iteration 4260 = 0.31576063148677347
Training loss on iteration 4280 = 0.1887582811541506
Training loss on iteration 4300 = 0.15792123515857384
Training loss on iteration 4320 = 0.1770640490576625
Training loss on iteration 4340 = 0.1807020581967663
Training loss on iteration 4360 = 0.17350302612176166
Training loss on iteration 4380 = 0.2687192467041314
Training loss on iteration 4400 = 0.15622455016127787
Training loss on iteration 4420 = 0.26853293182794
Training loss on iteration 4440 = 0.20948144950671121
Training loss on iteration 4460 = 0.35946823689155283
Training loss on iteration 4480 = 0.1446251763496548
Training loss on iteration 4500 = 0.22811275072745046
Training loss on iteration 4520 = 0.14034528778865935
Training loss on iteration 4540 = 0.1103331331978552
Training loss on iteration 4560 = 0.23803060167410878
Training loss on iteration 4580 = 0.07294005535077304
Training loss on iteration 4600 = 0.12646311642602087
Training loss on iteration 4620 = 0.09371713034342974
Training loss on iteration 4640 = 0.15083485525101423
Training loss on iteration 4660 = 0.2599649066105485
Training loss on iteration 4680 = 0.1768183358479291
Training loss on iteration 4700 = 0.23616188638843597
Training loss on iteration 4720 = 0.2785566560924053
Training loss on iteration 4740 = 0.20650548748162692
Training loss on iteration 4760 = 0.14963922242309308
Training loss on iteration 4780 = 0.09899635432520881
Training loss on iteration 4800 = 0.1716637970879674
Training loss on iteration 4820 = 0.37572919330559673
Training loss on iteration 4840 = 0.26171623412519696
Training loss on iteration 4860 = 0.17792811391700525
Training loss on iteration 4880 = 0.27503632616717366
Training loss on iteration 4900 = 0.135459108336363
Training loss on iteration 4920 = 0.25149752765428274
Training loss on iteration 4940 = 0.25475038969889285
Training loss on iteration 4960 = 0.17825408358767164
Training loss on iteration 4980 = 0.22149292482063174
Training loss on iteration 5000 = 0.20577963422983886
Training loss on iteration 5020 = 0.08450939855538309
Training loss on iteration 5040 = 0.19688412675168365
Training loss on iteration 5060 = 0.1046504971163813
Training loss on iteration 5080 = 0.16570076378411613
Training loss on iteration 5100 = 0.10453066572081297
Training loss on iteration 5120 = 0.07733304994180798
Training loss on iteration 5140 = 0.169078308227472
Training loss on iteration 5160 = 0.16924953116104008
Training loss on iteration 5180 = 0.09933970646816306
Training loss on iteration 5200 = 0.3920789357274771
Training loss on iteration 5220 = 0.17797227661358192
Training loss on iteration 5240 = 0.156479720104835
Training loss on iteration 5260 = 0.15156669575953857
Training loss on iteration 5280 = 0.13843252949882298
Training loss on iteration 5300 = 0.12210298720747233
Training loss on iteration 5320 = 0.20396665561711416
Training loss on iteration 5340 = 0.14908734762575476
Training loss on iteration 5360 = 0.089499494608026
Training loss on iteration 5380 = 0.13612830684287475
Training loss on iteration 5400 = 0.08166566851141396
Training loss on iteration 5420 = 0.14131569192977622
Training loss on iteration 5440 = 0.14524055351503193
Training loss on iteration 5460 = 0.2190602764720097
Training loss on iteration 5480 = 0.1589297436410561
Training loss on iteration 5500 = 0.08601813261630013
Training loss on iteration 5520 = 0.17292045307694934
Training loss on iteration 5540 = 0.22748568933457136
Training loss on iteration 5560 = 0.198429979220964
Training loss on iteration 5580 = 0.18306083034258336
Training loss on iteration 5600 = 0.19343094303039834
### EVAL:: Epoch 8:: Loss = 0.05979397225256617 :: ACC = 0.9776454509957048, AUC = 0.26501578489922045, EER = 0.6534556813744631
Training on epoch 9
Training loss on iteration 0 = 0.1581011861562729
Training loss on iteration 20 = 0.12432786459103226
Training loss on iteration 40 = 0.13586205135798082
Training loss on iteration 60 = 0.12116562018636615
Training loss on iteration 80 = 0.20643238266929984
Training loss on iteration 100 = 0.16830002134665847
Training loss on iteration 120 = 0.16869076102157124
Training loss on iteration 140 = 0.10982055556960404
Training loss on iteration 160 = 0.17361831703456118
Training loss on iteration 180 = 0.15738823874853552
Training loss on iteration 200 = 0.16682320218533278
Training loss on iteration 220 = 0.1519116848241538
Training loss on iteration 240 = 0.22953500766307117
Training loss on iteration 260 = 0.351947452314198
Training loss on iteration 280 = 0.17761602438986301
Training loss on iteration 300 = 0.1582154800882563
Training loss on iteration 320 = 0.17147893379442394
Training loss on iteration 340 = 0.1975137076282408
Training loss on iteration 360 = 0.1047256171295885
Training loss on iteration 380 = 0.1323495651166013
Training loss on iteration 400 = 0.2913619371596724
Training loss on iteration 420 = 0.19380835834890603
Training loss on iteration 440 = 0.22537174356402828
Training loss on iteration 460 = 0.14991197937051765
Training loss on iteration 480 = 0.3601416785502806
Training loss on iteration 500 = 0.4568885451182723
Training loss on iteration 520 = 0.4257504468318075
Training loss on iteration 540 = 0.31762899486348034
Training loss on iteration 560 = 0.516759979352355
Training loss on iteration 580 = 0.32443031556904317
Training loss on iteration 600 = 0.18658756343647837
Training loss on iteration 620 = 0.23465120241744444
Training loss on iteration 640 = 0.2257544265128672
Training loss on iteration 660 = 0.17841258130501955
Training loss on iteration 680 = 0.18170672962442042
Training loss on iteration 700 = 0.22149681785376743
Training loss on iteration 720 = 0.20121172440703958
Training loss on iteration 740 = 0.243385805003345
Training loss on iteration 760 = 0.2064196031074971
Training loss on iteration 780 = 0.17576210879487916
Training loss on iteration 800 = 0.043419112375704574
Training loss on iteration 820 = 0.1625911270501092
Training loss on iteration 840 = 0.2879758257884532
Training loss on iteration 860 = 0.17333963788114487
Training loss on iteration 880 = 0.14141196875134482
Training loss on iteration 900 = 0.17778810895979405
Training loss on iteration 920 = 0.17685026968829334
Training loss on iteration 940 = 0.12581399863702245
Training loss on iteration 960 = 0.26685870671644807
Training loss on iteration 980 = 0.24974438757344614
Training loss on iteration 1000 = 0.14074759776704013
Training loss on iteration 1020 = 0.22924627804895864
Training loss on iteration 1040 = 0.21408248672960326
Training loss on iteration 1060 = 0.1987004621012602
Training loss on iteration 1080 = 0.17751834969967603
Training loss on iteration 1100 = 0.143609883566387
Training loss on iteration 1120 = 0.3075888388324529
Training loss on iteration 1140 = 0.1279505901504308
Training loss on iteration 1160 = 0.25193305118009446
Training loss on iteration 1180 = 0.2848088206257671
Training loss on iteration 1200 = 0.17208757530897856
Training loss on iteration 1220 = 0.340842796349898
Training loss on iteration 1240 = 0.23684600587002932
Training loss on iteration 1260 = 0.14593386142514647
Training loss on iteration 1280 = 0.28602121185977014
Training loss on iteration 1300 = 0.17799045871943237
Training loss on iteration 1320 = 0.12457646922557615
Training loss on iteration 1340 = 0.15945515993516893
Training loss on iteration 1360 = 0.1240542636718601
Training loss on iteration 1380 = 0.20986028179759159
Training loss on iteration 1400 = 0.25433663772419096
Training loss on iteration 1420 = 0.3080202258192003
Training loss on iteration 1440 = 0.21661549351410941
Training loss on iteration 1460 = 0.23181637292727827
Training loss on iteration 1480 = 0.14528281781822444
Training loss on iteration 1500 = 0.05369337346637622
Training loss on iteration 1520 = 0.1420409656362608
Training loss on iteration 1540 = 0.09433226984692737
Training loss on iteration 1560 = 0.16807055388344452
Training loss on iteration 1580 = 0.2493234486086294
Training loss on iteration 1600 = 0.40354300145991145
Training loss on iteration 1620 = 0.15512229413725437
Training loss on iteration 1640 = 0.17656834179069847
Training loss on iteration 1660 = 0.20450446947943418
Training loss on iteration 1680 = 0.160019975664909
Training loss on iteration 1700 = 0.09077065633318852
Training loss on iteration 1720 = 0.13682322285603732
Training loss on iteration 1740 = 0.15176239340216852
Training loss on iteration 1760 = 0.14693271970027127
Training loss on iteration 1780 = 0.2527623129659332
Training loss on iteration 1800 = 0.07674360442324542
Training loss on iteration 1820 = 0.1691036483098287
Training loss on iteration 1840 = 0.3604289528404479
Training loss on iteration 1860 = 0.2599185537605081
Training loss on iteration 1880 = 0.11162681449204684
Training loss on iteration 1900 = 0.18840405000373722
Training loss on iteration 1920 = 0.15439778077416122
Training loss on iteration 1940 = 0.2051897992787417
Training loss on iteration 1960 = 0.20110358740203083
Training loss on iteration 1980 = 0.18342075244290754
Training loss on iteration 2000 = 0.19865387152531183
Training loss on iteration 2020 = 0.2667477281152969
Training loss on iteration 2040 = 0.16398503994569183
Training loss on iteration 2060 = 0.3393868347629905
Training loss on iteration 2080 = 0.12526482408866285
Training loss on iteration 2100 = 0.16431428323267028
Training loss on iteration 2120 = 0.1626777574623702
Training loss on iteration 2140 = 0.12290601874228742
Training loss on iteration 2160 = 0.1310686700307997
Training loss on iteration 2180 = 0.3764803739031777
Training loss on iteration 2200 = 0.17814927013823761
Training loss on iteration 2220 = 0.18578142129699698
Training loss on iteration 2240 = 0.17475952026434244
Training loss on iteration 2260 = 0.08990410673432052
Training loss on iteration 2280 = 0.15005391504382715
Training loss on iteration 2300 = 0.3336569592356682
Training loss on iteration 2320 = 0.13079304974526168
Training loss on iteration 2340 = 0.11375921763537918
Training loss on iteration 2360 = 0.11647510650218465
Training loss on iteration 2380 = 0.14633763966849073
Training loss on iteration 2400 = 0.11520141288638115
Training loss on iteration 2420 = 0.25860522061120716
Training loss on iteration 2440 = 0.10107166059315205
Training loss on iteration 2460 = 0.13336434632074087
Training loss on iteration 2480 = 0.2173417185433209
Training loss on iteration 2500 = 0.08205062480992638
Training loss on iteration 2520 = 0.10046879791771061
Training loss on iteration 2540 = 0.09744877340272069
Training loss on iteration 2560 = 0.15558887266161037
Training loss on iteration 2580 = 0.17029824322089554
Training loss on iteration 2600 = 0.15240757991559803
Training loss on iteration 2620 = 0.09187871762551367
Training loss on iteration 2640 = 0.15309062140295282
Training loss on iteration 2660 = 0.06811011696700006
Training loss on iteration 2680 = 0.11854701447300613
Training loss on iteration 2700 = 0.12286043476779014
Training loss on iteration 2720 = 0.24561496573733166
Training loss on iteration 2740 = 0.11552979431580752
Training loss on iteration 2760 = 0.06405410851584747
Training loss on iteration 2780 = 0.1704981000846601
Training loss on iteration 2800 = 0.10537054411979625
Training loss on iteration 2820 = 0.15249239672848489
Training loss on iteration 2840 = 0.2017677464755252
Training loss on iteration 2860 = 0.23979075627867133
Training loss on iteration 2880 = 0.12938874735264108
Training loss on iteration 2900 = 0.14602036195574328
Training loss on iteration 2920 = 0.15587696894071995
Training loss on iteration 2940 = 0.16066256328485906
Training loss on iteration 2960 = 0.04171155171934515
Training loss on iteration 2980 = 0.04869105585967191
Training loss on iteration 3000 = 0.16436178728035883
Training loss on iteration 3020 = 0.13352292564813978
Training loss on iteration 3040 = 0.12551785686518996
Training loss on iteration 3060 = 0.0800140028455644
Training loss on iteration 3080 = 0.17582617101143114
Training loss on iteration 3100 = 0.14311091527342795
Training loss on iteration 3120 = 0.29591013374447356
Training loss on iteration 3140 = 0.13598833821015432
Training loss on iteration 3160 = 0.22603156991535797
Training loss on iteration 3180 = 0.24539752457058056
Training loss on iteration 3200 = 0.15425247605890036
Training loss on iteration 3220 = 0.10397536390810273
Training loss on iteration 3240 = 0.13519697345182066
Training loss on iteration 3260 = 0.08441917680756887
Training loss on iteration 3280 = 0.14699306401453213
Training loss on iteration 3300 = 0.1549018976977095
Training loss on iteration 3320 = 0.08850773847661912
Training loss on iteration 3340 = 0.15740193205419928
Training loss on iteration 3360 = 0.13586893104948103
Training loss on iteration 3380 = 0.1417314201964473
Training loss on iteration 3400 = 0.16662397454492747
Training loss on iteration 3420 = 0.19260068040239275
Training loss on iteration 3440 = 0.1520296083879657
Training loss on iteration 3460 = 0.16965418099425733
Training loss on iteration 3480 = 0.24005170662421732
Training loss on iteration 3500 = 0.21620447947643698
Training loss on iteration 3520 = 0.11891951821744443
Training loss on iteration 3540 = 0.04528432469014661
Training loss on iteration 3560 = 0.1249647307296982
Training loss on iteration 3580 = 0.07930562502297107
Training loss on iteration 3600 = 0.1625552179670194
Training loss on iteration 3620 = 0.1841561096633086
Training loss on iteration 3640 = 0.12767259484389798
Training loss on iteration 3660 = 0.1882465890259482
Training loss on iteration 3680 = 0.2428304651286453
Training loss on iteration 3700 = 0.15954319488664623
Training loss on iteration 3720 = 0.13272676337510347
Training loss on iteration 3740 = 0.10632273367373272
Training loss on iteration 3760 = 0.24901600612793118
Training loss on iteration 3780 = 0.15748299387923909
Training loss on iteration 3800 = 0.14420495864760596
Training loss on iteration 3820 = 0.2704906791419489
Training loss on iteration 3840 = 0.11827925503021106
Training loss on iteration 3860 = 0.19982314594089984
Training loss on iteration 3880 = 0.08057618696129794
Training loss on iteration 3900 = 0.11458418890579196
Training loss on iteration 3920 = 0.335221487776289
Training loss on iteration 3940 = 0.25787057723791806
Training loss on iteration 3960 = 0.2606082078826148
Training loss on iteration 3980 = 0.1021986884821672
Training loss on iteration 4000 = 0.1877724461373873
Training loss on iteration 4020 = 0.20301349718356504
Training loss on iteration 4040 = 0.24904636233113706
Training loss on iteration 4060 = 0.15001611351035535
Training loss on iteration 4080 = 0.23560798798316682
Training loss on iteration 4100 = 0.1995237063674722
Training loss on iteration 4120 = 0.2795129942518543
Training loss on iteration 4140 = 0.1170592375798151
Training loss on iteration 4160 = 0.1465833963593468
Training loss on iteration 4180 = 0.1442958461411763
Training loss on iteration 4200 = 0.1339655857067555
Training loss on iteration 4220 = 0.14586755447671748
Training loss on iteration 4240 = 0.19631944007996935
Training loss on iteration 4260 = 0.11197788189165295
Training loss on iteration 4280 = 0.10729156237794087
Training loss on iteration 4300 = 0.2076475608861074
Training loss on iteration 4320 = 0.22874831948429347
Training loss on iteration 4340 = 0.3247207724722102
Training loss on iteration 4360 = 0.28420656992311705
Training loss on iteration 4380 = 0.13992261999519542
Training loss on iteration 4400 = 0.17159784502582626
Training loss on iteration 4420 = 0.05478134504519403
Training loss on iteration 4440 = 0.22647190829738975
Training loss on iteration 4460 = 0.26336693100165576
Training loss on iteration 4480 = 0.1988318177871406
Training loss on iteration 4500 = 0.15095878522261047
Training loss on iteration 4520 = 0.19854394122376107
Training loss on iteration 4540 = 0.13391813728812849
Training loss on iteration 4560 = 0.17800410249037668
Training loss on iteration 4580 = 0.14183906198013574
Training loss on iteration 4600 = 0.18389438597951085
Training loss on iteration 4620 = 0.20816821675689426
Training loss on iteration 4640 = 0.17930232428079762
Training loss on iteration 4660 = 0.12238206950278255
Training loss on iteration 4680 = 0.16625652105285554
Training loss on iteration 4700 = 0.16976780600380154
Training loss on iteration 4720 = 0.14642833973230154
Training loss on iteration 4740 = 0.09895432335906662
Training loss on iteration 4760 = 0.20035466688095765
Training loss on iteration 4780 = 0.08880859892815351
Training loss on iteration 4800 = 0.27217105673626063
Training loss on iteration 4820 = 0.18236642468255013
Training loss on iteration 4840 = 0.1902307469630614
Training loss on iteration 4860 = 0.18949399893172086
Training loss on iteration 4880 = 0.16405088561587036
Training loss on iteration 4900 = 0.14051487733377144
Training loss on iteration 4920 = 0.13144278131076134
Training loss on iteration 4940 = 0.20578511161729693
Training loss on iteration 4960 = 0.09104972733184695
Training loss on iteration 4980 = 0.1438073146311581
Training loss on iteration 5000 = 0.06007424428826198
Training loss on iteration 5020 = 0.06783658420645225
Training loss on iteration 5040 = 0.09712647473133984
Training loss on iteration 5060 = 0.26131255096988754
Training loss on iteration 5080 = 0.08298149393231143
Training loss on iteration 5100 = 0.6712512475438416
Training loss on iteration 5120 = 0.4921123384963721
Training loss on iteration 5140 = 0.48279017738532276
Training loss on iteration 5160 = 0.47588286916616196
Training loss on iteration 5180 = 0.37049923333834156
Training loss on iteration 5200 = 0.2901272569317371
Training loss on iteration 5220 = 0.2346897528739646
Training loss on iteration 5240 = 0.2245772273861803
Training loss on iteration 5260 = 0.2578603722562548
Training loss on iteration 5280 = 0.19217144867870956
Training loss on iteration 5300 = 0.2415086081571644
Training loss on iteration 5320 = 0.2922670896543423
Training loss on iteration 5340 = 0.23522384769748897
Training loss on iteration 5360 = 0.20608297961298377
Training loss on iteration 5380 = 0.19206373177003117
Training loss on iteration 5400 = 0.12215737130027264
Training loss on iteration 5420 = 0.16554578789509833
Training loss on iteration 5440 = 0.1406848921906203
Training loss on iteration 5460 = 0.15171407848829405
Training loss on iteration 5480 = 0.15400453902548178
Training loss on iteration 5500 = 0.12173981836531311
Training loss on iteration 5520 = 0.19453764174104435
Training loss on iteration 5540 = 0.10992064867168665
Training loss on iteration 5560 = 0.3578294278588146
Training loss on iteration 5580 = 0.16384647137019784
Training loss on iteration 5600 = 0.30308676305576226
### EVAL:: Epoch 9:: Loss = 0.23804786049314533 :: ACC = 0.904578289730574, AUC = 0.09120205181772482, EER = 0.8367825068332683
Training on epoch 10
Training loss on iteration 0 = 0.2026614248752594
Training loss on iteration 20 = 0.11885410929680802
Training loss on iteration 40 = 0.20059517214540393
Training loss on iteration 60 = 0.1742229128780309
Training loss on iteration 80 = 0.2024116497253999
Training loss on iteration 100 = 0.16137471361435018
Training loss on iteration 120 = 0.2180677840835415
Training loss on iteration 140 = 0.17588715428719298
Training loss on iteration 160 = 0.10511518580315168
Training loss on iteration 180 = 0.08863240528589814
Training loss on iteration 200 = 0.06425954358564923
Training loss on iteration 220 = 0.1351736291189809
Training loss on iteration 240 = 0.14214474509935826
Training loss on iteration 260 = 0.2789280352939386
Training loss on iteration 280 = 0.19540263721719384
Training loss on iteration 300 = 0.07555095976567827
Training loss on iteration 320 = 0.16794583993032575
Training loss on iteration 340 = 0.1765953402791638
Training loss on iteration 360 = 0.2499727189540863
Training loss on iteration 380 = 0.20435698102228345
Training loss on iteration 400 = 0.17190362489782274
Training loss on iteration 420 = 0.28095226629520764
Training loss on iteration 440 = 0.1041720705688931
Training loss on iteration 460 = 0.14413015672471374
Training loss on iteration 480 = 0.19552651500562207
Training loss on iteration 500 = 0.2252084914362058
Training loss on iteration 520 = 0.13302039420232176
Training loss on iteration 540 = 0.18934112498536707
Training loss on iteration 560 = 0.2308085185359232
Training loss on iteration 580 = 0.23206741886097007
Training loss on iteration 600 = 0.24170998100016733
Training loss on iteration 620 = 0.15494809524388983
Training loss on iteration 640 = 0.17810976267792283
Training loss on iteration 660 = 0.05708749460172839
Training loss on iteration 680 = 0.0913755464775022
Training loss on iteration 700 = 0.20975271800125483
Training loss on iteration 720 = 0.2020715688355267
Training loss on iteration 740 = 0.16912942465860398
Training loss on iteration 760 = 0.14408784133847802
Training loss on iteration 780 = 0.20834395635174588
Training loss on iteration 800 = 0.1705941348336637
Training loss on iteration 820 = 0.12407636345888022
Training loss on iteration 840 = 0.05892536174505949
Training loss on iteration 860 = 0.08802795190640608
Training loss on iteration 880 = 0.14152841053437443
Training loss on iteration 900 = 0.2838852620217949
Training loss on iteration 920 = 0.1322000452550128
Training loss on iteration 940 = 0.11878670328296721
Training loss on iteration 960 = 0.12538842111825943
Training loss on iteration 980 = 0.13323776758043096
Training loss on iteration 1000 = 0.13383668928872794
Training loss on iteration 1020 = 0.17015358323697
Training loss on iteration 1040 = 0.0859769573318772
Training loss on iteration 1060 = 0.20166715268278496
Training loss on iteration 1080 = 0.08433593645459041
Training loss on iteration 1100 = 0.10714652903261594
Training loss on iteration 1120 = 0.15850747788790615
Training loss on iteration 1140 = 0.2277296705637127
Training loss on iteration 1160 = 0.17007998372428118
Training loss on iteration 1180 = 0.06695800984743983
Training loss on iteration 1200 = 0.13826384498970584
Training loss on iteration 1220 = 0.17252848140196875
Training loss on iteration 1240 = 0.24486318778654095
Training loss on iteration 1260 = 0.30031783977756277
Training loss on iteration 1280 = 0.2502432217588648
Training loss on iteration 1300 = 0.2755531523376703
Training loss on iteration 1320 = 0.22828962542116643
Training loss on iteration 1340 = 0.06084971291711554
Training loss on iteration 1360 = 0.24569928328273818
Training loss on iteration 1380 = 0.11373561882646754
Training loss on iteration 1400 = 0.18880898103525395
Training loss on iteration 1420 = 0.14038215836044401
Training loss on iteration 1440 = 0.15518772825598717
Training loss on iteration 1460 = 0.353330182377249
Training loss on iteration 1480 = 0.12226420767492527
Training loss on iteration 1500 = 0.18218951994203963
Training loss on iteration 1520 = 0.14495735848759067
Training loss on iteration 1540 = 0.2566494286293164
Training loss on iteration 1560 = 0.2029175166389905
Training loss on iteration 1580 = 0.3341926919296384
Training loss on iteration 1600 = 0.13976030847989024
Training loss on iteration 1620 = 0.15556539281678852
Training loss on iteration 1640 = 0.2198213311843574
Training loss on iteration 1660 = 0.29219672762556004
Training loss on iteration 1680 = 0.21761527014896273
Training loss on iteration 1700 = 0.06369362907134928
Training loss on iteration 1720 = 0.16845145502593367
Training loss on iteration 1740 = 0.1565032473008614
Training loss on iteration 1760 = 0.30253980588167906
Training loss on iteration 1780 = 0.15277426480315626
Training loss on iteration 1800 = 0.1927433150354773
Training loss on iteration 1820 = 0.19333360276650638
Training loss on iteration 1840 = 0.250043681752868
Training loss on iteration 1860 = 0.2432654816424474
Training loss on iteration 1880 = 0.19211780917830765
Training loss on iteration 1900 = 0.14178454745560884
Training loss on iteration 1920 = 0.20499280844232998
Training loss on iteration 1940 = 0.22084083068184554
Training loss on iteration 1960 = 0.1702511017676443
Training loss on iteration 1980 = 0.19719032688299193
Training loss on iteration 2000 = 0.17843414501985536
Training loss on iteration 2020 = 0.10377045784989605
Training loss on iteration 2040 = 0.122679912019521
Training loss on iteration 2060 = 0.19614673694595694
Training loss on iteration 2080 = 0.1555844963993877
Training loss on iteration 2100 = 0.09118373509263619
Training loss on iteration 2120 = 0.19302638308145106
Training loss on iteration 2140 = 0.12282548263319767
Training loss on iteration 2160 = 0.22515094128320925
Training loss on iteration 2180 = 0.2233603873042739
Training loss on iteration 2200 = 0.14890655569615774
Training loss on iteration 2220 = 0.05916719441302121
Training loss on iteration 2240 = 0.13764707668451592
Training loss on iteration 2260 = 0.18369540429557674
Training loss on iteration 2280 = 0.20202119476161898
Training loss on iteration 2300 = 0.173446358833462
Training loss on iteration 2320 = 0.11752885829191655
Training loss on iteration 2340 = 0.08843097767530708
Training loss on iteration 2360 = 0.13832058684201912
Training loss on iteration 2380 = 0.24132945677265524
Training loss on iteration 2400 = 0.16841468592756428
Training loss on iteration 2420 = 0.2954917463008314
Training loss on iteration 2440 = 0.27060790146351793
Training loss on iteration 2460 = 0.20899642570584548
Training loss on iteration 2480 = 0.1741021731228102
Training loss on iteration 2500 = 0.29784550418626166
Training loss on iteration 2520 = 0.1580418969504535
Training loss on iteration 2540 = 0.27924220061395316
Training loss on iteration 2560 = 0.24542827423429117
Training loss on iteration 2580 = 0.1683193850563839
Training loss on iteration 2600 = 0.12461117593338714
Training loss on iteration 2620 = 0.13673038366250695
Training loss on iteration 2640 = 0.24792325290618464
Training loss on iteration 2660 = 0.2463729314506054
Training loss on iteration 2680 = 0.20996596086770297
Training loss on iteration 2700 = 0.2775694675045088
Training loss on iteration 2720 = 0.11686518504284323
Training loss on iteration 2740 = 0.1171255870955065
Training loss on iteration 2760 = 0.1928552718978608
Training loss on iteration 2780 = 0.14187843234976755
Training loss on iteration 2800 = 0.3248558304738253
Training loss on iteration 2820 = 0.08712550009950064
Training loss on iteration 2840 = 0.09268588662380353
Training loss on iteration 2860 = 0.17700916365283775
Training loss on iteration 2880 = 0.30456212465651333
Training loss on iteration 2900 = 0.27162407733267174
Training loss on iteration 2920 = 0.14119010249851272
Training loss on iteration 2940 = 0.3730033609084785
Training loss on iteration 2960 = 0.542037505452754
Training loss on iteration 2980 = 0.3146615975569148
Training loss on iteration 3000 = 0.2311373325646855
Training loss on iteration 3020 = 0.23578036157414317
Training loss on iteration 3040 = 0.2038249298770097
Training loss on iteration 3060 = 0.19061541376904642
Training loss on iteration 3080 = 0.37322588500974235
Training loss on iteration 3100 = 0.3483346694149077
Training loss on iteration 3120 = 0.27822147104889156
Training loss on iteration 3140 = 0.19270247928798198
Training loss on iteration 3160 = 0.12248383937403559
Training loss on iteration 3180 = 0.17431235159747302
Training loss on iteration 3200 = 0.0875125419581309
Training loss on iteration 3220 = 0.273663769592531
Training loss on iteration 3240 = 0.16305617270991207
Training loss on iteration 3260 = 0.13548226745333522
Training loss on iteration 3280 = 0.22693804102018475
Training loss on iteration 3300 = 0.193611314392183
Training loss on iteration 3320 = 0.15118015776388347
Training loss on iteration 3340 = 0.3876855669543147
Training loss on iteration 3360 = 0.16578572554280982
Training loss on iteration 3380 = 0.3167954791337252
Training loss on iteration 3400 = 0.13839600537903607
Training loss on iteration 3420 = 0.12326560176443309
Training loss on iteration 3440 = 0.16806228730129077
Training loss on iteration 3460 = 0.09487480804673395
Training loss on iteration 3480 = 0.33916998162167145
Training loss on iteration 3500 = 0.12246714336797596
Training loss on iteration 3520 = 0.23339871396310627
Training loss on iteration 3540 = 0.14720443632650132
Training loss on iteration 3560 = 0.1512613694416359
Training loss on iteration 3580 = 0.19783667167648672
Training loss on iteration 3600 = 0.13534132281783967
Training loss on iteration 3620 = 0.15616394160315394
Training loss on iteration 3640 = 0.08738485973808566
Training loss on iteration 3660 = 0.07747122964938172
Training loss on iteration 3680 = 0.2580879835993983
Training loss on iteration 3700 = 0.16031160894781352
Training loss on iteration 3720 = 0.06206806455465994
Training loss on iteration 3740 = 0.2906310715479776
Training loss on iteration 3760 = 0.08749644314375474
Training loss on iteration 3780 = 0.11606197600485757
Training loss on iteration 3800 = 0.15977773075574078
Training loss on iteration 3820 = 0.23501024284632877
Training loss on iteration 3840 = 0.1863408681936562
Training loss on iteration 3860 = 0.2502893221564591
Training loss on iteration 3880 = 0.16722604096867144
Training loss on iteration 3900 = 0.13652925919741393
Training loss on iteration 3920 = 0.12604787353484426
Training loss on iteration 3940 = 0.06695558696228546
Training loss on iteration 3960 = 0.1946203264640644
Training loss on iteration 3980 = 0.08430883097462356
Training loss on iteration 4000 = 0.10666475171456113
Training loss on iteration 4020 = 0.16332572093233466
Training loss on iteration 4040 = 0.0840968017699197
Training loss on iteration 4060 = 0.18566661485238
Training loss on iteration 4080 = 0.13211248012958093
Training loss on iteration 4100 = 0.3233708341838792
Training loss on iteration 4120 = 0.182153658894822
Training loss on iteration 4140 = 0.18170894430950285
Training loss on iteration 4160 = 0.25291618462651966
Training loss on iteration 4180 = 0.08003518479526975
Training loss on iteration 4200 = 0.09555117537965999
Training loss on iteration 4220 = 0.38712027077563105
Training loss on iteration 4240 = 0.15911300564184785
Training loss on iteration 4260 = 0.11913372111739591
Training loss on iteration 4280 = 0.1399982061702758
Training loss on iteration 4300 = 0.14215490324422717
Training loss on iteration 4320 = 0.1599729038774967
Training loss on iteration 4340 = 0.11465547140687704
Training loss on iteration 4360 = 0.1978249114472419
Training loss on iteration 4380 = 0.1280494085047394
Training loss on iteration 4400 = 0.15640681880759075
Training loss on iteration 4420 = 0.15275091575458646
Training loss on iteration 4440 = 0.1692593429237604
Training loss on iteration 4460 = 0.10889072954014409
Training loss on iteration 4480 = 0.13948015930363908
Training loss on iteration 4500 = 0.1742286328342743
Training loss on iteration 4520 = 0.06341966625768691
Training loss on iteration 4540 = 0.14163576604914851
Training loss on iteration 4560 = 0.16262558309827
Training loss on iteration 4580 = 0.14074426726438105
Training loss on iteration 4600 = 0.11861621970310807
Training loss on iteration 4620 = 0.21295748646371065
Training loss on iteration 4640 = 0.22727245949208735
Training loss on iteration 4660 = 0.1480784014449455
Training loss on iteration 4680 = 0.33284412531647833
Training loss on iteration 4700 = 0.11951807065561297
Training loss on iteration 4720 = 0.24291112197679468
Training loss on iteration 4740 = 0.16842971859732642
Training loss on iteration 4760 = 0.09234806884778664
Training loss on iteration 4780 = 0.1551354892202653
Training loss on iteration 4800 = 0.20303812017664313
Training loss on iteration 4820 = 0.11900242120027542
Training loss on iteration 4840 = 0.08152252169093117
Training loss on iteration 4860 = 0.08447590068972204
Training loss on iteration 4880 = 0.21275133737362922
Training loss on iteration 4900 = 0.1500321722123772
Training loss on iteration 4920 = 0.1600272586045321
Training loss on iteration 4940 = 0.09978152919211425
Training loss on iteration 4960 = 0.21601091608172282
Training loss on iteration 4980 = 0.17307390228379518
Training loss on iteration 5000 = 0.23814305998384952
Training loss on iteration 5020 = 0.21271145034115763
Training loss on iteration 5040 = 0.23522078169044108
Training loss on iteration 5060 = 0.2058001367142424
Training loss on iteration 5080 = 0.21876217375975102
Training loss on iteration 5100 = 0.2693472967483103
Training loss on iteration 5120 = 0.21652227640151978
Training loss on iteration 5140 = 0.07294500673888252
Training loss on iteration 5160 = 0.14843710142886266
Training loss on iteration 5180 = 0.23570750780199887
Training loss on iteration 5200 = 0.17720117140561342
Training loss on iteration 5220 = 0.1114717660297174
Training loss on iteration 5240 = 0.07151631973683834
Training loss on iteration 5260 = 0.13935246647452004
Training loss on iteration 5280 = 0.0896987421088852
Training loss on iteration 5300 = 0.20753558750730008
Training loss on iteration 5320 = 0.11899088771897368
Training loss on iteration 5340 = 0.11005988738506858
Training loss on iteration 5360 = 0.34134703285526485
Training loss on iteration 5380 = 0.1730115890968591
Training loss on iteration 5400 = 0.1321937027038075
Training loss on iteration 5420 = 0.15995801489334555
Training loss on iteration 5440 = 0.1652367384871468
Training loss on iteration 5460 = 0.1526794893667102
Training loss on iteration 5480 = 0.19455888047814368
Training loss on iteration 5500 = 0.07160018391441554
Training loss on iteration 5520 = 0.09452787931077182
Training loss on iteration 5540 = 0.25041677996050565
Training loss on iteration 5560 = 0.20809861201560126
Training loss on iteration 5580 = 0.18033384883310646
Training loss on iteration 5600 = 0.17884539619553835
### EVAL:: Epoch 10:: Loss = 0.10530766950620493 :: ACC = 0.9597325263568919, AUC = 0.7661948257518502, EER = 0.29919953143303396
Training on epoch 11
Training loss on iteration 0 = 0.23450009524822235
Training loss on iteration 20 = 0.3244386717211455
Training loss on iteration 40 = 0.2913099086028524
Training loss on iteration 60 = 0.16844580835895612
Training loss on iteration 80 = 0.27041473455756204
Training loss on iteration 100 = 0.09528993751155213
Training loss on iteration 120 = 0.22701163698220625
Training loss on iteration 140 = 0.40520558087155223
Training loss on iteration 160 = 0.19520710962824522
Training loss on iteration 180 = 0.2978060306515545
Training loss on iteration 200 = 0.18168640679214149
Training loss on iteration 220 = 0.2039512435439974
Training loss on iteration 240 = 0.47892514993436636
Training loss on iteration 260 = 0.28238402083516123
Training loss on iteration 280 = 0.2691474387422204
Training loss on iteration 300 = 0.3060656884685159
Training loss on iteration 320 = 0.29838206847198306
Training loss on iteration 340 = 0.21055557421641424
Training loss on iteration 360 = 0.21234223986029974
Training loss on iteration 380 = 0.2424306214088574
Training loss on iteration 400 = 0.25520754624158143
Training loss on iteration 420 = 0.07347458866424858
Training loss on iteration 440 = 0.11023915912955999
Training loss on iteration 460 = 0.5977051972411573
Training loss on iteration 480 = 0.7022521571721881
Training loss on iteration 500 = 0.22722152539063245
Training loss on iteration 520 = 0.1796147915709298
Training loss on iteration 540 = 0.3044964293017983
Training loss on iteration 560 = 0.329808081954252
Training loss on iteration 580 = 0.19004586478695273
Training loss on iteration 600 = 0.3559443963225931
Training loss on iteration 620 = 0.20189480513799934
Training loss on iteration 640 = 0.2182584851165302
Training loss on iteration 660 = 0.31087030228227375
Training loss on iteration 680 = 0.2059286861331202
Training loss on iteration 700 = 0.21133279921486975
Training loss on iteration 720 = 0.1777557502151467
Training loss on iteration 740 = 0.1772043219767511
Training loss on iteration 760 = 0.47151404796168206
Training loss on iteration 780 = 0.2919401578605175
Training loss on iteration 800 = 0.21262893145903944
Training loss on iteration 820 = 0.26115585351362824
Training loss on iteration 840 = 0.20146588399074972
Training loss on iteration 860 = 0.3652325144037604
Training loss on iteration 880 = 0.1849294905550778
Training loss on iteration 900 = 0.21938220402225853
Training loss on iteration 920 = 0.1850185713497922
Training loss on iteration 940 = 0.319001871207729
Training loss on iteration 960 = 0.1927166207227856
Training loss on iteration 980 = 0.1979020681930706
Training loss on iteration 1000 = 0.1846661568270065
Training loss on iteration 1020 = 0.1329890543129295
Training loss on iteration 1040 = 0.34154664624948056
Training loss on iteration 1060 = 0.1903161163907498
Training loss on iteration 1080 = 0.19944318372290581
Training loss on iteration 1100 = 0.11076814001426101
Training loss on iteration 1120 = 0.15369934070040472
Training loss on iteration 1140 = 0.28294061876367776
Training loss on iteration 1160 = 0.22739068947266788
Training loss on iteration 1180 = 0.0782732566818595
Training loss on iteration 1200 = 0.3695225003059022
Training loss on iteration 1220 = 0.3030660472810268
Training loss on iteration 1240 = 0.3040522585622966
Training loss on iteration 1260 = 0.11114616233389825
Training loss on iteration 1280 = 0.13944340735906735
Training loss on iteration 1300 = 0.2545580580830574
Training loss on iteration 1320 = 0.1415406411513686
Training loss on iteration 1340 = 0.22774958088994027
Training loss on iteration 1360 = 0.1497950280783698
Training loss on iteration 1380 = 0.17143019819632171
Training loss on iteration 1400 = 0.14890546314418315
Training loss on iteration 1420 = 0.1752881899708882
Training loss on iteration 1440 = 0.2752606847323477
Training loss on iteration 1460 = 0.2211976905586198
Training loss on iteration 1480 = 0.15967850112356247
Training loss on iteration 1500 = 0.19370015264721588
Training loss on iteration 1520 = 0.31508425885695035
Training loss on iteration 1540 = 0.2169676035642624
Training loss on iteration 1560 = 0.16194384016562252
Training loss on iteration 1580 = 0.25336490873014555
Training loss on iteration 1600 = 0.22268381658941508
Training loss on iteration 1620 = 0.2213559710420668
Training loss on iteration 1640 = 0.13309741602279246
Training loss on iteration 1660 = 0.1483691063709557
Training loss on iteration 1680 = 0.14484663661569358
Training loss on iteration 1700 = 0.1625488289166242
Training loss on iteration 1720 = 0.11412022821605206
Training loss on iteration 1740 = 0.12040904965251684
Training loss on iteration 1760 = 0.13305956119438633
Training loss on iteration 1780 = 0.12140761619084514
Training loss on iteration 1800 = 0.36336461384198626
Training loss on iteration 1820 = 0.42205367535352706
Training loss on iteration 1840 = 0.642194366340118
Training loss on iteration 1860 = 0.8483122624456882
Training loss on iteration 1880 = 0.45703315585851667
Training loss on iteration 1900 = 0.5980592596810311
Training loss on iteration 1920 = 0.3269189438316971
Training loss on iteration 1940 = 0.1604495087172836
Training loss on iteration 1960 = 0.2134443528833799
Training loss on iteration 1980 = 0.9390987860504538
Training loss on iteration 2000 = 1.42638930541234
Training loss on iteration 2020 = 0.957764213468181
Training loss on iteration 2040 = 0.3635622951667756
Training loss on iteration 2060 = 0.3548025468364358
Training loss on iteration 2080 = 0.2959193124435842
Training loss on iteration 2100 = 0.2236565829254687
Training loss on iteration 2120 = 0.2216649035763112
Training loss on iteration 2140 = 0.24531032691011206
Training loss on iteration 2160 = 0.23091931440867483
Training loss on iteration 2180 = 0.2844705980271101
Training loss on iteration 2200 = 0.39927193988114595
Training loss on iteration 2220 = 0.2511528729228303
Training loss on iteration 2240 = 0.17436350593343378
Training loss on iteration 2260 = 0.23259622703772037
Training loss on iteration 2280 = 0.1657876699231565
Training loss on iteration 2300 = 0.17748350442852825
Training loss on iteration 2320 = 0.2187115609413013
Training loss on iteration 2340 = 0.12983796480111778
Training loss on iteration 2360 = 0.21174727492034434
Training loss on iteration 2380 = 0.299725195299834
Training loss on iteration 2400 = 0.19483056378085167
Training loss on iteration 2420 = 0.21211882801726462
Training loss on iteration 2440 = 0.1633094751741737
Training loss on iteration 2460 = 0.15380353308282793
Training loss on iteration 2480 = 0.21797973038628699
Training loss on iteration 2500 = 0.18124940204434098
Training loss on iteration 2520 = 0.23339358065277338
Training loss on iteration 2540 = 0.21218192833475769
Training loss on iteration 2560 = 0.21284208493307233
Training loss on iteration 2580 = 0.28034757832065227
Training loss on iteration 2600 = 0.2973569760564715
Training loss on iteration 2620 = 0.23629904952831565
Training loss on iteration 2640 = 0.1725741434842348
Training loss on iteration 2660 = 0.2215210326423403
Training loss on iteration 2680 = 0.1344903100747615
Training loss on iteration 2700 = 0.22291837614029647
Training loss on iteration 2720 = 0.2713575253263116
Training loss on iteration 2740 = 0.1542704945197329
Training loss on iteration 2760 = 0.9397069476544857
Training loss on iteration 2780 = 1.3585884130094201
Training loss on iteration 2800 = 0.49160572364926336
Training loss on iteration 2820 = 0.5684450048953295
Training loss on iteration 2840 = 0.5126936804503203
Training loss on iteration 2860 = 0.26931100003421304
Training loss on iteration 2880 = 0.38172548804432155
Training loss on iteration 2900 = 0.5839187086094171
Training loss on iteration 2920 = 0.6138460509479046
Training loss on iteration 2940 = 0.4383422411978245
Training loss on iteration 2960 = 0.17766272705048322
Training loss on iteration 2980 = 0.3765171321108937
Training loss on iteration 3000 = 0.25126565936952827
Training loss on iteration 3020 = 0.28086037263274194
Training loss on iteration 3040 = 0.47870196849107743
Training loss on iteration 3060 = 0.6102649659849704
Training loss on iteration 3080 = 0.3660609249025583
Training loss on iteration 3100 = 0.21782732577994465
Training loss on iteration 3120 = 0.27687910068780186
Training loss on iteration 3140 = 0.21144573111087084
Training loss on iteration 3160 = 0.24073465894907714
Training loss on iteration 3180 = 0.31637854427099227
Training loss on iteration 3200 = 0.2819324297830462
Training loss on iteration 3220 = 0.23091681264340877
Training loss on iteration 3240 = 0.2950361205264926
Training loss on iteration 3260 = 0.36017920151352883
Training loss on iteration 3280 = 0.4218819862231612
Training loss on iteration 3300 = 0.28765121549367906
Training loss on iteration 3320 = 0.3447441227734089
Training loss on iteration 3340 = 0.3239289643242955
Training loss on iteration 3360 = 0.3857857950031757
Training loss on iteration 3380 = 0.571585860941559
Training loss on iteration 3400 = 0.3409465944394469
Training loss on iteration 3420 = 0.4879901152104139
Training loss on iteration 3440 = 0.5518377740867436
Training loss on iteration 3460 = 0.2584584943950176
Training loss on iteration 3480 = 0.2852177913300693
Training loss on iteration 3500 = 0.30016983137466013
Training loss on iteration 3520 = 0.5503105521202087
Training loss on iteration 3540 = 0.2532590994611382
Training loss on iteration 3560 = 0.18863717755302786
Training loss on iteration 3580 = 0.17560300978366286
Training loss on iteration 3600 = 0.18709376542828976
Training loss on iteration 3620 = 0.12754621561616658
Training loss on iteration 3640 = 0.22793418867513537
Training loss on iteration 3660 = 0.17530316447373478
Training loss on iteration 3680 = 0.2043817608151585
Training loss on iteration 3700 = 0.26899230149574577
Training loss on iteration 3720 = 0.19144880454987287
Training loss on iteration 3740 = 0.1801357578486204
Training loss on iteration 3760 = 0.34170417916029694
Training loss on iteration 3780 = 0.3648453654721379
Training loss on iteration 3800 = 0.3173138815909624
Training loss on iteration 3820 = 0.24137717382982374
Training loss on iteration 3840 = 0.2004877639003098
Training loss on iteration 3860 = 0.2622493819333613
Training loss on iteration 3880 = 0.2850098364986479
Training loss on iteration 3900 = 0.25972103397361934
Training loss on iteration 3920 = 0.32048741430044175
Training loss on iteration 3940 = 0.24394101426005363
Training loss on iteration 3960 = 0.21035526730120183
Training loss on iteration 3980 = 0.22949185697361826
Training loss on iteration 4000 = 0.3283837724477053
Training loss on iteration 4020 = 0.2665051130577922
Training loss on iteration 4040 = 0.16222819737158717
Training loss on iteration 4060 = 0.25616416800767183
Training loss on iteration 4080 = 0.18238872406072915
Training loss on iteration 4100 = 0.1920379144139588
Training loss on iteration 4120 = 0.2548822723329067
Training loss on iteration 4140 = 0.23659903826192022
Training loss on iteration 4160 = 0.33580303806811573
Training loss on iteration 4180 = 0.3286055753007531
Training loss on iteration 4200 = 0.36574572809040545
Training loss on iteration 4220 = 0.3118262330070138
Training loss on iteration 4240 = 0.18943471084348856
Training loss on iteration 4260 = 0.20802069432102144
Training loss on iteration 4280 = 0.16263526077382268
Training loss on iteration 4300 = 0.15827227192057763
Training loss on iteration 4320 = 0.21777800505515188
Training loss on iteration 4340 = 0.25578296538442374
Training loss on iteration 4360 = 0.40166865414939823
Training loss on iteration 4380 = 0.22090823063626885
Training loss on iteration 4400 = 0.09900959369260817
Training loss on iteration 4420 = 0.23105299435555934
Training loss on iteration 4440 = 0.2137332314858213
Training loss on iteration 4460 = 0.17048589689657093
Training loss on iteration 4480 = 0.16782333548180758
Training loss on iteration 4500 = 0.17179414741694926
Training loss on iteration 4520 = 0.36683224779553714
Training loss on iteration 4540 = 0.4509083049604669
Training loss on iteration 4560 = 1.2500436710659415
Training loss on iteration 4580 = 1.0751121920533477
Training loss on iteration 4600 = 0.7515561959706247
Training loss on iteration 4620 = 0.28000537673942744
Training loss on iteration 4640 = 0.4067460784688592
Training loss on iteration 4660 = 0.26349212443456055
Training loss on iteration 4680 = 0.2651337214745581
Training loss on iteration 4700 = 0.22856042291969061
Training loss on iteration 4720 = 0.2513102940283716
Training loss on iteration 4740 = 0.29345814138650894
Training loss on iteration 4760 = 0.3016948886215687
Training loss on iteration 4780 = 0.2932545881718397
Training loss on iteration 4800 = 0.19014839297160507
Training loss on iteration 4820 = 0.2787372767459601
Training loss on iteration 4840 = 0.2886195950210094
Training loss on iteration 4860 = 0.5552095436491072
Training loss on iteration 4880 = 0.40200926577672363
Training loss on iteration 4900 = 0.37585760755464437
Training loss on iteration 4920 = 0.2942188743501902
Training loss on iteration 4940 = 0.21074927104637026
Training loss on iteration 4960 = 0.25797741427086296
Training loss on iteration 4980 = 0.18933509662747383
Training loss on iteration 5000 = 0.13659598100930453
Training loss on iteration 5020 = 0.18165173763409256
Training loss on iteration 5040 = 0.3479231376200914
Training loss on iteration 5060 = 0.29415932167321446
Training loss on iteration 5080 = 0.2652937900274992
Training loss on iteration 5100 = 0.4568026173859835
Training loss on iteration 5120 = 0.28859052872285246
Training loss on iteration 5140 = 0.3074059929698706
Training loss on iteration 5160 = 0.13441361715085803
Training loss on iteration 5180 = 0.23141043549403548
Training loss on iteration 5200 = 0.19828308634459973
Training loss on iteration 5220 = 0.14977670814841987
Training loss on iteration 5240 = 0.2276303131133318
Training loss on iteration 5260 = 0.23477159440517426
Training loss on iteration 5280 = 0.1631457350216806
Training loss on iteration 5300 = 0.19106553811579943
Training loss on iteration 5320 = 0.6704485471360385
Training loss on iteration 5340 = 0.7074116691946983
Training loss on iteration 5360 = 0.4249161921441555
Training loss on iteration 5380 = 0.31083050519227984
Training loss on iteration 5400 = 0.17357679442502558
Training loss on iteration 5420 = 0.1491651674034074
Training loss on iteration 5440 = 0.11322954995557666
Training loss on iteration 5460 = 0.19320982261560857
Training loss on iteration 5480 = 0.20732151980046182
Training loss on iteration 5500 = 0.20628467709757387
Training loss on iteration 5520 = 0.3621103946119547
Training loss on iteration 5540 = 0.14373139867093415
Training loss on iteration 5560 = 0.29155838964506986
Training loss on iteration 5580 = 0.138620812993031
Training loss on iteration 5600 = 0.23549855863675476
### EVAL:: Epoch 11:: Loss = 0.22482518364288484 :: ACC = 0.8977938305349473, AUC = 0.38699113840183175, EER = 0.554470909800859
Training on epoch 12
Training loss on iteration 0 = 0.11258336156606674
Training loss on iteration 20 = 0.14753006100654603
Training loss on iteration 40 = 0.30455010300502183
Training loss on iteration 60 = 0.28560555102303625
Training loss on iteration 80 = 0.13031129366718233
Training loss on iteration 100 = 0.11751819290220737
Training loss on iteration 120 = 0.20529966624453663
Training loss on iteration 140 = 0.12456065288279206
Training loss on iteration 160 = 0.19890216109342873
Training loss on iteration 180 = 0.1777219956740737
Training loss on iteration 200 = 0.18672571029164828
Training loss on iteration 220 = 0.475767601467669
Training loss on iteration 240 = 0.43503536293283107
Training loss on iteration 260 = 0.16342535836156458
Training loss on iteration 280 = 0.158534537255764
Training loss on iteration 300 = 0.26787646025186407
Training loss on iteration 320 = 0.2607457021251321
Training loss on iteration 340 = 0.23807358397170902
Training loss on iteration 360 = 0.1546347147319466
Training loss on iteration 380 = 0.15646065964829176
Training loss on iteration 400 = 0.1797775634098798
Training loss on iteration 420 = 0.1468686400912702
Training loss on iteration 440 = 0.1664292613044381
Training loss on iteration 460 = 0.3553696755785495
Training loss on iteration 480 = 0.23024511365219952
Training loss on iteration 500 = 0.18599783475510775
Training loss on iteration 520 = 0.14465807273518294
Training loss on iteration 540 = 0.15665086759254337
Training loss on iteration 560 = 0.3490751541685313
Training loss on iteration 580 = 0.15845368083100766
Training loss on iteration 600 = 0.10187765196897089
Training loss on iteration 620 = 0.257500458121649
Training loss on iteration 640 = 0.2776484391186386
Training loss on iteration 660 = 0.2457500705961138
Training loss on iteration 680 = 0.29270618204027415
Training loss on iteration 700 = 0.24563152259215712
Training loss on iteration 720 = 0.21492467341013252
Training loss on iteration 740 = 0.23806585250422357
Training loss on iteration 760 = 0.20848615244030952
Training loss on iteration 780 = 0.1370616252999753
Training loss on iteration 800 = 0.16548758469289168
Training loss on iteration 820 = 0.20768909370526673
Training loss on iteration 840 = 0.26517647895962
Training loss on iteration 860 = 0.1422940319404006
Training loss on iteration 880 = 0.21117240514140576
Training loss on iteration 900 = 0.15853204419836403
Training loss on iteration 920 = 0.18399065686389804
Training loss on iteration 940 = 0.19017735014203935
Training loss on iteration 960 = 0.16848862532060593
Training loss on iteration 980 = 0.10540093530435116
Training loss on iteration 1000 = 0.2589678315911442
Training loss on iteration 1020 = 0.1488246163353324
Training loss on iteration 1040 = 0.3106556116603315
Training loss on iteration 1060 = 0.24710627906024457
Training loss on iteration 1080 = 0.6600961457006633
Training loss on iteration 1100 = 0.49542154567316177
Training loss on iteration 1120 = 1.4469811263028531
Training loss on iteration 1140 = 1.1770051023573616
Training loss on iteration 1160 = 0.5672643168916693
Training loss on iteration 1180 = 0.38810688770900015
Training loss on iteration 1200 = 0.2992990092607215
Training loss on iteration 1220 = 0.5969083092990332
Training loss on iteration 1240 = 0.6567725941046774
Training loss on iteration 1260 = 0.30098109878599644
Training loss on iteration 1280 = 0.25251034954562784
Training loss on iteration 1300 = 0.2484563032630831
Training loss on iteration 1320 = 0.29579777054750594
Training loss on iteration 1340 = 0.4429909775033593
Training loss on iteration 1360 = 1.0210430548060685
Training loss on iteration 1380 = 0.4358648551860824
Training loss on iteration 1400 = 0.29986319799209016
Training loss on iteration 1420 = 0.23634088574908674
Training loss on iteration 1440 = 0.20812189476564527
Training loss on iteration 1460 = 0.17980120496358723
Training loss on iteration 1480 = 0.9233212079852819
Training loss on iteration 1500 = 1.1902964537963272
Training loss on iteration 1520 = 0.5754726635292172
Training loss on iteration 1540 = 0.4919999684672803
Training loss on iteration 1560 = 0.38955307933938454
Training loss on iteration 1580 = 0.32731404695659877
Training loss on iteration 1600 = 0.4104417191352695
Training loss on iteration 1620 = 0.3117783071473241
Training loss on iteration 1640 = 0.3258682686369866
Training loss on iteration 1660 = 0.20170018875505774
Training loss on iteration 1680 = 0.152868014248088
Training loss on iteration 1700 = 0.18445008609560318
Training loss on iteration 1720 = 0.1898171936860308
Training loss on iteration 1740 = 0.11797146168537438
Training loss on iteration 1760 = 0.1774657927453518
Training loss on iteration 1780 = 0.13878884129226207
Training loss on iteration 1800 = 0.24823616147041322
Training loss on iteration 1820 = 0.25687413942068815
Training loss on iteration 1840 = 0.314690210763365
Training loss on iteration 1860 = 0.19866100382059812
Training loss on iteration 1880 = 0.20985078644007443
Training loss on iteration 1900 = 0.20940498125273735
Training loss on iteration 1920 = 0.47037524431943895
Training loss on iteration 1940 = 0.595246951986337
Training loss on iteration 1960 = 0.5070055607706309
Training loss on iteration 1980 = 0.29630566789128354
Training loss on iteration 2000 = 0.4540169381070882
Training loss on iteration 2020 = 0.27500058338046074
Training loss on iteration 2040 = 0.09003038974478841
Training loss on iteration 2060 = 0.24130326800514013
Training loss on iteration 2080 = 0.3139943877700716
Training loss on iteration 2100 = 0.18569476529955864
Training loss on iteration 2120 = 0.21538851782679558
Training loss on iteration 2140 = 0.3240000519901514
Training loss on iteration 2160 = 0.2697619885206223
Training loss on iteration 2180 = 0.26618417757563295
Training loss on iteration 2200 = 0.3534266581911652
Training loss on iteration 2220 = 0.24309371672570707
Training loss on iteration 2240 = 0.3378513332922012
Training loss on iteration 2260 = 0.3318501511588693
Training loss on iteration 2280 = 0.19470259211957455
Training loss on iteration 2300 = 0.09495437780860812
Training loss on iteration 2320 = 0.12327863276004791
Training loss on iteration 2340 = 0.1499703875510022
Training loss on iteration 2360 = 0.15330152123351581
Training loss on iteration 2380 = 0.21580437179654838
Training loss on iteration 2400 = 0.20734380073845388
Training loss on iteration 2420 = 0.27361216554418205
Training loss on iteration 2440 = 0.2690963258501142
Training loss on iteration 2460 = 0.21923997482226695
Training loss on iteration 2480 = 0.27645489290589464
Training loss on iteration 2500 = 0.30481990268453957
Training loss on iteration 2520 = 0.1845886542694643
Training loss on iteration 2540 = 0.2720924767665565
Training loss on iteration 2560 = 0.38146050423383715
Training loss on iteration 2580 = 0.2110490260645747
Training loss on iteration 2600 = 0.24486513659358025
Training loss on iteration 2620 = 0.23180652164155618
Training loss on iteration 2640 = 0.15727370232343674
Training loss on iteration 2660 = 0.16146761667914689
Training loss on iteration 2680 = 0.1771572986152023
Training loss on iteration 2700 = 0.26682708649896086
Training loss on iteration 2720 = 0.2867126836441457
Training loss on iteration 2740 = 0.1816858106292784
Training loss on iteration 2760 = 0.17244936963543295
Training loss on iteration 2780 = 0.21839527236297726
Training loss on iteration 2800 = 0.199916488584131
Training loss on iteration 2820 = 0.14975773768965156
Training loss on iteration 2840 = 0.36901571955531837
Training loss on iteration 2860 = 0.40419080629944804
Training loss on iteration 2880 = 0.3457282653544098
Training loss on iteration 2900 = 0.21018337610876187
Training loss on iteration 2920 = 0.2992602147394791
Training loss on iteration 2940 = 0.36088458662852646
Training loss on iteration 2960 = 0.2876719687134027
Training loss on iteration 2980 = 0.30181461526080966
Training loss on iteration 3000 = 0.28875924421881793
Training loss on iteration 3020 = 0.4124838955292944
Training loss on iteration 3040 = 0.3137426834786311
Training loss on iteration 3060 = 0.19822155527072027
Training loss on iteration 3080 = 0.2298176939599216
Training loss on iteration 3100 = 0.2300674413330853
Training loss on iteration 3120 = 0.12554704430513083
Training loss on iteration 3140 = 0.1756139030912891
Training loss on iteration 3160 = 0.17857712619006633
Training loss on iteration 3180 = 0.14921932213474065
Training loss on iteration 3200 = 0.30166294164955615
Training loss on iteration 3220 = 0.2381260368041694
Training loss on iteration 3240 = 0.2256791381398216
Training loss on iteration 3260 = 0.2935397573746741
Training loss on iteration 3280 = 0.23538876982638612
Training loss on iteration 3300 = 0.2611447037779726
Training loss on iteration 3320 = 0.14880078751593828
Training loss on iteration 3340 = 0.22151892085094005
Training loss on iteration 3360 = 0.26257268178160303
Training loss on iteration 3380 = 0.2386907797306776
Training loss on iteration 3400 = 0.1744472653605044
Training loss on iteration 3420 = 0.1304902635863982
Training loss on iteration 3440 = 0.3388036338146776
Training loss on iteration 3460 = 0.43231410766020417
Training loss on iteration 3480 = 0.153417702880688
Training loss on iteration 3500 = 0.18332566363969818
Training loss on iteration 3520 = 0.14521454800560604
Training loss on iteration 3540 = 0.36130681317299607
Training loss on iteration 3560 = 0.3287334438180551
Training loss on iteration 3580 = 0.22647151215933264
Training loss on iteration 3600 = 0.17625249142874963
Training loss on iteration 3620 = 0.1337029028683901
Training loss on iteration 3640 = 0.38299029706977306
Training loss on iteration 3660 = 0.1973414422944188
Training loss on iteration 3680 = 0.14751629667589441
Training loss on iteration 3700 = 0.19434167526196688
Training loss on iteration 3720 = 0.21294834958389403
Training loss on iteration 3740 = 0.1863322568126023
Training loss on iteration 3760 = 0.22568414389970712
Training loss on iteration 3780 = 0.3323894124943763
Training loss on iteration 3800 = 0.3375832912279293
Training loss on iteration 3820 = 0.2790375740907621
Training loss on iteration 3840 = 0.22305780856404453
Training loss on iteration 3860 = 0.24220115186180918
Training loss on iteration 3880 = 0.3109417172148824
Training loss on iteration 3900 = 0.3008922091918066
Training loss on iteration 3920 = 0.25006469897925854
Training loss on iteration 3940 = 0.2333964081481099
Training loss on iteration 3960 = 0.29908640366047623
Training loss on iteration 3980 = 0.2967881642282009
Training loss on iteration 4000 = 0.22414957447908818
Training loss on iteration 4020 = 0.2508815199835226
Training loss on iteration 4040 = 0.33297241451218723
Training loss on iteration 4060 = 0.10284607238136231
Training loss on iteration 4080 = 0.11001957387197762
Training loss on iteration 4100 = 0.2231873528682627
Training loss on iteration 4120 = 0.16438772045075895
Training loss on iteration 4140 = 0.2574023850611411
Training loss on iteration 4160 = 0.25559180453419683
Training loss on iteration 4180 = 0.2827192876022309
Training loss on iteration 4200 = 0.29382920283824204
Training loss on iteration 4220 = 0.17251182049512864
Training loss on iteration 4240 = 0.2940361373592168
Training loss on iteration 4260 = 0.19727778071537613
Training loss on iteration 4280 = 0.19729622125159949
Training loss on iteration 4300 = 0.2573796703480184
Training loss on iteration 4320 = 0.19044752805493773
Training loss on iteration 4340 = 0.4247212963877246
Training loss on iteration 4360 = 0.4273514138069004
Training loss on iteration 4380 = 0.22789812441915275
Training loss on iteration 4400 = 0.22554374325554818
Training loss on iteration 4420 = 0.504669779073447
Training loss on iteration 4440 = 0.24876763448119163
Training loss on iteration 4460 = 0.13809063681401312
Training loss on iteration 4480 = 0.41208813607227057
Training loss on iteration 4500 = 0.3293211572337896
Training loss on iteration 4520 = 0.3381829047575593
Training loss on iteration 4540 = 0.3003805730375461
Training loss on iteration 4560 = 0.14516751691699029
Training loss on iteration 4580 = 0.23737695221789182
Training loss on iteration 4600 = 0.2430048609385267
Training loss on iteration 4620 = 0.1395066290628165
Training loss on iteration 4640 = 0.20155418645590545
Training loss on iteration 4660 = 0.20373229931574316
Training loss on iteration 4680 = 0.1472229294013232
Training loss on iteration 4700 = 0.2523484699195251
Training loss on iteration 4720 = 0.21501617464236916
Training loss on iteration 4740 = 0.14445503260940312
Training loss on iteration 4760 = 0.21223354113753884
Training loss on iteration 4780 = 0.19980446551926434
Training loss on iteration 4800 = 0.21033910904079675
Training loss on iteration 4820 = 0.12331884470768273
Training loss on iteration 4840 = 0.14005113462917507
Training loss on iteration 4860 = 0.13398647783324122
Training loss on iteration 4880 = 0.08140331195209001
Training loss on iteration 4900 = 0.4172387153841555
Training loss on iteration 4920 = 0.23217449290677905
Training loss on iteration 4940 = 0.25755442809313533
Training loss on iteration 4960 = 1.0567894900217651
Training loss on iteration 4980 = 0.6975614838389447
Training loss on iteration 5000 = 0.891064953791647
Training loss on iteration 5020 = 0.4781879882561043
Training loss on iteration 5040 = 0.4025715486728586
Training loss on iteration 5060 = 0.1971550654154271
Training loss on iteration 5080 = 0.2629394640796818
Training loss on iteration 5100 = 0.08185371704894351
Training loss on iteration 5120 = 0.20900178379233694
Training loss on iteration 5140 = 0.16807097021955997
Training loss on iteration 5160 = 0.18787759393453599
Training loss on iteration 5180 = 0.2603848960949108
Training loss on iteration 5200 = 0.230617653648369
Training loss on iteration 5220 = 0.3245086709037423
Training loss on iteration 5240 = 0.1451862384332344
Training loss on iteration 5260 = 0.25785491461865606
Training loss on iteration 5280 = 0.211900220066309
Training loss on iteration 5300 = 0.4041356503032148
Training loss on iteration 5320 = 0.29493400622159244
Training loss on iteration 5340 = 0.18611313117871758
Training loss on iteration 5360 = 0.34022162882611157
Training loss on iteration 5380 = 0.32326833202969285
Training loss on iteration 5400 = 0.222114061168395
Training loss on iteration 5420 = 0.27317598352965433
Training loss on iteration 5440 = 0.15524674520711415
Training loss on iteration 5460 = 0.1515546056733001
Training loss on iteration 5480 = 0.17195897306810365
Training loss on iteration 5500 = 0.15387446456588805
Training loss on iteration 5520 = 0.1638088034465909
Training loss on iteration 5540 = 0.23774120500311255
Training loss on iteration 5560 = 0.2109826392494142
Training loss on iteration 5580 = 0.2428450194420293
Training loss on iteration 5600 = 0.16769822351634503
### EVAL:: Epoch 12:: Loss = 0.12020517956344405 :: ACC = 0.9548028114017961, AUC = 0.423156154416387, EER = 0.5404139008199922
Training on epoch 13
Training loss on iteration 0 = 0.8152192234992981
Training loss on iteration 20 = 0.2598572335205972
Training loss on iteration 40 = 0.21391895790584387
Training loss on iteration 60 = 0.20940264035016298
Training loss on iteration 80 = 0.15660584052093326
Training loss on iteration 100 = 0.1472281684167683
Training loss on iteration 120 = 0.09283689916192088
Training loss on iteration 140 = 0.15872218692675233
Training loss on iteration 160 = 0.18556901497067885
Training loss on iteration 180 = 0.1750988068524748
Training loss on iteration 200 = 0.25147933065891265
Training loss on iteration 220 = 0.17240364141762257
Training loss on iteration 240 = 0.2285290946951136
Training loss on iteration 260 = 0.14993528837803752
Training loss on iteration 280 = 0.1649736368795857
Training loss on iteration 300 = 0.14779961723834276
Training loss on iteration 320 = 0.17787966794567184
Training loss on iteration 340 = 0.20542800519615412
Training loss on iteration 360 = 0.20149785193498246
Training loss on iteration 380 = 0.16788401905214415
Training loss on iteration 400 = 0.2598867050197441
Training loss on iteration 420 = 0.10958105225581675
Training loss on iteration 440 = 0.11298361060617026
Training loss on iteration 460 = 0.14784882533131166
Training loss on iteration 480 = 0.19457267932593822
Training loss on iteration 500 = 0.17715082699432969
Training loss on iteration 520 = 0.16318677239469254
Training loss on iteration 540 = 0.11620237315073609
Training loss on iteration 560 = 0.19825699755747336
Training loss on iteration 580 = 0.15348036871291698
Training loss on iteration 600 = 0.2888788641896099
Training loss on iteration 620 = 0.09678672981681302
Training loss on iteration 640 = 0.2615231760399183
Training loss on iteration 660 = 0.19154718298959778
Training loss on iteration 680 = 0.18312277900986373
Training loss on iteration 700 = 0.14120785014529247
Training loss on iteration 720 = 0.20039837630465626
Training loss on iteration 740 = 0.14926945371553302
Training loss on iteration 760 = 0.0814365798374638
Training loss on iteration 780 = 0.14578470173291863
Training loss on iteration 800 = 0.11360114229028113
Training loss on iteration 820 = 0.1617120519047603
Training loss on iteration 840 = 0.12329938579568989
Training loss on iteration 860 = 0.19712511159013957
Training loss on iteration 880 = 0.11674346207873895
Training loss on iteration 900 = 0.19184569307835772
Training loss on iteration 920 = 0.10701050590141677
Training loss on iteration 940 = 0.0797944910795195
Training loss on iteration 960 = 0.27271715060342105
Training loss on iteration 980 = 0.282489776663715
Training loss on iteration 1000 = 0.20613904797355645
Training loss on iteration 1020 = 0.20525815705768763
Training loss on iteration 1040 = 0.11710265190340578
Training loss on iteration 1060 = 0.19302315623499453
Training loss on iteration 1080 = 0.14812168735079467
Training loss on iteration 1100 = 0.08272859865974169
Training loss on iteration 1120 = 0.1305089455563575
Training loss on iteration 1140 = 0.2094790602568537
Training loss on iteration 1160 = 0.31130395863583543
Training loss on iteration 1180 = 0.22354192880447954
Training loss on iteration 1200 = 0.2507347667589784
Training loss on iteration 1220 = 0.18928804856259376
Training loss on iteration 1240 = 0.1489944763983658
Training loss on iteration 1260 = 0.22403179445536808
Training loss on iteration 1280 = 0.5102294243872165
Training loss on iteration 1300 = 0.40438616946339606
Training loss on iteration 1320 = 0.22712630251426164
Training loss on iteration 1340 = 0.21250084380480985
Training loss on iteration 1360 = 0.23113400196889416
Training loss on iteration 1380 = 0.23815876110020326
Training loss on iteration 1400 = 0.18281178023898975
Training loss on iteration 1420 = 0.24581452879065183
Training loss on iteration 1440 = 0.21971731076191645
Training loss on iteration 1460 = 0.19379329832445363
Training loss on iteration 1480 = 0.18894487837096677
Training loss on iteration 1500 = 0.19790107472799717
Training loss on iteration 1520 = 0.16923167672939599
Training loss on iteration 1540 = 0.10764305295888335
Training loss on iteration 1560 = 0.2936276203487068
Training loss on iteration 1580 = 0.41205674288794397
Training loss on iteration 1600 = 0.30901638643117624
Training loss on iteration 1620 = 0.22904679244384168
Training loss on iteration 1640 = 0.17166994856670498
Training loss on iteration 1660 = 0.1890492418780923
Training loss on iteration 1680 = 0.14640734555432572
Training loss on iteration 1700 = 0.1404484809958376
Training loss on iteration 1720 = 0.25131247490644454
Training loss on iteration 1740 = 0.15091427294537424
Training loss on iteration 1760 = 0.24156695986166596
Training loss on iteration 1780 = 0.19355585337616504
Training loss on iteration 1800 = 0.19717819998040795
Training loss on iteration 1820 = 0.20083239941159264
Training loss on iteration 1840 = 0.19457994896220043
Training loss on iteration 1860 = 0.19130179154235522
Training loss on iteration 1880 = 0.11909347380278631
Training loss on iteration 1900 = 0.06866011152742431
Training loss on iteration 1920 = 0.07671018900218769
Training loss on iteration 1940 = 0.2158385322924005
Training loss on iteration 1960 = 0.13133471342734993
Training loss on iteration 1980 = 0.15771159031428397
Training loss on iteration 2000 = 0.18605827854480594
Training loss on iteration 2020 = 0.2840783672872931
Training loss on iteration 2040 = 0.20496025470492896
Training loss on iteration 2060 = 0.18657136201800312
Training loss on iteration 2080 = 0.15469239527592435
Training loss on iteration 2100 = 0.20900163442420308
Training loss on iteration 2120 = 0.21483210286824034
Training loss on iteration 2140 = 0.20994696258567275
Training loss on iteration 2160 = 0.17088671093224547
Training loss on iteration 2180 = 0.2407946018327493
Training loss on iteration 2200 = 0.1694753134273924
Training loss on iteration 2220 = 0.1671405323111685
Training loss on iteration 2240 = 0.10000761705450714
Training loss on iteration 2260 = 0.21022413072641938
Training loss on iteration 2280 = 0.28928189680445937
Training loss on iteration 2300 = 0.1908098491898272
Training loss on iteration 2320 = 0.2277754136128351
Training loss on iteration 2340 = 0.1471476811449975
Training loss on iteration 2360 = 0.2981149941449985
Training loss on iteration 2380 = 0.32567852664615204
Training loss on iteration 2400 = 0.23678699037991463
Training loss on iteration 2420 = 0.16971709267236293
Training loss on iteration 2440 = 0.1766327113728039
Training loss on iteration 2460 = 0.22782633553724735
Training loss on iteration 2480 = 0.3252134486101568
Training loss on iteration 2500 = 0.45242085398640486
Training loss on iteration 2520 = 0.1984917177920579
Training loss on iteration 2540 = 0.33713816484087145
Training loss on iteration 2560 = 0.27952116774904423
Training loss on iteration 2580 = 0.1637551896041259
Training loss on iteration 2600 = 0.1538822160451673
Training loss on iteration 2620 = 0.21812105748831528
Training loss on iteration 2640 = 0.39202627773047427
Training loss on iteration 2660 = 0.32616076413542033
Training loss on iteration 2680 = 0.27542629662020773
Training loss on iteration 2700 = 0.584148109331727
Training loss on iteration 2720 = 0.6680926121771336
Training loss on iteration 2740 = 1.1676955489092506
Training loss on iteration 2760 = 0.9614704904379323
Training loss on iteration 2780 = 1.5814201284898446
Training loss on iteration 2800 = 0.5071539042517543
Training loss on iteration 2820 = 0.37024208722286855
Training loss on iteration 2840 = 0.8226749086985364
Training loss on iteration 2860 = 1.4823424846254056
Training loss on iteration 2880 = 0.5421397014717513
Training loss on iteration 2900 = 0.478860131194233
Training loss on iteration 2920 = 0.4046682444401085
Training loss on iteration 2940 = 0.5018692710902541
Training loss on iteration 2960 = 0.5946888418868184
Training loss on iteration 2980 = 0.4183401422109455
Training loss on iteration 3000 = 0.2947235617786646
Training loss on iteration 3020 = 0.44963543973863124
Training loss on iteration 3040 = 0.21041154307313265
Training loss on iteration 3060 = 0.3019416552968323
Training loss on iteration 3080 = 0.2765215031802654
Training loss on iteration 3100 = 0.2097141217207536
Training loss on iteration 3120 = 0.11389170419424773
Training loss on iteration 3140 = 0.21537513843213674
Training loss on iteration 3160 = 0.15557392830960454
Training loss on iteration 3180 = 0.19149769253563137
Training loss on iteration 3200 = 0.1142543540103361
Training loss on iteration 3220 = 0.21739262165501713
Training loss on iteration 3240 = 0.31281328639015554
Training loss on iteration 3260 = 0.3167786437086761
Training loss on iteration 3280 = 0.18773318239254877
Training loss on iteration 3300 = 0.18335723934869746
Training loss on iteration 3320 = 0.21706130475504323
Training loss on iteration 3340 = 0.18666318566538392
Training loss on iteration 3360 = 0.256609546020627
Training loss on iteration 3380 = 0.11958604967221617
Training loss on iteration 3400 = 0.22946014301851392
Training loss on iteration 3420 = 0.13800077727064491
Training loss on iteration 3440 = 0.10974845546297729
Training loss on iteration 3460 = 0.1625202364899451
Training loss on iteration 3480 = 0.1964509550947696
Training loss on iteration 3500 = 0.25037417432758957
Training loss on iteration 3520 = 0.19606024725362659
Training loss on iteration 3540 = 0.15647639001253993
Training loss on iteration 3560 = 0.20210284253116698
Training loss on iteration 3580 = 0.1662670134101063
Training loss on iteration 3600 = 0.23447260996326805
Training loss on iteration 3620 = 0.2334201831370592
Training loss on iteration 3640 = 0.2257804205350112
Training loss on iteration 3660 = 0.2524378364905715
Training loss on iteration 3680 = 0.10565836981404572
Training loss on iteration 3700 = 0.22917947140522302
Training loss on iteration 3720 = 0.1467196118319407
Training loss on iteration 3740 = 0.1525034035090357
Training loss on iteration 3760 = 0.2447266884148121
Training loss on iteration 3780 = 0.2151627034181729
Training loss on iteration 3800 = 0.36965484051033853
Training loss on iteration 3820 = 0.18240019271615893
Training loss on iteration 3840 = 0.11319412589800777
Training loss on iteration 3860 = 0.15370012210914866
Training loss on iteration 3880 = 0.1299042201600969
Training loss on iteration 3900 = 0.2584710059803911
Training loss on iteration 3920 = 0.12552285315468908
Training loss on iteration 3940 = 0.18681415385799482
Training loss on iteration 3960 = 0.31809794357977805
Training loss on iteration 3980 = 0.2570662081707269
Training loss on iteration 4000 = 0.41445824028924105
Training loss on iteration 4020 = 0.18906498923897744
Training loss on iteration 4040 = 0.10281168302462902
Training loss on iteration 4060 = 0.141022886155406
Training loss on iteration 4080 = 0.2585262642824091
Training loss on iteration 4100 = 0.2109700432047248
Training loss on iteration 4120 = 0.19472034270875155
Training loss on iteration 4140 = 0.2517098499462008
Training loss on iteration 4160 = 0.20720060996245593
Training loss on iteration 4180 = 0.21781839756295085
Training loss on iteration 4200 = 0.10156153515563346
Training loss on iteration 4220 = 0.44391434397548435
Training loss on iteration 4240 = 0.19825651713181286
Training loss on iteration 4260 = 0.4116255695931613
Training loss on iteration 4280 = 0.14267412081826478
Training loss on iteration 4300 = 0.19387660092907028
Training loss on iteration 4320 = 0.36265665816681575
Training loss on iteration 4340 = 0.19554379207547753
Training loss on iteration 4360 = 0.10503773137461395
Training loss on iteration 4380 = 0.1350248913076939
Training loss on iteration 4400 = 0.25528466266114264
Training loss on iteration 4420 = 0.3103268088772893
Training loss on iteration 4440 = 0.21823507607914508
Training loss on iteration 4460 = 0.17937410643789917
Training loss on iteration 4480 = 0.4561683731619269
Training loss on iteration 4500 = 0.3872109616408125
Training loss on iteration 4520 = 0.18640758107871988
Training loss on iteration 4540 = 0.3625255370076047
Training loss on iteration 4560 = 0.13559564833994955
Training loss on iteration 4580 = 0.2755236506462097
Training loss on iteration 4600 = 0.08893368122808169
Training loss on iteration 4620 = 0.19030215139791834
Training loss on iteration 4640 = 0.2366146579850465
Training loss on iteration 4660 = 0.3082160633057356
Training loss on iteration 4680 = 0.31889887573197484
Training loss on iteration 4700 = 0.2829098278190941
Training loss on iteration 4720 = 0.3051385436207056
Training loss on iteration 4740 = 0.20412862731609493
Training loss on iteration 4760 = 0.3941433523781598
Training loss on iteration 4780 = 0.4047455274034292
Training loss on iteration 4800 = 0.3006523879012093
Training loss on iteration 4820 = 0.8376902587609948
Training loss on iteration 4840 = 0.8218309388990747
Training loss on iteration 4860 = 0.5632102832663805
Training loss on iteration 4880 = 0.9107985582435504
Training loss on iteration 4900 = 0.5959608066943474
Training loss on iteration 4920 = 0.5025938046630472
Training loss on iteration 4940 = 0.46034240033477547
Training loss on iteration 4960 = 0.28490476198494435
Training loss on iteration 4980 = 0.18468039646395482
Training loss on iteration 5000 = 0.33743825610727074
Training loss on iteration 5020 = 0.399616515886737
Training loss on iteration 5040 = 0.20804850296117366
Training loss on iteration 5060 = 0.13416105816140772
Training loss on iteration 5080 = 0.2773763255907397
Training loss on iteration 5100 = 0.6124375453684479
Training loss on iteration 5120 = 0.18179670436657033
Training loss on iteration 5140 = 0.2597268090816215
Training loss on iteration 5160 = 0.17424637540243565
Training loss on iteration 5180 = 0.15056614563800394
Training loss on iteration 5200 = 0.2917056865990162
Training loss on iteration 5220 = 0.33314207444200294
Training loss on iteration 5240 = 0.32212162239011377
Training loss on iteration 5260 = 0.22242130734957755
Training loss on iteration 5280 = 0.23889911660226062
Training loss on iteration 5300 = 0.19596839079167694
Training loss on iteration 5320 = 0.1240207492141053
Training loss on iteration 5340 = 0.15522266207262875
Training loss on iteration 5360 = 0.19641921670699958
Training loss on iteration 5380 = 0.19297145710588665
Training loss on iteration 5400 = 0.1690325802192092
Training loss on iteration 5420 = 0.23662662178394384
Training loss on iteration 5440 = 0.3507155393881476
Training loss on iteration 5460 = 0.41281729204638395
Training loss on iteration 5480 = 0.20286876133177428
Training loss on iteration 5500 = 0.4027663038345054
Training loss on iteration 5520 = 0.22332593202590942
Training loss on iteration 5540 = 0.1840151146054268
Training loss on iteration 5560 = 0.16650187284685672
Training loss on iteration 5580 = 0.39677557060495017
Training loss on iteration 5600 = 0.23466888938564806
### EVAL:: Epoch 13:: Loss = 0.670685188484713 :: ACC = 0.7640570089808668, AUC = 0.8821933994448004, EER = 0.17776259273721204
Training on epoch 14
Training loss on iteration 0 = 0.5914582014083862
Training loss on iteration 20 = 0.45057211856765206
Training loss on iteration 40 = 0.26628143502457535
Training loss on iteration 60 = 0.37210041424550583
Training loss on iteration 80 = 0.13580090791219845
Training loss on iteration 100 = 0.12529492005851353
Training loss on iteration 120 = 0.2793036164250225
Training loss on iteration 140 = 0.15489337076433002
Training loss on iteration 160 = 0.07010891964719121
Training loss on iteration 180 = 0.11268009538180195
Training loss on iteration 200 = 0.2088492288836278
Training loss on iteration 220 = 0.1881994449184276
Training loss on iteration 240 = 0.14875503934454173
Training loss on iteration 260 = 0.22755349182989448
Training loss on iteration 280 = 0.29006172604858876
Training loss on iteration 300 = 0.4891251949395155
Training loss on iteration 320 = 0.3875285515212454
Training loss on iteration 340 = 0.34211374061414973
Training loss on iteration 360 = 0.17136524039087817
Training loss on iteration 380 = 0.27754745572747197
Training loss on iteration 400 = 0.2854406677186489
Training loss on iteration 420 = 0.11244256478967145
Training loss on iteration 440 = 0.1472799779730849
Training loss on iteration 460 = 0.16349673895165323
Training loss on iteration 480 = 0.21524468790739776
Training loss on iteration 500 = 0.1675713277189061
Training loss on iteration 520 = 0.20929444183129817
Training loss on iteration 540 = 0.18654396166093648
Training loss on iteration 560 = 0.23657002644613384
Training loss on iteration 580 = 0.28943555932492016
Training loss on iteration 600 = 0.32364113519433885
Training loss on iteration 620 = 0.21734543539350853
Training loss on iteration 640 = 0.27142583737149834
Training loss on iteration 660 = 0.15159281159576493
Training loss on iteration 680 = 0.05674218298227061
Training loss on iteration 700 = 0.3117964917226345
Training loss on iteration 720 = 0.15881396678159945
Training loss on iteration 740 = 0.1629243611416314
Training loss on iteration 760 = 0.23124688909288124
Training loss on iteration 780 = 0.16744461115449666
Training loss on iteration 800 = 0.15695939058205113
Training loss on iteration 820 = 0.10435121449118015
Training loss on iteration 840 = 0.178666526125744
Training loss on iteration 860 = 0.13748379843309522
Training loss on iteration 880 = 0.15708525168120105
Training loss on iteration 900 = 0.20467106390278786
Training loss on iteration 920 = 0.37629463998600843
Training loss on iteration 940 = 0.3624997867969796
Training loss on iteration 960 = 0.280836604826618
Training loss on iteration 980 = 0.07051241719163955
Training loss on iteration 1000 = 0.21742601930163802
Training loss on iteration 1020 = 0.20311505111894804
Training loss on iteration 1040 = 0.28102690549567344
Training loss on iteration 1060 = 0.21284137539332731
Training loss on iteration 1080 = 0.20970882894471288
Training loss on iteration 1100 = 0.3097523588745389
Training loss on iteration 1120 = 0.34184010613244026
Training loss on iteration 1140 = 0.2288006581758964
Training loss on iteration 1160 = 0.23551283534252435
Training loss on iteration 1180 = 0.20361203094835217
Training loss on iteration 1200 = 0.3315435586686363
Training loss on iteration 1220 = 0.7201769640334532
Training loss on iteration 1240 = 0.4389755366719328
Training loss on iteration 1260 = 0.2931798552745022
Training loss on iteration 1280 = 0.5447071576956659
Training loss on iteration 1300 = 0.4410587423481047
Training loss on iteration 1320 = 0.5696539203636348
Training loss on iteration 1340 = 0.4137931196950376
Training loss on iteration 1360 = 0.3860742162913084
Training loss on iteration 1380 = 0.3657449414022267
Training loss on iteration 1400 = 0.31491064466536045
Training loss on iteration 1420 = 0.27926522251218555
Training loss on iteration 1440 = 0.2990110914455727
Training loss on iteration 1460 = 0.2729896736796945
Training loss on iteration 1480 = 0.3318448670208454
Training loss on iteration 1500 = 0.25449286331422627
Training loss on iteration 1520 = 0.2884533343138173
Training loss on iteration 1540 = 0.3060142932925373
Training loss on iteration 1560 = 0.4005857383832335
Training loss on iteration 1580 = 0.19775044372072442
Training loss on iteration 1600 = 0.37013387798215264
Training loss on iteration 1620 = 0.17644570181146263
Training loss on iteration 1640 = 0.25929555550101213
Training loss on iteration 1660 = 0.21291332185501233
Training loss on iteration 1680 = 0.19072805079631508
Training loss on iteration 1700 = 0.29744794028811156
Training loss on iteration 1720 = 0.2574074304196984
Training loss on iteration 1740 = 0.26575430325465277
Training loss on iteration 1760 = 0.16833309310022743
Training loss on iteration 1780 = 0.3633758395910263
Training loss on iteration 1800 = 0.20337957656010985
Training loss on iteration 1820 = 0.12072881124913692
Training loss on iteration 1840 = 0.18098224096465856
Training loss on iteration 1860 = 0.14551877324702217
Training loss on iteration 1880 = 0.23090095772640779
Training loss on iteration 1900 = 0.1509257395809982
Training loss on iteration 1920 = 0.159403718682006
Training loss on iteration 1940 = 0.16924312365008518
Training loss on iteration 1960 = 0.2844706448493525
Training loss on iteration 1980 = 0.13931269594468176
Training loss on iteration 2000 = 0.22517381920479237
Training loss on iteration 2020 = 0.17256275140680372
Training loss on iteration 2040 = 0.2392547549214214
Training loss on iteration 2060 = 0.2501041582727339
Training loss on iteration 2080 = 0.2448589527979493
Training loss on iteration 2100 = 0.3175461521081161
Training loss on iteration 2120 = 0.17974780774675309
Training loss on iteration 2140 = 0.17009496088139714
Training loss on iteration 2160 = 0.15960423951037228
Training loss on iteration 2180 = 0.23365397046727593
Training loss on iteration 2200 = 0.18636076019611209
Training loss on iteration 2220 = 0.189827835932374
Training loss on iteration 2240 = 0.1976602949667722
Training loss on iteration 2260 = 0.12142358273267746
Training loss on iteration 2280 = 0.2219499149825424
Training loss on iteration 2300 = 0.2539854854461737
Training loss on iteration 2320 = 0.15458076228387654
Training loss on iteration 2340 = 0.19701926761772484
Training loss on iteration 2360 = 0.11948874471709132
Training loss on iteration 2380 = 0.19338631347054616
Training loss on iteration 2400 = 0.13731389291351662
Training loss on iteration 2420 = 0.1871936947107315
Training loss on iteration 2440 = 0.7769075413234532
Training loss on iteration 2460 = 0.9851640199311078
Training loss on iteration 2480 = 0.23825523040723057
Training loss on iteration 2500 = 0.15247072190686595
Training loss on iteration 2520 = 0.43513300861231985
Training loss on iteration 2540 = 0.22894192700332497
Training loss on iteration 2560 = 0.18658483749022708
Training loss on iteration 2580 = 0.21991728941211477
Training loss on iteration 2600 = 0.19963987066876143
Training loss on iteration 2620 = 0.10846291059278883
Training loss on iteration 2640 = 0.31795833845681043
Training loss on iteration 2660 = 0.232507730263751
Training loss on iteration 2680 = 0.1685233056137804
Training loss on iteration 2700 = 0.19400682800915092
Training loss on iteration 2720 = 0.1430168894235976
Training loss on iteration 2740 = 0.18780062547884882
Training loss on iteration 2760 = 0.2507688740035519
Training loss on iteration 2780 = 0.1842180891428143
Training loss on iteration 2800 = 0.11520653087645769
Training loss on iteration 2820 = 0.18023570870573166
Training loss on iteration 2840 = 0.03995479339209851
Training loss on iteration 2860 = 0.11283629016543273
Training loss on iteration 2880 = 0.09138129694911186
Training loss on iteration 2900 = 0.11513837260426954
Training loss on iteration 2920 = 0.13673227248946204
Training loss on iteration 2940 = 0.16833976194029673
Training loss on iteration 2960 = 0.13112853190978058
Training loss on iteration 2980 = 0.29570450726896524
Training loss on iteration 3000 = 0.17947761720279232
Training loss on iteration 3020 = 0.1924563579610549
Training loss on iteration 3040 = 0.20036472445353865
Training loss on iteration 3060 = 0.11024409079691395
Training loss on iteration 3080 = 0.04769023108237889
Training loss on iteration 3100 = 0.21233412690053227
Training loss on iteration 3120 = 0.16852970065083356
Training loss on iteration 3140 = 0.05134080233110581
Training loss on iteration 3160 = 0.2539116029176512
Training loss on iteration 3180 = 0.16831430892925708
Training loss on iteration 3200 = 0.28431245372630654
Training loss on iteration 3220 = 0.15811490286141633
Training loss on iteration 3240 = 0.2910328102298081
Training loss on iteration 3260 = 0.20622162983054296
Training loss on iteration 3280 = 0.19151085425401107
Training loss on iteration 3300 = 0.1386746080010198
Training loss on iteration 3320 = 0.24999620001763107
Training loss on iteration 3340 = 0.09028302525111939
Training loss on iteration 3360 = 0.18541743865353055
Training loss on iteration 3380 = 0.22139331591315567
Training loss on iteration 3400 = 0.15423910887911915
Training loss on iteration 3420 = 0.10728580670256634
Training loss on iteration 3440 = 0.23223211963195353
Training loss on iteration 3460 = 0.17888405334670096
Training loss on iteration 3480 = 0.19157463575247674
Training loss on iteration 3500 = 0.3321818003743829
Training loss on iteration 3520 = 0.2125284522648144
Training loss on iteration 3540 = 0.1714003045204663
Training loss on iteration 3560 = 0.3479475261099651
Training loss on iteration 3580 = 0.21005910905078054
Training loss on iteration 3600 = 0.3665306036709808
Training loss on iteration 3620 = 0.40396605751593595
Training loss on iteration 3640 = 0.3201846580472193
Training loss on iteration 3660 = 0.2263313131144969
Training loss on iteration 3680 = 0.12184601278277114
Training loss on iteration 3700 = 0.48665652360941747
Training loss on iteration 3720 = 0.2679220910766162
Training loss on iteration 3740 = 0.50022629708983
Training loss on iteration 3760 = 0.41875314121134577
Training loss on iteration 3780 = 0.9839395735878498
Training loss on iteration 3800 = 1.3674475958934635
Training loss on iteration 3820 = 1.0014303243598988
Training loss on iteration 3840 = 0.5325004149461166
Training loss on iteration 3860 = 0.24504025874193758
Training loss on iteration 3880 = 0.2666590473963879
Training loss on iteration 3900 = 0.23635503333061933
Training loss on iteration 3920 = 0.3342263353755698
Training loss on iteration 3940 = 0.3334697876125574
Training loss on iteration 3960 = 0.3020748295704834
Training loss on iteration 3980 = 0.2876742684748024
Training loss on iteration 4000 = 0.23429823903279612
Training loss on iteration 4020 = 0.3070469371974468
Training loss on iteration 4040 = 0.22397378033492715
Training loss on iteration 4060 = 0.5758905719849281
Training loss on iteration 4080 = 0.21307211350649596
Training loss on iteration 4100 = 0.5318777339707594
Training loss on iteration 4120 = 0.3364167114719748
Training loss on iteration 4140 = 0.24947835472412408
Training loss on iteration 4160 = 0.2702799973078072
Training loss on iteration 4180 = 0.201293410663493
Training loss on iteration 4200 = 0.2424570940202102
Training loss on iteration 4220 = 0.2722915835212916
Training loss on iteration 4240 = 0.45414580292999746
Training loss on iteration 4260 = 0.3762674472294748
Training loss on iteration 4280 = 0.3622997305355966
Training loss on iteration 4300 = 0.842584119271487
Training loss on iteration 4320 = 1.2978571061044932
Training loss on iteration 4340 = 0.6268401358211122
Training loss on iteration 4360 = 0.48775090258568526
Training loss on iteration 4380 = 0.526718708476983
Training loss on iteration 4400 = 0.33785847707185895
Training loss on iteration 4420 = 0.3227166354190558
Training loss on iteration 4440 = 0.28359847476240246
Training loss on iteration 4460 = 0.24500680159544572
Training loss on iteration 4480 = 0.13328495027380996
Training loss on iteration 4500 = 0.24082466054242105
Training loss on iteration 4520 = 0.15418119153473525
Training loss on iteration 4540 = 0.28455682054627685
Training loss on iteration 4560 = 0.18692314866930246
Training loss on iteration 4580 = 0.11692849015817046
Training loss on iteration 4600 = 0.21323182665510104
Training loss on iteration 4620 = 0.19481794587336482
Training loss on iteration 4640 = 0.25696859126910565
Training loss on iteration 4660 = 0.19464115112787111
Training loss on iteration 4680 = 0.2301957662217319
Training loss on iteration 4700 = 0.2989394155330956
Training loss on iteration 4720 = 0.1381730212830007
Training loss on iteration 4740 = 0.11976482112368103
Training loss on iteration 4760 = 0.16246226936927996
Training loss on iteration 4780 = 0.13325923288357444
Training loss on iteration 4800 = 0.23854543215129526
Training loss on iteration 4820 = 0.14407366598024965
Training loss on iteration 4840 = 0.24538156837224961
Training loss on iteration 4860 = 0.09015401892829686
Training loss on iteration 4880 = 0.16567172630457208
Training loss on iteration 4900 = 0.2418102803057991
Training loss on iteration 4920 = 0.26693514801445417
Training loss on iteration 4940 = 0.20603989206720144
Training loss on iteration 4960 = 0.17602161290124058
Training loss on iteration 4980 = 0.16530414971057325
Training loss on iteration 5000 = 0.2810875812196173
Training loss on iteration 5020 = 0.1949705118779093
Training loss on iteration 5040 = 0.16410242434358224
Training loss on iteration 5060 = 0.16787198298843578
Training loss on iteration 5080 = 0.2061355432961136
Training loss on iteration 5100 = 0.13992276987992228
Training loss on iteration 5120 = 0.1494513572426513
Training loss on iteration 5140 = 0.19831517294514925
Training loss on iteration 5160 = 0.24479748447192834
Training loss on iteration 5180 = 0.34595674425363543
Training loss on iteration 5200 = 0.22804713824298234
Training loss on iteration 5220 = 0.24570716007146984
Training loss on iteration 5240 = 0.4121440752409399
Training loss on iteration 5260 = 0.5134864973369986
Training loss on iteration 5280 = 0.3300952906254679
Training loss on iteration 5300 = 0.18533880873583258
Training loss on iteration 5320 = 0.2191172524704598
Training loss on iteration 5340 = 0.230157363996841
Training loss on iteration 5360 = 0.13317292795109098
Training loss on iteration 5380 = 0.11217267413157969
Training loss on iteration 5400 = 0.26012335175764745
Training loss on iteration 5420 = 0.21697189728729427
Training loss on iteration 5440 = 0.22886403715237974
Training loss on iteration 5460 = 0.148419448453933
Training loss on iteration 5480 = 0.20139892664738
Training loss on iteration 5500 = 0.18589621065184475
Training loss on iteration 5520 = 0.1728565129917115
Training loss on iteration 5540 = 0.16491539075504988
Training loss on iteration 5560 = 0.23141647721640765
Training loss on iteration 5580 = 0.3401338768424466
Training loss on iteration 5600 = 0.4580141691141762
### EVAL:: Epoch 14:: Loss = 0.2762962817486895 :: ACC = 0.9262007028504491, AUC = 0.9201816367855867, EER = 0.16185083951581414
Training on epoch 15
Training loss on iteration 0 = 0.08380693197250366
Training loss on iteration 20 = 0.3364862415677635
Training loss on iteration 40 = 0.7422529390081763
Training loss on iteration 60 = 0.4954809139482677
Training loss on iteration 80 = 0.5745912633625266
Training loss on iteration 100 = 0.44466784759770234
Training loss on iteration 120 = 0.4296866875934938
Training loss on iteration 140 = 0.4543101119808853
Training loss on iteration 160 = 0.6002600657215226
Training loss on iteration 180 = 0.43429780288861364
Training loss on iteration 200 = 0.2466429593740031
Training loss on iteration 220 = 0.23817987916991115
Training loss on iteration 240 = 0.1630987260316033
Training loss on iteration 260 = 0.08440524076577276
Training loss on iteration 280 = 0.14211212625959888
Training loss on iteration 300 = 0.22377279452048243
Training loss on iteration 320 = 0.11315193151822314
Training loss on iteration 340 = 0.3195390390144894
Training loss on iteration 360 = 0.199763832957251
Training loss on iteration 380 = 0.14514704332505063
Training loss on iteration 400 = 0.47811495048808866
Training loss on iteration 420 = 0.20624175360935623
Training loss on iteration 440 = 0.18541892196517437
Training loss on iteration 460 = 0.09269729134393856
Training loss on iteration 480 = 0.29649727568321393
Training loss on iteration 500 = 0.6986183960922062
Training loss on iteration 520 = 0.5903280434460612
Training loss on iteration 540 = 0.35120892728955366
Training loss on iteration 560 = 0.49793171171186257
Training loss on iteration 580 = 0.32080592135316693
Training loss on iteration 600 = 0.40080715287476776
Training loss on iteration 620 = 0.24538977157208136
Training loss on iteration 640 = 0.351623218646273
Training loss on iteration 660 = 0.39854721408337357
Training loss on iteration 680 = 0.5104110294952988
Training loss on iteration 700 = 0.324691160582006
Training loss on iteration 720 = 0.4075011458713561
Training loss on iteration 740 = 0.233486445620656
Training loss on iteration 760 = 0.16065579190617427
Training loss on iteration 780 = 0.2555331408511847
Training loss on iteration 800 = 0.26945150913670657
Training loss on iteration 820 = 0.22898886604234575
Training loss on iteration 840 = 0.37593707437627016
Training loss on iteration 860 = 0.20355008754413575
Training loss on iteration 880 = 0.15789778014877812
Training loss on iteration 900 = 0.1457069204421714
Training loss on iteration 920 = 0.20254766843281685
Training loss on iteration 940 = 0.22973936768248676
Training loss on iteration 960 = 0.36221723137423395
Training loss on iteration 980 = 0.1655995191875263
Training loss on iteration 1000 = 0.24820713660446928
Training loss on iteration 1020 = 0.22549081960169132
Training loss on iteration 1040 = 0.35763123240321876
Training loss on iteration 1060 = 0.19239816684275865
Training loss on iteration 1080 = 0.2012042971327901
Training loss on iteration 1100 = 0.10607283569406718
Training loss on iteration 1120 = 0.15066131197963842
Training loss on iteration 1140 = 0.2179046854842454
Training loss on iteration 1160 = 0.21508574226754718
Training loss on iteration 1180 = 0.05718483125820058
Training loss on iteration 1200 = 0.2129876501441686
Training loss on iteration 1220 = 0.5813799043156905
Training loss on iteration 1240 = 0.34902269655431156
Training loss on iteration 1260 = 0.48422766020521524
Training loss on iteration 1280 = 0.3086812657289556
Training loss on iteration 1300 = 0.33110251649050043
Training loss on iteration 1320 = 0.2720379218342714
Training loss on iteration 1340 = 0.15920271701179445
Training loss on iteration 1360 = 0.093652311374899
Training loss on iteration 1380 = 0.1669954484095797
Training loss on iteration 1400 = 0.1959705020301044
Training loss on iteration 1420 = 0.3595527560450137
Training loss on iteration 1440 = 0.29963909746147693
Training loss on iteration 1460 = 0.14446498338365926
Training loss on iteration 1480 = 0.07024359049974009
Training loss on iteration 1500 = 0.28110218766378237
Training loss on iteration 1520 = 0.2377062175190076
Training loss on iteration 1540 = 0.06353975876445475
Training loss on iteration 1560 = 0.21671163795690518
Training loss on iteration 1580 = 0.167424983503588
Training loss on iteration 1600 = 0.179566905379761
Training loss on iteration 1620 = 0.15543800359591842
Training loss on iteration 1640 = 0.21961609330028295
Training loss on iteration 1660 = 0.14556215059710667
Training loss on iteration 1680 = 0.09767109211534261
Training loss on iteration 1700 = 0.19295616098679602
Training loss on iteration 1720 = 0.23139283680939116
Training loss on iteration 1740 = 0.3119685053708963
Training loss on iteration 1760 = 0.36661445815116167
Training loss on iteration 1780 = 0.09465901584480889
Training loss on iteration 1800 = 0.168469350063242
Training loss on iteration 1820 = 0.12235042331885779
Training loss on iteration 1840 = 0.14482636779575842
Training loss on iteration 1860 = 0.1492269890848547
Training loss on iteration 1880 = 0.1635928430885542
Training loss on iteration 1900 = 0.16288973421324043
Training loss on iteration 1920 = 0.2608348849229515
Training loss on iteration 1940 = 0.15751507827080785
Training loss on iteration 1960 = 0.2635779165662825
Training loss on iteration 1980 = 0.19861284319777042
Training loss on iteration 2000 = 0.19648523760261014
Training loss on iteration 2020 = 0.18059147077728993
Training loss on iteration 2040 = 0.14202460798551328
Training loss on iteration 2060 = 0.15007136459462345
Training loss on iteration 2080 = 0.09929501518781762
Training loss on iteration 2100 = 0.21537825387204065
Training loss on iteration 2120 = 0.2787981277506333
Training loss on iteration 2140 = 0.2564288595749531
Training loss on iteration 2160 = 0.08146579661733995
Training loss on iteration 2180 = 0.37394309734372655
Training loss on iteration 2200 = 0.3260814096342074
Training loss on iteration 2220 = 0.41145808291621505
Training loss on iteration 2240 = 0.07716840089124162
Training loss on iteration 2260 = 0.17512670909054578
Training loss on iteration 2280 = 0.2153429148300347
Training loss on iteration 2300 = 0.46995294410735367
Training loss on iteration 2320 = 0.39891588913742454
Training loss on iteration 2340 = 0.21618763686856254
Training loss on iteration 2360 = 0.13465130053809843
Training loss on iteration 2380 = 0.12335587522247807
Training loss on iteration 2400 = 0.2722967835376039
Training loss on iteration 2420 = 0.18006243080017156
Training loss on iteration 2440 = 0.14807944311760365
Training loss on iteration 2460 = 0.4495095474645495
Training loss on iteration 2480 = 0.26463575384113935
Training loss on iteration 2500 = 0.16535475678101647
Training loss on iteration 2520 = 0.18233105926774443
Training loss on iteration 2540 = 0.24907586156623437
Training loss on iteration 2560 = 0.11589410081069218
Training loss on iteration 2580 = 0.31675788946449757
Training loss on iteration 2600 = 0.21505041657947005
Training loss on iteration 2620 = 0.19136803193832747
Training loss on iteration 2640 = 0.3532910342793912
Training loss on iteration 2660 = 0.18568613784646004
Training loss on iteration 2680 = 0.11278007620276184
Training loss on iteration 2700 = 0.4102181393653154
Training loss on iteration 2720 = 0.15640136086149142
Training loss on iteration 2740 = 0.1328396650864306
Training loss on iteration 2760 = 0.16070729626226238
Training loss on iteration 2780 = 0.30146341552608646
Training loss on iteration 2800 = 0.12621739767491819
Training loss on iteration 2820 = 0.12769636849407107
Training loss on iteration 2840 = 0.19203440330456942
Training loss on iteration 2860 = 0.0926866676141799
Training loss on iteration 2880 = 0.13002608153037726
Training loss on iteration 2900 = 0.1822979606804438
Training loss on iteration 2920 = 0.21992899151082385
Training loss on iteration 2940 = 0.14603139422251843
Training loss on iteration 2960 = 0.1366174446826335
Training loss on iteration 2980 = 0.2710091913701035
Training loss on iteration 3000 = 0.13358334139920772
Training loss on iteration 3020 = 0.1718702861224301
Training loss on iteration 3040 = 0.11634278894744057
Training loss on iteration 3060 = 0.1409253855701536
Training loss on iteration 3080 = 0.12109592876513489
Training loss on iteration 3100 = 0.09830971820510967
Training loss on iteration 3120 = 0.19960795481893
Training loss on iteration 3140 = 0.1926849796931492
Training loss on iteration 3160 = 0.18145738083985635
Training loss on iteration 3180 = 0.1343035182217136
Training loss on iteration 3200 = 0.14360311516793445
Training loss on iteration 3220 = 0.15991784759098665
Training loss on iteration 3240 = 0.1157340784673579
Training loss on iteration 3260 = 0.07596940826624632
Training loss on iteration 3280 = 0.17625790764868726
Training loss on iteration 3300 = 0.16065416871442723
Training loss on iteration 3320 = 0.21329904996673577
Training loss on iteration 3340 = 0.2143336680252105
Training loss on iteration 3360 = 0.23186615522718057
Training loss on iteration 3380 = 0.30661341801751407
Training loss on iteration 3400 = 0.1946523311897181
Training loss on iteration 3420 = 0.23402483793906867
Training loss on iteration 3440 = 0.11119638018426485
Training loss on iteration 3460 = 0.0747699664967513
Training loss on iteration 3480 = 0.39542095582000913
Training loss on iteration 3500 = 0.28714190919251337
Training loss on iteration 3520 = 0.36598998272033895
Training loss on iteration 3540 = 0.3794256561115617
Training loss on iteration 3560 = 0.15114938143160545
Training loss on iteration 3580 = 0.2633346803224413
Training loss on iteration 3600 = 0.2778401797753759
Training loss on iteration 3620 = 0.22866307488875465
Training loss on iteration 3640 = 0.11254010312259197
Training loss on iteration 3660 = 0.1708144859294407
Training loss on iteration 3680 = 0.16124604973883833
Training loss on iteration 3700 = 0.18811851711943745
Training loss on iteration 3720 = 0.18132023946382106
Training loss on iteration 3740 = 0.12350059283578503
Training loss on iteration 3760 = 0.22346688766847364
Training loss on iteration 3780 = 0.250951130350586
Training loss on iteration 3800 = 0.2316312882481725
Training loss on iteration 3820 = 0.07678987664012311
Training loss on iteration 3840 = 0.28656976704951376
Training loss on iteration 3860 = 0.19604802235844546
Training loss on iteration 3880 = 0.0806944657349959
Training loss on iteration 3900 = 0.20792939184320858
Training loss on iteration 3920 = 0.4238653156906366
Training loss on iteration 3940 = 0.2643955090956297
Training loss on iteration 3960 = 0.23565679985986207
Training loss on iteration 3980 = 0.30547729767495185
Training loss on iteration 4000 = 0.1882617542774824
Training loss on iteration 4020 = 0.13795358252973527
Training loss on iteration 4040 = 0.23696058797650038
Training loss on iteration 4060 = 0.09977877861820161
Training loss on iteration 4080 = 0.17446627898170847
Training loss on iteration 4100 = 0.12973050634609534
Training loss on iteration 4120 = 0.21602548074406513
Training loss on iteration 4140 = 0.19020261026453228
Training loss on iteration 4160 = 0.3114722460391931
Training loss on iteration 4180 = 0.242620794987306
Training loss on iteration 4200 = 0.32795438249595465
Training loss on iteration 4220 = 0.36037769159302113
Training loss on iteration 4240 = 0.36607648693025113
Training loss on iteration 4260 = 0.3133731419220567
Training loss on iteration 4280 = 0.3349532297666883
Training loss on iteration 4300 = 0.507277024583891
Training loss on iteration 4320 = 0.5371142125084589
Training loss on iteration 4340 = 0.6401972602878232
Training loss on iteration 4360 = 0.692539004914579
Training loss on iteration 4380 = 0.3880281615522108
Training loss on iteration 4400 = 0.18989891627861652
Training loss on iteration 4420 = 0.26807943149469793
Training loss on iteration 4440 = 0.1636544838314876
Training loss on iteration 4460 = 0.18398314195219428
Training loss on iteration 4480 = 0.14262451431131923
Training loss on iteration 4500 = 0.1492713419254869
Training loss on iteration 4520 = 0.09537601082120091
Training loss on iteration 4540 = 0.24676684910664334
Training loss on iteration 4560 = 0.18134190221317112
Training loss on iteration 4580 = 0.16681721583008766
Training loss on iteration 4600 = 0.2998917673830874
Training loss on iteration 4620 = 0.19114564573392273
Training loss on iteration 4640 = 0.16377713570836933
Training loss on iteration 4660 = 0.129984540049918
Training loss on iteration 4680 = 0.11149989244586322
Training loss on iteration 4700 = 0.09039379218011163
Training loss on iteration 4720 = 0.24946794759016483
Training loss on iteration 4740 = 0.206741068258998
Training loss on iteration 4760 = 0.1388091893400997
Training loss on iteration 4780 = 0.1777022050897358
Training loss on iteration 4800 = 0.1020571377244778
Training loss on iteration 4820 = 0.1874923638650216
Training loss on iteration 4840 = 0.13565379148349166
Training loss on iteration 4860 = 0.22028151321537734
Training loss on iteration 4880 = 0.1496145740733482
Training loss on iteration 4900 = 0.2012147585453931
Training loss on iteration 4920 = 0.264007297749049
Training loss on iteration 4940 = 0.11024282472208143
Training loss on iteration 4960 = 0.15585148085374384
Training loss on iteration 4980 = 0.11350888612214476
Training loss on iteration 5000 = 0.18423828576924278
Training loss on iteration 5020 = 0.06182717078118003
Training loss on iteration 5040 = 0.09831985505952616
Training loss on iteration 5060 = 0.07384729390032589
Training loss on iteration 5080 = 0.14699818103108556
Training loss on iteration 5100 = 0.12782253389887047
Training loss on iteration 5120 = 0.16940039552282543
Training loss on iteration 5140 = 0.08429384152404965
Training loss on iteration 5160 = 0.15570803478476591
Training loss on iteration 5180 = 0.14018129331525414
Training loss on iteration 5200 = 0.1864722662139684
Training loss on iteration 5220 = 0.08897603490331676
Training loss on iteration 5240 = 0.06617816998041234
Training loss on iteration 5260 = 0.1071828255426226
Training loss on iteration 5280 = 0.10879180263218587
Training loss on iteration 5300 = 0.13524620291718747
Training loss on iteration 5320 = 0.11246443722920958
Training loss on iteration 5340 = 0.18031054178718478
Training loss on iteration 5360 = 0.3095713649840036
Training loss on iteration 5380 = 0.08610495768662077
Training loss on iteration 5400 = 0.0844154986499234
Training loss on iteration 5420 = 0.2560270185897025
Training loss on iteration 5440 = 0.2021978867938742
Training loss on iteration 5460 = 0.13116248223450383
Training loss on iteration 5480 = 0.1769234223465901
Training loss on iteration 5500 = 0.17271990957087838
Training loss on iteration 5520 = 0.06777843851741636
Training loss on iteration 5540 = 0.2932922272128053
Training loss on iteration 5560 = 0.19485335079953076
Training loss on iteration 5580 = 0.14012077866354958
Training loss on iteration 5600 = 0.2045747677795589
### EVAL:: Epoch 15:: Loss = 0.06525677574914829 :: ACC = 0.9762299882858259, AUC = 0.926490788943454, EER = 0.14584146817649354
Training on epoch 16
Training loss on iteration 0 = 0.008198282681405544
Training loss on iteration 20 = 0.11566588102723471
Training loss on iteration 40 = 0.195490512275137
Training loss on iteration 60 = 0.3350390196312219
Training loss on iteration 80 = 0.10875972365902271
Training loss on iteration 100 = 0.09336965335751302
Training loss on iteration 120 = 0.14740950409614015
Training loss on iteration 140 = 0.1404046529554762
Training loss on iteration 160 = 0.3195006843889132
Training loss on iteration 180 = 0.23135219421237707
Training loss on iteration 200 = 0.2103874178836122
Training loss on iteration 220 = 0.23035575526300817
Training loss on iteration 240 = 0.16362111184280365
Training loss on iteration 260 = 0.2382156625186326
Training loss on iteration 280 = 0.21866651272866874
Training loss on iteration 300 = 0.08743723585212138
Training loss on iteration 320 = 0.19037865202408283
Training loss on iteration 340 = 0.2563264785101637
Training loss on iteration 360 = 0.22997865084034858
Training loss on iteration 380 = 0.17736474341654684
Training loss on iteration 400 = 0.19671869464218616
Training loss on iteration 420 = 0.3255960309645161
Training loss on iteration 440 = 0.11516854036599397
Training loss on iteration 460 = 0.17803797182277775
Training loss on iteration 480 = 0.1897849681787193
Training loss on iteration 500 = 0.21200439458480105
Training loss on iteration 520 = 0.12838811464607716
Training loss on iteration 540 = 0.14835392428794875
Training loss on iteration 560 = 0.22698098317487164
Training loss on iteration 580 = 0.0634539862148813
Training loss on iteration 600 = 0.12124361710784796
Training loss on iteration 620 = 0.13612888317220495
Training loss on iteration 640 = 0.12202815279961214
Training loss on iteration 660 = 0.09704167973250151
Training loss on iteration 680 = 0.07923590091813822
Training loss on iteration 700 = 0.10419181730831042
Training loss on iteration 720 = 0.08615552857518197
Training loss on iteration 740 = 0.08918016957322834
Training loss on iteration 760 = 0.08240812253206968
Training loss on iteration 780 = 0.11436355999503575
Training loss on iteration 800 = 0.08554291921464027
Training loss on iteration 820 = 0.1577160078973975
Training loss on iteration 840 = 0.2354807071504183
Training loss on iteration 860 = 0.17745981761836446
Training loss on iteration 880 = 0.22991021903508227
Training loss on iteration 900 = 0.10795698983474722
Training loss on iteration 920 = 0.1687874574352463
Training loss on iteration 940 = 0.10233464698540047
Training loss on iteration 960 = 0.323643566906685
Training loss on iteration 980 = 0.11978648034866808
Training loss on iteration 1000 = 0.19280433331150562
Training loss on iteration 1020 = 0.1361292022455018
Training loss on iteration 1040 = 0.08520900085568428
Training loss on iteration 1060 = 0.10242553277275875
Training loss on iteration 1080 = 0.08484178421495017
Training loss on iteration 1100 = 0.07144410474284087
Training loss on iteration 1120 = 0.12811474322807043
Training loss on iteration 1140 = 0.157381739129778
Training loss on iteration 1160 = 0.13750420298310928
Training loss on iteration 1180 = 0.27652026028372345
Training loss on iteration 1200 = 0.14885527329024625
Training loss on iteration 1220 = 0.28441392076365446
Training loss on iteration 1240 = 0.17282468690841596
Training loss on iteration 1260 = 0.20117692574276588
Training loss on iteration 1280 = 0.09202940494424183
Training loss on iteration 1300 = 0.10227195307006695
Training loss on iteration 1320 = 0.11977877143071965
Training loss on iteration 1340 = 0.13957433101222705
Training loss on iteration 1360 = 0.20297119800234215
Training loss on iteration 1380 = 0.11971733699319884
Training loss on iteration 1400 = 0.09182042088359595
Training loss on iteration 1420 = 0.07566432610619814
Training loss on iteration 1440 = 0.07281617047774488
Training loss on iteration 1460 = 0.35220164890761224
Training loss on iteration 1480 = 0.21862642602063714
Training loss on iteration 1500 = 0.2852841160558455
Training loss on iteration 1520 = 0.5862784885935582
Training loss on iteration 1540 = 0.2896574401952449
Training loss on iteration 1560 = 0.6879734446149086
Training loss on iteration 1580 = 0.7649054376376085
Training loss on iteration 1600 = 0.4731348917912646
Training loss on iteration 1620 = 0.4773740464748698
Training loss on iteration 1640 = 0.32205796393739095
Training loss on iteration 1660 = 0.482066302819112
Training loss on iteration 1680 = 0.2644002405824722
Training loss on iteration 1700 = 0.16187706153696127
Training loss on iteration 1720 = 0.2112463847559411
Training loss on iteration 1740 = 0.14013623151404317
Training loss on iteration 1760 = 0.13812837869045325
Training loss on iteration 1780 = 0.16735022719949483
Training loss on iteration 1800 = 0.08455151041853241
Training loss on iteration 1820 = 0.10117682166783197
Training loss on iteration 1840 = 0.11380602139688563
Training loss on iteration 1860 = 0.21539502591913334
Training loss on iteration 1880 = 0.16710701858828542
Training loss on iteration 1900 = 0.20234628683865594
Training loss on iteration 1920 = 0.17843166461389046
Training loss on iteration 1940 = 0.10041876102768584
Training loss on iteration 1960 = 0.2305450073632528
Training loss on iteration 1980 = 0.1337435335961345
Training loss on iteration 2000 = 0.17546871853701304
Training loss on iteration 2020 = 0.12924110403982922
Training loss on iteration 2040 = 0.18844003335470916
Training loss on iteration 2060 = 0.1177951605990529
Training loss on iteration 2080 = 0.06064688920596382
Training loss on iteration 2100 = 0.16562450742767396
Training loss on iteration 2120 = 0.11046537844231352
Training loss on iteration 2140 = 0.06447560561500723
Training loss on iteration 2160 = 0.11129437855131527
Training loss on iteration 2180 = 0.08818300265120342
Training loss on iteration 2200 = 0.17278166378382592
Training loss on iteration 2220 = 0.1267024458240485
Training loss on iteration 2240 = 0.11202041443975759
Training loss on iteration 2260 = 0.11860432155663148
Training loss on iteration 2280 = 0.16099426685250365
Training loss on iteration 2300 = 0.11116106004919857
Training loss on iteration 2320 = 0.09873943557031453
Training loss on iteration 2340 = 0.1625687081912474
Training loss on iteration 2360 = 0.06593232109735254
Training loss on iteration 2380 = 0.08109562309255125
Training loss on iteration 2400 = 0.23678475146880373
Training loss on iteration 2420 = 0.18670795219950378
Training loss on iteration 2440 = 0.11054758238242357
Training loss on iteration 2460 = 0.17819212434988002
Training loss on iteration 2480 = 0.20848085403619904
Training loss on iteration 2500 = 0.2139428084323299
Training loss on iteration 2520 = 0.07754466191399842
Training loss on iteration 2540 = 0.14833877574419602
Training loss on iteration 2560 = 0.14578747437044512
Training loss on iteration 2580 = 0.10668883755861316
Training loss on iteration 2600 = 0.10561479582829633
Training loss on iteration 2620 = 0.16625999000680167
Training loss on iteration 2640 = 0.08187081992073217
Training loss on iteration 2660 = 0.08002258640190121
Training loss on iteration 2680 = 0.1122269339975901
Training loss on iteration 2700 = 0.2519515194173437
Training loss on iteration 2720 = 0.19413359984755515
Training loss on iteration 2740 = 0.17752680978010177
Training loss on iteration 2760 = 0.11734521527541801
Training loss on iteration 2780 = 0.09733823834976647
Training loss on iteration 2800 = 0.11855413596786094
Training loss on iteration 2820 = 0.04832300113594101
Training loss on iteration 2840 = 0.06152598152311839
Training loss on iteration 2860 = 0.12249719236006058
Training loss on iteration 2880 = 0.19793324162019416
Training loss on iteration 2900 = 0.09143066483084113
Training loss on iteration 2920 = 0.11576506860292284
Training loss on iteration 2940 = 0.07048439892241731
Training loss on iteration 2960 = 0.19338515248091426
Training loss on iteration 2980 = 0.11986737952101975
Training loss on iteration 3000 = 0.2015240500913933
Training loss on iteration 3020 = 0.08698209983613196
Training loss on iteration 3040 = 0.10518878107518503
Training loss on iteration 3060 = 0.2611702053791305
Training loss on iteration 3080 = 0.23365621834091144
Training loss on iteration 3100 = 0.16241828693891874
Training loss on iteration 3120 = 0.12125353209557943
Training loss on iteration 3140 = 0.19929162953631022
Training loss on iteration 3160 = 0.07815792369801784
Training loss on iteration 3180 = 0.22408384357913746
Training loss on iteration 3200 = 0.09885940810199827
Training loss on iteration 3220 = 0.27181312915636224
Training loss on iteration 3240 = 0.10628659909998532
Training loss on iteration 3260 = 0.29190187621474595
Training loss on iteration 3280 = 0.6408233203925192
Training loss on iteration 3300 = 0.3008545924472855
Training loss on iteration 3320 = 0.16259194978047162
Training loss on iteration 3340 = 0.12294765201659175
Training loss on iteration 3360 = 0.21769995127251604
Training loss on iteration 3380 = 0.2248028937567142
Training loss on iteration 3400 = 0.1250318325473927
Training loss on iteration 3420 = 0.16538359727710486
Training loss on iteration 3440 = 0.30554784468258733
Training loss on iteration 3460 = 0.3533341528149322
Training loss on iteration 3480 = 0.9622520523145794
Training loss on iteration 3500 = 1.2179133072786499
Training loss on iteration 3520 = 1.3165570307406598
Training loss on iteration 3540 = 1.6710742829367518
Training loss on iteration 3560 = 0.7212155193589751
Training loss on iteration 3580 = 0.44967067753896117
Training loss on iteration 3600 = 0.3758219540119171
Training loss on iteration 3620 = 0.4815720475919079
Training loss on iteration 3640 = 0.4331799524021335
Training loss on iteration 3660 = 0.5302682498469948
Training loss on iteration 3680 = 0.38997213714756074
Training loss on iteration 3700 = 0.2376681393594481
Training loss on iteration 3720 = 0.3212836652295664
Training loss on iteration 3740 = 0.6300153429387138
Training loss on iteration 3760 = 0.4246463674586266
Training loss on iteration 3780 = 0.24487775268498807
Training loss on iteration 3800 = 0.2546332047320902
Training loss on iteration 3820 = 0.1866363882087171
Training loss on iteration 3840 = 0.4419403707841411
Training loss on iteration 3860 = 0.2142700177617371
Training loss on iteration 3880 = 0.09906823484343477
Training loss on iteration 3900 = 0.20538251746329478
Training loss on iteration 3920 = 0.24987626653164624
Training loss on iteration 3940 = 0.2747368022450246
Training loss on iteration 3960 = 0.16113869150867685
Training loss on iteration 3980 = 0.19486025660298764
Training loss on iteration 4000 = 0.1618006822944153
Training loss on iteration 4020 = 0.18177363518625497
Training loss on iteration 4040 = 0.2635237527225399
Training loss on iteration 4060 = 0.07662206008099019
Training loss on iteration 4080 = 0.11877398951910437
Training loss on iteration 4100 = 0.1375449506333098
Training loss on iteration 4120 = 0.29217481820378455
Training loss on iteration 4140 = 0.40395387416065204
Training loss on iteration 4160 = 0.24392468254081906
Training loss on iteration 4180 = 0.22024078564718366
Training loss on iteration 4200 = 0.31501182247884574
Training loss on iteration 4220 = 0.19379594693891705
Training loss on iteration 4240 = 0.11492393894004635
Training loss on iteration 4260 = 0.21490729844081216
Training loss on iteration 4280 = 0.2511744448391255
Training loss on iteration 4300 = 0.35177790810121223
Training loss on iteration 4320 = 0.19240068748476916
Training loss on iteration 4340 = 0.13900786717422306
Training loss on iteration 4360 = 0.13973766430281104
Training loss on iteration 4380 = 0.15538660967285978
Training loss on iteration 4400 = 0.2906323026167229
Training loss on iteration 4420 = 0.13076172830042196
Training loss on iteration 4440 = 0.27056722205816186
Training loss on iteration 4460 = 0.6607070141704753
Training loss on iteration 4480 = 0.5232768304646015
Training loss on iteration 4500 = 0.5072977801319212
Training loss on iteration 4520 = 0.1950565753621049
Training loss on iteration 4540 = 0.2719582207340864
Training loss on iteration 4560 = 0.4568807129806373
Training loss on iteration 4580 = 0.18790686174761503
Training loss on iteration 4600 = 0.15926948275882752
Training loss on iteration 4620 = 0.1464196368935518
Training loss on iteration 4640 = 0.09248832220910116
Training loss on iteration 4660 = 0.24305893587879837
Training loss on iteration 4680 = 0.15883570510777645
Training loss on iteration 4700 = 0.2576342386615579
Training loss on iteration 4720 = 0.3775205077719875
Training loss on iteration 4740 = 0.16161590057890862
Training loss on iteration 4760 = 0.407189227535855
Training loss on iteration 4780 = 0.1820380076591391
Training loss on iteration 4800 = 0.2278302043385338
Training loss on iteration 4820 = 0.2565273946383968
Training loss on iteration 4840 = 0.13717557905474678
Training loss on iteration 4860 = 0.15850978943053634
Training loss on iteration 4880 = 0.17616643877699972
Training loss on iteration 4900 = 0.10051981929573231
Training loss on iteration 4920 = 0.19819777619559317
Training loss on iteration 4940 = 0.1434207813348621
Training loss on iteration 4960 = 0.1361726430011913
Training loss on iteration 4980 = 0.05833007117325906
Training loss on iteration 5000 = 0.0982266697101295
Training loss on iteration 5020 = 0.2944874356966466
Training loss on iteration 5040 = 0.21265679742209614
Training loss on iteration 5060 = 0.2260574533342151
Training loss on iteration 5080 = 0.31884840205093495
Training loss on iteration 5100 = 0.2516836176539073
Training loss on iteration 5120 = 0.11485249624820426
Training loss on iteration 5140 = 0.1695060650934465
Training loss on iteration 5160 = 0.14942545577287092
Training loss on iteration 5180 = 0.1845732072251849
Training loss on iteration 5200 = 0.12238504434935749
Training loss on iteration 5220 = 0.12108057495497633
Training loss on iteration 5240 = 0.174679210386239
Training loss on iteration 5260 = 0.09208471870515496
Training loss on iteration 5280 = 0.18034216308733447
Training loss on iteration 5300 = 0.13359381427289918
Training loss on iteration 5320 = 0.10915391453308984
Training loss on iteration 5340 = 0.24430953732226043
Training loss on iteration 5360 = 0.17808438396896237
Training loss on iteration 5380 = 0.14085234079393558
Training loss on iteration 5400 = 0.22698838831856846
Training loss on iteration 5420 = 0.29303551397752015
Training loss on iteration 5440 = 0.21011138129979373
Training loss on iteration 5460 = 0.32752119810320435
Training loss on iteration 5480 = 0.20330002586124465
Training loss on iteration 5500 = 0.17701707264932337
Training loss on iteration 5520 = 0.21177511396817864
Training loss on iteration 5540 = 0.17467092419974506
Training loss on iteration 5560 = 0.11892492697488706
Training loss on iteration 5580 = 0.12998545724258292
Training loss on iteration 5600 = 0.18397038163466278
### EVAL:: Epoch 16:: Loss = 0.0908319737120785 :: ACC = 0.9661265130808278, AUC = 0.9193095155290186, EER = 0.15970324092151503
Training on epoch 17
Training loss on iteration 0 = 0.21093735098838806
Training loss on iteration 20 = 0.27413722416968084
Training loss on iteration 40 = 0.25347660332918165
Training loss on iteration 60 = 0.1579418058739975
Training loss on iteration 80 = 0.09834361528628506
Training loss on iteration 100 = 0.11795287968125194
Training loss on iteration 120 = 0.21059769885614515
Training loss on iteration 140 = 0.14564339269854826
Training loss on iteration 160 = 0.12447144037942053
Training loss on iteration 180 = 0.17476984639652074
Training loss on iteration 200 = 0.14837130134692417
Training loss on iteration 220 = 0.24240291448077186
Training loss on iteration 240 = 0.18860016176258795
Training loss on iteration 260 = 0.15049346566665917
Training loss on iteration 280 = 0.28304736835416405
Training loss on iteration 300 = 0.1201317404396832
Training loss on iteration 320 = 0.1830300830410124
Training loss on iteration 340 = 0.17737958447844449
Training loss on iteration 360 = 0.16831497778912308
Training loss on iteration 380 = 0.1908444187429268
Training loss on iteration 400 = 0.19954633254383225
Training loss on iteration 420 = 0.17852669588683057
Training loss on iteration 440 = 0.13062896872652346
Training loss on iteration 460 = 0.22758855880238116
Training loss on iteration 480 = 0.12873856124351732
Training loss on iteration 500 = 0.13888138574111508
Training loss on iteration 520 = 0.38053693688707424
Training loss on iteration 540 = 0.4408245386555791
Training loss on iteration 560 = 0.20943604232743382
Training loss on iteration 580 = 0.3582255330402404
Training loss on iteration 600 = 0.34224049575859683
Training loss on iteration 620 = 0.4091282650828362
Training loss on iteration 640 = 0.2819477628741879
Training loss on iteration 660 = 0.2521436004899442
Training loss on iteration 680 = 0.18312580741476267
Training loss on iteration 700 = 0.21440963470377028
Training loss on iteration 720 = 0.2749859221861698
Training loss on iteration 740 = 0.18206877149641515
Training loss on iteration 760 = 0.1868666781578213
Training loss on iteration 780 = 0.20690596962813287
Training loss on iteration 800 = 0.1473204266250832
Training loss on iteration 820 = 0.16477159667992963
Training loss on iteration 840 = 0.15299728056415915
Training loss on iteration 860 = 0.1291350257699378
Training loss on iteration 880 = 0.225497488072142
Training loss on iteration 900 = 0.2145481790881604
Training loss on iteration 920 = 0.2271062001818791
Training loss on iteration 940 = 0.2519132268935209
Training loss on iteration 960 = 0.22157423300668597
Training loss on iteration 980 = 0.13821878292365
Training loss on iteration 1000 = 0.22499644421041012
Training loss on iteration 1020 = 0.06802226580912248
Training loss on iteration 1040 = 0.1937267424305901
Training loss on iteration 1060 = 0.21510199964395724
Training loss on iteration 1080 = 0.27046870682388546
Training loss on iteration 1100 = 0.6154917084262707
Training loss on iteration 1120 = 0.49082969231531026
Training loss on iteration 1140 = 0.2869788610143587
Training loss on iteration 1160 = 0.1168364014069084
Training loss on iteration 1180 = 0.39264515384129484
Training loss on iteration 1200 = 0.211955692191259
Training loss on iteration 1220 = 0.45576864420436325
Training loss on iteration 1240 = 0.4469178779399954
Training loss on iteration 1260 = 0.4628606876824051
Training loss on iteration 1280 = 0.15603966322378254
Training loss on iteration 1300 = 0.3481028157401852
Training loss on iteration 1320 = 0.3622139203711413
Training loss on iteration 1340 = 0.3477401641343022
Training loss on iteration 1360 = 0.16594418341992423
Training loss on iteration 1380 = 0.32714211314741987
Training loss on iteration 1400 = 0.1613478859188035
Training loss on iteration 1420 = 0.14761061558965594
Training loss on iteration 1440 = 0.25116956119891254
Training loss on iteration 1460 = 0.2021275065955706
Training loss on iteration 1480 = 0.11798709643771872
Training loss on iteration 1500 = 0.12132322106917855
Training loss on iteration 1520 = 0.12356010096846148
Training loss on iteration 1540 = 0.32357303172466345
Training loss on iteration 1560 = 0.2933051102794707
Training loss on iteration 1580 = 0.2635286806151271
Training loss on iteration 1600 = 0.19336639815010132
Training loss on iteration 1620 = 0.10619746134761954
Training loss on iteration 1640 = 0.07519115672330372
Training loss on iteration 1660 = 0.10706116112414747
Training loss on iteration 1680 = 0.2292096802557353
Training loss on iteration 1700 = 0.15666249436326324
Training loss on iteration 1720 = 0.16590298116207122
Training loss on iteration 1740 = 0.09881839140434749
Training loss on iteration 1760 = 0.1484616495843511
Training loss on iteration 1780 = 0.1697052042465657
Training loss on iteration 1800 = 0.08338714089968562
Training loss on iteration 1820 = 0.13382537301804404
Training loss on iteration 1840 = 0.2529495688155293
Training loss on iteration 1860 = 0.3334877532674
Training loss on iteration 1880 = 0.09776502810418605
Training loss on iteration 1900 = 0.12035139498766512
Training loss on iteration 1920 = 0.1436854201485403
Training loss on iteration 1940 = 0.0957269531674683
Training loss on iteration 1960 = 0.17010634018806742
Training loss on iteration 1980 = 0.22271029402181738
Training loss on iteration 2000 = 0.15987162792880555
Training loss on iteration 2020 = 0.09334015232743695
Training loss on iteration 2040 = 0.2702005606202874
Training loss on iteration 2060 = 0.19600162933347748
Training loss on iteration 2080 = 0.19251853063469754
Training loss on iteration 2100 = 0.2373160629242193
Training loss on iteration 2120 = 0.15827791271731256
Training loss on iteration 2140 = 0.21786926677450538
Training loss on iteration 2160 = 0.2331228183116764
Training loss on iteration 2180 = 0.16361926575191318
Training loss on iteration 2200 = 0.14715240072691813
Training loss on iteration 2220 = 0.16422918394964653
Training loss on iteration 2240 = 0.0984116569859907
Training loss on iteration 2260 = 0.2627129951841198
Training loss on iteration 2280 = 0.35293808655114844
Training loss on iteration 2300 = 0.24910355625252123
Training loss on iteration 2320 = 0.2241179422911955
Training loss on iteration 2340 = 0.4704709731013281
Training loss on iteration 2360 = 0.1989700275589712
Training loss on iteration 2380 = 0.22312778841296677
Training loss on iteration 2400 = 0.23606962433113948
Training loss on iteration 2420 = 0.6127393969964032
Training loss on iteration 2440 = 0.38116228168419186
Training loss on iteration 2460 = 0.30156500287994276
Training loss on iteration 2480 = 0.10280482816742734
Training loss on iteration 2500 = 0.11285372846396058
Training loss on iteration 2520 = 0.16408883972180774
Training loss on iteration 2540 = 0.2851839476497844
Training loss on iteration 2560 = 0.4839211885817349
Training loss on iteration 2580 = 0.28600859332291295
Training loss on iteration 2600 = 0.2338917849585414
Training loss on iteration 2620 = 0.26209209306398407
Training loss on iteration 2640 = 0.1329575336538255
Training loss on iteration 2660 = 0.11538180955685676
Training loss on iteration 2680 = 0.13588554278830997
Training loss on iteration 2700 = 0.13958444224554115
Training loss on iteration 2720 = 0.195966932491865
Training loss on iteration 2740 = 0.15986280572833494
Training loss on iteration 2760 = 0.09612109678564593
Training loss on iteration 2780 = 0.09759855912416242
Training loss on iteration 2800 = 0.10551689798012376
Training loss on iteration 2820 = 0.1679507090942934
Training loss on iteration 2840 = 0.18272421308793127
Training loss on iteration 2860 = 0.11694540365133435
Training loss on iteration 2880 = 0.09857121924869716
Training loss on iteration 2900 = 0.12131658813450485
Training loss on iteration 2920 = 0.16707460721809184
Training loss on iteration 2940 = 0.1614733623166103
Training loss on iteration 2960 = 0.18038372751325368
Training loss on iteration 2980 = 0.08592545264400542
Training loss on iteration 3000 = 0.0859439940424636
Training loss on iteration 3020 = 0.22165316446917133
Training loss on iteration 3040 = 0.09385713275987655
Training loss on iteration 3060 = 0.12950661345385014
Training loss on iteration 3080 = 0.09433059403090738
Training loss on iteration 3100 = 0.08732569697749568
Training loss on iteration 3120 = 0.05420390081271762
Training loss on iteration 3140 = 0.18150052753044293
Training loss on iteration 3160 = 0.08551259897649288
Training loss on iteration 3180 = 0.20858404458267615
Training loss on iteration 3200 = 0.08585662531550042
Training loss on iteration 3220 = 0.1108498850488104
Training loss on iteration 3240 = 0.13337808231590315
Training loss on iteration 3260 = 0.1294681356055662
Training loss on iteration 3280 = 0.09079100700910203
Training loss on iteration 3300 = 0.12824122342281044
Training loss on iteration 3320 = 0.09077983187162317
Training loss on iteration 3340 = 0.03242877061420586
Training loss on iteration 3360 = 0.0897100452646555
Training loss on iteration 3380 = 0.06622292273095809
Training loss on iteration 3400 = 0.11834579347632826
Training loss on iteration 3420 = 0.11604779412737116
Training loss on iteration 3440 = 0.09432665588537929
Training loss on iteration 3460 = 0.05842703225789592
Training loss on iteration 3480 = 0.07285551358363591
Training loss on iteration 3500 = 0.14062902983714592
Training loss on iteration 3520 = 0.2056262933590915
Training loss on iteration 3540 = 0.14559842911548912
Training loss on iteration 3560 = 0.09997091573895886
Training loss on iteration 3580 = 0.10221359329589177
Training loss on iteration 3600 = 0.1411818831693381
Training loss on iteration 3620 = 0.24852871266193688
Training loss on iteration 3640 = 0.3767097219475545
Training loss on iteration 3660 = 0.22941826353780925
Training loss on iteration 3680 = 0.1707447930239141
Training loss on iteration 3700 = 0.13606967442319728
Training loss on iteration 3720 = 0.1257874665028794
Training loss on iteration 3740 = 0.16483902403851972
Training loss on iteration 3760 = 0.07399002183992706
Training loss on iteration 3780 = 0.2369033274713729
Training loss on iteration 3800 = 0.19233287203242072
Training loss on iteration 3820 = 0.23652159614721313
Training loss on iteration 3840 = 0.19300613015075213
Training loss on iteration 3860 = 0.1326404646388255
Training loss on iteration 3880 = 0.14570728591643273
Training loss on iteration 3900 = 0.11830589135643095
Training loss on iteration 3920 = 0.12881008347612805
Training loss on iteration 3940 = 0.059812518551916584
Training loss on iteration 3960 = 0.0892737805035722
Training loss on iteration 3980 = 0.10246049889392453
Training loss on iteration 4000 = 0.17436278657987714
Training loss on iteration 4020 = 0.11640710381616373
Training loss on iteration 4040 = 0.20229943419981283
Training loss on iteration 4060 = 0.10979653807007708
Training loss on iteration 4080 = 0.1472284211195074
Training loss on iteration 4100 = 0.13370295132044702
Training loss on iteration 4120 = 0.3210267802307499
Training loss on iteration 4140 = 0.33991303053917366
Training loss on iteration 4160 = 0.3465132612036541
Training loss on iteration 4180 = 0.4703911612625234
Training loss on iteration 4200 = 0.4975309711531736
Training loss on iteration 4220 = 0.41482033394277096
Training loss on iteration 4240 = 0.9436249781665538
Training loss on iteration 4260 = 0.29636656347938695
Training loss on iteration 4280 = 0.67779051017842
Training loss on iteration 4300 = 0.3939998612215277
Training loss on iteration 4320 = 0.3234493173891678
Training loss on iteration 4340 = 0.32274681751150636
Training loss on iteration 4360 = 0.1587535887665581
Training loss on iteration 4380 = 0.23994348978158087
Training loss on iteration 4400 = 0.14810625770769548
Training loss on iteration 4420 = 0.6780310867354273
Training loss on iteration 4440 = 0.8408776469528675
Training loss on iteration 4460 = 0.33743351447392345
Training loss on iteration 4480 = 0.48430928483139724
Training loss on iteration 4500 = 0.6617039586548344
Training loss on iteration 4520 = 0.8535282295077984
Training loss on iteration 4540 = 0.6149533750372939
Training loss on iteration 4560 = 0.48531029946170745
Training loss on iteration 4580 = 0.3304454567260109
Training loss on iteration 4600 = 0.19112763390876353
Training loss on iteration 4620 = 0.11174435802968219
Training loss on iteration 4640 = 0.08060948032070883
Training loss on iteration 4660 = 0.14445307682617567
Training loss on iteration 4680 = 0.20917703727609477
Training loss on iteration 4700 = 0.20278639157768338
Training loss on iteration 4720 = 0.08568814797326922
Training loss on iteration 4740 = 0.09061727568041533
Training loss on iteration 4760 = 0.16048944316571578
Training loss on iteration 4780 = 0.15712746562203392
Training loss on iteration 4800 = 0.14783474604191724
Training loss on iteration 4820 = 0.10765608016954502
Training loss on iteration 4840 = 0.10049855891556944
Training loss on iteration 4860 = 0.13344273319235073
Training loss on iteration 4880 = 0.12817415943427476
Training loss on iteration 4900 = 0.09031353554455564
Training loss on iteration 4920 = 0.09358325590437744
Training loss on iteration 4940 = 0.10782443086209241
Training loss on iteration 4960 = 0.13557784691220148
Training loss on iteration 4980 = 0.09643966312287375
Training loss on iteration 5000 = 0.28037701041030233
Training loss on iteration 5020 = 0.2096149329096079
Training loss on iteration 5040 = 0.1652993099880405
Training loss on iteration 5060 = 0.294968584459275
Training loss on iteration 5080 = 0.10840484971413389
Training loss on iteration 5100 = 0.17092625459190458
Training loss on iteration 5120 = 0.1175417250546161
Training loss on iteration 5140 = 0.16833110952284186
Training loss on iteration 5160 = 0.09306243993341923
Training loss on iteration 5180 = 0.10624991022414179
Training loss on iteration 5200 = 0.12748562009073794
Training loss on iteration 5220 = 0.20180113713722675
Training loss on iteration 5240 = 0.08638248682837002
Training loss on iteration 5260 = 0.09522905319463462
Training loss on iteration 5280 = 0.06123194245446939
Training loss on iteration 5300 = 0.11396773997694254
Training loss on iteration 5320 = 0.1818694520094141
Training loss on iteration 5340 = 0.13599491586210205
Training loss on iteration 5360 = 0.23989087630761788
Training loss on iteration 5380 = 0.14330629475771275
Training loss on iteration 5400 = 0.11534975477698026
Training loss on iteration 5420 = 0.06563675755751319
Training loss on iteration 5440 = 0.32078036277580396
Training loss on iteration 5460 = 0.1638377292547375
Training loss on iteration 5480 = 0.1069276743743103
Training loss on iteration 5500 = 0.17197430259548127
Training loss on iteration 5520 = 0.08716520125854003
Training loss on iteration 5540 = 0.2283842927427031
Training loss on iteration 5560 = 0.19701797842280938
Training loss on iteration 5580 = 0.13643822790472768
Training loss on iteration 5600 = 0.19232588770100847
### EVAL:: Epoch 17:: Loss = 0.12152066897296669 :: ACC = 0.9491409605622804, AUC = 0.728625891770667, EER = 0.3158922295978134
Training on epoch 18
Training loss on iteration 0 = 0.17037682235240936
Training loss on iteration 20 = 0.131659883831162
Training loss on iteration 40 = 0.21364437154697952
Training loss on iteration 60 = 0.14526953799359035
Training loss on iteration 80 = 0.12722525530989515
Training loss on iteration 100 = 0.14438534994369548
Training loss on iteration 120 = 0.19824728123301155
Training loss on iteration 140 = 0.12159868653106969
Training loss on iteration 160 = 0.21720684740575963
Training loss on iteration 180 = 0.10659132838700316
Training loss on iteration 200 = 0.3402857568580657
Training loss on iteration 220 = 0.17041259846882895
Training loss on iteration 240 = 0.2695435442728922
Training loss on iteration 260 = 0.1795095069799572
Training loss on iteration 280 = 0.3464130982174538
Training loss on iteration 300 = 0.1884375185754834
Training loss on iteration 320 = 0.16566499876960278
Training loss on iteration 340 = 0.1876573138139662
Training loss on iteration 360 = 0.296863551291608
Training loss on iteration 380 = 0.392634629868553
Training loss on iteration 400 = 0.23782089554297273
Training loss on iteration 420 = 0.23149382620467804
Training loss on iteration 440 = 0.22084062216872552
Training loss on iteration 460 = 0.09697612034625251
Training loss on iteration 480 = 0.25523551024089103
Training loss on iteration 500 = 0.22422237086866517
Training loss on iteration 520 = 0.14628445374037255
Training loss on iteration 540 = 0.06440821282858451
Training loss on iteration 560 = 0.29035628714955236
Training loss on iteration 580 = 0.2613122526905499
Training loss on iteration 600 = 0.26447790100246493
Training loss on iteration 620 = 0.06848438923771027
Training loss on iteration 640 = 0.08732054939755471
Training loss on iteration 660 = 0.22563221621803678
Training loss on iteration 680 = 0.1696960264700465
Training loss on iteration 700 = 0.32571610710583626
Training loss on iteration 720 = 0.1300163910666015
Training loss on iteration 740 = 0.3839450355473673
Training loss on iteration 760 = 0.1895626616838854
Training loss on iteration 780 = 0.39415429869259244
Training loss on iteration 800 = 0.16092716168932383
Training loss on iteration 820 = 0.23403792445315047
Training loss on iteration 840 = 0.22770760988969413
Training loss on iteration 860 = 0.2694022094830871
Training loss on iteration 880 = 0.12832150789909064
Training loss on iteration 900 = 0.08795924842706881
Training loss on iteration 920 = 0.14197301142849028
Training loss on iteration 940 = 0.10650520885828882
Training loss on iteration 960 = 0.1668489388859598
Training loss on iteration 980 = 0.15661123825702816
Training loss on iteration 1000 = 0.09374719967017882
Training loss on iteration 1020 = 0.11679134108126163
Training loss on iteration 1040 = 0.09403895052091685
Training loss on iteration 1060 = 0.11661447282476729
Training loss on iteration 1080 = 0.12889642603695392
Training loss on iteration 1100 = 0.22801579057704657
Training loss on iteration 1120 = 0.07096207700669765
Training loss on iteration 1140 = 0.07062774117694062
Training loss on iteration 1160 = 0.16929113420774228
Training loss on iteration 1180 = 0.14997419035062193
Training loss on iteration 1200 = 0.11781775867566466
Training loss on iteration 1220 = 0.1328788183731376
Training loss on iteration 1240 = 0.1306855849645217
Training loss on iteration 1260 = 0.09058437114144909
Training loss on iteration 1280 = 0.056182082300801996
Training loss on iteration 1300 = 0.11014978809653257
Training loss on iteration 1320 = 0.11478948539879638
Training loss on iteration 1340 = 0.14457472841168056
Training loss on iteration 1360 = 0.17736337748647202
Training loss on iteration 1380 = 0.20303647418040782
Training loss on iteration 1400 = 0.32014599388785425
Training loss on iteration 1420 = 0.40069305535289457
Training loss on iteration 1440 = 0.18256380184648152
Training loss on iteration 1460 = 0.28649530014117774
Training loss on iteration 1480 = 0.16951653932919725
Training loss on iteration 1500 = 0.1327871346147731
Training loss on iteration 1520 = 0.043189927654657366
Training loss on iteration 1540 = 0.1214638337813085
Training loss on iteration 1560 = 0.09802079401270021
Training loss on iteration 1580 = 0.17140320138441895
Training loss on iteration 1600 = 0.1061471960041672
Training loss on iteration 1620 = 0.09553192923776806
Training loss on iteration 1640 = 0.11550782030972187
Training loss on iteration 1660 = 0.14823036046436755
Training loss on iteration 1680 = 0.09783617646025959
Training loss on iteration 1700 = 0.12453726381208981
Training loss on iteration 1720 = 0.127675975204329
Training loss on iteration 1740 = 0.10200861548946705
Training loss on iteration 1760 = 0.2284895530785434
Training loss on iteration 1780 = 0.2165751966300377
Training loss on iteration 1800 = 0.16089258409338072
Training loss on iteration 1820 = 0.8680831701407442
Training loss on iteration 1840 = 0.30785262555767934
Training loss on iteration 1860 = 0.406414965435124
Training loss on iteration 1880 = 0.328699320227679
Training loss on iteration 1900 = 0.35880457407110955
Training loss on iteration 1920 = 0.1373454047003179
Training loss on iteration 1940 = 0.17966062380273798
Training loss on iteration 1960 = 0.049422034649478516
Training loss on iteration 1980 = 0.2600366981139814
Training loss on iteration 2000 = 0.0610656241326069
Training loss on iteration 2020 = 0.18790573926671642
Training loss on iteration 2040 = 0.13107288824394345
Training loss on iteration 2060 = 0.05290731933200732
Training loss on iteration 2080 = 0.10374232088215649
Training loss on iteration 2100 = 0.06825800210935995
Training loss on iteration 2120 = 0.20772918044385733
Training loss on iteration 2140 = 0.15782290713978
Training loss on iteration 2160 = 0.2656913496088237
Training loss on iteration 2180 = 0.2715619640566729
Training loss on iteration 2200 = 0.23546462807717033
Training loss on iteration 2220 = 0.09685123364361062
Training loss on iteration 2240 = 0.06256003697781125
Training loss on iteration 2260 = 0.14962866232460784
Training loss on iteration 2280 = 0.12605177238292525
Training loss on iteration 2300 = 0.1460746331140399
Training loss on iteration 2320 = 0.08944142514083069
Training loss on iteration 2340 = 0.0830925889138598
Training loss on iteration 2360 = 0.07424872743431479
Training loss on iteration 2380 = 0.15818094814312644
Training loss on iteration 2400 = 0.08866411570088531
Training loss on iteration 2420 = 0.18010249602375553
Training loss on iteration 2440 = 0.11708104901772458
Training loss on iteration 2460 = 0.23227451880447916
Training loss on iteration 2480 = 0.11658041200425942
Training loss on iteration 2500 = 0.22966422801837325
Training loss on iteration 2520 = 0.15926223612914328
Training loss on iteration 2540 = 0.144665749714477
Training loss on iteration 2560 = 0.18187724256422372
Training loss on iteration 2580 = 0.0939108412800124
Training loss on iteration 2600 = 0.15343024897047144
Training loss on iteration 2620 = 0.12715074144070967
Training loss on iteration 2640 = 0.2150620213476941
Training loss on iteration 2660 = 0.2245413475728128
Training loss on iteration 2680 = 0.1847327089373721
Training loss on iteration 2700 = 0.2118556988541968
Training loss on iteration 2720 = 0.11174756228283514
Training loss on iteration 2740 = 0.03840023430238944
Training loss on iteration 2760 = 0.055094120671765265
Training loss on iteration 2780 = 0.16620207503775647
Training loss on iteration 2800 = 0.39935577460564675
Training loss on iteration 2820 = 0.3522426150735555
Training loss on iteration 2840 = 0.42148447701911207
Training loss on iteration 2860 = 0.31298474665800313
Training loss on iteration 2880 = 0.988373661552032
Training loss on iteration 2900 = 0.28785835359012707
Training loss on iteration 2920 = 0.726265300216619
Training loss on iteration 2940 = 0.7997915538073954
Training loss on iteration 2960 = 0.17675175523108919
Training loss on iteration 2980 = 0.3021006233757362
Training loss on iteration 3000 = 0.19096696611959488
Training loss on iteration 3020 = 0.31923656821090846
Training loss on iteration 3040 = 0.16878826307147393
Training loss on iteration 3060 = 0.3523369522736175
Training loss on iteration 3080 = 0.1548405547742732
Training loss on iteration 3100 = 0.4240829224116169
Training loss on iteration 3120 = 0.38225069545806034
Training loss on iteration 3140 = 0.5598354232402926
Training loss on iteration 3160 = 0.28570652692578735
Training loss on iteration 3180 = 0.15562543919950259
Training loss on iteration 3200 = 0.14018212353112175
Training loss on iteration 3220 = 0.23432903718203307
Training loss on iteration 3240 = 0.2690329969802406
Training loss on iteration 3260 = 0.2715709911484737
Training loss on iteration 3280 = 0.18877772537525744
Training loss on iteration 3300 = 0.3596083563374123
Training loss on iteration 3320 = 0.2658998669008724
Training loss on iteration 3340 = 0.07813114560412941
Training loss on iteration 3360 = 0.10479774277191609
Training loss on iteration 3380 = 0.24232132251818256
Training loss on iteration 3400 = 0.16167223479933454
Training loss on iteration 3420 = 0.2317120715189958
Training loss on iteration 3440 = 0.192346298009943
Training loss on iteration 3460 = 0.19656469081528485
Training loss on iteration 3480 = 0.13374345344382163
Training loss on iteration 3500 = 0.26851583312000005
Training loss on iteration 3520 = 0.19313460505800323
Training loss on iteration 3540 = 0.09166029942425666
Training loss on iteration 3560 = 0.10830688087535237
Training loss on iteration 3580 = 0.18996002270723694
Training loss on iteration 3600 = 0.09165094740164932
Training loss on iteration 3620 = 0.11602280073566362
Training loss on iteration 3640 = 0.11078541417082306
Training loss on iteration 3660 = 0.22530319771030918
Training loss on iteration 3680 = 0.1267761240946129
Training loss on iteration 3700 = 0.2750976788418484
Training loss on iteration 3720 = 0.20428722625947557
Training loss on iteration 3740 = 0.0963115859500249
Training loss on iteration 3760 = 0.08267425169469789
Training loss on iteration 3780 = 0.1317880172653531
Training loss on iteration 3800 = 0.24609306498831246
Training loss on iteration 3820 = 0.1877465695288265
Training loss on iteration 3840 = 0.22120829007053544
Training loss on iteration 3860 = 0.32960861586616375
Training loss on iteration 3880 = 0.18269594332959968
Training loss on iteration 3900 = 0.16303380671306514
Training loss on iteration 3920 = 0.12635888448567129
Training loss on iteration 3940 = 0.07480699967272812
Training loss on iteration 3960 = 0.16853673363766575
Training loss on iteration 3980 = 0.16357405504095368
Training loss on iteration 4000 = 0.10839236634783447
Training loss on iteration 4020 = 0.04758794453482551
Training loss on iteration 4040 = 0.18965250978944823
Training loss on iteration 4060 = 0.15795436355256243
Training loss on iteration 4080 = 0.12269147864062688
Training loss on iteration 4100 = 0.17948159493971616
Training loss on iteration 4120 = 0.2871376612689346
Training loss on iteration 4140 = 0.20751218084915307
Training loss on iteration 4160 = 0.16015223573194817
Training loss on iteration 4180 = 0.09606945029227063
Training loss on iteration 4200 = 0.17061551517690532
Training loss on iteration 4220 = 0.06843903682893142
Training loss on iteration 4240 = 0.09112870958560962
Training loss on iteration 4260 = 0.06839546208793763
Training loss on iteration 4280 = 0.047725828604598064
Training loss on iteration 4300 = 0.23526833366486244
Training loss on iteration 4320 = 0.13232372011407278
Training loss on iteration 4340 = 0.09274869718938135
Training loss on iteration 4360 = 0.10904716713703237
Training loss on iteration 4380 = 0.11705096906371182
Training loss on iteration 4400 = 0.06911290917487349
Training loss on iteration 4420 = 0.15277446506079287
Training loss on iteration 4440 = 0.17195757881563623
Training loss on iteration 4460 = 0.21250963021302596
Training loss on iteration 4480 = 0.17704822665546088
Training loss on iteration 4500 = 0.22547635710798203
Training loss on iteration 4520 = 0.2691394327528542
Training loss on iteration 4540 = 0.16327890700831632
Training loss on iteration 4560 = 0.22410684373317052
Training loss on iteration 4580 = 0.2094921329018689
Training loss on iteration 4600 = 0.12434347007365432
Training loss on iteration 4620 = 0.26584629484277683
Training loss on iteration 4640 = 0.43647083287651184
Training loss on iteration 4660 = 0.27922312961891294
Training loss on iteration 4680 = 0.20160277251852676
Training loss on iteration 4700 = 0.30069737146004627
Training loss on iteration 4720 = 0.47779130757262467
Training loss on iteration 4740 = 0.16609439912808738
Training loss on iteration 4760 = 0.28193357823765836
Training loss on iteration 4780 = 0.1939811624615686
Training loss on iteration 4800 = 0.21070786909695016
Training loss on iteration 4820 = 0.17722829067433848
Training loss on iteration 4840 = 0.2632668566300708
Training loss on iteration 4860 = 0.2940216131784837
Training loss on iteration 4880 = 0.18864186281571166
Training loss on iteration 4900 = 0.2320382748148404
Training loss on iteration 4920 = 0.18285462423227727
Training loss on iteration 4940 = 0.15319567737169565
Training loss on iteration 4960 = 0.10464051620219834
Training loss on iteration 4980 = 0.18648087015608325
Training loss on iteration 5000 = 0.17494264024753647
Training loss on iteration 5020 = 0.12957806171907577
Training loss on iteration 5040 = 0.31003388441167773
Training loss on iteration 5060 = 0.22751847688341514
Training loss on iteration 5080 = 0.2606978753812655
Training loss on iteration 5100 = 0.12274059000046691
Training loss on iteration 5120 = 0.15502120351156917
Training loss on iteration 5140 = 0.18997518657924956
Training loss on iteration 5160 = 0.19018663637398275
Training loss on iteration 5180 = 0.14095136399555486
Training loss on iteration 5200 = 0.08247157714758942
Training loss on iteration 5220 = 0.15544471426801465
Training loss on iteration 5240 = 0.10661233378923499
Training loss on iteration 5260 = 0.176395498320926
Training loss on iteration 5280 = 0.06361960777430795
Training loss on iteration 5300 = 0.14755933324049691
Training loss on iteration 5320 = 0.25061349212191997
Training loss on iteration 5340 = 0.22583013619296252
Training loss on iteration 5360 = 0.10478693065815606
Training loss on iteration 5380 = 0.14821133357272628
Training loss on iteration 5400 = 0.1980774628391373
Training loss on iteration 5420 = 0.15020897701033392
Training loss on iteration 5440 = 0.18613655223161912
Training loss on iteration 5460 = 0.41713432304095477
Training loss on iteration 5480 = 0.11059363660645545
Training loss on iteration 5500 = 0.3771293175406754
Training loss on iteration 5520 = 0.36654955079429785
Training loss on iteration 5540 = 0.3383813789871056
Training loss on iteration 5560 = 0.2293406059012341
Training loss on iteration 5580 = 0.1332217775317986
Training loss on iteration 5600 = 0.2252623774227686
### EVAL:: Epoch 18:: Loss = 0.08645267866473938 :: ACC = 0.9743752440452949, AUC = 0.8379353325899974, EER = 0.23955486138227255
Training on epoch 19
Training loss on iteration 0 = 0.06758849322795868
Training loss on iteration 20 = 0.20402102917432785
Training loss on iteration 40 = 0.12595459076164844
Training loss on iteration 60 = 0.26925547723658383
Training loss on iteration 80 = 0.13301413873559795
Training loss on iteration 100 = 0.3330261125927791
Training loss on iteration 120 = 0.19855000643074164
Training loss on iteration 140 = 0.36101186905725624
Training loss on iteration 160 = 0.2288330117415171
Training loss on iteration 180 = 0.14225990255363286
Training loss on iteration 200 = 0.6505677095410647
Training loss on iteration 220 = 0.5986767861606495
Training loss on iteration 240 = 0.22306312922592042
Training loss on iteration 260 = 0.7664359450223855
Training loss on iteration 280 = 0.2943346155805557
Training loss on iteration 300 = 0.25821746737372
Training loss on iteration 320 = 0.479973094370871
Training loss on iteration 340 = 0.47755678781250027
Training loss on iteration 360 = 0.4733006345258673
Training loss on iteration 380 = 0.37168534799129704
Training loss on iteration 400 = 0.6112916104873876
Training loss on iteration 420 = 0.19656899595138383
Training loss on iteration 440 = 0.1890851847390877
Training loss on iteration 460 = 0.2585364055848913
Training loss on iteration 480 = 0.20014608400524594
Training loss on iteration 500 = 0.16018880953342887
Training loss on iteration 520 = 0.1228562320873607
Training loss on iteration 540 = 0.17034899865102487
Training loss on iteration 560 = 0.16963813118927645
Training loss on iteration 580 = 0.24571437338599936
Training loss on iteration 600 = 0.34438224690093194
Training loss on iteration 620 = 0.19237640589708463
Training loss on iteration 640 = 0.0674005924636731
Training loss on iteration 660 = 0.07771035738987848
Training loss on iteration 680 = 0.19378857699121
Training loss on iteration 700 = 0.1847263975185342
Training loss on iteration 720 = 0.18284452874213458
Training loss on iteration 740 = 0.09133551480481401
Training loss on iteration 760 = 0.35969117975764675
Training loss on iteration 780 = 0.11532279930543154
Training loss on iteration 800 = 0.17195702592143788
Training loss on iteration 820 = 0.14671740154735743
Training loss on iteration 840 = 0.1370038057269994
Training loss on iteration 860 = 0.15716200393480903
Training loss on iteration 880 = 0.3557971469126642
Training loss on iteration 900 = 0.23414655283449975
Training loss on iteration 920 = 0.15411539079068462
Training loss on iteration 940 = 0.03835922246726113
Training loss on iteration 960 = 0.10172315102313405
Training loss on iteration 980 = 0.15036408860723896
Training loss on iteration 1000 = 0.1179703241563402
Training loss on iteration 1020 = 0.10066824675886892
Training loss on iteration 1040 = 0.11094070656254189
Training loss on iteration 1060 = 0.08858855088001291
Training loss on iteration 1080 = 0.21543191897217184
Training loss on iteration 1100 = 0.19584647177252917
Training loss on iteration 1120 = 0.11066955855967535
Training loss on iteration 1140 = 0.08165756991511444
Training loss on iteration 1160 = 0.14081767112365923
Training loss on iteration 1180 = 0.08222455378563609
Training loss on iteration 1200 = 0.07907016537210439
Training loss on iteration 1220 = 0.09828561863869253
Training loss on iteration 1240 = 0.10599920978274895
Training loss on iteration 1260 = 0.15965999304899015
Training loss on iteration 1280 = 0.08181284907041117
Training loss on iteration 1300 = 0.0439015692594694
Training loss on iteration 1320 = 0.036300137695798186
Training loss on iteration 1340 = 0.10369130244507688
Training loss on iteration 1360 = 0.18563125116343143
Training loss on iteration 1380 = 0.14209019800182432
Training loss on iteration 1400 = 0.17680637360317633
Training loss on iteration 1420 = 0.09155136539829982
Training loss on iteration 1440 = 0.08364104657084681
Training loss on iteration 1460 = 0.17380799505440336
Training loss on iteration 1480 = 0.16433056203185642
Training loss on iteration 1500 = 0.5413078164803664
Training loss on iteration 1520 = 0.43565238579888615
Training loss on iteration 1540 = 0.18705544431832094
Training loss on iteration 1560 = 0.2844545365040062
Training loss on iteration 1580 = 0.4911469713515338
Training loss on iteration 1600 = 0.6595778324074331
Training loss on iteration 1620 = 0.4334073784877546
Training loss on iteration 1640 = 0.1976076549272591
Training loss on iteration 1660 = 0.297938948009687
Training loss on iteration 1680 = 0.20743315333384088
Training loss on iteration 1700 = 0.17150516901456286
Training loss on iteration 1720 = 0.2536461610106926
Training loss on iteration 1740 = 0.29704986620345153
Training loss on iteration 1760 = 0.19996615850977834
Training loss on iteration 1780 = 0.15680317826045212
Training loss on iteration 1800 = 0.1212235434766626
Training loss on iteration 1820 = 0.15287617503636283
Training loss on iteration 1840 = 0.14833052121903165
Training loss on iteration 1860 = 0.1934438448311994
Training loss on iteration 1880 = 0.13955283373725252
Training loss on iteration 1900 = 0.13958287115674467
Training loss on iteration 1920 = 0.2856312939315103
Training loss on iteration 1940 = 0.11138194994891819
Training loss on iteration 1960 = 0.13467295506125082
Training loss on iteration 1980 = 0.15198058787500485
Training loss on iteration 2000 = 0.2535284322395455
Training loss on iteration 2020 = 0.10876738075021422
Training loss on iteration 2040 = 0.13832574290572666
Training loss on iteration 2060 = 0.1652857109438628
Training loss on iteration 2080 = 0.10669780807802454
Training loss on iteration 2100 = 0.08401199716317934
Training loss on iteration 2120 = 0.18172957376082194
Training loss on iteration 2140 = 0.17126449395436794
Training loss on iteration 2160 = 0.10452268328517675
Training loss on iteration 2180 = 0.16576689323119354
Training loss on iteration 2200 = 0.24553796923719345
Training loss on iteration 2220 = 0.10711436448327731
Training loss on iteration 2240 = 0.10336525287129916
Training loss on iteration 2260 = 0.1514236507413443
Training loss on iteration 2280 = 0.17250704093394234
Training loss on iteration 2300 = 0.21368938956875355
Training loss on iteration 2320 = 0.2847405324690044
Training loss on iteration 2340 = 0.11169633769604843
Training loss on iteration 2360 = 0.13493516652342805
Training loss on iteration 2380 = 0.07320336621196474
Training loss on iteration 2400 = 0.06501807981821912
Training loss on iteration 2420 = 0.19569986521360078
Training loss on iteration 2440 = 0.10432817546534352
Training loss on iteration 2460 = 0.12313361612032167
Training loss on iteration 2480 = 0.11071610705694183
Training loss on iteration 2500 = 0.1299598947458435
Training loss on iteration 2520 = 0.0990233338350663
Training loss on iteration 2540 = 0.025324857066152617
Training loss on iteration 2560 = 0.12379055199653521
Training loss on iteration 2580 = 0.10284424324854627
Training loss on iteration 2600 = 0.16763511386966456
Training loss on iteration 2620 = 0.33771790794489787
Training loss on iteration 2640 = 0.18525341709610074
Training loss on iteration 2660 = 0.3325453142224205
Training loss on iteration 2680 = 0.24664663480361923
Training loss on iteration 2700 = 0.19184113449882717
Training loss on iteration 2720 = 0.22669082946304114
Training loss on iteration 2740 = 0.1086146351910429
Training loss on iteration 2760 = 0.2652318824315444
Training loss on iteration 2780 = 0.2579243615735322
Training loss on iteration 2800 = 0.15849376578553348
Training loss on iteration 2820 = 0.10304301925389155
Training loss on iteration 2840 = 0.09183848971588304
Training loss on iteration 2860 = 0.18278400506933395
Training loss on iteration 2880 = 0.1337727788486518
Training loss on iteration 2900 = 0.1804036744433688
Training loss on iteration 2920 = 0.18750898645375855
Training loss on iteration 2940 = 0.10408002380281686
Training loss on iteration 2960 = 0.10937382655683905
Training loss on iteration 2980 = 0.09080149663495832
Training loss on iteration 3000 = 0.08831883159582503
Training loss on iteration 3020 = 0.0869950152518868
Training loss on iteration 3040 = 0.317989555253007
Training loss on iteration 3060 = 0.0727543258048172
Training loss on iteration 3080 = 0.3539226593245985
Training loss on iteration 3100 = 0.14276243613567202
Training loss on iteration 3120 = 0.11317945175833302
Training loss on iteration 3140 = 0.1728207533429668
Training loss on iteration 3160 = 0.2422309107845649
Training loss on iteration 3180 = 0.12095474244124489
Training loss on iteration 3200 = 0.07923250976474491
Training loss on iteration 3220 = 0.18164167867435027
Training loss on iteration 3240 = 0.2247031737138343
Training loss on iteration 3260 = 0.369303465467965
Training loss on iteration 3280 = 0.5257139837347495
Training loss on iteration 3300 = 0.6924791420683277
Training loss on iteration 3320 = 0.9555107941090683
Training loss on iteration 3340 = 1.158412220269747
Training loss on iteration 3360 = 0.46072352370283626
Training loss on iteration 3380 = 0.30562118646121234
Training loss on iteration 3400 = 0.2694767990964465
Training loss on iteration 3420 = 0.204604370938614
Training loss on iteration 3440 = 0.2853834027890116
Training loss on iteration 3460 = 0.17355286576057552
Training loss on iteration 3480 = 0.19472464732825756
Training loss on iteration 3500 = 0.34234680637600834
Training loss on iteration 3520 = 0.17439589586574583
Training loss on iteration 3540 = 0.37758449549946815
Training loss on iteration 3560 = 0.3510931025735772
Training loss on iteration 3580 = 0.22639738027064596
Training loss on iteration 3600 = 0.14797716241409944
Training loss on iteration 3620 = 0.15440569658021558
Training loss on iteration 3640 = 0.16431066578952597
Training loss on iteration 3660 = 0.1655746314332646
Training loss on iteration 3680 = 0.20122852555796272
Training loss on iteration 3700 = 0.3376022515447403
Training loss on iteration 3720 = 0.11074761347554159
Training loss on iteration 3740 = 0.3063493200519588
Training loss on iteration 3760 = 0.25444422229193153
Training loss on iteration 3780 = 0.13968314178255242
Training loss on iteration 3800 = 0.2562802644709336
Training loss on iteration 3820 = 0.14107308177626693
Training loss on iteration 3840 = 0.16385181415025726
Training loss on iteration 3860 = 0.25769905243068936
Training loss on iteration 3880 = 0.21531262187345418
Training loss on iteration 3900 = 0.08538726496044546
Training loss on iteration 3920 = 0.27055853679776193
Training loss on iteration 3940 = 0.07028716703061946
Training loss on iteration 3960 = 0.16796510576677975
Training loss on iteration 3980 = 0.11988719995133579
Training loss on iteration 4000 = 0.058634036245348395
Training loss on iteration 4020 = 0.10979469398153015
Training loss on iteration 4040 = 0.2032020444457885
Training loss on iteration 4060 = 0.12449098487850278
Training loss on iteration 4080 = 0.09477533533572569
Training loss on iteration 4100 = 0.1734749160706997
Training loss on iteration 4120 = 0.08356504390540068
Training loss on iteration 4140 = 0.04250671784102451
Training loss on iteration 4160 = 0.05083796913968399
Training loss on iteration 4180 = 0.3306118901113223
Training loss on iteration 4200 = 0.31896829858887943
Training loss on iteration 4220 = 0.1803736714529805
Training loss on iteration 4240 = 0.20174790716009738
Training loss on iteration 4260 = 0.32278701260802334
Training loss on iteration 4280 = 0.19638091646775138
Training loss on iteration 4300 = 0.1605529212867623
Training loss on iteration 4320 = 0.07396861580491532
Training loss on iteration 4340 = 0.18860487976344303
Training loss on iteration 4360 = 0.24093815659725806
Training loss on iteration 4380 = 0.12293233369127847
Training loss on iteration 4400 = 0.13352617318014381
Training loss on iteration 4420 = 0.1584906414616853
Training loss on iteration 4440 = 0.14778517910744995
Training loss on iteration 4460 = 0.19446268044703174
Training loss on iteration 4480 = 0.21891884719079827
Training loss on iteration 4500 = 0.20270464844070374
Training loss on iteration 4520 = 0.15728900847025215
Training loss on iteration 4540 = 0.29385352080571464
Training loss on iteration 4560 = 0.2787060558795929
Training loss on iteration 4580 = 0.13907362564932554
Training loss on iteration 4600 = 0.10630988212069496
Training loss on iteration 4620 = 0.14071017881433362
Training loss on iteration 4640 = 0.16089909078000347
Training loss on iteration 4660 = 0.12281726326145873
Training loss on iteration 4680 = 0.1950156381877605
Training loss on iteration 4700 = 0.0908097361039836
Training loss on iteration 4720 = 0.1642531358738779
Training loss on iteration 4740 = 0.17172420743154362
Training loss on iteration 4760 = 0.11704397310386412
Training loss on iteration 4780 = 0.17338837858405895
Training loss on iteration 4800 = 0.15908476021140813
Training loss on iteration 4820 = 0.1808837923745159
Training loss on iteration 4840 = 0.21540936901874375
Training loss on iteration 4860 = 0.2556149807241127
Training loss on iteration 4880 = 0.37191082121426006
Training loss on iteration 4900 = 0.024656663305358963
Training loss on iteration 4920 = 0.2171905827592127
Training loss on iteration 4940 = 0.4266652451726259
Training loss on iteration 4960 = 0.1745669177849777
Training loss on iteration 4980 = 0.17224954178891494
Training loss on iteration 5000 = 0.22823188493202906
Training loss on iteration 5020 = 0.27212672315945385
Training loss on iteration 5040 = 0.22881352674048686
Training loss on iteration 5060 = 0.2932009865209693
Training loss on iteration 5080 = 0.13823145846290572
Training loss on iteration 5100 = 0.19242919135140255
Training loss on iteration 5120 = 0.12252212386811152
Training loss on iteration 5140 = 0.1611826877720887
Training loss on iteration 5160 = 0.03977999136550352
Training loss on iteration 5180 = 0.028251524118240924
Training loss on iteration 5200 = 0.08409388105937979
Training loss on iteration 5220 = 0.11528902412319439
Training loss on iteration 5240 = 0.13909448722552042
Training loss on iteration 5260 = 0.07241146847736672
Training loss on iteration 5280 = 0.0960857573103567
Training loss on iteration 5300 = 0.0863660407892894
Training loss on iteration 5320 = 0.11554067901597591
Training loss on iteration 5340 = 0.09391921208443818
Training loss on iteration 5360 = 0.08798883663257584
Training loss on iteration 5380 = 0.10390508088603383
Training loss on iteration 5400 = 0.09569353356491775
Training loss on iteration 5420 = 0.0924253212986514
Training loss on iteration 5440 = 0.11292527245241217
Training loss on iteration 5460 = 0.10015888737689238
Training loss on iteration 5480 = 0.10480530087806983
Training loss on iteration 5500 = 0.09870567829348147
Training loss on iteration 5520 = 0.09795629203581484
Training loss on iteration 5540 = 0.09760979184284224
Training loss on iteration 5560 = 0.06483103525001752
Training loss on iteration 5580 = 0.19083025890458885
Training loss on iteration 5600 = 0.35573761264095083
### EVAL:: Epoch 19:: Loss = 0.7188929265169939 :: ACC = 0.8479597813354158, AUC = 0.7796214765043368, EER = 0.28006638032018744
Training on epoch 20
Training loss on iteration 0 = 2.1861173081560992e-05
Training loss on iteration 20 = 0.66950674513173
Training loss on iteration 40 = 0.44459856963912897
Training loss on iteration 60 = 0.15133378202754103
Training loss on iteration 80 = 0.6257683240895858
Training loss on iteration 100 = 0.26703855358064177
Training loss on iteration 120 = 0.18477894451934845
Training loss on iteration 140 = 0.3133779906100244
Training loss on iteration 160 = 0.43565457229742605
Training loss on iteration 180 = 0.3740669975791661
Training loss on iteration 200 = 0.22876684769776717
Training loss on iteration 220 = 0.5503329351143463
Training loss on iteration 240 = 0.1654560965806013
Training loss on iteration 260 = 0.10228719489587093
Training loss on iteration 280 = 0.22556657892419024
Training loss on iteration 300 = 0.1484669385725283
Training loss on iteration 320 = 0.12746879244223236
Training loss on iteration 340 = 0.18445963543636026
Training loss on iteration 360 = 0.07468541779089719
Training loss on iteration 380 = 0.08011713325104211
Training loss on iteration 400 = 0.09696030798950232
Training loss on iteration 420 = 0.1568628650078608
Training loss on iteration 440 = 0.024356257275212557
Training loss on iteration 460 = 0.17533002429117914
Training loss on iteration 480 = 0.09679910022532567
Training loss on iteration 500 = 0.060156277564237824
Training loss on iteration 520 = 0.17692971234646393
Training loss on iteration 540 = 0.13199778745038201
Training loss on iteration 560 = 0.22994277623365633
Training loss on iteration 580 = 0.09903012299910188
Training loss on iteration 600 = 0.1295846806780901
Training loss on iteration 620 = 0.11066452484228648
Training loss on iteration 640 = 0.10211708573187935
Training loss on iteration 660 = 0.07344724821573437
Training loss on iteration 680 = 0.14757302836196687
Training loss on iteration 700 = 0.15433152704354142
Training loss on iteration 720 = 0.13721427986747586
Training loss on iteration 740 = 0.13490360005707772
Training loss on iteration 760 = 0.08153827218920924
Training loss on iteration 780 = 0.09460171044411254
Training loss on iteration 800 = 0.1393004161751378
Training loss on iteration 820 = 0.130123490603728
Training loss on iteration 840 = 0.15630999299246467
Training loss on iteration 860 = 0.16942293580868864
Training loss on iteration 880 = 0.13109698344273965
Training loss on iteration 900 = 0.23719778361137286
Training loss on iteration 920 = 0.19461523280551773
Training loss on iteration 940 = 0.09585609170171665
Training loss on iteration 960 = 0.26200849144515814
Training loss on iteration 980 = 0.12327379743510392
Training loss on iteration 1000 = 0.07009547826087328
Training loss on iteration 1020 = 0.21266505166398703
Training loss on iteration 1040 = 0.4841321309562773
Training loss on iteration 1060 = 0.6019104042306935
Training loss on iteration 1080 = 0.5126809253095417
Training loss on iteration 1100 = 2.1826291755773126
Training loss on iteration 1120 = 0.9120233108522371
Training loss on iteration 1140 = 0.42912987630988936
Training loss on iteration 1160 = 0.24639267876038673
Training loss on iteration 1180 = 0.3554297342310747
Training loss on iteration 1200 = 0.5633758733085414
Training loss on iteration 1220 = 0.3525749198292033
Training loss on iteration 1240 = 0.1046624128739495
Training loss on iteration 1260 = 0.2299436419464655
Training loss on iteration 1280 = 0.43278261225932513
Training loss on iteration 1300 = 0.6047886515967548
Training loss on iteration 1320 = 0.36668784553120587
Training loss on iteration 1340 = 0.3315003368759335
Training loss on iteration 1360 = 0.6474020713525533
Training loss on iteration 1380 = 0.27227023722953164
Training loss on iteration 1400 = 0.2921575421874877
Training loss on iteration 1420 = 0.17052123482862952
Training loss on iteration 1440 = 0.16079785460678978
Training loss on iteration 1460 = 0.24272228443142013
Training loss on iteration 1480 = 0.23534354292787613
Training loss on iteration 1500 = 0.09358536330983043
Training loss on iteration 1520 = 0.2595241895149229
Training loss on iteration 1540 = 0.16310698575980495
Training loss on iteration 1560 = 0.13400914717858542
Training loss on iteration 1580 = 0.13406393131881486
Training loss on iteration 1600 = 0.17742245376721258
Training loss on iteration 1620 = 0.10625425189500674
Training loss on iteration 1640 = 0.1971536876342725
Training loss on iteration 1660 = 0.10601472352573182
Training loss on iteration 1680 = 0.1568725518140127
Training loss on iteration 1700 = 0.14181344270473345
Training loss on iteration 1720 = 0.0932486898091156
Training loss on iteration 1740 = 0.18853649559314362
Training loss on iteration 1760 = 0.08514473051181995
Training loss on iteration 1780 = 0.24408406233560526
Training loss on iteration 1800 = 0.15742606365383835
Training loss on iteration 1820 = 0.13469720776192845
Training loss on iteration 1840 = 0.1184118692559423
Training loss on iteration 1860 = 0.14071044244483347
Training loss on iteration 1880 = 0.16912722507440775
Training loss on iteration 1900 = 0.06257609738295286
Training loss on iteration 1920 = 0.10002073632513202
Training loss on iteration 1940 = 0.18035385964176384
Training loss on iteration 1960 = 0.15628123285714537
Training loss on iteration 1980 = 0.1140492000093218
Training loss on iteration 2000 = 0.17545425888965838
Training loss on iteration 2020 = 0.1047188708325848
Training loss on iteration 2040 = 0.18270771879469977
Training loss on iteration 2060 = 0.15487229360733182
Training loss on iteration 2080 = 0.0986775577024673
Training loss on iteration 2100 = 0.16915528156732762
Training loss on iteration 2120 = 0.2030449424404651
Training loss on iteration 2140 = 0.08458135686814786
Training loss on iteration 2160 = 0.09688324535236462
Training loss on iteration 2180 = 0.21383206437749322
Training loss on iteration 2200 = 0.10862359284947161
Training loss on iteration 2220 = 0.2895958612731192
Training loss on iteration 2240 = 0.1667646624846384
Training loss on iteration 2260 = 0.06728517195442692
Training loss on iteration 2280 = 0.13419860882568174
Training loss on iteration 2300 = 0.11983141533564776
Training loss on iteration 2320 = 0.20356475403241348
Training loss on iteration 2340 = 0.11833498519845306
Training loss on iteration 2360 = 0.14187153968960048
Training loss on iteration 2380 = 0.146034802266513
Training loss on iteration 2400 = 0.16242267588095274
Training loss on iteration 2420 = 0.07536654148134403
Training loss on iteration 2440 = 0.08700072095962241
Training loss on iteration 2460 = 0.09700892258697422
Training loss on iteration 2480 = 0.16452479556610342
Training loss on iteration 2500 = 0.12820280377054588
Training loss on iteration 2520 = 0.090926181350369
Training loss on iteration 2540 = 0.05670715866144747
Training loss on iteration 2560 = 0.04059709959692555
Training loss on iteration 2580 = 0.03022806749540905
Training loss on iteration 2600 = 0.22769250502460636
Training loss on iteration 2620 = 0.26037776314187794
Training loss on iteration 2640 = 0.17150922487926437
Training loss on iteration 2660 = 0.16447337839053944
Training loss on iteration 2680 = 0.30757039695745336
Training loss on iteration 2700 = 0.2358381165384344
Training loss on iteration 2720 = 0.10637754544222844
Training loss on iteration 2740 = 0.15253969181212595
Training loss on iteration 2760 = 0.12687048133302598
Training loss on iteration 2780 = 0.11400962111838453
Training loss on iteration 2800 = 0.16563333426602184
Training loss on iteration 2820 = 0.133722832048079
Training loss on iteration 2840 = 0.2554872924439223
Training loss on iteration 2860 = 0.15574695629002236
Training loss on iteration 2880 = 0.13826323895773385
Training loss on iteration 2900 = 0.0944316921493737
Training loss on iteration 2920 = 0.23833178591448814
Training loss on iteration 2940 = 0.21563118211633991
Training loss on iteration 2960 = 0.29563562050079784
Training loss on iteration 2980 = 0.18890917655662634
Training loss on iteration 3000 = 0.07593163561541587
Training loss on iteration 3020 = 0.029385256831665173
Training loss on iteration 3040 = 0.20266618034456768
Training loss on iteration 3060 = 0.27453129245113816
Training loss on iteration 3080 = 0.20356351924710908
Training loss on iteration 3100 = 0.14934570688346865
Training loss on iteration 3120 = 0.05736446586670354
Training loss on iteration 3140 = 0.06312337438830581
Training loss on iteration 3160 = 0.15302747551468202
Training loss on iteration 3180 = 0.19099771631154
Training loss on iteration 3200 = 0.22174765774252592
Training loss on iteration 3220 = 0.16174159642905578
Training loss on iteration 3240 = 0.2367298813558591
Training loss on iteration 3260 = 0.39678352496412117
Training loss on iteration 3280 = 0.1521564471603142
Training loss on iteration 3300 = 0.1982981765144359
Training loss on iteration 3320 = 0.18231443519543972
Training loss on iteration 3340 = 0.21684028966992627
Training loss on iteration 3360 = 0.11028989742117119
Training loss on iteration 3380 = 0.15800458115845686
Training loss on iteration 3400 = 0.21647760813648348
Training loss on iteration 3420 = 0.13035946069285273
Training loss on iteration 3440 = 0.17104307787376455
Training loss on iteration 3460 = 0.16002994457012393
Training loss on iteration 3480 = 0.17645418395404705
Training loss on iteration 3500 = 0.24647615576614043
Training loss on iteration 3520 = 0.08741988887777552
Training loss on iteration 3540 = 0.2117106243287708
Training loss on iteration 3560 = 0.10437223378103226
Training loss on iteration 3580 = 0.21161301386891865
Training loss on iteration 3600 = 0.22197693550842815
Training loss on iteration 3620 = 0.1616783794903313
Training loss on iteration 3640 = 0.22164440448395908
Training loss on iteration 3660 = 0.210903619081364
Training loss on iteration 3680 = 0.4056115702347597
Training loss on iteration 3700 = 0.5040983672496508
Training loss on iteration 3720 = 0.3876055806268095
Training loss on iteration 3740 = 0.7265153461943555
Training loss on iteration 3760 = 0.7133377217920497
Training loss on iteration 3780 = 0.857725697173737
Training loss on iteration 3800 = 0.5945477067478351
Training loss on iteration 3820 = 0.3051482639275491
Training loss on iteration 3840 = 0.16177287740993052
Training loss on iteration 3860 = 0.27394713410176336
Training loss on iteration 3880 = 0.17441629075619858
Training loss on iteration 3900 = 0.15579719831002875
Training loss on iteration 3920 = 0.13659991984313818
Training loss on iteration 3940 = 0.13221929558494594
Training loss on iteration 3960 = 0.15881779003539123
Training loss on iteration 3980 = 0.06956198003317696
Training loss on iteration 4000 = 0.05706366429803893
Training loss on iteration 4020 = 0.14703628183633555
Training loss on iteration 4040 = 0.1833197521751572
Training loss on iteration 4060 = 0.20419737398915458
Training loss on iteration 4080 = 0.18913079530757387
Training loss on iteration 4100 = 0.20513040046207606
Training loss on iteration 4120 = 0.22952993731014432
Training loss on iteration 4140 = 0.2837677008647006
Training loss on iteration 4160 = 0.08454149383178447
Training loss on iteration 4180 = 0.3716718342358945
Training loss on iteration 4200 = 0.7737090094015002
Training loss on iteration 4220 = 0.7447965773881435
Training loss on iteration 4240 = 0.612429729607993
Training loss on iteration 4260 = 0.5336961299718496
Training loss on iteration 4280 = 0.47104296179732047
Training loss on iteration 4300 = 0.3468093331583077
Training loss on iteration 4320 = 0.8297827174654231
Training loss on iteration 4340 = 0.3830893356906017
Training loss on iteration 4360 = 0.27366933452722153
Training loss on iteration 4380 = 0.2719148806296289
Training loss on iteration 4400 = 0.22891318957590556
Training loss on iteration 4420 = 0.21989953473084825
Training loss on iteration 4440 = 0.09488534831325524
Training loss on iteration 4460 = 0.2106187700352166
Training loss on iteration 4480 = 0.1745862766634673
Training loss on iteration 4500 = 0.2318323752377182
Training loss on iteration 4520 = 0.2655845178087475
Training loss on iteration 4540 = 0.20319869682134595
Training loss on iteration 4560 = 0.17246882605249994
Training loss on iteration 4580 = 0.15090618193135014
Training loss on iteration 4600 = 0.08481878539605532
Training loss on iteration 4620 = 0.11344262422353495
Training loss on iteration 4640 = 0.2678399327676743
Training loss on iteration 4660 = 0.1517042858991772
Training loss on iteration 4680 = 0.30944676702183643
Training loss on iteration 4700 = 0.2211292879015673
Training loss on iteration 4720 = 0.30310051087290046
Training loss on iteration 4740 = 0.36311742098278044
Training loss on iteration 4760 = 0.24110892061144112
Training loss on iteration 4780 = 0.26361019523174034
Training loss on iteration 4800 = 0.2466729845618829
Training loss on iteration 4820 = 0.2709145123139024
Training loss on iteration 4840 = 0.19079501044470817
Training loss on iteration 4860 = 0.07431185860768892
Training loss on iteration 4880 = 0.1264397325954633
Training loss on iteration 4900 = 0.3321333483203489
Training loss on iteration 4920 = 0.21714004356908845
Training loss on iteration 4940 = 0.0802217135031242
Training loss on iteration 4960 = 0.1084334292652784
Training loss on iteration 4980 = 0.16984343344920488
Training loss on iteration 5000 = 0.22663359959030913
Training loss on iteration 5020 = 0.11129647904308512
Training loss on iteration 5040 = 0.18716762116819155
Training loss on iteration 5060 = 0.07822410423232214
Training loss on iteration 5080 = 0.1652830991166411
Training loss on iteration 5100 = 0.09550938121551553
Training loss on iteration 5120 = 0.05264144668035442
Training loss on iteration 5140 = 0.12980568406892418
Training loss on iteration 5160 = 0.20814173042599576
Training loss on iteration 5180 = 0.1475480703928042
Training loss on iteration 5200 = 0.12853457301389426
Training loss on iteration 5220 = 0.14609231768990866
Training loss on iteration 5240 = 0.20579626085236669
Training loss on iteration 5260 = 0.10902066194394137
Training loss on iteration 5280 = 0.14977381314965896
Training loss on iteration 5300 = 0.20196735407553207
Training loss on iteration 5320 = 0.2537055715336464
Training loss on iteration 5340 = 0.33249933160841466
Training loss on iteration 5360 = 0.1804214253090322
Training loss on iteration 5380 = 0.3009039337193826
Training loss on iteration 5400 = 0.12485903370543383
Training loss on iteration 5420 = 0.11211877544701565
Training loss on iteration 5440 = 0.08207679126644507
Training loss on iteration 5460 = 0.10721424981020392
Training loss on iteration 5480 = 0.10889108670307905
Training loss on iteration 5500 = 0.2114750021835789
Training loss on iteration 5520 = 0.3016298709437251
Training loss on iteration 5540 = 0.33553734867964524
Training loss on iteration 5560 = 0.43636840432882307
Training loss on iteration 5580 = 0.14924932979483857
Training loss on iteration 5600 = 0.9873340908437968
### EVAL:: Epoch 20:: Loss = 0.5426495407363985 :: ACC = 0.866458414681765, AUC = 0.8776587453178752, EER = 0.18976962124170246
### Out of domain:: Best epoch 2 :: ACC = 0.3514325323475046, AUC = 0.3260205982698645, EER = 0.6350893407270487
recorded: {'exp_name': 'ar_septr_r03', 'model': 'septr', 'train': 'commonvoice-ar', 'test': 'masc', 'in_acc': 0.988188207731355, 'in_auc': 0.9715999697197061, 'in_eer': 0.08512299882858258, 'cross_acc': 0.3514325323475046, 'cross_auc': 0.3260205982698645, 'cross_eer': 0.6350893407270487}

Done. Results -> /project/home/p201284/guo/xmad-bench-repro/results_ar_septr_r03.csv
Done (ar_septr_r03). Metrics -> /project/home/p201284/guo/xmad-bench-repro/results_ar_septr_r03.csv ; logs/checkpoints under detection/experiments/.
