>> activated env: /project/home/p201284/guo/xmad-bench-repro/venv/bin/activate  (Python 3.13.12)
>> torch 2.12.0+cu132 | CUDA available: True
Applying resumable-training patch...
  patched: /project/home/p201284/guo/xmad-bench-repro/detection/trainer.py
  trainer.py is valid Python.
Done. Killed runs now continue from their last completed epoch.
>> Generating configs for: ro  (models: resnet18,resnet50,septr,ast, tag=node2_ro, GPU=3)
Wrote 4 configs to /project/home/p201284/guo/xmad-bench-repro/repro_tools/stepB/configs_node2_ro/  (languages: ro)
RECOVERED ro_ast_r01: complete on disk, no retraining needed
recorded: {'exp_name': 'ro_ast_r01', 'model': 'ast', 'train': 'commonvoice-ro', 'test': 'voxpopuli', 'in_acc': 0.9989766680311093, 'in_auc': 0.9999953085067329, 'in_eer': 0.001637331150225133, 'cross_acc': 0.5755395683453237, 'cross_auc': 0.9816111139865087, 'cross_eer': 0.050359712230215826}
RECOVERED ro_ast_r02: complete on disk, no retraining needed
recorded: {'exp_name': 'ro_ast_r02', 'model': 'ast', 'train': 'commonvoice-ro', 'test': 'voxpopuli', 'in_acc': 0.9973393368808842, 'in_auc': 0.9999757047670096, 'in_eer': 0.0024559967253376994, 'cross_acc': 0.5523081534772182, 'cross_auc': 0.9818654968111842, 'cross_eer': 0.043764988009592325}
RECOVERED ro_ast_r03: complete on disk, no retraining needed
recorded: {'exp_name': 'ro_ast_r03', 'model': 'ast', 'train': 'commonvoice-ro', 'test': 'voxpopuli', 'in_acc': 0.9975440032746623, 'in_auc': 0.9999780505136432, 'in_eer': 0.002046663937781416, 'cross_acc': 0.5711930455635491, 'cross_auc': 0.9614442888135535, 'cross_eer': 0.09802158273381295}
RECOVERED ro_resnet18_r01: complete on disk, no retraining needed
recorded: {'exp_name': 'ro_resnet18_r01', 'model': 'resnet18', 'train': 'commonvoice-ro', 'test': 'voxpopuli', 'in_acc': 1.0, 'in_auc': 1.0, 'in_eer': 0.0, 'cross_acc': 0.47811750599520386, 'cross_auc': 0.6882575324632382, 'cross_eer': 0.361810551558753}
RECOVERED ro_resnet18_r02: complete on disk, no retraining needed
recorded: {'exp_name': 'ro_resnet18_r02', 'model': 'resnet18', 'train': 'commonvoice-ro', 'test': 'voxpopuli', 'in_acc': 1.0, 'in_auc': 1.0, 'in_eer': 0.0, 'cross_acc': 0.49835131894484413, 'cross_auc': 0.8216746746487703, 'cross_eer': 0.22721822541966427}
RECOVERED ro_resnet18_r03: complete on disk, no retraining needed
recorded: {'exp_name': 'ro_resnet18_r03', 'model': 'resnet18', 'train': 'commonvoice-ro', 'test': 'voxpopuli', 'in_acc': 1.0, 'in_auc': 1.0, 'in_eer': 0.0, 'cross_acc': 0.9835131894484412, 'cross_auc': 0.998357878445445, 'cross_eer': 0.016486810551558755}
RECOVERED ro_resnet50_r01: complete on disk, no retraining needed
recorded: {'exp_name': 'ro_resnet50_r01', 'model': 'resnet50', 'train': 'commonvoice-ro', 'test': 'voxpopuli', 'in_acc': 1.0, 'in_auc': 1.0, 'in_eer': 0.0, 'cross_acc': 0.7655875299760192, 'cross_auc': 0.9757913992546969, 'cross_eer': 0.0764388489208633}
RECOVERED ro_resnet50_r02: complete on disk, no retraining needed
recorded: {'exp_name': 'ro_resnet50_r02', 'model': 'resnet50', 'train': 'commonvoice-ro', 'test': 'voxpopuli', 'in_acc': 1.0, 'in_auc': 1.0, 'in_eer': 0.0, 'cross_acc': 0.8333333333333334, 'cross_auc': 0.9879562177596053, 'cross_eer': 0.04526378896882494}
RECOVERED ro_resnet50_r03: complete on disk, no retraining needed
recorded: {'exp_name': 'ro_resnet50_r03', 'model': 'resnet50', 'train': 'commonvoice-ro', 'test': 'voxpopuli', 'in_acc': 1.0, 'in_auc': 1.0, 'in_eer': 0.0, 'cross_acc': 0.6879496402877698, 'cross_auc': 0.9354731143143039, 'cross_eer': 0.1357913669064748}
RECOVERED ro_septr_r01: complete on disk, no retraining needed
recorded: {'exp_name': 'ro_septr_r01', 'model': 'septr', 'train': 'commonvoice-ro', 'test': 'voxpopuli', 'in_acc': 0.9948833401555465, 'in_auc': 0.999723034343909, 'in_eer': 0.007367990176013099, 'cross_acc': 0.5025479616306955, 'cross_auc': 0.7028392573710815, 'cross_eer': 0.3315347721822542}
RESUME ro_septr_r02: found latest_checkpoint.pkl, continuing from the last completed epoch
root_path: /project/home/p201284/guo/xmad_data
multilingual: True  model check for config: /project/home/p201284/guo/xmad-bench-repro/repro_tools/stepB/configs_node2_ro/config_ro_septr.json

  OK  commonvoice-ro       rows=30820    sep=','
  OK  voxpopuli            rows=6672     sep=','

PRE-FLIGHT PASSED — data layout looks correct for this config.

=== RUN ro_septr_r02 (model=septr) ===
commonvoice-ro
commonvoice-ro
### RESUME:: checkpoint at epoch 3; continuing at epoch 4 of 20 (best ACC so far = 0.9948833401555465)
Training on epoch 4
Training loss on iteration 0 = 0.22166602313518524
Training loss on iteration 20 = 0.15118275806307793
Training loss on iteration 40 = 0.0912763680331409
Training loss on iteration 60 = 0.10413697017356753
Training loss on iteration 80 = 0.24484077533707022
Training loss on iteration 100 = 0.3100590493530035
Training loss on iteration 120 = 0.1410710947122425
Training loss on iteration 140 = 0.3933729843469337
Training loss on iteration 160 = 0.1668517735786736
Training loss on iteration 180 = 0.19959916344378142
Training loss on iteration 200 = 0.13091306301066652
Training loss on iteration 220 = 0.15373200438916684
Training loss on iteration 240 = 0.19871167037636042
Training loss on iteration 260 = 0.0775373405776918
Training loss on iteration 280 = 0.06713130648713558
Training loss on iteration 300 = 0.09365266938693821
Training loss on iteration 320 = 0.19146077232435346
Training loss on iteration 340 = 0.11723511682357639
Training loss on iteration 360 = 0.1906501939287409
Training loss on iteration 380 = 0.1330456189578399
Training loss on iteration 400 = 0.1733167595230043
Training loss on iteration 420 = 0.12065208533022087
Training loss on iteration 440 = 0.2750979838310741
Training loss on iteration 460 = 0.17916476796381176
Training loss on iteration 480 = 0.15524391904473306
Training loss on iteration 500 = 0.109981877123937
Training loss on iteration 520 = 0.13911542072892188
Training loss on iteration 540 = 0.10959407179616391
Training loss on iteration 560 = 0.09242027405416593
Training loss on iteration 580 = 0.10940177457523532
Training loss on iteration 600 = 0.15559684660984202
Training loss on iteration 620 = 0.06957797619979829
Training loss on iteration 640 = 0.1523105165339075
Training loss on iteration 660 = 0.1182227339129895
Training loss on iteration 680 = 0.1826438103802502
Training loss on iteration 700 = 0.07775312473531812
Training loss on iteration 720 = 0.14000422873941715
Training loss on iteration 740 = 0.15153881399892272
Training loss on iteration 760 = 0.14211030600126834
Training loss on iteration 780 = 0.08218126908759586
Training loss on iteration 800 = 0.26501158032333477
Training loss on iteration 820 = 0.26538783209398387
Training loss on iteration 840 = 0.18381678704172372
Training loss on iteration 860 = 0.14842446874827148
Training loss on iteration 880 = 0.10903037986718118
Training loss on iteration 900 = 0.23328364961780607
Training loss on iteration 920 = 0.2319504044018686
Training loss on iteration 940 = 0.20735883582383394
Training loss on iteration 960 = 0.22542751021683216
Training loss on iteration 980 = 0.25003100344911217
Training loss on iteration 1000 = 0.11542531857267022
Training loss on iteration 1020 = 0.08884589046938345
Training loss on iteration 1040 = 0.17578961397521198
Training loss on iteration 1060 = 0.0961211905349046
Training loss on iteration 1080 = 0.15860643854830414
Training loss on iteration 1100 = 0.2243208672502078
Training loss on iteration 1120 = 0.6996159153524786
Training loss on iteration 1140 = 0.35273430645465853
Training loss on iteration 1160 = 0.3670274965465069
Training loss on iteration 1180 = 0.25559601150453093
Training loss on iteration 1200 = 0.423387825419195
Training loss on iteration 1220 = 0.244109948258847
Training loss on iteration 1240 = 0.2704873114824295
Training loss on iteration 1260 = 0.1716094110161066
Training loss on iteration 1280 = 0.2632166650146246
Training loss on iteration 1300 = 0.20137577839195728
Training loss on iteration 1320 = 0.2682945322245359
Training loss on iteration 1340 = 0.30134415221400557
Training loss on iteration 1360 = 0.18223636550828815
Training loss on iteration 1380 = 0.1658314868574962
Training loss on iteration 1400 = 0.23767368064727634
Training loss on iteration 1420 = 0.1836524019949138
Training loss on iteration 1440 = 0.23748061289079486
Training loss on iteration 1460 = 0.25303877918049694
Training loss on iteration 1480 = 0.11512664621695876
Training loss on iteration 1500 = 0.10300198204931803
Training loss on iteration 1520 = 0.3576881743501872
Training loss on iteration 1540 = 0.15342133240774275
Training loss on iteration 1560 = 0.18099118585232646
Training loss on iteration 1580 = 0.1962343598715961
Training loss on iteration 1600 = 0.11970429355278611
Training loss on iteration 1620 = 0.04614296773215756
Training loss on iteration 1640 = 0.27395819532684984
Training loss on iteration 1660 = 0.11795399212278426
Training loss on iteration 1680 = 0.25815851768711584
Training loss on iteration 1700 = 0.23651883453130723
Training loss on iteration 1720 = 0.21759628320578486
Training loss on iteration 1740 = 0.10414406082127244
Training loss on iteration 1760 = 0.18901185593567787
Training loss on iteration 1780 = 0.2229317213408649
Training loss on iteration 1800 = 0.17611787957139313
Training loss on iteration 1820 = 0.22487096898257733
Training loss on iteration 1840 = 0.20917179640382527
Training loss on iteration 1860 = 0.1922193774022162
Training loss on iteration 1880 = 0.13477393458597361
Training loss on iteration 1900 = 0.20463237574294907
Training loss on iteration 1920 = 0.10990115241147577
Training loss on iteration 1940 = 0.24985988352564165
Training loss on iteration 1960 = 0.20780945881269872
Training loss on iteration 1980 = 0.1703102453611791
Training loss on iteration 2000 = 0.328327473817626
Training loss on iteration 2020 = 0.36102371793240307
Training loss on iteration 2040 = 0.23078578347340226
Training loss on iteration 2060 = 0.18993117385543884
Training loss on iteration 2080 = 0.1155920899938792
Training loss on iteration 2100 = 0.165022453723941
Training loss on iteration 2120 = 0.3138838016428053
Training loss on iteration 2140 = 0.15620349133387207
Training loss on iteration 2160 = 0.21723963748663663
Training loss on iteration 2180 = 0.35085396356880666
Training loss on iteration 2200 = 0.17912855432368816
Training loss on iteration 2220 = 0.16990891178138554
Training loss on iteration 2240 = 0.46125033060088755
Training loss on iteration 2260 = 0.14724646294489502
Training loss on iteration 2280 = 0.16997336084023118
Training loss on iteration 2300 = 0.1518949717283249
Training loss on iteration 2320 = 0.14064491321332753
Training loss on iteration 2340 = 0.22736312989145518
Training loss on iteration 2360 = 0.23809856045991182
Training loss on iteration 2380 = 0.14488969170488417
Training loss on iteration 2400 = 0.294947322178632
Training loss on iteration 2420 = 0.3285144243389368
Training loss on iteration 2440 = 0.08815132275922224
Training loss on iteration 2460 = 0.13379713487811387
Training loss on iteration 2480 = 0.1893303365679458
Training loss on iteration 2500 = 0.1680641146376729
Training loss on iteration 2520 = 0.14445084258913993
Training loss on iteration 2540 = 0.2693100057542324
Training loss on iteration 2560 = 0.24581935964524745
Training loss on iteration 2580 = 0.2390847086906433
### EVAL:: Epoch 4:: Loss = 0.15874034405886175 :: ACC = 0.9375767498976668, AUC = 0.9792190305732886, EER = 0.07449856733524356
Training on epoch 5
Training loss on iteration 0 = 0.056999485939741135
Training loss on iteration 20 = 0.21291451780125498
Training loss on iteration 40 = 0.16344461771659552
Training loss on iteration 60 = 0.14649285152554511
Training loss on iteration 80 = 0.16949034021236004
Training loss on iteration 100 = 0.17807962838560343
Training loss on iteration 120 = 0.12033787735272199
Training loss on iteration 140 = 0.16548366616480054
Training loss on iteration 160 = 0.09668166048359125
Training loss on iteration 180 = 0.20399423250928522
Training loss on iteration 200 = 0.16416326323524116
Training loss on iteration 220 = 0.14883428709581495
Training loss on iteration 240 = 0.13300807452760638
Training loss on iteration 260 = 0.07931931964121759
Training loss on iteration 280 = 0.4035796197131276
Training loss on iteration 300 = 0.3476842402480543
Training loss on iteration 320 = 0.18856021338142454
Training loss on iteration 340 = 0.1309190252330154
Training loss on iteration 360 = 0.24658874766901134
Training loss on iteration 380 = 0.23026597825810313
Training loss on iteration 400 = 0.11060649219434708
Training loss on iteration 420 = 0.16344051935011522
Training loss on iteration 440 = 0.39763980489224193
Training loss on iteration 460 = 0.1986935173452366
Training loss on iteration 480 = 0.44925706190988424
Training loss on iteration 500 = 0.23739883983507754
Training loss on iteration 520 = 0.11724013679195196
Training loss on iteration 540 = 0.10097778521012515
Training loss on iteration 560 = 0.051332091656513514
Training loss on iteration 580 = 0.18148380491766147
Training loss on iteration 600 = 0.17122121159918607
Training loss on iteration 620 = 0.11798398178070783
Training loss on iteration 640 = 0.0801679102005437
Training loss on iteration 660 = 0.172194017842412
Training loss on iteration 680 = 0.0896934713353403
Training loss on iteration 700 = 0.18151196860708296
Training loss on iteration 720 = 0.10350577307399363
Training loss on iteration 740 = 0.09754395452328027
Training loss on iteration 760 = 0.16200489143375307
Training loss on iteration 780 = 0.07553989891894161
Training loss on iteration 800 = 0.15706628049956634
Training loss on iteration 820 = 0.12500949283130466
Training loss on iteration 840 = 0.1052011581719853
Training loss on iteration 860 = 0.19756529489532113
Training loss on iteration 880 = 0.11601228192448616
Training loss on iteration 900 = 0.06311759262462147
Training loss on iteration 920 = 0.08285382523317822
Training loss on iteration 940 = 0.39568532407283785
Training loss on iteration 960 = 0.28165301494300365
Training loss on iteration 980 = 0.17636325159110128
Training loss on iteration 1000 = 0.07653641705401242
Training loss on iteration 1020 = 0.10272081980365329
Training loss on iteration 1040 = 0.21750416387803853
Training loss on iteration 1060 = 0.12331897376570851
Training loss on iteration 1080 = 0.1325651333318092
Training loss on iteration 1100 = 0.10589375352719799
Training loss on iteration 1120 = 0.3285158548736945
Training loss on iteration 1140 = 0.16356184664182366
Training loss on iteration 1160 = 0.14005678053945303
Training loss on iteration 1180 = 0.10988252314273268
Training loss on iteration 1200 = 0.17322784005664288
Training loss on iteration 1220 = 0.10149803082458675
Training loss on iteration 1240 = 0.1071119157364592
Training loss on iteration 1260 = 0.04561054847436026
Training loss on iteration 1280 = 0.07098269124981016
Training loss on iteration 1300 = 0.2116640358697623
Training loss on iteration 1320 = 0.10558366989716887
Training loss on iteration 1340 = 0.06287870298256167
Training loss on iteration 1360 = 0.10947123556979932
Training loss on iteration 1380 = 0.1385759231459815
Training loss on iteration 1400 = 0.10697870461735874
Training loss on iteration 1420 = 0.14254945219727233
Training loss on iteration 1440 = 0.13873744829325005
Training loss on iteration 1460 = 0.11086437613703311
Training loss on iteration 1480 = 0.1614589377772063
Training loss on iteration 1500 = 0.13054768017027527
Training loss on iteration 1520 = 0.20287514240480958
Training loss on iteration 1540 = 0.1748396403156221
Training loss on iteration 1560 = 0.10390686390455812
Training loss on iteration 1580 = 0.033715555153321475
Training loss on iteration 1600 = 0.21690766304964199
Training loss on iteration 1620 = 0.17631889008916915
Training loss on iteration 1640 = 0.10773146552965045
Training loss on iteration 1660 = 0.17586650690063835
Training loss on iteration 1680 = 0.0507216500773211
Training loss on iteration 1700 = 0.12461801683530212
Training loss on iteration 1720 = 0.07210152035113424
Training loss on iteration 1740 = 0.1215060011454625
Training loss on iteration 1760 = 0.13903700546361505
Training loss on iteration 1780 = 0.20118379659834318
Training loss on iteration 1800 = 0.16103736599907278
Training loss on iteration 1820 = 0.13232164718210698
Training loss on iteration 1840 = 0.17158364783972502
Training loss on iteration 1860 = 0.14952755223494024
Training loss on iteration 1880 = 0.15022641739342363
Training loss on iteration 1900 = 0.07170056529575959
Training loss on iteration 1920 = 0.13446288538980297
Training loss on iteration 1940 = 0.0979925149353221
Training loss on iteration 1960 = 0.12057182663120329
Training loss on iteration 1980 = 0.15918649430386722
Training loss on iteration 2000 = 0.05282562526408583
Training loss on iteration 2020 = 0.19650349067524076
Training loss on iteration 2040 = 0.09996117055416107
Training loss on iteration 2060 = 0.12519530314020813
Training loss on iteration 2080 = 0.18974901249166579
Training loss on iteration 2100 = 0.14432294978760182
Training loss on iteration 2120 = 0.24526447327807546
Training loss on iteration 2140 = 0.10982221784070134
Training loss on iteration 2160 = 0.11062125558964908
Training loss on iteration 2180 = 0.10384262823499739
Training loss on iteration 2200 = 0.09442049384233542
Training loss on iteration 2220 = 0.12200851573143154
Training loss on iteration 2240 = 0.14637492117763032
Training loss on iteration 2260 = 0.06938185670878738
Training loss on iteration 2280 = 0.194665769522544
Training loss on iteration 2300 = 0.09307838371023536
Training loss on iteration 2320 = 0.060829615098191424
Training loss on iteration 2340 = 0.09698048997670412
Training loss on iteration 2360 = 0.16974067050032318
Training loss on iteration 2380 = 0.18916261643171312
Training loss on iteration 2400 = 0.11780978940660133
Training loss on iteration 2420 = 0.11858256247360259
Training loss on iteration 2440 = 0.07430495340377093
Training loss on iteration 2460 = 0.08851129077374935
Training loss on iteration 2480 = 0.1494798940955661
Training loss on iteration 2500 = 0.09277729850728064
Training loss on iteration 2520 = 0.13385270590079018
Training loss on iteration 2540 = 0.1138674822403118
Training loss on iteration 2560 = 0.13855480870697648
Training loss on iteration 2580 = 0.13335680030286312
### EVAL:: Epoch 5:: Loss = 0.05449789524238351 :: ACC = 0.9801473598035203, AUC = 0.9937670160879682, EER = 0.040523945968072045
Training on epoch 6
Training loss on iteration 0 = 0.02108749747276306
Training loss on iteration 20 = 0.26149321906268597
Training loss on iteration 40 = 0.12905416317516938
Training loss on iteration 60 = 0.10466047609224916
Training loss on iteration 80 = 0.14135611061938108
Training loss on iteration 100 = 0.13680695216171443
Training loss on iteration 120 = 0.10268092751502991
Training loss on iteration 140 = 0.11030011811526493
Training loss on iteration 160 = 0.2556831264286302
Training loss on iteration 180 = 0.13233626761939377
Training loss on iteration 200 = 0.318971604667604
Training loss on iteration 220 = 0.13080238124821336
Training loss on iteration 240 = 0.25441613792063433
Training loss on iteration 260 = 0.12833034723298625
Training loss on iteration 280 = 0.1001121109642554
Training loss on iteration 300 = 0.12944394117221236
Training loss on iteration 320 = 0.11549780645873398
Training loss on iteration 340 = 0.10358324148692191
Training loss on iteration 360 = 0.12415520041249692
Training loss on iteration 380 = 0.16605314491316675
Training loss on iteration 400 = 0.08644788996316492
Training loss on iteration 420 = 0.12155874203890563
Training loss on iteration 440 = 0.10133777459850535
Training loss on iteration 460 = 0.1200161857297644
Training loss on iteration 480 = 0.16417991630733014
Training loss on iteration 500 = 0.10214498005225323
Training loss on iteration 520 = 0.12545221119071356
Training loss on iteration 540 = 0.08911561734857969
Training loss on iteration 560 = 0.13708023581129963
Training loss on iteration 580 = 0.14960948211373762
Training loss on iteration 600 = 0.10347480312921106
Training loss on iteration 620 = 0.13300231804169016
Training loss on iteration 640 = 0.1175307100173086
Training loss on iteration 660 = 0.1362110216752626
Training loss on iteration 680 = 0.2741916358936578
Training loss on iteration 700 = 0.15181742953136562
Training loss on iteration 720 = 0.24527343366062268
Training loss on iteration 740 = 0.26438069231808187
Training loss on iteration 760 = 0.10652758846990765
Training loss on iteration 780 = 0.12128985619638115
Training loss on iteration 800 = 0.12251560944714583
Training loss on iteration 820 = 0.12075947620905936
Training loss on iteration 840 = 0.07081499631749466
Training loss on iteration 860 = 0.08002650673734024
Training loss on iteration 880 = 0.05301083470694721
Training loss on iteration 900 = 0.08917133261129492
Training loss on iteration 920 = 0.1960673812078312
Training loss on iteration 940 = 0.1402647470124066
Training loss on iteration 960 = 0.1342178631806746
Training loss on iteration 980 = 0.0839382846839726
Training loss on iteration 1000 = 0.14826069966657088
Training loss on iteration 1020 = 0.13640809282660485
Training loss on iteration 1040 = 0.18464738726615906
Training loss on iteration 1060 = 0.27975822910666465
Training loss on iteration 1080 = 0.14128779822494836
Training loss on iteration 1100 = 0.07291292349109427
Training loss on iteration 1120 = 0.10606543630128726
Training loss on iteration 1140 = 0.10567774452065351
Training loss on iteration 1160 = 0.07172934846021235
Training loss on iteration 1180 = 0.09139849508210318
Training loss on iteration 1200 = 0.18029409986920655
Training loss on iteration 1220 = 0.17783881312934682
Training loss on iteration 1240 = 0.1749400594824692
Training loss on iteration 1260 = 0.16582705336622894
Training loss on iteration 1280 = 0.14550759552512318
Training loss on iteration 1300 = 0.2160764940083027
Training loss on iteration 1320 = 0.3109480429440737
Training loss on iteration 1340 = 0.2000682055600919
Training loss on iteration 1360 = 0.23092422685585917
Training loss on iteration 1380 = 0.2475139094516635
Training loss on iteration 1400 = 0.1762782349716872
Training loss on iteration 1420 = 0.1492124180891551
Training loss on iteration 1440 = 0.09873265738133341
Training loss on iteration 1460 = 0.13299494681414217
Training loss on iteration 1480 = 0.22108693607151508
Training loss on iteration 1500 = 0.08547413054620848
Training loss on iteration 1520 = 0.10246461294591427
Training loss on iteration 1540 = 0.24513033623807132
Training loss on iteration 1560 = 0.1347989031113684
Training loss on iteration 1580 = 0.08304089271114208
Training loss on iteration 1600 = 0.23094962409231812
Training loss on iteration 1620 = 0.15930376155301929
Training loss on iteration 1640 = 0.0667875221115537
Training loss on iteration 1660 = 0.15237934805918485
Training loss on iteration 1680 = 0.12912846358958632
Training loss on iteration 1700 = 0.21981552690267564
Training loss on iteration 1720 = 0.13504966590553522
Training loss on iteration 1740 = 0.18354073939844967
Training loss on iteration 1760 = 0.10299198175780475
Training loss on iteration 1780 = 0.19340765496599488
Training loss on iteration 1800 = 0.2995166986947879
Training loss on iteration 1820 = 0.10872940821573138
Training loss on iteration 1840 = 0.08074644817970693
Training loss on iteration 1860 = 0.13759061296586877
Training loss on iteration 1880 = 0.22085595459939214
Training loss on iteration 1900 = 0.11917586401832522
Training loss on iteration 1920 = 0.12529341471963562
Training loss on iteration 1940 = 0.03389228824962629
Training loss on iteration 1960 = 0.13295889776200057
Training loss on iteration 1980 = 0.18249843216617592
Training loss on iteration 2000 = 0.08386858874000609
Training loss on iteration 2020 = 0.09189633915666491
Training loss on iteration 2040 = 0.2866623703739606
Training loss on iteration 2060 = 0.0660464054410113
Training loss on iteration 2080 = 0.16894340237922734
Training loss on iteration 2100 = 0.16737154559232295
Training loss on iteration 2120 = 0.1412697419640608
Training loss on iteration 2140 = 0.09693533605895936
Training loss on iteration 2160 = 0.16333936213341077
Training loss on iteration 2180 = 0.09682568160351365
Training loss on iteration 2200 = 0.09578558905050158
Training loss on iteration 2220 = 0.08400558961438946
Training loss on iteration 2240 = 0.1044447430234868
Training loss on iteration 2260 = 0.1420629848842509
Training loss on iteration 2280 = 0.07313795327208936
Training loss on iteration 2300 = 0.05050998391816393
Training loss on iteration 2320 = 0.0791170964424964
Training loss on iteration 2340 = 0.12379212652449496
Training loss on iteration 2360 = 0.09420990475919097
Training loss on iteration 2380 = 0.14990006315056234
Training loss on iteration 2400 = 0.09184486090089194
Training loss on iteration 2420 = 0.11194371953606605
Training loss on iteration 2440 = 0.12396394487004728
Training loss on iteration 2460 = 0.12477797814644873
Training loss on iteration 2480 = 0.12249626809498296
Training loss on iteration 2500 = 0.11703228785190731
Training loss on iteration 2520 = 0.038148550415644425
Training loss on iteration 2540 = 0.1432027940041735
Training loss on iteration 2560 = 0.07702358108508633
Training loss on iteration 2580 = 0.13768237032927572
### EVAL:: Epoch 6:: Loss = 0.048193472218775936 :: ACC = 0.9819893573475236, AUC = 0.9960705392821244, EER = 0.03274662300450266
Training on epoch 7
Training loss on iteration 0 = 0.0247759111225605
Training loss on iteration 20 = 0.22049277955666186
Training loss on iteration 40 = 0.1546096300240606
Training loss on iteration 60 = 0.032636893610469994
Training loss on iteration 80 = 0.18391860706033186
Training loss on iteration 100 = 0.16029648785479367
Training loss on iteration 120 = 0.11485920131672174
Training loss on iteration 140 = 0.1048873794497922
Training loss on iteration 160 = 0.11334795114817098
Training loss on iteration 180 = 0.11530116759240627
Training loss on iteration 200 = 0.14309348232345656
Training loss on iteration 220 = 0.13567990101873875
Training loss on iteration 240 = 0.13633830207400024
Training loss on iteration 260 = 0.0953574201266747
Training loss on iteration 280 = 0.06033005113713443
Training loss on iteration 300 = 0.09935202998458408
Training loss on iteration 320 = 0.1338614091888303
Training loss on iteration 340 = 0.29972085673362014
Training loss on iteration 360 = 0.30190139953047035
Training loss on iteration 380 = 0.19785630258265882
Training loss on iteration 400 = 0.09463606199715287
Training loss on iteration 420 = 0.09173476530995686
Training loss on iteration 440 = 0.08155447587778326
Training loss on iteration 460 = 0.13454115082276985
Training loss on iteration 480 = 0.09947017144877464
Training loss on iteration 500 = 0.11258745905943215
Training loss on iteration 520 = 0.13122070271056147
Training loss on iteration 540 = 0.04312547284644097
Training loss on iteration 560 = 0.14309432831360028
Training loss on iteration 580 = 0.1231997387483716
Training loss on iteration 600 = 0.12178514858242125
Training loss on iteration 620 = 0.1329968755308073
Training loss on iteration 640 = 0.20070678201736883
Training loss on iteration 660 = 0.08338206479675137
Training loss on iteration 680 = 0.1509228648035787
Training loss on iteration 700 = 0.15417184599209577
Training loss on iteration 720 = 0.1175798301352188
Training loss on iteration 740 = 0.10842151093529537
Training loss on iteration 760 = 0.07442581259238068
Training loss on iteration 780 = 0.08730006762780249
Training loss on iteration 800 = 0.141874776937766
Training loss on iteration 820 = 0.16286192380357534
Training loss on iteration 840 = 0.04309840935457032
Training loss on iteration 860 = 0.06899237665129476
Training loss on iteration 880 = 0.2523794153239578
Training loss on iteration 900 = 0.14890505857765673
Training loss on iteration 920 = 0.15582490109372885
Training loss on iteration 940 = 0.09151254206080921
Training loss on iteration 960 = 0.16663199642207474
Training loss on iteration 980 = 0.7256410501897335
Training loss on iteration 1000 = 0.42995485812425616
Training loss on iteration 1020 = 0.2639761928468943
Training loss on iteration 1040 = 0.22254930511116983
Training loss on iteration 1060 = 0.23258257638663055
Training loss on iteration 1080 = 0.23884411267936229
Training loss on iteration 1100 = 0.25210720840841533
Training loss on iteration 1120 = 0.2842347238212824
Training loss on iteration 1140 = 0.1819354137405753
Training loss on iteration 1160 = 0.35455541242845356
Training loss on iteration 1180 = 0.19451517881825567
Training loss on iteration 1200 = 0.25070453053340314
Training loss on iteration 1220 = 0.3353457460179925
Training loss on iteration 1240 = 0.2785019278526306
Training loss on iteration 1260 = 0.24282487807795405
Training loss on iteration 1280 = 0.5773428790271282
Training loss on iteration 1300 = 0.32030629403889177
Training loss on iteration 1320 = 0.2656561305746436
Training loss on iteration 1340 = 0.10278540286235512
Training loss on iteration 1360 = 0.24350457340478898
Training loss on iteration 1380 = 0.22814365988597274
Training loss on iteration 1400 = 0.30021306239068507
Training loss on iteration 1420 = 0.1591576661914587
Training loss on iteration 1440 = 0.28198571652174
Training loss on iteration 1460 = 0.13746346719563007
Training loss on iteration 1480 = 0.15456126406788825
Training loss on iteration 1500 = 0.398360958090052
Training loss on iteration 1520 = 0.16899634748697281
Training loss on iteration 1540 = 0.16666394989006222
Training loss on iteration 1560 = 0.1480453031603247
Training loss on iteration 1580 = 0.16150193295907228
Training loss on iteration 1600 = 0.21907385308295488
Training loss on iteration 1620 = 0.17496407121652738
Training loss on iteration 1640 = 0.2455154827795923
Training loss on iteration 1660 = 0.14799710032530128
Training loss on iteration 1680 = 0.14863666221499444
Training loss on iteration 1700 = 0.15973047732841222
Training loss on iteration 1720 = 0.2477200620342046
Training loss on iteration 1740 = 0.13987955590710044
Training loss on iteration 1760 = 0.15371890070382505
Training loss on iteration 1780 = 0.14373828605748712
Training loss on iteration 1800 = 0.14983589306939393
Training loss on iteration 1820 = 0.21485846042633056
Training loss on iteration 1840 = 0.19393487139604987
Training loss on iteration 1860 = 0.17139532514847816
Training loss on iteration 1880 = 0.12462168401107192
Training loss on iteration 1900 = 0.16184201322030276
Training loss on iteration 1920 = 0.22205381244421005
Training loss on iteration 1940 = 0.2133005555253476
Training loss on iteration 1960 = 0.14290616400539874
Training loss on iteration 1980 = 0.09796922975219786
Training loss on iteration 2000 = 0.08333472853410058
Training loss on iteration 2020 = 0.1856739919167012
Training loss on iteration 2040 = 0.3034948851913214
Training loss on iteration 2060 = 0.09359136638231576
Training loss on iteration 2080 = 0.16437044069170953
Training loss on iteration 2100 = 0.15007698526605964
Training loss on iteration 2120 = 0.10876260977238417
Training loss on iteration 2140 = 0.10431119685526938
Training loss on iteration 2160 = 0.13506612682249397
Training loss on iteration 2180 = 0.07534790077479556
Training loss on iteration 2200 = 0.08552660262212157
Training loss on iteration 2220 = 0.2959947470750194
Training loss on iteration 2240 = 0.17536535169929265
Training loss on iteration 2260 = 0.15638657968956976
Training loss on iteration 2280 = 0.20703883161768316
Training loss on iteration 2300 = 0.1557504704222083
Training loss on iteration 2320 = 0.17200893852859736
Training loss on iteration 2340 = 0.11058595651993527
Training loss on iteration 2360 = 0.17721794052049517
Training loss on iteration 2380 = 0.10399063869845122
Training loss on iteration 2400 = 0.13966435284819453
Training loss on iteration 2420 = 0.20877788711804895
Training loss on iteration 2440 = 0.23535437639802695
Training loss on iteration 2460 = 0.14118537986651064
Training loss on iteration 2480 = 0.18453768249601127
Training loss on iteration 2500 = 0.21556046418845654
Training loss on iteration 2520 = 0.15399625808931888
Training loss on iteration 2540 = 0.058947443449869755
Training loss on iteration 2560 = 0.1841061722487211
Training loss on iteration 2580 = 0.1582057778723538
### EVAL:: Epoch 7:: Loss = 0.07144466437616505 :: ACC = 0.9772820302906263, AUC = 0.9958299326988536, EER = 0.03192795742939009
Training on epoch 8
Training loss on iteration 0 = 0.17466510832309723
Training loss on iteration 20 = 0.2500669375061989
Training loss on iteration 40 = 0.12908139443024993
Training loss on iteration 60 = 0.1628284159465693
Training loss on iteration 80 = 0.1865863896906376
Training loss on iteration 100 = 0.20531763564795255
Training loss on iteration 120 = 0.15118453064933418
Training loss on iteration 140 = 0.09044951552059502
Training loss on iteration 160 = 0.11549977006507106
Training loss on iteration 180 = 0.24108967040665447
Training loss on iteration 200 = 0.17522801510058345
Training loss on iteration 220 = 0.2532620488665998
Training loss on iteration 240 = 0.20233964854851366
Training loss on iteration 260 = 0.3098064529243857
Training loss on iteration 280 = 0.26606660671532156
Training loss on iteration 300 = 0.26003789231181146
Training loss on iteration 320 = 0.2275050463154912
Training loss on iteration 340 = 0.2122698739171028
Training loss on iteration 360 = 0.20003575310111046
Training loss on iteration 380 = 0.22216808567754925
Training loss on iteration 400 = 0.17161005646921695
Training loss on iteration 420 = 0.23658938608132302
Training loss on iteration 440 = 0.15582392001524567
Training loss on iteration 460 = 0.2081208033952862
Training loss on iteration 480 = 0.13023612522520125
Training loss on iteration 500 = 0.3058583365753293
Training loss on iteration 520 = 0.3098383817821741
Training loss on iteration 540 = 0.15296002393588423
Training loss on iteration 560 = 0.2814997700275853
Training loss on iteration 580 = 0.7275272108614445
Training loss on iteration 600 = 0.3960366077721119
Training loss on iteration 620 = 0.3234738603234291
Training loss on iteration 640 = 0.24875961933284998
Training loss on iteration 660 = 0.2009950175881386
Training loss on iteration 680 = 0.2543251322582364
Training loss on iteration 700 = 0.10115023516118526
Training loss on iteration 720 = 0.3737936016172171
Training loss on iteration 740 = 0.1891082374379039
Training loss on iteration 760 = 0.26012478629127145
Training loss on iteration 780 = 0.12348846206441522
Training loss on iteration 800 = 0.28759452840313315
Training loss on iteration 820 = 0.2210308442823589
Training loss on iteration 840 = 0.14278460051864386
Training loss on iteration 860 = 0.1819501020014286
Training loss on iteration 880 = 0.3300536395981908
Training loss on iteration 900 = 0.31690058670938015
Training loss on iteration 920 = 0.17389914579689503
Training loss on iteration 940 = 0.3604573214426637
Training loss on iteration 960 = 0.2666174189187586
Training loss on iteration 980 = 0.18143717451021074
Training loss on iteration 1000 = 0.12243233332410455
Training loss on iteration 1020 = 0.18903933269903064
Training loss on iteration 1040 = 0.400765555491671
Training loss on iteration 1060 = 0.19239678531885146
Training loss on iteration 1080 = 0.1402956624981016
Training loss on iteration 1100 = 0.14964272817596794
Training loss on iteration 1120 = 0.14664341954048724
Training loss on iteration 1140 = 0.25474289630074054
Training loss on iteration 1160 = 0.1487074898555875
Training loss on iteration 1180 = 0.21007281369529665
Training loss on iteration 1200 = 0.10960055813193322
Training loss on iteration 1220 = 0.17232431354932487
Training loss on iteration 1240 = 0.11882755614351481
Training loss on iteration 1260 = 0.18293539434671402
Training loss on iteration 1280 = 0.13125061250757425
Training loss on iteration 1300 = 0.14264123039320112
Training loss on iteration 1320 = 0.16671499849762766
Training loss on iteration 1340 = 0.1812116578221321
Training loss on iteration 1360 = 0.25529439114034175
Training loss on iteration 1380 = 0.16083061234094204
Training loss on iteration 1400 = 0.2392408945830539
Training loss on iteration 1420 = 0.3547096522524953
Training loss on iteration 1440 = 0.23848753441125153
Training loss on iteration 1460 = 0.14766049915924667
Training loss on iteration 1480 = 0.1729684576857835
Training loss on iteration 1500 = 0.24423392724711449
Training loss on iteration 1520 = 0.21894276291131973
Training loss on iteration 1540 = 0.19996184203773737
Training loss on iteration 1560 = 0.15539900353178382
Training loss on iteration 1580 = 0.12272211660747416
Training loss on iteration 1600 = 0.10026824083179235
Training loss on iteration 1620 = 0.11434772444190458
Training loss on iteration 1640 = 0.2686626063659787
Training loss on iteration 1660 = 0.23102148976176978
Training loss on iteration 1680 = 0.16537008620798588
Training loss on iteration 1700 = 0.12649456430226563
Training loss on iteration 1720 = 0.2878509421367198
Training loss on iteration 1740 = 0.14698440334759652
Training loss on iteration 1760 = 0.37998499497771265
Training loss on iteration 1780 = 0.2191625704988837
Training loss on iteration 1800 = 0.12410087566822767
Training loss on iteration 1820 = 0.13497659317217767
Training loss on iteration 1840 = 0.17867144849151373
Training loss on iteration 1860 = 0.5189236655831337
Training loss on iteration 1880 = 0.4418573443777859
Training loss on iteration 1900 = 0.8283997558057308
Training loss on iteration 1920 = 0.37860760986804964
Training loss on iteration 1940 = 0.2664669297635555
Training loss on iteration 1960 = 0.2769517978653312
Training loss on iteration 1980 = 0.20216953046619893
Training loss on iteration 2000 = 0.4060022871941328
Training loss on iteration 2020 = 0.4259173542261124
Training loss on iteration 2040 = 0.2707450523972511
Training loss on iteration 2060 = 0.2522785680834204
Training loss on iteration 2080 = 0.2743455724790692
Training loss on iteration 2100 = 0.2297488664276898
Training loss on iteration 2120 = 0.18876237254589795
Training loss on iteration 2140 = 0.2969663332216442
Training loss on iteration 2160 = 0.14584811069071293
Training loss on iteration 2180 = 0.2593674353323877
Training loss on iteration 2200 = 0.2135033135768026
Training loss on iteration 2220 = 0.18033006926998496
Training loss on iteration 2240 = 0.32354237316176293
Training loss on iteration 2260 = 0.16489514708518982
Training loss on iteration 2280 = 0.2194555105175823
Training loss on iteration 2300 = 0.2976657301187515
Training loss on iteration 2320 = 0.19571982864290477
Training loss on iteration 2340 = 0.1633141901344061
Training loss on iteration 2360 = 0.1872930996119976
Training loss on iteration 2380 = 0.1311008996795863
Training loss on iteration 2400 = 0.23212573658674956
Training loss on iteration 2420 = 0.2540020721964538
Training loss on iteration 2440 = 0.18818423743359744
Training loss on iteration 2460 = 0.16415005102753638
Training loss on iteration 2480 = 0.1769505766336806
Training loss on iteration 2500 = 0.20083088953979314
Training loss on iteration 2520 = 0.1321021226234734
Training loss on iteration 2540 = 0.19137833155691625
Training loss on iteration 2560 = 0.20441595492884518
Training loss on iteration 2580 = 0.20853924420662223
### EVAL:: Epoch 8:: Loss = 0.08102247918620782 :: ACC = 0.9744167007777323, AUC = 0.9786872163007945, EER = 0.06467458043389275
Training on epoch 9
Training loss on iteration 0 = 0.3989362418651581
Training loss on iteration 20 = 0.31623126859776673
Training loss on iteration 40 = 0.24978745281696318
Training loss on iteration 60 = 0.13085917448624967
Training loss on iteration 80 = 0.15979475155472755
Training loss on iteration 100 = 0.10519352941773832
Training loss on iteration 120 = 0.23858950519934297
Training loss on iteration 140 = 0.27566444016993047
Training loss on iteration 160 = 0.17805585814639927
Training loss on iteration 180 = 0.15379043756984173
Training loss on iteration 200 = 0.3339110841974616
Training loss on iteration 220 = 0.21611399976536633
Training loss on iteration 240 = 0.5989091590046882
Training loss on iteration 260 = 0.29660638645291326
Training loss on iteration 280 = 0.3481832705438137
Training loss on iteration 300 = 0.24296292327344418
Training loss on iteration 320 = 0.2553595993667841
Training loss on iteration 340 = 0.2755893824622035
Training loss on iteration 360 = 0.16833888217806817
Training loss on iteration 380 = 0.12339792273123748
Training loss on iteration 400 = 0.2619024358922616
Training loss on iteration 420 = 0.13407647600397468
Training loss on iteration 440 = 0.21288293125107885
Training loss on iteration 460 = 0.23853260651230812
Training loss on iteration 480 = 0.14664364298805593
Training loss on iteration 500 = 0.23136466562282293
Training loss on iteration 520 = 0.16226150770671666
Training loss on iteration 540 = 0.15961243575438858
Training loss on iteration 560 = 0.1732086746022105
Training loss on iteration 580 = 0.1949787967838347
Training loss on iteration 600 = 0.1206902499194257
Training loss on iteration 620 = 0.1729241947643459
Training loss on iteration 640 = 0.32546620624489153
Training loss on iteration 660 = 0.3044191603548825
Training loss on iteration 680 = 0.2289936613291502
Training loss on iteration 700 = 0.3560217536985874
Training loss on iteration 720 = 0.22258248301222922
Training loss on iteration 740 = 0.13425194839946925
Training loss on iteration 760 = 0.1480265722842887
Training loss on iteration 780 = 0.19140469529666007
Training loss on iteration 800 = 0.09588162014260888
Training loss on iteration 820 = 0.20672920759534463
Training loss on iteration 840 = 0.3016162373125553
Training loss on iteration 860 = 0.15214189160615205
Training loss on iteration 880 = 0.20950897783041
Training loss on iteration 900 = 0.14596173893660308
Training loss on iteration 920 = 0.15767958557698875
Training loss on iteration 940 = 0.114353342121467
Training loss on iteration 960 = 0.06830651247873902
Training loss on iteration 980 = 0.15243741880403833
Training loss on iteration 1000 = 0.12797236791229807
Training loss on iteration 1020 = 0.15666753319092094
Training loss on iteration 1040 = 0.18337425962090492
Training loss on iteration 1060 = 0.29786893390119074
Training loss on iteration 1080 = 0.18299386063590645
Training loss on iteration 1100 = 0.14564126203767955
Training loss on iteration 1120 = 0.24872158453799784
Training loss on iteration 1140 = 0.18945816047489644
Training loss on iteration 1160 = 0.10051627429202199
Training loss on iteration 1180 = 0.05962113781133667
Training loss on iteration 1200 = 0.23914415488252416
Training loss on iteration 1220 = 0.4276589417364448
Training loss on iteration 1240 = 0.16819192627444862
Training loss on iteration 1260 = 0.10853636418469251
Training loss on iteration 1280 = 0.16012773433467373
Training loss on iteration 1300 = 0.24246904347091913
Training loss on iteration 1320 = 0.17171122711151837
Training loss on iteration 1340 = 0.21614409890025854
Training loss on iteration 1360 = 0.15435191746801138
Training loss on iteration 1380 = 0.29199019856750963
Training loss on iteration 1400 = 0.0872641479363665
Training loss on iteration 1420 = 0.1683019904885441
Training loss on iteration 1440 = 0.6985747903585434
Training loss on iteration 1460 = 1.0038910184055567
Training loss on iteration 1480 = 0.3089342444902286
Training loss on iteration 1500 = 0.42277701790444555
Training loss on iteration 1520 = 0.286383699439466
Training loss on iteration 1540 = 0.20858066752552987
Training loss on iteration 1560 = 0.3845944290980697
Training loss on iteration 1580 = 0.41410756707191465
Training loss on iteration 1600 = 0.5536585640162229
Training loss on iteration 1620 = 0.35738833732903
Training loss on iteration 1640 = 0.24768135659396648
Training loss on iteration 1660 = 0.43395219966769216
Training loss on iteration 1680 = 0.3302379885688424
Training loss on iteration 1700 = 0.5362514737993479
Training loss on iteration 1720 = 0.47803631871938707
Training loss on iteration 1740 = 0.3807576382532716
Training loss on iteration 1760 = 0.2501076187938452
Training loss on iteration 1780 = 0.48133102990686893
Training loss on iteration 1800 = 0.33235750161111355
Training loss on iteration 1820 = 0.415296296402812
Training loss on iteration 1840 = 0.3746147256344557
Training loss on iteration 1860 = 0.3247331205755472
Training loss on iteration 1880 = 0.34426989043131473
Training loss on iteration 1900 = 0.2772707875818014
Training loss on iteration 1920 = 0.4042835243046284
Training loss on iteration 1940 = 0.35457523316144945
Training loss on iteration 1960 = 0.26636166777461767
Training loss on iteration 1980 = 0.353012390434742
Training loss on iteration 2000 = 0.4288498744368553
Training loss on iteration 2020 = 0.293151168897748
Training loss on iteration 2040 = 0.6059143222868443
Training loss on iteration 2060 = 0.3161993272602558
Training loss on iteration 2080 = 0.16922300960868597
Training loss on iteration 2100 = 0.534403607621789
Training loss on iteration 2120 = 0.5976361911743879
Training loss on iteration 2140 = 0.35057604759931565
Training loss on iteration 2160 = 0.5262461256235837
Training loss on iteration 2180 = 0.42594161778688433
Training loss on iteration 2200 = 0.21365180853754281
Training loss on iteration 2220 = 0.4417744783684611
Training loss on iteration 2240 = 0.8107712760567665
Training loss on iteration 2260 = 0.36279899105429647
Training loss on iteration 2280 = 0.38621932035312057
Training loss on iteration 2300 = 0.2904153894633055
Training loss on iteration 2320 = 0.42311812937259674
Training loss on iteration 2340 = 0.22875951658934354
Training loss on iteration 2360 = 0.3438974905759096
Training loss on iteration 2380 = 0.49000905007123946
Training loss on iteration 2400 = 0.36085763014853
Training loss on iteration 2420 = 0.25671078376471995
Training loss on iteration 2440 = 0.2813788753002882
Training loss on iteration 2460 = 0.288834806997329
Training loss on iteration 2480 = 0.25688001364469526
Training loss on iteration 2500 = 0.24363304851576686
Training loss on iteration 2520 = 0.21521960087120534
Training loss on iteration 2540 = 0.16112227290868758
Training loss on iteration 2560 = 0.319452472217381
Training loss on iteration 2580 = 0.19916072972118853
### EVAL:: Epoch 9:: Loss = 0.1988430368715939 :: ACC = 0.9187474416700778, AUC = 0.970408406217636, EER = 0.09128121162505116
Training on epoch 10
Training loss on iteration 0 = 0.36387503147125244
Training loss on iteration 20 = 0.24659382384270429
Training loss on iteration 40 = 0.22100814888253809
Training loss on iteration 60 = 0.5176674515008927
Training loss on iteration 80 = 0.21880572903901338
Training loss on iteration 100 = 0.24875338859856128
Training loss on iteration 120 = 0.2480513660237193
Training loss on iteration 140 = 0.4883240103721619
Training loss on iteration 160 = 0.5288468141108751
Training loss on iteration 180 = 0.28367943577468396
Training loss on iteration 200 = 0.3391071010380983
Training loss on iteration 220 = 0.3549805603921413
Training loss on iteration 240 = 0.38831076975911855
Training loss on iteration 260 = 0.4143182812258601
Training loss on iteration 280 = 0.3061448629945517
Training loss on iteration 300 = 0.37572149466723204
Training loss on iteration 320 = 0.3670440219342709
Training loss on iteration 340 = 0.4151494476944208
Training loss on iteration 360 = 0.1903207056224346
Training loss on iteration 380 = 0.16392002496868371
Training loss on iteration 400 = 0.21256465390324591
Training loss on iteration 420 = 0.4766380313783884
Training loss on iteration 440 = 0.360124334320426
Training loss on iteration 460 = 0.2910182932391763
Training loss on iteration 480 = 0.20373537745326759
Training loss on iteration 500 = 0.6526349082589149
Training loss on iteration 520 = 0.3399254698306322
Training loss on iteration 540 = 0.35403277687728407
Training loss on iteration 560 = 0.3236814422532916
Training loss on iteration 580 = 0.4472517170011997
Training loss on iteration 600 = 0.31009501735679806
Training loss on iteration 620 = 0.25544010624289515
Training loss on iteration 640 = 0.22123481277376414
Training loss on iteration 660 = 0.20223977658897638
Training loss on iteration 680 = 0.17823021188378335
Training loss on iteration 700 = 0.34643156118690965
Training loss on iteration 720 = 0.19072636403143406
Training loss on iteration 740 = 0.37133215861395
Training loss on iteration 760 = 0.34215591568499804
Training loss on iteration 780 = 0.2338984129950404
Training loss on iteration 800 = 0.25319331884384155
Training loss on iteration 820 = 0.23607727102935314
Training loss on iteration 840 = 0.19599999589845538
Training loss on iteration 860 = 0.20901553696021438
Training loss on iteration 880 = 0.3859525784850121
Training loss on iteration 900 = 0.2862179519608617
Training loss on iteration 920 = 0.34310051761567595
Training loss on iteration 940 = 0.1883536024019122
Training loss on iteration 960 = 0.23643821915611624
Training loss on iteration 980 = 0.30807126248255373
Training loss on iteration 1000 = 0.28468687944114207
Training loss on iteration 1020 = 0.2648751623928547
Training loss on iteration 1040 = 0.26241413317620754
Training loss on iteration 1060 = 0.34689039876684546
Training loss on iteration 1080 = 0.3474379854276776
Training loss on iteration 1100 = 0.30052847424522044
Training loss on iteration 1120 = 0.49284608475863934
Training loss on iteration 1140 = 0.5158489886671305
Training loss on iteration 1160 = 0.250007458217442
Training loss on iteration 1180 = 0.21823659278452395
Training loss on iteration 1200 = 0.1697569447569549
Training loss on iteration 1220 = 0.27284937594085934
Training loss on iteration 1240 = 0.34865805711597203
Training loss on iteration 1260 = 0.4780060909688473
Training loss on iteration 1280 = 0.29111318141222
Training loss on iteration 1300 = 0.4130811385810375
Training loss on iteration 1320 = 0.34885091464966533
Training loss on iteration 1340 = 0.20565083362162112
Training loss on iteration 1360 = 0.18434645589441062
Training loss on iteration 1380 = 0.24414806822314858
Training loss on iteration 1400 = 0.22338795177638532
Training loss on iteration 1420 = 0.1456201408058405
Training loss on iteration 1440 = 0.2216626754263416
Training loss on iteration 1460 = 0.3005161358974874
Training loss on iteration 1480 = 0.23347149193286895
Training loss on iteration 1500 = 0.18357189940288662
Training loss on iteration 1520 = 0.2731262717396021
Training loss on iteration 1540 = 0.18279368616640568
Training loss on iteration 1560 = 0.18809822658076883
Training loss on iteration 1580 = 0.36170918713323774
Training loss on iteration 1600 = 0.19870007690042257
Training loss on iteration 1620 = 0.28541252464056016
Training loss on iteration 1640 = 0.20761662367731332
Training loss on iteration 1660 = 0.23398455344140529
Training loss on iteration 1680 = 0.23395111318677664
Training loss on iteration 1700 = 0.26476339660584924
Training loss on iteration 1720 = 0.14460527626797556
Training loss on iteration 1740 = 0.341822947608307
Training loss on iteration 1760 = 0.2172083416953683
Training loss on iteration 1780 = 0.16236640745773911
Training loss on iteration 1800 = 0.3015839342027903
Training loss on iteration 1820 = 0.2336543958634138
Training loss on iteration 1840 = 0.16329159759916365
Training loss on iteration 1860 = 0.2143557822331786
Training loss on iteration 1880 = 0.14182216851040721
Training loss on iteration 1900 = 0.20521899750456213
Training loss on iteration 1920 = 0.1827733893878758
Training loss on iteration 1940 = 0.23917436627671124
Training loss on iteration 1960 = 0.24450600501149894
Training loss on iteration 1980 = 0.2812102045863867
Training loss on iteration 2000 = 0.11016721410560422
Training loss on iteration 2020 = 0.3726148043759167
Training loss on iteration 2040 = 0.25067218076437714
Training loss on iteration 2060 = 0.18900577733293175
Training loss on iteration 2080 = 0.13195835379883647
Training loss on iteration 2100 = 0.1854208000469953
Training loss on iteration 2120 = 0.16365645630285144
Training loss on iteration 2140 = 0.1898640624131076
Training loss on iteration 2160 = 0.2487873574718833
Training loss on iteration 2180 = 0.4471745086833835
Training loss on iteration 2200 = 0.257220356632024
Training loss on iteration 2220 = 0.21967104037757962
Training loss on iteration 2240 = 0.2042755177244544
Training loss on iteration 2260 = 0.1728411179035902
Training loss on iteration 2280 = 0.27633590598125013
Training loss on iteration 2300 = 0.39113330533728
Training loss on iteration 2320 = 0.40844436958432195
Training loss on iteration 2340 = 0.16620024209842085
Training loss on iteration 2360 = 0.21689228559844195
Training loss on iteration 2380 = 0.17709452267736198
Training loss on iteration 2400 = 0.21965595642104746
Training loss on iteration 2420 = 0.3147656031418592
Training loss on iteration 2440 = 0.22952759345062076
Training loss on iteration 2460 = 0.1880697965156287
Training loss on iteration 2480 = 0.19093720344826579
Training loss on iteration 2500 = 0.3679404277354479
Training loss on iteration 2520 = 0.48836707081645725
Training loss on iteration 2540 = 0.23868007641285657
Training loss on iteration 2560 = 0.24844941683113575
Training loss on iteration 2580 = 0.228596783708781
### EVAL:: Epoch 10:: Loss = 0.1620382046383417 :: ACC = 0.9388047482603357, AUC = 0.9718555643372119, EER = 0.08186655751125665
Training on epoch 11
Training loss on iteration 0 = 0.006311103701591492
Training loss on iteration 20 = 0.17753322483040393
Training loss on iteration 40 = 0.18231499809771776
Training loss on iteration 60 = 0.17822987050749362
Training loss on iteration 80 = 0.23759061908349394
Training loss on iteration 100 = 0.21183643562253565
Training loss on iteration 120 = 0.20005367435514926
Training loss on iteration 140 = 0.3466184178367257
Training loss on iteration 160 = 0.22614440629258753
Training loss on iteration 180 = 0.23573462516069413
Training loss on iteration 200 = 0.27537240386009215
Training loss on iteration 220 = 0.22076670164242387
Training loss on iteration 240 = 0.23831895096227526
Training loss on iteration 260 = 0.28874320406466725
Training loss on iteration 280 = 0.21148408409208058
Training loss on iteration 300 = 0.2570934223011136
Training loss on iteration 320 = 0.17239554561674594
Training loss on iteration 340 = 0.18352213026955724
Training loss on iteration 360 = 0.13978422223590314
Training loss on iteration 380 = 0.1698283911217004
Training loss on iteration 400 = 0.40137437265366316
Training loss on iteration 420 = 0.3764624508097768
Training loss on iteration 440 = 0.27074705362319945
Training loss on iteration 460 = 0.22047314690425993
Training loss on iteration 480 = 0.20605042499955745
Training loss on iteration 500 = 0.3747613986954093
Training loss on iteration 520 = 0.1666546270949766
Training loss on iteration 540 = 0.20127825466915966
Training loss on iteration 560 = 0.21125986794941126
Training loss on iteration 580 = 0.18535476187244057
Training loss on iteration 600 = 0.18909754659980535
Training loss on iteration 620 = 0.27693337788805367
Training loss on iteration 640 = 0.20001887178514152
Training loss on iteration 660 = 0.3500966706313193
Training loss on iteration 680 = 0.4009773128898814
Training loss on iteration 700 = 0.16049633962102233
Training loss on iteration 720 = 0.22058527078479528
Training loss on iteration 740 = 0.2269451512955129
Training loss on iteration 760 = 0.18844293185975403
Training loss on iteration 780 = 0.2968056083191186
Training loss on iteration 800 = 0.29270862580742685
Training loss on iteration 820 = 0.21170503867324442
Training loss on iteration 840 = 0.21095830388367176
Training loss on iteration 860 = 0.2443599664606154
Training loss on iteration 880 = 0.30071373693645
Training loss on iteration 900 = 0.15498602496227248
Training loss on iteration 920 = 0.23987445989623665
Training loss on iteration 940 = 0.307680806517601
Training loss on iteration 960 = 0.27682055104523895
Training loss on iteration 980 = 0.18345506209880114
Training loss on iteration 1000 = 0.1552954631857574
Training loss on iteration 1020 = 0.07217008406296373
Training loss on iteration 1040 = 0.14112604860711145
Training loss on iteration 1060 = 0.2830185294151306
Training loss on iteration 1080 = 0.17257303958758713
Training loss on iteration 1100 = 0.18860577765153722
Training loss on iteration 1120 = 0.24692352777929044
Training loss on iteration 1140 = 0.40804299218580126
Training loss on iteration 1160 = 0.32162956818938254
Training loss on iteration 1180 = 0.40225333999842405
Training loss on iteration 1200 = 0.3599139418452978
Training loss on iteration 1220 = 0.36142991213127973
Training loss on iteration 1240 = 0.20688854698091746
Training loss on iteration 1260 = 0.20492437593638896
Training loss on iteration 1280 = 0.14905616831965746
Training loss on iteration 1300 = 0.17783421762287616
Training loss on iteration 1320 = 0.24496993040665985
Training loss on iteration 1340 = 0.21755925924517214
Training loss on iteration 1360 = 0.19865874983370305
Training loss on iteration 1380 = 0.2944494239985943
Training loss on iteration 1400 = 0.18757470180280506
Training loss on iteration 1420 = 0.23864357070997358
Training loss on iteration 1440 = 0.3199606348760426
Training loss on iteration 1460 = 0.31594545748084785
Training loss on iteration 1480 = 0.1523731435649097
Training loss on iteration 1500 = 0.22426751628518105
Training loss on iteration 1520 = 0.2693759424611926
Training loss on iteration 1540 = 0.3364091407507658
Training loss on iteration 1560 = 0.36746496614068747
Training loss on iteration 1580 = 0.28232342656701803
Training loss on iteration 1600 = 0.1562882425263524
Training loss on iteration 1620 = 0.2664825165644288
Training loss on iteration 1640 = 0.15585363691207021
Training loss on iteration 1660 = 0.19250589245930314
Training loss on iteration 1680 = 0.23566741179674863
Training loss on iteration 1700 = 0.2974136333912611
Training loss on iteration 1720 = 0.3266242079436779
Training loss on iteration 1740 = 0.22538250405341387
Training loss on iteration 1760 = 0.17035387763753534
Training loss on iteration 1780 = 0.1717107867822051
Training loss on iteration 1800 = 0.23393471757881343
Training loss on iteration 1820 = 0.37366719301789997
Training loss on iteration 1840 = 0.19634267706423997
Training loss on iteration 1860 = 0.26373806609772144
Training loss on iteration 1880 = 0.3053994025103748
Training loss on iteration 1900 = 0.3707763746380806
Training loss on iteration 1920 = 0.1854855741839856
Training loss on iteration 1940 = 0.45364320126827806
Training loss on iteration 1960 = 0.4032903814688325
Training loss on iteration 1980 = 0.5585352465510368
Training loss on iteration 2000 = 0.24120397898368537
Training loss on iteration 2020 = 0.2619624967686832
Training loss on iteration 2040 = 0.31441759783774614
Training loss on iteration 2060 = 0.249471053481102
Training loss on iteration 2080 = 0.34236675668507816
Training loss on iteration 2100 = 0.47098242565989495
Training loss on iteration 2120 = 0.33807648848742244
Training loss on iteration 2140 = 0.2135993261821568
Training loss on iteration 2160 = 0.33633242095820604
Training loss on iteration 2180 = 0.542089089564979
Training loss on iteration 2200 = 0.2753240242600441
Training loss on iteration 2220 = 0.2339248962700367
Training loss on iteration 2240 = 0.24945190572179854
Training loss on iteration 2260 = 0.2603501043282449
Training loss on iteration 2280 = 0.3586536625865847
Training loss on iteration 2300 = 0.4160317910835147
Training loss on iteration 2320 = 0.4363600738812238
Training loss on iteration 2340 = 0.3100818820297718
Training loss on iteration 2360 = 0.3452133644372225
Training loss on iteration 2380 = 0.3890828087925911
Training loss on iteration 2400 = 0.5341921461746096
Training loss on iteration 2420 = 0.44442810826003554
Training loss on iteration 2440 = 0.3992345280945301
Training loss on iteration 2460 = 0.34722097739577296
Training loss on iteration 2480 = 0.2793191412463784
Training loss on iteration 2500 = 0.3665159187279642
Training loss on iteration 2520 = 0.3202312205918133
Training loss on iteration 2540 = 0.3157993942499161
Training loss on iteration 2560 = 0.5218279421329498
Training loss on iteration 2580 = 0.2820366588421166
### EVAL:: Epoch 11:: Loss = 0.3348613265819194 :: ACC = 0.8708555055259927, AUC = 0.9738244835294239, EER = 0.08145722472370037
Training on epoch 12
Training loss on iteration 0 = 0.2894511818885803
Training loss on iteration 20 = 0.2170520200394094
Training loss on iteration 40 = 0.4199923725798726
Training loss on iteration 60 = 0.3465785328298807
Training loss on iteration 80 = 0.22987176515161992
Training loss on iteration 100 = 0.2660302366130054
Training loss on iteration 120 = 0.2514713373035192
Training loss on iteration 140 = 0.3990746224299073
Training loss on iteration 160 = 0.3700102724134922
Training loss on iteration 180 = 0.25669727306813
Training loss on iteration 200 = 0.3217393284197897
Training loss on iteration 220 = 0.24742776788771154
Training loss on iteration 240 = 0.21364502171054484
Training loss on iteration 260 = 0.21929428372532128
Training loss on iteration 280 = 0.3377896647900343
Training loss on iteration 300 = 0.3391415361315012
Training loss on iteration 320 = 0.25881178472191096
Training loss on iteration 340 = 0.3196048839017749
Training loss on iteration 360 = 0.42327250689268114
Training loss on iteration 380 = 0.30486380606889724
Training loss on iteration 400 = 0.2964884886518121
Training loss on iteration 420 = 0.28154412992298605
Training loss on iteration 440 = 0.19012069506570697
Training loss on iteration 460 = 0.1920598077122122
Training loss on iteration 480 = 0.22895302064716816
Training loss on iteration 500 = 0.3742869146168232
Training loss on iteration 520 = 0.20742240585386754
Training loss on iteration 540 = 0.2376316696871072
Training loss on iteration 560 = 0.29809139743447305
Training loss on iteration 580 = 0.28790823405142874
Training loss on iteration 600 = 0.2525900773704052
Training loss on iteration 620 = 0.26841749586164954
Training loss on iteration 640 = 0.20933768590912222
Training loss on iteration 660 = 0.2796514622401446
Training loss on iteration 680 = 0.18975177705287932
Training loss on iteration 700 = 0.18095765253528953
Training loss on iteration 720 = 0.3024865391431376
Training loss on iteration 740 = 0.29663536194711926
Training loss on iteration 760 = 0.2422150772996247
Training loss on iteration 780 = 0.27961769253015517
Training loss on iteration 800 = 0.21606033630669116
Training loss on iteration 820 = 0.26054220399819317
Training loss on iteration 840 = 0.2233746455051005
Training loss on iteration 860 = 0.2735446015372872
Training loss on iteration 880 = 0.19412603066302836
Training loss on iteration 900 = 0.2450830823276192
Training loss on iteration 920 = 0.2873710313811898
Training loss on iteration 940 = 0.21860047285445033
Training loss on iteration 960 = 0.2818721546733286
Training loss on iteration 980 = 0.2910333818756044
Training loss on iteration 1000 = 0.20486775329336523
Training loss on iteration 1020 = 0.18033711854368448
Training loss on iteration 1040 = 0.189344426500611
Training loss on iteration 1060 = 0.17188979336060584
Training loss on iteration 1080 = 0.2971165683120489
Training loss on iteration 1100 = 0.2216954816132784
Training loss on iteration 1120 = 0.2322754621040076
Training loss on iteration 1140 = 0.2548232112079859
Training loss on iteration 1160 = 0.16385261649265886
Training loss on iteration 1180 = 0.19996302723884582
Training loss on iteration 1200 = 0.29869177639484407
Training loss on iteration 1220 = 0.16977659752592444
Training loss on iteration 1240 = 0.18651130930520593
Training loss on iteration 1260 = 0.23157076102215796
Training loss on iteration 1280 = 0.19139241371303797
Training loss on iteration 1300 = 0.24873694758862258
Training loss on iteration 1320 = 0.20751927383244037
Training loss on iteration 1340 = 0.3398943228647113
Training loss on iteration 1360 = 0.20577421858906747
Training loss on iteration 1380 = 0.23174889674410223
Training loss on iteration 1400 = 0.28243818432092666
Training loss on iteration 1420 = 0.2780824776738882
Training loss on iteration 1440 = 0.3420690972357988
Training loss on iteration 1460 = 0.2261229431256652
Training loss on iteration 1480 = 0.22635644841939212
Training loss on iteration 1500 = 0.34958275835961106
Training loss on iteration 1520 = 0.38531110039912164
Training loss on iteration 1540 = 0.34104569163173437
Training loss on iteration 1560 = 0.7091754524037241
Training loss on iteration 1580 = 0.42755243442952634
Training loss on iteration 1600 = 0.18651807513087987
Training loss on iteration 1620 = 0.2917571791447699
Training loss on iteration 1640 = 0.21517274882644416
Training loss on iteration 1660 = 0.31860689725726843
Training loss on iteration 1680 = 0.2693908357061446
Training loss on iteration 1700 = 0.2730197893455625
Training loss on iteration 1720 = 0.22105148108676076
Training loss on iteration 1740 = 0.2843055767938495
Training loss on iteration 1760 = 0.15171904657036067
Training loss on iteration 1780 = 0.46459290022030475
Training loss on iteration 1800 = 0.26750887297093867
Training loss on iteration 1820 = 0.2940288413316011
Training loss on iteration 1840 = 0.39763105306774377
Training loss on iteration 1860 = 0.224600544013083
Training loss on iteration 1880 = 0.20436875941231847
Training loss on iteration 1900 = 0.2282915558316745
Training loss on iteration 1920 = 0.2515241806395352
Training loss on iteration 1940 = 0.33837891165167094
Training loss on iteration 1960 = 0.2849608276039362
Training loss on iteration 1980 = 0.44569948185235264
Training loss on iteration 2000 = 0.2536746999248862
Training loss on iteration 2020 = 0.37850325703620913
Training loss on iteration 2040 = 0.2700751577503979
Training loss on iteration 2060 = 0.2405182530172169
Training loss on iteration 2080 = 0.19599329466000198
Training loss on iteration 2100 = 0.19823165354318917
Training loss on iteration 2120 = 0.3359540933743119
Training loss on iteration 2140 = 0.147007099352777
Training loss on iteration 2160 = 0.21824475293979048
Training loss on iteration 2180 = 0.24701528009027243
Training loss on iteration 2200 = 0.3214088398963213
Training loss on iteration 2220 = 0.19763942467980086
Training loss on iteration 2240 = 0.20371781419962645
Training loss on iteration 2260 = 0.14471916281618177
Training loss on iteration 2280 = 0.205038743885234
Training loss on iteration 2300 = 0.19331100517883898
Training loss on iteration 2320 = 0.19299398083239794
Training loss on iteration 2340 = 0.15314307305961847
Training loss on iteration 2360 = 0.11646428075619042
Training loss on iteration 2380 = 0.39530318407341836
Training loss on iteration 2400 = 0.20061016976833343
Training loss on iteration 2420 = 0.19122515358030795
Training loss on iteration 2440 = 0.18116495055146514
Training loss on iteration 2460 = 0.2819760460406542
Training loss on iteration 2480 = 0.17502460340037942
Training loss on iteration 2500 = 0.2517356558702886
Training loss on iteration 2520 = 0.2962256524711847
Training loss on iteration 2540 = 0.22822342650033534
Training loss on iteration 2560 = 0.30254391562193633
Training loss on iteration 2580 = 0.1552966202609241
### EVAL:: Epoch 12:: Loss = 0.28774434760607376 :: ACC = 0.8675808432255424, AUC = 0.9605720203697935, EER = 0.10560785918952108
Training on epoch 13
Training loss on iteration 0 = 1.1524235010147095
Training loss on iteration 20 = 0.3701862617395818
Training loss on iteration 40 = 0.23894423535093665
Training loss on iteration 60 = 0.2373434754088521
Training loss on iteration 80 = 0.25018758745864034
Training loss on iteration 100 = 0.33033779058605434
Training loss on iteration 120 = 0.25787507873028515
Training loss on iteration 140 = 0.19893933087587357
Training loss on iteration 160 = 0.41535508409142496
Training loss on iteration 180 = 0.2541560348123312
Training loss on iteration 200 = 0.248423320800066
Training loss on iteration 220 = 0.18134253267198802
Training loss on iteration 240 = 0.2209132284624502
Training loss on iteration 260 = 0.23484577601775528
Training loss on iteration 280 = 0.14119537808001043
Training loss on iteration 300 = 0.19089347161352635
Training loss on iteration 320 = 0.3189667967613786
Training loss on iteration 340 = 0.29777465770021083
Training loss on iteration 360 = 0.31893906062468885
Training loss on iteration 380 = 1.078242865204811
Training loss on iteration 400 = 0.6543022071011364
Training loss on iteration 420 = 0.7176196025684476
Training loss on iteration 440 = 0.7800880093127489
Training loss on iteration 460 = 0.39248496796935795
Training loss on iteration 480 = 0.7071715094149112
Training loss on iteration 500 = 0.4402034668251872
Training loss on iteration 520 = 0.5337037097662687
Training loss on iteration 540 = 0.40712507590651514
Training loss on iteration 560 = 0.22851359471678734
Training loss on iteration 580 = 0.3603194593451917
Training loss on iteration 600 = 0.22162649743258953
Training loss on iteration 620 = 0.23930508755147456
Training loss on iteration 640 = 0.5290064284577966
Training loss on iteration 660 = 0.3007469095289707
Training loss on iteration 680 = 0.1855107269017026
Training loss on iteration 700 = 0.20765995904803275
Training loss on iteration 720 = 0.20765475425869226
Training loss on iteration 740 = 0.18491454117465764
Training loss on iteration 760 = 0.13692425535991787
Training loss on iteration 780 = 0.2474598796106875
Training loss on iteration 800 = 0.362888550106436
Training loss on iteration 820 = 0.39835631088353696
Training loss on iteration 840 = 0.28548105638474225
Training loss on iteration 860 = 0.3970548890531063
Training loss on iteration 880 = 0.45212612561881543
Training loss on iteration 900 = 0.2520133931189775
Training loss on iteration 920 = 0.2821362305432558
Training loss on iteration 940 = 0.32374046742916107
Training loss on iteration 960 = 0.2977616247255355
Training loss on iteration 980 = 0.47819457948207855
Training loss on iteration 1000 = 0.25581942722201345
Training loss on iteration 1020 = 0.2396695157047361
Training loss on iteration 1040 = 0.2881188875064254
Training loss on iteration 1060 = 0.34748470280319455
Training loss on iteration 1080 = 0.35125884786248207
Training loss on iteration 1100 = 0.3606679355725646
Training loss on iteration 1120 = 0.35090017076581714
Training loss on iteration 1140 = 0.40556094367057083
Training loss on iteration 1160 = 0.3625926498323679
Training loss on iteration 1180 = 0.30493371449410916
Training loss on iteration 1200 = 0.47195261642336844
Training loss on iteration 1220 = 0.3038463320583105
Training loss on iteration 1240 = 0.5403266310691833
Training loss on iteration 1260 = 0.4358385894447565
Training loss on iteration 1280 = 0.26864058449864386
Training loss on iteration 1300 = 0.2737188939005136
Training loss on iteration 1320 = 0.31863407548516987
Training loss on iteration 1340 = 0.2790841829031706
Training loss on iteration 1360 = 0.36520679071545603
Training loss on iteration 1380 = 0.19467848129570484
Training loss on iteration 1400 = 0.3209710031747818
Training loss on iteration 1420 = 0.3042402258142829
Training loss on iteration 1440 = 0.36652256092056634
Training loss on iteration 1460 = 0.270737823843956
Training loss on iteration 1480 = 0.35622696701902895
Training loss on iteration 1500 = 0.3088616166263819
Training loss on iteration 1520 = 0.43244275227189066
Training loss on iteration 1540 = 0.31789571344852446
Training loss on iteration 1560 = 0.270795327052474
Training loss on iteration 1580 = 0.29578963704407213
Training loss on iteration 1600 = 0.29438531026244164
Training loss on iteration 1620 = 0.30642093140631915
Training loss on iteration 1640 = 0.2052808329463005
Training loss on iteration 1660 = 0.22267684903927148
Training loss on iteration 1680 = 0.2911897014826536
Training loss on iteration 1700 = 0.19753959625959397
Training loss on iteration 1720 = 0.1740048394538462
Training loss on iteration 1740 = 0.22443792284466327
Training loss on iteration 1760 = 0.28508690018206834
Training loss on iteration 1780 = 0.3409718287875876
Training loss on iteration 1800 = 0.19310374911874534
Training loss on iteration 1820 = 0.16945799412205814
Training loss on iteration 1840 = 0.20762768692802638
Training loss on iteration 1860 = 0.3738461244851351
Training loss on iteration 1880 = 0.2647302905097604
Training loss on iteration 1900 = 0.639845080440864
Training loss on iteration 1920 = 0.31098263105377555
Training loss on iteration 1940 = 0.36666657477617265
Training loss on iteration 1960 = 0.1975524349603802
Training loss on iteration 1980 = 0.5564630694687367
Training loss on iteration 2000 = 0.2628010958433151
Training loss on iteration 2020 = 0.2873735519126058
Training loss on iteration 2040 = 0.3896134520880878
Training loss on iteration 2060 = 0.38627360966056584
Training loss on iteration 2080 = 0.4488448426127434
Training loss on iteration 2100 = 0.3859416151419282
Training loss on iteration 2120 = 0.35880808886140586
Training loss on iteration 2140 = 0.2547409400343895
Training loss on iteration 2160 = 0.2545259682461619
Training loss on iteration 2180 = 0.320506564155221
Training loss on iteration 2200 = 0.37762990072369573
Training loss on iteration 2220 = 0.2114340651780367
Training loss on iteration 2240 = 0.2070953062735498
Training loss on iteration 2260 = 0.3385379210114479
Training loss on iteration 2280 = 0.2370109846815467
Training loss on iteration 2300 = 0.4224750413559377
Training loss on iteration 2320 = 0.3259810581803322
Training loss on iteration 2340 = 0.22819291930645705
Training loss on iteration 2360 = 0.346155384555459
Training loss on iteration 2380 = 0.22128966879099607
Training loss on iteration 2400 = 0.2016649312339723
Training loss on iteration 2420 = 0.3110580423846841
Training loss on iteration 2440 = 0.22446152260527014
Training loss on iteration 2460 = 0.30191542133688926
Training loss on iteration 2480 = 0.31623834520578387
Training loss on iteration 2500 = 0.27736136354506014
Training loss on iteration 2520 = 0.398739000223577
Training loss on iteration 2540 = 0.36173407211899755
Training loss on iteration 2560 = 0.2511509606614709
Training loss on iteration 2580 = 0.4187123796902597
### EVAL:: Epoch 13:: Loss = 0.1966767636173479 :: ACC = 0.9212034383954155, AUC = 0.8848257671554923, EER = 0.1977077363896848
Training on epoch 14
Training loss on iteration 0 = 0.282562792301178
Training loss on iteration 20 = 0.22660179920494555
Training loss on iteration 40 = 0.3403433534316719
Training loss on iteration 60 = 0.40622658729553224
Training loss on iteration 80 = 0.2598890133202076
Training loss on iteration 100 = 0.18921386655420064
Training loss on iteration 120 = 0.2188324887305498
Training loss on iteration 140 = 0.23575401095440612
Training loss on iteration 160 = 0.37657291181385516
Training loss on iteration 180 = 0.24498949348926544
Training loss on iteration 200 = 0.25351865608245133
Training loss on iteration 220 = 0.24218078460544348
Training loss on iteration 240 = 0.3313725257758051
Training loss on iteration 260 = 0.554517387971282
Training loss on iteration 280 = 0.33131782300770285
Training loss on iteration 300 = 0.3850191095843911
Training loss on iteration 320 = 0.14751838080119342
Training loss on iteration 340 = 0.3807667477056384
Training loss on iteration 360 = 0.3726377584040165
Training loss on iteration 380 = 0.43471895447000863
Training loss on iteration 400 = 0.4048143081367016
Training loss on iteration 420 = 0.24913483150303364
Training loss on iteration 440 = 0.23165788725018502
Training loss on iteration 460 = 0.23779936647042632
Training loss on iteration 480 = 0.3433604042977095
Training loss on iteration 500 = 0.2647307699546218
Training loss on iteration 520 = 0.2646075826138258
Training loss on iteration 540 = 0.21512584201991558
Training loss on iteration 560 = 0.36311942329630253
Training loss on iteration 580 = 0.30684450948610903
Training loss on iteration 600 = 0.21228691134601832
Training loss on iteration 620 = 0.3247373302059714
Training loss on iteration 640 = 0.21139618344604968
Training loss on iteration 660 = 0.2923771163448691
Training loss on iteration 680 = 0.27514338344335554
Training loss on iteration 700 = 0.1940413409844041
Training loss on iteration 720 = 0.23162559764459728
Training loss on iteration 740 = 0.3395365665666759
Training loss on iteration 760 = 0.17574297524988652
Training loss on iteration 780 = 0.24838387090712785
Training loss on iteration 800 = 0.23469992000609635
Training loss on iteration 820 = 0.27762101450935006
Training loss on iteration 840 = 0.28591717858798804
Training loss on iteration 860 = 0.20085654174908996
Training loss on iteration 880 = 0.18572930470108986
Training loss on iteration 900 = 0.3298093857243657
Training loss on iteration 920 = 0.33185895029455426
Training loss on iteration 940 = 0.29910045797005297
Training loss on iteration 960 = 0.3808590117841959
Training loss on iteration 980 = 0.2991366719827056
Training loss on iteration 1000 = 0.2850781409069896
Training loss on iteration 1020 = 0.25758811086416245
Training loss on iteration 1040 = 0.39769799299538133
Training loss on iteration 1060 = 1.010858062468469
Training loss on iteration 1080 = 0.2887275547720492
Training loss on iteration 1100 = 0.2090351730119437
Training loss on iteration 1120 = 0.2947220108937472
Training loss on iteration 1140 = 0.22452014666050674
Training loss on iteration 1160 = 0.2843211704865098
Training loss on iteration 1180 = 0.29940220825374125
Training loss on iteration 1200 = 0.31179236993193626
Training loss on iteration 1220 = 0.23315932042896748
Training loss on iteration 1240 = 0.2545856133103371
Training loss on iteration 1260 = 0.24370372667908669
Training loss on iteration 1280 = 0.33356473296880723
Training loss on iteration 1300 = 0.34398706667125223
Training loss on iteration 1320 = 0.29820454409345987
Training loss on iteration 1340 = 0.34735558535903693
Training loss on iteration 1360 = 0.42957319524139165
Training loss on iteration 1380 = 0.31602396368980407
Training loss on iteration 1400 = 0.3111101433634758
Training loss on iteration 1420 = 0.21878327736631037
Training loss on iteration 1440 = 0.222295989561826
Training loss on iteration 1460 = 0.249117201869376
Training loss on iteration 1480 = 0.1644157303031534
Training loss on iteration 1500 = 0.5389511467888951
Training loss on iteration 1520 = 0.33772654328495266
Training loss on iteration 1540 = 0.3148251517675817
Training loss on iteration 1560 = 0.2761256806086749
Training loss on iteration 1580 = 0.29460069425404073
Training loss on iteration 1600 = 0.24341120030730962
Training loss on iteration 1620 = 0.5170314336195588
Training loss on iteration 1640 = 0.409474528208375
Training loss on iteration 1660 = 0.24140794733539223
Training loss on iteration 1680 = 0.2997210367117077
Training loss on iteration 1700 = 0.19658954651094973
Training loss on iteration 1720 = 0.20200716480612754
Training loss on iteration 1740 = 0.30396008188836277
Training loss on iteration 1760 = 0.28509502187371255
Training loss on iteration 1780 = 0.46166022419929503
Training loss on iteration 1800 = 0.30607521366328
Training loss on iteration 1820 = 0.45475246347486975
Training loss on iteration 1840 = 0.34097576132044194
Training loss on iteration 1860 = 0.21426190081983804
Training loss on iteration 1880 = 0.2752809809520841
Training loss on iteration 1900 = 0.23705672807991504
Training loss on iteration 1920 = 0.3042258944362402
Training loss on iteration 1940 = 0.46580167636275294
Training loss on iteration 1960 = 0.3850048266351223
Training loss on iteration 1980 = 0.2725792020559311
Training loss on iteration 2000 = 0.3216177124530077
Training loss on iteration 2020 = 0.34112392999231816
Training loss on iteration 2040 = 0.3694485634565353
Training loss on iteration 2060 = 0.32547522578388455
Training loss on iteration 2080 = 0.2280013917479664
Training loss on iteration 2100 = 0.1425356744788587
Training loss on iteration 2120 = 0.18868973982753232
Training loss on iteration 2140 = 0.3184779266826808
Training loss on iteration 2160 = 0.3273374242708087
Training loss on iteration 2180 = 0.2122040130198002
Training loss on iteration 2200 = 0.2667804056312889
Training loss on iteration 2220 = 0.21521984422579407
Training loss on iteration 2240 = 0.34426772221922874
Training loss on iteration 2260 = 0.25532546564936637
Training loss on iteration 2280 = 0.22738175000995398
Training loss on iteration 2300 = 0.35339998714625837
Training loss on iteration 2320 = 0.26332652363926173
Training loss on iteration 2340 = 0.18009347785264254
Training loss on iteration 2360 = 0.14939031682442874
Training loss on iteration 2380 = 0.20768548175692558
Training loss on iteration 2400 = 0.2829257255420089
Training loss on iteration 2420 = 0.19004666125401853
Training loss on iteration 2440 = 0.3622718601953238
Training loss on iteration 2460 = 0.6942972427234053
Training loss on iteration 2480 = 0.3928815992549062
Training loss on iteration 2500 = 0.40258526224642993
Training loss on iteration 2520 = 0.26542235519737006
Training loss on iteration 2540 = 0.20598663175478577
Training loss on iteration 2560 = 0.35851429477334024
Training loss on iteration 2580 = 0.34075529389083387
### EVAL:: Epoch 14:: Loss = 0.144557350927941 :: ACC = 0.9445354072861236, AUC = 0.9710410875953734, EER = 0.08186655751125665
Training on epoch 15
Training loss on iteration 0 = 0.15224957466125488
Training loss on iteration 20 = 0.35255598090589046
Training loss on iteration 40 = 0.19026943482458591
Training loss on iteration 60 = 0.14055051908362656
Training loss on iteration 80 = 0.2025237830588594
Training loss on iteration 100 = 0.1853654640726745
Training loss on iteration 120 = 0.30359129002317786
Training loss on iteration 140 = 0.31778479274362326
Training loss on iteration 160 = 0.15093361758626997
Training loss on iteration 180 = 0.1932184468023479
Training loss on iteration 200 = 0.3059864778071642
Training loss on iteration 220 = 0.21143318181857468
Training loss on iteration 240 = 0.272650788212195
Training loss on iteration 260 = 0.36980909276753665
Training loss on iteration 280 = 0.24306871015578507
Training loss on iteration 300 = 0.29711753502488136
Training loss on iteration 320 = 0.32531608529388906
Training loss on iteration 340 = 0.1935842108912766
Training loss on iteration 360 = 0.35280198100954296
Training loss on iteration 380 = 0.20071378769353032
Training loss on iteration 400 = 0.40835068011656406
Training loss on iteration 420 = 0.26137032452970743
Training loss on iteration 440 = 0.24542177719995378
Training loss on iteration 460 = 0.21007269024848937
Training loss on iteration 480 = 0.3069210484623909
Training loss on iteration 500 = 0.21256574224680663
Training loss on iteration 520 = 0.2862367320805788
Training loss on iteration 540 = 0.27796713216230273
Training loss on iteration 560 = 0.35843621343374255
Training loss on iteration 580 = 0.19564793235622346
Training loss on iteration 600 = 0.25180583535693585
Training loss on iteration 620 = 0.25737357982434333
Training loss on iteration 640 = 0.2737046883441508
Training loss on iteration 660 = 0.3943988271057606
Training loss on iteration 680 = 0.24526067953556777
Training loss on iteration 700 = 0.24479922596365214
Training loss on iteration 720 = 0.25033455034717916
Training loss on iteration 740 = 0.21100304247811436
Training loss on iteration 760 = 0.319120319141075
Training loss on iteration 780 = 0.3923320448026061
Training loss on iteration 800 = 0.26686581298708917
Training loss on iteration 820 = 0.0703146340791136
Training loss on iteration 840 = 0.19350726783741265
Training loss on iteration 860 = 0.39109361595474185
Training loss on iteration 880 = 0.3281587677076459
Training loss on iteration 900 = 0.390269763674587
Training loss on iteration 920 = 0.37708388920873404
Training loss on iteration 940 = 0.20366096571087838
Training loss on iteration 960 = 0.212560223788023
Training loss on iteration 980 = 0.34081404507160185
Training loss on iteration 1000 = 0.1985360777936876
Training loss on iteration 1020 = 0.22623210633173585
Training loss on iteration 1040 = 0.31613966450095177
Training loss on iteration 1060 = 0.19357918724417686
Training loss on iteration 1080 = 0.36703590806573627
Training loss on iteration 1100 = 0.26181770395487547
Training loss on iteration 1120 = 0.28763072355650365
Training loss on iteration 1140 = 0.31492274878546594
Training loss on iteration 1160 = 0.15994231086224317
Training loss on iteration 1180 = 0.33958893837407234
Training loss on iteration 1200 = 0.2584676580503583
Training loss on iteration 1220 = 0.21218205317854882
Training loss on iteration 1240 = 0.18010748811066152
Training loss on iteration 1260 = 0.20677818059921266
Training loss on iteration 1280 = 0.37753785476088525
Training loss on iteration 1300 = 0.22156207100488245
Training loss on iteration 1320 = 0.3305334584787488
Training loss on iteration 1340 = 0.20641527138650417
Training loss on iteration 1360 = 0.21146321725100278
Training loss on iteration 1380 = 0.13874266152270137
Training loss on iteration 1400 = 0.4624558543786407
Training loss on iteration 1420 = 0.24939885241910814
Training loss on iteration 1440 = 0.2884443836286664
Training loss on iteration 1460 = 0.3713235488161445
Training loss on iteration 1480 = 0.27479374278336766
Training loss on iteration 1500 = 0.1834011792205274
Training loss on iteration 1520 = 0.201888904068619
Training loss on iteration 1540 = 0.20300789852626622
Training loss on iteration 1560 = 0.22454608868574724
Training loss on iteration 1580 = 0.3978201922960579
Training loss on iteration 1600 = 0.27366345571354034
Training loss on iteration 1620 = 0.3751163355074823
Training loss on iteration 1640 = 0.2529367915354669
Training loss on iteration 1660 = 0.16861833266448228
Training loss on iteration 1680 = 0.23035182170569896
Training loss on iteration 1700 = 0.29966380819678307
Training loss on iteration 1720 = 0.1896494031883776
Training loss on iteration 1740 = 0.13702233526855706
Training loss on iteration 1760 = 0.16671277450222988
Training loss on iteration 1780 = 0.2386250153183937
Training loss on iteration 1800 = 0.17558081918396057
Training loss on iteration 1820 = 0.24096426139585675
Training loss on iteration 1840 = 0.43236943748779594
Training loss on iteration 1860 = 0.29797116564586756
Training loss on iteration 1880 = 0.2457112206146121
Training loss on iteration 1900 = 0.11758288781857118
Training loss on iteration 1920 = 0.31551192365586755
Training loss on iteration 1940 = 0.2367605078034103
Training loss on iteration 1960 = 0.32627445217221973
Training loss on iteration 1980 = 0.23896226584911345
Training loss on iteration 2000 = 0.12907729487633332
Training loss on iteration 2020 = 0.205675321968738
Training loss on iteration 2040 = 0.233905940502882
Training loss on iteration 2060 = 0.232947039231658
Training loss on iteration 2080 = 0.30114658628590407
Training loss on iteration 2100 = 0.3005691579543054
Training loss on iteration 2120 = 0.3800650133285671
Training loss on iteration 2140 = 0.5887375103309751
Training loss on iteration 2160 = 0.4301190685480833
Training loss on iteration 2180 = 0.5467817269265651
Training loss on iteration 2200 = 0.5547274254262448
Training loss on iteration 2220 = 1.1571067832410336
Training loss on iteration 2240 = 0.658997667953372
Training loss on iteration 2260 = 0.5778544142842292
Training loss on iteration 2280 = 0.662178012356162
Training loss on iteration 2300 = 0.2940901849418879
Training loss on iteration 2320 = 0.42738233022391797
Training loss on iteration 2340 = 0.29864197634160516
Training loss on iteration 2360 = 0.2454201065003872
Training loss on iteration 2380 = 0.19021125603467226
Training loss on iteration 2400 = 0.34351597130298617
Training loss on iteration 2420 = 0.27427294608205555
Training loss on iteration 2440 = 0.25091769378632306
Training loss on iteration 2460 = 0.325736365839839
Training loss on iteration 2480 = 0.2301678721792996
Training loss on iteration 2500 = 0.3685295060276985
Training loss on iteration 2520 = 0.24288578126579524
Training loss on iteration 2540 = 0.1992073379456997
Training loss on iteration 2560 = 0.1863099762238562
Training loss on iteration 2580 = 0.23088599918410183
### EVAL:: Epoch 15:: Loss = 0.2103780070684016 :: ACC = 0.9136307818256242, AUC = 0.8607434106720414, EER = 0.21735571019238642
Training on epoch 16
Training loss on iteration 0 = 0.18927308917045593
Training loss on iteration 20 = 0.23672515116631984
Training loss on iteration 40 = 0.2909986812621355
Training loss on iteration 60 = 0.3441613204777241
Training loss on iteration 80 = 0.3020312648266554
Training loss on iteration 100 = 0.1806945540010929
Training loss on iteration 120 = 0.5337328888475895
Training loss on iteration 140 = 0.26172151155769824
Training loss on iteration 160 = 0.2824131746776402
Training loss on iteration 180 = 0.35173625219613314
Training loss on iteration 200 = 0.4473349917680025
Training loss on iteration 220 = 0.3369066838175058
Training loss on iteration 240 = 0.2948505975306034
Training loss on iteration 260 = 0.28788633476942777
Training loss on iteration 280 = 0.3613887049257755
Training loss on iteration 300 = 0.2910041406750679
Training loss on iteration 320 = 0.3166763925459236
Training loss on iteration 340 = 0.34749569073319436
Training loss on iteration 360 = 0.3590386534109712
Training loss on iteration 380 = 0.23478306038305163
Training loss on iteration 400 = 0.20557282101362945
Training loss on iteration 420 = 0.25914138383232055
Training loss on iteration 440 = 0.20498389862477778
Training loss on iteration 460 = 0.26995092574506996
Training loss on iteration 480 = 0.24818761609494686
Training loss on iteration 500 = 0.37719451505690815
Training loss on iteration 520 = 0.25468306564725934
Training loss on iteration 540 = 0.36352897649630905
Training loss on iteration 560 = 0.3223772458732128
Training loss on iteration 580 = 0.30238768756389617
Training loss on iteration 600 = 0.3510849755257368
Training loss on iteration 620 = 0.37558927703648803
Training loss on iteration 640 = 0.2733024384826422
Training loss on iteration 660 = 0.26268451251089575
Training loss on iteration 680 = 0.44539662133902314
Training loss on iteration 700 = 0.3327292900532484
Training loss on iteration 720 = 0.37092502918094394
Training loss on iteration 740 = 0.29937116280198095
Training loss on iteration 760 = 0.25080287624150516
Training loss on iteration 780 = 0.38449383452534674
Training loss on iteration 800 = 0.2239424348808825
Training loss on iteration 820 = 0.2283025961369276
Training loss on iteration 840 = 0.20793846976011993
Training loss on iteration 860 = 0.1542110751848668
Training loss on iteration 880 = 0.2709495517425239
Training loss on iteration 900 = 0.44335013777017596
Training loss on iteration 920 = 0.342483339458704
Training loss on iteration 940 = 0.1459253430366516
Training loss on iteration 960 = 0.33977281250990926
Training loss on iteration 980 = 0.3526748903095722
Training loss on iteration 1000 = 0.2180113467387855
Training loss on iteration 1020 = 0.24849378336220979
Training loss on iteration 1040 = 0.31410894095897673
Training loss on iteration 1060 = 0.2556524746119976
Training loss on iteration 1080 = 0.24885013792663813
Training loss on iteration 1100 = 0.22542229481041431
Training loss on iteration 1120 = 0.236203308776021
Training loss on iteration 1140 = 0.41831144168972967
Training loss on iteration 1160 = 0.3094835299998522
Training loss on iteration 1180 = 0.2232347209006548
Training loss on iteration 1200 = 0.13883299892768264
Training loss on iteration 1220 = 0.19428836479783057
Training loss on iteration 1240 = 0.2544315378763713
Training loss on iteration 1260 = 0.13940769685432314
Training loss on iteration 1280 = 0.241848853090778
Training loss on iteration 1300 = 0.1879435982555151
Training loss on iteration 1320 = 0.24536844994872808
Training loss on iteration 1340 = 0.3133015253581107
Training loss on iteration 1360 = 0.3454854039475322
Training loss on iteration 1380 = 0.36997611038386824
Training loss on iteration 1400 = 0.28059407565742733
Training loss on iteration 1420 = 0.35635937117040156
Training loss on iteration 1440 = 0.3500376310199499
Training loss on iteration 1460 = 0.34695949014276267
Training loss on iteration 1480 = 0.23466118359938265
Training loss on iteration 1500 = 0.28433464653789997
Training loss on iteration 1520 = 0.19596602935343982
Training loss on iteration 1540 = 0.2920285532251
Training loss on iteration 1560 = 0.2474069457501173
Training loss on iteration 1580 = 0.26884192042052746
Training loss on iteration 1600 = 0.2956300763878971
Training loss on iteration 1620 = 0.2439537954516709
Training loss on iteration 1640 = 0.2363895384594798
Training loss on iteration 1660 = 0.327662630751729
Training loss on iteration 1680 = 0.23400067882612346
Training loss on iteration 1700 = 0.2546549410559237
Training loss on iteration 1720 = 0.2765237344428897
Training loss on iteration 1740 = 0.20545554468408228
Training loss on iteration 1760 = 0.18945205938071014
Training loss on iteration 1780 = 0.2422169134952128
Training loss on iteration 1800 = 0.25856235194951294
Training loss on iteration 1820 = 0.16594902724027633
Training loss on iteration 1840 = 0.3225544022396207
Training loss on iteration 1860 = 0.20832314807921648
Training loss on iteration 1880 = 0.1619971927255392
Training loss on iteration 1900 = 0.42384766824543474
Training loss on iteration 1920 = 0.21534251812845467
Training loss on iteration 1940 = 0.6259467558003962
Training loss on iteration 1960 = 0.2510987905785441
Training loss on iteration 1980 = 0.3886592014401685
Training loss on iteration 2000 = 0.7041827954351902
Training loss on iteration 2020 = 0.37355508636683227
Training loss on iteration 2040 = 0.19004243966192008
Training loss on iteration 2060 = 5.544604632258415
Training loss on iteration 2080 = 2.669655054807663
Training loss on iteration 2100 = 0.8677757278084754
Training loss on iteration 2120 = 0.519933046400547
Training loss on iteration 2140 = 0.8133435696363449
Training loss on iteration 2160 = 0.630949767306447
Training loss on iteration 2180 = 0.79436629191041
Training loss on iteration 2200 = 0.24412343855947255
Training loss on iteration 2220 = 0.2276271604001522
Training loss on iteration 2240 = 0.2474151598289609
Training loss on iteration 2260 = 0.3125706914812326
Training loss on iteration 2280 = 0.30671355603262784
Training loss on iteration 2300 = 0.21423674011602997
Training loss on iteration 2320 = 0.22204458080232142
Training loss on iteration 2340 = 0.36709053330123426
Training loss on iteration 2360 = 0.2849378570914268
Training loss on iteration 2380 = 0.2396611673757434
Training loss on iteration 2400 = 0.2349813382141292
Training loss on iteration 2420 = 0.4057261057198048
Training loss on iteration 2440 = 0.42653178703039885
Training loss on iteration 2460 = 0.2541115851141512
Training loss on iteration 2480 = 0.2458653585985303
Training loss on iteration 2500 = 0.2215854985639453
Training loss on iteration 2520 = 0.20725676845759153
Training loss on iteration 2540 = 0.23256256468594075
Training loss on iteration 2560 = 0.2616163333877921
Training loss on iteration 2580 = 0.22423672210425138
### EVAL:: Epoch 16:: Loss = 0.1702341552338599 :: ACC = 0.9361440851412198, AUC = 0.9299144522958074, EER = 0.14490380679492426
Training on epoch 17
Training loss on iteration 0 = 0.11125340312719345
Training loss on iteration 20 = 0.3415476433234289
Training loss on iteration 40 = 0.2892352804541588
Training loss on iteration 60 = 0.3411822410300374
Training loss on iteration 80 = 0.2634740697219968
Training loss on iteration 100 = 0.41084055677056314
Training loss on iteration 120 = 0.5600037241354585
Training loss on iteration 140 = 0.37816279479302467
Training loss on iteration 160 = 0.5553314618766307
Training loss on iteration 180 = 0.4209452740848064
Training loss on iteration 200 = 0.5155092895030975
Training loss on iteration 220 = 0.35169488918036224
Training loss on iteration 240 = 0.32713552098721266
Training loss on iteration 260 = 0.17391411159187556
Training loss on iteration 280 = 0.26693341713398694
Training loss on iteration 300 = 0.29064008258283136
Training loss on iteration 320 = 0.36035354249179363
Training loss on iteration 340 = 0.2719154547899961
Training loss on iteration 360 = 0.4126107424497604
Training loss on iteration 380 = 0.27463112883269786
Training loss on iteration 400 = 0.3302004110068083
Training loss on iteration 420 = 0.17528258422389625
Training loss on iteration 440 = 0.2494197217747569
Training loss on iteration 460 = 0.11581715950742363
Training loss on iteration 480 = 0.20599420750513672
Training loss on iteration 500 = 0.1975344347767532
Training loss on iteration 520 = 0.2603927496820688
Training loss on iteration 540 = 0.46316060279496013
Training loss on iteration 560 = 0.3107730821706355
Training loss on iteration 580 = 0.2757494240999222
Training loss on iteration 600 = 0.2028693040832877
Training loss on iteration 620 = 0.1776991056278348
Training loss on iteration 640 = 0.20888679586350917
Training loss on iteration 660 = 0.23762535713613034
Training loss on iteration 680 = 0.17023498490452765
Training loss on iteration 700 = 0.28175416896119715
Training loss on iteration 720 = 0.23625000091269613
Training loss on iteration 740 = 0.21823559552431107
Training loss on iteration 760 = 0.19295822251588107
Training loss on iteration 780 = 0.20195936919189988
Training loss on iteration 800 = 0.20041799144819378
Training loss on iteration 820 = 0.29955315329134463
Training loss on iteration 840 = 0.35290778893977404
Training loss on iteration 860 = 0.25255532916635276
Training loss on iteration 880 = 0.3504696397576481
Training loss on iteration 900 = 0.40938794109970333
Training loss on iteration 920 = 0.4734144076704979
Training loss on iteration 940 = 0.3016137912869453
Training loss on iteration 960 = 0.24640528466552497
Training loss on iteration 980 = 0.42691138871014117
Training loss on iteration 1000 = 0.17378723295405507
Training loss on iteration 1020 = 0.20998556683771313
Training loss on iteration 1040 = 0.2850871148519218
Training loss on iteration 1060 = 0.2970769351348281
Training loss on iteration 1080 = 0.20239565540105103
Training loss on iteration 1100 = 0.2455517548136413
Training loss on iteration 1120 = 0.23749299794435502
Training loss on iteration 1140 = 0.2189973032101989
Training loss on iteration 1160 = 0.21122650168836116
Training loss on iteration 1180 = 0.24185359785333277
Training loss on iteration 1200 = 0.3092737412080169
Training loss on iteration 1220 = 0.21957222828641534
Training loss on iteration 1240 = 0.22478689197450877
Training loss on iteration 1260 = 0.2029339024797082
Training loss on iteration 1280 = 0.3869664516299963
Training loss on iteration 1300 = 0.29626330118626354
Training loss on iteration 1320 = 0.2687940921634436
Training loss on iteration 1340 = 0.4862208728678524
Training loss on iteration 1360 = 0.4170403115451336
Training loss on iteration 1380 = 0.2502163385972381
Training loss on iteration 1400 = 0.2359507843852043
Training loss on iteration 1420 = 0.14162521101534367
Training loss on iteration 1440 = 0.32855965457856656
Training loss on iteration 1460 = 0.29614426419138906
Training loss on iteration 1480 = 0.15404067626222967
Training loss on iteration 1500 = 0.20317897144705058
Training loss on iteration 1520 = 0.145700928196311
Training loss on iteration 1540 = 0.18685958688147367
Training loss on iteration 1560 = 0.3091256399638951
Training loss on iteration 1580 = 0.19751677587628363
Training loss on iteration 1600 = 0.26454044952988626
Training loss on iteration 1620 = 0.2870893055573106
Training loss on iteration 1640 = 0.19146303785964847
Training loss on iteration 1660 = 0.24092212626710535
Training loss on iteration 1680 = 0.3738356988877058
Training loss on iteration 1700 = 0.453493070602417
Training loss on iteration 1720 = 0.24558126050978898
Training loss on iteration 1740 = 0.2049460165668279
Training loss on iteration 1760 = 0.24478152222000063
Training loss on iteration 1780 = 0.3613765867426991
Training loss on iteration 1800 = 0.22142839916050433
Training loss on iteration 1820 = 0.20932464704383164
Training loss on iteration 1840 = 0.2021790654398501
Training loss on iteration 1860 = 0.27708014138042925
Training loss on iteration 1880 = 0.20216553751379251
Training loss on iteration 1900 = 0.3361262515187263
Training loss on iteration 1920 = 0.21526812873780726
Training loss on iteration 1940 = 0.16727544846944511
Training loss on iteration 1960 = 0.3326702704653144
Training loss on iteration 1980 = 0.21997473905794324
Training loss on iteration 2000 = 0.2511842742562294
Training loss on iteration 2020 = 0.22126698400825262
Training loss on iteration 2040 = 0.14103310266509653
Training loss on iteration 2060 = 0.20779298148117958
Training loss on iteration 2080 = 0.163721130695194
Training loss on iteration 2100 = 0.28756337352097033
Training loss on iteration 2120 = 0.247809175029397
Training loss on iteration 2140 = 0.14879540177062153
Training loss on iteration 2160 = 0.30626522065140305
Training loss on iteration 2180 = 0.3417983021587133
Training loss on iteration 2200 = 0.2896996736526489
Training loss on iteration 2220 = 0.25555721782147883
Training loss on iteration 2240 = 0.18618566845543683
Training loss on iteration 2260 = 0.29049045844003557
Training loss on iteration 2280 = 0.20550208631902933
Training loss on iteration 2300 = 0.20810905303806065
Training loss on iteration 2320 = 0.1934695402160287
Training loss on iteration 2340 = 0.24099225020036102
Training loss on iteration 2360 = 0.2078375424258411
Training loss on iteration 2380 = 0.20952134407125414
Training loss on iteration 2400 = 0.2672526135109365
Training loss on iteration 2420 = 0.16046690298244357
Training loss on iteration 2440 = 0.27664735578000543
Training loss on iteration 2460 = 0.2861709812656045
Training loss on iteration 2480 = 0.2229466221295297
Training loss on iteration 2500 = 0.2760620003566146
Training loss on iteration 2520 = 0.20496927127242087
Training loss on iteration 2540 = 0.10585878049023449
Training loss on iteration 2560 = 0.34584034178406
Training loss on iteration 2580 = 0.26052788477391003
### EVAL:: Epoch 17:: Loss = 0.24875701666268726 :: ACC = 0.8956201391731478, AUC = 0.8169999274494077, EER = 0.2689316414244781
Training on epoch 18
Training loss on iteration 0 = 0.3055214285850525
Training loss on iteration 20 = 0.3169446559622884
Training loss on iteration 40 = 0.28227808913215996
Training loss on iteration 60 = 0.24814808899536728
Training loss on iteration 80 = 0.1767421742901206
Training loss on iteration 100 = 0.20020217415876687
Training loss on iteration 120 = 0.20597587879747153
Training loss on iteration 140 = 0.43687940388917923
Training loss on iteration 160 = 0.23371966537088157
Training loss on iteration 180 = 0.4046471823938191
Training loss on iteration 200 = 0.19122891556471586
Training loss on iteration 220 = 0.08263158027548342
Training loss on iteration 240 = 0.38704389333724976
Training loss on iteration 260 = 0.21135200206190347
Training loss on iteration 280 = 0.24603907931596042
Training loss on iteration 300 = 0.16350299771875143
Training loss on iteration 320 = 0.21113776192069053
Training loss on iteration 340 = 0.22029675687663258
Training loss on iteration 360 = 0.43359054578468204
Training loss on iteration 380 = 0.2048901107162237
Training loss on iteration 400 = 0.22036108849570155
Training loss on iteration 420 = 0.1784427970647812
Training loss on iteration 440 = 0.16855307696387173
Training loss on iteration 460 = 0.11789810918271541
Training loss on iteration 480 = 0.23998488252982497
Training loss on iteration 500 = 0.23024062309414148
Training loss on iteration 520 = 0.31407865788787603
Training loss on iteration 540 = 0.32829972710460426
Training loss on iteration 560 = 0.3751311212778091
Training loss on iteration 580 = 0.46022994816303253
Training loss on iteration 600 = 0.21860899664461614
Training loss on iteration 620 = 0.3220989441499114
Training loss on iteration 640 = 0.15238481732085346
Training loss on iteration 660 = 0.23958618873730303
Training loss on iteration 680 = 0.26227453649044036
Training loss on iteration 700 = 0.21581359445117415
Training loss on iteration 720 = 0.2544888036325574
Training loss on iteration 740 = 0.17069001318886876
Training loss on iteration 760 = 0.19908032757230104
Training loss on iteration 780 = 0.18113246839493513
Training loss on iteration 800 = 0.3203970391303301
Training loss on iteration 820 = 0.20211718557402492
Training loss on iteration 840 = 0.16633078502491117
Training loss on iteration 860 = 0.18421987909823656
Training loss on iteration 880 = 0.41505086943507197
Training loss on iteration 900 = 0.2483694690745324
Training loss on iteration 920 = 0.2035544172860682
Training loss on iteration 940 = 0.12958285338245332
Training loss on iteration 960 = 0.10246083233505487
Training loss on iteration 980 = 0.4247708335518837
Training loss on iteration 1000 = 0.23208577008917927
Training loss on iteration 1020 = 0.396937794610858
Training loss on iteration 1040 = 0.33187747965566816
Training loss on iteration 1060 = 0.3113498505204916
Training loss on iteration 1080 = 0.23216875307261944
Training loss on iteration 1100 = 0.17006798898801206
Training loss on iteration 1120 = 0.3171066947281361
Training loss on iteration 1140 = 0.22002084963023663
Training loss on iteration 1160 = 0.1223940837662667
Training loss on iteration 1180 = 0.3160091070458293
Training loss on iteration 1200 = 0.20827673375606537
Training loss on iteration 1220 = 0.3355264155194163
Training loss on iteration 1240 = 0.21803249679505826
Training loss on iteration 1260 = 0.19344429038465022
Training loss on iteration 1280 = 0.4024324784055352
Training loss on iteration 1300 = 0.16235879713203757
Training loss on iteration 1320 = 0.2709068040829152
Training loss on iteration 1340 = 0.1788166563026607
Training loss on iteration 1360 = 0.1409373645670712
Training loss on iteration 1380 = 0.2850998856243677
Training loss on iteration 1400 = 0.2057492968160659
Training loss on iteration 1420 = 0.2382281007245183
Training loss on iteration 1440 = 0.28634106665849685
Training loss on iteration 1460 = 0.19504304975271225
Training loss on iteration 1480 = 0.2504113911185414
Training loss on iteration 1500 = 0.2820634637027979
Training loss on iteration 1520 = 0.27992459922097623
Training loss on iteration 1540 = 0.1724576926557347
Training loss on iteration 1560 = 0.3564823450287804
Training loss on iteration 1580 = 0.4257829697802663
Training loss on iteration 1600 = 0.6037260520271956
Training loss on iteration 1620 = 0.20973395039327442
Training loss on iteration 1640 = 0.23579735038802027
Training loss on iteration 1660 = 0.3450666328892112
Training loss on iteration 1680 = 0.535798254609108
Training loss on iteration 1700 = 0.2188944375142455
Training loss on iteration 1720 = 0.20922545808425638
Training loss on iteration 1740 = 0.27113073044165503
Training loss on iteration 1760 = 0.13232465561013668
Training loss on iteration 1780 = 0.13743088020710276
Training loss on iteration 1800 = 0.287247652746737
Training loss on iteration 1820 = 0.21033722590655088
Training loss on iteration 1840 = 0.19818103474099188
Training loss on iteration 1860 = 0.31290890322998166
Training loss on iteration 1880 = 0.14546515927650033
Training loss on iteration 1900 = 0.15192646319046615
Training loss on iteration 1920 = 0.17920245435088872
Training loss on iteration 1940 = 0.28444844637997446
Training loss on iteration 1960 = 0.16010351246222854
Training loss on iteration 1980 = 0.15275522085139528
Training loss on iteration 2000 = 0.22938543893396854
Training loss on iteration 2020 = 0.20476857470348478
Training loss on iteration 2040 = 0.19728740259888583
Training loss on iteration 2060 = 0.18035007966682315
Training loss on iteration 2080 = 0.17252848064526916
Training loss on iteration 2100 = 0.23363208717200906
Training loss on iteration 2120 = 0.1764384620822966
Training loss on iteration 2140 = 0.1418175095692277
Training loss on iteration 2160 = 0.13871271875686944
Training loss on iteration 2180 = 0.08878571563400328
Training loss on iteration 2200 = 0.24488226542016492
Training loss on iteration 2220 = 0.25481672342866657
Training loss on iteration 2240 = 0.2314419443719089
Training loss on iteration 2260 = 0.20448080450296402
Training loss on iteration 2280 = 0.13545097452588378
Training loss on iteration 2300 = 0.156841262569651
Training loss on iteration 2320 = 0.2705339201726019
Training loss on iteration 2340 = 0.23651112467050553
Training loss on iteration 2360 = 0.15960529604926704
Training loss on iteration 2380 = 0.20339439909439533
Training loss on iteration 2400 = 0.2158491131849587
Training loss on iteration 2420 = 0.15668141107307748
Training loss on iteration 2440 = 0.25510119274258614
Training loss on iteration 2460 = 0.3173611372709274
Training loss on iteration 2480 = 0.25561922513879837
Training loss on iteration 2500 = 0.17090061777271331
Training loss on iteration 2520 = 0.21507190130650997
Training loss on iteration 2540 = 0.1876427131704986
Training loss on iteration 2560 = 0.2661373386159539
Training loss on iteration 2580 = 0.2520540067926049
### EVAL:: Epoch 18:: Loss = 0.8955011537643811 :: ACC = 0.7106017191977078, AUC = 0.8281160856391881, EER = 0.261563651248465
Training on epoch 19
Training loss on iteration 0 = 1.1897481679916382
Training loss on iteration 20 = 0.23989321198314428
Training loss on iteration 40 = 0.2001851758453995
Training loss on iteration 60 = 0.13382312189787626
Training loss on iteration 80 = 0.2608888424932957
Training loss on iteration 100 = 0.24271836644038558
Training loss on iteration 120 = 0.15154633787460625
Training loss on iteration 140 = 0.33698103241622446
Training loss on iteration 160 = 0.2815403121523559
Training loss on iteration 180 = 0.23785429494455457
Training loss on iteration 200 = 0.2677677753381431
Training loss on iteration 220 = 0.12122550439089537
Training loss on iteration 240 = 0.14996346202678978
Training loss on iteration 260 = 0.20334089775569736
Training loss on iteration 280 = 0.15442038797773422
Training loss on iteration 300 = 0.13089708816260098
Training loss on iteration 320 = 0.1785464519634843
Training loss on iteration 340 = 0.29781698661390693
Training loss on iteration 360 = 0.2926553093828261
Training loss on iteration 380 = 0.18273638472892345
Training loss on iteration 400 = 0.19620298836380243
Training loss on iteration 420 = 0.2612125605344772
Training loss on iteration 440 = 0.16752666914835573
Training loss on iteration 460 = 0.23802616531029344
Training loss on iteration 480 = 0.10596048766747117
Training loss on iteration 500 = 0.1979308974230662
Training loss on iteration 520 = 0.24693138813599944
Training loss on iteration 540 = 0.23949066996574403
Training loss on iteration 560 = 0.20728762904182077
Training loss on iteration 580 = 0.23855031430721282
Training loss on iteration 600 = 0.1328756794333458
Training loss on iteration 620 = 0.18529829597100617
Training loss on iteration 640 = 0.14923674920573832
Training loss on iteration 660 = 0.30066591617651284
Training loss on iteration 680 = 0.3974420247599483
Training loss on iteration 700 = 0.2697758275084198
Training loss on iteration 720 = 0.2231354967225343
Training loss on iteration 740 = 0.2115099178161472
Training loss on iteration 760 = 0.30953188249841335
Training loss on iteration 780 = 0.2529818483628333
Training loss on iteration 800 = 0.398618573800195
Training loss on iteration 820 = 0.41435142792179247
Training loss on iteration 840 = 0.2592240713536739
Training loss on iteration 860 = 0.17688465360552072
Training loss on iteration 880 = 0.23370855832472442
Training loss on iteration 900 = 0.24073987314477563
Training loss on iteration 920 = 0.18989224722608924
Training loss on iteration 940 = 0.2236998236272484
Training loss on iteration 960 = 0.2589053614996374
Training loss on iteration 980 = 0.1972891042008996
Training loss on iteration 1000 = 0.14639021391049029
Training loss on iteration 1020 = 0.25726784209255127
Training loss on iteration 1040 = 0.15795831192517654
Training loss on iteration 1060 = 0.2840562840458006
Training loss on iteration 1080 = 0.17216506339609622
Training loss on iteration 1100 = 0.25147558758035304
Training loss on iteration 1120 = 0.19609857527539135
Training loss on iteration 1140 = 0.1854552598670125
Training loss on iteration 1160 = 0.21365893920883536
Training loss on iteration 1180 = 0.10192803153768182
Training loss on iteration 1200 = 0.27179147200658915
Training loss on iteration 1220 = 0.39025275139138105
Training loss on iteration 1240 = 0.46183293806388975
Training loss on iteration 1260 = 0.5798512938432395
Training loss on iteration 1280 = 0.5746215779567138
Training loss on iteration 1300 = 0.4062832262541633
Training loss on iteration 1320 = 0.28991575799882413
Training loss on iteration 1340 = 0.2863037968520075
Training loss on iteration 1360 = 0.4057443863712251
Training loss on iteration 1380 = 0.2663819152861834
Training loss on iteration 1400 = 0.20301914503797888
Training loss on iteration 1420 = 0.2427757007535547
Training loss on iteration 1440 = 0.33241499699652194
Training loss on iteration 1460 = 0.2220163417980075
Training loss on iteration 1480 = 0.22137099979445338
Training loss on iteration 1500 = 0.19068172052502633
Training loss on iteration 1520 = 0.25204786183312533
Training loss on iteration 1540 = 0.17336002965457736
Training loss on iteration 1560 = 0.24732412975281476
Training loss on iteration 1580 = 0.27101293206214905
Training loss on iteration 1600 = 0.15261923366924748
Training loss on iteration 1620 = 0.28486138554289936
Training loss on iteration 1640 = 0.173891405435279
Training loss on iteration 1660 = 0.2148352016694844
Training loss on iteration 1680 = 0.17779786475002765
Training loss on iteration 1700 = 0.23165698312222957
Training loss on iteration 1720 = 0.15258252727799118
Training loss on iteration 1740 = 0.1713506200350821
Training loss on iteration 1760 = 0.11744677554816008
Training loss on iteration 1780 = 0.15374254039488733
Training loss on iteration 1800 = 0.23482003696262838
Training loss on iteration 1820 = 0.15783835491165518
Training loss on iteration 1840 = 0.20574171454645693
Training loss on iteration 1860 = 0.1427711240015924
Training loss on iteration 1880 = 0.08839547713287174
Training loss on iteration 1900 = 0.22515333420597017
Training loss on iteration 1920 = 0.24355426542460917
Training loss on iteration 1940 = 0.3986189584247768
Training loss on iteration 1960 = 0.18839139454066753
Training loss on iteration 1980 = 0.25254655480384824
Training loss on iteration 2000 = 0.147999561810866
Training loss on iteration 2020 = 0.29559503495693207
Training loss on iteration 2040 = 0.21489367140457033
Training loss on iteration 2060 = 0.3616240699775517
Training loss on iteration 2080 = 0.13179867323487998
Training loss on iteration 2100 = 0.1878134248778224
Training loss on iteration 2120 = 0.19070382746867837
Training loss on iteration 2140 = 0.21333527201786637
Training loss on iteration 2160 = 0.14878595396876335
Training loss on iteration 2180 = 0.1564938988070935
Training loss on iteration 2200 = 0.25641807219944895
Training loss on iteration 2220 = 0.25570121612399815
Training loss on iteration 2240 = 0.14939164656680076
Training loss on iteration 2260 = 0.2060809397138655
Training loss on iteration 2280 = 0.21424606728833168
Training loss on iteration 2300 = 0.22354928087443113
Training loss on iteration 2320 = 0.14672450413927435
Training loss on iteration 2340 = 0.17733476136345416
Training loss on iteration 2360 = 0.23478903733193873
Training loss on iteration 2380 = 0.20675811162218452
Training loss on iteration 2400 = 0.17395310662686825
Training loss on iteration 2420 = 0.19837749109137803
Training loss on iteration 2440 = 0.19007929416839034
Training loss on iteration 2460 = 0.1864259958267212
Training loss on iteration 2480 = 0.18399648197228088
Training loss on iteration 2500 = 0.14298870805650948
Training loss on iteration 2520 = 0.16285932580940427
Training loss on iteration 2540 = 0.21547821857966482
Training loss on iteration 2560 = 0.2190468494198285
Training loss on iteration 2580 = 0.1857733169570565
### EVAL:: Epoch 19:: Loss = 0.08366756053033592 :: ACC = 0.9695047073270568, AUC = 0.9830392465193727, EER = 0.0663119115841179
Training on epoch 20
Training loss on iteration 0 = 0.19811168313026428
Training loss on iteration 20 = 0.2022467023227364
Training loss on iteration 40 = 0.2353991600451991
Training loss on iteration 60 = 0.1423183701146627
Training loss on iteration 80 = 0.1752067339475616
Training loss on iteration 100 = 0.3765661784957047
Training loss on iteration 120 = 0.3095165423117578
Training loss on iteration 140 = 0.16449275184422732
Training loss on iteration 160 = 0.16279619159176945
Training loss on iteration 180 = 0.1616795050445944
Training loss on iteration 200 = 0.16629225062206388
Training loss on iteration 220 = 0.2399140102788806
Training loss on iteration 240 = 0.12105899639427661
Training loss on iteration 260 = 0.21471038524759933
Training loss on iteration 280 = 0.19346588430926204
Training loss on iteration 300 = 0.17796834709588438
Training loss on iteration 320 = 0.2729737127199769
Training loss on iteration 340 = 0.18876842316240072
Training loss on iteration 360 = 0.1847593031008728
Training loss on iteration 380 = 0.14068419602699578
Training loss on iteration 400 = 0.18274142746813596
Training loss on iteration 420 = 0.32305507829878477
Training loss on iteration 440 = 0.25387511029839516
Training loss on iteration 460 = 0.20266486299224198
Training loss on iteration 480 = 0.2718922305852175
Training loss on iteration 500 = 0.1658374949824065
Training loss on iteration 520 = 0.1521357307676226
Training loss on iteration 540 = 0.1097641009837389
Training loss on iteration 560 = 0.14443879909813404
Training loss on iteration 580 = 0.27640730477869513
Training loss on iteration 600 = 0.12492676968686282
Training loss on iteration 620 = 0.15361368192825467
Training loss on iteration 640 = 0.15888205203227698
Training loss on iteration 660 = 0.1976550307124853
Training loss on iteration 680 = 0.25953130119014534
Training loss on iteration 700 = 0.24674286488443614
Training loss on iteration 720 = 0.18656741604208946
Training loss on iteration 740 = 0.4437614807859063
Training loss on iteration 760 = 0.18598855095915495
Training loss on iteration 780 = 0.30441710385202897
Training loss on iteration 800 = 0.18901069150306285
Training loss on iteration 820 = 0.23693500994704664
Training loss on iteration 840 = 0.14787949016317725
Training loss on iteration 860 = 0.11549146822653711
Training loss on iteration 880 = 0.16489602606743575
Training loss on iteration 900 = 0.1987026924965903
Training loss on iteration 920 = 0.1709021684480831
Training loss on iteration 940 = 0.16575622614473104
Training loss on iteration 960 = 0.17107851877808572
Training loss on iteration 980 = 0.20114273606450297
Training loss on iteration 1000 = 0.12434039269573986
Training loss on iteration 1020 = 0.09448974811239168
Training loss on iteration 1040 = 0.19925053130718878
Training loss on iteration 1060 = 0.19977791019773578
Training loss on iteration 1080 = 0.13132021634373814
Training loss on iteration 1100 = 0.27139468733221295
Training loss on iteration 1120 = 0.28811541888862846
Training loss on iteration 1140 = 0.13119130400009454
Training loss on iteration 1160 = 0.199160763702821
Training loss on iteration 1180 = 0.31506093526259066
Training loss on iteration 1200 = 0.27795842485502364
Training loss on iteration 1220 = 0.1245918970060302
Training loss on iteration 1240 = 0.14155741864815355
Training loss on iteration 1260 = 0.17869110316969455
Training loss on iteration 1280 = 0.24296607372816653
Training loss on iteration 1300 = 0.1514312107115984
Training loss on iteration 1320 = 0.16472615152597428
Training loss on iteration 1340 = 0.23830550950951873
Training loss on iteration 1360 = 0.19057592134922743
Training loss on iteration 1380 = 0.2310660874703899
Training loss on iteration 1400 = 0.17291115447878838
Training loss on iteration 1420 = 0.1086631340906024
Training loss on iteration 1440 = 0.18260708705056458
Training loss on iteration 1460 = 0.17667094718199222
Training loss on iteration 1480 = 0.16085027949884534
Training loss on iteration 1500 = 0.27289748322218654
Training loss on iteration 1520 = 0.17235494144260882
Training loss on iteration 1540 = 0.19430264350958168
Training loss on iteration 1560 = 0.44164170529693364
Training loss on iteration 1580 = 0.23295349336694926
Training loss on iteration 1600 = 0.3231260460801423
Training loss on iteration 1620 = 0.27264472942915746
Training loss on iteration 1640 = 0.31595667789224535
Training loss on iteration 1660 = 0.22336858327034861
Training loss on iteration 1680 = 0.1635239134164294
Training loss on iteration 1700 = 0.24899359587579967
Training loss on iteration 1720 = 0.15742593947798014
Training loss on iteration 1740 = 0.11805293364450335
Training loss on iteration 1760 = 0.1778786415234208
Training loss on iteration 1780 = 0.25677563743665816
Training loss on iteration 1800 = 0.15749628152698278
Training loss on iteration 1820 = 0.2711578723043203
Training loss on iteration 1840 = 0.2656709895469248
Training loss on iteration 1860 = 0.18820052910596133
Training loss on iteration 1880 = 0.27159878495149314
Training loss on iteration 1900 = 0.3670051427558064
Training loss on iteration 1920 = 0.2740760023705661
Training loss on iteration 1940 = 0.18928345919121056
Training loss on iteration 1960 = 0.1920673804357648
Training loss on iteration 1980 = 0.22569876709021627
Training loss on iteration 2000 = 0.14448368046432733
Training loss on iteration 2020 = 0.17233751309104264
Training loss on iteration 2040 = 0.1560873555485159
Training loss on iteration 2060 = 0.13104507802054285
Training loss on iteration 2080 = 0.12052221954800188
Training loss on iteration 2100 = 0.1973043650505133
Training loss on iteration 2120 = 0.3348523724125698
Training loss on iteration 2140 = 0.20202097427099944
Training loss on iteration 2160 = 0.1995371381053701
Training loss on iteration 2180 = 0.15219336217269303
Training loss on iteration 2200 = 0.11198552125133573
Training loss on iteration 2220 = 0.16090995990671217
Training loss on iteration 2240 = 0.19796042870730163
Training loss on iteration 2260 = 0.17512577967718243
Training loss on iteration 2280 = 0.18582504256628454
Training loss on iteration 2300 = 0.20074661504477262
Training loss on iteration 2320 = 0.17427521697245538
Training loss on iteration 2340 = 0.1845154262613505
Training loss on iteration 2360 = 0.1958260470069945
Training loss on iteration 2380 = 0.19915360746672378
Training loss on iteration 2400 = 0.16240565750049427
Training loss on iteration 2420 = 0.06944360992638395
Training loss on iteration 2440 = 0.2721540909493342
Training loss on iteration 2460 = 0.20713186161592603
Training loss on iteration 2480 = 0.1951814614702016
Training loss on iteration 2500 = 0.18698597975308076
Training loss on iteration 2520 = 0.1660802562488243
Training loss on iteration 2540 = 0.15010665664449335
Training loss on iteration 2560 = 0.15858639834914356
Training loss on iteration 2580 = 0.190323417307809
### EVAL:: Epoch 20:: Loss = 0.4007642906755983 :: ACC = 0.8731068358575522, AUC = 0.9849925832518047, EER = 0.05935325419566107
### Out of domain:: Best epoch 2 :: ACC = 0.4941546762589928, AUC = 0.6042858159515553, EER = 0.44184652278177455
recorded: {'exp_name': 'ro_septr_r02', 'model': 'septr', 'train': 'commonvoice-ro', 'test': 'voxpopuli', 'in_acc': 0.9948833401555465, 'in_auc': 0.999925103661057, 'in_eer': 0.0036839950880065493, 'cross_acc': 0.4941546762589928, 'cross_auc': 0.6042858159515553, 'cross_eer': 0.44184652278177455}
root_path: /project/home/p201284/guo/xmad_data
multilingual: True  model check for config: /project/home/p201284/guo/xmad-bench-repro/repro_tools/stepB/configs_node2_ro/config_ro_septr.json

  OK  commonvoice-ro       rows=30820    sep=','
  OK  voxpopuli            rows=6672     sep=','

PRE-FLIGHT PASSED — data layout looks correct for this config.

=== RUN ro_septr_r03 (model=septr) ===
commonvoice-ro
commonvoice-ro
Training on epoch 1
Training loss on iteration 0 = 0.7878714799880981
Training loss on iteration 20 = 1.2290120035409928
Training loss on iteration 40 = 0.7805663198232651
Training loss on iteration 60 = 0.7370848000049591
Training loss on iteration 80 = 0.6644034028053284
Training loss on iteration 100 = 0.677898196876049
Training loss on iteration 120 = 0.6091253146529197
Training loss on iteration 140 = 0.591111472249031
Training loss on iteration 160 = 0.5444675013422966
Training loss on iteration 180 = 0.6550325632095337
Training loss on iteration 200 = 0.43043900206685065
Training loss on iteration 220 = 0.3973132062703371
Training loss on iteration 240 = 0.5023481823503971
Training loss on iteration 260 = 0.4641148440539837
Training loss on iteration 280 = 0.33817267045378685
Training loss on iteration 300 = 0.4152010817080736
Training loss on iteration 320 = 0.34680521339178083
Training loss on iteration 340 = 0.38276837207376957
Training loss on iteration 360 = 0.3385320072993636
Training loss on iteration 380 = 0.388121759146452
Training loss on iteration 400 = 0.3005040351301432
Training loss on iteration 420 = 0.18226552344858646
Training loss on iteration 440 = 0.336342990398407
Training loss on iteration 460 = 0.16793181719258427
Training loss on iteration 480 = 0.22397579792886974
Training loss on iteration 500 = 0.14358067093417048
Training loss on iteration 520 = 0.29835766839969435
Training loss on iteration 540 = 0.5113998375833034
Training loss on iteration 560 = 0.2652625858783722
Training loss on iteration 580 = 0.3275288508273661
Training loss on iteration 600 = 0.1707503589335829
Training loss on iteration 620 = 0.17084366152994335
Training loss on iteration 640 = 0.1333342595025897
Training loss on iteration 660 = 0.09832624570699408
Training loss on iteration 680 = 0.12330577573738992
Training loss on iteration 700 = 0.13497206771280618
Training loss on iteration 720 = 0.06693002234969754
Training loss on iteration 740 = 0.17458904972590972
Training loss on iteration 760 = 0.15396880656480788
Training loss on iteration 780 = 0.2373380554607138
Training loss on iteration 800 = 0.11717396127060056
Training loss on iteration 820 = 0.13955788691528143
Training loss on iteration 840 = 0.07475008070468903
Training loss on iteration 860 = 0.1588802288431907
Training loss on iteration 880 = 0.07952234789263457
Training loss on iteration 900 = 0.1087649609602522
Training loss on iteration 920 = 0.10551931865047663
Training loss on iteration 940 = 0.13498792721366043
Training loss on iteration 960 = 0.1331783622968942
Training loss on iteration 980 = 0.08908711883850629
Training loss on iteration 1000 = 0.0775084457185585
Training loss on iteration 1020 = 0.2152042654925026
Training loss on iteration 1040 = 0.13920520744286477
Training loss on iteration 1060 = 0.17761583076498938
Training loss on iteration 1080 = 0.05649309126893058
Training loss on iteration 1100 = 0.07530353264301085
Training loss on iteration 1120 = 0.029781487944455877
Training loss on iteration 1140 = 0.028698949921817984
Training loss on iteration 1160 = 0.07591979132848792
Training loss on iteration 1180 = 0.285055210563587
Training loss on iteration 1200 = 0.1361095587955788
Training loss on iteration 1220 = 0.08048018475965364
Training loss on iteration 1240 = 0.23977866698987782
Training loss on iteration 1260 = 0.09528470234945416
Training loss on iteration 1280 = 0.2379907897033263
Training loss on iteration 1300 = 0.06607297115260735
Training loss on iteration 1320 = 0.06454576059040847
Training loss on iteration 1340 = 0.08297746034545525
Training loss on iteration 1360 = 0.09725250176270492
Training loss on iteration 1380 = 0.1845208892133087
Training loss on iteration 1400 = 0.078626993362559
Training loss on iteration 1420 = 0.16665669120848178
Training loss on iteration 1440 = 0.10091300879139453
Training loss on iteration 1460 = 0.06172694707056507
Training loss on iteration 1480 = 0.08575936664128676
Training loss on iteration 1500 = 0.12111342478419829
Training loss on iteration 1520 = 0.17670892445712524
Training loss on iteration 1540 = 0.128171526605729
Training loss on iteration 1560 = 0.06291237607656512
Training loss on iteration 1580 = 0.04709348854376003
Training loss on iteration 1600 = 0.05763521276239771
Training loss on iteration 1620 = 0.022291467930335783
Training loss on iteration 1640 = 0.04882064945995808
Training loss on iteration 1660 = 0.13178182529227342
Training loss on iteration 1680 = 0.12974766111610733
Training loss on iteration 1700 = 0.044975832500495014
Training loss on iteration 1720 = 0.07693291579780634
Training loss on iteration 1740 = 0.05167403970262967
Training loss on iteration 1760 = 0.05631620768108405
Training loss on iteration 1780 = 0.028122946390067228
Training loss on iteration 1800 = 0.04107214693867718
Training loss on iteration 1820 = 0.0912133428369998
Training loss on iteration 1840 = 0.053199211453829776
Training loss on iteration 1860 = 0.044560811679548354
Training loss on iteration 1880 = 0.039870675854035656
Training loss on iteration 1900 = 0.15349791749031283
Training loss on iteration 1920 = 0.05262588802725077
Training loss on iteration 1940 = 0.03556272671849001
Training loss on iteration 1960 = 0.048059421580728665
Training loss on iteration 1980 = 0.048652862417293365
Training loss on iteration 2000 = 0.03513455837819492
Training loss on iteration 2020 = 0.06360650965289097
Training loss on iteration 2040 = 0.061598615616094324
Training loss on iteration 2060 = 0.01610893776451121
Training loss on iteration 2080 = 0.15487483236647676
Training loss on iteration 2100 = 0.13668203777633608
Training loss on iteration 2120 = 0.07688779027666896
Training loss on iteration 2140 = 0.057006098778219896
Training loss on iteration 2160 = 0.04539330047555268
Training loss on iteration 2180 = 0.0552428273804253
Training loss on iteration 2200 = 0.05189369322615676
Training loss on iteration 2220 = 0.024682859371932864
Training loss on iteration 2240 = 0.09422013613329909
Training loss on iteration 2260 = 0.13713756116922013
Training loss on iteration 2280 = 0.09792263703420759
Training loss on iteration 2300 = 0.03802454018732533
Training loss on iteration 2320 = 0.022506936442368897
Training loss on iteration 2340 = 0.01028847666020738
Training loss on iteration 2360 = 0.09083938225521707
Training loss on iteration 2380 = 0.07043621386401355
Training loss on iteration 2400 = 0.06618850164450123
Training loss on iteration 2420 = 1.752195771933475
Training loss on iteration 2440 = 0.8293229373171925
Training loss on iteration 2460 = 0.761444584466517
Training loss on iteration 2480 = 0.3519554547034204
Training loss on iteration 2500 = 0.3461339810397476
Training loss on iteration 2520 = 0.12696521456819027
Training loss on iteration 2540 = 0.18637126167304813
Training loss on iteration 2560 = 0.11183707378804683
Training loss on iteration 2580 = 0.09253015177091584
### EVAL:: Epoch 1:: Loss = 0.09663187975139614 :: ACC = 0.9627507163323782, AUC = 0.9995581618662358, EER = 0.006958657388456815
Training on epoch 2
Training loss on iteration 0 = 0.016964958980679512
Training loss on iteration 20 = 0.22917876695864833
Training loss on iteration 40 = 0.336321766639594
Training loss on iteration 60 = 0.15528121646493673
Training loss on iteration 80 = 0.11224524686113
Training loss on iteration 100 = 0.08965116967447102
Training loss on iteration 120 = 0.19289363557472824
Training loss on iteration 140 = 0.11893062051385642
Training loss on iteration 160 = 0.1438003898365423
Training loss on iteration 180 = 0.10302400493528693
Training loss on iteration 200 = 0.05146701277699321
Training loss on iteration 220 = 0.11580711991991847
Training loss on iteration 240 = 0.03837186781456694
Training loss on iteration 260 = 0.1365602687234059
Training loss on iteration 280 = 0.1408232786692679
Training loss on iteration 300 = 0.09476614772283938
Training loss on iteration 320 = 0.18902962012216448
Training loss on iteration 340 = 0.06406565806828439
Training loss on iteration 360 = 0.09293998832581565
Training loss on iteration 380 = 0.17197269303142093
Training loss on iteration 400 = 0.04585003752727061
Training loss on iteration 420 = 0.04389438362559304
Training loss on iteration 440 = 0.05611155240912922
Training loss on iteration 460 = 0.05337011508527212
Training loss on iteration 480 = 0.08540419468190522
Training loss on iteration 500 = 0.04012898234577733
Training loss on iteration 520 = 0.14396354455093388
Training loss on iteration 540 = 0.07958122602431103
Training loss on iteration 560 = 0.11026079636940267
Training loss on iteration 580 = 0.10081331820692867
Training loss on iteration 600 = 0.07928461335686735
Training loss on iteration 620 = 0.14343746460508555
Training loss on iteration 640 = 0.12564969701925294
Training loss on iteration 660 = 0.1520436048755073
Training loss on iteration 680 = 0.13349062911001966
Training loss on iteration 700 = 0.07343408232554793
Training loss on iteration 720 = 0.11965780248574447
Training loss on iteration 740 = 0.10324173172411974
Training loss on iteration 760 = 0.16053437134250997
Training loss on iteration 780 = 0.03401925326907076
Training loss on iteration 800 = 0.0484160722749948
Training loss on iteration 820 = 0.052929048740770666
Training loss on iteration 840 = 0.043208432978462954
Training loss on iteration 860 = 0.09632396691449685
Training loss on iteration 880 = 0.07820655091200024
Training loss on iteration 900 = 0.07864331763121299
Training loss on iteration 920 = 0.13867275978263932
Training loss on iteration 940 = 0.13547327734995634
Training loss on iteration 960 = 0.05579789387702476
Training loss on iteration 980 = 0.054207562421288456
Training loss on iteration 1000 = 0.02398907756723929
Training loss on iteration 1020 = 0.06163329326664098
Training loss on iteration 1040 = 0.02567953828984173
Training loss on iteration 1060 = 0.08035294044821058
Training loss on iteration 1080 = 0.10561848017387092
Training loss on iteration 1100 = 0.10448542244266719
Training loss on iteration 1120 = 0.0798946815659292
Training loss on iteration 1140 = 0.12580492998822593
Training loss on iteration 1160 = 0.06311627683026018
Training loss on iteration 1180 = 0.084427133443387
Training loss on iteration 1200 = 0.09436405053565977
Training loss on iteration 1220 = 0.09381893714889884
Training loss on iteration 1240 = 0.05418681995070074
Training loss on iteration 1260 = 0.03039691810263321
Training loss on iteration 1280 = 0.02574675390860648
Training loss on iteration 1300 = 0.053697637227014636
Training loss on iteration 1320 = 0.05587383117799618
Training loss on iteration 1340 = 0.054623344282299514
Training loss on iteration 1360 = 0.07403462961519836
Training loss on iteration 1380 = 0.042095248645637184
Training loss on iteration 1400 = 0.02578994632131071
Training loss on iteration 1420 = 0.041288128772430356
Training loss on iteration 1440 = 0.05042770571235451
Training loss on iteration 1460 = 0.065705599096691
Training loss on iteration 1480 = 0.12823552780027966
Training loss on iteration 1500 = 0.07825454277044627
Training loss on iteration 1520 = 0.25421884736279027
Training loss on iteration 1540 = 0.08173548001796008
Training loss on iteration 1560 = 0.16515046355780214
Training loss on iteration 1580 = 0.2924011189956218
Training loss on iteration 1600 = 0.06215306370286271
Training loss on iteration 1620 = 0.05225859701167792
Training loss on iteration 1640 = 0.10592024527431931
Training loss on iteration 1660 = 0.2895403908682056
Training loss on iteration 1680 = 0.2259095750749111
Training loss on iteration 1700 = 0.23019095042254775
Training loss on iteration 1720 = 0.25769705735146997
Training loss on iteration 1740 = 0.21014459626749157
Training loss on iteration 1760 = 0.13647915745386854
Training loss on iteration 1780 = 0.19933774918317795
Training loss on iteration 1800 = 0.1994704945886042
Training loss on iteration 1820 = 0.22000819917302578
Training loss on iteration 1840 = 0.16484576991060748
Training loss on iteration 1860 = 0.05598127287230455
Training loss on iteration 1880 = 0.07259715946856886
Training loss on iteration 1900 = 0.18244413677603005
Training loss on iteration 1920 = 0.25961431553587316
Training loss on iteration 1940 = 0.1409094647038728
Training loss on iteration 1960 = 0.027447322278749197
Training loss on iteration 1980 = 0.07905135352630169
Training loss on iteration 2000 = 0.059966014325618745
Training loss on iteration 2020 = 0.07149111804319545
Training loss on iteration 2040 = 0.23676984526682646
Training loss on iteration 2060 = 0.05778291993774474
Training loss on iteration 2080 = 0.0600572013980127
Training loss on iteration 2100 = 0.23767402751836925
Training loss on iteration 2120 = 0.22300502406433226
Training loss on iteration 2140 = 0.09620324955321849
Training loss on iteration 2160 = 0.10131727288244292
Training loss on iteration 2180 = 0.4614525674958713
Training loss on iteration 2200 = 0.10087160707917064
Training loss on iteration 2220 = 0.06898951609618961
Training loss on iteration 2240 = 0.06276631848304533
Training loss on iteration 2260 = 0.1128877515118802
Training loss on iteration 2280 = 0.1435184842441231
Training loss on iteration 2300 = 0.08204429152829107
Training loss on iteration 2320 = 0.08350685988552868
Training loss on iteration 2340 = 0.15897430151235312
Training loss on iteration 2360 = 0.10381154932547361
Training loss on iteration 2380 = 0.04739184039644897
Training loss on iteration 2400 = 0.053428498713765295
Training loss on iteration 2420 = 0.09292602172063198
Training loss on iteration 2440 = 0.1308549839828629
Training loss on iteration 2460 = 0.16374807825050083
Training loss on iteration 2480 = 0.08766033301217249
Training loss on iteration 2500 = 0.13587176776491106
Training loss on iteration 2520 = 0.1323818775592372
Training loss on iteration 2540 = 0.11822775043547154
Training loss on iteration 2560 = 0.08120818309253082
Training loss on iteration 2580 = 0.10253015386406332
### EVAL:: Epoch 2:: Loss = 0.2661126145373093 :: ACC = 0.929185427752763, AUC = 0.9663497618815837, EER = 0.09864920180106426
Training on epoch 3
Training loss on iteration 0 = 0.32167893648147583
Training loss on iteration 20 = 0.893577816337347
Training loss on iteration 40 = 0.7166401788592338
Training loss on iteration 60 = 0.6337991535663605
Training loss on iteration 80 = 0.575278277695179
Training loss on iteration 100 = 0.5811451867222786
Training loss on iteration 120 = 0.45417682379484176
Training loss on iteration 140 = 0.3026976682245731
Training loss on iteration 160 = 0.5048100225627422
Training loss on iteration 180 = 0.41962008327245715
Training loss on iteration 200 = 0.37021977342665197
Training loss on iteration 220 = 0.2863465629518032
Training loss on iteration 240 = 0.44677292574197053
Training loss on iteration 260 = 0.3390739731490612
Training loss on iteration 280 = 0.6568453684449196
Training loss on iteration 300 = 0.5642808109521866
Training loss on iteration 320 = 0.4192961402237415
Training loss on iteration 340 = 0.49594415798783303
Training loss on iteration 360 = 0.4167298313230276
Training loss on iteration 380 = 0.4092443071305752
Training loss on iteration 400 = 0.3445156250149012
Training loss on iteration 420 = 0.4379389755427837
Training loss on iteration 440 = 0.3703665403649211
Training loss on iteration 460 = 0.38077858574688433
Training loss on iteration 480 = 0.2554999586194754
Training loss on iteration 500 = 0.31483719404786825
Training loss on iteration 520 = 0.2702840931713581
Training loss on iteration 540 = 0.23984226770699024
Training loss on iteration 560 = 0.2241294736042619
Training loss on iteration 580 = 0.22977314237505198
Training loss on iteration 600 = 0.1608238810673356
Training loss on iteration 620 = 0.2994332849048078
Training loss on iteration 640 = 0.3181124968454242
Training loss on iteration 660 = 0.12946046805009245
Training loss on iteration 680 = 0.16718050725758077
Training loss on iteration 700 = 0.1722416104748845
Training loss on iteration 720 = 0.1889930154196918
Training loss on iteration 740 = 0.18005391382612287
Training loss on iteration 760 = 0.1559433178510517
Training loss on iteration 780 = 0.13344778819009662
Training loss on iteration 800 = 0.1717173890210688
Training loss on iteration 820 = 0.1784856093581766
Training loss on iteration 840 = 0.2000495275540743
Training loss on iteration 860 = 0.19288509860634803
Training loss on iteration 880 = 0.19553111782297491
Training loss on iteration 900 = 0.1292732040397823
Training loss on iteration 920 = 0.2717971671372652
Training loss on iteration 940 = 0.14720081591513007
Training loss on iteration 960 = 0.1021548256278038
Training loss on iteration 980 = 0.17412613504566252
Training loss on iteration 1000 = 0.2472992930561304
Training loss on iteration 1020 = 0.27454878129065036
Training loss on iteration 1040 = 0.17855334850028157
Training loss on iteration 1060 = 0.1578772789798677
Training loss on iteration 1080 = 0.1458410503808409
Training loss on iteration 1100 = 0.1242470734519884
Training loss on iteration 1120 = 0.15640046693151816
Training loss on iteration 1140 = 0.16534867202863096
Training loss on iteration 1160 = 0.253512676525861
Training loss on iteration 1180 = 0.40461057079955937
Training loss on iteration 1200 = 0.18243892840109766
Training loss on iteration 1220 = 0.18229011157527567
Training loss on iteration 1240 = 0.21464581107720732
Training loss on iteration 1260 = 0.18828214870300145
Training loss on iteration 1280 = 0.18879106463864445
Training loss on iteration 1300 = 0.15744842756539584
Training loss on iteration 1320 = 0.2697293533012271
Training loss on iteration 1340 = 0.2075419445987791
Training loss on iteration 1360 = 0.14553874507546424
Training loss on iteration 1380 = 0.1571973843500018
Training loss on iteration 1400 = 0.3062207274721004
Training loss on iteration 1420 = 0.14536720542237164
Training loss on iteration 1440 = 0.21691363491117954
Training loss on iteration 1460 = 0.15521944761276246
Training loss on iteration 1480 = 0.11684681097976864
Training loss on iteration 1500 = 0.33395089898258445
Training loss on iteration 1520 = 0.2280223325593397
Training loss on iteration 1540 = 0.32927658762782813
Training loss on iteration 1560 = 0.184304940328002
Training loss on iteration 1580 = 0.1524905264377594
Training loss on iteration 1600 = 0.19363638823851942
Training loss on iteration 1620 = 0.2425706358626485
Training loss on iteration 1640 = 0.1342118915868923
Training loss on iteration 1660 = 0.14059328506700694
Training loss on iteration 1680 = 0.18259559823200106
Training loss on iteration 1700 = 0.21256945338100194
Training loss on iteration 1720 = 0.22566556008532643
Training loss on iteration 1740 = 0.14833709448575974
Training loss on iteration 1760 = 0.09784436107147484
Training loss on iteration 1780 = 0.32326705697050784
Training loss on iteration 1800 = 0.25833121738396586
Training loss on iteration 1820 = 0.3546221137046814
Training loss on iteration 1840 = 0.24488246738910674
Training loss on iteration 1860 = 0.19898959267884492
Training loss on iteration 1880 = 0.21708210837095976
Training loss on iteration 1900 = 0.27473909705877303
Training loss on iteration 1920 = 0.15152094904333352
Training loss on iteration 1940 = 0.1345755685120821
Training loss on iteration 1960 = 0.1609822098747827
Training loss on iteration 1980 = 0.26166206190828234
Training loss on iteration 2000 = 0.3806921631097794
Training loss on iteration 2020 = 0.13862508232705295
Training loss on iteration 2040 = 0.14677791537251322
Training loss on iteration 2060 = 0.1463504001731053
Training loss on iteration 2080 = 0.14427138529717923
Training loss on iteration 2100 = 0.1737262504757382
Training loss on iteration 2120 = 0.22589950244873763
Training loss on iteration 2140 = 0.09601965547772125
Training loss on iteration 2160 = 0.07951068039983511
Training loss on iteration 2180 = 0.23034794345730916
Training loss on iteration 2200 = 0.24684995412826538
Training loss on iteration 2220 = 0.16436283849179745
Training loss on iteration 2240 = 0.19225668027065695
Training loss on iteration 2260 = 0.09367432766593993
Training loss on iteration 2280 = 0.0620744752639439
Training loss on iteration 2300 = 0.14941692468710244
Training loss on iteration 2320 = 0.10872252128319815
Training loss on iteration 2340 = 0.11527855313615873
Training loss on iteration 2360 = 0.15985417077317834
Training loss on iteration 2380 = 0.08741468875668942
Training loss on iteration 2400 = 0.14100812748074532
Training loss on iteration 2420 = 0.10999731186311693
Training loss on iteration 2440 = 0.1632654184475541
Training loss on iteration 2460 = 0.4630935300607234
Training loss on iteration 2480 = 1.076087874174118
Training loss on iteration 2500 = 0.6952848270535469
Training loss on iteration 2520 = 0.3086215669289231
Training loss on iteration 2540 = 0.5212445603683591
Training loss on iteration 2560 = 0.467624594271183
Training loss on iteration 2580 = 0.5638444870710373
### EVAL:: Epoch 3:: Loss = 0.23803630436376377 :: ACC = 0.8986901350798199, AUC = 0.8245979683488407, EER = 0.25747032337290215
Training on epoch 4
Training loss on iteration 0 = 0.08794662356376648
Training loss on iteration 20 = 0.3223940711468458
Training loss on iteration 40 = 0.37597056329250333
Training loss on iteration 60 = 0.36381661165505647
Training loss on iteration 80 = 0.5021481547504664
Training loss on iteration 100 = 0.37172103198245166
Training loss on iteration 120 = 0.46866897884756326
Training loss on iteration 140 = 0.20488632060587406
Training loss on iteration 160 = 0.16658368455246092
Training loss on iteration 180 = 0.3457592044956982
Training loss on iteration 200 = 0.2986866898834705
Training loss on iteration 220 = 0.39844185933470727
Training loss on iteration 240 = 0.4214045934379101
Training loss on iteration 260 = 0.28172643166035416
Training loss on iteration 280 = 0.520240031182766
Training loss on iteration 300 = 0.4327292855829
Training loss on iteration 320 = 0.4301207933574915
Training loss on iteration 340 = 0.17659588281530886
Training loss on iteration 360 = 0.24427518863230943
Training loss on iteration 380 = 0.2694993207231164
Training loss on iteration 400 = 0.3122863939963281
Training loss on iteration 420 = 0.35145742297172544
Training loss on iteration 440 = 0.2528144663199782
Training loss on iteration 460 = 0.3641905035823584
Training loss on iteration 480 = 0.697032462246716
Training loss on iteration 500 = 0.3875147633254528
Training loss on iteration 520 = 0.3494570851325989
Training loss on iteration 540 = 0.3072927501052618
Training loss on iteration 560 = 0.22228419007733463
Training loss on iteration 580 = 0.25322412652894855
Training loss on iteration 600 = 0.25175120644271376
Training loss on iteration 620 = 0.48301336281001567
Training loss on iteration 640 = 0.26647862177342174
Training loss on iteration 660 = 0.1298143032938242
Training loss on iteration 680 = 0.309131310461089
Training loss on iteration 700 = 0.30285491943359377
Training loss on iteration 720 = 0.1482434875331819
Training loss on iteration 740 = 0.28088335394859315
Training loss on iteration 760 = 0.29653892032802104
Training loss on iteration 780 = 0.22584662083536386
Training loss on iteration 800 = 0.1856268422678113
Training loss on iteration 820 = 0.21300610499456524
Training loss on iteration 840 = 0.161354721756652
Training loss on iteration 860 = 0.19990261560305952
Training loss on iteration 880 = 0.1469262684462592
Training loss on iteration 900 = 0.1997671480057761
Training loss on iteration 920 = 0.29249345129355786
Training loss on iteration 940 = 0.23320179991424084
Training loss on iteration 960 = 0.1304620669223368
Training loss on iteration 980 = 0.22750276010483503
Training loss on iteration 1000 = 0.42380168475210667
Training loss on iteration 1020 = 0.24218679601326584
Training loss on iteration 1040 = 0.19759977171197535
Training loss on iteration 1060 = 0.19763883585110306
Training loss on iteration 1080 = 0.1850312957074493
Training loss on iteration 1100 = 0.12721073348075151
Training loss on iteration 1120 = 0.26637142489198595
Training loss on iteration 1140 = 0.2901342134922743
Training loss on iteration 1160 = 0.2683176055084914
Training loss on iteration 1180 = 0.1532419968396425
Training loss on iteration 1200 = 0.18258106419816614
Training loss on iteration 1220 = 0.18663059383397923
Training loss on iteration 1240 = 0.1204827452544123
Training loss on iteration 1260 = 0.1999623766168952
Training loss on iteration 1280 = 0.18455593455582858
Training loss on iteration 1300 = 0.25028709340840577
Training loss on iteration 1320 = 0.1456874412484467
Training loss on iteration 1340 = 0.22926666645798832
Training loss on iteration 1360 = 0.06259604385122657
Training loss on iteration 1380 = 0.11988034294918179
Training loss on iteration 1400 = 0.16432912135496736
Training loss on iteration 1420 = 0.1347027265233919
Training loss on iteration 1440 = 0.18759346168953925
Training loss on iteration 1460 = 0.16429240945726634
Training loss on iteration 1480 = 0.18546670712530614
Training loss on iteration 1500 = 0.21244339039549232
Training loss on iteration 1520 = 0.20796238973271103
Training loss on iteration 1540 = 0.14650969812646508
Training loss on iteration 1560 = 0.2619918864220381
Training loss on iteration 1580 = 0.4557698506861925
Training loss on iteration 1600 = 0.2981908564135665
Training loss on iteration 1620 = 0.2527798777446151
Training loss on iteration 1640 = 0.19519325187429787
Training loss on iteration 1660 = 0.09398998362012208
Training loss on iteration 1680 = 0.30311727910302577
Training loss on iteration 1700 = 0.21368322120979427
Training loss on iteration 1720 = 0.1835010765120387
Training loss on iteration 1740 = 0.239852382754907
Training loss on iteration 1760 = 0.362613224145025
Training loss on iteration 1780 = 0.32070483546704054
Training loss on iteration 1800 = 0.23479233360849322
Training loss on iteration 1820 = 0.135567315784283
Training loss on iteration 1840 = 0.2041894861496985
Training loss on iteration 1860 = 0.2804128873161972
Training loss on iteration 1880 = 0.18524028798565267
Training loss on iteration 1900 = 0.19489075290039182
Training loss on iteration 1920 = 0.23442600928246976
Training loss on iteration 1940 = 0.22178015161771328
Training loss on iteration 1960 = 0.8657958243042231
Training loss on iteration 1980 = 0.28557677287608385
Training loss on iteration 2000 = 0.8478164613246918
Training loss on iteration 2020 = 0.8458410114049911
Training loss on iteration 2040 = 0.3710542909801006
Training loss on iteration 2060 = 0.21451973281800746
Training loss on iteration 2080 = 0.2720887782983482
Training loss on iteration 2100 = 0.1782745766453445
Training loss on iteration 2120 = 0.2060507943155244
Training loss on iteration 2140 = 0.38035173118114474
Training loss on iteration 2160 = 0.21503880843520165
Training loss on iteration 2180 = 0.1830572172999382
Training loss on iteration 2200 = 0.27189376696478573
Training loss on iteration 2220 = 0.28227689042687415
Training loss on iteration 2240 = 0.34945668149739506
Training loss on iteration 2260 = 0.2831160921603441
Training loss on iteration 2280 = 0.3705449510365725
Training loss on iteration 2300 = 0.38982612304389475
Training loss on iteration 2320 = 0.2954189583659172
Training loss on iteration 2340 = 0.23443648354150354
Training loss on iteration 2360 = 0.18846429847180843
Training loss on iteration 2380 = 0.1882358093513176
Training loss on iteration 2400 = 0.49985284521244466
Training loss on iteration 2420 = 0.22667547389864923
Training loss on iteration 2440 = 0.2441226875409484
Training loss on iteration 2460 = 0.3970222555100918
Training loss on iteration 2480 = 0.22561388574540614
Training loss on iteration 2500 = 0.3047388046979904
Training loss on iteration 2520 = 0.5715384874492884
Training loss on iteration 2540 = 0.567413866519928
Training loss on iteration 2560 = 0.5423994151875376
Training loss on iteration 2580 = 0.24052676633000375
### EVAL:: Epoch 4:: Loss = 0.40282306057546047 :: ACC = 0.8458862054850593, AUC = 0.9631613895465823, EER = 0.10315186246418338
Training on epoch 5
Training loss on iteration 0 = 0.016730278730392456
Training loss on iteration 20 = 0.35365366386249664
Training loss on iteration 40 = 0.2537207525223494
Training loss on iteration 60 = 0.2059904365800321
Training loss on iteration 80 = 0.31144944839179517
Training loss on iteration 100 = 0.3102836823090911
Training loss on iteration 120 = 0.260655795969069
Training loss on iteration 140 = 0.34996119756251576
Training loss on iteration 160 = 0.2715917207300663
Training loss on iteration 180 = 0.3567227858118713
Training loss on iteration 200 = 0.14219762063585223
Training loss on iteration 220 = 0.29178191646933554
Training loss on iteration 240 = 0.22436487898230553
Training loss on iteration 260 = 0.2921076007653028
Training loss on iteration 280 = 0.3370209211483598
Training loss on iteration 300 = 0.1802100115455687
Training loss on iteration 320 = 0.20898735532537102
Training loss on iteration 340 = 0.2017756547080353
Training loss on iteration 360 = 0.2245265151374042
Training loss on iteration 380 = 0.1818519489839673
Training loss on iteration 400 = 0.1280696834437549
Training loss on iteration 420 = 0.2493257002905011
Training loss on iteration 440 = 0.24494995288550853
Training loss on iteration 460 = 0.4110446961596608
Training loss on iteration 480 = 0.20961982738226653
Training loss on iteration 500 = 0.23214031998068094
Training loss on iteration 520 = 0.23829968087375164
Training loss on iteration 540 = 0.2903386762365699
Training loss on iteration 560 = 0.2950914699118584
Training loss on iteration 580 = 0.2409873826429248
Training loss on iteration 600 = 0.4199670057743788
Training loss on iteration 620 = 0.26296714339405297
Training loss on iteration 640 = 0.1995807296363637
Training loss on iteration 660 = 0.2632310383953154
Training loss on iteration 680 = 0.1984807056374848
Training loss on iteration 700 = 0.11401783805340529
Training loss on iteration 720 = 0.16699542819987984
Training loss on iteration 740 = 0.40083785355091095
Training loss on iteration 760 = 0.3034845970571041
Training loss on iteration 780 = 0.34156456515192984
Training loss on iteration 800 = 0.2577314022462815
Training loss on iteration 820 = 0.3514682005159557
Training loss on iteration 840 = 0.42057923823595045
Training loss on iteration 860 = 0.2638996158959344
Training loss on iteration 880 = 0.26656745839864016
Training loss on iteration 900 = 0.13354022335261106
Training loss on iteration 920 = 0.14383971206843854
Training loss on iteration 940 = 0.20805188021622598
Training loss on iteration 960 = 0.2494564140215516
Training loss on iteration 980 = 0.28400842044502494
Training loss on iteration 1000 = 0.25838508140295746
Training loss on iteration 1020 = 0.21394362356513738
Training loss on iteration 1040 = 0.21448774561285971
Training loss on iteration 1060 = 0.26355483643710614
Training loss on iteration 1080 = 0.2264928794465959
Training loss on iteration 1100 = 0.15498761618509888
Training loss on iteration 1120 = 0.21770884431898593
Training loss on iteration 1140 = 0.1938962025567889
Training loss on iteration 1160 = 0.19967758702114224
Training loss on iteration 1180 = 0.1951568520627916
Training loss on iteration 1200 = 0.10078081963583826
Training loss on iteration 1220 = 0.12196235302835703
Training loss on iteration 1240 = 0.16523440252058208
Training loss on iteration 1260 = 0.18547375723719597
Training loss on iteration 1280 = 0.17505610268563032
Training loss on iteration 1300 = 0.23153541230130942
Training loss on iteration 1320 = 0.1887949166819453
Training loss on iteration 1340 = 0.23105814568698407
Training loss on iteration 1360 = 0.18735107500106096
Training loss on iteration 1380 = 0.20294073740951718
Training loss on iteration 1400 = 0.23500065170228482
Training loss on iteration 1420 = 0.18900867588818074
Training loss on iteration 1440 = 0.4766961785964668
Training loss on iteration 1460 = 0.2653137793764472
Training loss on iteration 1480 = 0.20220938976854086
Training loss on iteration 1500 = 0.3929072853294201
Training loss on iteration 1520 = 0.23449626099318266
Training loss on iteration 1540 = 0.16004218477755786
Training loss on iteration 1560 = 0.2807786908000708
Training loss on iteration 1580 = 0.18239383418112992
Training loss on iteration 1600 = 0.18728489496279507
Training loss on iteration 1620 = 0.0936605584807694
Training loss on iteration 1640 = 0.17565068979747595
Training loss on iteration 1660 = 0.12371368077583611
Training loss on iteration 1680 = 0.2830897389911115
Training loss on iteration 1700 = 0.1802624453790486
Training loss on iteration 1720 = 0.6787592395208776
Training loss on iteration 1740 = 0.7346028588712216
Training loss on iteration 1760 = 0.3368112202733755
Training loss on iteration 1780 = 0.4809691712260246
Training loss on iteration 1800 = 0.5019115891307593
Training loss on iteration 1820 = 0.6886890046298504
Training loss on iteration 1840 = 0.49132608622312546
Training loss on iteration 1860 = 0.27801118046045303
Training loss on iteration 1880 = 0.39591567516326903
Training loss on iteration 1900 = 0.5118880573660135
Training loss on iteration 1920 = 0.35402172021567824
Training loss on iteration 1940 = 0.26212807996198534
Training loss on iteration 1960 = 0.4002713728696108
Training loss on iteration 1980 = 0.23187234550714492
Training loss on iteration 2000 = 0.31211053039878606
Training loss on iteration 2020 = 0.3609000412747264
Training loss on iteration 2040 = 0.20702675376087426
Training loss on iteration 2060 = 0.343359087780118
Training loss on iteration 2080 = 0.44907039143145083
Training loss on iteration 2100 = 0.3061482387594879
Training loss on iteration 2120 = 0.19271627645939587
Training loss on iteration 2140 = 0.19247793373651803
Training loss on iteration 2160 = 0.32099141031503675
Training loss on iteration 2180 = 0.40348891420289873
Training loss on iteration 2200 = 0.25680502150207757
Training loss on iteration 2220 = 0.33139816503971814
Training loss on iteration 2240 = 0.2632436044514179
Training loss on iteration 2260 = 0.18547295965254307
Training loss on iteration 2280 = 0.4511676958762109
Training loss on iteration 2300 = 0.40821365285664796
Training loss on iteration 2320 = 0.2620476998388767
Training loss on iteration 2340 = 0.23029858181253077
Training loss on iteration 2360 = 0.35221611205488446
Training loss on iteration 2380 = 0.28842532113194463
Training loss on iteration 2400 = 0.22890670411288738
Training loss on iteration 2420 = 0.2495857872068882
Training loss on iteration 2440 = 0.19055364858359097
Training loss on iteration 2460 = 0.352762879349757
Training loss on iteration 2480 = 0.22434865012764932
Training loss on iteration 2500 = 0.31188719025813044
Training loss on iteration 2520 = 0.41866932176053523
Training loss on iteration 2540 = 0.25250187814235686
Training loss on iteration 2560 = 0.15126026505604387
Training loss on iteration 2580 = 0.18478102870285512
### EVAL:: Epoch 5:: Loss = 0.15348186555681081 :: ACC = 0.9406467458043389, AUC = 0.9483314117758828, EER = 0.12361850184199755
Training on epoch 6
Training loss on iteration 0 = 0.02162090316414833
Training loss on iteration 20 = 0.45124759767204525
Training loss on iteration 40 = 0.33911741003394125
Training loss on iteration 60 = 0.4213106643408537
Training loss on iteration 80 = 0.2977457158267498
Training loss on iteration 100 = 0.26083283219486475
Training loss on iteration 120 = 0.21134678944945334
Training loss on iteration 140 = 0.23011162094771861
Training loss on iteration 160 = 0.12640684458892792
Training loss on iteration 180 = 0.20259095340734348
Training loss on iteration 200 = 0.23551579983904958
Training loss on iteration 220 = 0.20686302473768592
Training loss on iteration 240 = 0.20093330405652524
Training loss on iteration 260 = 0.21976222516968846
Training loss on iteration 280 = 0.2596245205961168
Training loss on iteration 300 = 0.21342580039054154
Training loss on iteration 320 = 0.2394179024733603
Training loss on iteration 340 = 0.2598924889229238
Training loss on iteration 360 = 0.21943105077371
Training loss on iteration 380 = 0.219909387268126
Training loss on iteration 400 = 0.200858932454139
Training loss on iteration 420 = 0.15507579585537315
Training loss on iteration 440 = 0.29146239086985587
Training loss on iteration 460 = 0.25488259913399813
Training loss on iteration 480 = 0.1775392247363925
Training loss on iteration 500 = 0.14340282236225904
Training loss on iteration 520 = 0.20229008281603456
Training loss on iteration 540 = 0.26499705100432036
Training loss on iteration 560 = 0.16940562501549722
Training loss on iteration 580 = 0.15829191212542354
Training loss on iteration 600 = 0.21453473067376763
Training loss on iteration 620 = 0.18538544625043868
Training loss on iteration 640 = 0.20801360693294554
Training loss on iteration 660 = 0.41245703361928465
Training loss on iteration 680 = 0.2906443868763745
Training loss on iteration 700 = 0.19835759727284313
Training loss on iteration 720 = 0.2804394164122641
Training loss on iteration 740 = 0.23685233052819968
Training loss on iteration 760 = 0.19665595851838588
Training loss on iteration 780 = 0.204734618216753
Training loss on iteration 800 = 0.36631002500653265
Training loss on iteration 820 = 0.23885757885873318
Training loss on iteration 840 = 0.24421064257621766
Training loss on iteration 860 = 0.19868444707244634
Training loss on iteration 880 = 0.2579904065467417
Training loss on iteration 900 = 0.47858454622328284
Training loss on iteration 920 = 0.3897042186930776
Training loss on iteration 940 = 0.18806034612935035
Training loss on iteration 960 = 0.2797821971238591
Training loss on iteration 980 = 0.4197971638292074
Training loss on iteration 1000 = 0.3069184321910143
Training loss on iteration 1020 = 0.34498575069010257
Training loss on iteration 1040 = 0.4023006225004792
Training loss on iteration 1060 = 0.21477313241921364
Training loss on iteration 1080 = 0.2969328537583351
Training loss on iteration 1100 = 0.20012213529553263
Training loss on iteration 1120 = 0.30000151549465953
Training loss on iteration 1140 = 0.2145232438109815
Training loss on iteration 1160 = 0.22961093103513122
Training loss on iteration 1180 = 0.20686432551592587
Training loss on iteration 1200 = 0.27591530308127404
Training loss on iteration 1220 = 0.23019368574023247
Training loss on iteration 1240 = 0.19366981759667395
Training loss on iteration 1260 = 0.34498752108775077
Training loss on iteration 1280 = 0.5714583883062005
Training loss on iteration 1300 = 0.27744510136544703
Training loss on iteration 1320 = 0.23733300101011992
Training loss on iteration 1340 = 0.3440427798079327
Training loss on iteration 1360 = 0.4792821111739613
Training loss on iteration 1380 = 0.5286570837721228
Training loss on iteration 1400 = 0.21227490976452829
Training loss on iteration 1420 = 0.2951536714565009
Training loss on iteration 1440 = 0.22752778120338918
Training loss on iteration 1460 = 0.38827329901978375
Training loss on iteration 1480 = 0.30025715529918673
Training loss on iteration 1500 = 0.3567107945680618
Training loss on iteration 1520 = 0.18265276588499546
Training loss on iteration 1540 = 0.3633872921578586
Training loss on iteration 1560 = 0.29392851488664745
Training loss on iteration 1580 = 0.24249115120619535
Training loss on iteration 1600 = 0.19286664053797722
Training loss on iteration 1620 = 0.16513421637937425
Training loss on iteration 1640 = 0.3590849991887808
Training loss on iteration 1660 = 0.30257318187505006
Training loss on iteration 1680 = 0.27973629808984696
Training loss on iteration 1700 = 0.2875151561107486
Training loss on iteration 1720 = 0.21104873782023786
Training loss on iteration 1740 = 0.32954365368932487
Training loss on iteration 1760 = 0.13876676459331067
Training loss on iteration 1780 = 0.13939107917249202
Training loss on iteration 1800 = 0.2920920325443149
Training loss on iteration 1820 = 0.1919945988804102
Training loss on iteration 1840 = 0.1877897928468883
Training loss on iteration 1860 = 0.24304368984885513
Training loss on iteration 1880 = 0.18929312424734235
Training loss on iteration 1900 = 0.30868834601715206
Training loss on iteration 1920 = 0.2540368478745222
Training loss on iteration 1940 = 0.3349657916463912
Training loss on iteration 1960 = 0.6624199749901891
Training loss on iteration 1980 = 0.22928533079102636
Training loss on iteration 2000 = 0.6156268423190341
Training loss on iteration 2020 = 0.4193524570204318
Training loss on iteration 2040 = 0.4429344981443137
Training loss on iteration 2060 = 0.2246852950192988
Training loss on iteration 2080 = 0.2446179885417223
Training loss on iteration 2100 = 0.36926752906292676
Training loss on iteration 2120 = 0.2920662585645914
Training loss on iteration 2140 = 0.2050866113975644
Training loss on iteration 2160 = 0.356295039691031
Training loss on iteration 2180 = 0.367544198827818
Training loss on iteration 2200 = 0.44762751311063764
Training loss on iteration 2220 = 0.26851495443843304
Training loss on iteration 2240 = 0.27469428312033417
Training loss on iteration 2260 = 0.23338044732809066
Training loss on iteration 2280 = 0.39326016455888746
Training loss on iteration 2300 = 0.2813137466087937
Training loss on iteration 2320 = 0.24136928231455385
Training loss on iteration 2340 = 0.23137606624513865
Training loss on iteration 2360 = 0.3877282375469804
Training loss on iteration 2380 = 0.30940599273890257
Training loss on iteration 2400 = 0.2552799447439611
Training loss on iteration 2420 = 0.3566759574227035
Training loss on iteration 2440 = 0.36320993341505525
Training loss on iteration 2460 = 0.6651268936693668
Training loss on iteration 2480 = 0.242547164298594
Training loss on iteration 2500 = 0.37111159807536753
Training loss on iteration 2520 = 0.5352088084910065
Training loss on iteration 2540 = 0.247336695343256
Training loss on iteration 2560 = 0.18488555997610093
Training loss on iteration 2580 = 0.2560049707069993
### EVAL:: Epoch 6:: Loss = 0.1246279930268083 :: ACC = 0.9533360622185837, AUC = 0.7626493130564761, EER = 0.3250102333196889
Training on epoch 7
Training loss on iteration 0 = 0.11051203310489655
Training loss on iteration 20 = 0.3066825021058321
Training loss on iteration 40 = 0.2912354350090027
Training loss on iteration 60 = 0.26653479151427745
Training loss on iteration 80 = 0.21592959994450212
Training loss on iteration 100 = 0.34057905022054913
Training loss on iteration 120 = 0.6208690024912358
Training loss on iteration 140 = 0.3415245397947729
Training loss on iteration 160 = 0.31961332699283956
Training loss on iteration 180 = 0.19036653013899923
Training loss on iteration 200 = 0.3380131196696311
Training loss on iteration 220 = 0.21551226815208793
Training loss on iteration 240 = 0.3916260234080255
Training loss on iteration 260 = 0.3890236813575029
Training loss on iteration 280 = 0.23988590154331177
Training loss on iteration 300 = 0.26315784864127634
Training loss on iteration 320 = 0.21801427849568428
Training loss on iteration 340 = 0.22815075563266873
Training loss on iteration 360 = 0.15556568698957562
Training loss on iteration 380 = 1.626315426081419
Training loss on iteration 400 = 0.7240723211318254
Training loss on iteration 420 = 0.6780243493616581
Training loss on iteration 440 = 0.3545794852077961
Training loss on iteration 460 = 0.5142557486891747
Training loss on iteration 480 = 0.9618997536599636
Training loss on iteration 500 = 1.113793397322297
Training loss on iteration 520 = 0.602048072963953
Training loss on iteration 540 = 0.26355492882430553
Training loss on iteration 560 = 0.21080162953585385
Training loss on iteration 580 = 0.2060267746448517
Training loss on iteration 600 = 0.2748512752354145
Training loss on iteration 620 = 0.18072674041613937
Training loss on iteration 640 = 0.26917358972132205
Training loss on iteration 660 = 0.2957266181707382
Training loss on iteration 680 = 0.46936688143759964
Training loss on iteration 700 = 0.31052902303636076
Training loss on iteration 720 = 0.5334055133163929
Training loss on iteration 740 = 0.22139181438833475
Training loss on iteration 760 = 0.22078550700098276
Training loss on iteration 780 = 0.33207065518945456
Training loss on iteration 800 = 0.33463488426059484
Training loss on iteration 820 = 0.29766168594360354
Training loss on iteration 840 = 0.27972879111766813
Training loss on iteration 860 = 0.23254465349018574
Training loss on iteration 880 = 0.3074086161330342
Training loss on iteration 900 = 0.3045483731664717
Training loss on iteration 920 = 0.25536851976066827
Training loss on iteration 940 = 0.5282091990113258
Training loss on iteration 960 = 0.3984149001538754
Training loss on iteration 980 = 0.29538236851803956
Training loss on iteration 1000 = 0.20960905235260724
Training loss on iteration 1020 = 0.322374696098268
Training loss on iteration 1040 = 0.17807519230991603
Training loss on iteration 1060 = 0.26493820268660784
Training loss on iteration 1080 = 0.3019939687103033
Training loss on iteration 1100 = 0.35517872162163255
Training loss on iteration 1120 = 0.23914939314126968
Training loss on iteration 1140 = 0.2060973970219493
Training loss on iteration 1160 = 0.18317985031753778
Training loss on iteration 1180 = 0.27723936885595324
Training loss on iteration 1200 = 0.3531319731846452
Training loss on iteration 1220 = 0.28927868939936163
Training loss on iteration 1240 = 0.44034749530255796
Training loss on iteration 1260 = 0.22423832714557648
Training loss on iteration 1280 = 0.31435438003391025
Training loss on iteration 1300 = 2.9172101080417634
Training loss on iteration 1320 = 0.8406555939465761
Training loss on iteration 1340 = 0.402684498950839
Training loss on iteration 1360 = 0.2489426365122199
Training loss on iteration 1380 = 0.2584655746817589
Training loss on iteration 1400 = 0.25277158841490743
Training loss on iteration 1420 = 0.3305012032389641
Training loss on iteration 1440 = 0.30436617229133844
Training loss on iteration 1460 = 0.268478044681251
Training loss on iteration 1480 = 0.4850479346700013
Training loss on iteration 1500 = 0.23631956456229092
Training loss on iteration 1520 = 0.17695494908839465
Training loss on iteration 1540 = 0.2971251982264221
Training loss on iteration 1560 = 0.22575454637408257
Training loss on iteration 1580 = 0.26885427366942166
Training loss on iteration 1600 = 0.18965868474915623
Training loss on iteration 1620 = 0.1989740647841245
Training loss on iteration 1640 = 0.2577218777500093
Training loss on iteration 1660 = 0.5120603612624108
Training loss on iteration 1680 = 0.2751941275782883
Training loss on iteration 1700 = 0.30580045930109917
Training loss on iteration 1720 = 0.18984207222238184
Training loss on iteration 1740 = 0.4059691710397601
Training loss on iteration 1760 = 0.38594469958916305
Training loss on iteration 1780 = 0.7542038034647703
Training loss on iteration 1800 = 0.3329859748482704
Training loss on iteration 1820 = 0.7491733089089394
Training loss on iteration 1840 = 0.45675122924149036
Training loss on iteration 1860 = 0.24351479802280665
Training loss on iteration 1880 = 0.2731117897666991
Training loss on iteration 1900 = 0.3195337837561965
Training loss on iteration 1920 = 0.27443641386926176
Training loss on iteration 1940 = 0.24340677969157695
Training loss on iteration 1960 = 0.38414937220513823
Training loss on iteration 1980 = 0.831258075684309
Training loss on iteration 2000 = 0.39755125939846037
Training loss on iteration 2020 = 0.27574213873595
Training loss on iteration 2040 = 0.2619012534618378
Training loss on iteration 2060 = 0.2901523357257247
Training loss on iteration 2080 = 0.16709415735676886
Training loss on iteration 2100 = 0.3920651499181986
Training loss on iteration 2120 = 0.30764222554862497
Training loss on iteration 2140 = 0.22648809282109142
Training loss on iteration 2160 = 0.2213045783340931
Training loss on iteration 2180 = 0.2147948862053454
Training loss on iteration 2200 = 0.3098655123263597
Training loss on iteration 2220 = 0.21834560581482948
Training loss on iteration 2240 = 0.28616603892296555
Training loss on iteration 2260 = 0.2506654506549239
Training loss on iteration 2280 = 0.33158811554312706
Training loss on iteration 2300 = 0.20370613485574723
Training loss on iteration 2320 = 0.2233222677372396
Training loss on iteration 2340 = 0.29755459828302266
Training loss on iteration 2360 = 0.3394432050175965
Training loss on iteration 2380 = 0.2513790998607874
Training loss on iteration 2400 = 0.26062071658670904
Training loss on iteration 2420 = 0.2404837087728083
Training loss on iteration 2440 = 0.13803376851137727
Training loss on iteration 2460 = 0.21278232792392374
Training loss on iteration 2480 = 0.3636648155748844
Training loss on iteration 2500 = 0.22949521765112876
Training loss on iteration 2520 = 0.34720527455210687
Training loss on iteration 2540 = 0.2063570238649845
Training loss on iteration 2560 = 0.21876896107569338
Training loss on iteration 2580 = 0.23999525979161263
### EVAL:: Epoch 7:: Loss = 0.3966148138135957 :: ACC = 0.832378223495702, AUC = 0.823785334693643, EER = 0.2541956610724519
Training on epoch 8
Training loss on iteration 0 = 0.6368008255958557
Training loss on iteration 20 = 0.4811286973766983
Training loss on iteration 40 = 0.2028860980644822
Training loss on iteration 60 = 0.3891395442187786
Training loss on iteration 80 = 0.20723093450069427
Training loss on iteration 100 = 0.21930843759328128
Training loss on iteration 120 = 0.3187761028297246
Training loss on iteration 140 = 0.373871036991477
Training loss on iteration 160 = 0.4014390699099749
Training loss on iteration 180 = 0.27317547556012867
Training loss on iteration 200 = 0.25318556316196916
Training loss on iteration 220 = 0.3869090205058455
Training loss on iteration 240 = 0.3258615979924798
Training loss on iteration 260 = 0.1988407488912344
Training loss on iteration 280 = 0.2493748300243169
Training loss on iteration 300 = 0.25490997806191446
Training loss on iteration 320 = 0.3038011841475964
Training loss on iteration 340 = 0.2407259547151625
Training loss on iteration 360 = 0.2749477413482964
Training loss on iteration 380 = 0.29957715310156346
Training loss on iteration 400 = 0.27939542401582
Training loss on iteration 420 = 0.2570690106600523
Training loss on iteration 440 = 0.22839786568656564
Training loss on iteration 460 = 0.2986527862027287
Training loss on iteration 480 = 0.20711358753032982
Training loss on iteration 500 = 0.18738481365144252
Training loss on iteration 520 = 0.2038859157823026
Training loss on iteration 540 = 0.29076476097106935
Training loss on iteration 560 = 0.2284347027540207
Training loss on iteration 580 = 0.2764875372871757
Training loss on iteration 600 = 0.2253705027513206
Training loss on iteration 620 = 0.30542613547295333
Training loss on iteration 640 = 0.25879263058304786
Training loss on iteration 660 = 0.13943336121737956
Training loss on iteration 680 = 0.29509318093769255
Training loss on iteration 700 = 0.29807177521288397
Training loss on iteration 720 = 0.31413779528811575
Training loss on iteration 740 = 0.41418092995882033
Training loss on iteration 760 = 0.35513357501477005
Training loss on iteration 780 = 0.31343519762158395
Training loss on iteration 800 = 0.23826502687297763
Training loss on iteration 820 = 0.25270870700478554
Training loss on iteration 840 = 0.2693441528826952
Training loss on iteration 860 = 0.3600520372390747
Training loss on iteration 880 = 0.19661919826176016
Training loss on iteration 900 = 0.31026315987110137
Training loss on iteration 920 = 0.34627742543816564
Training loss on iteration 940 = 0.22792935762554406
Training loss on iteration 960 = 0.25928320912644265
Training loss on iteration 980 = 0.3525165343657136
Training loss on iteration 1000 = 0.2524133114144206
Training loss on iteration 1020 = 0.13660504156723619
Training loss on iteration 1040 = 0.22586885299533604
Training loss on iteration 1060 = 0.17679334827698767
Training loss on iteration 1080 = 0.170939411688596
Training loss on iteration 1100 = 0.17015076000243426
Training loss on iteration 1120 = 0.3659040657803416
Training loss on iteration 1140 = 0.2100968652404845
Training loss on iteration 1160 = 0.41839211732149123
Training loss on iteration 1180 = 0.2445152396336198
Training loss on iteration 1200 = 0.540747849829495
Training loss on iteration 1220 = 0.3002855457365513
Training loss on iteration 1240 = 0.2323687424417585
Training loss on iteration 1260 = 0.1821514766663313
Training loss on iteration 1280 = 0.1823535797186196
Training loss on iteration 1300 = 0.28387926302384586
Training loss on iteration 1320 = 0.2425254687666893
Training loss on iteration 1340 = 0.16679905457422137
Training loss on iteration 1360 = 0.4517209459096193
Training loss on iteration 1380 = 0.22875427193939685
Training loss on iteration 1400 = 0.34043270703405143
Training loss on iteration 1420 = 0.2602086301892996
Training loss on iteration 1440 = 0.2183053416199982
Training loss on iteration 1460 = 0.3438691612333059
Training loss on iteration 1480 = 0.286213306337595
Training loss on iteration 1500 = 0.39580517150461675
Training loss on iteration 1520 = 0.25096001774072646
Training loss on iteration 1540 = 0.19103726940229535
Training loss on iteration 1560 = 0.2561989502049983
Training loss on iteration 1580 = 0.26680806241929533
Training loss on iteration 1600 = 0.17394658587872983
Training loss on iteration 1620 = 0.2674858098849654
Training loss on iteration 1640 = 0.3094459855929017
Training loss on iteration 1660 = 0.3418280111160129
Training loss on iteration 1680 = 0.33165310267359016
Training loss on iteration 1700 = 0.26849037278443577
Training loss on iteration 1720 = 0.4473988626152277
Training loss on iteration 1740 = 0.32948276977986096
Training loss on iteration 1760 = 0.2676665610168129
Training loss on iteration 1780 = 0.33529832269996407
Training loss on iteration 1800 = 0.31920101270079615
Training loss on iteration 1820 = 0.3618294529616833
Training loss on iteration 1840 = 0.3335206689313054
Training loss on iteration 1860 = 0.18662492595613003
Training loss on iteration 1880 = 0.5364382604137063
Training loss on iteration 1900 = 0.40330284610390665
Training loss on iteration 1920 = 0.3586098484694958
Training loss on iteration 1940 = 0.2645690188743174
Training loss on iteration 1960 = 0.5115357347764075
Training loss on iteration 1980 = 0.29848028905689716
Training loss on iteration 2000 = 0.2596128069795668
Training loss on iteration 2020 = 0.3177400757558644
Training loss on iteration 2040 = 0.35770705342292786
Training loss on iteration 2060 = 0.22621330581605434
Training loss on iteration 2080 = 0.2979581581428647
Training loss on iteration 2100 = 0.21237685875967144
Training loss on iteration 2120 = 0.3573347416240722
Training loss on iteration 2140 = 0.3669364362955093
Training loss on iteration 2160 = 0.25033116722479465
Training loss on iteration 2180 = 0.4766777073033154
Training loss on iteration 2200 = 0.35949474312365054
Training loss on iteration 2220 = 0.30560673009604217
Training loss on iteration 2240 = 0.2925650326535106
Training loss on iteration 2260 = 0.3238628380000591
Training loss on iteration 2280 = 0.21090044938027858
Training loss on iteration 2300 = 0.46104225907474755
Training loss on iteration 2320 = 0.2569283850491047
Training loss on iteration 2340 = 0.3709600916597992
Training loss on iteration 2360 = 0.4322979174554348
Training loss on iteration 2380 = 0.3927150283940136
Training loss on iteration 2400 = 0.26378138847649096
Training loss on iteration 2420 = 0.2502233613282442
Training loss on iteration 2440 = 0.23420117255300282
Training loss on iteration 2460 = 0.14746983107179404
Training loss on iteration 2480 = 0.31857105798553675
Training loss on iteration 2500 = 0.28320510480552913
Training loss on iteration 2520 = 0.29245061315596105
Training loss on iteration 2540 = 0.2802915461361408
Training loss on iteration 2560 = 0.2316301181912422
Training loss on iteration 2580 = 0.42378233475610616
### EVAL:: Epoch 8:: Loss = 0.19346184592507398 :: ACC = 0.927752762996316, AUC = 0.9307830487635484, EER = 0.141629144494474
Training on epoch 9
Training loss on iteration 0 = 0.09886938333511353
Training loss on iteration 20 = 0.20862205382436513
Training loss on iteration 40 = 0.3145986472256482
Training loss on iteration 60 = 0.29137559700757265
Training loss on iteration 80 = 0.15581334754824638
Training loss on iteration 100 = 0.19983540908433498
Training loss on iteration 120 = 0.3072084065526724
Training loss on iteration 140 = 0.4153983471915126
Training loss on iteration 160 = 0.1807196518406272
Training loss on iteration 180 = 0.22312756516039373
Training loss on iteration 200 = 0.2584479299956001
Training loss on iteration 220 = 0.23461828976869584
Training loss on iteration 240 = 0.2267676703631878
Training loss on iteration 260 = 0.26968957036733626
Training loss on iteration 280 = 0.3092922380194068
Training loss on iteration 300 = 0.3620637023821473
Training loss on iteration 320 = 0.3325459685176611
Training loss on iteration 340 = 0.10714248511940241
Training loss on iteration 360 = 0.29276480646803976
Training loss on iteration 380 = 0.20261001251637936
Training loss on iteration 400 = 0.366082682274282
Training loss on iteration 420 = 0.12164850211702287
Training loss on iteration 440 = 0.4028925412334502
Training loss on iteration 460 = 0.25167656973935665
Training loss on iteration 480 = 0.35432295929640534
Training loss on iteration 500 = 0.34855319913476707
Training loss on iteration 520 = 0.29819819927215574
Training loss on iteration 540 = 0.2379277976229787
Training loss on iteration 560 = 0.24227674789726733
Training loss on iteration 580 = 0.5463397996500134
Training loss on iteration 600 = 0.24451538533903658
Training loss on iteration 620 = 0.2583626164123416
Training loss on iteration 640 = 0.25884517561644316
Training loss on iteration 660 = 0.22024218579754234
Training loss on iteration 680 = 0.2170497927814722
Training loss on iteration 700 = 0.33995873369276525
Training loss on iteration 720 = 0.21861608121544124
Training loss on iteration 740 = 0.2985763646662235
Training loss on iteration 760 = 0.26432807743549347
Training loss on iteration 780 = 0.35857265554368495
Training loss on iteration 800 = 0.21118340790271758
Training loss on iteration 820 = 0.20350690931081772
Training loss on iteration 840 = 0.1607375118881464
Training loss on iteration 860 = 0.13071524566039444
Training loss on iteration 880 = 0.35744312703609465
Training loss on iteration 900 = 0.37742565721273424
Training loss on iteration 920 = 0.33363984506577254
Training loss on iteration 940 = 0.30291239395737646
Training loss on iteration 960 = 0.21297863302752376
Training loss on iteration 980 = 0.3598377896938473
Training loss on iteration 1000 = 0.21772523913532496
Training loss on iteration 1020 = 0.2480919105000794
Training loss on iteration 1040 = 0.46375568136572837
Training loss on iteration 1060 = 0.36841302514076235
Training loss on iteration 1080 = 0.3493700582534075
Training loss on iteration 1100 = 0.2748881556093693
Training loss on iteration 1120 = 0.2923566767014563
Training loss on iteration 1140 = 0.30357642471790314
Training loss on iteration 1160 = 0.16287238877266647
Training loss on iteration 1180 = 0.2673619655892253
Training loss on iteration 1200 = 0.33282476691529156
Training loss on iteration 1220 = 0.30059581268578767
Training loss on iteration 1240 = 0.24576342292129993
Training loss on iteration 1260 = 0.2289760316722095
Training loss on iteration 1280 = 0.19785476978868247
Training loss on iteration 1300 = 0.21698203086853027
Training loss on iteration 1320 = 0.28153280057013036
Training loss on iteration 1340 = 0.3194041483104229
Training loss on iteration 1360 = 0.36346882600337266
Training loss on iteration 1380 = 0.43460993086919186
Training loss on iteration 1400 = 0.3481586121022701
Training loss on iteration 1420 = 0.3467610847204924
Training loss on iteration 1440 = 0.20691398046910764
Training loss on iteration 1460 = 0.4409923207014799
Training loss on iteration 1480 = 0.3732172101736069
Training loss on iteration 1500 = 0.2720213197171688
Training loss on iteration 1520 = 0.2577881207689643
Training loss on iteration 1540 = 0.23999622855335473
Training loss on iteration 1560 = 0.2607019149698317
Training loss on iteration 1580 = 0.14850732779596001
Training loss on iteration 1600 = 0.4151069660671055
Training loss on iteration 1620 = 0.20611477373167872
Training loss on iteration 1640 = 0.1651150905992836
Training loss on iteration 1660 = 0.26858364562503995
Training loss on iteration 1680 = 0.33067828249186276
Training loss on iteration 1700 = 0.2282532887533307
Training loss on iteration 1720 = 0.21267540454864503
Training loss on iteration 1740 = 0.354954394698143
Training loss on iteration 1760 = 0.3154719231650233
Training loss on iteration 1780 = 0.29904865506105127
Training loss on iteration 1800 = 0.33697186037898064
Training loss on iteration 1820 = 0.24156519062817097
Training loss on iteration 1840 = 0.305866739153862
Training loss on iteration 1860 = 0.1835080783814192
Training loss on iteration 1880 = 0.1859814187977463
Training loss on iteration 1900 = 0.17052260658238083
Training loss on iteration 1920 = 0.26182993622496725
Training loss on iteration 1940 = 0.26627260451205076
Training loss on iteration 1960 = 0.10498400230426341
Training loss on iteration 1980 = 0.4018969853175804
Training loss on iteration 2000 = 0.34599148519337175
Training loss on iteration 2020 = 0.4629875198937953
Training loss on iteration 2040 = 0.30935258250683545
Training loss on iteration 2060 = 0.24017588701099157
Training loss on iteration 2080 = 0.2078658292070031
Training loss on iteration 2100 = 0.2862460403703153
Training loss on iteration 2120 = 0.35384917724877596
Training loss on iteration 2140 = 0.34044814109802246
Training loss on iteration 2160 = 0.41930229049175977
Training loss on iteration 2180 = 0.1455190735636279
Training loss on iteration 2200 = 0.13447116928873584
Training loss on iteration 2220 = 0.16760611096397043
Training loss on iteration 2240 = 0.7789846048224718
Training loss on iteration 2260 = 0.45399205894209443
Training loss on iteration 2280 = 0.3872520785778761
Training loss on iteration 2300 = 0.20744324760744348
Training loss on iteration 2320 = 0.28041534293442966
Training loss on iteration 2340 = 0.28545511038973925
Training loss on iteration 2360 = 0.33146574199199674
Training loss on iteration 2380 = 0.26945366226136686
Training loss on iteration 2400 = 0.2609490903094411
Training loss on iteration 2420 = 0.24245998859405518
Training loss on iteration 2440 = 0.2554135472630151
Training loss on iteration 2460 = 0.36016643680632116
Training loss on iteration 2480 = 0.22966836458072065
Training loss on iteration 2500 = 0.15076597733423114
Training loss on iteration 2520 = 0.3000491766259074
Training loss on iteration 2540 = 0.19052301719784737
Training loss on iteration 2560 = 0.2563926849514246
Training loss on iteration 2580 = 0.35847999695688487
### EVAL:: Epoch 9:: Loss = 0.18492092797571363 :: ACC = 0.9314367580843226, AUC = 0.9339305380857937, EER = 0.14858780188293083
Training on epoch 10
Training loss on iteration 0 = 0.14259108901023865
Training loss on iteration 20 = 0.23004896361380817
Training loss on iteration 40 = 0.2861848957836628
Training loss on iteration 60 = 0.37328174803406
Training loss on iteration 80 = 0.22854452431201935
Training loss on iteration 100 = 0.21596683054231108
Training loss on iteration 120 = 0.4320465078577399
Training loss on iteration 140 = 0.3028737220913172
Training loss on iteration 160 = 0.3695306135341525
Training loss on iteration 180 = 0.32623182944953444
Training loss on iteration 200 = 0.4964672350790352
Training loss on iteration 220 = 0.46890898756682875
Training loss on iteration 240 = 0.3129584793001413
Training loss on iteration 260 = 0.1919570397119969
Training loss on iteration 280 = 0.2589305699802935
Training loss on iteration 300 = 0.21234953310340643
Training loss on iteration 320 = 0.18043820634484292
Training loss on iteration 340 = 0.19720000075176358
Training loss on iteration 360 = 0.305966354906559
Training loss on iteration 380 = 0.1380519148427993
Training loss on iteration 400 = 0.33745806561782954
Training loss on iteration 420 = 0.25786354709416626
Training loss on iteration 440 = 0.23513671485707163
Training loss on iteration 460 = 0.17013659048825502
Training loss on iteration 480 = 0.3365213703364134
Training loss on iteration 500 = 0.21017536157742142
Training loss on iteration 520 = 0.31749863775912673
Training loss on iteration 540 = 0.18093907251022756
Training loss on iteration 560 = 0.42965158335864545
Training loss on iteration 580 = 0.3741954365745187
Training loss on iteration 600 = 0.24744289442896844
Training loss on iteration 620 = 0.21968489587306977
Training loss on iteration 640 = 0.31236254405230285
Training loss on iteration 660 = 0.19155563446693122
Training loss on iteration 680 = 0.1473526269197464
Training loss on iteration 700 = 0.20306950793601572
Training loss on iteration 720 = 0.20942069520242512
Training loss on iteration 740 = 0.22377241803333164
Training loss on iteration 760 = 0.278246549051255
Training loss on iteration 780 = 0.19711639743763953
Training loss on iteration 800 = 0.25798195973038673
Training loss on iteration 820 = 0.3897297795861959
Training loss on iteration 840 = 0.253999409917742
Training loss on iteration 860 = 0.3249681981280446
Training loss on iteration 880 = 0.270572626311332
Training loss on iteration 900 = 0.17565582813695074
Training loss on iteration 920 = 0.25226967334747313
Training loss on iteration 940 = 0.178464356798213
Training loss on iteration 960 = 0.210398539644666
Training loss on iteration 980 = 0.25850674249231814
Training loss on iteration 1000 = 0.40047300811856984
Training loss on iteration 1020 = 0.35427686586044727
Training loss on iteration 1040 = 0.3030723480973393
Training loss on iteration 1060 = 0.22888292809948324
Training loss on iteration 1080 = 0.16834441795945168
Training loss on iteration 1100 = 0.29035770483314993
Training loss on iteration 1120 = 0.21195510029792786
Training loss on iteration 1140 = 0.18405900853686036
Training loss on iteration 1160 = 0.1661372006405145
Training loss on iteration 1180 = 0.08572509658988565
Training loss on iteration 1200 = 0.14995271237567068
Training loss on iteration 1220 = 0.205261118337512
Training loss on iteration 1240 = 0.2467911382787861
Training loss on iteration 1260 = 0.18257423201575876
Training loss on iteration 1280 = 0.18947343546897172
Training loss on iteration 1300 = 0.17266747914254665
Training loss on iteration 1320 = 0.19903601743280888
Training loss on iteration 1340 = 0.2043391836807132
Training loss on iteration 1360 = 0.13962467266246675
Training loss on iteration 1380 = 0.3768528901040554
Training loss on iteration 1400 = 0.22211396154016255
Training loss on iteration 1420 = 0.24767144510988146
Training loss on iteration 1440 = 0.25466325217857955
Training loss on iteration 1460 = 0.3307780864648521
Training loss on iteration 1480 = 0.2555783484131098
Training loss on iteration 1500 = 0.6065018381923437
Training loss on iteration 1520 = 0.3486741318134591
Training loss on iteration 1540 = 0.47029304941388544
Training loss on iteration 1560 = 0.2560733439400792
Training loss on iteration 1580 = 0.39033271707594397
Training loss on iteration 1600 = 0.516067810729146
Training loss on iteration 1620 = 0.45544357784092426
Training loss on iteration 1640 = 0.5083314031362534
Training loss on iteration 1660 = 0.6518264696002006
Training loss on iteration 1680 = 0.4764784757047892
Training loss on iteration 1700 = 1.2278422594070435
Training loss on iteration 1720 = 0.36084385961294174
Training loss on iteration 1740 = 0.40118342991918327
Training loss on iteration 1760 = 0.48040040824562313
Training loss on iteration 1780 = 0.29365544505417346
Training loss on iteration 1800 = 0.43979100827127693
Training loss on iteration 1820 = 0.21084237340837717
Training loss on iteration 1840 = 0.5151582289487123
Training loss on iteration 1860 = 0.2493701190687716
Training loss on iteration 1880 = 0.22671598671004176
Training loss on iteration 1900 = 0.3905746798729524
Training loss on iteration 1920 = 0.2840784974396229
Training loss on iteration 1940 = 0.519135027565062
Training loss on iteration 1960 = 0.2507378185167909
Training loss on iteration 1980 = 0.21386241568252445
Training loss on iteration 2000 = 0.27847183784469964
Training loss on iteration 2020 = 0.18801837638020516
Training loss on iteration 2040 = 0.47031163424253464
Training loss on iteration 2060 = 0.2001421907916665
Training loss on iteration 2080 = 0.17718453174456955
Training loss on iteration 2100 = 0.2779260266572237
Training loss on iteration 2120 = 0.29430479388684033
Training loss on iteration 2140 = 0.35018765218555925
Training loss on iteration 2160 = 0.34260638868436216
Training loss on iteration 2180 = 0.22668097764253617
Training loss on iteration 2200 = 0.20590117396786808
Training loss on iteration 2220 = 0.15170725942589341
Training loss on iteration 2240 = 0.29632717412896453
Training loss on iteration 2260 = 0.36438892148435115
Training loss on iteration 2280 = 0.22373335603624583
Training loss on iteration 2300 = 0.2337414851412177
Training loss on iteration 2320 = 0.16382634651381522
Training loss on iteration 2340 = 0.17666780152358114
Training loss on iteration 2360 = 0.2693707745522261
Training loss on iteration 2380 = 0.31418523862957953
Training loss on iteration 2400 = 0.2495259827701375
Training loss on iteration 2420 = 0.18303315248340368
Training loss on iteration 2440 = 0.19435864901170136
Training loss on iteration 2460 = 0.2116919204592705
Training loss on iteration 2480 = 0.14408047730103135
Training loss on iteration 2500 = 0.2809635685756803
Training loss on iteration 2520 = 0.21360964291670825
Training loss on iteration 2540 = 0.2933341795578599
Training loss on iteration 2560 = 0.25673282528296115
Training loss on iteration 2580 = 0.20445663183927537
### EVAL:: Epoch 10:: Loss = 0.14181148558750306 :: ACC = 0.9441260744985673, AUC = 0.81946363162797, EER = 0.264428980761359
Training on epoch 11
Training loss on iteration 0 = 0.07163356244564056
Training loss on iteration 20 = 0.16909106224775314
Training loss on iteration 40 = 0.3059561754111201
Training loss on iteration 60 = 0.17395473744254558
Training loss on iteration 80 = 0.33991922754794357
Training loss on iteration 100 = 0.1865263944491744
Training loss on iteration 120 = 0.2676589644514024
Training loss on iteration 140 = 0.2624712659046054
Training loss on iteration 160 = 0.1526804630062543
Training loss on iteration 180 = 0.20424242740264162
Training loss on iteration 200 = 0.12222924288362265
Training loss on iteration 220 = 0.24263832713477312
Training loss on iteration 240 = 0.18296587644144893
Training loss on iteration 260 = 0.17114295156206935
Training loss on iteration 280 = 0.21097580844070762
Training loss on iteration 300 = 0.20826330268755555
Training loss on iteration 320 = 0.17041178983636202
Training loss on iteration 340 = 0.29513684834819287
Training loss on iteration 360 = 0.24608538439497352
Training loss on iteration 380 = 0.18053954550996423
Training loss on iteration 400 = 0.13373254206962884
Training loss on iteration 420 = 0.343672662647441
Training loss on iteration 440 = 0.3149635957553983
Training loss on iteration 460 = 0.32326114028692243
Training loss on iteration 480 = 0.35805383529514073
Training loss on iteration 500 = 0.22001519817858933
Training loss on iteration 520 = 0.2057984173297882
Training loss on iteration 540 = 0.17164624920114874
Training loss on iteration 560 = 0.15704747154377402
Training loss on iteration 580 = 0.29134487323462965
Training loss on iteration 600 = 0.15992357195354998
Training loss on iteration 620 = 0.23152336766943335
Training loss on iteration 640 = 0.21798674911260604
Training loss on iteration 660 = 0.44444656390696763
Training loss on iteration 680 = 0.3559594790451229
Training loss on iteration 700 = 0.23599661285988988
Training loss on iteration 720 = 0.18701225398108362
Training loss on iteration 740 = 0.2674322889186442
Training loss on iteration 760 = 0.3180767950601876
Training loss on iteration 780 = 0.24029826764017342
Training loss on iteration 800 = 0.2889697033911943
Training loss on iteration 820 = 0.21698068045079708
Training loss on iteration 840 = 0.21389041002839804
Training loss on iteration 860 = 0.13410603241063654
Training loss on iteration 880 = 0.30319023290649055
Training loss on iteration 900 = 0.12768388609401882
Training loss on iteration 920 = 0.1589700625045225
Training loss on iteration 940 = 0.2025049301038962
Training loss on iteration 960 = 0.21278761732392013
Training loss on iteration 980 = 0.21125946007668972
Training loss on iteration 1000 = 0.2589783377945423
Training loss on iteration 1020 = 0.17912278650328517
Training loss on iteration 1040 = 0.2463411665521562
Training loss on iteration 1060 = 0.37919106148183346
Training loss on iteration 1080 = 0.19190515549853443
Training loss on iteration 1100 = 0.214863565354608
Training loss on iteration 1120 = 0.14200526098720728
Training loss on iteration 1140 = 0.3705930119380355
Training loss on iteration 1160 = 0.32446025833487513
Training loss on iteration 1180 = 0.446626222669147
Training loss on iteration 1200 = 0.26331017911434174
Training loss on iteration 1220 = 0.37026032854337243
Training loss on iteration 1240 = 0.2497370763681829
Training loss on iteration 1260 = 0.27410981901921333
Training loss on iteration 1280 = 0.17986289598047733
Training loss on iteration 1300 = 0.35358820343390107
Training loss on iteration 1320 = 0.18843635078519583
Training loss on iteration 1340 = 0.1483486536424607
Training loss on iteration 1360 = 0.21188178043812514
Training loss on iteration 1380 = 0.3236870985478163
Training loss on iteration 1400 = 0.4598182089626789
Training loss on iteration 1420 = 0.19191308675799518
Training loss on iteration 1440 = 0.19317171620205045
Training loss on iteration 1460 = 0.1493991746334359
Training loss on iteration 1480 = 0.3699656821787357
Training loss on iteration 1500 = 0.19037310630083085
Training loss on iteration 1520 = 0.27317782696336507
Training loss on iteration 1540 = 0.20824391348287463
Training loss on iteration 1560 = 0.19435349917039274
Training loss on iteration 1580 = 0.20204668317455798
Training loss on iteration 1600 = 0.2298337135463953
Training loss on iteration 1620 = 0.13326946501620113
Training loss on iteration 1640 = 0.2589007804170251
Training loss on iteration 1660 = 0.17249277383089065
Training loss on iteration 1680 = 0.12779875978594646
Training loss on iteration 1700 = 0.2909375471994281
Training loss on iteration 1720 = 0.28515307591296735
Training loss on iteration 1740 = 0.1991238571703434
Training loss on iteration 1760 = 0.31658322690054774
Training loss on iteration 1780 = 0.4522526969667524
Training loss on iteration 1800 = 0.4252487987279892
Training loss on iteration 1820 = 0.1981259267311543
Training loss on iteration 1840 = 0.3728869607672095
Training loss on iteration 1860 = 0.269113309122622
Training loss on iteration 1880 = 0.40670674834400417
Training loss on iteration 1900 = 0.34350283853709696
Training loss on iteration 1920 = 0.3933051828294992
Training loss on iteration 1940 = 0.37663144506514074
Training loss on iteration 1960 = 0.24844312183558942
Training loss on iteration 1980 = 0.30278835650533437
Training loss on iteration 2000 = 0.9031511645764112
Training loss on iteration 2020 = 0.9331610130146146
Training loss on iteration 2040 = 0.5621189851313829
Training loss on iteration 2060 = 0.6295158170163632
Training loss on iteration 2080 = 0.4271155666559935
Training loss on iteration 2100 = 0.4409216335043311
Training loss on iteration 2120 = 0.297259964607656
Training loss on iteration 2140 = 0.20905146496370436
Training loss on iteration 2160 = 0.2299596685450524
Training loss on iteration 2180 = 0.36782509544864295
Training loss on iteration 2200 = 0.3474532118067145
Training loss on iteration 2220 = 0.24689585529267788
Training loss on iteration 2240 = 0.236147204041481
Training loss on iteration 2260 = 0.23988506365567447
Training loss on iteration 2280 = 0.24829151323065163
Training loss on iteration 2300 = 0.26591554190963507
Training loss on iteration 2320 = 0.36238272183109077
Training loss on iteration 2340 = 0.33330860994756223
Training loss on iteration 2360 = 0.31389718735590577
Training loss on iteration 2380 = 0.24003525036387147
Training loss on iteration 2400 = 0.21628173971548675
Training loss on iteration 2420 = 0.202781593054533
Training loss on iteration 2440 = 0.25384748373180627
Training loss on iteration 2460 = 0.26126233823597433
Training loss on iteration 2480 = 0.43663471899926665
Training loss on iteration 2500 = 0.35537234377115967
Training loss on iteration 2520 = 0.5337683249264955
Training loss on iteration 2540 = 0.8743197590112686
Training loss on iteration 2560 = 0.22380139157176018
Training loss on iteration 2580 = 0.40691750291734935
### EVAL:: Epoch 11:: Loss = 0.5381151643070556 :: ACC = 0.7689316414244781, AUC = 0.604079856587753, EER = 0.41915677445763405
Training on epoch 12
Training loss on iteration 0 = 0.37317848205566406
Training loss on iteration 20 = 0.6181858388707042
Training loss on iteration 40 = 0.15615905448794365
Training loss on iteration 60 = 0.2178638999350369
Training loss on iteration 80 = 0.27484572725370526
Training loss on iteration 100 = 0.28018655590713026
Training loss on iteration 120 = 0.21428470220416784
Training loss on iteration 140 = 0.4575168858282268
Training loss on iteration 160 = 0.3735100217163563
Training loss on iteration 180 = 0.2790211318060756
Training loss on iteration 200 = 0.3055910307914019
Training loss on iteration 220 = 0.2489049205556512
Training loss on iteration 240 = 0.25912897242233157
Training loss on iteration 260 = 0.2618060157168657
Training loss on iteration 280 = 0.239220404997468
Training loss on iteration 300 = 0.323855921626091
Training loss on iteration 320 = 0.45068211741745473
Training loss on iteration 340 = 0.2848102919757366
Training loss on iteration 360 = 0.19026182321831583
Training loss on iteration 380 = 0.3295213642530143
Training loss on iteration 400 = 0.29758377373218536
Training loss on iteration 420 = 0.25451737772673366
Training loss on iteration 440 = 0.22083431519567967
Training loss on iteration 460 = 0.2569322571158409
Training loss on iteration 480 = 0.3328040199354291
Training loss on iteration 500 = 0.3351703530177474
Training loss on iteration 520 = 0.2816569386050105
Training loss on iteration 540 = 0.26534160124137995
Training loss on iteration 560 = 0.2649971146136522
Training loss on iteration 580 = 0.15866634175181388
Training loss on iteration 600 = 0.31809939281083643
Training loss on iteration 620 = 0.2579524962231517
Training loss on iteration 640 = 0.2808664320036769
Training loss on iteration 660 = 0.3059675272554159
Training loss on iteration 680 = 0.21570329247042536
Training loss on iteration 700 = 0.1526983296891558
Training loss on iteration 720 = 0.19191242509987205
Training loss on iteration 740 = 0.7062775224214419
Training loss on iteration 760 = 0.35928535610437395
Training loss on iteration 780 = 0.2054958462715149
Training loss on iteration 800 = 0.22150290226563812
Training loss on iteration 820 = 0.27249296233057974
Training loss on iteration 840 = 0.3008085584267974
Training loss on iteration 860 = 0.25419026548042895
Training loss on iteration 880 = 0.2639447359368205
Training loss on iteration 900 = 0.23861122773960233
Training loss on iteration 920 = 0.24170993296429516
Training loss on iteration 940 = 0.34242262318730354
Training loss on iteration 960 = 0.2654552564956248
Training loss on iteration 980 = 0.21799590308219194
Training loss on iteration 1000 = 0.24005888886749743
Training loss on iteration 1020 = 0.29335149098187685
Training loss on iteration 1040 = 0.34489876944571735
Training loss on iteration 1060 = 0.2290524265728891
Training loss on iteration 1080 = 0.19749713116325437
Training loss on iteration 1100 = 0.16014679049840197
Training loss on iteration 1120 = 0.3139282887801528
Training loss on iteration 1140 = 0.31008225996047256
Training loss on iteration 1160 = 0.21049122512340546
Training loss on iteration 1180 = 0.18630477022379638
Training loss on iteration 1200 = 0.29294124646112324
Training loss on iteration 1220 = 0.3201271235942841
Training loss on iteration 1240 = 0.1794922722503543
Training loss on iteration 1260 = 0.18097981102764607
Training loss on iteration 1280 = 0.39217142947018147
Training loss on iteration 1300 = 0.3022794283926487
Training loss on iteration 1320 = 0.3105471471324563
Training loss on iteration 1340 = 0.15737334843724965
Training loss on iteration 1360 = 0.16957533406093717
Training loss on iteration 1380 = 0.38566381759010254
Training loss on iteration 1400 = 0.2402348903939128
Training loss on iteration 1420 = 0.1947944507934153
Training loss on iteration 1440 = 0.4632674905471504
Training loss on iteration 1460 = 0.28401715829968455
Training loss on iteration 1480 = 0.14708432329352944
Training loss on iteration 1500 = 0.24987383615225553
Training loss on iteration 1520 = 0.29043081528507175
Training loss on iteration 1540 = 0.2761315893381834
Training loss on iteration 1560 = 0.36336334981024265
Training loss on iteration 1580 = 0.21037910394370557
Training loss on iteration 1600 = 0.1732439205981791
Training loss on iteration 1620 = 0.2514298618072644
Training loss on iteration 1640 = 0.16398491971194745
Training loss on iteration 1660 = 0.23987622889690102
Training loss on iteration 1680 = 0.26698539201170207
Training loss on iteration 1700 = 0.18000048473477365
Training loss on iteration 1720 = 0.17338968748226763
Training loss on iteration 1740 = 0.24887954317964614
Training loss on iteration 1760 = 0.29580706646665933
Training loss on iteration 1780 = 0.26475580763071777
Training loss on iteration 1800 = 0.28938674479722976
Training loss on iteration 1820 = 0.49282441213726996
Training loss on iteration 1840 = 0.3211025331169367
Training loss on iteration 1860 = 0.3128154248232022
Training loss on iteration 1880 = 0.2560788339702412
Training loss on iteration 1900 = 0.4543397963047028
Training loss on iteration 1920 = 0.5480622424278409
Training loss on iteration 1940 = 0.5170427931472659
Training loss on iteration 1960 = 0.31907409373670814
Training loss on iteration 1980 = 0.2504513258114457
Training loss on iteration 2000 = 0.26158265136182307
Training loss on iteration 2020 = 0.1872923661954701
Training loss on iteration 2040 = 0.19805151503533125
Training loss on iteration 2060 = 0.36962292715907097
Training loss on iteration 2080 = 0.23119388278573752
Training loss on iteration 2100 = 0.16845904728397726
Training loss on iteration 2120 = 0.2837940796278417
Training loss on iteration 2140 = 0.3269565224647522
Training loss on iteration 2160 = 0.21055392334237694
Training loss on iteration 2180 = 0.36377682760357855
Training loss on iteration 2200 = 0.2819384545087814
Training loss on iteration 2220 = 0.24981475335080178
Training loss on iteration 2240 = 0.1921187463682145
Training loss on iteration 2260 = 0.15334412581287324
Training loss on iteration 2280 = 0.24044540845789014
Training loss on iteration 2300 = 0.2783512145280838
Training loss on iteration 2320 = 0.17505862805992364
Training loss on iteration 2340 = 0.20510794250294567
Training loss on iteration 2360 = 0.46811665389686824
Training loss on iteration 2380 = 0.41971272360533474
Training loss on iteration 2400 = 0.30286846999078987
Training loss on iteration 2420 = 0.23190999105572702
Training loss on iteration 2440 = 0.3158104920759797
Training loss on iteration 2460 = 0.19748075753450395
Training loss on iteration 2480 = 0.43648874731734394
Training loss on iteration 2500 = 0.3884154502302408
Training loss on iteration 2520 = 0.24471101481467486
Training loss on iteration 2540 = 0.22389158206060528
Training loss on iteration 2560 = 0.4625664884224534
Training loss on iteration 2580 = 0.3267774499952793
### EVAL:: Epoch 12:: Loss = 0.28965858227939006 :: ACC = 0.8790421612771183, AUC = 0.4234391024905295, EER = 0.5611952517396643
Training on epoch 13
Training loss on iteration 0 = 0.3031388223171234
Training loss on iteration 20 = 0.22487077489495277
Training loss on iteration 40 = 0.26996736545115707
Training loss on iteration 60 = 0.27511911280453205
Training loss on iteration 80 = 0.19652524059638382
Training loss on iteration 100 = 0.34040327947586774
Training loss on iteration 120 = 0.2677120752632618
Training loss on iteration 140 = 0.27707425113767387
Training loss on iteration 160 = 0.2799060093704611
Training loss on iteration 180 = 0.2548246524762362
Training loss on iteration 200 = 0.2780861176550388
Training loss on iteration 220 = 0.23250953406095504
Training loss on iteration 240 = 0.24918181598186492
Training loss on iteration 260 = 0.20773657674435525
Training loss on iteration 280 = 0.2389651439152658
Training loss on iteration 300 = 0.43139016469940544
Training loss on iteration 320 = 0.3656978107988834
Training loss on iteration 340 = 0.2444995386642404
Training loss on iteration 360 = 0.28985164035111666
Training loss on iteration 380 = 0.32250248100608586
Training loss on iteration 400 = 0.42046519815921785
Training loss on iteration 420 = 0.40779487006366255
Training loss on iteration 440 = 0.2862451128661633
Training loss on iteration 460 = 0.2619127346202731
Training loss on iteration 480 = 0.29331337814219294
Training loss on iteration 500 = 0.22256513172760606
Training loss on iteration 520 = 0.2535384288057685
Training loss on iteration 540 = 0.26601251228712497
Training loss on iteration 560 = 0.22234971839934586
Training loss on iteration 580 = 0.3078197922324762
Training loss on iteration 600 = 0.2675031112506986
Training loss on iteration 620 = 0.3361481552943587
Training loss on iteration 640 = 0.2885005235671997
Training loss on iteration 660 = 0.17926598098129035
Training loss on iteration 680 = 0.1858509906218387
Training loss on iteration 700 = 0.25194255746901034
Training loss on iteration 720 = 0.2576413390052039
Training loss on iteration 740 = 0.14059049031930043
Training loss on iteration 760 = 0.3221984530799091
Training loss on iteration 780 = 0.24917958742007612
Training loss on iteration 800 = 0.1872612362727523
Training loss on iteration 820 = 0.29157531168311834
Training loss on iteration 840 = 0.2054413708858192
Training loss on iteration 860 = 0.2297497136052698
Training loss on iteration 880 = 0.1565880853217095
Training loss on iteration 900 = 0.15566600875463338
Training loss on iteration 920 = 0.2282097044400871
Training loss on iteration 940 = 0.2371076324954629
Training loss on iteration 960 = 0.16569906137883664
Training loss on iteration 980 = 0.2352185054682195
Training loss on iteration 1000 = 0.1766063544899225
Training loss on iteration 1020 = 0.32117121014744043
Training loss on iteration 1040 = 0.3122994347475469
Training loss on iteration 1060 = 0.2439704081043601
Training loss on iteration 1080 = 0.3557890929048881
Training loss on iteration 1100 = 0.27675156891345976
Training loss on iteration 1120 = 0.512755682785064
Training loss on iteration 1140 = 0.33089032433927057
Training loss on iteration 1160 = 0.5416988111333921
Training loss on iteration 1180 = 0.3417164103128016
Training loss on iteration 1200 = 0.22285028472542762
Training loss on iteration 1220 = 0.18218754045665264
Training loss on iteration 1240 = 0.25929420441389084
Training loss on iteration 1260 = 0.17262293715029955
Training loss on iteration 1280 = 0.21022048145532607
Training loss on iteration 1300 = 0.20942927030846475
Training loss on iteration 1320 = 0.28996727699413893
Training loss on iteration 1340 = 0.17724783741869032
Training loss on iteration 1360 = 0.3159519761800766
Training loss on iteration 1380 = 0.17978518567979335
Training loss on iteration 1400 = 0.14287266414612532
Training loss on iteration 1420 = 0.18936404078267516
Training loss on iteration 1440 = 0.21214636182412505
Training loss on iteration 1460 = 0.18054590243846177
Training loss on iteration 1480 = 0.21019975137896835
Training loss on iteration 1500 = 0.24520242866128683
Training loss on iteration 1520 = 0.19720269329845905
Training loss on iteration 1540 = 0.3460694055305794
Training loss on iteration 1560 = 0.15723691610619425
Training loss on iteration 1580 = 0.228380456706509
Training loss on iteration 1600 = 0.25244165589101614
Training loss on iteration 1620 = 0.25451854371931404
Training loss on iteration 1640 = 0.29406504817306994
Training loss on iteration 1660 = 0.22301258323714138
Training loss on iteration 1680 = 0.4367997432127595
Training loss on iteration 1700 = 0.18615429485216736
Training loss on iteration 1720 = 0.30941596899647267
Training loss on iteration 1740 = 0.23612026888877152
Training loss on iteration 1760 = 0.11758200081530959
Training loss on iteration 1780 = 0.2494958263123408
Training loss on iteration 1800 = 0.5363275082781911
Training loss on iteration 1820 = 0.8392627127468586
Training loss on iteration 1840 = 0.8894679580815137
Training loss on iteration 1860 = 0.8065840363502502
Training loss on iteration 1880 = 0.6492129847407341
Training loss on iteration 1900 = 0.5049483977258206
Training loss on iteration 1920 = 0.42458086237311365
Training loss on iteration 1940 = 0.2365678205154836
Training loss on iteration 1960 = 0.5072845101356507
Training loss on iteration 1980 = 5.8098469387739895
Training loss on iteration 2000 = 2.1951142199337483
Training loss on iteration 2020 = 0.8281644940376282
Training loss on iteration 2040 = 1.1714447386562825
Training loss on iteration 2060 = 0.7199213050305844
Training loss on iteration 2080 = 0.7717583924531937
Training loss on iteration 2100 = 0.6733543440699578
Training loss on iteration 2120 = 0.4969393461942673
Training loss on iteration 2140 = 0.5800857439637184
Training loss on iteration 2160 = 0.5840036600828171
Training loss on iteration 2180 = 0.4730281323194504
Training loss on iteration 2200 = 0.45442674979567527
Training loss on iteration 2220 = 0.36386809721589086
Training loss on iteration 2240 = 0.4914782322943211
Training loss on iteration 2260 = 0.5011644169688225
Training loss on iteration 2280 = 0.3997910965234041
Training loss on iteration 2300 = 0.42771062813699245
Training loss on iteration 2320 = 0.40255927219986914
Training loss on iteration 2340 = 0.5167745612561703
Training loss on iteration 2360 = 0.3628119438886642
Training loss on iteration 2380 = 0.30955343805253505
Training loss on iteration 2400 = 0.45633030254393814
Training loss on iteration 2420 = 0.4405673421919346
Training loss on iteration 2440 = 0.3487961754202843
Training loss on iteration 2460 = 0.46206492036581037
Training loss on iteration 2480 = 0.3767264287918806
Training loss on iteration 2500 = 0.4138638753443956
Training loss on iteration 2520 = 0.44532882496714593
Training loss on iteration 2540 = 0.336329161003232
Training loss on iteration 2560 = 0.4325033063068986
Training loss on iteration 2580 = 0.29340726118534805
### EVAL:: Epoch 13:: Loss = 0.24700899338749654 :: ACC = 0.9081047891936144, AUC = 0.352728413308493, EER = 0.612771182971756
Training on epoch 14
Training loss on iteration 0 = 0.049482621252536774
Training loss on iteration 20 = 0.34184351898729803
Training loss on iteration 40 = 0.388701406121254
Training loss on iteration 60 = 0.33956108391284945
Training loss on iteration 80 = 0.2201688028872013
Training loss on iteration 100 = 0.23152649477124215
Training loss on iteration 120 = 0.27056227829307317
Training loss on iteration 140 = 0.26763463504612445
Training loss on iteration 160 = 0.36560798417776824
Training loss on iteration 180 = 0.35157586336135865
Training loss on iteration 200 = 0.3922769524157047
Training loss on iteration 220 = 0.3855150658637285
Training loss on iteration 240 = 0.3793969675898552
Training loss on iteration 260 = 0.5360908631235362
Training loss on iteration 280 = 0.3620010770857334
Training loss on iteration 300 = 0.29923848882317544
Training loss on iteration 320 = 0.37092300690710545
Training loss on iteration 340 = 0.359731459710747
Training loss on iteration 360 = 0.3838491916656494
Training loss on iteration 380 = 0.37523827217519284
Training loss on iteration 400 = 0.40394442081451415
Training loss on iteration 420 = 0.4293723464012146
Training loss on iteration 440 = 0.5757507838308811
Training loss on iteration 460 = 0.5052369091659784
Training loss on iteration 480 = 0.38968252325430514
Training loss on iteration 500 = 0.4272749228402972
Training loss on iteration 520 = 0.3994402129203081
Training loss on iteration 540 = 0.3706531699746847
Training loss on iteration 560 = 0.17749923840165138
Training loss on iteration 580 = 0.20366038251668214
Training loss on iteration 600 = 0.25544552244246005
Training loss on iteration 620 = 0.3756060710409656
Training loss on iteration 640 = 0.5051830776035786
Training loss on iteration 660 = 0.28960696812719106
Training loss on iteration 680 = 0.3345522403717041
Training loss on iteration 700 = 0.3276882998645306
Training loss on iteration 720 = 0.3530900191515684
Training loss on iteration 740 = 0.47514804229140284
Training loss on iteration 760 = 0.36484758406877515
Training loss on iteration 780 = 0.35931947026401756
Training loss on iteration 800 = 0.3372351281344891
Training loss on iteration 820 = 0.4214622966945171
Training loss on iteration 840 = 0.6063342303037643
Training loss on iteration 860 = 0.4646184161305428
Training loss on iteration 880 = 0.3696494372561574
Training loss on iteration 900 = 0.3018728569149971
Training loss on iteration 920 = 0.32473093960434196
Training loss on iteration 940 = 0.48049067296087744
Training loss on iteration 960 = 0.2862267531454563
Training loss on iteration 980 = 0.2067269202321768
Training loss on iteration 1000 = 0.30837078467011453
Training loss on iteration 1020 = 0.31641027219593526
Training loss on iteration 1040 = 0.4354887954890728
Training loss on iteration 1060 = 0.30453278962522745
Training loss on iteration 1080 = 0.3629093043506145
Training loss on iteration 1100 = 0.30695999767631293
Training loss on iteration 1120 = 0.3540826776996255
Training loss on iteration 1140 = 0.2162089843302965
Training loss on iteration 1160 = 0.2901051678694785
Training loss on iteration 1180 = 0.2647633599117398
Training loss on iteration 1200 = 0.3295366860926151
Training loss on iteration 1220 = 0.4363268016837537
Training loss on iteration 1240 = 0.6906529519706964
Training loss on iteration 1260 = 0.4389562959782779
Training loss on iteration 1280 = 0.334142607729882
Training loss on iteration 1300 = 0.18990133553743363
Training loss on iteration 1320 = 0.3178883596323431
Training loss on iteration 1340 = 0.28242045231163504
Training loss on iteration 1360 = 0.32747560683637855
Training loss on iteration 1380 = 0.26980422865599396
Training loss on iteration 1400 = 0.23300478495657445
Training loss on iteration 1420 = 0.24473132323473692
Training loss on iteration 1440 = 0.3904763663187623
Training loss on iteration 1460 = 0.3979832986369729
Training loss on iteration 1480 = 0.3632856599986553
Training loss on iteration 1500 = 0.2623303378000855
Training loss on iteration 1520 = 0.5142481196671724
Training loss on iteration 1540 = 0.3388335377909243
Training loss on iteration 1560 = 0.2873591840267181
Training loss on iteration 1580 = 0.19606505669653415
Training loss on iteration 1600 = 0.21112576844170688
Training loss on iteration 1620 = 0.41685913410037756
Training loss on iteration 1640 = 0.43011842407286166
Training loss on iteration 1660 = 0.42689499706029893
Training loss on iteration 1680 = 0.23137795738875866
Training loss on iteration 1700 = 0.4673452328890562
Training loss on iteration 1720 = 0.2797418705187738
Training loss on iteration 1740 = 0.404754888266325
Training loss on iteration 1760 = 0.21370624247938394
Training loss on iteration 1780 = 0.33623260278254746
Training loss on iteration 1800 = 0.32631780542433264
Training loss on iteration 1820 = 0.31370694590732456
Training loss on iteration 1840 = 0.2803188178688288
Training loss on iteration 1860 = 0.34539085868746044
Training loss on iteration 1880 = 0.4972475428134203
Training loss on iteration 1900 = 0.28920379662886264
Training loss on iteration 1920 = 0.5884743105620146
Training loss on iteration 1940 = 0.5253458065912128
Training loss on iteration 1960 = 0.4225814320147038
Training loss on iteration 1980 = 0.2472000762820244
Training loss on iteration 2000 = 0.2524492783471942
Training loss on iteration 2020 = 0.3236032214947045
Training loss on iteration 2040 = 0.27315892856568097
Training loss on iteration 2060 = 0.2406381893903017
Training loss on iteration 2080 = 0.30384845649823544
Training loss on iteration 2100 = 0.34564198181033134
Training loss on iteration 2120 = 0.19059616681188346
Training loss on iteration 2140 = 0.23233703477308154
Training loss on iteration 2160 = 0.27984508061781527
Training loss on iteration 2180 = 0.19634252954274417
Training loss on iteration 2200 = 0.27143880566582085
Training loss on iteration 2220 = 0.3375559961423278
Training loss on iteration 2240 = 0.2640586427412927
Training loss on iteration 2260 = 0.253018110897392
Training loss on iteration 2280 = 0.19865070236846805
Training loss on iteration 2300 = 0.2093006183858961
Training loss on iteration 2320 = 0.26397616136819124
Training loss on iteration 2340 = 0.261843497492373
Training loss on iteration 2360 = 0.15824530115351082
Training loss on iteration 2380 = 0.113021444901824
Training loss on iteration 2400 = 0.29862820357084274
Training loss on iteration 2420 = 0.2816136073321104
Training loss on iteration 2440 = 0.21479374822229147
Training loss on iteration 2460 = 0.23714163564145566
Training loss on iteration 2480 = 0.11506137810647488
Training loss on iteration 2500 = 0.16800792859867214
Training loss on iteration 2520 = 0.2168651865562424
Training loss on iteration 2540 = 0.21138602504506707
Training loss on iteration 2560 = 0.30206153467297553
Training loss on iteration 2580 = 0.27191815748810766
### EVAL:: Epoch 14:: Loss = 0.1033660006056614 :: ACC = 0.9631600491199345, AUC = 0.12271203832145743, EER = 0.7981989357347523
Training on epoch 15
Training loss on iteration 0 = 0.24131016433238983
Training loss on iteration 20 = 0.19744320744648575
Training loss on iteration 40 = 0.24514606627635657
Training loss on iteration 60 = 0.30606366954743863
Training loss on iteration 80 = 0.18159424690529705
Training loss on iteration 100 = 0.27076113992370665
Training loss on iteration 120 = 0.3146089525893331
Training loss on iteration 140 = 0.22837225045077503
Training loss on iteration 160 = 0.2239031232893467
Training loss on iteration 180 = 0.1958509050309658
Training loss on iteration 200 = 0.21261891229078173
Training loss on iteration 220 = 0.2480390951037407
Training loss on iteration 240 = 0.4288238426670432
Training loss on iteration 260 = 0.391285914555192
Training loss on iteration 280 = 0.35628816271200775
Training loss on iteration 300 = 0.2290869458578527
Training loss on iteration 320 = 0.30660052720922976
Training loss on iteration 340 = 0.18896700236946345
Training loss on iteration 360 = 0.23279453841969372
Training loss on iteration 380 = 0.33374174712225796
Training loss on iteration 400 = 0.17968254182487725
Training loss on iteration 420 = 0.26060002874583005
Training loss on iteration 440 = 0.2673188361339271
Training loss on iteration 460 = 0.2224811263382435
Training loss on iteration 480 = 0.25078422981314363
Training loss on iteration 500 = 0.12418991695158184
Training loss on iteration 520 = 0.2749604843556881
Training loss on iteration 540 = 0.2575865691062063
Training loss on iteration 560 = 0.1697994557209313
Training loss on iteration 580 = 0.2024893296416849
Training loss on iteration 600 = 0.20248534083366393
Training loss on iteration 620 = 0.31671565435826776
Training loss on iteration 640 = 0.3546424330677837
Training loss on iteration 660 = 0.2231975625269115
Training loss on iteration 680 = 0.19104706663638354
Training loss on iteration 700 = 0.18252039838116615
Training loss on iteration 720 = 0.3750502529554069
Training loss on iteration 740 = 0.2028880687430501
Training loss on iteration 760 = 0.19174208634067327
Training loss on iteration 780 = 0.38399326633661984
Training loss on iteration 800 = 0.3801858425140381
Training loss on iteration 820 = 0.24480033528525383
Training loss on iteration 840 = 0.2451504161581397
Training loss on iteration 860 = 0.29500948954373596
Training loss on iteration 880 = 0.3137541550444439
Training loss on iteration 900 = 0.17773662442341448
Training loss on iteration 920 = 0.37573627531528475
Training loss on iteration 940 = 0.2189442103728652
Training loss on iteration 960 = 0.25669684102758766
Training loss on iteration 980 = 0.24186515230685474
Training loss on iteration 1000 = 0.25991006568074226
Training loss on iteration 1020 = 0.291812314838171
Training loss on iteration 1040 = 0.3336845229845494
Training loss on iteration 1060 = 0.28224314386025073
Training loss on iteration 1080 = 0.34041617847979067
Training loss on iteration 1100 = 0.27292939033359287
Training loss on iteration 1120 = 0.20127554200589656
Training loss on iteration 1140 = 0.3641516460571438
Training loss on iteration 1160 = 0.1751629769569263
Training loss on iteration 1180 = 0.2557615803088993
Training loss on iteration 1200 = 0.35992432981729505
Training loss on iteration 1220 = 0.5351596156135201
Training loss on iteration 1240 = 0.33482494195923207
Training loss on iteration 1260 = 0.38385750632733107
Training loss on iteration 1280 = 0.33798440573737026
Training loss on iteration 1300 = 0.3066816763021052
Training loss on iteration 1320 = 0.18663436989299953
Training loss on iteration 1340 = 0.1444886254146695
Training loss on iteration 1360 = 0.2059696306474507
Training loss on iteration 1380 = 0.23659468218684196
Training loss on iteration 1400 = 0.29309938885271547
Training loss on iteration 1420 = 0.23486345075070858
Training loss on iteration 1440 = 0.4124951519072056
Training loss on iteration 1460 = 0.3946710526943207
Training loss on iteration 1480 = 0.3550788849592209
Training loss on iteration 1500 = 0.3237367392517626
Training loss on iteration 1520 = 0.25410987846553323
Training loss on iteration 1540 = 0.11280109896324575
Training loss on iteration 1560 = 0.07719793154974468
Training loss on iteration 1580 = 0.18377749965293333
Training loss on iteration 1600 = 0.26289444283465857
Training loss on iteration 1620 = 0.4204652490094304
Training loss on iteration 1640 = 0.38428187035024164
Training loss on iteration 1660 = 0.32982689533382653
Training loss on iteration 1680 = 0.2174977719783783
Training loss on iteration 1700 = 0.12964092972688376
Training loss on iteration 1720 = 0.24620895176194607
Training loss on iteration 1740 = 0.16407210691832005
Training loss on iteration 1760 = 0.27633022211957725
Training loss on iteration 1780 = 0.1928424377925694
Training loss on iteration 1800 = 0.19998334175907076
Training loss on iteration 1820 = 0.3005746241658926
Training loss on iteration 1840 = 0.2596457050181925
Training loss on iteration 1860 = 0.310805787332356
Training loss on iteration 1880 = 0.3364089546725154
Training loss on iteration 1900 = 0.3266498225275427
Training loss on iteration 1920 = 0.21590461265295743
Training loss on iteration 1940 = 0.2856726380996406
Training loss on iteration 1960 = 0.18696305379271508
Training loss on iteration 1980 = 0.17904686874244363
Training loss on iteration 2000 = 0.1483103114645928
Training loss on iteration 2020 = 0.2596951012965292
Training loss on iteration 2040 = 0.24374449867755174
Training loss on iteration 2060 = 0.17554101126734167
Training loss on iteration 2080 = 0.14946409058757126
Training loss on iteration 2100 = 0.49426907636225226
Training loss on iteration 2120 = 0.26388771168421954
Training loss on iteration 2140 = 0.36454393081367015
Training loss on iteration 2160 = 0.15366277315188198
Training loss on iteration 2180 = 0.2844289022265002
Training loss on iteration 2200 = 0.19414592627435923
Training loss on iteration 2220 = 0.40668172696605326
Training loss on iteration 2240 = 0.14994996576569974
Training loss on iteration 2260 = 0.21451547124888748
Training loss on iteration 2280 = 0.2550642515299842
Training loss on iteration 2300 = 0.23751144774723798
Training loss on iteration 2320 = 0.22156597352586688
Training loss on iteration 2340 = 0.5439046340063214
Training loss on iteration 2360 = 0.4387089468538761
Training loss on iteration 2380 = 0.3621125094592571
Training loss on iteration 2400 = 0.4695808982476592
Training loss on iteration 2420 = 0.33525477051734925
Training loss on iteration 2440 = 0.3646152066066861
Training loss on iteration 2460 = 0.24939594101160764
Training loss on iteration 2480 = 0.15572816794738173
Training loss on iteration 2500 = 0.13702041746582835
Training loss on iteration 2520 = 0.17042863704264163
Training loss on iteration 2540 = 0.3022457450628281
Training loss on iteration 2560 = 0.39745532497763636
Training loss on iteration 2580 = 0.20574537739157678
### EVAL:: Epoch 15:: Loss = 0.12501483952523265 :: ACC = 0.9580433892754809, AUC = 0.30268090356149685, EER = 0.6467458043389276
Training on epoch 16
Training loss on iteration 0 = 0.005671752616763115
Training loss on iteration 20 = 0.24380145445466042
Training loss on iteration 40 = 0.4360711757559329
Training loss on iteration 60 = 0.1997305671684444
Training loss on iteration 80 = 0.5900798976799706
Training loss on iteration 100 = 0.4655352093279362
Training loss on iteration 120 = 0.2476948794675991
Training loss on iteration 140 = 0.2586900474503636
Training loss on iteration 160 = 0.16972847850993275
Training loss on iteration 180 = 0.24318473991006612
Training loss on iteration 200 = 0.2589419150725007
Training loss on iteration 220 = 0.14655893321614713
Training loss on iteration 240 = 0.30901871658861635
Training loss on iteration 260 = 0.3100300656631589
Training loss on iteration 280 = 0.2656698260456324
Training loss on iteration 300 = 0.23769406508654356
Training loss on iteration 320 = 0.1616791925393045
Training loss on iteration 340 = 0.23431879170238973
Training loss on iteration 360 = 0.2049479847191833
Training loss on iteration 380 = 0.4288338957354426
Training loss on iteration 400 = 0.23058688634773716
Training loss on iteration 420 = 0.22156030889600514
Training loss on iteration 440 = 0.2576883465051651
Training loss on iteration 460 = 0.2418227966874838
Training loss on iteration 480 = 0.14394590826705098
Training loss on iteration 500 = 0.1884877986740321
Training loss on iteration 520 = 0.514772585965693
Training loss on iteration 540 = 0.6030965244746767
Training loss on iteration 560 = 0.6725149899721146
Training loss on iteration 580 = 0.4908192653208971
Training loss on iteration 600 = 0.633269390463829
Training loss on iteration 620 = 0.4771269492805004
Training loss on iteration 640 = 0.2859218748286366
Training loss on iteration 660 = 0.2814980985596776
Training loss on iteration 680 = 0.2663425276055932
Training loss on iteration 700 = 0.1850893850903958
Training loss on iteration 720 = 0.32812723284587264
Training loss on iteration 740 = 0.28220472019165754
Training loss on iteration 760 = 0.17252811826765538
Training loss on iteration 780 = 0.36280824299901726
Training loss on iteration 800 = 0.28019836377352475
Training loss on iteration 820 = 0.21367815379053354
Training loss on iteration 840 = 0.3328053648583591
Training loss on iteration 860 = 0.24058694895356894
Training loss on iteration 880 = 0.3133325156755745
Training loss on iteration 900 = 0.37165163960307834
Training loss on iteration 920 = 0.3198887274134904
Training loss on iteration 940 = 0.2382785551249981
Training loss on iteration 960 = 0.27431837320327757
Training loss on iteration 980 = 0.49199560955166816
Training loss on iteration 1000 = 0.6055578324943781
Training loss on iteration 1020 = 0.261824157088995
Training loss on iteration 1040 = 0.2046172282192856
Training loss on iteration 1060 = 0.33572032512165606
Training loss on iteration 1080 = 0.2644011930562556
Training loss on iteration 1100 = 0.1487874485552311
Training loss on iteration 1120 = 0.19288287195377052
Training loss on iteration 1140 = 0.15376643447671084
Training loss on iteration 1160 = 0.320843961276114
Training loss on iteration 1180 = 0.2157490562647581
Training loss on iteration 1200 = 0.32598952706903217
Training loss on iteration 1220 = 0.2150021933019161
Training loss on iteration 1240 = 0.31487159337848425
Training loss on iteration 1260 = 0.22191803308669478
Training loss on iteration 1280 = 0.21223916879389434
Training loss on iteration 1300 = 0.21420970614999532
Training loss on iteration 1320 = 0.1577509936876595
Training loss on iteration 1340 = 0.19369001211598516
Training loss on iteration 1360 = 0.511315305903554
Training loss on iteration 1380 = 0.3624398482963443
Training loss on iteration 1400 = 0.31075534811243416
Training loss on iteration 1420 = 0.2475647090934217
Training loss on iteration 1440 = 0.17867978354915975
Training loss on iteration 1460 = 0.17948010568507017
Training loss on iteration 1480 = 0.26165530597791076
Training loss on iteration 1500 = 0.30340013056993487
Training loss on iteration 1520 = 0.2665285379625857
Training loss on iteration 1540 = 0.2078719652025029
Training loss on iteration 1560 = 0.3912119044922292
Training loss on iteration 1580 = 0.23919037375599145
Training loss on iteration 1600 = 0.2977600771933794
Training loss on iteration 1620 = 0.25120685063302517
Training loss on iteration 1640 = 0.25558247533626854
Training loss on iteration 1660 = 0.20028950423002242
Training loss on iteration 1680 = 0.24451125990599393
Training loss on iteration 1700 = 0.3485937270335853
Training loss on iteration 1720 = 0.15515153808519244
Training loss on iteration 1740 = 0.25620277556590737
Training loss on iteration 1760 = 0.2670509441755712
Training loss on iteration 1780 = 0.24556173174642026
Training loss on iteration 1800 = 0.2999289883300662
Training loss on iteration 1820 = 0.19059592243283988
Training loss on iteration 1840 = 0.3475803613197058
Training loss on iteration 1860 = 0.3671965688467026
Training loss on iteration 1880 = 0.21163110884372144
Training loss on iteration 1900 = 0.43192172776907684
Training loss on iteration 1920 = 0.2569791993126273
Training loss on iteration 1940 = 0.4860949354246259
Training loss on iteration 1960 = 0.18309817714616655
Training loss on iteration 1980 = 0.3452823414932936
Training loss on iteration 2000 = 0.3942456401884556
Training loss on iteration 2020 = 0.22364592039957643
Training loss on iteration 2040 = 0.32214237805455925
Training loss on iteration 2060 = 0.22059842944145203
Training loss on iteration 2080 = 0.36571897328831254
Training loss on iteration 2100 = 0.20770390704274178
Training loss on iteration 2120 = 0.1669825493823737
Training loss on iteration 2140 = 0.3529842963442206
Training loss on iteration 2160 = 0.26494119977578523
Training loss on iteration 2180 = 0.2994090436026454
Training loss on iteration 2200 = 0.2780153643339872
Training loss on iteration 2220 = 0.33817678871564566
Training loss on iteration 2240 = 0.3764597563073039
Training loss on iteration 2260 = 0.3547070728614926
Training loss on iteration 2280 = 0.39489406878128647
Training loss on iteration 2300 = 0.46440841294825075
Training loss on iteration 2320 = 0.4942903546616435
Training loss on iteration 2340 = 0.262174753844738
Training loss on iteration 2360 = 0.5318984355777502
Training loss on iteration 2380 = 0.41161156371235846
Training loss on iteration 2400 = 0.4324528193101287
Training loss on iteration 2420 = 0.24462608229368926
Training loss on iteration 2440 = 0.2449634808115661
Training loss on iteration 2460 = 0.40794639363884927
Training loss on iteration 2480 = 0.14621251778444275
Training loss on iteration 2500 = 0.25434281951747834
Training loss on iteration 2520 = 0.24214002285152675
Training loss on iteration 2540 = 0.22147788070142269
Training loss on iteration 2560 = 0.22837257348001003
Training loss on iteration 2580 = 0.21532791932113468
### EVAL:: Epoch 16:: Loss = 0.1469210744544993 :: ACC = 0.9502660663119116, AUC = 0.2339026069455212, EER = 0.7015963978714695
Training on epoch 17
Training loss on iteration 0 = 0.08527533710002899
Training loss on iteration 20 = 0.28943319905083625
Training loss on iteration 40 = 0.2116510046645999
Training loss on iteration 60 = 0.16627160189673304
Training loss on iteration 80 = 0.2407551790587604
Training loss on iteration 100 = 0.2941214983351529
Training loss on iteration 120 = 0.26632142132148146
Training loss on iteration 140 = 0.2860993483103812
Training loss on iteration 160 = 0.23787524206563831
Training loss on iteration 180 = 0.14562436728738248
Training loss on iteration 200 = 0.34006205047480764
Training loss on iteration 220 = 0.29842750169336796
Training loss on iteration 240 = 0.2633327409159392
Training loss on iteration 260 = 0.16445403397083283
Training loss on iteration 280 = 0.24353035741951318
Training loss on iteration 300 = 0.17416003854013978
Training loss on iteration 320 = 0.2691604061052203
Training loss on iteration 340 = 0.17161927763372659
Training loss on iteration 360 = 0.25671635903418066
Training loss on iteration 380 = 0.22816502638161182
Training loss on iteration 400 = 0.23081991206854582
Training loss on iteration 420 = 0.177019997802563
Training loss on iteration 440 = 0.10716610840754584
Training loss on iteration 460 = 0.18895145573769695
Training loss on iteration 480 = 0.31416942840442064
Training loss on iteration 500 = 0.44141641970491036
Training loss on iteration 520 = 0.7647621376439929
Training loss on iteration 540 = 0.43754093777388336
Training loss on iteration 560 = 0.30630251271650194
Training loss on iteration 580 = 0.3488345151767135
Training loss on iteration 600 = 0.4087382203899324
Training loss on iteration 620 = 0.30990476285805924
Training loss on iteration 640 = 0.4485194731503725
Training loss on iteration 660 = 0.2420131688937545
Training loss on iteration 680 = 0.287441891245544
Training loss on iteration 700 = 0.28970248862169684
Training loss on iteration 720 = 0.26596355619840323
Training loss on iteration 740 = 0.32796301003545525
Training loss on iteration 760 = 0.5443676702678204
Training loss on iteration 780 = 0.24007255313917994
Training loss on iteration 800 = 0.13379203409422188
Training loss on iteration 820 = 0.3097520349547267
Training loss on iteration 840 = 0.3756667993031442
Training loss on iteration 860 = 0.3065924230962992
Training loss on iteration 880 = 0.29187985803000627
Training loss on iteration 900 = 0.2784457100555301
Training loss on iteration 920 = 0.3171221327967942
Training loss on iteration 940 = 0.39120934614911673
Training loss on iteration 960 = 0.240686472132802
Training loss on iteration 980 = 0.2303031132556498
Training loss on iteration 1000 = 0.23401502589695156
Training loss on iteration 1020 = 0.43828537296503783
Training loss on iteration 1040 = 0.5798365330323577
Training loss on iteration 1060 = 0.42122948840260505
Training loss on iteration 1080 = 0.15320922139508183
Training loss on iteration 1100 = 0.6510798814240844
Training loss on iteration 1120 = 0.18810689439997078
Training loss on iteration 1140 = 0.3051087372004986
Training loss on iteration 1160 = 0.41905513796955346
Training loss on iteration 1180 = 0.48724858053028586
Training loss on iteration 1200 = 0.1961995900608599
Training loss on iteration 1220 = 0.3541457252576947
Training loss on iteration 1240 = 0.4738750526681542
Training loss on iteration 1260 = 0.3233055777847767
Training loss on iteration 1280 = 0.2949729446321726
Training loss on iteration 1300 = 0.2734604055993259
Training loss on iteration 1320 = 0.21317234286107123
Training loss on iteration 1340 = 0.24340159632265568
Training loss on iteration 1360 = 0.28225354980677364
Training loss on iteration 1380 = 0.1792953908443451
Training loss on iteration 1400 = 0.3187560918740928
Training loss on iteration 1420 = 0.21779654759448022
Training loss on iteration 1440 = 0.25935931112617255
Training loss on iteration 1460 = 0.18677363097667693
Training loss on iteration 1480 = 0.11663292426383123
Training loss on iteration 1500 = 0.20335926860570908
Training loss on iteration 1520 = 0.23230991754680871
Training loss on iteration 1540 = 0.3378690997138619
Training loss on iteration 1560 = 0.2921669886913151
Training loss on iteration 1580 = 0.25200446716626174
Training loss on iteration 1600 = 0.36349404994398354
Training loss on iteration 1620 = 0.2871716836467385
Training loss on iteration 1640 = 0.23459163401275873
Training loss on iteration 1660 = 0.22189260052982718
Training loss on iteration 1680 = 0.21575985765084624
Training loss on iteration 1700 = 0.1344382647657767
Training loss on iteration 1720 = 0.35622303020209073
Training loss on iteration 1740 = 0.21931808218359947
Training loss on iteration 1760 = 0.16779195284470916
Training loss on iteration 1780 = 0.364959899103269
Training loss on iteration 1800 = 0.33211265308782456
Training loss on iteration 1820 = 0.24807512573897839
Training loss on iteration 1840 = 0.38378718809690326
Training loss on iteration 1860 = 0.3123881509527564
Training loss on iteration 1880 = 0.4060924306511879
Training loss on iteration 1900 = 0.33374874107539654
Training loss on iteration 1920 = 0.26708222180604935
Training loss on iteration 1940 = 0.3373249005526304
Training loss on iteration 1960 = 0.2833387517370284
Training loss on iteration 1980 = 0.349672394990921
Training loss on iteration 2000 = 0.18944002548232675
Training loss on iteration 2020 = 0.29296095939353106
Training loss on iteration 2040 = 0.13685517013072968
Training loss on iteration 2060 = 0.15917556979693473
Training loss on iteration 2080 = 0.27216439733747394
Training loss on iteration 2100 = 0.27333101265830917
Training loss on iteration 2120 = 0.2244192900834605
Training loss on iteration 2140 = 0.2084652387537062
Training loss on iteration 2160 = 0.19561056923121214
Training loss on iteration 2180 = 0.1795233522541821
Training loss on iteration 2200 = 0.16798645607195795
Training loss on iteration 2220 = 0.1480254054768011
Training loss on iteration 2240 = 0.2548120527062565
Training loss on iteration 2260 = 0.18809391483664512
Training loss on iteration 2280 = 0.33026588056236506
Training loss on iteration 2300 = 0.19867993597872555
Training loss on iteration 2320 = 0.14791166989598423
Training loss on iteration 2340 = 0.15018609331455082
Training loss on iteration 2360 = 0.1600194543134421
Training loss on iteration 2380 = 0.2803563392721117
Training loss on iteration 2400 = 0.33203640645369886
Training loss on iteration 2420 = 0.5942563580349087
Training loss on iteration 2440 = 0.33686432223767043
Training loss on iteration 2460 = 0.30626732110977173
Training loss on iteration 2480 = 0.22087975423783063
Training loss on iteration 2500 = 0.26692219022661445
Training loss on iteration 2520 = 0.17994476007297636
Training loss on iteration 2540 = 0.2232235417701304
Training loss on iteration 2560 = 0.13426741649163887
Training loss on iteration 2580 = 0.2952317152172327
### EVAL:: Epoch 17:: Loss = 0.18913630150227115 :: ACC = 0.9160867785509619, AUC = 0.6655635513866798, EER = 0.3667621776504298
Training on epoch 18
Training loss on iteration 0 = 0.019342586398124695
Training loss on iteration 20 = 0.16368806976824998
Training loss on iteration 40 = 0.19385521640069783
Training loss on iteration 60 = 0.3501469467766583
Training loss on iteration 80 = 0.20057374015450477
Training loss on iteration 100 = 0.20177148999646305
Training loss on iteration 120 = 0.23644916294142604
Training loss on iteration 140 = 0.3201933391392231
Training loss on iteration 160 = 0.23879834227263927
Training loss on iteration 180 = 0.4452517436817288
Training loss on iteration 200 = 0.41801184611395004
Training loss on iteration 220 = 0.4193809002172202
Training loss on iteration 240 = 0.295662559196353
Training loss on iteration 260 = 0.19821040350943803
Training loss on iteration 280 = 0.2277025287039578
Training loss on iteration 300 = 0.4144828528165817
Training loss on iteration 320 = 0.19236236689612268
Training loss on iteration 340 = 0.25575885551515964
Training loss on iteration 360 = 0.15372160086408257
Training loss on iteration 380 = 0.3018804855644703
Training loss on iteration 400 = 0.3108729387167841
Training loss on iteration 420 = 0.23978020632639527
Training loss on iteration 440 = 0.3536656012758613
Training loss on iteration 460 = 0.16030892925336956
Training loss on iteration 480 = 0.15013666367158293
Training loss on iteration 500 = 0.20232452116906643
Training loss on iteration 520 = 0.21619897222262807
Training loss on iteration 540 = 0.32102111477870493
Training loss on iteration 560 = 0.17757489010691643
Training loss on iteration 580 = 0.45817162469029427
Training loss on iteration 600 = 0.23778310967609287
Training loss on iteration 620 = 0.4207373679731973
Training loss on iteration 640 = 0.5087685368955135
Training loss on iteration 660 = 0.24370411497948224
Training loss on iteration 680 = 0.28334193625487386
Training loss on iteration 700 = 0.301392722921446
Training loss on iteration 720 = 0.138414765172638
Training loss on iteration 740 = 0.20364869786426426
Training loss on iteration 760 = 0.23590092877857388
Training loss on iteration 780 = 0.27587704807519914
Training loss on iteration 800 = 0.4045715115964413
Training loss on iteration 820 = 0.15201456481590866
Training loss on iteration 840 = 0.15946658253669738
Training loss on iteration 860 = 0.36532237473875284
Training loss on iteration 880 = 0.448643219191581
Training loss on iteration 900 = 0.44752251924946906
Training loss on iteration 920 = 0.3961593363434076
Training loss on iteration 940 = 0.22251733662560583
Training loss on iteration 960 = 0.2737031221389771
Training loss on iteration 980 = 0.247226075688377
Training loss on iteration 1000 = 0.24271122487261892
Training loss on iteration 1020 = 0.23083601370453835
Training loss on iteration 1040 = 0.22345206681638957
Training loss on iteration 1060 = 0.34205113220959904
Training loss on iteration 1080 = 0.2223337383940816
Training loss on iteration 1100 = 0.23164630425162613
Training loss on iteration 1120 = 0.264822637476027
Training loss on iteration 1140 = 0.20731154903769494
Training loss on iteration 1160 = 0.29527152329683304
Training loss on iteration 1180 = 0.2787234614603221
Training loss on iteration 1200 = 0.2802726660389453
Training loss on iteration 1220 = 0.31271042954176664
Training loss on iteration 1240 = 0.23997610369697214
Training loss on iteration 1260 = 0.29438514532521365
Training loss on iteration 1280 = 0.26250139931216837
Training loss on iteration 1300 = 0.33711944287642837
Training loss on iteration 1320 = 0.22948223054409028
Training loss on iteration 1340 = 0.22035755282267927
Training loss on iteration 1360 = 0.23511417722329497
Training loss on iteration 1380 = 0.23641649230849
Training loss on iteration 1400 = 0.1814800905995071
Training loss on iteration 1420 = 0.19827493373304605
Training loss on iteration 1440 = 0.2965316066518426
Training loss on iteration 1460 = 0.2236384862102568
Training loss on iteration 1480 = 0.3256517476402223
Training loss on iteration 1500 = 0.2504985368810594
Training loss on iteration 1520 = 0.32433291310444473
Training loss on iteration 1540 = 0.2743748194538057
Training loss on iteration 1560 = 0.21255648853257297
Training loss on iteration 1580 = 0.1899462951347232
Training loss on iteration 1600 = 0.11862389948219061
Training loss on iteration 1620 = 0.3589717534603551
Training loss on iteration 1640 = 0.15224825446493923
Training loss on iteration 1660 = 0.3357997220940888
Training loss on iteration 1680 = 0.13828846742399037
Training loss on iteration 1700 = 0.3115313958376646
Training loss on iteration 1720 = 0.22367650298401714
Training loss on iteration 1740 = 0.160000607278198
Training loss on iteration 1760 = 0.2695504729868844
Training loss on iteration 1780 = 0.16068756831809877
Training loss on iteration 1800 = 0.17140755765140056
Training loss on iteration 1820 = 0.31230721075553447
Training loss on iteration 1840 = 0.24238215610384942
Training loss on iteration 1860 = 0.16151326755061746
Training loss on iteration 1880 = 0.17918345174985006
Training loss on iteration 1900 = 0.16256227889098226
Training loss on iteration 1920 = 0.17847398715093732
Training loss on iteration 1940 = 0.19814128803554923
Training loss on iteration 1960 = 0.2552689746953547
Training loss on iteration 1980 = 0.22798344930633901
Training loss on iteration 2000 = 0.3068202423863113
Training loss on iteration 2020 = 0.14852800858207046
Training loss on iteration 2040 = 0.17994312522932887
Training loss on iteration 2060 = 0.1967585154576227
Training loss on iteration 2080 = 0.1565032686572522
Training loss on iteration 2100 = 0.4001766203902662
Training loss on iteration 2120 = 0.5204499979969114
Training loss on iteration 2140 = 0.28275237809866666
Training loss on iteration 2160 = 0.21971054514870048
Training loss on iteration 2180 = 0.202846441231668
Training loss on iteration 2200 = 0.3402138125151396
Training loss on iteration 2220 = 0.2696466790512204
Training loss on iteration 2240 = 0.29748668023385105
Training loss on iteration 2260 = 0.22034827133174986
Training loss on iteration 2280 = 0.3400376033503562
Training loss on iteration 2300 = 0.23576539180066902
Training loss on iteration 2320 = 0.4389739546226338
Training loss on iteration 2340 = 0.2774056660127826
Training loss on iteration 2360 = 0.2781782382633537
Training loss on iteration 2380 = 0.15447909543290733
Training loss on iteration 2400 = 0.3333048632077407
Training loss on iteration 2420 = 0.25806927438825367
Training loss on iteration 2440 = 0.39635092141106726
Training loss on iteration 2460 = 0.39762846036755944
Training loss on iteration 2480 = 0.7098397250665585
Training loss on iteration 2500 = 0.5064054179936648
Training loss on iteration 2520 = 0.19969960609450937
Training loss on iteration 2540 = 0.30678729247301817
Training loss on iteration 2560 = 0.19918738212436438
Training loss on iteration 2580 = 0.25425850704777986
### EVAL:: Epoch 18:: Loss = 0.2648515447187598 :: ACC = 0.8968481375358166, AUC = 0.6610352550639225, EER = 0.37453950061399915
Training on epoch 19
Training loss on iteration 0 = 0.13684841990470886
Training loss on iteration 20 = 0.08886874257586896
Training loss on iteration 40 = 0.1755932233761996
Training loss on iteration 60 = 0.14996766162803396
Training loss on iteration 80 = 0.1799769633449614
Training loss on iteration 100 = 0.2875610729213804
Training loss on iteration 120 = 0.21746049951761962
Training loss on iteration 140 = 0.2661216391250491
Training loss on iteration 160 = 0.3216364525258541
Training loss on iteration 180 = 0.23960818704217673
Training loss on iteration 200 = 0.163398352637887
Training loss on iteration 220 = 0.2188260962255299
Training loss on iteration 240 = 0.20194146018475295
Training loss on iteration 260 = 0.16683492882875725
Training loss on iteration 280 = 0.21933180729392915
Training loss on iteration 300 = 0.21585659869015217
Training loss on iteration 320 = 0.24782573580741882
Training loss on iteration 340 = 0.17914272844791412
Training loss on iteration 360 = 0.299777961242944
Training loss on iteration 380 = 0.18467221327591687
Training loss on iteration 400 = 0.32477939284872265
Training loss on iteration 420 = 0.13649873982649297
Training loss on iteration 440 = 0.2163945676293224
Training loss on iteration 460 = 0.19798696618527173
Training loss on iteration 480 = 0.11723981957184151
Training loss on iteration 500 = 0.32799179330468176
Training loss on iteration 520 = 0.3161884290166199
Training loss on iteration 540 = 0.2169051680713892
Training loss on iteration 560 = 0.174247835483402
Training loss on iteration 580 = 0.14698060038499533
Training loss on iteration 600 = 0.17288570692762734
Training loss on iteration 620 = 0.2984266852028668
Training loss on iteration 640 = 0.1901936151087284
Training loss on iteration 660 = 0.2043235482648015
Training loss on iteration 680 = 0.17893300489522518
Training loss on iteration 700 = 0.13471526268403977
Training loss on iteration 720 = 0.13189091028179972
Training loss on iteration 740 = 0.1770518622826785
Training loss on iteration 760 = 0.19970371183007957
Training loss on iteration 780 = 0.17642056145705282
Training loss on iteration 800 = 0.20223640874028206
Training loss on iteration 820 = 0.15732077206484973
Training loss on iteration 840 = 0.10882696185726673
Training loss on iteration 860 = 0.23393460214138032
Training loss on iteration 880 = 0.2601837056223303
Training loss on iteration 900 = 0.35412266831845046
Training loss on iteration 920 = 0.17563268078956754
Training loss on iteration 940 = 0.1557096550706774
Training loss on iteration 960 = 0.255581332417205
Training loss on iteration 980 = 0.34112521056085826
Training loss on iteration 1000 = 0.17311931059230118
Training loss on iteration 1020 = 0.28611764341185336
Training loss on iteration 1040 = 0.19483278272673488
Training loss on iteration 1060 = 0.17069366721552798
Training loss on iteration 1080 = 0.3072160947602242
Training loss on iteration 1100 = 0.5067837618291378
Training loss on iteration 1120 = 0.23932675030082465
Training loss on iteration 1140 = 0.27872046213597057
Training loss on iteration 1160 = 0.15442102442029865
Training loss on iteration 1180 = 0.09578938120976091
Training loss on iteration 1200 = 0.22700301851145924
Training loss on iteration 1220 = 0.11359766550012865
Training loss on iteration 1240 = 0.1957458965247497
Training loss on iteration 1260 = 0.18448555981740355
Training loss on iteration 1280 = 0.24921746231848374
Training loss on iteration 1300 = 0.16701703416183591
Training loss on iteration 1320 = 0.1685484763700515
Training loss on iteration 1340 = 0.19345751069486142
Training loss on iteration 1360 = 0.17827484137378632
Training loss on iteration 1380 = 0.29881919028703124
Training loss on iteration 1400 = 0.21796604010742157
Training loss on iteration 1420 = 0.20770530060399323
Training loss on iteration 1440 = 0.27378284456208346
Training loss on iteration 1460 = 0.18104263134300708
Training loss on iteration 1480 = 0.3207398897269741
Training loss on iteration 1500 = 0.24240552686387673
Training loss on iteration 1520 = 0.2121597586199641
Training loss on iteration 1540 = 0.12774644177407027
Training loss on iteration 1560 = 0.3601642886176705
Training loss on iteration 1580 = 0.23764258129522203
Training loss on iteration 1600 = 0.26410983838140967
Training loss on iteration 1620 = 0.09285396792110986
Training loss on iteration 1640 = 0.30331678049406036
Training loss on iteration 1660 = 0.20955216689035297
Training loss on iteration 1680 = 0.23189503736793995
Training loss on iteration 1700 = 0.2646416877396405
Training loss on iteration 1720 = 0.16488336140755563
Training loss on iteration 1740 = 0.19917236448964104
Training loss on iteration 1760 = 0.1857550213346258
Training loss on iteration 1780 = 0.43223127857781946
Training loss on iteration 1800 = 0.24030643720179795
Training loss on iteration 1820 = 0.22253220360726117
Training loss on iteration 1840 = 0.2422507080133073
Training loss on iteration 1860 = 0.19793949195882304
Training loss on iteration 1880 = 0.10739436729345471
Training loss on iteration 1900 = 0.12613302526879125
Training loss on iteration 1920 = 0.3280046094208956
Training loss on iteration 1940 = 0.19826861158944667
Training loss on iteration 1960 = 0.17327283959893974
Training loss on iteration 1980 = 0.26255351332947613
Training loss on iteration 2000 = 0.3714800179004669
Training loss on iteration 2020 = 0.5216302438086131
Training loss on iteration 2040 = 0.2681372283128439
Training loss on iteration 2060 = 0.3122420552012045
Training loss on iteration 2080 = 0.40320403313962744
Training loss on iteration 2100 = 0.23002157723531128
Training loss on iteration 2120 = 0.21619538348168135
Training loss on iteration 2140 = 0.17874671120662242
Training loss on iteration 2160 = 0.15032298527657986
Training loss on iteration 2180 = 0.27666531801223754
Training loss on iteration 2200 = 0.20628928327932955
Training loss on iteration 2220 = 0.24490593373775482
Training loss on iteration 2240 = 0.4127415218856186
Training loss on iteration 2260 = 0.2650703127728775
Training loss on iteration 2280 = 0.19841843554750085
Training loss on iteration 2300 = 0.15650610229931772
Training loss on iteration 2320 = 0.19181904634460806
Training loss on iteration 2340 = 0.19012191065121442
Training loss on iteration 2360 = 0.20053346483036877
Training loss on iteration 2380 = 0.1613641739822924
Training loss on iteration 2400 = 0.2913985351799056
Training loss on iteration 2420 = 0.28004762101918457
Training loss on iteration 2440 = 0.24299455331638456
Training loss on iteration 2460 = 0.2659423638135195
Training loss on iteration 2480 = 0.19098956119269134
Training loss on iteration 2500 = 0.24335749670863152
Training loss on iteration 2520 = 0.09987045298330485
Training loss on iteration 2540 = 0.2400454024435021
Training loss on iteration 2560 = 0.27454379200935364
Training loss on iteration 2580 = 0.14315393529832363
### EVAL:: Epoch 19:: Loss = 0.1944607772324671 :: ACC = 0.9216127711829718, AUC = 0.5800255652872393, EER = 0.45272206303724927
Training on epoch 20
Training loss on iteration 0 = 0.4495798945426941
Training loss on iteration 20 = 0.187638077698648
Training loss on iteration 40 = 0.24796960055828093
Training loss on iteration 60 = 0.17655643476173283
Training loss on iteration 80 = 0.2869037091732025
Training loss on iteration 100 = 0.25235261134803294
Training loss on iteration 120 = 0.2882543224841356
Training loss on iteration 140 = 0.23883970119059086
Training loss on iteration 160 = 0.19057855973951518
Training loss on iteration 180 = 0.2637207734398544
Training loss on iteration 200 = 0.14057889925315975
Training loss on iteration 220 = 0.2563957746548112
Training loss on iteration 240 = 0.21501169633120298
Training loss on iteration 260 = 0.2615227347239852
Training loss on iteration 280 = 0.33810469042509794
Training loss on iteration 300 = 0.25358921494334935
Training loss on iteration 320 = 0.3950293421046808
Training loss on iteration 340 = 0.27090930063277485
Training loss on iteration 360 = 0.24991986788227222
Training loss on iteration 380 = 0.10797631280147471
Training loss on iteration 400 = 0.297832414903678
Training loss on iteration 420 = 0.47034435780951755
Training loss on iteration 440 = 0.2531126785557717
Training loss on iteration 460 = 0.29255916164256635
Training loss on iteration 480 = 0.291301781591028
Training loss on iteration 500 = 0.25483942409045995
Training loss on iteration 520 = 0.29625005619600414
Training loss on iteration 540 = 0.29587224684655666
Training loss on iteration 560 = 0.2699810695834458
Training loss on iteration 580 = 0.20296838572248815
Training loss on iteration 600 = 0.17472357265651225
Training loss on iteration 620 = 0.2053427948616445
Training loss on iteration 640 = 0.20033603068441153
Training loss on iteration 660 = 0.14470580441411585
Training loss on iteration 680 = 0.14751355741173028
Training loss on iteration 700 = 0.21331761344335973
Training loss on iteration 720 = 0.1110540172085166
Training loss on iteration 740 = 0.1925125000299886
Training loss on iteration 760 = 0.13696970646269618
Training loss on iteration 780 = 0.10781607020180672
Training loss on iteration 800 = 0.28051041895523665
Training loss on iteration 820 = 0.30475154984742403
Training loss on iteration 840 = 0.17090948224067687
Training loss on iteration 860 = 0.2858855305239558
Training loss on iteration 880 = 0.2971527955494821
Training loss on iteration 900 = 0.31580979996360836
Training loss on iteration 920 = 0.218294158577919
Training loss on iteration 940 = 0.2758994925767183
Training loss on iteration 960 = 0.15527715175412596
Training loss on iteration 980 = 0.30735019948333503
Training loss on iteration 1000 = 0.17786713978275656
Training loss on iteration 1020 = 0.19920110332313926
Training loss on iteration 1040 = 0.2625488050747663
Training loss on iteration 1060 = 0.15368480188772082
Training loss on iteration 1080 = 0.1630305376369506
Training loss on iteration 1100 = 0.3716057098470628
Training loss on iteration 1120 = 0.18359642634168266
Training loss on iteration 1140 = 0.18800981373060494
Training loss on iteration 1160 = 0.2350174920022255
Training loss on iteration 1180 = 0.33113195761106906
Training loss on iteration 1200 = 0.24430809300392867
Training loss on iteration 1220 = 0.19720375309698285
Training loss on iteration 1240 = 0.18400232065469027
Training loss on iteration 1260 = 0.20343229112913833
Training loss on iteration 1280 = 0.37348515294725076
Training loss on iteration 1300 = 0.25104882577434184
Training loss on iteration 1320 = 0.22059417778218632
Training loss on iteration 1340 = 0.16812922871904448
Training loss on iteration 1360 = 0.23401303400751203
Training loss on iteration 1380 = 0.26062586521729825
Training loss on iteration 1400 = 0.30228188931941985
Training loss on iteration 1420 = 0.1289669509860687
Training loss on iteration 1440 = 0.3419868404045701
Training loss on iteration 1460 = 0.22585900397971273
Training loss on iteration 1480 = 0.2758154474664479
Training loss on iteration 1500 = 0.15902912588790058
Training loss on iteration 1520 = 0.4012878163717687
Training loss on iteration 1540 = 0.18651563031598925
Training loss on iteration 1560 = 0.19423759672790766
Training loss on iteration 1580 = 0.43946491288952527
Training loss on iteration 1600 = 0.18173526609316468
Training loss on iteration 1620 = 0.2074140681885183
Training loss on iteration 1640 = 0.20110296756029128
Training loss on iteration 1660 = 0.22178672393783927
Training loss on iteration 1680 = 0.17717839328106494
Training loss on iteration 1700 = 0.30177484834566715
Training loss on iteration 1720 = 0.13085365761071444
Training loss on iteration 1740 = 0.14619997217087075
Training loss on iteration 1760 = 0.13339664286468178
Training loss on iteration 1780 = 0.16890514160040765
Training loss on iteration 1800 = 0.281062435451895
Training loss on iteration 1820 = 0.20989649500697852
Training loss on iteration 1840 = 0.12373569053597748
Training loss on iteration 1860 = 0.16176795372739433
Training loss on iteration 1880 = 0.1285038955975324
Training loss on iteration 1900 = 0.21017147653037682
Training loss on iteration 1920 = 0.2084189689718187
Training loss on iteration 1940 = 0.14539850340224802
Training loss on iteration 1960 = 0.2232574300840497
Training loss on iteration 1980 = 0.2169426229549572
Training loss on iteration 2000 = 0.20296052671037615
Training loss on iteration 2020 = 0.15661826813593507
Training loss on iteration 2040 = 0.22167712212540208
Training loss on iteration 2060 = 0.1834062844980508
Training loss on iteration 2080 = 0.26092703081667423
Training loss on iteration 2100 = 0.3600743534974754
Training loss on iteration 2120 = 0.35501343694049864
Training loss on iteration 2140 = 0.09928540648543276
Training loss on iteration 2160 = 1.2016039446927607
Training loss on iteration 2180 = 1.3730797862634063
Training loss on iteration 2200 = 1.4286372508853673
Training loss on iteration 2220 = 0.6516090251039713
Training loss on iteration 2240 = 0.68193803653121
Training loss on iteration 2260 = 0.411363107804209
Training loss on iteration 2280 = 0.39285813104361295
Training loss on iteration 2300 = 0.3991454549133778
Training loss on iteration 2320 = 0.26916592828929425
Training loss on iteration 2340 = 0.5257120978087186
Training loss on iteration 2360 = 0.30488857994787394
Training loss on iteration 2380 = 0.21746591687842737
Training loss on iteration 2400 = 0.36935659470036625
Training loss on iteration 2420 = 0.3028826402965933
Training loss on iteration 2440 = 0.22399663529358804
Training loss on iteration 2460 = 0.2724963501095772
Training loss on iteration 2480 = 0.18842909820377826
Training loss on iteration 2500 = 0.2125746109522879
Training loss on iteration 2520 = 0.2645265547558665
Training loss on iteration 2540 = 0.3430660614743829
Training loss on iteration 2560 = 0.24989446960389614
Training loss on iteration 2580 = 0.28079895218834283
### EVAL:: Epoch 20:: Loss = 0.34647352446764823 :: ACC = 0.8573475235366352, AUC = 0.2008537177319512, EER = 0.7220630372492837
### Out of domain:: Best epoch 14 :: ACC = 0.4377997601918465, AUC = 0.602807052918816, EER = 0.44274580335731417
recorded: {'exp_name': 'ro_septr_r03', 'model': 'septr', 'train': 'commonvoice-ro', 'test': 'voxpopuli', 'in_acc': 0.9631600491199345, 'in_auc': 0.12271203832145743, 'in_eer': 0.7981989357347523, 'cross_acc': 0.4377997601918465, 'cross_auc': 0.602807052918816, 'cross_eer': 0.44274580335731417}

Done. Results -> /project/home/p201284/guo/xmad-bench-repro/results_node2_ro.csv
Done (node2_ro). Metrics -> /project/home/p201284/guo/xmad-bench-repro/results_node2_ro.csv ; logs/checkpoints under detection/experiments/.
