>> activated env: /project/home/p201284/guo/xmad-bench-repro/venv/bin/activate  (Python 3.13.12)
>> torch 2.12.0+cu132 | CUDA available: True
Applying resumable-training patch...
  already patched: /project/home/p201284/guo/xmad-bench-repro/detection/trainer.py
  trainer.py is valid Python.
Done. Killed runs now continue from their last completed epoch.
>> Generating configs for: ru  (models: septr, tag=ru_septr_r02, GPU=0)
Wrote 1 configs to /project/home/p201284/guo/xmad-bench-repro/repro_tools/stepB/configs_ru_septr_r02/  (languages: ru)
>> single-repeat mode: this process runs ONLY repeat r02
root_path: /project/home/p201284/guo/xmad_data/
multilingual: True  model check for config: /project/home/p201284/guo/xmad-bench-repro/repro_tools/stepB/configs_ru_septr_r02/config_ru_septr.json

  OK  commonvoice-ru       rows=67444    sep=','
  OK  mailabs-ru           rows=34702    sep=','

PRE-FLIGHT PASSED — data layout looks correct for this config.

=== RUN ru_septr_r02 (model=septr) ===
commonvoice-ru
commonvoice-ru
Training on epoch 1
Training loss on iteration 0 = 1.0610134601593018
Training loss on iteration 20 = 1.294192409515381
Training loss on iteration 40 = 0.7648596495389939
Training loss on iteration 60 = 0.7367287635803222
Training loss on iteration 80 = 0.6714056193828583
Training loss on iteration 100 = 0.6745076954364777
Training loss on iteration 120 = 0.7121563851833344
Training loss on iteration 140 = 0.698028489947319
Training loss on iteration 160 = 0.6759691804647445
Training loss on iteration 180 = 0.7641270011663437
Training loss on iteration 200 = 0.6455500364303589
Training loss on iteration 220 = 0.7656988263130188
Training loss on iteration 240 = 0.7144956782460212
Training loss on iteration 260 = 0.6527816839516163
Training loss on iteration 280 = 0.6294296637177468
Training loss on iteration 300 = 0.6400317192077637
Training loss on iteration 320 = 0.6102489411830903
Training loss on iteration 340 = 0.6501370519399643
Training loss on iteration 360 = 0.5625490546226501
Training loss on iteration 380 = 0.569967295229435
Training loss on iteration 400 = 0.8574975371360779
Training loss on iteration 420 = 0.6356994047760963
Training loss on iteration 440 = 0.55297931432724
Training loss on iteration 460 = 0.4764340534806252
Training loss on iteration 480 = 0.3337025437504053
Training loss on iteration 500 = 0.47509570568799975
Training loss on iteration 520 = 0.6025622006505728
Training loss on iteration 540 = 0.4696549266576767
Training loss on iteration 560 = 0.479907451197505
Training loss on iteration 580 = 0.39351716861128805
Training loss on iteration 600 = 0.39532661214470866
Training loss on iteration 620 = 0.27614333378151057
Training loss on iteration 640 = 0.28070910973474383
Training loss on iteration 660 = 0.273599673807621
Training loss on iteration 680 = 0.2593196727335453
Training loss on iteration 700 = 0.31719363294541836
Training loss on iteration 720 = 0.27768497467041015
Training loss on iteration 740 = 0.25553969144821165
Training loss on iteration 760 = 0.3094971738755703
Training loss on iteration 780 = 0.3260181248188019
Training loss on iteration 800 = 0.2490135096013546
Training loss on iteration 820 = 0.26558190677314997
Training loss on iteration 840 = 0.3486495276913047
Training loss on iteration 860 = 0.33465096401050687
Training loss on iteration 880 = 0.300629548355937
Training loss on iteration 900 = 0.3654104541987181
Training loss on iteration 920 = 0.26256012576632204
Training loss on iteration 940 = 0.284719274751842
Training loss on iteration 960 = 0.19916441924870015
Training loss on iteration 980 = 0.2068041673861444
Training loss on iteration 1000 = 0.4575613854452968
Training loss on iteration 1020 = 0.2905032053589821
Training loss on iteration 1040 = 0.22011045105755328
Training loss on iteration 1060 = 0.2643072359263897
Training loss on iteration 1080 = 0.23475270345807076
Training loss on iteration 1100 = 0.2702032477594912
Training loss on iteration 1120 = 0.181470969109796
Training loss on iteration 1140 = 0.3439569955924526
Training loss on iteration 1160 = 0.21325690548401327
Training loss on iteration 1180 = 0.4469621371477842
Training loss on iteration 1200 = 0.25416797772049904
Training loss on iteration 1220 = 0.24919301364570856
Training loss on iteration 1240 = 0.19696120333392172
Training loss on iteration 1260 = 0.3149698797380552
Training loss on iteration 1280 = 0.1604725623037666
Training loss on iteration 1300 = 0.16202445225790144
Training loss on iteration 1320 = 0.2717748645693064
Training loss on iteration 1340 = 0.29122312292456626
Training loss on iteration 1360 = 0.22130334805697202
Training loss on iteration 1380 = 0.1440869309473783
Training loss on iteration 1400 = 0.2717101588845253
Training loss on iteration 1420 = 0.25639783814549444
Training loss on iteration 1440 = 0.18958419607952237
Training loss on iteration 1460 = 0.18558387830853462
Training loss on iteration 1480 = 0.2631366139277816
Training loss on iteration 1500 = 0.13356847297400237
Training loss on iteration 1520 = 0.16467574769631027
Training loss on iteration 1540 = 0.17366295624524355
Training loss on iteration 1560 = 0.1646152475848794
Training loss on iteration 1580 = 0.11798390543553978
Training loss on iteration 1600 = 0.1537379346555099
Training loss on iteration 1620 = 0.19033222873695194
Training loss on iteration 1640 = 0.22700196616351603
Training loss on iteration 1660 = 0.20178030505776406
Training loss on iteration 1680 = 0.22337370270397514
Training loss on iteration 1700 = 0.09469209227245301
Training loss on iteration 1720 = 0.17607921089511364
Training loss on iteration 1740 = 0.23175601330585777
Training loss on iteration 1760 = 0.15696567120030522
Training loss on iteration 1780 = 0.12523864277172833
Training loss on iteration 1800 = 0.14950075093656778
Training loss on iteration 1820 = 0.273499334603548
Training loss on iteration 1840 = 0.19896673765033485
Training loss on iteration 1860 = 0.2724122082814574
Training loss on iteration 1880 = 0.17876633806154132
Training loss on iteration 1900 = 0.1711603155476041
Training loss on iteration 1920 = 0.1981349197216332
Training loss on iteration 1940 = 0.13888510470278562
Training loss on iteration 1960 = 0.2095269146375358
Training loss on iteration 1980 = 0.15380491104442626
Training loss on iteration 2000 = 0.12540936898440122
Training loss on iteration 2020 = 0.31821526524145155
Training loss on iteration 2040 = 0.27261734986677766
Training loss on iteration 2060 = 0.13685936932452022
Training loss on iteration 2080 = 0.1552855205256492
Training loss on iteration 2100 = 0.10228277009446174
Training loss on iteration 2120 = 0.12634484376758337
Training loss on iteration 2140 = 0.1618400851613842
Training loss on iteration 2160 = 0.18442382467910648
Training loss on iteration 2180 = 0.15017608716152608
Training loss on iteration 2200 = 0.15472759841941297
Training loss on iteration 2220 = 0.1862746302038431
Training loss on iteration 2240 = 0.1659305733628571
Training loss on iteration 2260 = 0.12945385774364696
Training loss on iteration 2280 = 0.11574833274353295
Training loss on iteration 2300 = 0.16713392441160976
Training loss on iteration 2320 = 0.22798836939036846
Training loss on iteration 2340 = 0.20133529398590327
Training loss on iteration 2360 = 0.1828555735759437
Training loss on iteration 2380 = 0.09796369794639759
Training loss on iteration 2400 = 0.19713983936235308
Training loss on iteration 2420 = 0.1971272689756006
Training loss on iteration 2440 = 0.13456279486417771
Training loss on iteration 2460 = 0.16123697436414658
Training loss on iteration 2480 = 0.18807231570244767
Training loss on iteration 2500 = 0.1077435003593564
Training loss on iteration 2520 = 0.17761368092615157
Training loss on iteration 2540 = 0.1988093491643667
Training loss on iteration 2560 = 0.1854004972614348
Training loss on iteration 2580 = 0.15237174639478326
Training loss on iteration 2600 = 0.17471088487654923
Training loss on iteration 2620 = 0.11899911218788475
Training loss on iteration 2640 = 0.11692683504079468
Training loss on iteration 2660 = 0.12027162583544851
Training loss on iteration 2680 = 0.12380396029911936
Training loss on iteration 2700 = 0.13777603693306445
Training loss on iteration 2720 = 0.17020250975620002
Training loss on iteration 2740 = 0.16489143518265337
Training loss on iteration 2760 = 0.12928246771916746
Training loss on iteration 2780 = 0.10471375063061714
Training loss on iteration 2800 = 0.09360860821325331
Training loss on iteration 2820 = 0.2525212342850864
Training loss on iteration 2840 = 0.25324031999334695
Training loss on iteration 2860 = 0.17821616157889367
Training loss on iteration 2880 = 0.11373833145480602
Training loss on iteration 2900 = 0.1288898581173271
Training loss on iteration 2920 = 0.0944190662354231
Training loss on iteration 2940 = 0.19736372297629715
Training loss on iteration 2960 = 0.19629666898399592
Training loss on iteration 2980 = 0.10956748672761023
Training loss on iteration 3000 = 0.2067334187682718
Training loss on iteration 3020 = 0.1817956268787384
Training loss on iteration 3040 = 0.17177888858132065
Training loss on iteration 3060 = 0.06847316604107619
Training loss on iteration 3080 = 0.17026212915661745
Training loss on iteration 3100 = 0.12100660947617144
Training loss on iteration 3120 = 0.14935386159922928
Training loss on iteration 3140 = 0.13325820190366358
Training loss on iteration 3160 = 0.19367939559742808
Training loss on iteration 3180 = 0.16674279002472758
Training loss on iteration 3200 = 0.10577203007414937
Training loss on iteration 3220 = 0.16350324195809662
Training loss on iteration 3240 = 0.09965329077094794
Training loss on iteration 3260 = 0.19094556071795524
Training loss on iteration 3280 = 0.11789976116269826
Training loss on iteration 3300 = 0.09133214844041504
Training loss on iteration 3320 = 0.23527610576711594
Training loss on iteration 3340 = 0.16699868235737086
Training loss on iteration 3360 = 0.12650250567821786
Training loss on iteration 3380 = 0.10916969494428486
Training loss on iteration 3400 = 0.19215457260143012
Training loss on iteration 3420 = 0.15405415715649723
Training loss on iteration 3440 = 0.11978201791644097
Training loss on iteration 3460 = 0.16845348570495844
Training loss on iteration 3480 = 0.1779994175711181
Training loss on iteration 3500 = 0.15668329814216123
Training loss on iteration 3520 = 0.18606834532693028
Training loss on iteration 3540 = 0.08738207264104858
Training loss on iteration 3560 = 0.05374627323471941
Training loss on iteration 3580 = 0.14460495325038208
Training loss on iteration 3600 = 0.28238095017150044
Training loss on iteration 3620 = 0.1737208087928593
Training loss on iteration 3640 = 0.17818412194028496
Training loss on iteration 3660 = 0.17869419287890195
Training loss on iteration 3680 = 0.07921406007371842
Training loss on iteration 3700 = 0.1950817070901394
Training loss on iteration 3720 = 0.1244000385981053
Training loss on iteration 3740 = 0.1511580183170736
Training loss on iteration 3760 = 0.13880294845439495
Training loss on iteration 3780 = 0.0982007603161037
Training loss on iteration 3800 = 0.23340959688648583
Training loss on iteration 3820 = 0.09433729038573802
Training loss on iteration 3840 = 0.15580506683327258
Training loss on iteration 3860 = 0.12535942564718425
Training loss on iteration 3880 = 0.08016871912404895
Training loss on iteration 3900 = 0.10116630960255861
Training loss on iteration 3920 = 0.11835565203800798
Training loss on iteration 3940 = 0.03690915293409489
Training loss on iteration 3960 = 0.30524867242202164
Training loss on iteration 3980 = 0.23863426989410072
Training loss on iteration 4000 = 0.1185662106378004
Training loss on iteration 4020 = 0.1332669191295281
Training loss on iteration 4040 = 0.09534346070140601
Training loss on iteration 4060 = 0.20491445413790643
Training loss on iteration 4080 = 0.2543415483087301
Training loss on iteration 4100 = 0.16604187705088408
Training loss on iteration 4120 = 0.1560321100463625
Training loss on iteration 4140 = 0.33426127983257176
Training loss on iteration 4160 = 0.19042609329917468
Training loss on iteration 4180 = 0.20676576645928435
Training loss on iteration 4200 = 0.10526151955127716
Training loss on iteration 4220 = 0.09532945179380477
Training loss on iteration 4240 = 0.10566239315085113
Training loss on iteration 4260 = 0.18911089259199798
Training loss on iteration 4280 = 0.19005108335986734
Training loss on iteration 4300 = 0.15258109085261823
Training loss on iteration 4320 = 0.1242899848613888
Training loss on iteration 4340 = 0.13635022100061178
Training loss on iteration 4360 = 0.13308763784589245
Training loss on iteration 4380 = 0.22260344091337175
Training loss on iteration 4400 = 0.37212418429553507
Training loss on iteration 4420 = 0.21406318824738263
Training loss on iteration 4440 = 0.29589129500091077
Training loss on iteration 4460 = 0.21914101825095714
Training loss on iteration 4480 = 0.16456506154499947
Training loss on iteration 4500 = 0.13376350444741547
Training loss on iteration 4520 = 0.23471169471740722
Training loss on iteration 4540 = 0.2876776088029146
Training loss on iteration 4560 = 0.15235829455778002
Training loss on iteration 4580 = 0.16970052456017584
Training loss on iteration 4600 = 0.13961356750223786
Training loss on iteration 4620 = 0.13034268883056938
Training loss on iteration 4640 = 0.09948653284809553
Training loss on iteration 4660 = 0.2837626531312708
Training loss on iteration 4680 = 0.14789737472310663
Training loss on iteration 4700 = 0.11383450096473098
Training loss on iteration 4720 = 0.23457715371623636
Training loss on iteration 4740 = 0.13413710230961443
Training loss on iteration 4760 = 0.16754328096285462
Training loss on iteration 4780 = 0.13086320823058487
Training loss on iteration 4800 = 0.1575962777249515
Training loss on iteration 4820 = 0.1568605960579589
Training loss on iteration 4840 = 0.13232521004974843
Training loss on iteration 4860 = 0.10124924946576357
Training loss on iteration 4880 = 0.18327425834722816
Training loss on iteration 4900 = 0.2875294558703899
Training loss on iteration 4920 = 0.20402639228850603
Training loss on iteration 4940 = 0.2137812794186175
Training loss on iteration 4960 = 0.15486844251863657
Training loss on iteration 4980 = 0.20386114870198072
Training loss on iteration 5000 = 0.19598480528220535
Training loss on iteration 5020 = 0.30036571780219673
Training loss on iteration 5040 = 0.14384761393303053
Training loss on iteration 5060 = 0.11467994651757181
Training loss on iteration 5080 = 0.24950677782762795
Training loss on iteration 5100 = 0.2523917163722217
Training loss on iteration 5120 = 0.10266208508983254
Training loss on iteration 5140 = 0.13358687977306544
Training loss on iteration 5160 = 0.22179218293167652
Training loss on iteration 5180 = 0.3236710984259844
Training loss on iteration 5200 = 0.1939504717476666
Training loss on iteration 5220 = 0.0948163241497241
Training loss on iteration 5240 = 0.18143955615814775
Training loss on iteration 5260 = 0.1342116343555972
Training loss on iteration 5280 = 0.13757133753970266
Training loss on iteration 5300 = 0.18414586326107382
Training loss on iteration 5320 = 0.22228686679154636
Training loss on iteration 5340 = 0.11747288298793138
Training loss on iteration 5360 = 0.16316779805347323
Training loss on iteration 5380 = 0.10259795316960663
Training loss on iteration 5400 = 0.18152442453429102
Training loss on iteration 5420 = 0.1524012832902372
Training loss on iteration 5440 = 0.13073054763954134
Training loss on iteration 5460 = 0.22521141318138688
Training loss on iteration 5480 = 0.232403402402997
Training loss on iteration 5500 = 0.3362189192324877
Training loss on iteration 5520 = 0.18586726859211922
Training loss on iteration 5540 = 0.15915848166914656
Training loss on iteration 5560 = 0.2947431460022926
Training loss on iteration 5580 = 0.22157649584114553
Training loss on iteration 5600 = 0.15197453191503882
### EVAL:: Epoch 1:: Loss = 0.05691745057023832 :: ACC = 0.9829475172291925, AUC = 0.996434611599867, EER = 0.03021735288920304
Training on epoch 2
Training loss on iteration 0 = 0.24334707856178284
Training loss on iteration 20 = 0.22083376827649773
Training loss on iteration 40 = 0.1553476620465517
Training loss on iteration 60 = 0.35536531582474706
Training loss on iteration 80 = 0.1366744828876108
Training loss on iteration 100 = 0.16009131717000855
Training loss on iteration 120 = 0.153777333535254
Training loss on iteration 140 = 0.1532066639047116
Training loss on iteration 160 = 0.14236030631000177
Training loss on iteration 180 = 0.12749051908031106
Training loss on iteration 200 = 0.09783849923987872
Training loss on iteration 220 = 0.3780721133109182
Training loss on iteration 240 = 0.2129544007591903
Training loss on iteration 260 = 0.29985276348888873
Training loss on iteration 280 = 0.2644501977600157
Training loss on iteration 300 = 0.1591291580349207
Training loss on iteration 320 = 0.18457418121397495
Training loss on iteration 340 = 0.21860887333750725
Training loss on iteration 360 = 0.17098049875348806
Training loss on iteration 380 = 0.1892085372004658
Training loss on iteration 400 = 0.14827088713645936
Training loss on iteration 420 = 0.145181948505342
Training loss on iteration 440 = 0.13519044113345444
Training loss on iteration 460 = 0.15123116264585407
Training loss on iteration 480 = 0.2273761265911162
Training loss on iteration 500 = 0.1549015887081623
Training loss on iteration 520 = 0.09476753154885956
Training loss on iteration 540 = 0.08411128050647676
Training loss on iteration 560 = 0.39235512098530306
Training loss on iteration 580 = 0.25232235752046106
Training loss on iteration 600 = 0.10334713393822312
Training loss on iteration 620 = 0.3811580065637827
Training loss on iteration 640 = 0.2315579286776483
Training loss on iteration 660 = 0.35597551334649324
Training loss on iteration 680 = 0.23889949098229407
Training loss on iteration 700 = 0.18971197213977575
Training loss on iteration 720 = 0.1956926708109677
Training loss on iteration 740 = 0.22250943593680858
Training loss on iteration 760 = 0.18170704515650868
Training loss on iteration 780 = 0.20952514745295048
Training loss on iteration 800 = 0.2159812027355656
Training loss on iteration 820 = 0.185494920052588
Training loss on iteration 840 = 0.13978265463374556
Training loss on iteration 860 = 0.21970505071803928
Training loss on iteration 880 = 0.16303534395992755
Training loss on iteration 900 = 0.16178443940589204
Training loss on iteration 920 = 0.1632936297915876
Training loss on iteration 940 = 0.17723173880949616
Training loss on iteration 960 = 0.14721933460095898
Training loss on iteration 980 = 0.21667842539027332
Training loss on iteration 1000 = 0.091521204309538
Training loss on iteration 1020 = 0.18180681937374174
Training loss on iteration 1040 = 0.07746449243277312
Training loss on iteration 1060 = 0.16290075117722153
Training loss on iteration 1080 = 0.13203795673325658
Training loss on iteration 1100 = 0.17672894475981593
Training loss on iteration 1120 = 0.10083198195789009
Training loss on iteration 1140 = 0.1568784449947998
Training loss on iteration 1160 = 0.21005576169118284
Training loss on iteration 1180 = 0.23270425987429916
Training loss on iteration 1200 = 0.22413513115607203
Training loss on iteration 1220 = 0.21235014479607345
Training loss on iteration 1240 = 0.21847489196807146
Training loss on iteration 1260 = 0.2691478967666626
Training loss on iteration 1280 = 0.31284974738955496
Training loss on iteration 1300 = 0.21727763051167132
Training loss on iteration 1320 = 0.2292301029432565
Training loss on iteration 1340 = 0.1295583134982735
Training loss on iteration 1360 = 0.13729161508381366
Training loss on iteration 1380 = 0.31592027097940445
Training loss on iteration 1400 = 0.17245430543553084
Training loss on iteration 1420 = 0.16073571341112255
Training loss on iteration 1440 = 0.26778610912151635
Training loss on iteration 1460 = 0.2662371214479208
Training loss on iteration 1480 = 0.17541022156365216
Training loss on iteration 1500 = 0.18364805136807263
Training loss on iteration 1520 = 0.12400182560086251
Training loss on iteration 1540 = 0.13674889027606696
Training loss on iteration 1560 = 0.18850487443851308
Training loss on iteration 1580 = 0.19417662750929593
Training loss on iteration 1600 = 0.1554701123852283
Training loss on iteration 1620 = 0.13839107607491313
Training loss on iteration 1640 = 0.344122095964849
Training loss on iteration 1660 = 0.31725395917892457
Training loss on iteration 1680 = 0.2131939547136426
Training loss on iteration 1700 = 0.1801957397721708
Training loss on iteration 1720 = 0.1816975988447666
Training loss on iteration 1740 = 0.19763709437102078
Training loss on iteration 1760 = 0.2633099403232336
Training loss on iteration 1780 = 0.21958192382007838
Training loss on iteration 1800 = 0.17369343526661396
Training loss on iteration 1820 = 0.17276818277314304
Training loss on iteration 1840 = 0.3442029174417257
Training loss on iteration 1860 = 0.21449935557320715
Training loss on iteration 1880 = 0.2528562119230628
Training loss on iteration 1900 = 0.2052862260490656
Training loss on iteration 1920 = 0.2274084748700261
Training loss on iteration 1940 = 0.21780574433505534
Training loss on iteration 1960 = 0.3572079015430063
Training loss on iteration 1980 = 0.1921304313465953
Training loss on iteration 2000 = 0.16707625170238316
Training loss on iteration 2020 = 0.27724840128794315
Training loss on iteration 2040 = 0.2743798039853573
Training loss on iteration 2060 = 0.34324376136064527
Training loss on iteration 2080 = 0.28758046254515646
Training loss on iteration 2100 = 0.24261960126459597
Training loss on iteration 2120 = 0.12343584313057362
Training loss on iteration 2140 = 0.2722847659140825
Training loss on iteration 2160 = 0.3587527543306351
Training loss on iteration 2180 = 0.2871987696737051
Training loss on iteration 2200 = 0.2348588602617383
Training loss on iteration 2220 = 0.16788333426229657
Training loss on iteration 2240 = 0.2046596160158515
Training loss on iteration 2260 = 0.1914449538802728
Training loss on iteration 2280 = 0.2178815132007003
Training loss on iteration 2300 = 0.2345953680574894
Training loss on iteration 2320 = 0.2269354034215212
Training loss on iteration 2340 = 0.15271407375112175
Training loss on iteration 2360 = 0.18079171222634613
Training loss on iteration 2380 = 0.1770534403156489
Training loss on iteration 2400 = 0.17034967001527548
Training loss on iteration 2420 = 0.12899865614017472
Training loss on iteration 2440 = 0.13319434341974556
Training loss on iteration 2460 = 0.23639536332339048
Training loss on iteration 2480 = 0.08246303871273994
Training loss on iteration 2500 = 0.1314524521585554
Training loss on iteration 2520 = 0.17367701479233802
Training loss on iteration 2540 = 0.24959754943847656
Training loss on iteration 2560 = 0.142362605035305
Training loss on iteration 2580 = 0.09834552147658542
Training loss on iteration 2600 = 0.18231502650305628
Training loss on iteration 2620 = 0.2551594864577055
Training loss on iteration 2640 = 0.19037514058873056
Training loss on iteration 2660 = 0.17208316498436033
Training loss on iteration 2680 = 0.19963063392788172
Training loss on iteration 2700 = 0.16979355169460178
Training loss on iteration 2720 = 0.21554074445739388
Training loss on iteration 2740 = 0.16055093943141402
Training loss on iteration 2760 = 0.21544461669400333
Training loss on iteration 2780 = 0.1800611313432455
Training loss on iteration 2800 = 0.11706744194962085
Training loss on iteration 2820 = 0.169190770201385
Training loss on iteration 2840 = 0.19729570178315042
Training loss on iteration 2860 = 0.20180141753517092
Training loss on iteration 2880 = 0.32400772292166946
Training loss on iteration 2900 = 0.20924097448587417
Training loss on iteration 2920 = 0.2191800232976675
Training loss on iteration 2940 = 0.2969151727389544
Training loss on iteration 2960 = 0.43206731155514716
Training loss on iteration 2980 = 0.2362717090174556
Training loss on iteration 3000 = 0.3333528351038694
Training loss on iteration 3020 = 0.21441191732883452
Training loss on iteration 3040 = 0.28030828200280666
Training loss on iteration 3060 = 0.36217878088355066
Training loss on iteration 3080 = 0.15127266012132168
Training loss on iteration 3100 = 0.1878909446299076
Training loss on iteration 3120 = 0.3208460563328117
Training loss on iteration 3140 = 0.3755837015807629
Training loss on iteration 3160 = 0.28638230785727503
Training loss on iteration 3180 = 0.2522513534873724
Training loss on iteration 3200 = 0.23988524358719587
Training loss on iteration 3220 = 0.2617567003704607
Training loss on iteration 3240 = 0.183964616432786
Training loss on iteration 3260 = 0.3349324841750786
Training loss on iteration 3280 = 0.2511525954119861
Training loss on iteration 3300 = 0.1093805125914514
Training loss on iteration 3320 = 0.16972830425947905
Training loss on iteration 3340 = 0.23614384848624467
Training loss on iteration 3360 = 0.14465292915701866
Training loss on iteration 3380 = 0.1734698080457747
Training loss on iteration 3400 = 0.2451385549735278
Training loss on iteration 3420 = 0.2293835898162797
Training loss on iteration 3440 = 0.21262618489563465
Training loss on iteration 3460 = 0.16229446725919844
Training loss on iteration 3480 = 0.1898906663991511
Training loss on iteration 3500 = 0.19298083509784192
Training loss on iteration 3520 = 0.38144340440630914
Training loss on iteration 3540 = 0.33769269827753307
Training loss on iteration 3560 = 0.3572863590437919
Training loss on iteration 3580 = 0.2978958884254098
Training loss on iteration 3600 = 0.21004963908344507
Training loss on iteration 3620 = 0.3025391349568963
Training loss on iteration 3640 = 0.3133221441879869
Training loss on iteration 3660 = 0.3240671843290329
Training loss on iteration 3680 = 0.17585682896897198
Training loss on iteration 3700 = 0.19572595059871672
Training loss on iteration 3720 = 0.17436924269422888
Training loss on iteration 3740 = 0.17495410407427697
Training loss on iteration 3760 = 0.27714770995080473
Training loss on iteration 3780 = 0.1928037591278553
Training loss on iteration 3800 = 0.1527339422609657
Training loss on iteration 3820 = 0.22950123073533177
Training loss on iteration 3840 = 0.3762986390851438
Training loss on iteration 3860 = 0.17761674257926643
Training loss on iteration 3880 = 0.19826602595858275
Training loss on iteration 3900 = 0.15126792821101845
Training loss on iteration 3920 = 0.1414345733472146
Training loss on iteration 3940 = 0.22880295463837683
Training loss on iteration 3960 = 0.26541417008265855
Training loss on iteration 3980 = 0.23503812663257123
Training loss on iteration 4000 = 0.2673092829063535
Training loss on iteration 4020 = 0.18323732689023017
Training loss on iteration 4040 = 0.15867816060781478
Training loss on iteration 4060 = 0.1619670545682311
Training loss on iteration 4080 = 0.2706513274461031
Training loss on iteration 4100 = 0.3363324196077883
Training loss on iteration 4120 = 0.192466888576746
Training loss on iteration 4140 = 0.15537870954722166
Training loss on iteration 4160 = 0.2206066032871604
Training loss on iteration 4180 = 0.16032257843762637
Training loss on iteration 4200 = 0.1818846412934363
Training loss on iteration 4220 = 0.2116633951663971
Training loss on iteration 4240 = 0.4042069002054632
Training loss on iteration 4260 = 0.8764220550656319
Training loss on iteration 4280 = 0.9069888472557068
Training loss on iteration 4300 = 0.5620854020118713
Training loss on iteration 4320 = 0.8194661661982536
Training loss on iteration 4340 = 0.5404285743832589
Training loss on iteration 4360 = 0.6043855011463165
Training loss on iteration 4380 = 0.5260510168969631
Training loss on iteration 4400 = 0.5522319510579109
Training loss on iteration 4420 = 0.5308599837124348
Training loss on iteration 4440 = 0.5253727279603482
Training loss on iteration 4460 = 0.5229235336184501
Training loss on iteration 4480 = 0.42009077928960326
Training loss on iteration 4500 = 0.600832599401474
Training loss on iteration 4520 = 0.439382030069828
Training loss on iteration 4540 = 0.3347248125821352
Training loss on iteration 4560 = 0.336749448813498
Training loss on iteration 4580 = 0.5238889070227742
Training loss on iteration 4600 = 0.5123986344784498
Training loss on iteration 4620 = 0.531001016497612
Training loss on iteration 4640 = 0.4594765901565552
Training loss on iteration 4660 = 0.5281239315867424
Training loss on iteration 4680 = 0.42207336202263834
Training loss on iteration 4700 = 0.41834302693605424
Training loss on iteration 4720 = 0.5001588441431523
Training loss on iteration 4740 = 0.4025946006178856
Training loss on iteration 4760 = 0.4265882633626461
Training loss on iteration 4780 = 0.3497688755393028
Training loss on iteration 4800 = 0.45509789846837523
Training loss on iteration 4820 = 0.3972756028175354
Training loss on iteration 4840 = 0.42559905871748926
Training loss on iteration 4860 = 0.39111437387764453
Training loss on iteration 4880 = 0.330290911346674
Training loss on iteration 4900 = 0.35305412113666534
Training loss on iteration 4920 = 0.3412442199885845
Training loss on iteration 4940 = 0.29949613139033315
Training loss on iteration 4960 = 0.3735641796141863
Training loss on iteration 4980 = 0.2576782014220953
Training loss on iteration 5000 = 0.2765233094803989
Training loss on iteration 5020 = 0.3950413726270199
Training loss on iteration 5040 = 0.20089329779148102
Training loss on iteration 5060 = 0.32728924602270126
Training loss on iteration 5080 = 0.4728095132857561
Training loss on iteration 5100 = 0.5196118891239166
Training loss on iteration 5120 = 0.41473873406648637
Training loss on iteration 5140 = 0.2836462903767824
Training loss on iteration 5160 = 0.33259118609130384
Training loss on iteration 5180 = 0.2525667127221823
Training loss on iteration 5200 = 0.2780139848589897
Training loss on iteration 5220 = 0.256935627758503
Training loss on iteration 5240 = 0.2863003583624959
Training loss on iteration 5260 = 0.34899355601519344
Training loss on iteration 5280 = 0.30704134814441203
Training loss on iteration 5300 = 0.3266184594482183
Training loss on iteration 5320 = 0.46881146552041175
Training loss on iteration 5340 = 0.4660174950957298
Training loss on iteration 5360 = 0.37006150744855404
Training loss on iteration 5380 = 0.3646622523665428
Training loss on iteration 5400 = 0.24136520996689798
Training loss on iteration 5420 = 0.28645231258124115
Training loss on iteration 5440 = 0.34650178235024215
Training loss on iteration 5460 = 0.40753401815891266
Training loss on iteration 5480 = 0.35928609073162077
Training loss on iteration 5500 = 0.4508108921349049
Training loss on iteration 5520 = 0.286857651732862
Training loss on iteration 5540 = 0.29149973802268503
Training loss on iteration 5560 = 0.3578645810484886
Training loss on iteration 5580 = 0.3150111008435488
Training loss on iteration 5600 = 0.2939647387713194
### EVAL:: Epoch 2:: Loss = 0.23093202333982094 :: ACC = 0.908641102668316, AUC = 0.9773055638626205, EER = 0.07510160805796078
Training on epoch 3
Training loss on iteration 0 = 0.2977558672428131
Training loss on iteration 20 = 0.2884596297517419
Training loss on iteration 40 = 0.28035306222736833
Training loss on iteration 60 = 0.2920799902640283
Training loss on iteration 80 = 0.4881492264568806
Training loss on iteration 100 = 0.3286609947681427
Training loss on iteration 120 = 0.26874873135238886
Training loss on iteration 140 = 0.2563992731273174
Training loss on iteration 160 = 0.24575621988624335
Training loss on iteration 180 = 0.2522486290894449
Training loss on iteration 200 = 0.27948193163610996
Training loss on iteration 220 = 0.27876230850815775
Training loss on iteration 240 = 0.28567201662808656
Training loss on iteration 260 = 0.44709341526031493
Training loss on iteration 280 = 0.4008964218199253
Training loss on iteration 300 = 0.2652336034923792
Training loss on iteration 320 = 0.12429643506184221
Training loss on iteration 340 = 0.2304154488258064
Training loss on iteration 360 = 0.34910050258040426
Training loss on iteration 380 = 0.30737233627587557
Training loss on iteration 400 = 0.2532011853531003
Training loss on iteration 420 = 0.3458556583151221
Training loss on iteration 440 = 0.2998011849820614
Training loss on iteration 460 = 0.4189197514206171
Training loss on iteration 480 = 0.35158800035715104
Training loss on iteration 500 = 0.32805387387052176
Training loss on iteration 520 = 0.25513053219765425
Training loss on iteration 540 = 0.30706191100180147
Training loss on iteration 560 = 0.267303655995056
Training loss on iteration 580 = 0.26966709960252044
Training loss on iteration 600 = 0.32279539331793783
Training loss on iteration 620 = 0.2976549703627825
Training loss on iteration 640 = 0.4085636578500271
Training loss on iteration 660 = 0.38041573818773033
Training loss on iteration 680 = 0.4152464456856251
Training loss on iteration 700 = 0.25768764363601804
Training loss on iteration 720 = 0.16121369553729892
Training loss on iteration 740 = 0.3271629585884511
Training loss on iteration 760 = 0.2690634809434414
Training loss on iteration 780 = 0.29267308237031103
Training loss on iteration 800 = 0.24903772100806237
Training loss on iteration 820 = 0.2926471933722496
Training loss on iteration 840 = 0.20843060724437237
Training loss on iteration 860 = 0.2642965962179005
Training loss on iteration 880 = 0.3681023443117738
Training loss on iteration 900 = 0.3424484208226204
Training loss on iteration 920 = 0.2742291525006294
Training loss on iteration 940 = 0.3114157060626894
Training loss on iteration 960 = 0.3078324508853257
Training loss on iteration 980 = 0.29561332138255236
Training loss on iteration 1000 = 0.25520870755426583
Training loss on iteration 1020 = 0.3098593086004257
Training loss on iteration 1040 = 0.27169956974685194
Training loss on iteration 1060 = 0.2619515132158995
Training loss on iteration 1080 = 0.34856114313006403
Training loss on iteration 1100 = 0.27407054919749496
Training loss on iteration 1120 = 0.3548640234395862
Training loss on iteration 1140 = 0.2951879154890776
Training loss on iteration 1160 = 0.2947118474170566
Training loss on iteration 1180 = 0.2592400319874287
Training loss on iteration 1200 = 0.27731478940695525
Training loss on iteration 1220 = 0.25225269235670567
Training loss on iteration 1240 = 0.2436805333942175
Training loss on iteration 1260 = 0.2376171054318547
Training loss on iteration 1280 = 0.26067553367465734
Training loss on iteration 1300 = 0.2792510462924838
Training loss on iteration 1320 = 0.24840285088866948
Training loss on iteration 1340 = 0.27683453224599364
Training loss on iteration 1360 = 0.4597568970173597
Training loss on iteration 1380 = 0.27572811394929886
Training loss on iteration 1400 = 0.24627424124628305
Training loss on iteration 1420 = 0.2055973956361413
Training loss on iteration 1440 = 0.20684969574213027
Training loss on iteration 1460 = 0.30486515499651434
Training loss on iteration 1480 = 0.24491244945675134
Training loss on iteration 1500 = 0.3000355788972229
Training loss on iteration 1520 = 0.23834249675273894
Training loss on iteration 1540 = 0.27763219326734545
Training loss on iteration 1560 = 0.254532865062356
Training loss on iteration 1580 = 0.3639965433627367
Training loss on iteration 1600 = 0.23958109188824891
Training loss on iteration 1620 = 0.33336936989799143
Training loss on iteration 1640 = 0.22619182635098695
Training loss on iteration 1660 = 0.21611790228635072
Training loss on iteration 1680 = 0.4159921515733004
Training loss on iteration 1700 = 0.23601744119077922
Training loss on iteration 1720 = 0.23679660740308464
Training loss on iteration 1740 = 0.32008543802658096
Training loss on iteration 1760 = 0.3098890773952007
Training loss on iteration 1780 = 0.3159292183816433
Training loss on iteration 1800 = 0.2855342099443078
Training loss on iteration 1820 = 0.43189776316285133
Training loss on iteration 1840 = 0.3600205972790718
Training loss on iteration 1860 = 0.2729040525853634
Training loss on iteration 1880 = 0.25760989016853275
Training loss on iteration 1900 = 0.2892995186150074
Training loss on iteration 1920 = 0.2612409507855773
Training loss on iteration 1940 = 0.3127317652106285
Training loss on iteration 1960 = 0.20763756618835033
Training loss on iteration 1980 = 0.28236063458025457
Training loss on iteration 2000 = 0.46394080221652984
Training loss on iteration 2020 = 0.24968671128153802
Training loss on iteration 2040 = 0.2904010102152824
Training loss on iteration 2060 = 0.29563275519758464
Training loss on iteration 2080 = 0.2181246355175972
Training loss on iteration 2100 = 0.3322337409481406
Training loss on iteration 2120 = 0.4984500128775835
Training loss on iteration 2140 = 0.27452013418078425
Training loss on iteration 2160 = 0.25046211294829845
Training loss on iteration 2180 = 0.374027493968606
Training loss on iteration 2200 = 0.3157754074782133
Training loss on iteration 2220 = 0.31938960365951063
Training loss on iteration 2240 = 0.36718187518417833
Training loss on iteration 2260 = 0.3608107402920723
Training loss on iteration 2280 = 0.33996790535748006
Training loss on iteration 2300 = 0.36566912685520947
Training loss on iteration 2320 = 0.2649726428091526
Training loss on iteration 2340 = 0.6175502486526966
Training loss on iteration 2360 = 0.5967422612011433
Training loss on iteration 2380 = 0.4397145979106426
Training loss on iteration 2400 = 0.37519440092146394
Training loss on iteration 2420 = 0.37584626525640485
Training loss on iteration 2440 = 0.41592239998281
Training loss on iteration 2460 = 0.3741771474480629
Training loss on iteration 2480 = 0.40892283990979195
Training loss on iteration 2500 = 0.3570607613772154
Training loss on iteration 2520 = 0.32657673880457877
Training loss on iteration 2540 = 0.2217432763427496
Training loss on iteration 2560 = 0.7811511304229498
Training loss on iteration 2580 = 0.3684946894645691
Training loss on iteration 2600 = 0.39035733938217165
Training loss on iteration 2620 = 0.2552766740322113
Training loss on iteration 2640 = 0.30241537299007176
Training loss on iteration 2660 = 0.38209801390767095
Training loss on iteration 2680 = 0.3822431452572346
Training loss on iteration 2700 = 0.3173482310026884
Training loss on iteration 2720 = 0.32788567021489146
Training loss on iteration 2740 = 0.22286660112440587
Training loss on iteration 2760 = 0.2784936711192131
Training loss on iteration 2780 = 0.34340181946754456
Training loss on iteration 2800 = 0.3889733009040356
Training loss on iteration 2820 = 0.3751830909401178
Training loss on iteration 2840 = 0.3110023234039545
Training loss on iteration 2860 = 0.3975230412557721
Training loss on iteration 2880 = 0.3330747917294502
Training loss on iteration 2900 = 0.3111122965812683
Training loss on iteration 2920 = 0.43991426564753056
Training loss on iteration 2940 = 0.4455847889184952
Training loss on iteration 2960 = 0.3624910531565547
Training loss on iteration 2980 = 0.35858883485198023
Training loss on iteration 3000 = 0.36500741317868235
Training loss on iteration 3020 = 0.38643208630383014
Training loss on iteration 3040 = 0.38698548451066017
Training loss on iteration 3060 = 0.27706892509013414
Training loss on iteration 3080 = 0.5267334710806608
Training loss on iteration 3100 = 0.38726443126797677
Training loss on iteration 3120 = 0.37273604348301886
Training loss on iteration 3140 = 0.39978615529835226
Training loss on iteration 3160 = 0.42878524819388986
Training loss on iteration 3180 = 0.395964196883142
Training loss on iteration 3200 = 0.4268082655966282
Training loss on iteration 3220 = 0.3405320782214403
Training loss on iteration 3240 = 0.33622431866824626
Training loss on iteration 3260 = 0.40696733007207514
Training loss on iteration 3280 = 0.38047813847661016
Training loss on iteration 3300 = 0.32121149841696023
Training loss on iteration 3320 = 0.37726075407117604
Training loss on iteration 3340 = 0.3627688717097044
Training loss on iteration 3360 = 0.6054602816700936
Training loss on iteration 3380 = 0.329228600859642
Training loss on iteration 3400 = 0.3661627000197768
Training loss on iteration 3420 = 0.3109380085021257
Training loss on iteration 3440 = 0.37522380948066714
Training loss on iteration 3460 = 0.40272164046764375
Training loss on iteration 3480 = 0.2584143590182066
Training loss on iteration 3500 = 0.34954872317612173
Training loss on iteration 3520 = 0.4063375789672136
Training loss on iteration 3540 = 0.2673735924065113
Training loss on iteration 3560 = 0.3407073333859444
Training loss on iteration 3580 = 0.31757594011723994
Training loss on iteration 3600 = 0.3113514414057136
Training loss on iteration 3620 = 0.3511153418570757
Training loss on iteration 3640 = 0.36727348938584325
Training loss on iteration 3660 = 0.5226853789761663
Training loss on iteration 3680 = 0.4400984771549702
Training loss on iteration 3700 = 0.49888481199741364
Training loss on iteration 3720 = 0.3519039686769247
Training loss on iteration 3740 = 0.4628629505634308
Training loss on iteration 3760 = 0.47659239657223224
Training loss on iteration 3780 = 0.39288823008537294
Training loss on iteration 3800 = 0.31062744855880736
Training loss on iteration 3820 = 0.5288231827318668
Training loss on iteration 3840 = 0.4128289245069027
Training loss on iteration 3860 = 0.4803181566298008
Training loss on iteration 3880 = 0.45567191019654274
Training loss on iteration 3900 = 0.3026797644793987
Training loss on iteration 3920 = 0.3169775612652302
Training loss on iteration 3940 = 0.320830399915576
Training loss on iteration 3960 = 0.4608571633696556
Training loss on iteration 3980 = 0.4173853941261768
Training loss on iteration 4000 = 0.36570422984659673
Training loss on iteration 4020 = 0.32910452485084535
Training loss on iteration 4040 = 0.41193023063242434
Training loss on iteration 4060 = 0.3993865430355072
Training loss on iteration 4080 = 0.31411985270679
Training loss on iteration 4100 = 0.3971150601282716
Training loss on iteration 4120 = 0.42857785038650037
Training loss on iteration 4140 = 0.5743056252598763
Training loss on iteration 4160 = 0.427271430939436
Training loss on iteration 4180 = 0.4137166865170002
Training loss on iteration 4200 = 0.3940525721758604
Training loss on iteration 4220 = 0.37566491328179835
Training loss on iteration 4240 = 0.4770391158759594
Training loss on iteration 4260 = 0.335597525537014
Training loss on iteration 4280 = 0.48406351208686826
Training loss on iteration 4300 = 0.3687662106007338
Training loss on iteration 4320 = 0.28416570723056794
Training loss on iteration 4340 = 0.5416990719735623
Training loss on iteration 4360 = 0.3796977084130049
Training loss on iteration 4380 = 0.3777222167700529
Training loss on iteration 4400 = 0.32532134726643563
Training loss on iteration 4420 = 0.30405534654855726
Training loss on iteration 4440 = 0.4012950759381056
Training loss on iteration 4460 = 0.34942175820469856
Training loss on iteration 4480 = 0.30187887996435164
Training loss on iteration 4500 = 0.3243630360811949
Training loss on iteration 4520 = 0.30902973739430306
Training loss on iteration 4540 = 0.3901046134531498
Training loss on iteration 4560 = 0.2783540301024914
Training loss on iteration 4580 = 0.24527893532067538
Training loss on iteration 4600 = 0.3565869709476829
Training loss on iteration 4620 = 0.28487252704799176
Training loss on iteration 4640 = 0.36836765315383674
Training loss on iteration 4660 = 0.2930689349770546
Training loss on iteration 4680 = 0.29198098834604025
Training loss on iteration 4700 = 0.3690903462469578
Training loss on iteration 4720 = 0.3823053162544966
Training loss on iteration 4740 = 0.2610309924930334
Training loss on iteration 4760 = 0.38443681187927725
Training loss on iteration 4780 = 0.44924546419642863
Training loss on iteration 4800 = 0.43722605891525745
Training loss on iteration 4820 = 0.36825714223086836
Training loss on iteration 4840 = 0.7398154377937317
Training loss on iteration 4860 = 0.5428208276629448
Training loss on iteration 4880 = 0.3361055709421635
Training loss on iteration 4900 = 0.2605588506907225
Training loss on iteration 4920 = 0.4177286524325609
Training loss on iteration 4940 = 0.256688592210412
Training loss on iteration 4960 = 0.318132983148098
Training loss on iteration 4980 = 0.5579834446310997
Training loss on iteration 5000 = 0.5139339476823807
Training loss on iteration 5020 = 0.40238031297922133
Training loss on iteration 5040 = 0.3159887731075287
Training loss on iteration 5060 = 0.2502613427117467
Training loss on iteration 5080 = 0.41200753636658194
Training loss on iteration 5100 = 0.2706909503787756
Training loss on iteration 5120 = 0.35180679047480223
Training loss on iteration 5140 = 0.30473127085715535
Training loss on iteration 5160 = 0.3800770703703165
Training loss on iteration 5180 = 0.23553697476163507
Training loss on iteration 5200 = 0.3607985392212868
Training loss on iteration 5220 = 0.22297148145735263
Training loss on iteration 5240 = 0.35815874743275344
Training loss on iteration 5260 = 0.2275715682655573
Training loss on iteration 5280 = 0.3223451528698206
Training loss on iteration 5300 = 0.32210155166685583
Training loss on iteration 5320 = 0.26248773774132134
Training loss on iteration 5340 = 0.3096911206841469
Training loss on iteration 5360 = 0.2702188404276967
Training loss on iteration 5380 = 0.34689214592799544
Training loss on iteration 5400 = 0.34319630488753317
Training loss on iteration 5420 = 0.2739879507571459
Training loss on iteration 5440 = 0.2163848964497447
Training loss on iteration 5460 = 0.2668816461227834
Training loss on iteration 5480 = 0.24356820937246085
Training loss on iteration 5500 = 0.3469389844685793
Training loss on iteration 5520 = 0.3317923158407211
Training loss on iteration 5540 = 0.2655159615911543
Training loss on iteration 5560 = 0.33382952585816383
Training loss on iteration 5580 = 0.3667445331811905
Training loss on iteration 5600 = 0.402625323459506
### EVAL:: Epoch 3:: Loss = 0.2251660993955507 :: ACC = 0.9196854567944867, AUC = 0.9612376933614839, EER = 0.10284502562290157
Training on epoch 4
Training loss on iteration 0 = 0.3858427107334137
Training loss on iteration 20 = 0.30876413024961946
Training loss on iteration 40 = 0.29049213686957953
Training loss on iteration 60 = 0.33559602349996565
Training loss on iteration 80 = 0.27823935858905313
Training loss on iteration 100 = 0.29269743505865337
Training loss on iteration 120 = 0.37608571723103523
Training loss on iteration 140 = 0.30606703404337166
Training loss on iteration 160 = 0.22630881685763599
Training loss on iteration 180 = 0.23905046973377467
Training loss on iteration 200 = 0.2966416204348207
Training loss on iteration 220 = 0.3270552299916744
Training loss on iteration 240 = 0.29438903126865623
Training loss on iteration 260 = 0.2723577419295907
Training loss on iteration 280 = 0.32944440357387067
Training loss on iteration 300 = 0.3162995643913746
Training loss on iteration 320 = 0.30903967265039683
Training loss on iteration 340 = 0.3469047572463751
Training loss on iteration 360 = 0.24988794550299645
Training loss on iteration 380 = 0.3869806881994009
Training loss on iteration 400 = 0.28922168239951135
Training loss on iteration 420 = 0.3189627468585968
Training loss on iteration 440 = 0.23289822805672883
Training loss on iteration 460 = 0.36366120874881747
Training loss on iteration 480 = 0.37826266661286356
Training loss on iteration 500 = 0.24248188997153192
Training loss on iteration 520 = 0.2570747951045632
Training loss on iteration 540 = 0.4861496727913618
Training loss on iteration 560 = 0.41073522381484506
Training loss on iteration 580 = 0.5012224402278662
Training loss on iteration 600 = 0.29379664845764636
Training loss on iteration 620 = 0.41311374232172965
Training loss on iteration 640 = 0.31092660017311574
Training loss on iteration 660 = 0.236009350605309
Training loss on iteration 680 = 0.3196327227167785
Training loss on iteration 700 = 0.23973522167652844
Training loss on iteration 720 = 0.21449081357568503
Training loss on iteration 740 = 0.34552978798747064
Training loss on iteration 760 = 0.34518552366644145
Training loss on iteration 780 = 0.46737793646752834
Training loss on iteration 800 = 0.5298246018588543
Training loss on iteration 820 = 0.35440040566027164
Training loss on iteration 840 = 0.3567535635083914
Training loss on iteration 860 = 0.6108374267816543
Training loss on iteration 880 = 0.5879929579794407
Training loss on iteration 900 = 0.2712616231292486
Training loss on iteration 920 = 0.38802629755809903
Training loss on iteration 940 = 0.4550761979073286
Training loss on iteration 960 = 0.5084150606766343
Training loss on iteration 980 = 0.3038393007591367
Training loss on iteration 1000 = 0.26372406631708145
Training loss on iteration 1020 = 0.3191866211593151
Training loss on iteration 1040 = 0.22539103161543608
Training loss on iteration 1060 = 0.2785284869372845
Training loss on iteration 1080 = 0.3286243362352252
Training loss on iteration 1100 = 0.4354342302307487
Training loss on iteration 1120 = 0.32335301786661147
Training loss on iteration 1140 = 0.2676927100867033
Training loss on iteration 1160 = 0.32220598608255385
Training loss on iteration 1180 = 0.21911174608394504
Training loss on iteration 1200 = 0.29969162195920945
Training loss on iteration 1220 = 0.2597586318850517
Training loss on iteration 1240 = 0.18561947233974935
Training loss on iteration 1260 = 0.20087463557720184
Training loss on iteration 1280 = 0.4246883146464825
Training loss on iteration 1300 = 0.3212345991283655
Training loss on iteration 1320 = 0.37593596056103706
Training loss on iteration 1340 = 0.3386938899755478
Training loss on iteration 1360 = 0.30352787412703036
Training loss on iteration 1380 = 0.4244992628693581
Training loss on iteration 1400 = 0.6044555954635144
Training loss on iteration 1420 = 0.37576800137758254
Training loss on iteration 1440 = 0.32549026869237424
Training loss on iteration 1460 = 0.2573825169354677
Training loss on iteration 1480 = 0.2856663817539811
Training loss on iteration 1500 = 0.41623013727366925
Training loss on iteration 1520 = 0.4056966945528984
Training loss on iteration 1540 = 0.2755260579288006
Training loss on iteration 1560 = 0.26637765672057867
Training loss on iteration 1580 = 0.28554369951598346
Training loss on iteration 1600 = 0.22492601245176047
Training loss on iteration 1620 = 0.27438761238008735
Training loss on iteration 1640 = 0.32788531500846146
Training loss on iteration 1660 = 0.20070681776851415
Training loss on iteration 1680 = 0.2658680684864521
Training loss on iteration 1700 = 0.20976335406303406
Training loss on iteration 1720 = 0.31889254339039325
Training loss on iteration 1740 = 0.4651957951486111
Training loss on iteration 1760 = 0.35705004930496215
Training loss on iteration 1780 = 0.5140395529568196
Training loss on iteration 1800 = 0.5145752541720867
Training loss on iteration 1820 = 0.887334269285202
Training loss on iteration 1840 = 0.729396142065525
Training loss on iteration 1860 = 0.5252016797661782
Training loss on iteration 1880 = 0.4733924511820078
Training loss on iteration 1900 = 0.42164755463600156
Training loss on iteration 1920 = 0.5263167321681976
Training loss on iteration 1940 = 0.5687194511294364
Training loss on iteration 1960 = 0.5255772672593594
Training loss on iteration 1980 = 0.9374656915664673
Training loss on iteration 2000 = 0.6076023586094379
Training loss on iteration 2020 = 0.5853022929280997
Training loss on iteration 2040 = 0.3909402465447783
Training loss on iteration 2060 = 0.5409305546432733
Training loss on iteration 2080 = 0.45900064408779145
Training loss on iteration 2100 = 0.4733719613403082
Training loss on iteration 2120 = 0.47417759969830514
Training loss on iteration 2140 = 0.412447202950716
Training loss on iteration 2160 = 0.35334217054769396
Training loss on iteration 2180 = 0.28665313608944415
Training loss on iteration 2200 = 0.24785013180226087
Training loss on iteration 2220 = 0.43848724849522114
Training loss on iteration 2240 = 0.2624666512012482
Training loss on iteration 2260 = 0.42729376181960105
Training loss on iteration 2280 = 0.4170675281435251
Training loss on iteration 2300 = 0.4122826471924782
Training loss on iteration 2320 = 0.3210729006677866
Training loss on iteration 2340 = 0.3020150702446699
Training loss on iteration 2360 = 0.28175876652821896
Training loss on iteration 2380 = 0.4365293476730585
Training loss on iteration 2400 = 0.43150370959192513
Training loss on iteration 2420 = 0.4501582093536854
Training loss on iteration 2440 = 0.3847188662737608
Training loss on iteration 2460 = 0.35793030112981794
Training loss on iteration 2480 = 0.2187037349678576
Training loss on iteration 2500 = 0.3436287146061659
Training loss on iteration 2520 = 0.26091256104409694
Training loss on iteration 2540 = 0.28639131374657156
Training loss on iteration 2560 = 0.23620107397437096
Training loss on iteration 2580 = 0.25168649666011333
Training loss on iteration 2600 = 0.24201792646199466
Training loss on iteration 2620 = 0.21266193445771933
Training loss on iteration 2640 = 0.2521530341356993
Training loss on iteration 2660 = 0.40305179003626107
Training loss on iteration 2680 = 0.3030201278626919
Training loss on iteration 2700 = 0.44087367355823515
Training loss on iteration 2720 = 0.3061375018209219
Training loss on iteration 2740 = 0.2622778305783868
Training loss on iteration 2760 = 0.2669827364385128
Training loss on iteration 2780 = 0.2796487119048834
Training loss on iteration 2800 = 0.25705750435590746
Training loss on iteration 2820 = 0.3325800048187375
Training loss on iteration 2840 = 0.4666862219572067
Training loss on iteration 2860 = 0.5910592585802078
Training loss on iteration 2880 = 0.42832522429525854
Training loss on iteration 2900 = 0.4481429599225521
Training loss on iteration 2920 = 0.6543461218476295
Training loss on iteration 2940 = 0.4034713387489319
Training loss on iteration 2960 = 0.33136298395693303
Training loss on iteration 2980 = 0.4691060155630112
Training loss on iteration 3000 = 0.4061094269156456
Training loss on iteration 3020 = 0.4737611349672079
Training loss on iteration 3040 = 0.34780562072992327
Training loss on iteration 3060 = 0.4255248200148344
Training loss on iteration 3080 = 0.3921726532280445
Training loss on iteration 3100 = 0.376570313423872
Training loss on iteration 3120 = 0.4465644422918558
Training loss on iteration 3140 = 0.41132455356419084
Training loss on iteration 3160 = 0.3801566317677498
Training loss on iteration 3180 = 0.4982828352600336
Training loss on iteration 3200 = 0.5158553697168827
Training loss on iteration 3220 = 0.35735386274755
Training loss on iteration 3240 = 0.3384086098521948
Training loss on iteration 3260 = 0.2729703294113278
Training loss on iteration 3280 = 0.34361871536821126
Training loss on iteration 3300 = 0.27944235410541296
Training loss on iteration 3320 = 0.4493731511756778
Training loss on iteration 3340 = 0.3800916101783514
Training loss on iteration 3360 = 0.45786661840975285
Training loss on iteration 3380 = 0.3758741240948439
Training loss on iteration 3400 = 0.36442763209342954
Training loss on iteration 3420 = 0.2943511299788952
Training loss on iteration 3440 = 0.36372918337583543
Training loss on iteration 3460 = 0.4041153367608786
Training loss on iteration 3480 = 0.28910467475652696
Training loss on iteration 3500 = 0.2695696786046028
Training loss on iteration 3520 = 0.34204643703997134
Training loss on iteration 3540 = 0.30210390463471415
Training loss on iteration 3560 = 0.25306075513362886
Training loss on iteration 3580 = 0.2852422648575157
Training loss on iteration 3600 = 0.467260267585516
Training loss on iteration 3620 = 0.3285895572975278
Training loss on iteration 3640 = 0.26991726374253633
Training loss on iteration 3660 = 0.2956563618034124
Training loss on iteration 3680 = 0.3772424994036555
Training loss on iteration 3700 = 0.4504467278718948
Training loss on iteration 3720 = 0.2768427200615406
Training loss on iteration 3740 = 0.2858389270491898
Training loss on iteration 3760 = 0.3296287653967738
Training loss on iteration 3780 = 0.23453355547972024
Training loss on iteration 3800 = 0.31221618987619876
Training loss on iteration 3820 = 0.2018297204747796
Training loss on iteration 3840 = 0.3692967941984534
Training loss on iteration 3860 = 0.33578944988548753
Training loss on iteration 3880 = 0.3502281172201037
Training loss on iteration 3900 = 0.32547898050397633
Training loss on iteration 3920 = 0.2769530925899744
Training loss on iteration 3940 = 0.1812790864612907
Training loss on iteration 3960 = 0.2520805148407817
Training loss on iteration 3980 = 0.4388620834797621
Training loss on iteration 4000 = 0.30367091204971075
Training loss on iteration 4020 = 0.2743839185684919
Training loss on iteration 4040 = 0.38141751401126384
Training loss on iteration 4060 = 0.28369835652410985
Training loss on iteration 4080 = 0.4854516934603453
Training loss on iteration 4100 = 0.38061788976192473
Training loss on iteration 4120 = 0.3354535769671202
Training loss on iteration 4140 = 0.31894907243549825
Training loss on iteration 4160 = 0.2267976373434067
Training loss on iteration 4180 = 0.33812322542071344
Training loss on iteration 4200 = 0.3442316008731723
Training loss on iteration 4220 = 0.23358843922615052
Training loss on iteration 4240 = 0.24110626727342604
Training loss on iteration 4260 = 0.4286572773009539
Training loss on iteration 4280 = 0.25694626085460187
Training loss on iteration 4300 = 0.37065463326871395
Training loss on iteration 4320 = 0.5840612571686506
Training loss on iteration 4340 = 0.49352855905890464
Training loss on iteration 4360 = 0.30282764658331873
Training loss on iteration 4380 = 0.32372240610420705
Training loss on iteration 4400 = 0.21981194242835045
Training loss on iteration 4420 = 0.32705572322010995
Training loss on iteration 4440 = 0.30563263297080995
Training loss on iteration 4460 = 0.19172486420720816
Training loss on iteration 4480 = 0.26854722704738376
Training loss on iteration 4500 = 0.20481945835053922
Training loss on iteration 4520 = 0.2451101288665086
Training loss on iteration 4540 = 0.3425396079197526
Training loss on iteration 4560 = 0.2724535133689642
Training loss on iteration 4580 = 0.3740492671728134
Training loss on iteration 4600 = 0.2863151665776968
Training loss on iteration 4620 = 0.3728836800903082
Training loss on iteration 4640 = 0.34522151090204717
Training loss on iteration 4660 = 0.32094111666083336
Training loss on iteration 4680 = 0.25616714768111704
Training loss on iteration 4700 = 0.3651314876973629
Training loss on iteration 4720 = 0.4184740777127445
Training loss on iteration 4740 = 0.27536528892815115
Training loss on iteration 4760 = 0.2587546154856682
Training loss on iteration 4780 = 0.2626971021294594
Training loss on iteration 4800 = 0.3067161671817303
Training loss on iteration 4820 = 0.30584108880721034
Training loss on iteration 4840 = 0.274638837762177
Training loss on iteration 4860 = 0.30898891054093836
Training loss on iteration 4880 = 0.2665365718305111
Training loss on iteration 4900 = 0.25337917655706405
Training loss on iteration 4920 = 0.17298106709495187
Training loss on iteration 4940 = 0.3005498133599758
Training loss on iteration 4960 = 0.3454635564237833
Training loss on iteration 4980 = 0.37505742013454435
Training loss on iteration 5000 = 0.35287326443940403
Training loss on iteration 5020 = 0.3141675770282745
Training loss on iteration 5040 = 0.3484838537871838
Training loss on iteration 5060 = 0.26110429409891367
Training loss on iteration 5080 = 0.35733898878097536
Training loss on iteration 5100 = 0.2964011080563068
Training loss on iteration 5120 = 0.5361908234655857
Training loss on iteration 5140 = 0.33908470775932076
Training loss on iteration 5160 = 0.19584089796990156
Training loss on iteration 5180 = 0.2973437090869993
Training loss on iteration 5200 = 0.23931411216035486
Training loss on iteration 5220 = 0.2206895049661398
Training loss on iteration 5240 = 0.3043187528848648
Training loss on iteration 5260 = 0.13264894438907504
Training loss on iteration 5280 = 0.16153248030459508
Training loss on iteration 5300 = 0.2991985589265823
Training loss on iteration 5320 = 0.21036367751657964
Training loss on iteration 5340 = 0.1263736201217398
Training loss on iteration 5360 = 0.33386915232986214
Training loss on iteration 5380 = 0.30456348359584806
Training loss on iteration 5400 = 0.2318028209730983
Training loss on iteration 5420 = 0.2600783724337816
Training loss on iteration 5440 = 0.32821797411888837
Training loss on iteration 5460 = 0.29169036420062183
Training loss on iteration 5480 = 0.3206334367394447
Training loss on iteration 5500 = 0.23610286498442293
Training loss on iteration 5520 = 0.25027493834495546
Training loss on iteration 5540 = 0.26810751808807254
Training loss on iteration 5560 = 0.2366910407319665
Training loss on iteration 5580 = 0.32389042526483536
Training loss on iteration 5600 = 0.25319549068808556
### EVAL:: Epoch 4:: Loss = 0.17203086898166717 :: ACC = 0.9367379395652943, AUC = 0.9627830520223076, EER = 0.09630676798020851
Training on epoch 5
Training loss on iteration 0 = 0.49936217069625854
Training loss on iteration 20 = 0.21141511239111424
Training loss on iteration 40 = 0.27477629445493224
Training loss on iteration 60 = 0.38918470628559587
Training loss on iteration 80 = 0.33322670347988603
Training loss on iteration 100 = 0.3483149193227291
Training loss on iteration 120 = 0.29749480783939364
Training loss on iteration 140 = 0.459643985144794
Training loss on iteration 160 = 0.6911861419677734
Training loss on iteration 180 = 0.5548380933701992
Training loss on iteration 200 = 0.9553416311740875
Training loss on iteration 220 = 0.5245986424386502
Training loss on iteration 240 = 0.4028931660577655
Training loss on iteration 260 = 0.3206423133611679
Training loss on iteration 280 = 0.3085529717616737
Training loss on iteration 300 = 0.3997329384088516
Training loss on iteration 320 = 0.28874954069033265
Training loss on iteration 340 = 0.2840782274492085
Training loss on iteration 360 = 0.3175876587629318
Training loss on iteration 380 = 0.2981242798268795
Training loss on iteration 400 = 0.34500966109335424
Training loss on iteration 420 = 0.24843952981755138
Training loss on iteration 440 = 0.3070364059880376
Training loss on iteration 460 = 0.39585950076580045
Training loss on iteration 480 = 0.3395684644579887
Training loss on iteration 500 = 0.39040012247860434
Training loss on iteration 520 = 0.4802880838513374
Training loss on iteration 540 = 0.4940121278166771
Training loss on iteration 560 = 0.38877360709011555
Training loss on iteration 580 = 0.343885244615376
Training loss on iteration 600 = 0.36989322006702424
Training loss on iteration 620 = 0.2971919387578964
Training loss on iteration 640 = 0.26642421185970305
Training loss on iteration 660 = 0.22910491116344928
Training loss on iteration 680 = 0.5152386464178562
Training loss on iteration 700 = 0.48304948285222055
Training loss on iteration 720 = 0.3659547436982393
Training loss on iteration 740 = 0.479749527387321
Training loss on iteration 760 = 0.3805239304900169
Training loss on iteration 780 = 0.2840149635449052
Training loss on iteration 800 = 0.3226981218904257
Training loss on iteration 820 = 0.36808918323367834
Training loss on iteration 840 = 0.21731659574434162
Training loss on iteration 860 = 0.23325651581399143
Training loss on iteration 880 = 0.24860987458378075
Training loss on iteration 900 = 0.3842379380017519
Training loss on iteration 920 = 0.29911492578685284
Training loss on iteration 940 = 0.3999282378703356
Training loss on iteration 960 = 0.44292416907846927
Training loss on iteration 980 = 0.35186705831438303
Training loss on iteration 1000 = 0.27575355023145676
Training loss on iteration 1020 = 0.25901407869532705
Training loss on iteration 1040 = 0.20333277555182577
Training loss on iteration 1060 = 0.3139140826649964
Training loss on iteration 1080 = 0.3252277076244354
Training loss on iteration 1100 = 0.2643391229212284
Training loss on iteration 1120 = 0.3636733887717128
Training loss on iteration 1140 = 0.2800609843805432
Training loss on iteration 1160 = 0.36484165005385877
Training loss on iteration 1180 = 0.35813400223851205
Training loss on iteration 1200 = 0.4335030511021614
Training loss on iteration 1220 = 0.1974000762216747
Training loss on iteration 1240 = 0.22462384486570955
Training loss on iteration 1260 = 0.26050352938473226
Training loss on iteration 1280 = 0.2804134643636644
Training loss on iteration 1300 = 0.33609391190111637
Training loss on iteration 1320 = 0.32110162135213616
Training loss on iteration 1340 = 0.2942686753347516
Training loss on iteration 1360 = 0.23408318152651192
Training loss on iteration 1380 = 0.30427278857678175
Training loss on iteration 1400 = 0.30797361209988594
Training loss on iteration 1420 = 0.32405241709202526
Training loss on iteration 1440 = 0.3909489460289478
Training loss on iteration 1460 = 0.3295569958165288
Training loss on iteration 1480 = 0.29114517420530317
Training loss on iteration 1500 = 0.2450381549075246
Training loss on iteration 1520 = 0.44476835113018753
Training loss on iteration 1540 = 0.3794625137001276
Training loss on iteration 1560 = 0.3325811246410012
Training loss on iteration 1580 = 0.43569677993655204
Training loss on iteration 1600 = 0.26341232042759655
Training loss on iteration 1620 = 0.42560026943683626
Training loss on iteration 1640 = 0.24189292453229427
Training loss on iteration 1660 = 0.2799066717736423
Training loss on iteration 1680 = 0.2514576714485884
Training loss on iteration 1700 = 0.3459027737379074
Training loss on iteration 1720 = 0.4299017896875739
Training loss on iteration 1740 = 0.35748682729899883
Training loss on iteration 1760 = 0.37002664655447004
Training loss on iteration 1780 = 0.3181160368025303
Training loss on iteration 1800 = 0.37252669502049685
Training loss on iteration 1820 = 0.3240558899007738
Training loss on iteration 1840 = 0.41340984031558037
Training loss on iteration 1860 = 0.480840016156435
Training loss on iteration 1880 = 0.3196508967783302
Training loss on iteration 1900 = 0.30322492253035305
Training loss on iteration 1920 = 0.36776656862348317
Training loss on iteration 1940 = 0.2708318101242185
Training loss on iteration 1960 = 0.290791904181242
Training loss on iteration 1980 = 0.327164389193058
Training loss on iteration 2000 = 0.33600950669497254
Training loss on iteration 2020 = 0.36765196919441223
Training loss on iteration 2040 = 0.3011530123651028
Training loss on iteration 2060 = 0.2585911236703396
Training loss on iteration 2080 = 0.2715382110327482
Training loss on iteration 2100 = 0.6944976362399757
Training loss on iteration 2120 = 0.9205545145552605
Training loss on iteration 2140 = 1.013019174337387
Training loss on iteration 2160 = 0.5692723371088505
Training loss on iteration 2180 = 0.5427783139050006
Training loss on iteration 2200 = 0.446419314481318
Training loss on iteration 2220 = 0.5406365524977446
Training loss on iteration 2240 = 0.4760296981781721
Training loss on iteration 2260 = 0.318326348438859
Training loss on iteration 2280 = 0.24664443731307983
Training loss on iteration 2300 = 0.19647450502961875
Training loss on iteration 2320 = 0.33433506116271017
Training loss on iteration 2340 = 0.3006750637665391
Training loss on iteration 2360 = 0.5160367265343666
Training loss on iteration 2380 = 0.2923659672029316
Training loss on iteration 2400 = 0.2747603576630354
Training loss on iteration 2420 = 0.27709963396191595
Training loss on iteration 2440 = 0.22056432403624057
Training loss on iteration 2460 = 0.251337574608624
Training loss on iteration 2480 = 0.24347658455371857
Training loss on iteration 2500 = 0.24007559642195703
Training loss on iteration 2520 = 0.26878213295713066
Training loss on iteration 2540 = 0.2713412057608366
Training loss on iteration 2560 = 0.2103383345529437
Training loss on iteration 2580 = 0.2731926009990275
Training loss on iteration 2600 = 0.2883392758667469
Training loss on iteration 2620 = 0.32702375315129756
Training loss on iteration 2640 = 0.2611447902396321
Training loss on iteration 2660 = 0.4073963686823845
Training loss on iteration 2680 = 0.3686316516250372
Training loss on iteration 2700 = 0.40081033101305363
Training loss on iteration 2720 = 0.3432845238596201
Training loss on iteration 2740 = 0.24619642235338687
Training loss on iteration 2760 = 0.298956329934299
Training loss on iteration 2780 = 0.2408059559762478
Training loss on iteration 2800 = 0.3284118834882975
Training loss on iteration 2820 = 0.23975572530180217
Training loss on iteration 2840 = 0.2648947209119797
Training loss on iteration 2860 = 0.21238087629899383
Training loss on iteration 2880 = 0.2048924384638667
Training loss on iteration 2900 = 0.33363216295838355
Training loss on iteration 2920 = 0.3636782247573137
Training loss on iteration 2940 = 0.28964832946658137
Training loss on iteration 2960 = 0.28470460455864666
Training loss on iteration 2980 = 0.2995162868872285
Training loss on iteration 3000 = 0.3084543105214834
Training loss on iteration 3020 = 0.22036535432562232
Training loss on iteration 3040 = 0.31255064234137536
Training loss on iteration 3060 = 0.2557118162512779
Training loss on iteration 3080 = 0.3529790220782161
Training loss on iteration 3100 = 0.25424751844257115
Training loss on iteration 3120 = 0.30449515078216793
Training loss on iteration 3140 = 0.26488385563716293
Training loss on iteration 3160 = 0.22986904587596654
Training loss on iteration 3180 = 0.21071399357169868
Training loss on iteration 3200 = 0.3215000074356794
Training loss on iteration 3220 = 0.2910302296280861
Training loss on iteration 3240 = 0.23141243495047092
Training loss on iteration 3260 = 0.3784685108810663
Training loss on iteration 3280 = 0.25973099302500485
Training loss on iteration 3300 = 0.1888954681577161
Training loss on iteration 3320 = 0.2208929916843772
Training loss on iteration 3340 = 0.2599895093590021
Training loss on iteration 3360 = 0.3107752280309796
Training loss on iteration 3380 = 0.23421443961560726
Training loss on iteration 3400 = 0.3080906173214316
Training loss on iteration 3420 = 0.24803336504846812
Training loss on iteration 3440 = 0.2779291018843651
Training loss on iteration 3460 = 0.25185009762644767
Training loss on iteration 3480 = 0.1772493283264339
Training loss on iteration 3500 = 0.3172092944383621
Training loss on iteration 3520 = 0.3359013944864273
Training loss on iteration 3540 = 0.28237615469843147
Training loss on iteration 3560 = 0.26055829375982287
Training loss on iteration 3580 = 0.22364053204655648
Training loss on iteration 3600 = 0.2579132580198348
Training loss on iteration 3620 = 0.23248154800385237
Training loss on iteration 3640 = 0.2361011303961277
Training loss on iteration 3660 = 0.30322483740746975
Training loss on iteration 3680 = 0.30134705230593684
Training loss on iteration 3700 = 0.27139476463198664
Training loss on iteration 3720 = 0.3200228076428175
Training loss on iteration 3740 = 0.29925188422203064
Training loss on iteration 3760 = 0.36133761182427404
Training loss on iteration 3780 = 0.27764161862432957
Training loss on iteration 3800 = 0.27587910536676646
Training loss on iteration 3820 = 0.2515102421864867
Training loss on iteration 3840 = 0.33334855251014234
Training loss on iteration 3860 = 0.3733287021517754
Training loss on iteration 3880 = 0.30435599237680433
Training loss on iteration 3900 = 0.36673627961426974
Training loss on iteration 3920 = 0.23829810246825217
Training loss on iteration 3940 = 0.33781849425286054
Training loss on iteration 3960 = 0.35309284133836627
Training loss on iteration 3980 = 0.27598513271659614
Training loss on iteration 4000 = 0.3205869607627392
Training loss on iteration 4020 = 0.47840500362217425
Training loss on iteration 4040 = 0.315114972461015
Training loss on iteration 4060 = 0.36512373611330984
Training loss on iteration 4080 = 0.4513447655364871
Training loss on iteration 4100 = 0.24191593900322914
Training loss on iteration 4120 = 0.32679496295750143
Training loss on iteration 4140 = 0.252331156656146
Training loss on iteration 4160 = 0.327973024174571
Training loss on iteration 4180 = 0.33332281643524764
Training loss on iteration 4200 = 0.24139251485466956
Training loss on iteration 4220 = 0.3479277487844229
Training loss on iteration 4240 = 0.30681461431086066
Training loss on iteration 4260 = 0.3073826994746923
Training loss on iteration 4280 = 0.24862955696880817
Training loss on iteration 4300 = 0.3525279762223363
Training loss on iteration 4320 = 0.2658183416351676
Training loss on iteration 4340 = 0.3033355301246047
Training loss on iteration 4360 = 0.31436895690858363
Training loss on iteration 4380 = 0.3268587968312204
Training loss on iteration 4400 = 0.40064522698521615
Training loss on iteration 4420 = 0.7176776055246592
Training loss on iteration 4440 = 0.5784088894724846
Training loss on iteration 4460 = 0.5533275190740824
Training loss on iteration 4480 = 0.42986802384257317
Training loss on iteration 4500 = 0.44511399008333685
Training loss on iteration 4520 = 0.2872888006269932
Training loss on iteration 4540 = 0.29559153877198696
Training loss on iteration 4560 = 0.363341330178082
Training loss on iteration 4580 = 0.37506204694509504
Training loss on iteration 4600 = 0.3301148660480976
Training loss on iteration 4620 = 0.2002666352316737
Training loss on iteration 4640 = 0.32206229493021965
Training loss on iteration 4660 = 0.28134231492877004
Training loss on iteration 4680 = 0.24869271721690894
Training loss on iteration 4700 = 0.37869669757783414
Training loss on iteration 4720 = 0.23739207019098102
Training loss on iteration 4740 = 0.3248410277068615
Training loss on iteration 4760 = 0.2561369551345706
Training loss on iteration 4780 = 0.24885944593697787
Training loss on iteration 4800 = 0.26897069308906796
Training loss on iteration 4820 = 0.32216817445587365
Training loss on iteration 4840 = 0.25393373775295913
Training loss on iteration 4860 = 0.3386461213231087
Training loss on iteration 4880 = 0.40676614865660665
Training loss on iteration 4900 = 0.4458281837403774
Training loss on iteration 4920 = 0.37860624454915526
Training loss on iteration 4940 = 0.2729489573277533
Training loss on iteration 4960 = 0.2896467434242368
Training loss on iteration 4980 = 0.2238803376443684
Training loss on iteration 5000 = 0.28375424798578025
Training loss on iteration 5020 = 0.2228870527818799
Training loss on iteration 5040 = 0.267074707755819
Training loss on iteration 5060 = 0.24572622906416655
Training loss on iteration 5080 = 0.23161087734624744
Training loss on iteration 5100 = 0.3317013908177614
Training loss on iteration 5120 = 0.4103825882077217
Training loss on iteration 5140 = 0.2814092604443431
Training loss on iteration 5160 = 0.24152879565954208
Training loss on iteration 5180 = 0.22500208504498004
Training loss on iteration 5200 = 0.20328111476264893
Training loss on iteration 5220 = 0.12481206590309739
Training loss on iteration 5240 = 0.2901134588755667
Training loss on iteration 5260 = 0.2641770435497165
Training loss on iteration 5280 = 0.3140852276235819
Training loss on iteration 5300 = 0.2626855194335803
Training loss on iteration 5320 = 0.20292661171406506
Training loss on iteration 5340 = 0.1974452334921807
Training loss on iteration 5360 = 0.35451138839125634
Training loss on iteration 5380 = 0.2680729800835252
Training loss on iteration 5400 = 0.3312534935772419
Training loss on iteration 5420 = 0.23769640256650745
Training loss on iteration 5440 = 0.30138799734413624
Training loss on iteration 5460 = 0.27566064884886143
Training loss on iteration 5480 = 0.29263968411833047
Training loss on iteration 5500 = 0.3341777675785124
Training loss on iteration 5520 = 0.3202014558017254
Training loss on iteration 5540 = 0.33515167124569417
Training loss on iteration 5560 = 0.27521670460700987
Training loss on iteration 5580 = 0.21466746991500257
Training loss on iteration 5600 = 0.288745036534965
### EVAL:: Epoch 5:: Loss = 0.1878992076321462 :: ACC = 0.9220710372857396, AUC = 0.9771636403015574, EER = 0.07845909171231666
Training on epoch 6
Training loss on iteration 0 = 0.3927159011363983
Training loss on iteration 20 = 0.18492515981197358
Training loss on iteration 40 = 0.2612138740718365
Training loss on iteration 60 = 0.42079767901450393
Training loss on iteration 80 = 0.2657291512936354
Training loss on iteration 100 = 0.25584018267691133
Training loss on iteration 120 = 0.36647110851481557
Training loss on iteration 140 = 0.3123184101656079
Training loss on iteration 160 = 0.2598172195255756
Training loss on iteration 180 = 0.3638550156727433
Training loss on iteration 200 = 0.21721417624503375
Training loss on iteration 220 = 0.3906352530233562
Training loss on iteration 240 = 0.23395707439631225
Training loss on iteration 260 = 0.3126963548362255
Training loss on iteration 280 = 0.39855184238404034
Training loss on iteration 300 = 0.30497296079993247
Training loss on iteration 320 = 0.4210270441602916
Training loss on iteration 340 = 0.3028273332864046
Training loss on iteration 360 = 0.3714454347267747
Training loss on iteration 380 = 0.21805531708523632
Training loss on iteration 400 = 0.25109503930434585
Training loss on iteration 420 = 0.16573975291103124
Training loss on iteration 440 = 0.2732195778749883
Training loss on iteration 460 = 0.315603481605649
Training loss on iteration 480 = 0.25155660742893815
Training loss on iteration 500 = 0.2800898268353194
Training loss on iteration 520 = 0.2978388346731663
Training loss on iteration 540 = 0.3622426246292889
Training loss on iteration 560 = 0.28148159943521023
Training loss on iteration 580 = 0.37055855095386503
Training loss on iteration 600 = 0.35654896274209025
Training loss on iteration 620 = 0.26581486593931913
Training loss on iteration 640 = 0.22290476746857166
Training loss on iteration 660 = 0.22603217735886574
Training loss on iteration 680 = 0.2579975977540016
Training loss on iteration 700 = 0.2526318705640733
Training loss on iteration 720 = 0.23648748993873597
Training loss on iteration 740 = 0.23239408764056863
Training loss on iteration 760 = 0.3353605974465609
Training loss on iteration 780 = 0.25420063473284243
Training loss on iteration 800 = 0.25795636251568793
Training loss on iteration 820 = 0.24828585404902698
Training loss on iteration 840 = 0.28103775726631286
Training loss on iteration 860 = 0.2690339758992195
Training loss on iteration 880 = 0.2157307573594153
Training loss on iteration 900 = 0.2860060289502144
Training loss on iteration 920 = 0.3255786206573248
Training loss on iteration 940 = 0.14898204244673252
Training loss on iteration 960 = 0.31568002980202436
Training loss on iteration 980 = 0.3960957184433937
Training loss on iteration 1000 = 0.23353510461747645
Training loss on iteration 1020 = 0.411402598163113
Training loss on iteration 1040 = 0.47639447953552005
Training loss on iteration 1060 = 0.21767320511862637
Training loss on iteration 1080 = 0.2750963786616921
Training loss on iteration 1100 = 0.1864295215345919
Training loss on iteration 1120 = 0.39013777412474154
Training loss on iteration 1140 = 0.26094269938766956
Training loss on iteration 1160 = 0.24439802169799804
Training loss on iteration 1180 = 0.2646835226565599
Training loss on iteration 1200 = 0.31680302117019893
Training loss on iteration 1220 = 0.29149904642254115
Training loss on iteration 1240 = 0.2476394999306649
Training loss on iteration 1260 = 0.26410226873122156
Training loss on iteration 1280 = 0.21164981140755118
Training loss on iteration 1300 = 0.284915279969573
Training loss on iteration 1320 = 0.24594297029543669
Training loss on iteration 1340 = 0.3097984085790813
Training loss on iteration 1360 = 0.25796223869547247
Training loss on iteration 1380 = 0.2166698032990098
Training loss on iteration 1400 = 0.32415406964719296
Training loss on iteration 1420 = 0.41069795191287994
Training loss on iteration 1440 = 0.23387292101979257
Training loss on iteration 1460 = 0.3117109388113022
Training loss on iteration 1480 = 0.21465169022558256
Training loss on iteration 1500 = 0.3894957793876529
Training loss on iteration 1520 = 0.49113449063152076
Training loss on iteration 1540 = 0.25692935548722745
Training loss on iteration 1560 = 0.357327942783013
Training loss on iteration 1580 = 0.1952694465406239
Training loss on iteration 1600 = 0.1906853227876127
Training loss on iteration 1620 = 0.32081575561314823
Training loss on iteration 1640 = 0.395933485776186
Training loss on iteration 1660 = 0.3380346653982997
Training loss on iteration 1680 = 0.3220390107482672
Training loss on iteration 1700 = 0.3388156502507627
Training loss on iteration 1720 = 0.24587034117430448
Training loss on iteration 1740 = 0.342447466775775
Training loss on iteration 1760 = 0.2707311906851828
Training loss on iteration 1780 = 0.19879980403929948
Training loss on iteration 1800 = 0.24235036484897138
Training loss on iteration 1820 = 0.3490728234872222
Training loss on iteration 1840 = 0.2660788859240711
Training loss on iteration 1860 = 0.35283725932240484
Training loss on iteration 1880 = 0.44784972779452803
Training loss on iteration 1900 = 0.24844900537282227
Training loss on iteration 1920 = 0.29784757187590005
Training loss on iteration 1940 = 0.17769762896932662
Training loss on iteration 1960 = 0.25348698124289515
Training loss on iteration 1980 = 0.2747582675889134
Training loss on iteration 2000 = 0.2779247761704028
Training loss on iteration 2020 = 0.380086025968194
Training loss on iteration 2040 = 0.43922214955091476
Training loss on iteration 2060 = 0.40723648965358733
Training loss on iteration 2080 = 0.3337577864527702
Training loss on iteration 2100 = 0.36048719212412833
Training loss on iteration 2120 = 0.41834069676697255
Training loss on iteration 2140 = 0.28208273462951183
Training loss on iteration 2160 = 0.37968783304095266
Training loss on iteration 2180 = 0.48536538481712344
Training loss on iteration 2200 = 0.3317932655103505
Training loss on iteration 2220 = 0.28179497085511684
Training loss on iteration 2240 = 0.3405805861577392
Training loss on iteration 2260 = 0.42491993196308614
Training loss on iteration 2280 = 0.3390640664845705
Training loss on iteration 2300 = 0.3337215842679143
Training loss on iteration 2320 = 0.2888328963890672
Training loss on iteration 2340 = 0.3621912859380245
Training loss on iteration 2360 = 0.23886282434687017
Training loss on iteration 2380 = 0.36313576344400644
Training loss on iteration 2400 = 0.2761818116530776
Training loss on iteration 2420 = 0.22867384552955627
Training loss on iteration 2440 = 0.3049808211624622
Training loss on iteration 2460 = 0.21802186518907546
Training loss on iteration 2480 = 0.26914982330054044
Training loss on iteration 2500 = 0.25635205786675214
Training loss on iteration 2520 = 0.5126202248036862
Training loss on iteration 2540 = 0.4356949646025896
Training loss on iteration 2560 = 0.3766010219231248
Training loss on iteration 2580 = 0.3294593431055546
Training loss on iteration 2600 = 0.38224349804222585
Training loss on iteration 2620 = 0.2840854674577713
Training loss on iteration 2640 = 0.4115918133407831
Training loss on iteration 2660 = 0.3222917031496763
Training loss on iteration 2680 = 0.33980008848011495
Training loss on iteration 2700 = 0.2860814042389393
Training loss on iteration 2720 = 0.265338022634387
Training loss on iteration 2740 = 0.3306022621691227
Training loss on iteration 2760 = 0.2988995261490345
Training loss on iteration 2780 = 0.26703685531392696
Training loss on iteration 2800 = 0.266597318276763
Training loss on iteration 2820 = 0.26688793022185564
Training loss on iteration 2840 = 0.2939357850700617
Training loss on iteration 2860 = 0.3307385664433241
Training loss on iteration 2880 = 0.21730037415400147
Training loss on iteration 2900 = 0.3848691782914102
Training loss on iteration 2920 = 0.36973020918667315
Training loss on iteration 2940 = 0.36153515074402093
Training loss on iteration 2960 = 0.35451567750424146
Training loss on iteration 2980 = 0.27127644354477526
Training loss on iteration 3000 = 0.2943642856553197
Training loss on iteration 3020 = 0.3264423172920942
Training loss on iteration 3040 = 0.294466869533062
Training loss on iteration 3060 = 0.27202459750697017
Training loss on iteration 3080 = 0.28616402205079794
Training loss on iteration 3100 = 0.20299791321158409
Training loss on iteration 3120 = 0.2970643578097224
Training loss on iteration 3140 = 0.32440258618444207
Training loss on iteration 3160 = 0.2580536313354969
Training loss on iteration 3180 = 0.4643101390451193
Training loss on iteration 3200 = 0.30044713504612447
Training loss on iteration 3220 = 0.2246823693625629
Training loss on iteration 3240 = 0.23396981414407492
Training loss on iteration 3260 = 0.45336305983364583
Training loss on iteration 3280 = 0.3292615655809641
Training loss on iteration 3300 = 0.2635374760720879
Training loss on iteration 3320 = 0.2254082196392119
Training loss on iteration 3340 = 0.24564429968595505
Training loss on iteration 3360 = 0.22296078372746705
Training loss on iteration 3380 = 0.22202658196911215
Training loss on iteration 3400 = 0.22788107637315988
Training loss on iteration 3420 = 0.37675637770444154
Training loss on iteration 3440 = 0.21426244899630548
Training loss on iteration 3460 = 0.36253652554005383
Training loss on iteration 3480 = 0.27628111764788627
Training loss on iteration 3500 = 0.3248105563223362
Training loss on iteration 3520 = 0.2396584117785096
Training loss on iteration 3540 = 0.28155726976692674
Training loss on iteration 3560 = 0.26864141374826433
Training loss on iteration 3580 = 0.3177672832272947
Training loss on iteration 3600 = 0.33566700872033833
Training loss on iteration 3620 = 0.2788830059580505
Training loss on iteration 3640 = 0.17815020699054002
Training loss on iteration 3660 = 0.2923776743002236
Training loss on iteration 3680 = 0.2633549234829843
Training loss on iteration 3700 = 0.3120232683606446
Training loss on iteration 3720 = 0.30213618325069547
Training loss on iteration 3740 = 0.21935842391103505
Training loss on iteration 3760 = 0.2836964915506542
Training loss on iteration 3780 = 0.2565275141969323
Training loss on iteration 3800 = 0.36655437741428615
Training loss on iteration 3820 = 0.27883455231785775
Training loss on iteration 3840 = 0.25975850513204934
Training loss on iteration 3860 = 0.3208375761285424
Training loss on iteration 3880 = 0.31992225246503947
Training loss on iteration 3900 = 0.3134231143631041
Training loss on iteration 3920 = 0.2446169330738485
Training loss on iteration 3940 = 0.24876830463763328
Training loss on iteration 3960 = 0.18331305850297214
Training loss on iteration 3980 = 0.20726303458213807
Training loss on iteration 4000 = 0.18566164639778435
Training loss on iteration 4020 = 0.26449428882915527
Training loss on iteration 4040 = 0.3629895433783531
Training loss on iteration 4060 = 0.21578835230320692
Training loss on iteration 4080 = 0.39105780608952045
Training loss on iteration 4100 = 0.33340300619602203
Training loss on iteration 4120 = 0.32537438021972775
Training loss on iteration 4140 = 0.22882142432499677
Training loss on iteration 4160 = 0.27912552575580774
Training loss on iteration 4180 = 0.3005416726693511
Training loss on iteration 4200 = 0.4337231846526265
Training loss on iteration 4220 = 0.31113477163016795
Training loss on iteration 4240 = 0.35425501111894847
Training loss on iteration 4260 = 0.24526965264230965
Training loss on iteration 4280 = 0.2375621957704425
Training loss on iteration 4300 = 0.2641981622204185
Training loss on iteration 4320 = 0.3276858527213335
Training loss on iteration 4340 = 0.25603088866919277
Training loss on iteration 4360 = 0.1475847509689629
Training loss on iteration 4380 = 0.312336372025311
Training loss on iteration 4400 = 0.2828520376235247
Training loss on iteration 4420 = 0.21791310459375382
Training loss on iteration 4440 = 0.3078241866081953
Training loss on iteration 4460 = 0.4596161760389805
Training loss on iteration 4480 = 0.4864842422306538
Training loss on iteration 4500 = 0.2887702126055956
Training loss on iteration 4520 = 0.32831893768161535
Training loss on iteration 4540 = 0.3304774034768343
Training loss on iteration 4560 = 0.2658505907282233
Training loss on iteration 4580 = 0.2615540411323309
Training loss on iteration 4600 = 0.20274972589686513
Training loss on iteration 4620 = 0.27758417576551436
Training loss on iteration 4640 = 0.21131887291558088
Training loss on iteration 4660 = 0.2677526608109474
Training loss on iteration 4680 = 0.2434141776524484
Training loss on iteration 4700 = 0.36767527349293233
Training loss on iteration 4720 = 0.24491658713668585
Training loss on iteration 4740 = 0.263184814224951
Training loss on iteration 4760 = 0.39371618945151565
Training loss on iteration 4780 = 0.28437761794775723
Training loss on iteration 4800 = 0.3064400153234601
Training loss on iteration 4820 = 0.27337059937417507
Training loss on iteration 4840 = 0.3028321838006377
Training loss on iteration 4860 = 0.34325838219374416
Training loss on iteration 4880 = 0.22057995423674584
Training loss on iteration 4900 = 0.1338772849441739
Training loss on iteration 4920 = 0.33286247341893616
Training loss on iteration 4940 = 0.3465807393193245
Training loss on iteration 4960 = 0.19920648373663424
Training loss on iteration 4980 = 0.29098130892962215
Training loss on iteration 5000 = 0.21624565590173006
Training loss on iteration 5020 = 0.22434896896593273
Training loss on iteration 5040 = 0.3055510894395411
Training loss on iteration 5060 = 0.18972531333565712
Training loss on iteration 5080 = 0.36520513966679574
Training loss on iteration 5100 = 0.3916763497516513
Training loss on iteration 5120 = 0.3053355125710368
Training loss on iteration 5140 = 0.24094312405213714
Training loss on iteration 5160 = 0.2088885111734271
Training loss on iteration 5180 = 0.2710788453929126
Training loss on iteration 5200 = 0.20945825818926095
Training loss on iteration 5220 = 0.23920598514378072
Training loss on iteration 5240 = 0.29346865192055704
Training loss on iteration 5260 = 0.38467011488974096
Training loss on iteration 5280 = 0.27848760802298783
Training loss on iteration 5300 = 0.21988118179142474
Training loss on iteration 5320 = 0.26486833598464726
Training loss on iteration 5340 = 0.2310399598442018
Training loss on iteration 5360 = 0.2960126055404544
Training loss on iteration 5380 = 0.17771443435922266
Training loss on iteration 5400 = 0.284590875916183
Training loss on iteration 5420 = 0.17207211032509803
Training loss on iteration 5440 = 0.22250909311696887
Training loss on iteration 5460 = 0.21089437073096634
Training loss on iteration 5480 = 0.2878457013517618
Training loss on iteration 5500 = 0.38088878747075794
Training loss on iteration 5520 = 0.34864572063088417
Training loss on iteration 5540 = 0.19601043853908778
Training loss on iteration 5560 = 0.3248924729414284
Training loss on iteration 5580 = 0.23620987492613493
Training loss on iteration 5600 = 0.31003800947219134
### EVAL:: Epoch 6:: Loss = 0.2008993348566755 :: ACC = 0.9264887789362078, AUC = 0.9684555603293639, EER = 0.09188902632974023
Training on epoch 7
Training loss on iteration 0 = 0.16077224910259247
Training loss on iteration 20 = 0.2358128663385287
Training loss on iteration 40 = 0.19247488137334584
Training loss on iteration 60 = 0.2523831630125642
Training loss on iteration 80 = 0.19047400411218404
Training loss on iteration 100 = 0.24797220900654793
Training loss on iteration 120 = 0.18028603177517652
Training loss on iteration 140 = 0.22384176417253912
Training loss on iteration 160 = 0.3427499387413263
Training loss on iteration 180 = 0.2937628052663058
Training loss on iteration 200 = 0.37422087527811526
Training loss on iteration 220 = 0.3725457780063152
Training loss on iteration 240 = 0.2632173948921263
Training loss on iteration 260 = 0.305398720363155
Training loss on iteration 280 = 0.2430802009999752
Training loss on iteration 300 = 0.31545175118371843
Training loss on iteration 320 = 0.34327645115554334
Training loss on iteration 340 = 0.2317827742546797
Training loss on iteration 360 = 0.21188516411930322
Training loss on iteration 380 = 0.19287607166916132
Training loss on iteration 400 = 0.2841639640275389
Training loss on iteration 420 = 0.2529971765354276
Training loss on iteration 440 = 0.22732588667422532
Training loss on iteration 460 = 0.2970959792844951
Training loss on iteration 480 = 0.26875366689637303
Training loss on iteration 500 = 0.22833627536892892
Training loss on iteration 520 = 0.2749740875326097
Training loss on iteration 540 = 0.2842082422226667
Training loss on iteration 560 = 0.28904237393289806
Training loss on iteration 580 = 0.20954630635678767
Training loss on iteration 600 = 0.25122349280864
Training loss on iteration 620 = 0.2791673230007291
Training loss on iteration 640 = 0.3222783301025629
Training loss on iteration 660 = 0.23011397733353078
Training loss on iteration 680 = 0.25089280896354466
Training loss on iteration 700 = 0.23358666207641363
Training loss on iteration 720 = 0.2781240550801158
Training loss on iteration 740 = 0.24995928443968296
Training loss on iteration 760 = 0.27395266443490984
Training loss on iteration 780 = 0.19530937084928154
Training loss on iteration 800 = 0.2171761513920501
Training loss on iteration 820 = 0.20787499519065022
Training loss on iteration 840 = 0.3054113809019327
Training loss on iteration 860 = 0.2596657548099756
Training loss on iteration 880 = 0.2543590424582362
Training loss on iteration 900 = 0.17644859347492456
Training loss on iteration 920 = 0.26122660376131535
Training loss on iteration 940 = 0.22762215044349432
Training loss on iteration 960 = 0.38348529329523445
Training loss on iteration 980 = 0.36104972413741054
Training loss on iteration 1000 = 0.2594731032848358
Training loss on iteration 1020 = 0.41432033348828556
Training loss on iteration 1040 = 0.47285117469727994
Training loss on iteration 1060 = 0.3244330551475286
Training loss on iteration 1080 = 0.21221796683967115
Training loss on iteration 1100 = 0.20300512444227933
Training loss on iteration 1120 = 0.2171825331170112
Training loss on iteration 1140 = 0.30602548490278425
Training loss on iteration 1160 = 0.2967936757951975
Training loss on iteration 1180 = 0.22172270324081184
Training loss on iteration 1200 = 0.17317165276035668
Training loss on iteration 1220 = 0.23637659722007812
Training loss on iteration 1240 = 0.20432796077802778
Training loss on iteration 1260 = 0.204729931242764
Training loss on iteration 1280 = 0.2910383610054851
Training loss on iteration 1300 = 0.2600151477381587
Training loss on iteration 1320 = 0.2523794651031494
Training loss on iteration 1340 = 0.23464933838695287
Training loss on iteration 1360 = 0.15691466396674514
Training loss on iteration 1380 = 0.21758442400023342
Training loss on iteration 1400 = 0.20866211610846222
Training loss on iteration 1420 = 0.18581762542016805
Training loss on iteration 1440 = 0.2306396182626486
Training loss on iteration 1460 = 0.2832927320152521
Training loss on iteration 1480 = 0.25361518934369087
Training loss on iteration 1500 = 0.3129774418193847
Training loss on iteration 1520 = 0.3326633766293526
Training loss on iteration 1540 = 0.2765989858657122
Training loss on iteration 1560 = 0.5196970399469137
Training loss on iteration 1580 = 0.3328583797439933
Training loss on iteration 1600 = 0.21850269231945277
Training loss on iteration 1620 = 0.22997791157104075
Training loss on iteration 1640 = 0.1898487181868404
Training loss on iteration 1660 = 0.2638987949118018
Training loss on iteration 1680 = 0.2783143786713481
Training loss on iteration 1700 = 0.27025548005476596
Training loss on iteration 1720 = 0.22997580766677855
Training loss on iteration 1740 = 0.21687110727652908
Training loss on iteration 1760 = 0.23170112078078092
Training loss on iteration 1780 = 0.25146757243201134
Training loss on iteration 1800 = 0.24916905565187336
Training loss on iteration 1820 = 0.17179120965301992
Training loss on iteration 1840 = 0.2981041748076677
Training loss on iteration 1860 = 0.2798634453676641
Training loss on iteration 1880 = 0.20573818706907332
Training loss on iteration 1900 = 0.3166319539770484
Training loss on iteration 1920 = 0.2162160943262279
Training loss on iteration 1940 = 0.20043437930289656
Training loss on iteration 1960 = 0.20753680355846882
Training loss on iteration 1980 = 0.2738306777086109
Training loss on iteration 2000 = 0.23471215777099133
Training loss on iteration 2020 = 0.2330214030109346
Training loss on iteration 2040 = 0.20582186039537193
Training loss on iteration 2060 = 0.1928345083259046
Training loss on iteration 2080 = 0.24530668596271427
Training loss on iteration 2100 = 0.22387770973145962
Training loss on iteration 2120 = 0.23617001660168171
Training loss on iteration 2140 = 0.22087137419730424
Training loss on iteration 2160 = 0.15559277310967445
Training loss on iteration 2180 = 0.28025631562341
Training loss on iteration 2200 = 0.23401479683816434
Training loss on iteration 2220 = 0.3125416494905949
Training loss on iteration 2240 = 0.5425956908613443
Training loss on iteration 2260 = 0.5016564428806305
Training loss on iteration 2280 = 0.21290110321715475
Training loss on iteration 2300 = 0.2625485554803163
Training loss on iteration 2320 = 0.2574704916216433
Training loss on iteration 2340 = 0.2681872623041272
Training loss on iteration 2360 = 0.24576034308411182
Training loss on iteration 2380 = 0.28997956961393356
Training loss on iteration 2400 = 0.17217579428106547
Training loss on iteration 2420 = 0.22641940414905548
Training loss on iteration 2440 = 0.26088911220431327
Training loss on iteration 2460 = 0.24426218904554844
Training loss on iteration 2480 = 0.32984468759968877
Training loss on iteration 2500 = 0.32838784540072086
Training loss on iteration 2520 = 0.2791174493730068
Training loss on iteration 2540 = 0.2171137697994709
Training loss on iteration 2560 = 0.22968750749714673
Training loss on iteration 2580 = 0.2254117729142308
Training loss on iteration 2600 = 0.24580883989110588
Training loss on iteration 2620 = 0.21847684402018785
Training loss on iteration 2640 = 0.33413886856287717
Training loss on iteration 2660 = 0.28125079795718194
Training loss on iteration 2680 = 0.19247630881145597
Training loss on iteration 2700 = 0.2374159493483603
Training loss on iteration 2720 = 0.24364642892032862
Training loss on iteration 2740 = 0.23095194920897483
Training loss on iteration 2760 = 0.2589717904105783
Training loss on iteration 2780 = 0.2764408992603421
Training loss on iteration 2800 = 0.17887451462447643
Training loss on iteration 2820 = 0.1951213426887989
Training loss on iteration 2840 = 0.2410587745718658
Training loss on iteration 2860 = 0.27038047686219213
Training loss on iteration 2880 = 0.3726345566101372
Training loss on iteration 2900 = 0.19172511203214526
Training loss on iteration 2920 = 0.2930432598106563
Training loss on iteration 2940 = 0.3964335672557354
Training loss on iteration 2960 = 0.2761250087991357
Training loss on iteration 2980 = 0.28694540383294226
Training loss on iteration 3000 = 0.3847444947808981
Training loss on iteration 3020 = 0.559280916955322
Training loss on iteration 3040 = 0.4236077260226011
Training loss on iteration 3060 = 0.5397777168313042
Training loss on iteration 3080 = 0.25824727192521096
Training loss on iteration 3100 = 0.20728958286345006
Training loss on iteration 3120 = 0.30348669867962597
Training loss on iteration 3140 = 0.24867444429546595
Training loss on iteration 3160 = 0.3640743475407362
Training loss on iteration 3180 = 0.3200741868466139
Training loss on iteration 3200 = 0.26217354703694584
Training loss on iteration 3220 = 0.24156444557011128
Training loss on iteration 3240 = 0.3481958344578743
Training loss on iteration 3260 = 0.24434453416615726
Training loss on iteration 3280 = 0.2557789426296949
Training loss on iteration 3300 = 0.28428979765158147
Training loss on iteration 3320 = 0.46174962520599366
Training loss on iteration 3340 = 0.5689110081642866
Training loss on iteration 3360 = 0.432218898832798
Training loss on iteration 3380 = 0.28287656311877074
Training loss on iteration 3400 = 0.303477902058512
Training loss on iteration 3420 = 0.2549274289980531
Training loss on iteration 3440 = 0.34004784990102055
Training loss on iteration 3460 = 0.24150525815784932
Training loss on iteration 3480 = 0.27809282541275027
Training loss on iteration 3500 = 0.1873069740831852
Training loss on iteration 3520 = 0.19932368947193027
Training loss on iteration 3540 = 0.18905658833682537
Training loss on iteration 3560 = 0.16611416419036687
Training loss on iteration 3580 = 0.2958305587992072
Training loss on iteration 3600 = 0.2661326013505459
Training loss on iteration 3620 = 0.2339050024282187
Training loss on iteration 3640 = 0.18332850001752377
Training loss on iteration 3660 = 0.3581053089350462
Training loss on iteration 3680 = 0.37192575903609393
Training loss on iteration 3700 = 0.3089290385134518
Training loss on iteration 3720 = 0.3904708041343838
Training loss on iteration 3740 = 0.30101405959576366
Training loss on iteration 3760 = 0.3230751659721136
Training loss on iteration 3780 = 0.2549255438148975
Training loss on iteration 3800 = 0.3685686901211739
Training loss on iteration 3820 = 0.29979253383353355
Training loss on iteration 3840 = 0.28532521445304154
Training loss on iteration 3860 = 0.2788274553604424
Training loss on iteration 3880 = 0.24857607390731573
Training loss on iteration 3900 = 0.3651861876249313
Training loss on iteration 3920 = 0.2332583417650312
Training loss on iteration 3940 = 0.20633879015222192
Training loss on iteration 3960 = 0.4073530176654458
Training loss on iteration 3980 = 0.30586310774087905
Training loss on iteration 4000 = 0.29454417824745177
Training loss on iteration 4020 = 0.3177042824216187
Training loss on iteration 4040 = 0.21120625387411565
Training loss on iteration 4060 = 0.24637050051242113
Training loss on iteration 4080 = 0.22644343925639987
Training loss on iteration 4100 = 0.28380395397543906
Training loss on iteration 4120 = 0.26076769856736065
Training loss on iteration 4140 = 0.34443223271518947
Training loss on iteration 4160 = 0.3319295670837164
Training loss on iteration 4180 = 0.24520171016920358
Training loss on iteration 4200 = 0.1871705344878137
Training loss on iteration 4220 = 0.34538476038724186
Training loss on iteration 4240 = 0.30960093904286623
Training loss on iteration 4260 = 0.24546034233644604
Training loss on iteration 4280 = 0.20889135859906674
Training loss on iteration 4300 = 0.1707517359405756
Training loss on iteration 4320 = 0.1821855570189655
Training loss on iteration 4340 = 0.3204633541405201
Training loss on iteration 4360 = 0.23404058273881673
Training loss on iteration 4380 = 0.16785023957490922
Training loss on iteration 4400 = 0.3403912717476487
Training loss on iteration 4420 = 0.1888850458431989
Training loss on iteration 4440 = 0.21982002598233522
Training loss on iteration 4460 = 0.325430371472612
Training loss on iteration 4480 = 0.239499553386122
Training loss on iteration 4500 = 0.29979064371436837
Training loss on iteration 4520 = 0.19364493805915117
Training loss on iteration 4540 = 0.267017193348147
Training loss on iteration 4560 = 0.2459771010093391
Training loss on iteration 4580 = 0.3650326203554869
Training loss on iteration 4600 = 0.2867985976859927
Training loss on iteration 4620 = 0.1905326279811561
Training loss on iteration 4640 = 0.35990549670532346
Training loss on iteration 4660 = 0.30229423884302375
Training loss on iteration 4680 = 0.3399537111166865
Training loss on iteration 4700 = 0.33185525368899105
Training loss on iteration 4720 = 0.2674313308671117
Training loss on iteration 4740 = 0.2897756189107895
Training loss on iteration 4760 = 0.2828004167415202
Training loss on iteration 4780 = 0.30314045064151285
Training loss on iteration 4800 = 0.26661889990791676
Training loss on iteration 4820 = 0.2620057865045965
Training loss on iteration 4840 = 0.2580917729064822
Training loss on iteration 4860 = 0.21277549862861633
Training loss on iteration 4880 = 0.23747574612498284
Training loss on iteration 4900 = 0.20634601884521545
Training loss on iteration 4920 = 0.22956480430439113
Training loss on iteration 4940 = 0.23155366983264686
Training loss on iteration 4960 = 0.31052123168483375
Training loss on iteration 4980 = 0.2587936375290155
Training loss on iteration 5000 = 0.20722812090534717
Training loss on iteration 5020 = 0.2981982283294201
Training loss on iteration 5040 = 0.2373489087447524
Training loss on iteration 5060 = 0.24889211319386959
Training loss on iteration 5080 = 0.2391471062786877
Training loss on iteration 5100 = 0.27218446023762227
Training loss on iteration 5120 = 0.15619059083983303
Training loss on iteration 5140 = 0.1621329187648371
Training loss on iteration 5160 = 0.2035156019963324
Training loss on iteration 5180 = 0.26360983373597263
Training loss on iteration 5200 = 0.20985694592818618
Training loss on iteration 5220 = 0.23289344348013402
Training loss on iteration 5240 = 0.13057275116443634
Training loss on iteration 5260 = 0.23302360316738485
Training loss on iteration 5280 = 0.2966350531205535
Training loss on iteration 5300 = 0.3629405624233186
Training loss on iteration 5320 = 0.2686937037855387
Training loss on iteration 5340 = 0.24368154425174
Training loss on iteration 5360 = 0.4280108160339296
Training loss on iteration 5380 = 0.2671369047835469
Training loss on iteration 5400 = 0.3697895367629826
Training loss on iteration 5420 = 0.2555918438360095
Training loss on iteration 5440 = 0.2742083062417805
Training loss on iteration 5460 = 0.23548285504803063
Training loss on iteration 5480 = 0.3894594296813011
Training loss on iteration 5500 = 0.3458806999027729
Training loss on iteration 5520 = 0.300358110293746
Training loss on iteration 5540 = 0.2857433536555618
Training loss on iteration 5560 = 0.2792487026192248
Training loss on iteration 5580 = 0.25753836780786515
Training loss on iteration 5600 = 0.329854991286993
### EVAL:: Epoch 7:: Loss = 0.1806703831158694 :: ACC = 0.9264004241031984, AUC = 0.9690622562298901, EER = 0.09188902632974023
Training on epoch 8
Training loss on iteration 0 = 0.20867562294006348
Training loss on iteration 20 = 0.1728231086861342
Training loss on iteration 40 = 0.2575353021733463
Training loss on iteration 60 = 0.3348034167196602
Training loss on iteration 80 = 0.17557809483259917
Training loss on iteration 100 = 0.2800095205195248
Training loss on iteration 120 = 0.27884613471105696
Training loss on iteration 140 = 0.3971154481172562
Training loss on iteration 160 = 0.3392184417694807
Training loss on iteration 180 = 0.2800688374787569
Training loss on iteration 200 = 0.46882297433912756
Training loss on iteration 220 = 0.23022905625402929
Training loss on iteration 240 = 0.36655424600467085
Training loss on iteration 260 = 0.3299644712358713
Training loss on iteration 280 = 0.3526791002601385
Training loss on iteration 300 = 0.3011684661731124
Training loss on iteration 320 = 0.2780428031459451
Training loss on iteration 340 = 0.24196446035057306
Training loss on iteration 360 = 0.20470793624408543
Training loss on iteration 380 = 0.31130122262984516
Training loss on iteration 400 = 0.16896415762603284
Training loss on iteration 420 = 0.22351518478244542
Training loss on iteration 440 = 0.20500977816991509
Training loss on iteration 460 = 0.44770907536149024
Training loss on iteration 480 = 0.34744669613428414
Training loss on iteration 500 = 0.29145180583000185
Training loss on iteration 520 = 0.3460491677746177
Training loss on iteration 540 = 0.18882343657314776
Training loss on iteration 560 = 0.27149012349545953
Training loss on iteration 580 = 0.29908307353034613
Training loss on iteration 600 = 3.047031584288925
Training loss on iteration 620 = 2.0676134869456293
Training loss on iteration 640 = 0.7292529903352261
Training loss on iteration 660 = 1.003368429094553
Training loss on iteration 680 = 0.5501934627071023
Training loss on iteration 700 = 0.4443477474153042
Training loss on iteration 720 = 0.7260020954534412
Training loss on iteration 740 = 0.713526551425457
Training loss on iteration 760 = 0.2379529641009867
Training loss on iteration 780 = 0.3577360134571791
Training loss on iteration 800 = 0.3708125986158848
Training loss on iteration 820 = 0.3611337851732969
Training loss on iteration 840 = 0.5578402280807495
Training loss on iteration 860 = 0.4430936109274626
Training loss on iteration 880 = 0.6405265390872955
Training loss on iteration 900 = 0.5153008438646793
Training loss on iteration 920 = 0.37717406675219534
Training loss on iteration 940 = 0.563975079730153
Training loss on iteration 960 = 0.42815677523612977
Training loss on iteration 980 = 0.48997237384319303
Training loss on iteration 1000 = 0.3378434658050537
Training loss on iteration 1020 = 0.4418811332434416
Training loss on iteration 1040 = 0.46175533533096313
Training loss on iteration 1060 = 0.5007088862359523
Training loss on iteration 1080 = 0.4359588839113712
Training loss on iteration 1100 = 0.4972516793757677
Training loss on iteration 1120 = 0.4393514532595873
Training loss on iteration 1140 = 0.5946932159364223
Training loss on iteration 1160 = 0.37429201379418375
Training loss on iteration 1180 = 0.761142709851265
Training loss on iteration 1200 = 0.7464153364300727
Training loss on iteration 1220 = 0.3709517501294613
Training loss on iteration 1240 = 0.4722080171108246
Training loss on iteration 1260 = 0.5011620312929154
Training loss on iteration 1280 = 0.43535434156656266
Training loss on iteration 1300 = 0.4039383292198181
Training loss on iteration 1320 = 0.5257313430309296
Training loss on iteration 1340 = 0.5271853566169739
Training loss on iteration 1360 = 0.40744387060403825
Training loss on iteration 1380 = 0.5225570172071456
Training loss on iteration 1400 = 0.4809164345264435
Training loss on iteration 1420 = 0.3797561854124069
Training loss on iteration 1440 = 0.364819110929966
Training loss on iteration 1460 = 0.35783173963427545
Training loss on iteration 1480 = 0.4269561877474189
Training loss on iteration 1500 = 0.41290923580527306
Training loss on iteration 1520 = 0.4129978038370609
Training loss on iteration 1540 = 0.9148803807795047
Training loss on iteration 1560 = 0.5624372869729996
Training loss on iteration 1580 = 0.5789970442652702
Training loss on iteration 1600 = 0.6442262962460518
Training loss on iteration 1620 = 0.49549551010131837
Training loss on iteration 1640 = 0.5120778635144234
Training loss on iteration 1660 = 0.5197207771241665
Training loss on iteration 1680 = 0.5897464327514171
Training loss on iteration 1700 = 0.5176895417273044
Training loss on iteration 1720 = 0.5837469786405564
Training loss on iteration 1740 = 0.4403885494917631
Training loss on iteration 1760 = 0.5901758641004562
Training loss on iteration 1780 = 0.3628931514918804
Training loss on iteration 1800 = 0.4471230737864971
Training loss on iteration 1820 = 0.3793334860354662
Training loss on iteration 1840 = 0.495318728685379
Training loss on iteration 1860 = 0.3680381901562214
Training loss on iteration 1880 = 0.6000248834490776
Training loss on iteration 1900 = 0.5858645722270012
Training loss on iteration 1920 = 0.6164695121347904
Training loss on iteration 1940 = 0.5999259725213051
Training loss on iteration 1960 = 0.5971985295414924
Training loss on iteration 1980 = 0.41095764860510825
Training loss on iteration 2000 = 0.4774524956941605
Training loss on iteration 2020 = 0.4663185741752386
Training loss on iteration 2040 = 0.3898588135838509
Training loss on iteration 2060 = 0.45090854316949847
Training loss on iteration 2080 = 0.35883606523275374
Training loss on iteration 2100 = 0.5304374262690544
Training loss on iteration 2120 = 0.3096785433590412
Training loss on iteration 2140 = 0.34283941648900507
Training loss on iteration 2160 = 0.3464434999972582
Training loss on iteration 2180 = 0.43009977638721464
Training loss on iteration 2200 = 0.44694873653352263
Training loss on iteration 2220 = 0.4732371002435684
Training loss on iteration 2240 = 0.3228202097117901
Training loss on iteration 2260 = 0.3526348417624831
Training loss on iteration 2280 = 0.35193897373974325
Training loss on iteration 2300 = 0.3176086608320475
Training loss on iteration 2320 = 0.33214802071452143
Training loss on iteration 2340 = 0.2810475999489427
Training loss on iteration 2360 = 0.28750066440552474
Training loss on iteration 2380 = 0.26252655698917804
Training loss on iteration 2400 = 0.45704296268522737
Training loss on iteration 2420 = 0.4128948822617531
Training loss on iteration 2440 = 0.3260562766343355
Training loss on iteration 2460 = 0.32837021052837373
Training loss on iteration 2480 = 0.38133787345141174
Training loss on iteration 2500 = 0.37633925341069696
Training loss on iteration 2520 = 0.3660885110497475
Training loss on iteration 2540 = 0.34730168916285037
Training loss on iteration 2560 = 0.38991580680012705
Training loss on iteration 2580 = 0.4221678901463747
Training loss on iteration 2600 = 0.3443562421947718
Training loss on iteration 2620 = 0.32427853867411616
Training loss on iteration 2640 = 0.29073862787336113
Training loss on iteration 2660 = 0.23122558165341617
Training loss on iteration 2680 = 0.3647148279473186
Training loss on iteration 2700 = 0.3318195309489965
Training loss on iteration 2720 = 0.3440326452255249
Training loss on iteration 2740 = 0.27874701246619227
Training loss on iteration 2760 = 0.42073893956840036
Training loss on iteration 2780 = 0.300311990827322
Training loss on iteration 2800 = 0.4386012464761734
Training loss on iteration 2820 = 0.3087043784558773
Training loss on iteration 2840 = 0.3045354770496488
Training loss on iteration 2860 = 0.3881291810423136
Training loss on iteration 2880 = 0.47915093451738355
Training loss on iteration 2900 = 0.5216454967856408
Training loss on iteration 2920 = 0.6062491662800312
Training loss on iteration 2940 = 0.48492530807852746
Training loss on iteration 2960 = 0.30880882646888497
Training loss on iteration 2980 = 0.508350498881191
Training loss on iteration 3000 = 0.4210906870663166
Training loss on iteration 3020 = 0.3433450703509152
Training loss on iteration 3040 = 0.5702570497989654
Training loss on iteration 3060 = 0.578778424859047
Training loss on iteration 3080 = 0.4471483133733273
Training loss on iteration 3100 = 0.4714805006980896
Training loss on iteration 3120 = 0.36933234967291356
Training loss on iteration 3140 = 0.4773577868938446
Training loss on iteration 3160 = 0.5321675576269627
Training loss on iteration 3180 = 0.47475248128175734
Training loss on iteration 3200 = 0.41349775306880476
Training loss on iteration 3220 = 0.4289424303919077
Training loss on iteration 3240 = 0.4077529177069664
Training loss on iteration 3260 = 0.39242004714906215
Training loss on iteration 3280 = 0.520417433977127
Training loss on iteration 3300 = 0.41278073117136954
Training loss on iteration 3320 = 0.30718381367623804
Training loss on iteration 3340 = 0.36834075339138506
Training loss on iteration 3360 = 0.2667538922280073
Training loss on iteration 3380 = 0.43004924431443214
Training loss on iteration 3400 = 0.3597172237932682
Training loss on iteration 3420 = 0.3989695766940713
Training loss on iteration 3440 = 0.37084701121784747
Training loss on iteration 3460 = 0.3685732491314411
Training loss on iteration 3480 = 0.3737650692462921
Training loss on iteration 3500 = 0.3728288795799017
Training loss on iteration 3520 = 0.35475681647658347
Training loss on iteration 3540 = 0.29251112062484025
Training loss on iteration 3560 = 0.35210482589900494
Training loss on iteration 3580 = 0.3467644050717354
Training loss on iteration 3600 = 0.37965511754155157
Training loss on iteration 3620 = 0.2846293685957789
Training loss on iteration 3640 = 0.4162757026031613
Training loss on iteration 3660 = 0.28099353313446046
Training loss on iteration 3680 = 0.3228643648326397
Training loss on iteration 3700 = 0.29031486585736277
Training loss on iteration 3720 = 0.3877320155501366
Training loss on iteration 3740 = 0.37077904492616653
Training loss on iteration 3760 = 0.42932530362159016
Training loss on iteration 3780 = 0.40571769177913664
Training loss on iteration 3800 = 0.4220188453793526
Training loss on iteration 3820 = 0.2424611933529377
Training loss on iteration 3840 = 0.2484345235861838
Training loss on iteration 3860 = 0.5316908068954944
Training loss on iteration 3880 = 0.3514111547730863
Training loss on iteration 3900 = 0.5198729455471038
Training loss on iteration 3920 = 0.23161244224756955
Training loss on iteration 3940 = 0.6345287401229143
Training loss on iteration 3960 = 0.4314987801015377
Training loss on iteration 3980 = 0.2902291875332594
Training loss on iteration 4000 = 0.3016137648373842
Training loss on iteration 4020 = 0.3371676214039326
Training loss on iteration 4040 = 0.2541454080492258
Training loss on iteration 4060 = 0.33474506847560404
Training loss on iteration 4080 = 0.28783497847616674
Training loss on iteration 4100 = 0.3496738687157631
Training loss on iteration 4120 = 0.4007722806185484
Training loss on iteration 4140 = 0.3055430181324482
Training loss on iteration 4160 = 0.2763937434181571
Training loss on iteration 4180 = 0.31886052824556826
Training loss on iteration 4200 = 0.39086226038634775
Training loss on iteration 4220 = 0.31592331230640414
Training loss on iteration 4240 = 0.30199734717607496
Training loss on iteration 4260 = 0.33749342150986195
Training loss on iteration 4280 = 0.282965780608356
Training loss on iteration 4300 = 0.28483499139547347
Training loss on iteration 4320 = 0.3222090477123857
Training loss on iteration 4340 = 0.3119085028767586
Training loss on iteration 4360 = 0.4004862525034696
Training loss on iteration 4380 = 0.41780526414513586
Training loss on iteration 4400 = 0.3753998875617981
Training loss on iteration 4420 = 0.3664252541959286
Training loss on iteration 4440 = 0.3201157714240253
Training loss on iteration 4460 = 0.41034538112580776
Training loss on iteration 4480 = 0.3745020218193531
Training loss on iteration 4500 = 0.3670365665107965
Training loss on iteration 4520 = 0.2526753351383377
Training loss on iteration 4540 = 0.4214567497372627
Training loss on iteration 4560 = 0.31307038236409424
Training loss on iteration 4580 = 0.3303591228090227
Training loss on iteration 4600 = 0.4146186389029026
Training loss on iteration 4620 = 0.29769919959362595
Training loss on iteration 4640 = 0.27279448285698893
Training loss on iteration 4660 = 0.2775710794143379
Training loss on iteration 4680 = 0.6184808878228069
Training loss on iteration 4700 = 0.36114087961614133
Training loss on iteration 4720 = 0.39949457049369813
Training loss on iteration 4740 = 0.3665633275173604
Training loss on iteration 4760 = 0.5049103375524282
Training loss on iteration 4780 = 0.4626533441245556
Training loss on iteration 4800 = 0.3213426019996405
Training loss on iteration 4820 = 0.24908998887985945
Training loss on iteration 4840 = 0.2513348214095458
Training loss on iteration 4860 = 0.31701920200139283
Training loss on iteration 4880 = 0.37765812762081624
Training loss on iteration 4900 = 0.3500788191333413
Training loss on iteration 4920 = 0.27782793864607813
Training loss on iteration 4940 = 0.3944327043369412
Training loss on iteration 4960 = 0.3400925502181053
Training loss on iteration 4980 = 0.3506206706166267
Training loss on iteration 5000 = 0.2541938436217606
Training loss on iteration 5020 = 0.3794494757428765
Training loss on iteration 5040 = 0.23838724456727506
Training loss on iteration 5060 = 0.27406227234750985
Training loss on iteration 5080 = 0.3307711787521839
Training loss on iteration 5100 = 0.32456966978497803
Training loss on iteration 5120 = 0.2451003562659025
Training loss on iteration 5140 = 0.3444027900695801
Training loss on iteration 5160 = 0.28139744866639377
Training loss on iteration 5180 = 0.32246857732534406
Training loss on iteration 5200 = 0.331053351983428
Training loss on iteration 5220 = 0.42297627981752156
Training loss on iteration 5240 = 0.3294689506292343
Training loss on iteration 5260 = 0.3786226987838745
Training loss on iteration 5280 = 0.29276305064558983
Training loss on iteration 5300 = 0.31613436839543285
Training loss on iteration 5320 = 0.4477409944869578
Training loss on iteration 5340 = 0.45660612620413304
Training loss on iteration 5360 = 0.35988130513578653
Training loss on iteration 5380 = 0.28765439074486493
Training loss on iteration 5400 = 0.5707148918882012
Training loss on iteration 5420 = 0.458830326423049
Training loss on iteration 5440 = 0.38103761775419115
Training loss on iteration 5460 = 0.43480004062876104
Training loss on iteration 5480 = 0.2974659165367484
Training loss on iteration 5500 = 0.36961973533034326
Training loss on iteration 5520 = 0.3064934130758047
Training loss on iteration 5540 = 0.21390387378633022
Training loss on iteration 5560 = 0.19957577027380466
Training loss on iteration 5580 = 0.42443316243588924
Training loss on iteration 5600 = 0.27141725504770875
### EVAL:: Epoch 8:: Loss = 0.19361086071435415 :: ACC = 0.9224244566177769, AUC = 0.952709164649161, EER = 0.12157625022088708
Training on epoch 9
Training loss on iteration 0 = 0.2606237828731537
Training loss on iteration 20 = 0.4675520408898592
Training loss on iteration 40 = 0.30765757262706755
Training loss on iteration 60 = 0.38598944935947654
Training loss on iteration 80 = 0.18458526208996773
Training loss on iteration 100 = 0.2836631772108376
Training loss on iteration 120 = 0.41785398973152044
Training loss on iteration 140 = 0.3935792166739702
Training loss on iteration 160 = 0.3139530349522829
Training loss on iteration 180 = 0.318050042912364
Training loss on iteration 200 = 0.2742710828781128
Training loss on iteration 220 = 0.31477262675762174
Training loss on iteration 240 = 0.28057341538369657
Training loss on iteration 260 = 0.2923123572021723
Training loss on iteration 280 = 0.34194327555596826
Training loss on iteration 300 = 0.25398278534412383
Training loss on iteration 320 = 0.36629456337541344
Training loss on iteration 340 = 0.3140033374540508
Training loss on iteration 360 = 0.3167483245022595
Training loss on iteration 380 = 0.2870123768225312
Training loss on iteration 400 = 0.31527303345501423
Training loss on iteration 420 = 0.38345600478351116
Training loss on iteration 440 = 0.2525044921785593
Training loss on iteration 460 = 0.32101896684616804
Training loss on iteration 480 = 0.33467644043266775
Training loss on iteration 500 = 0.3971525959670544
Training loss on iteration 520 = 0.43343112245202065
Training loss on iteration 540 = 0.27087068813852966
Training loss on iteration 560 = 0.3368027746677399
Training loss on iteration 580 = 0.4541201062500477
Training loss on iteration 600 = 0.40198309533298016
Training loss on iteration 620 = 0.6392936438322068
Training loss on iteration 640 = 0.35272218063473704
Training loss on iteration 660 = 0.36193903498351576
Training loss on iteration 680 = 0.34729071110486986
Training loss on iteration 700 = 0.25251048249192537
Training loss on iteration 720 = 0.4817829214036465
Training loss on iteration 740 = 0.3373349741101265
Training loss on iteration 760 = 0.3690015167929232
Training loss on iteration 780 = 0.40481102783232925
Training loss on iteration 800 = 0.20294202268123626
Training loss on iteration 820 = 0.30043385475873946
Training loss on iteration 840 = 0.2555196972563863
Training loss on iteration 860 = 0.36446442883461716
Training loss on iteration 880 = 0.3075571428984404
Training loss on iteration 900 = 0.30913330214098095
Training loss on iteration 920 = 0.32070080111734567
Training loss on iteration 940 = 0.304894302226603
Training loss on iteration 960 = 0.2704570772591978
Training loss on iteration 980 = 0.2547001849859953
Training loss on iteration 1000 = 0.24028271036222576
Training loss on iteration 1020 = 0.41158974105492235
Training loss on iteration 1040 = 0.28966349717229606
Training loss on iteration 1060 = 0.2565390504896641
Training loss on iteration 1080 = 0.3226037109270692
Training loss on iteration 1100 = 0.25519168069586157
Training loss on iteration 1120 = 0.20768688153475523
Training loss on iteration 1140 = 0.2724091451615095
Training loss on iteration 1160 = 0.24033160507678986
Training loss on iteration 1180 = 0.3789560475386679
Training loss on iteration 1200 = 0.15863887518644332
Training loss on iteration 1220 = 0.30984473749995234
Training loss on iteration 1240 = 0.3503989204764366
Training loss on iteration 1260 = 0.2612904626876116
Training loss on iteration 1280 = 0.2647999737877399
Training loss on iteration 1300 = 0.5163752838969231
Training loss on iteration 1320 = 0.4540130182169378
Training loss on iteration 1340 = 0.3384050151333213
Training loss on iteration 1360 = 0.2335572828538716
Training loss on iteration 1380 = 0.32858058242127297
Training loss on iteration 1400 = 0.33753213081508876
Training loss on iteration 1420 = 0.39353426080197096
Training loss on iteration 1440 = 0.24093531295657158
Training loss on iteration 1460 = 0.22011951692402362
Training loss on iteration 1480 = 0.28417807864025235
Training loss on iteration 1500 = 0.3189587748609483
Training loss on iteration 1520 = 0.32642568964511154
Training loss on iteration 1540 = 0.2477407457306981
Training loss on iteration 1560 = 0.2664862465113401
Training loss on iteration 1580 = 0.21542990705929696
Training loss on iteration 1600 = 0.27224641842767594
Training loss on iteration 1620 = 0.24019418526440858
Training loss on iteration 1640 = 0.2404501074925065
Training loss on iteration 1660 = 0.3088294629007578
Training loss on iteration 1680 = 0.3780185326235369
Training loss on iteration 1700 = 0.32314362432807686
Training loss on iteration 1720 = 0.4295602009631693
Training loss on iteration 1740 = 0.27143036788329483
Training loss on iteration 1760 = 0.3769813794642687
Training loss on iteration 1780 = 0.35768025666475295
Training loss on iteration 1800 = 0.29640640411525965
Training loss on iteration 1820 = 0.34856748171150687
Training loss on iteration 1840 = 0.2846978339366615
Training loss on iteration 1860 = 0.3773109528236091
Training loss on iteration 1880 = 0.2730532827787101
Training loss on iteration 1900 = 0.16296973880380392
Training loss on iteration 1920 = 0.43349052853882314
Training loss on iteration 1940 = 0.4099692248273641
Training loss on iteration 1960 = 0.25997052527964115
Training loss on iteration 1980 = 0.24614181965589524
Training loss on iteration 2000 = 0.291764664882794
Training loss on iteration 2020 = 0.7059941950254143
Training loss on iteration 2040 = 0.3534664451610297
Training loss on iteration 2060 = 0.2715352478437126
Training loss on iteration 2080 = 0.384619614854455
Training loss on iteration 2100 = 0.3957907791249454
Training loss on iteration 2120 = 0.212393266428262
Training loss on iteration 2140 = 0.2727462276467122
Training loss on iteration 2160 = 0.3759031632915139
Training loss on iteration 2180 = 0.24317868165671824
Training loss on iteration 2200 = 0.5850856132805348
Training loss on iteration 2220 = 0.29469900093972684
Training loss on iteration 2240 = 0.27632940784096716
Training loss on iteration 2260 = 0.35595829151570796
Training loss on iteration 2280 = 0.36958717182278633
Training loss on iteration 2300 = 0.19161635315977038
Training loss on iteration 2320 = 0.26129202945157887
Training loss on iteration 2340 = 0.21552961692214012
Training loss on iteration 2360 = 0.15715271073859186
Training loss on iteration 2380 = 0.31985205598175526
Training loss on iteration 2400 = 0.26301998905837537
Training loss on iteration 2420 = 0.24006788302212953
Training loss on iteration 2440 = 0.28203651010990144
Training loss on iteration 2460 = 0.312600021250546
Training loss on iteration 2480 = 0.3193147805053741
Training loss on iteration 2500 = 0.1912283578887582
Training loss on iteration 2520 = 0.39658642816357315
Training loss on iteration 2540 = 0.503086444735527
Training loss on iteration 2560 = 0.4109259797260165
Training loss on iteration 2580 = 0.5782388135790825
Training loss on iteration 2600 = 0.5002800811082124
Training loss on iteration 2620 = 0.4081388097256422
Training loss on iteration 2640 = 0.19185978486202657
Training loss on iteration 2660 = 0.31181931174360217
Training loss on iteration 2680 = 0.4770755288656801
Training loss on iteration 2700 = 0.30548211839050055
Training loss on iteration 2720 = 0.38699971288442614
Training loss on iteration 2740 = 0.19426776096224785
Training loss on iteration 2760 = 0.2737061277963221
Training loss on iteration 2780 = 0.32965358942747114
Training loss on iteration 2800 = 0.2977885132655501
Training loss on iteration 2820 = 0.28473941031843425
Training loss on iteration 2840 = 0.2660451725125313
Training loss on iteration 2860 = 0.2390902740880847
Training loss on iteration 2880 = 0.29066279660910366
Training loss on iteration 2900 = 0.1547735411208123
Training loss on iteration 2920 = 0.2876639736816287
Training loss on iteration 2940 = 0.3069408766925335
Training loss on iteration 2960 = 0.19813944716006518
Training loss on iteration 2980 = 0.25898872399702666
Training loss on iteration 3000 = 0.25309205912053584
Training loss on iteration 3020 = 0.36089645950123667
Training loss on iteration 3040 = 0.2809479609131813
Training loss on iteration 3060 = 0.23086583111435174
Training loss on iteration 3080 = 0.23880220912396907
Training loss on iteration 3100 = 0.27415723046287893
Training loss on iteration 3120 = 0.22859983425587416
Training loss on iteration 3140 = 0.2445478077046573
Training loss on iteration 3160 = 0.2626360269263387
Training loss on iteration 3180 = 0.354786723293364
Training loss on iteration 3200 = 0.24022471508942544
Training loss on iteration 3220 = 0.2458906514570117
Training loss on iteration 3240 = 0.3281790318898857
Training loss on iteration 3260 = 0.30387279354035857
Training loss on iteration 3280 = 0.17123438976705074
Training loss on iteration 3300 = 0.3387868281453848
Training loss on iteration 3320 = 0.2533244241029024
Training loss on iteration 3340 = 0.30527254305779933
Training loss on iteration 3360 = 0.33262505270540715
Training loss on iteration 3380 = 0.18933459827676416
Training loss on iteration 3400 = 0.23318168208934367
Training loss on iteration 3420 = 0.17808268489316106
Training loss on iteration 3440 = 0.28719463986344634
Training loss on iteration 3460 = 0.27282840395346286
Training loss on iteration 3480 = 0.23072440773248673
Training loss on iteration 3500 = 0.2656499103643
Training loss on iteration 3520 = 0.3528977021574974
Training loss on iteration 3540 = 0.1717013770248741
Training loss on iteration 3560 = 0.2142016346566379
Training loss on iteration 3580 = 0.27499577812850473
Training loss on iteration 3600 = 0.26122254580259324
Training loss on iteration 3620 = 0.23991341777145864
Training loss on iteration 3640 = 0.27058530049398544
Training loss on iteration 3660 = 0.19082633536309004
Training loss on iteration 3680 = 0.30468885265290735
Training loss on iteration 3700 = 0.432094023283571
Training loss on iteration 3720 = 0.34948047492653134
Training loss on iteration 3740 = 0.3424913888797164
Training loss on iteration 3760 = 0.3759135875850916
Training loss on iteration 3780 = 0.34483159221708776
Training loss on iteration 3800 = 0.2681411124765873
Training loss on iteration 3820 = 0.26802090294659137
Training loss on iteration 3840 = 0.3758539244532585
Training loss on iteration 3860 = 0.39136694280896334
Training loss on iteration 3880 = 0.39827862940728664
Training loss on iteration 3900 = 0.5430260635912418
Training loss on iteration 3920 = 0.41475842986255884
Training loss on iteration 3940 = 0.29867294412106277
Training loss on iteration 3960 = 0.4081172799691558
Training loss on iteration 3980 = 0.282759141176939
Training loss on iteration 4000 = 0.24377622939646243
Training loss on iteration 4020 = 0.3487996902316809
Training loss on iteration 4040 = 0.2881454464048147
Training loss on iteration 4060 = 0.5270249816705472
Training loss on iteration 4080 = 0.4587323297280818
Training loss on iteration 4100 = 0.26404678709805013
Training loss on iteration 4120 = 0.3949834604281932
Training loss on iteration 4140 = 0.32247873339802025
Training loss on iteration 4160 = 0.3093325173016638
Training loss on iteration 4180 = 0.5373538263142109
Training loss on iteration 4200 = 0.45751369595527647
Training loss on iteration 4220 = 0.33081245943903925
Training loss on iteration 4240 = 0.3915373286232352
Training loss on iteration 4260 = 0.3143060626462102
Training loss on iteration 4280 = 0.31819082153961065
Training loss on iteration 4300 = 0.25798921957612037
Training loss on iteration 4320 = 0.2824399214237928
Training loss on iteration 4340 = 0.4081949669867754
Training loss on iteration 4360 = 0.27129406919702886
Training loss on iteration 4380 = 0.2179035946726799
Training loss on iteration 4400 = 0.2177900177659467
Training loss on iteration 4420 = 0.2108771175146103
Training loss on iteration 4440 = 0.23695909073576332
Training loss on iteration 4460 = 0.3304601853713393
Training loss on iteration 4480 = 0.21643916768953203
Training loss on iteration 4500 = 0.2692657833918929
Training loss on iteration 4520 = 0.24452946223318578
Training loss on iteration 4540 = 0.25997723583132026
Training loss on iteration 4560 = 0.30993503201752903
Training loss on iteration 4580 = 0.363917613774538
Training loss on iteration 4600 = 0.22359980177134275
Training loss on iteration 4620 = 0.3608979683951475
Training loss on iteration 4640 = 0.27124079382047056
Training loss on iteration 4660 = 0.22804011518601328
Training loss on iteration 4680 = 0.3139354009181261
Training loss on iteration 4700 = 0.31019168961793187
Training loss on iteration 4720 = 0.3938928386196494
Training loss on iteration 4740 = 0.36818087408319117
Training loss on iteration 4760 = 0.27771063037216664
Training loss on iteration 4780 = 0.32664948515594006
Training loss on iteration 4800 = 0.27714489444624635
Training loss on iteration 4820 = 0.22096949759870768
Training loss on iteration 4840 = 0.3151067985221744
Training loss on iteration 4860 = 0.20168980695307254
Training loss on iteration 4880 = 0.2791461316868663
Training loss on iteration 4900 = 0.17162341524381192
Training loss on iteration 4920 = 0.228826863784343
Training loss on iteration 4940 = 0.29214657116681336
Training loss on iteration 4960 = 0.1982547221239656
Training loss on iteration 4980 = 0.2609429180622101
Training loss on iteration 5000 = 0.29154007639735935
Training loss on iteration 5020 = 0.2875511396676302
Training loss on iteration 5040 = 0.3052787294611335
Training loss on iteration 5060 = 0.2800438303500414
Training loss on iteration 5080 = 0.2726128065958619
Training loss on iteration 5100 = 0.3075966600328684
Training loss on iteration 5120 = 0.293605587631464
Training loss on iteration 5140 = 0.2599902445450425
Training loss on iteration 5160 = 0.2980388145893812
Training loss on iteration 5180 = 0.21681646183133124
Training loss on iteration 5200 = 0.26195446848869325
Training loss on iteration 5220 = 0.24439782593399287
Training loss on iteration 5240 = 0.25251142084598543
Training loss on iteration 5260 = 0.23080810722894968
Training loss on iteration 5280 = 0.30459926938638093
Training loss on iteration 5300 = 0.2958696873858571
Training loss on iteration 5320 = 0.2796038018539548
Training loss on iteration 5340 = 0.282225108705461
Training loss on iteration 5360 = 0.2545073304325342
Training loss on iteration 5380 = 0.3066482307389379
Training loss on iteration 5400 = 0.47573125902563335
Training loss on iteration 5420 = 0.8434306567534804
Training loss on iteration 5440 = 0.7383709011599422
Training loss on iteration 5460 = 0.4975914667360485
Training loss on iteration 5480 = 0.3758288691751659
Training loss on iteration 5500 = 0.3779708933085203
Training loss on iteration 5520 = 0.2108264621347189
Training loss on iteration 5540 = 0.27018682900816204
Training loss on iteration 5560 = 0.22368958075530826
Training loss on iteration 5580 = 0.4955300769768655
Training loss on iteration 5600 = 0.37372319493442774
### EVAL:: Epoch 9:: Loss = 0.20294749871209583 :: ACC = 0.9239264887789362, AUC = 0.9695232189600136, EER = 0.09648347764622725
Training on epoch 10
Training loss on iteration 0 = 0.41734129190444946
Training loss on iteration 20 = 0.22138514835387468
Training loss on iteration 40 = 0.2567121502012014
Training loss on iteration 60 = 0.35379047971218824
Training loss on iteration 80 = 0.30978935174643996
Training loss on iteration 100 = 0.43378073940984907
Training loss on iteration 120 = 0.37922522872686387
Training loss on iteration 140 = 0.3801753167062998
Training loss on iteration 160 = 0.2332446881569922
Training loss on iteration 180 = 0.19460027159657328
Training loss on iteration 200 = 0.24795293295755982
Training loss on iteration 220 = 0.29691653065383433
Training loss on iteration 240 = 0.4118596062995493
Training loss on iteration 260 = 0.23556143306195737
Training loss on iteration 280 = 0.25654098857194185
Training loss on iteration 300 = 0.2699369718786329
Training loss on iteration 320 = 0.3174690132960677
Training loss on iteration 340 = 0.31097695492208005
Training loss on iteration 360 = 0.2356886699795723
Training loss on iteration 380 = 0.26481240186840294
Training loss on iteration 400 = 0.31760107185691594
Training loss on iteration 420 = 0.34660911876708267
Training loss on iteration 440 = 0.29775272142142056
Training loss on iteration 460 = 0.21314461671281607
Training loss on iteration 480 = 0.31275225058197975
Training loss on iteration 500 = 0.28502621510997417
Training loss on iteration 520 = 0.29691542345099153
Training loss on iteration 540 = 0.25527730099856855
Training loss on iteration 560 = 0.30661350712180135
Training loss on iteration 580 = 0.21279558716341854
Training loss on iteration 600 = 0.38678800454363227
Training loss on iteration 620 = 0.48764262050390245
Training loss on iteration 640 = 0.47158228084445
Training loss on iteration 660 = 0.2532629200257361
Training loss on iteration 680 = 0.29121778402477505
Training loss on iteration 700 = 0.3910852851346135
Training loss on iteration 720 = 0.3134744934737682
Training loss on iteration 740 = 0.2554305473342538
Training loss on iteration 760 = 0.2815153682604432
Training loss on iteration 780 = 0.2855342912953347
Training loss on iteration 800 = 0.2831051951274276
Training loss on iteration 820 = 0.4578484012745321
Training loss on iteration 840 = 0.37873767847195267
Training loss on iteration 860 = 0.3503824520856142
Training loss on iteration 880 = 0.23982906071469187
Training loss on iteration 900 = 0.2686585823306814
Training loss on iteration 920 = 0.181849616963882
Training loss on iteration 940 = 0.25739851901307703
Training loss on iteration 960 = 0.3803710872773081
Training loss on iteration 980 = 0.35589480511844157
Training loss on iteration 1000 = 0.2230791699141264
Training loss on iteration 1020 = 0.2105702934321016
Training loss on iteration 1040 = 0.30566468657925727
Training loss on iteration 1060 = 0.2509719997178763
Training loss on iteration 1080 = 0.2522066760808229
Training loss on iteration 1100 = 0.28572982661426066
Training loss on iteration 1120 = 0.30395274329930544
Training loss on iteration 1140 = 0.2609467559494078
Training loss on iteration 1160 = 0.21467683175578714
Training loss on iteration 1180 = 0.22169630117714406
Training loss on iteration 1200 = 0.2519281471148133
Training loss on iteration 1220 = 0.37510329242795704
Training loss on iteration 1240 = 0.2213206285610795
Training loss on iteration 1260 = 0.20537967719137667
Training loss on iteration 1280 = 0.327283341740258
Training loss on iteration 1300 = 0.2636950593907386
Training loss on iteration 1320 = 0.24008201479446142
Training loss on iteration 1340 = 0.253971644397825
Training loss on iteration 1360 = 0.3681766180321574
Training loss on iteration 1380 = 0.6257945820689201
Training loss on iteration 1400 = 0.5109360344242304
Training loss on iteration 1420 = 0.42015639431774615
Training loss on iteration 1440 = 0.38606643956154585
Training loss on iteration 1460 = 0.2929608732461929
Training loss on iteration 1480 = 0.2934924655593932
Training loss on iteration 1500 = 0.28812847547233106
Training loss on iteration 1520 = 0.24997315518558025
Training loss on iteration 1540 = 0.21392728798091412
Training loss on iteration 1560 = 0.2662338631693274
Training loss on iteration 1580 = 0.2985604299232364
Training loss on iteration 1600 = 0.33740830719470977
Training loss on iteration 1620 = 0.3670267339795828
Training loss on iteration 1640 = 0.3071625128388405
Training loss on iteration 1660 = 0.1981765258125961
Training loss on iteration 1680 = 0.34110057558864354
Training loss on iteration 1700 = 0.2603522064164281
Training loss on iteration 1720 = 0.31346409432590006
Training loss on iteration 1740 = 0.30886596348136663
Training loss on iteration 1760 = 0.3511331334710121
Training loss on iteration 1780 = 0.35184464529156684
Training loss on iteration 1800 = 0.23272519493475557
Training loss on iteration 1820 = 0.38280039336532357
Training loss on iteration 1840 = 0.33280434235930445
Training loss on iteration 1860 = 0.3172858482226729
Training loss on iteration 1880 = 0.43689908664673566
Training loss on iteration 1900 = 0.6797862865030766
Training loss on iteration 1920 = 0.5292131656780839
Training loss on iteration 1940 = 0.3550662871450186
Training loss on iteration 1960 = 0.4197637876495719
Training loss on iteration 1980 = 0.40281853675842283
Training loss on iteration 2000 = 0.3003434218466282
Training loss on iteration 2020 = 0.2563124662730843
Training loss on iteration 2040 = 0.3433666430413723
Training loss on iteration 2060 = 0.38403033521026375
Training loss on iteration 2080 = 0.9448288947343826
Training loss on iteration 2100 = 0.4934093214571476
Training loss on iteration 2120 = 0.9198348067700863
Training loss on iteration 2140 = 0.41333610862493514
Training loss on iteration 2160 = 0.48396110273897647
Training loss on iteration 2180 = 0.41612353790551426
Training loss on iteration 2200 = 0.25462120762094853
Training loss on iteration 2220 = 0.3539429264143109
Training loss on iteration 2240 = 0.3699760191142559
Training loss on iteration 2260 = 0.3847792146727443
Training loss on iteration 2280 = 0.35591440768912436
Training loss on iteration 2300 = 0.40090452916920183
Training loss on iteration 2320 = 0.3836620502173901
Training loss on iteration 2340 = 0.27350898627191783
Training loss on iteration 2360 = 0.4363816099241376
Training loss on iteration 2380 = 0.38393190428614615
Training loss on iteration 2400 = 0.32322334945201875
Training loss on iteration 2420 = 0.3531825980171561
Training loss on iteration 2440 = 0.27675266545265914
Training loss on iteration 2460 = 0.3332059722393751
Training loss on iteration 2480 = 0.36479376144707204
Training loss on iteration 2500 = 0.38233373165130613
Training loss on iteration 2520 = 0.41355862356722356
Training loss on iteration 2540 = 0.3417714763432741
Training loss on iteration 2560 = 0.34289877079427244
Training loss on iteration 2580 = 0.2694703388959169
Training loss on iteration 2600 = 0.4434618275612593
Training loss on iteration 2620 = 0.24986656792461873
Training loss on iteration 2640 = 0.2174944382160902
Training loss on iteration 2660 = 0.14259699101094156
Training loss on iteration 2680 = 0.23630655445158483
Training loss on iteration 2700 = 0.2837926627136767
Training loss on iteration 2720 = 0.30776135325431825
Training loss on iteration 2740 = 0.39450776665471493
Training loss on iteration 2760 = 0.305901182256639
Training loss on iteration 2780 = 0.38753760838881135
Training loss on iteration 2800 = 0.42911870367825034
Training loss on iteration 2820 = 0.21820423940662295
Training loss on iteration 2840 = 0.2770319104194641
Training loss on iteration 2860 = 0.2803395842667669
Training loss on iteration 2880 = 0.2096580400131643
Training loss on iteration 2900 = 0.35050466302782296
Training loss on iteration 2920 = 0.2560696703381836
Training loss on iteration 2940 = 0.18757276386022567
Training loss on iteration 2960 = 0.27937892712652684
Training loss on iteration 2980 = 0.24195192977786065
Training loss on iteration 3000 = 0.32250916296616194
Training loss on iteration 3020 = 0.3572652030736208
Training loss on iteration 3040 = 0.5692004311829806
Training loss on iteration 3060 = 0.4021375607699156
Training loss on iteration 3080 = 0.32207082584500313
Training loss on iteration 3100 = 0.2959789536893368
Training loss on iteration 3120 = 0.2595726760104299
Training loss on iteration 3140 = 0.28293154388666153
Training loss on iteration 3160 = 0.3305393856018782
Training loss on iteration 3180 = 0.25811980217695235
Training loss on iteration 3200 = 0.29074060544371605
Training loss on iteration 3220 = 0.322573746740818
Training loss on iteration 3240 = 0.28633560966700317
Training loss on iteration 3260 = 0.336880137398839
Training loss on iteration 3280 = 0.2758723381906748
Training loss on iteration 3300 = 0.2912790207192302
Training loss on iteration 3320 = 0.30601596366614103
Training loss on iteration 3340 = 0.32950283158570526
Training loss on iteration 3360 = 0.29144492764025925
Training loss on iteration 3380 = 0.31150284081231805
Training loss on iteration 3400 = 0.2723083883523941
Training loss on iteration 3420 = 0.2163352459669113
Training loss on iteration 3440 = 0.2660441660322249
Training loss on iteration 3460 = 0.2857521682977676
Training loss on iteration 3480 = 0.1848094046115875
Training loss on iteration 3500 = 0.2706225160509348
Training loss on iteration 3520 = 0.20359506364911795
Training loss on iteration 3540 = 0.19391569085419177
Training loss on iteration 3560 = 0.19942744565196335
Training loss on iteration 3580 = 0.3946386780589819
Training loss on iteration 3600 = 0.2006106788292527
Training loss on iteration 3620 = 0.3103745865635574
Training loss on iteration 3640 = 0.2687897043302655
Training loss on iteration 3660 = 0.4853217050433159
Training loss on iteration 3680 = 0.2897653304040432
Training loss on iteration 3700 = 0.16097507076337933
Training loss on iteration 3720 = 0.25793610168620945
Training loss on iteration 3740 = 0.30523432991467414
Training loss on iteration 3760 = 0.30184131927089763
Training loss on iteration 3780 = 0.2794570117490366
Training loss on iteration 3800 = 0.281917461566627
Training loss on iteration 3820 = 0.41799673810601234
Training loss on iteration 3840 = 0.436185185611248
Training loss on iteration 3860 = 0.2760221593081951
Training loss on iteration 3880 = 0.28832503585144875
Training loss on iteration 3900 = 0.26152772437781097
Training loss on iteration 3920 = 0.2621483411639929
Training loss on iteration 3940 = 0.40131677985191344
Training loss on iteration 3960 = 0.2337798739783466
Training loss on iteration 3980 = 0.3393729753792286
Training loss on iteration 4000 = 0.23570175059139728
Training loss on iteration 4020 = 0.27415931224823
Training loss on iteration 4040 = 0.2787206286564469
Training loss on iteration 4060 = 0.30331813395023344
Training loss on iteration 4080 = 0.25585471019148825
Training loss on iteration 4100 = 0.6650751422625035
Training loss on iteration 4120 = 0.7397472386248409
Training loss on iteration 4140 = 0.39614886613562705
Training loss on iteration 4160 = 0.425026928819716
Training loss on iteration 4180 = 0.4226246438920498
Training loss on iteration 4200 = 0.5803889952600002
Training loss on iteration 4220 = 0.5356294944882393
Training loss on iteration 4240 = 0.35361869893968106
Training loss on iteration 4260 = 0.43393576666712763
Training loss on iteration 4280 = 0.2924243966117501
Training loss on iteration 4300 = 0.20578266326338052
Training loss on iteration 4320 = 0.37718771398067474
Training loss on iteration 4340 = 0.2949578454717994
Training loss on iteration 4360 = 0.33180937273427846
Training loss on iteration 4380 = 0.2996088728308678
Training loss on iteration 4400 = 0.3291688933968544
Training loss on iteration 4420 = 0.35277802385389806
Training loss on iteration 4440 = 0.24931271346285938
Training loss on iteration 4460 = 0.2475552460178733
Training loss on iteration 4480 = 0.2953123816289008
Training loss on iteration 4500 = 0.24756000018678606
Training loss on iteration 4520 = 0.2732259938493371
Training loss on iteration 4540 = 0.36523207537829877
Training loss on iteration 4560 = 0.29697065679356455
Training loss on iteration 4580 = 0.29023080673068763
Training loss on iteration 4600 = 0.3831292139366269
Training loss on iteration 4620 = 0.31671998724341394
Training loss on iteration 4640 = 0.2907814899459481
Training loss on iteration 4660 = 0.2915424294769764
Training loss on iteration 4680 = 0.3795990341110155
Training loss on iteration 4700 = 0.2840324115008116
Training loss on iteration 4720 = 0.3265982921235263
Training loss on iteration 4740 = 0.3852551609277725
Training loss on iteration 4760 = 0.34406896494328976
Training loss on iteration 4780 = 0.5052981844637543
Training loss on iteration 4800 = 0.4285073595121503
Training loss on iteration 4820 = 0.2819255400449038
Training loss on iteration 4840 = 0.335913871973753
Training loss on iteration 4860 = 0.24790484383702277
Training loss on iteration 4880 = 0.27339756209403276
Training loss on iteration 4900 = 0.3418552964925766
Training loss on iteration 4920 = 0.2485463443212211
Training loss on iteration 4940 = 0.32902192659676077
Training loss on iteration 4960 = 0.31125806029886005
Training loss on iteration 4980 = 0.2301712967455387
Training loss on iteration 5000 = 0.2058894637040794
Training loss on iteration 5020 = 0.28221319913864135
Training loss on iteration 5040 = 0.29204856641590593
Training loss on iteration 5060 = 0.3355008008889854
Training loss on iteration 5080 = 0.31913539171218874
Training loss on iteration 5100 = 0.5270563040394336
Training loss on iteration 5120 = 0.3572939544916153
Training loss on iteration 5140 = 0.40377144478261473
Training loss on iteration 5160 = 0.2970069535076618
Training loss on iteration 5180 = 0.419730306789279
Training loss on iteration 5200 = 0.35530532696284356
Training loss on iteration 5220 = 0.41671744734048843
Training loss on iteration 5240 = 0.40811911607161167
Training loss on iteration 5260 = 0.3136723659932613
Training loss on iteration 5280 = 0.2806115750223398
Training loss on iteration 5300 = 0.43922099769115447
Training loss on iteration 5320 = 0.2671686721034348
Training loss on iteration 5340 = 0.282787174731493
Training loss on iteration 5360 = 0.2863375784829259
Training loss on iteration 5380 = 0.3646866220980883
Training loss on iteration 5400 = 0.3469040890224278
Training loss on iteration 5420 = 0.33224740214645865
Training loss on iteration 5440 = 0.2952611532062292
Training loss on iteration 5460 = 0.31921589486300944
Training loss on iteration 5480 = 0.35173164717853067
Training loss on iteration 5500 = 0.2597108045592904
Training loss on iteration 5520 = 0.2519926181063056
Training loss on iteration 5540 = 0.3138007551431656
Training loss on iteration 5560 = 0.27151753194630146
Training loss on iteration 5580 = 0.3439648589119315
Training loss on iteration 5600 = 0.38822025842964647
### EVAL:: Epoch 10:: Loss = 0.23540816359575345 :: ACC = 0.9041350061848383, AUC = 0.9634902029494433, EER = 0.10355186428697649
Training on epoch 11
Training loss on iteration 0 = 0.06761965900659561
Training loss on iteration 20 = 0.3504229216836393
Training loss on iteration 40 = 0.5631917980499566
Training loss on iteration 60 = 0.4910997546743602
Training loss on iteration 80 = 0.35792972818017005
Training loss on iteration 100 = 0.3967637553811073
Training loss on iteration 120 = 0.38286568261682985
Training loss on iteration 140 = 0.47052529379725455
Training loss on iteration 160 = 0.43396642822772263
Training loss on iteration 180 = 0.4070331733673811
Training loss on iteration 200 = 0.2563498311676085
Training loss on iteration 220 = 0.307864654622972
Training loss on iteration 240 = 0.3326458364725113
Training loss on iteration 260 = 0.3516975037753582
Training loss on iteration 280 = 0.3368629638105631
Training loss on iteration 300 = 0.34963589124381544
Training loss on iteration 320 = 0.3851952088996768
Training loss on iteration 340 = 0.4154400976374745
Training loss on iteration 360 = 0.32532612420618534
Training loss on iteration 380 = 0.2608966269530356
Training loss on iteration 400 = 0.30231987312436104
Training loss on iteration 420 = 0.23491134364157915
Training loss on iteration 440 = 0.32930025830864906
Training loss on iteration 460 = 0.2776713538914919
Training loss on iteration 480 = 0.22619636580348015
Training loss on iteration 500 = 0.3459311783313751
Training loss on iteration 520 = 0.24016697518527508
Training loss on iteration 540 = 0.24032600466161966
Training loss on iteration 560 = 0.4487537369132042
Training loss on iteration 580 = 0.39570261016488073
Training loss on iteration 600 = 0.34768586941063406
Training loss on iteration 620 = 0.24617909025400878
Training loss on iteration 640 = 0.2456225598230958
Training loss on iteration 660 = 0.2633908848511055
Training loss on iteration 680 = 0.25920992642641066
Training loss on iteration 700 = 0.28475574096664785
Training loss on iteration 720 = 0.36974298059940336
Training loss on iteration 740 = 0.34937918540090324
Training loss on iteration 760 = 0.2725038342177868
Training loss on iteration 780 = 0.33498700242489576
Training loss on iteration 800 = 0.22494116630405186
Training loss on iteration 820 = 0.2817526452243328
Training loss on iteration 840 = 0.28653242737054824
Training loss on iteration 860 = 0.2574165801052004
Training loss on iteration 880 = 0.34819886051118376
Training loss on iteration 900 = 0.17408907772041857
Training loss on iteration 920 = 0.327940895780921
Training loss on iteration 940 = 0.3082969395443797
Training loss on iteration 960 = 0.3534508991055191
Training loss on iteration 980 = 0.35104827880859374
Training loss on iteration 1000 = 0.3507003919221461
Training loss on iteration 1020 = 0.25542644746601584
Training loss on iteration 1040 = 0.31542690433561804
Training loss on iteration 1060 = 0.3062917280942202
Training loss on iteration 1080 = 0.3632647005841136
Training loss on iteration 1100 = 0.21343125775456429
Training loss on iteration 1120 = 0.30660454779863355
Training loss on iteration 1140 = 0.33540755957365037
Training loss on iteration 1160 = 0.31901964377611874
Training loss on iteration 1180 = 0.34144236873835326
Training loss on iteration 1200 = 0.2764887366443872
Training loss on iteration 1220 = 0.3047779640182853
Training loss on iteration 1240 = 0.3015393754467368
Training loss on iteration 1260 = 0.2556075763888657
Training loss on iteration 1280 = 0.36691722013056277
Training loss on iteration 1300 = 0.34927850756794215
Training loss on iteration 1320 = 0.49321720860898494
Training loss on iteration 1340 = 0.3997899042442441
Training loss on iteration 1360 = 0.28697567749768493
Training loss on iteration 1380 = 1.9744693748652935
Training loss on iteration 1400 = 7.646667617559433
Training loss on iteration 1420 = 1.623040424287319
Training loss on iteration 1440 = 0.5910258792340756
Training loss on iteration 1460 = 0.46926815845072267
Training loss on iteration 1480 = 0.4528232738375664
Training loss on iteration 1500 = 0.4949045829474926
Training loss on iteration 1520 = 0.49363784641027453
Training loss on iteration 1540 = 0.49581281244754793
Training loss on iteration 1560 = 0.5454399384558201
Training loss on iteration 1580 = 0.4611933521926403
Training loss on iteration 1600 = 0.4476945258677006
Training loss on iteration 1620 = 0.4683100990951061
Training loss on iteration 1640 = 0.4017433650791645
Training loss on iteration 1660 = 0.3397504802793264
Training loss on iteration 1680 = 0.48863972052931787
Training loss on iteration 1700 = 0.5372721917927266
Training loss on iteration 1720 = 0.3931246493011713
Training loss on iteration 1740 = 0.3750618703663349
Training loss on iteration 1760 = 0.43812285363674164
Training loss on iteration 1780 = 0.6494525834918022
Training loss on iteration 1800 = 0.40848240070044994
Training loss on iteration 1820 = 0.4236075349152088
Training loss on iteration 1840 = 0.3543278746306896
Training loss on iteration 1860 = 0.42832175046205523
Training loss on iteration 1880 = 0.41578334197402
Training loss on iteration 1900 = 0.367852121964097
Training loss on iteration 1920 = 0.6423460975289345
Training loss on iteration 1940 = 0.35595229268074036
Training loss on iteration 1960 = 0.4312667720019817
Training loss on iteration 1980 = 0.4660241976380348
Training loss on iteration 2000 = 0.3310545921325684
Training loss on iteration 2020 = 0.2980241201817989
Training loss on iteration 2040 = 0.39000126216560604
Training loss on iteration 2060 = 0.33476902488619087
Training loss on iteration 2080 = 0.3463582664728165
Training loss on iteration 2100 = 0.25920196902006865
Training loss on iteration 2120 = 0.31926037520170214
Training loss on iteration 2140 = 0.19828020026907325
Training loss on iteration 2160 = 0.3332513079047203
Training loss on iteration 2180 = 0.3330813044682145
Training loss on iteration 2200 = 0.32752917259931563
Training loss on iteration 2220 = 0.30588948642835023
Training loss on iteration 2240 = 0.4255396381020546
Training loss on iteration 2260 = 0.29100612215697763
Training loss on iteration 2280 = 0.2824626719579101
Training loss on iteration 2300 = 0.35729572661221026
Training loss on iteration 2320 = 0.41899628564715385
Training loss on iteration 2340 = 0.4005057096481323
Training loss on iteration 2360 = 0.3404491238296032
Training loss on iteration 2380 = 0.3813387148082256
Training loss on iteration 2400 = 0.3031680639833212
Training loss on iteration 2420 = 0.4705973010510206
Training loss on iteration 2440 = 0.3776915051043034
Training loss on iteration 2460 = 0.2897339530289173
Training loss on iteration 2480 = 0.3884968597441912
Training loss on iteration 2500 = 0.3772696914151311
Training loss on iteration 2520 = 0.37681725677102806
Training loss on iteration 2540 = 0.27659154497087
Training loss on iteration 2560 = 0.5350750820711255
Training loss on iteration 2580 = 0.28447267431765794
Training loss on iteration 2600 = 0.3393792288377881
Training loss on iteration 2620 = 0.39489465989172456
Training loss on iteration 2640 = 0.29372483715415
Training loss on iteration 2660 = 0.33039789702743294
Training loss on iteration 2680 = 0.3109030485153198
Training loss on iteration 2700 = 0.35054486179724337
Training loss on iteration 2720 = 0.3497964980080724
Training loss on iteration 2740 = 0.2751216970384121
Training loss on iteration 2760 = 0.3413220570422709
Training loss on iteration 2780 = 0.4177344225347042
Training loss on iteration 2800 = 0.3351354364305735
Training loss on iteration 2820 = 0.30819590426981447
Training loss on iteration 2840 = 0.24494504313915968
Training loss on iteration 2860 = 0.27190902119036764
Training loss on iteration 2880 = 0.2805300235748291
Training loss on iteration 2900 = 0.30046265572309494
Training loss on iteration 2920 = 0.2518914133310318
Training loss on iteration 2940 = 0.2892510015517473
Training loss on iteration 2960 = 0.2873337369412184
Training loss on iteration 2980 = 0.3484353696927428
Training loss on iteration 3000 = 0.2298581486567855
Training loss on iteration 3020 = 0.2683547298423946
Training loss on iteration 3040 = 0.2710712741827592
Training loss on iteration 3060 = 0.18981761187314988
Training loss on iteration 3080 = 0.22337035147938877
Training loss on iteration 3100 = 0.3298016299493611
Training loss on iteration 3120 = 0.30985334469005466
Training loss on iteration 3140 = 0.2613411512225866
Training loss on iteration 3160 = 0.2503222151193768
Training loss on iteration 3180 = 0.11634023983497173
Training loss on iteration 3200 = 0.44534005522727965
Training loss on iteration 3220 = 0.3659705935046077
Training loss on iteration 3240 = 0.2255003521218896
Training loss on iteration 3260 = 0.2845898617058992
Training loss on iteration 3280 = 0.23724363632500173
Training loss on iteration 3300 = 0.27711980827152727
Training loss on iteration 3320 = 0.2972998794168234
Training loss on iteration 3340 = 0.30657944390550257
Training loss on iteration 3360 = 0.28966908482834697
Training loss on iteration 3380 = 0.38153062127530574
Training loss on iteration 3400 = 0.32825606055557727
Training loss on iteration 3420 = 0.21091497708112
Training loss on iteration 3440 = 0.24634364331141115
Training loss on iteration 3460 = 0.4090409968048334
Training loss on iteration 3480 = 0.34763587117195127
Training loss on iteration 3500 = 0.3852086080238223
Training loss on iteration 3520 = 0.28280077399685977
Training loss on iteration 3540 = 0.3571445712819695
Training loss on iteration 3560 = 0.40819284655153754
Training loss on iteration 3580 = 0.9467461127787828
Training loss on iteration 3600 = 0.45986226219683884
Training loss on iteration 3620 = 0.5426423786324449
Training loss on iteration 3640 = 0.39992660470306873
Training loss on iteration 3660 = 0.22996710911393164
Training loss on iteration 3680 = 0.2820149504579604
Training loss on iteration 3700 = 0.23606531843543052
Training loss on iteration 3720 = 0.3043322771787643
Training loss on iteration 3740 = 0.3601825799793005
Training loss on iteration 3760 = 0.3021381672471762
Training loss on iteration 3780 = 0.3730045170523226
Training loss on iteration 3800 = 0.3052348505705595
Training loss on iteration 3820 = 0.3008022127207369
Training loss on iteration 3840 = 0.24783657044172286
Training loss on iteration 3860 = 0.3035594254732132
Training loss on iteration 3880 = 0.3031060189008713
Training loss on iteration 3900 = 0.23915699701756238
Training loss on iteration 3920 = 0.32850021379999816
Training loss on iteration 3940 = 0.35888884738087656
Training loss on iteration 3960 = 0.3265890100970864
Training loss on iteration 3980 = 0.3431275838986039
Training loss on iteration 4000 = 0.1859765320084989
Training loss on iteration 4020 = 0.21809831778518857
Training loss on iteration 4040 = 0.2760975116863847
Training loss on iteration 4060 = 0.30186933763325213
Training loss on iteration 4080 = 0.2518739279359579
Training loss on iteration 4100 = 0.25908501613885165
Training loss on iteration 4120 = 0.3393001784570515
Training loss on iteration 4140 = 0.3396157590672374
Training loss on iteration 4160 = 0.29717316254973414
Training loss on iteration 4180 = 0.1718153757043183
Training loss on iteration 4200 = 0.19946870163548738
Training loss on iteration 4220 = 0.16491584335453807
Training loss on iteration 4240 = 0.2572482909541577
Training loss on iteration 4260 = 0.2027715434320271
Training loss on iteration 4280 = 0.27918500602245333
Training loss on iteration 4300 = 0.3314384948462248
Training loss on iteration 4320 = 0.22811749309767038
Training loss on iteration 4340 = 0.24168339702300728
Training loss on iteration 4360 = 0.25970912859775125
Training loss on iteration 4380 = 0.2974753253161907
Training loss on iteration 4400 = 0.2704680388327688
Training loss on iteration 4420 = 0.34004113590344787
Training loss on iteration 4440 = 0.41045776903629305
Training loss on iteration 4460 = 0.2968550857156515
Training loss on iteration 4480 = 0.3628157589584589
Training loss on iteration 4500 = 0.33421001993119714
Training loss on iteration 4520 = 0.3507736776024103
Training loss on iteration 4540 = 0.36893466413021087
Training loss on iteration 4560 = 0.28105603232979776
Training loss on iteration 4580 = 0.24778536818921565
Training loss on iteration 4600 = 0.3455635912716389
Training loss on iteration 4620 = 0.32243924848735334
Training loss on iteration 4640 = 0.26458790702745316
Training loss on iteration 4660 = 0.2888412379659712
Training loss on iteration 4680 = 0.2557753118686378
Training loss on iteration 4700 = 0.255821869475767
Training loss on iteration 4720 = 0.19580875840038062
Training loss on iteration 4740 = 0.2982677400112152
Training loss on iteration 4760 = 0.26025577150285245
Training loss on iteration 4780 = 0.277030717022717
Training loss on iteration 4800 = 0.19855155246332287
Training loss on iteration 4820 = 0.22872474482282995
Training loss on iteration 4840 = 0.34556487035006284
Training loss on iteration 4860 = 0.27650902047753334
Training loss on iteration 4880 = 0.20415655546821654
Training loss on iteration 4900 = 0.3954548990353942
Training loss on iteration 4920 = 0.2708270657807589
Training loss on iteration 4940 = 0.3701030075550079
Training loss on iteration 4960 = 0.26109002525918185
Training loss on iteration 4980 = 0.25696560079231856
Training loss on iteration 5000 = 0.26319193448871375
Training loss on iteration 5020 = 0.28416951559484005
Training loss on iteration 5040 = 0.3280169330537319
Training loss on iteration 5060 = 0.2259778756648302
Training loss on iteration 5080 = 0.26411483325064183
Training loss on iteration 5100 = 0.3001480679959059
Training loss on iteration 5120 = 0.32217074306681753
Training loss on iteration 5140 = 0.2560275040566921
Training loss on iteration 5160 = 0.19556199703365565
Training loss on iteration 5180 = 0.2898859958862886
Training loss on iteration 5200 = 0.30226206295192243
Training loss on iteration 5220 = 0.3818087041378021
Training loss on iteration 5240 = 0.2633688349276781
Training loss on iteration 5260 = 0.4335287481546402
Training loss on iteration 5280 = 0.3201479338109493
Training loss on iteration 5300 = 0.26866133622825145
Training loss on iteration 5320 = 0.21249480191618203
Training loss on iteration 5340 = 0.31658790819346905
Training loss on iteration 5360 = 0.24999367985874416
Training loss on iteration 5380 = 0.2615086866542697
Training loss on iteration 5400 = 0.3063918946310878
Training loss on iteration 5420 = 0.19383957777172328
Training loss on iteration 5440 = 0.21845958195626736
Training loss on iteration 5460 = 0.36141058076173066
Training loss on iteration 5480 = 0.3140645895153284
Training loss on iteration 5500 = 0.264576368778944
Training loss on iteration 5520 = 0.24311200194060803
Training loss on iteration 5540 = 0.2552202258259058
Training loss on iteration 5560 = 0.2938360894098878
Training loss on iteration 5580 = 0.216078928578645
Training loss on iteration 5600 = 0.2324719950556755
### EVAL:: Epoch 11:: Loss = 0.21469290465437288 :: ACC = 0.9087294575013253, AUC = 0.9607558402326035, EER = 0.10372857395299523
Training on epoch 12
Training loss on iteration 0 = 0.048245422542095184
Training loss on iteration 20 = 0.4732569955289364
Training loss on iteration 40 = 0.3865096062421799
Training loss on iteration 60 = 0.3075960775837302
Training loss on iteration 80 = 0.2949917980004102
Training loss on iteration 100 = 0.22997736278921366
Training loss on iteration 120 = 0.19539867006242276
Training loss on iteration 140 = 0.20498575670644642
Training loss on iteration 160 = 0.24132188120856882
Training loss on iteration 180 = 0.27144299671053884
Training loss on iteration 200 = 0.26242459546774627
Training loss on iteration 220 = 0.24505649115890266
Training loss on iteration 240 = 0.30002213828265667
Training loss on iteration 260 = 0.23151478320360183
Training loss on iteration 280 = 0.4040428977459669
Training loss on iteration 300 = 0.4430810259655118
Training loss on iteration 320 = 0.33233095509931443
Training loss on iteration 340 = 0.3551635259762406
Training loss on iteration 360 = 0.3500916469842196
Training loss on iteration 380 = 0.3443328203633428
Training loss on iteration 400 = 0.28189011686481535
Training loss on iteration 420 = 0.3006412461400032
Training loss on iteration 440 = 0.2884399026632309
Training loss on iteration 460 = 0.3647880071774125
Training loss on iteration 480 = 0.2529711689800024
Training loss on iteration 500 = 0.2626612287946045
Training loss on iteration 520 = 0.3510748291388154
Training loss on iteration 540 = 0.2603885751217604
Training loss on iteration 560 = 0.2333754450082779
Training loss on iteration 580 = 0.26673714723438025
Training loss on iteration 600 = 0.40484953857958317
Training loss on iteration 620 = 0.2291498460806906
Training loss on iteration 640 = 0.299884295091033
Training loss on iteration 660 = 0.2524207729846239
Training loss on iteration 680 = 0.3687654882669449
Training loss on iteration 700 = 0.23028381681069732
Training loss on iteration 720 = 0.2604060094803572
Training loss on iteration 740 = 0.21506803925149143
Training loss on iteration 760 = 0.4329056415706873
Training loss on iteration 780 = 0.2552363362163305
Training loss on iteration 800 = 0.32967913672328
Training loss on iteration 820 = 0.23086074432358145
Training loss on iteration 840 = 0.34788638539612293
Training loss on iteration 860 = 0.2646545525640249
Training loss on iteration 880 = 0.32573643550276754
Training loss on iteration 900 = 0.2421351509168744
Training loss on iteration 920 = 0.31011017607524993
Training loss on iteration 940 = 0.25769284889101984
Training loss on iteration 960 = 0.30522855687886474
Training loss on iteration 980 = 0.3255207039415836
Training loss on iteration 1000 = 0.2971223726868629
Training loss on iteration 1020 = 0.270377254858613
Training loss on iteration 1040 = 0.19146421113982798
Training loss on iteration 1060 = 0.33280148832127454
Training loss on iteration 1080 = 0.29917229199782014
Training loss on iteration 1100 = 0.5325439654290676
Training loss on iteration 1120 = 0.493169444706291
Training loss on iteration 1140 = 0.360518859885633
Training loss on iteration 1160 = 0.32887405240908263
Training loss on iteration 1180 = 0.5284519635140896
Training loss on iteration 1200 = 1.0405000623315572
Training loss on iteration 1220 = 0.9773581310175359
Training loss on iteration 1240 = 0.3871560682542622
Training loss on iteration 1260 = 0.5123375489143654
Training loss on iteration 1280 = 0.7866199523210525
Training loss on iteration 1300 = 0.36299271788448095
Training loss on iteration 1320 = 0.2937673828564584
Training loss on iteration 1340 = 0.29977066051214935
Training loss on iteration 1360 = 0.33381546624004843
Training loss on iteration 1380 = 0.8389795232564211
Training loss on iteration 1400 = 1.0220568602904678
Training loss on iteration 1420 = 0.637825611513108
Training loss on iteration 1440 = 0.3929216982796788
Training loss on iteration 1460 = 0.4664855930954218
Training loss on iteration 1480 = 0.3609069524332881
Training loss on iteration 1500 = 0.34071501325815917
Training loss on iteration 1520 = 0.31875849068164824
Training loss on iteration 1540 = 0.25027398243546484
Training loss on iteration 1560 = 0.28460744600743054
Training loss on iteration 1580 = 0.26016538571566344
Training loss on iteration 1600 = 0.35113819539546964
Training loss on iteration 1620 = 0.29996121050789953
Training loss on iteration 1640 = 0.3024117577821016
Training loss on iteration 1660 = 0.31122292913496497
Training loss on iteration 1680 = 0.384323513507843
Training loss on iteration 1700 = 0.2475878599099815
Training loss on iteration 1720 = 0.3154913540929556
Training loss on iteration 1740 = 0.19693931015208363
Training loss on iteration 1760 = 0.3075040293857455
Training loss on iteration 1780 = 0.2409987786784768
Training loss on iteration 1800 = 0.2782938999123871
Training loss on iteration 1820 = 0.23381373099982738
Training loss on iteration 1840 = 0.2380089595913887
Training loss on iteration 1860 = 0.24863690081983805
Training loss on iteration 1880 = 0.25008531045168636
Training loss on iteration 1900 = 0.354664059728384
Training loss on iteration 1920 = 0.2308662673458457
Training loss on iteration 1940 = 0.22542128902859987
Training loss on iteration 1960 = 0.2721390653401613
Training loss on iteration 1980 = 0.2523881606757641
Training loss on iteration 2000 = 0.1439920607721433
Training loss on iteration 2020 = 0.32868792247027157
Training loss on iteration 2040 = 0.26583445323631166
Training loss on iteration 2060 = 0.25593223329633474
Training loss on iteration 2080 = 0.26922462210059167
Training loss on iteration 2100 = 0.1764306638389826
Training loss on iteration 2120 = 0.25975550021976235
Training loss on iteration 2140 = 0.3496593877673149
Training loss on iteration 2160 = 0.22711486369371414
Training loss on iteration 2180 = 0.2926477244123816
Training loss on iteration 2200 = 0.23532232400029898
Training loss on iteration 2220 = 0.2518820269033313
Training loss on iteration 2240 = 0.28960783388465644
Training loss on iteration 2260 = 0.17198207546025515
Training loss on iteration 2280 = 0.1758541108807549
Training loss on iteration 2300 = 0.2839688449166715
Training loss on iteration 2320 = 0.29602157324552536
Training loss on iteration 2340 = 0.283794064167887
Training loss on iteration 2360 = 0.2536223154515028
Training loss on iteration 2380 = 0.20766241960227488
Training loss on iteration 2400 = 0.29831998944282534
Training loss on iteration 2420 = 0.2973466577008367
Training loss on iteration 2440 = 0.1863839894067496
Training loss on iteration 2460 = 0.2635680689010769
Training loss on iteration 2480 = 0.3821622423827648
Training loss on iteration 2500 = 0.399568797275424
Training loss on iteration 2520 = 0.2669098161160946
Training loss on iteration 2540 = 0.22263852152973412
Training loss on iteration 2560 = 0.28976644920185207
Training loss on iteration 2580 = 0.2910882506519556
Training loss on iteration 2600 = 0.2983134940266609
Training loss on iteration 2620 = 0.28882002355530856
Training loss on iteration 2640 = 0.23162765484303235
Training loss on iteration 2660 = 0.1461456043412909
Training loss on iteration 2680 = 0.28935541370883583
Training loss on iteration 2700 = 0.22448444049805402
Training loss on iteration 2720 = 0.2876023787073791
Training loss on iteration 2740 = 0.24935517106205224
Training loss on iteration 2760 = 0.17159548327326773
Training loss on iteration 2780 = 0.3289469767711125
Training loss on iteration 2800 = 0.23177277967333793
Training loss on iteration 2820 = 0.2817333575338125
Training loss on iteration 2840 = 0.2649869378656149
Training loss on iteration 2860 = 0.29390272237360476
Training loss on iteration 2880 = 0.20358426151797177
Training loss on iteration 2900 = 0.4636999348178506
Training loss on iteration 2920 = 0.42718418266158553
Training loss on iteration 2940 = 0.39066955135203896
Training loss on iteration 2960 = 0.15207083895802498
Training loss on iteration 2980 = 0.3793531439267099
Training loss on iteration 3000 = 0.24426511386409402
Training loss on iteration 3020 = 0.26137017784640193
Training loss on iteration 3040 = 0.330367274582386
Training loss on iteration 3060 = 0.25079564582556485
Training loss on iteration 3080 = 0.20935764573514462
Training loss on iteration 3100 = 0.2585028508678079
Training loss on iteration 3120 = 0.2762655263766646
Training loss on iteration 3140 = 0.264417542796582
Training loss on iteration 3160 = 0.2912781364750117
Training loss on iteration 3180 = 0.3333135271444917
Training loss on iteration 3200 = 0.23557093671988696
Training loss on iteration 3220 = 0.31674569761380555
Training loss on iteration 3240 = 0.3526666993275285
Training loss on iteration 3260 = 0.22901432812213898
Training loss on iteration 3280 = 0.335829184576869
Training loss on iteration 3300 = 0.31114040929824116
Training loss on iteration 3320 = 0.2527855330146849
Training loss on iteration 3340 = 0.2636898983968422
Training loss on iteration 3360 = 0.31009716652333735
Training loss on iteration 3380 = 0.277608123794198
Training loss on iteration 3400 = 0.19015547898598015
Training loss on iteration 3420 = 0.2965773418545723
Training loss on iteration 3440 = 0.2048707764595747
Training loss on iteration 3460 = 0.26075112386606636
Training loss on iteration 3480 = 0.21260408889502286
Training loss on iteration 3500 = 0.32109843380749226
Training loss on iteration 3520 = 0.2902970678173006
Training loss on iteration 3540 = 0.25056179985404015
Training loss on iteration 3560 = 0.3588894484564662
Training loss on iteration 3580 = 0.23950202583801
Training loss on iteration 3600 = 0.26641665515489876
Training loss on iteration 3620 = 0.24643801171332597
Training loss on iteration 3640 = 0.3414098573848605
Training loss on iteration 3660 = 0.2684125263243914
Training loss on iteration 3680 = 0.2941457325592637
Training loss on iteration 3700 = 0.3073688432574272
Training loss on iteration 3720 = 0.3045473124831915
Training loss on iteration 3740 = 0.3504667541012168
Training loss on iteration 3760 = 0.33726041465997697
Training loss on iteration 3780 = 0.40479793222621085
Training loss on iteration 3800 = 0.29043253473937514
Training loss on iteration 3820 = 0.2066042327787727
Training loss on iteration 3840 = 0.26215692441910504
Training loss on iteration 3860 = 0.2769227305427194
Training loss on iteration 3880 = 0.2279329685261473
Training loss on iteration 3900 = 0.2705920667387545
Training loss on iteration 3920 = 0.2773447928018868
Training loss on iteration 3940 = 0.2541541466489434
Training loss on iteration 3960 = 0.17545174467377364
Training loss on iteration 3980 = 0.2855131232179701
Training loss on iteration 4000 = 0.2363518421538174
Training loss on iteration 4020 = 0.20554907436016948
Training loss on iteration 4040 = 0.4152298822067678
Training loss on iteration 4060 = 0.21525829201564192
Training loss on iteration 4080 = 0.3160041468217969
Training loss on iteration 4100 = 0.23891585716046393
Training loss on iteration 4120 = 0.3609212372452021
Training loss on iteration 4140 = 0.251547210291028
Training loss on iteration 4160 = 0.26343112885951997
Training loss on iteration 4180 = 0.22988377306610347
Training loss on iteration 4200 = 0.22025347761809827
Training loss on iteration 4220 = 0.1774764764122665
Training loss on iteration 4240 = 0.20801858622580766
Training loss on iteration 4260 = 0.3212455789558589
Training loss on iteration 4280 = 0.3787460446357727
Training loss on iteration 4300 = 0.27297076312825086
Training loss on iteration 4320 = 0.29875000566244125
Training loss on iteration 4340 = 0.27805398353375493
Training loss on iteration 4360 = 0.21213093725964427
Training loss on iteration 4380 = 0.2659151377156377
Training loss on iteration 4400 = 0.20694137616083025
Training loss on iteration 4420 = 0.2228733823634684
Training loss on iteration 4440 = 0.22850447185337544
Training loss on iteration 4460 = 0.1452680915594101
Training loss on iteration 4480 = 0.24430569359101356
Training loss on iteration 4500 = 0.20366955909412354
Training loss on iteration 4520 = 0.18868117704987525
Training loss on iteration 4540 = 0.1883175393566489
Training loss on iteration 4560 = 0.28586773939896376
Training loss on iteration 4580 = 0.39909630035981536
Training loss on iteration 4600 = 0.4678548790514469
Training loss on iteration 4620 = 0.46830611564219
Training loss on iteration 4640 = 0.34138127639889715
Training loss on iteration 4660 = 0.2513363926671445
Training loss on iteration 4680 = 0.36088386122137306
Training loss on iteration 4700 = 0.352835719846189
Training loss on iteration 4720 = 0.3439746141433716
Training loss on iteration 4740 = 0.2728667613118887
Training loss on iteration 4760 = 0.24273082092404366
Training loss on iteration 4780 = 0.20477005708962678
Training loss on iteration 4800 = 0.2329952610656619
Training loss on iteration 4820 = 0.35242301113903524
Training loss on iteration 4840 = 0.33105548601597545
Training loss on iteration 4860 = 0.17465249064844102
Training loss on iteration 4880 = 0.298824430629611
Training loss on iteration 4900 = 0.2556222710758448
Training loss on iteration 4920 = 0.2082216230686754
Training loss on iteration 4940 = 0.31489972593262794
Training loss on iteration 4960 = 0.31466984720900654
Training loss on iteration 4980 = 0.22948818192817272
Training loss on iteration 5000 = 0.2565580911934376
Training loss on iteration 5020 = 0.2001109017059207
Training loss on iteration 5040 = 0.22273893728852273
Training loss on iteration 5060 = 0.39713674345985056
Training loss on iteration 5080 = 0.23495918763801454
Training loss on iteration 5100 = 0.18850654929410665
Training loss on iteration 5120 = 0.4163475972600281
Training loss on iteration 5140 = 0.2280468912795186
Training loss on iteration 5160 = 0.26645010863430796
Training loss on iteration 5180 = 0.30610508965328337
Training loss on iteration 5200 = 0.33014700962230564
Training loss on iteration 5220 = 0.3573570214211941
Training loss on iteration 5240 = 0.22450852282345296
Training loss on iteration 5260 = 0.4842581147328019
Training loss on iteration 5280 = 0.36625352688133717
Training loss on iteration 5300 = 0.3480135729070753
Training loss on iteration 5320 = 0.3419254833832383
Training loss on iteration 5340 = 0.3214116984978318
Training loss on iteration 5360 = 0.3759124981239438
Training loss on iteration 5380 = 0.3612828710582107
Training loss on iteration 5400 = 0.25118372663855554
Training loss on iteration 5420 = 0.352805957570672
Training loss on iteration 5440 = 0.35133865009993315
Training loss on iteration 5460 = 0.32879602778702977
Training loss on iteration 5480 = 0.37460231930017474
Training loss on iteration 5500 = 0.34633525609970095
Training loss on iteration 5520 = 0.29661303479224443
Training loss on iteration 5540 = 0.278378795273602
Training loss on iteration 5560 = 0.19562766309827567
Training loss on iteration 5580 = 0.23400233052670955
Training loss on iteration 5600 = 0.21724467719905077
### EVAL:: Epoch 12:: Loss = 0.24648250025167837 :: ACC = 0.8975083937091359, AUC = 0.9495221766259171, EER = 0.12511044354126172
Training on epoch 13
Training loss on iteration 0 = 0.4570692181587219
Training loss on iteration 20 = 0.20958262719213963
Training loss on iteration 40 = 0.2618355298414826
Training loss on iteration 60 = 0.4007699296809733
Training loss on iteration 80 = 0.37443505264818666
Training loss on iteration 100 = 0.2606550442054868
Training loss on iteration 120 = 0.3181603369768709
Training loss on iteration 140 = 0.25993220244999976
Training loss on iteration 160 = 0.37543604541569947
Training loss on iteration 180 = 0.32298648050054907
Training loss on iteration 200 = 0.30504507161676886
Training loss on iteration 220 = 0.2732245344668627
Training loss on iteration 240 = 0.2157216758467257
Training loss on iteration 260 = 0.30307578751817343
Training loss on iteration 280 = 0.36087682461366055
Training loss on iteration 300 = 0.21592679591849445
Training loss on iteration 320 = 0.4242394331842661
Training loss on iteration 340 = 0.3589340400882065
Training loss on iteration 360 = 0.2574605707079172
Training loss on iteration 380 = 0.25714961942285297
Training loss on iteration 400 = 0.282255306141451
Training loss on iteration 420 = 0.23416932872496546
Training loss on iteration 440 = 0.2754053885117173
Training loss on iteration 460 = 0.18757120445370673
Training loss on iteration 480 = 0.35519528575241566
Training loss on iteration 500 = 0.370872113481164
Training loss on iteration 520 = 0.27501847678795455
Training loss on iteration 540 = 0.4710803419351578
Training loss on iteration 560 = 0.2343551494181156
Training loss on iteration 580 = 0.3148799601942301
Training loss on iteration 600 = 0.354955630004406
Training loss on iteration 620 = 0.2507976949214935
Training loss on iteration 640 = 0.25220607556402685
Training loss on iteration 660 = 0.3487552583217621
Training loss on iteration 680 = 0.4149089425802231
Training loss on iteration 700 = 0.28070553578436375
Training loss on iteration 720 = 0.22435191487893463
Training loss on iteration 740 = 0.2891014890745282
Training loss on iteration 760 = 0.29272755682468415
Training loss on iteration 780 = 0.2519237083382905
Training loss on iteration 800 = 0.35948578994721175
Training loss on iteration 820 = 0.4004620807245374
Training loss on iteration 840 = 0.22453298941254615
Training loss on iteration 860 = 0.3112709613516927
Training loss on iteration 880 = 0.3663717985153198
Training loss on iteration 900 = 0.3435299202799797
Training loss on iteration 920 = 0.397305428609252
Training loss on iteration 940 = 0.2844633609056473
Training loss on iteration 960 = 0.2169974043034017
Training loss on iteration 980 = 0.3090685966424644
Training loss on iteration 1000 = 0.32756137046962974
Training loss on iteration 1020 = 0.3405135106295347
Training loss on iteration 1040 = 0.2581073435023427
Training loss on iteration 1060 = 0.34713509026914835
Training loss on iteration 1080 = 0.2132118341512978
Training loss on iteration 1100 = 0.22955254074186088
Training loss on iteration 1120 = 0.23780550537630915
Training loss on iteration 1140 = 0.33722123606130483
Training loss on iteration 1160 = 0.34508864460512995
Training loss on iteration 1180 = 0.2401949791237712
Training loss on iteration 1200 = 0.4278146179392934
Training loss on iteration 1220 = 0.6019766640849411
Training loss on iteration 1240 = 0.2950614544795826
Training loss on iteration 1260 = 0.3387009817175567
Training loss on iteration 1280 = 0.31021151228342203
Training loss on iteration 1300 = 0.3573419580934569
Training loss on iteration 1320 = 0.32662822883576154
Training loss on iteration 1340 = 0.31073762066662314
Training loss on iteration 1360 = 0.27924832217395307
Training loss on iteration 1380 = 0.20102357110008598
Training loss on iteration 1400 = 0.294836630532518
Training loss on iteration 1420 = 0.37367174273822457
Training loss on iteration 1440 = 0.40396416187286377
Training loss on iteration 1460 = 0.30703345239162444
Training loss on iteration 1480 = 0.28939942829310894
Training loss on iteration 1500 = 0.3579277150332928
Training loss on iteration 1520 = 0.2586069404147565
Training loss on iteration 1540 = 0.22744701486080884
Training loss on iteration 1560 = 0.24891060618683697
Training loss on iteration 1580 = 0.23639185912907124
Training loss on iteration 1600 = 0.25141663625836375
Training loss on iteration 1620 = 0.22016943860799074
Training loss on iteration 1640 = 0.3271801421418786
Training loss on iteration 1660 = 0.23493074895814062
Training loss on iteration 1680 = 0.20138109289109707
Training loss on iteration 1700 = 0.2437432138249278
Training loss on iteration 1720 = 0.2573038353584707
Training loss on iteration 1740 = 0.2150543968193233
Training loss on iteration 1760 = 0.3135047845542431
Training loss on iteration 1780 = 0.33400680087506773
Training loss on iteration 1800 = 0.243738404661417
Training loss on iteration 1820 = 0.1523542724084109
Training loss on iteration 1840 = 0.24190971460193395
Training loss on iteration 1860 = 0.22038092114962637
Training loss on iteration 1880 = 0.30546017196029424
Training loss on iteration 1900 = 0.2419150329194963
Training loss on iteration 1920 = 0.16929189935326577
Training loss on iteration 1940 = 0.2330823175609112
Training loss on iteration 1960 = 0.18944984283298255
Training loss on iteration 1980 = 0.31009957529604437
Training loss on iteration 2000 = 0.2578538949601352
Training loss on iteration 2020 = 0.26251500509679315
Training loss on iteration 2040 = 0.2829796981066465
Training loss on iteration 2060 = 0.40654079578816893
Training loss on iteration 2080 = 0.2860328740440309
Training loss on iteration 2100 = 0.29152460806071756
Training loss on iteration 2120 = 0.18634578846395017
Training loss on iteration 2140 = 0.20224346686154604
Training loss on iteration 2160 = 0.23148571639321744
Training loss on iteration 2180 = 0.1561519680544734
Training loss on iteration 2200 = 0.21164655620232226
Training loss on iteration 2220 = 0.21695034056901932
Training loss on iteration 2240 = 0.41149181462824347
Training loss on iteration 2260 = 0.2504947362933308
Training loss on iteration 2280 = 0.36833159644156693
Training loss on iteration 2300 = 0.2791961316950619
Training loss on iteration 2320 = 0.24996657092124225
Training loss on iteration 2340 = 0.24764897441491485
Training loss on iteration 2360 = 0.22297676624730228
Training loss on iteration 2380 = 0.2240544218569994
Training loss on iteration 2400 = 0.18206825805827975
Training loss on iteration 2420 = 0.26551789566874506
Training loss on iteration 2440 = 0.2585272494703531
Training loss on iteration 2460 = 0.23974601756781339
Training loss on iteration 2480 = 0.13065711222589016
Training loss on iteration 2500 = 0.23258033227175473
Training loss on iteration 2520 = 0.2537310646381229
Training loss on iteration 2540 = 0.2058886146172881
Training loss on iteration 2560 = 0.3351533617824316
Training loss on iteration 2580 = 0.3075792480260134
Training loss on iteration 2600 = 0.2383737737312913
Training loss on iteration 2620 = 0.2620306946337223
Training loss on iteration 2640 = 0.17615549063775687
Training loss on iteration 2660 = 0.1826927987858653
Training loss on iteration 2680 = 0.22441537249833346
Training loss on iteration 2700 = 0.19147064611315728
Training loss on iteration 2720 = 0.17125952071510256
Training loss on iteration 2740 = 0.31564822401851417
Training loss on iteration 2760 = 0.18920067874714733
Training loss on iteration 2780 = 0.251563252042979
Training loss on iteration 2800 = 0.09848274753894656
Training loss on iteration 2820 = 0.18640388096682728
Training loss on iteration 2840 = 0.16943785874173045
Training loss on iteration 2860 = 0.21887725554406642
Training loss on iteration 2880 = 0.20567317483946682
Training loss on iteration 2900 = 0.2521411484805867
Training loss on iteration 2920 = 0.248355536069721
Training loss on iteration 2940 = 0.22783677838742733
Training loss on iteration 2960 = 0.17838662690483034
Training loss on iteration 2980 = 0.47756823189556596
Training loss on iteration 3000 = 0.14411479351110756
Training loss on iteration 3020 = 0.6068926692008972
Training loss on iteration 3040 = 0.5818362928926945
Training loss on iteration 3060 = 0.3029289737343788
Training loss on iteration 3080 = 0.39193949720356613
Training loss on iteration 3100 = 0.2324587531387806
Training loss on iteration 3120 = 0.30405940134078263
Training loss on iteration 3140 = 0.34634664598852394
Training loss on iteration 3160 = 0.3434669464826584
Training loss on iteration 3180 = 0.26423330046236515
Training loss on iteration 3200 = 0.24198468280956148
Training loss on iteration 3220 = 0.2640693999826908
Training loss on iteration 3240 = 0.22272665980271994
Training loss on iteration 3260 = 0.22557582572917453
Training loss on iteration 3280 = 0.2814007017761469
Training loss on iteration 3300 = 0.2808649061364122
Training loss on iteration 3320 = 0.22548047294840218
Training loss on iteration 3340 = 0.30864799953997135
Training loss on iteration 3360 = 0.2877870522206649
Training loss on iteration 3380 = 0.2986006382852793
Training loss on iteration 3400 = 0.3077497186139226
Training loss on iteration 3420 = 0.23939455575309693
Training loss on iteration 3440 = 0.17043835986405612
Training loss on iteration 3460 = 0.23592500439845027
Training loss on iteration 3480 = 0.2508985455147922
Training loss on iteration 3500 = 0.3113193019060418
Training loss on iteration 3520 = 0.1268986387178302
Training loss on iteration 3540 = 0.15425322672817857
Training loss on iteration 3560 = 0.29283164264634254
Training loss on iteration 3580 = 0.20020173275843262
Training loss on iteration 3600 = 0.24132692702114583
Training loss on iteration 3620 = 0.29824192156083884
Training loss on iteration 3640 = 0.3719763008877635
Training loss on iteration 3660 = 0.24772950103506447
Training loss on iteration 3680 = 0.19782476220279932
Training loss on iteration 3700 = 0.29158424854977055
Training loss on iteration 3720 = 0.4307579271495342
Training loss on iteration 3740 = 0.4212173759005964
Training loss on iteration 3760 = 0.3085306408815086
Training loss on iteration 3780 = 0.3157606404274702
Training loss on iteration 3800 = 0.40802180822938683
Training loss on iteration 3820 = 0.3139244663529098
Training loss on iteration 3840 = 0.2531726794317365
Training loss on iteration 3860 = 0.21085810139775277
Training loss on iteration 3880 = 0.3605135381221771
Training loss on iteration 3900 = 0.2337642140686512
Training loss on iteration 3920 = 0.3934450175613165
Training loss on iteration 3940 = 0.3206346772611141
Training loss on iteration 3960 = 0.2447639185935259
Training loss on iteration 3980 = 0.2090584863908589
Training loss on iteration 4000 = 0.21771647576242686
Training loss on iteration 4020 = 0.3165485106408596
Training loss on iteration 4040 = 0.24676149310544132
Training loss on iteration 4060 = 0.4269503388553858
Training loss on iteration 4080 = 0.27060241587460043
Training loss on iteration 4100 = 0.21772904784884303
Training loss on iteration 4120 = 0.2760956818237901
Training loss on iteration 4140 = 0.2403647331520915
Training loss on iteration 4160 = 0.19058470688760282
Training loss on iteration 4180 = 0.2605124027468264
Training loss on iteration 4200 = 0.22351277098059655
Training loss on iteration 4220 = 0.19236244657076895
Training loss on iteration 4240 = 0.20792883625254036
Training loss on iteration 4260 = 0.12975801753345878
Training loss on iteration 4280 = 0.2769729733467102
Training loss on iteration 4300 = 0.2200351354666054
Training loss on iteration 4320 = 0.18819888206198812
Training loss on iteration 4340 = 0.18027480612508953
Training loss on iteration 4360 = 0.18733705086633562
Training loss on iteration 4380 = 0.28192611469421536
Training loss on iteration 4400 = 0.24686301564797758
Training loss on iteration 4420 = 0.304568045027554
Training loss on iteration 4440 = 0.2536208641715348
Training loss on iteration 4460 = 0.24095865581184625
Training loss on iteration 4480 = 0.20970074292272328
Training loss on iteration 4500 = 0.3000653063878417
Training loss on iteration 4520 = 0.23281729612499474
Training loss on iteration 4540 = 0.27870325222611425
Training loss on iteration 4560 = 0.23162334710359572
Training loss on iteration 4580 = 0.27775797005742786
Training loss on iteration 4600 = 0.338167991489172
Training loss on iteration 4620 = 0.4251321876421571
Training loss on iteration 4640 = 0.33868477726355195
Training loss on iteration 4660 = 0.23134578457102178
Training loss on iteration 4680 = 0.3620485867373645
Training loss on iteration 4700 = 0.17137867216952146
Training loss on iteration 4720 = 0.36200591893866657
Training loss on iteration 4740 = 0.4719324722886086
Training loss on iteration 4760 = 0.24321652217768133
Training loss on iteration 4780 = 0.22031183934304863
Training loss on iteration 4800 = 0.15325678596273065
Training loss on iteration 4820 = 0.24199768919497727
Training loss on iteration 4840 = 0.30644423170015217
Training loss on iteration 4860 = 0.20078564509749414
Training loss on iteration 4880 = 0.221937677054666
Training loss on iteration 4900 = 0.4261714885942638
Training loss on iteration 4920 = 0.36886029010638594
Training loss on iteration 4940 = 0.26625766777433457
Training loss on iteration 4960 = 0.2778158380649984
Training loss on iteration 4980 = 0.2809095546603203
Training loss on iteration 5000 = 0.3914989753626287
Training loss on iteration 5020 = 0.4288786734454334
Training loss on iteration 5040 = 0.4062428263016045
Training loss on iteration 5060 = 0.19777100225910543
Training loss on iteration 5080 = 0.32824036162346604
Training loss on iteration 5100 = 0.25514799542725086
Training loss on iteration 5120 = 0.16681953286752105
Training loss on iteration 5140 = 0.20065805744379758
Training loss on iteration 5160 = 0.2407415266148746
Training loss on iteration 5180 = 0.22689919089898467
Training loss on iteration 5200 = 0.2524440515786409
Training loss on iteration 5220 = 0.23877382818609477
Training loss on iteration 5240 = 0.23523477029521017
Training loss on iteration 5260 = 0.276770484354347
Training loss on iteration 5280 = 0.21062706004595383
Training loss on iteration 5300 = 0.22399135660380126
Training loss on iteration 5320 = 0.22624822231009603
Training loss on iteration 5340 = 0.24687038394622504
Training loss on iteration 5360 = 0.5863759929314256
Training loss on iteration 5380 = 0.39975079651921985
Training loss on iteration 5400 = 0.45725230453535914
Training loss on iteration 5420 = 0.7457450626883656
Training loss on iteration 5440 = 0.34501422978937624
Training loss on iteration 5460 = 0.24381079161539673
Training loss on iteration 5480 = 0.2033741063904017
Training loss on iteration 5500 = 0.2157982712611556
Training loss on iteration 5520 = 0.18823853880167007
Training loss on iteration 5540 = 0.21584439026191832
Training loss on iteration 5560 = 0.29410553015768526
Training loss on iteration 5580 = 0.2527765277773142
Training loss on iteration 5600 = 0.3165666848421097
### EVAL:: Epoch 13:: Loss = 0.1602882125220334 :: ACC = 0.9412440360487718, AUC = 0.9707988760153585, EER = 0.09383283265594627
Training on epoch 14
Training loss on iteration 0 = 0.07920327037572861
Training loss on iteration 20 = 0.27276335647329686
Training loss on iteration 40 = 0.1906454848125577
Training loss on iteration 60 = 0.22508986168541015
Training loss on iteration 80 = 0.22324837585911156
Training loss on iteration 100 = 0.1647542592138052
Training loss on iteration 120 = 0.2345745697617531
Training loss on iteration 140 = 0.18192815780639648
Training loss on iteration 160 = 0.1920770957134664
Training loss on iteration 180 = 0.24491790749598294
Training loss on iteration 200 = 0.20617766510695218
Training loss on iteration 220 = 0.18957636123523117
Training loss on iteration 240 = 0.3348972317762673
Training loss on iteration 260 = 0.1936681604012847
Training loss on iteration 280 = 0.3165280399378389
Training loss on iteration 300 = 0.28819673173129556
Training loss on iteration 320 = 0.17531943079084158
Training loss on iteration 340 = 0.2376049262471497
Training loss on iteration 360 = 0.3166604025289416
Training loss on iteration 380 = 0.25199870131909846
Training loss on iteration 400 = 0.2095952901057899
Training loss on iteration 420 = 0.21523894551210104
Training loss on iteration 440 = 0.33905974924564364
Training loss on iteration 460 = 0.16127318521030248
Training loss on iteration 480 = 0.1396920984145254
Training loss on iteration 500 = 0.2966141258191783
Training loss on iteration 520 = 0.1655292110517621
Training loss on iteration 540 = 0.5176599066704511
Training loss on iteration 560 = 0.11889967955648899
Training loss on iteration 580 = 0.2088327701203525
Training loss on iteration 600 = 0.3290394427254796
Training loss on iteration 620 = 0.2784209725446999
Training loss on iteration 640 = 0.22361452328041195
Training loss on iteration 660 = 0.2531048568896949
Training loss on iteration 680 = 0.3220993459224701
Training loss on iteration 700 = 0.19064630293287338
Training loss on iteration 720 = 0.15528181737754493
Training loss on iteration 740 = 0.2786814460763708
Training loss on iteration 760 = 0.3054805710911751
Training loss on iteration 780 = 0.21344178151339294
Training loss on iteration 800 = 0.35196899781003593
Training loss on iteration 820 = 0.18142832042649387
Training loss on iteration 840 = 0.3013396790949628
Training loss on iteration 860 = 0.36808947660028934
Training loss on iteration 880 = 0.2286782688461244
Training loss on iteration 900 = 0.28094881121069193
Training loss on iteration 920 = 0.2377639591693878
Training loss on iteration 940 = 0.1984774590935558
Training loss on iteration 960 = 0.23436071649193763
Training loss on iteration 980 = 0.13945238664746284
Training loss on iteration 1000 = 0.1564601654186845
Training loss on iteration 1020 = 0.23877736942376943
Training loss on iteration 1040 = 0.2294284356292337
Training loss on iteration 1060 = 0.3269957439042628
Training loss on iteration 1080 = 0.2782993221655488
Training loss on iteration 1100 = 0.20637528742663563
Training loss on iteration 1120 = 0.23936198614537715
Training loss on iteration 1140 = 0.367528265947476
Training loss on iteration 1160 = 1.4947343913838267
Training loss on iteration 1180 = 0.4066419024951756
Training loss on iteration 1200 = 0.3643788501154631
Training loss on iteration 1220 = 0.2604559542611241
Training loss on iteration 1240 = 0.20576296071521938
Training loss on iteration 1260 = 0.18951763417571782
Training loss on iteration 1280 = 0.22062461141031237
Training loss on iteration 1300 = 0.37918354067951443
Training loss on iteration 1320 = 0.31482179518789055
Training loss on iteration 1340 = 0.17514384589158
Training loss on iteration 1360 = 0.22226871130988002
Training loss on iteration 1380 = 0.24596501048654318
Training loss on iteration 1400 = 0.17261341586709023
Training loss on iteration 1420 = 0.2853009721264243
Training loss on iteration 1440 = 0.2726597100496292
Training loss on iteration 1460 = 0.22439417825080454
Training loss on iteration 1480 = 0.19824351528659462
Training loss on iteration 1500 = 0.395916703925468
Training loss on iteration 1520 = 0.22859499491751195
Training loss on iteration 1540 = 0.2741539045702666
Training loss on iteration 1560 = 0.17913555642589926
Training loss on iteration 1580 = 0.3207314593717456
Training loss on iteration 1600 = 0.3030172515660524
Training loss on iteration 1620 = 0.2736888825893402
Training loss on iteration 1640 = 0.17257610303349794
Training loss on iteration 1660 = 0.37558673741295934
Training loss on iteration 1680 = 0.26326647493988276
Training loss on iteration 1700 = 0.30546725671738384
Training loss on iteration 1720 = 0.20141476741991937
Training loss on iteration 1740 = 0.2983796711545438
Training loss on iteration 1760 = 0.41969464980065824
Training loss on iteration 1780 = 0.22368798279203475
Training loss on iteration 1800 = 0.29978787400759754
Training loss on iteration 1820 = 0.2255192649550736
Training loss on iteration 1840 = 0.17835631631314755
Training loss on iteration 1860 = 0.3040117360651493
Training loss on iteration 1880 = 0.13920488925650715
Training loss on iteration 1900 = 0.2694812653586268
Training loss on iteration 1920 = 0.26347205974161625
Training loss on iteration 1940 = 0.27984359122347086
Training loss on iteration 1960 = 0.18604942569509147
Training loss on iteration 1980 = 0.19800838734954596
Training loss on iteration 2000 = 0.15575944022275506
Training loss on iteration 2020 = 0.2761555792763829
Training loss on iteration 2040 = 0.1331346883904189
Training loss on iteration 2060 = 0.21028611091896893
Training loss on iteration 2080 = 0.20673464937135577
Training loss on iteration 2100 = 0.13729558661580085
Training loss on iteration 2120 = 0.20643213188741355
Training loss on iteration 2140 = 0.21163366856053473
Training loss on iteration 2160 = 0.22121034432202577
Training loss on iteration 2180 = 0.3725001263432205
Training loss on iteration 2200 = 0.21018469277769328
Training loss on iteration 2220 = 0.1797819696366787
Training loss on iteration 2240 = 0.21525143197504804
Training loss on iteration 2260 = 0.21970037277787924
Training loss on iteration 2280 = 0.23264897125773132
Training loss on iteration 2300 = 0.21403481643646954
Training loss on iteration 2320 = 0.16660628970712424
Training loss on iteration 2340 = 0.26601117393001916
Training loss on iteration 2360 = 0.15061043011955916
Training loss on iteration 2380 = 0.1846289152279496
Training loss on iteration 2400 = 0.19200451276265085
Training loss on iteration 2420 = 0.24800767367705703
Training loss on iteration 2440 = 0.20267874309793116
Training loss on iteration 2460 = 0.17753013148903846
Training loss on iteration 2480 = 0.30032270080409945
Training loss on iteration 2500 = 0.24659569412469864
Training loss on iteration 2520 = 0.24865589058026671
Training loss on iteration 2540 = 0.20253268517553807
Training loss on iteration 2560 = 0.18107903290074318
Training loss on iteration 2580 = 0.2500543711706996
Training loss on iteration 2600 = 0.23899643793702124
Training loss on iteration 2620 = 0.2863279638811946
Training loss on iteration 2640 = 0.1567854756489396
Training loss on iteration 2660 = 0.31206259806640446
Training loss on iteration 2680 = 0.42642396679148076
Training loss on iteration 2700 = 0.23176659345626832
Training loss on iteration 2720 = 0.21988705582916737
Training loss on iteration 2740 = 0.3363525793887675
Training loss on iteration 2760 = 0.385520737292245
Training loss on iteration 2780 = 0.18293613153509797
Training loss on iteration 2800 = 0.277951493114233
Training loss on iteration 2820 = 0.25307939974591137
Training loss on iteration 2840 = 0.2578507088124752
Training loss on iteration 2860 = 0.30571676455438135
Training loss on iteration 2880 = 0.3218729175627232
Training loss on iteration 2900 = 0.28102346369996667
Training loss on iteration 2920 = 0.26866589589044454
Training loss on iteration 2940 = 0.15653096337337047
Training loss on iteration 2960 = 0.2389804607257247
Training loss on iteration 2980 = 0.23734549200162292
Training loss on iteration 3000 = 0.13673110716044903
Training loss on iteration 3020 = 0.12030986426398158
Training loss on iteration 3040 = 0.2206257591722533
Training loss on iteration 3060 = 0.18784761112183332
Training loss on iteration 3080 = 0.20727914464659988
Training loss on iteration 3100 = 0.27953088299836965
Training loss on iteration 3120 = 0.16821351144462823
Training loss on iteration 3140 = 0.2326952929608524
Training loss on iteration 3160 = 0.31694277971982954
Training loss on iteration 3180 = 0.2299382880330086
Training loss on iteration 3200 = 0.22038483526557684
Training loss on iteration 3220 = 0.21313677669968456
Training loss on iteration 3240 = 0.19815214360132813
Training loss on iteration 3260 = 0.36810016960371283
Training loss on iteration 3280 = 0.3858981058001518
Training loss on iteration 3300 = 0.2847280199639499
Training loss on iteration 3320 = 0.28175257658585906
Training loss on iteration 3340 = 0.2749695689417422
Training loss on iteration 3360 = 0.2337295487523079
Training loss on iteration 3380 = 0.20447839051485062
Training loss on iteration 3400 = 0.20645141117274762
Training loss on iteration 3420 = 0.2552909636171535
Training loss on iteration 3440 = 0.22905343696475028
Training loss on iteration 3460 = 0.19470784571021796
Training loss on iteration 3480 = 0.2518474672688171
Training loss on iteration 3500 = 0.22511766651878135
Training loss on iteration 3520 = 0.24931959994137287
Training loss on iteration 3540 = 0.25309205036610366
Training loss on iteration 3560 = 0.24265054566785693
Training loss on iteration 3580 = 0.31650521587580444
Training loss on iteration 3600 = 0.22720750379376115
Training loss on iteration 3620 = 0.3978017342276871
Training loss on iteration 3640 = 0.30374825997278093
Training loss on iteration 3660 = 0.22876447183080018
Training loss on iteration 3680 = 0.31615793977398426
Training loss on iteration 3700 = 0.30438521336764096
Training loss on iteration 3720 = 0.3236757037229836
Training loss on iteration 3740 = 0.23034679408883676
Training loss on iteration 3760 = 0.2955095346085727
Training loss on iteration 3780 = 0.1690419791266322
Training loss on iteration 3800 = 0.2334586473181844
Training loss on iteration 3820 = 0.26089011849835514
Training loss on iteration 3840 = 0.2858203360810876
Training loss on iteration 3860 = 0.32387630417943003
Training loss on iteration 3880 = 0.26733231320977213
Training loss on iteration 3900 = 0.34000135823735034
Training loss on iteration 3920 = 0.27351888179546224
Training loss on iteration 3940 = 0.1371610715985298
Training loss on iteration 3960 = 0.2179456152021885
Training loss on iteration 3980 = 0.2500498862937093
Training loss on iteration 4000 = 0.2100400817580521
Training loss on iteration 4020 = 0.2543924609897658
Training loss on iteration 4040 = 0.33811935886042194
Training loss on iteration 4060 = 0.2173645337112248
Training loss on iteration 4080 = 0.24243966042995452
Training loss on iteration 4100 = 0.22405989440158008
Training loss on iteration 4120 = 0.16352314269170165
Training loss on iteration 4140 = 0.1899160450324416
Training loss on iteration 4160 = 0.2338026835117489
Training loss on iteration 4180 = 0.3621591696515679
Training loss on iteration 4200 = 0.2144846928305924
Training loss on iteration 4220 = 0.3513257170561701
Training loss on iteration 4240 = 0.1606188097037375
Training loss on iteration 4260 = 0.2606284536421299
Training loss on iteration 4280 = 0.15576049941591918
Training loss on iteration 4300 = 0.21497614688705652
Training loss on iteration 4320 = 0.30163167701102794
Training loss on iteration 4340 = 0.21395710986107588
Training loss on iteration 4360 = 0.2448385212221183
Training loss on iteration 4380 = 0.1483564095105976
Training loss on iteration 4400 = 0.1984782534185797
Training loss on iteration 4420 = 0.14706619316712022
Training loss on iteration 4440 = 0.1751343311741948
Training loss on iteration 4460 = 0.2745307511650026
Training loss on iteration 4480 = 0.23727213002275677
Training loss on iteration 4500 = 0.20278489524498583
Training loss on iteration 4520 = 0.2739673202857375
Training loss on iteration 4540 = 0.21606190763413907
Training loss on iteration 4560 = 0.19036635207012295
Training loss on iteration 4580 = 0.15730816456489266
Training loss on iteration 4600 = 0.31982464240863917
Training loss on iteration 4620 = 0.3754005365073681
Training loss on iteration 4640 = 0.2230933278799057
Training loss on iteration 4660 = 0.3379683209583163
Training loss on iteration 4680 = 0.20885907174088061
Training loss on iteration 4700 = 0.26090436689555646
Training loss on iteration 4720 = 0.39815416242927315
Training loss on iteration 4740 = 0.3093479499220848
Training loss on iteration 4760 = 0.32666838774457574
Training loss on iteration 4780 = 0.25574650475755334
Training loss on iteration 4800 = 0.19976578392088412
Training loss on iteration 4820 = 0.2501761793275364
Training loss on iteration 4840 = 0.24465996357612313
Training loss on iteration 4860 = 0.2575049966108054
Training loss on iteration 4880 = 0.24013050114735962
Training loss on iteration 4900 = 0.24549598321318628
Training loss on iteration 4920 = 0.3642651103378739
Training loss on iteration 4940 = 0.2399095024447888
Training loss on iteration 4960 = 0.3082281049457379
Training loss on iteration 4980 = 0.3163949014618993
Training loss on iteration 5000 = 0.15213582245633006
Training loss on iteration 5020 = 0.2042962761595845
Training loss on iteration 5040 = 0.23324871445074677
Training loss on iteration 5060 = 0.22795790210366249
Training loss on iteration 5080 = 0.27546879518777134
Training loss on iteration 5100 = 0.2844178806990385
Training loss on iteration 5120 = 0.2048004262847826
Training loss on iteration 5140 = 0.3062252534320578
Training loss on iteration 5160 = 0.21306785456836225
Training loss on iteration 5180 = 0.18556072721257805
Training loss on iteration 5200 = 0.22199957887642086
Training loss on iteration 5220 = 0.20689000776037575
Training loss on iteration 5240 = 0.19683083738200366
Training loss on iteration 5260 = 0.39467901922762394
Training loss on iteration 5280 = 0.3116275882348418
Training loss on iteration 5300 = 0.2663784511387348
Training loss on iteration 5320 = 0.2900621515698731
Training loss on iteration 5340 = 0.24332634853199125
Training loss on iteration 5360 = 0.7395031383261085
Training loss on iteration 5380 = 0.36703974232077596
Training loss on iteration 5400 = 0.335882132104598
Training loss on iteration 5420 = 0.37459577339468525
Training loss on iteration 5440 = 0.32887423215433953
Training loss on iteration 5460 = 0.16143237841315566
Training loss on iteration 5480 = 0.3894399667158723
Training loss on iteration 5500 = 0.33879354819655416
Training loss on iteration 5520 = 0.25207640437874945
Training loss on iteration 5540 = 0.340729845315218
Training loss on iteration 5560 = 0.2676712140440941
Training loss on iteration 5580 = 0.3274442497640848
Training loss on iteration 5600 = 0.2076995731331408
### EVAL:: Epoch 14:: Loss = 0.15112318868997962 :: ACC = 0.9413323908817812, AUC = 0.9318486806932528, EER = 0.15091005477999647
Training on epoch 15
Training loss on iteration 0 = 0.16814129054546356
Training loss on iteration 20 = 0.20059828142402694
Training loss on iteration 40 = 0.2606056698597968
Training loss on iteration 60 = 0.2192055194405839
Training loss on iteration 80 = 0.2671748642809689
Training loss on iteration 100 = 0.2702649446204305
Training loss on iteration 120 = 0.22704002438113094
Training loss on iteration 140 = 0.2474158864468336
Training loss on iteration 160 = 0.17675603246316313
Training loss on iteration 180 = 0.24747266361955553
Training loss on iteration 200 = 0.22791448337957262
Training loss on iteration 220 = 0.2319727515685372
Training loss on iteration 240 = 0.14241256720852108
Training loss on iteration 260 = 0.20505355832865463
Training loss on iteration 280 = 0.15805882830172777
Training loss on iteration 300 = 0.23722193371504546
Training loss on iteration 320 = 0.2816045533400029
Training loss on iteration 340 = 0.36767182163894174
Training loss on iteration 360 = 0.20547593156807126
Training loss on iteration 380 = 0.2146258586551994
Training loss on iteration 400 = 0.18506968256551773
Training loss on iteration 420 = 0.11929750563576817
Training loss on iteration 440 = 0.24362903335131705
Training loss on iteration 460 = 0.20930697040166707
Training loss on iteration 480 = 0.17588938819244504
Training loss on iteration 500 = 0.1840075089596212
Training loss on iteration 520 = 0.2272475349716842
Training loss on iteration 540 = 0.20817766459658743
Training loss on iteration 560 = 0.26993220644071697
Training loss on iteration 580 = 0.22351874290034174
Training loss on iteration 600 = 0.20061603575013578
Training loss on iteration 620 = 0.1976418873295188
Training loss on iteration 640 = 0.20698116892017424
Training loss on iteration 660 = 0.20934972828254103
Training loss on iteration 680 = 0.21789353527128696
Training loss on iteration 700 = 0.20915544340386988
Training loss on iteration 720 = 0.2260493957437575
Training loss on iteration 740 = 0.16719790250062944
Training loss on iteration 760 = 0.1610222591087222
Training loss on iteration 780 = 0.2565956736449152
Training loss on iteration 800 = 0.18963243393227458
Training loss on iteration 820 = 0.19007144197821618
Training loss on iteration 840 = 0.17666148442076518
Training loss on iteration 860 = 0.17004208161961287
Training loss on iteration 880 = 0.20386802460998296
Training loss on iteration 900 = 0.1333837769459933
Training loss on iteration 920 = 0.1240393032785505
Training loss on iteration 940 = 0.27659634556621315
Training loss on iteration 960 = 0.8967331901192666
Training loss on iteration 980 = 0.6931203387677669
Training loss on iteration 1000 = 0.8604637157171965
Training loss on iteration 1020 = 0.8475409135222435
Training loss on iteration 1040 = 0.4457117099314928
Training loss on iteration 1060 = 0.35555474646389484
Training loss on iteration 1080 = 0.28767893435433506
Training loss on iteration 1100 = 0.33107035686261954
Training loss on iteration 1120 = 0.2721497517079115
Training loss on iteration 1140 = 0.22592017627321184
Training loss on iteration 1160 = 0.18586959782987833
Training loss on iteration 1180 = 0.3400558712659404
Training loss on iteration 1200 = 0.2940678460523486
Training loss on iteration 1220 = 0.21554548838175833
Training loss on iteration 1240 = 0.31229184083640577
Training loss on iteration 1260 = 0.34448383301496505
Training loss on iteration 1280 = 0.36363504100590943
Training loss on iteration 1300 = 0.21838750932365655
Training loss on iteration 1320 = 0.31143346056342125
Training loss on iteration 1340 = 0.2943960875272751
Training loss on iteration 1360 = 0.2103830087929964
Training loss on iteration 1380 = 0.2638881614431739
Training loss on iteration 1400 = 0.28459755377843976
Training loss on iteration 1420 = 0.34062878089025617
Training loss on iteration 1440 = 0.29716379959136247
Training loss on iteration 1460 = 0.2238224172964692
Training loss on iteration 1480 = 0.2254260347224772
Training loss on iteration 1500 = 0.20653099985793233
Training loss on iteration 1520 = 0.2876040520146489
Training loss on iteration 1540 = 0.44668915346264837
Training loss on iteration 1560 = 0.252769223228097
Training loss on iteration 1580 = 0.1645863715093583
Training loss on iteration 1600 = 0.2593354409560561
Training loss on iteration 1620 = 0.26708254385739566
Training loss on iteration 1640 = 0.20322282980196177
Training loss on iteration 1660 = 0.238318142388016
Training loss on iteration 1680 = 0.3223357144743204
Training loss on iteration 1700 = 0.31356798199703917
Training loss on iteration 1720 = 0.22950543160550296
Training loss on iteration 1740 = 0.22036819770000876
Training loss on iteration 1760 = 0.22865208555012942
Training loss on iteration 1780 = 0.2813151214271784
Training loss on iteration 1800 = 0.3153044134378433
Training loss on iteration 1820 = 0.1766457138583064
Training loss on iteration 1840 = 0.21582083851099015
Training loss on iteration 1860 = 0.32797899362631144
Training loss on iteration 1880 = 0.3339634472504258
Training loss on iteration 1900 = 0.3232042692601681
Training loss on iteration 1920 = 0.21120791491121055
Training loss on iteration 1940 = 0.20954164490103722
Training loss on iteration 1960 = 0.15325510334223508
Training loss on iteration 1980 = 0.15793269952991978
Training loss on iteration 2000 = 0.2251012364635244
Training loss on iteration 2020 = 0.2943760747089982
Training loss on iteration 2040 = 0.28459291290491817
Training loss on iteration 2060 = 0.21563622648827732
Training loss on iteration 2080 = 0.19815246902871878
Training loss on iteration 2100 = 0.3043613351881504
Training loss on iteration 2120 = 0.3529468266293406
Training loss on iteration 2140 = 0.2865124152973294
Training loss on iteration 2160 = 0.275992152094841
Training loss on iteration 2180 = 0.26789955627173184
Training loss on iteration 2200 = 0.20683455597609282
Training loss on iteration 2220 = 0.2697570603340864
Training loss on iteration 2240 = 0.20940737556666136
Training loss on iteration 2260 = 0.26578697711229327
Training loss on iteration 2280 = 0.1696673421189189
Training loss on iteration 2300 = 0.24731832230463624
Training loss on iteration 2320 = 0.3709884588140994
Training loss on iteration 2340 = 0.28291668016463517
Training loss on iteration 2360 = 0.19946268666535616
Training loss on iteration 2380 = 0.249675068911165
Training loss on iteration 2400 = 0.25806747348979114
Training loss on iteration 2420 = 0.4757635874673724
Training loss on iteration 2440 = 0.34711945578455927
Training loss on iteration 2460 = 0.3033071847050451
Training loss on iteration 2480 = 0.3534241298213601
Training loss on iteration 2500 = 0.3152175132185221
Training loss on iteration 2520 = 0.33569175731390716
Training loss on iteration 2540 = 0.2898428552900441
Training loss on iteration 2560 = 0.324003104865551
Training loss on iteration 2580 = 0.23508587246760726
Training loss on iteration 2600 = 0.2601324263960123
Training loss on iteration 2620 = 0.27945432215929034
Training loss on iteration 2640 = 0.19628739915788174
Training loss on iteration 2660 = 0.27110896948724983
Training loss on iteration 2680 = 0.23523226715624332
Training loss on iteration 2700 = 0.357243887335062
Training loss on iteration 2720 = 0.23954254903364927
Training loss on iteration 2740 = 0.22823627023026347
Training loss on iteration 2760 = 0.3833344992250204
Training loss on iteration 2780 = 0.25660591702908275
Training loss on iteration 2800 = 0.2532433340791613
Training loss on iteration 2820 = 0.35244206748902795
Training loss on iteration 2840 = 0.21863065604120493
Training loss on iteration 2860 = 0.26391083048656583
Training loss on iteration 2880 = 0.17252737525850534
Training loss on iteration 2900 = 0.23529295455664395
Training loss on iteration 2920 = 0.2510699875187129
Training loss on iteration 2940 = 0.290852053463459
Training loss on iteration 2960 = 0.33313905652612447
Training loss on iteration 2980 = 0.19695896729826928
Training loss on iteration 3000 = 0.20315852500498294
Training loss on iteration 3020 = 0.26618840340524913
Training loss on iteration 3040 = 0.4552037642803043
Training loss on iteration 3060 = 0.7828107563778758
Training loss on iteration 3080 = 0.627327238023281
Training loss on iteration 3100 = 0.44991448558866975
Training loss on iteration 3120 = 0.4203138483688235
Training loss on iteration 3140 = 0.5962303010746837
Training loss on iteration 3160 = 0.238625867664814
Training loss on iteration 3180 = 0.3479674156755209
Training loss on iteration 3200 = 0.40099138841032983
Training loss on iteration 3220 = 0.33236452175769954
Training loss on iteration 3240 = 0.33650625525042416
Training loss on iteration 3260 = 0.37803530134260654
Training loss on iteration 3280 = 0.361187182739377
Training loss on iteration 3300 = 0.19395055826753377
Training loss on iteration 3320 = 0.4596177747473121
Training loss on iteration 3340 = 0.44088883940130474
Training loss on iteration 3360 = 0.37740067206323147
Training loss on iteration 3380 = 0.2742257395759225
Training loss on iteration 3400 = 0.2769256545230746
Training loss on iteration 3420 = 0.28295005168765786
Training loss on iteration 3440 = 0.3509612411260605
Training loss on iteration 3460 = 0.3031212089583278
Training loss on iteration 3480 = 0.38219141121953726
Training loss on iteration 3500 = 0.3562641028314829
Training loss on iteration 3520 = 0.2849891440942883
Training loss on iteration 3540 = 0.18208798984996974
Training loss on iteration 3560 = 0.2807339454069734
Training loss on iteration 3580 = 0.2668361123651266
Training loss on iteration 3600 = 0.23170139268040657
Training loss on iteration 3620 = 0.21612373562529683
Training loss on iteration 3640 = 0.35940345246344807
Training loss on iteration 3660 = 0.31330380886793135
Training loss on iteration 3680 = 0.33300554398447274
Training loss on iteration 3700 = 0.2147335403598845
Training loss on iteration 3720 = 0.30371669922024014
Training loss on iteration 3740 = 0.2541261387988925
Training loss on iteration 3760 = 0.2281303744763136
Training loss on iteration 3780 = 0.23784166239202023
Training loss on iteration 3800 = 0.3193227007985115
Training loss on iteration 3820 = 0.5014716751873494
Training loss on iteration 3840 = 0.3454073818400502
Training loss on iteration 3860 = 0.3172143613919616
Training loss on iteration 3880 = 0.29463474042713644
Training loss on iteration 3900 = 0.2683570025488734
Training loss on iteration 3920 = 0.403574338555336
Training loss on iteration 3940 = 0.369227085635066
Training loss on iteration 3960 = 0.4230606388300657
Training loss on iteration 3980 = 0.3214523669332266
Training loss on iteration 4000 = 0.25185672035440804
Training loss on iteration 4020 = 0.4913238424807787
Training loss on iteration 4040 = 0.5010420516133308
Training loss on iteration 4060 = 0.4602058921009302
Training loss on iteration 4080 = 0.20988462027162313
Training loss on iteration 4100 = 0.2152238498441875
Training loss on iteration 4120 = 0.2981822285801172
Training loss on iteration 4140 = 0.4023816116154194
Training loss on iteration 4160 = 0.27177509739995004
Training loss on iteration 4180 = 0.24870780147612095
Training loss on iteration 4200 = 0.39121570996940136
Training loss on iteration 4220 = 0.2992266150191426
Training loss on iteration 4240 = 0.3375501144677401
Training loss on iteration 4260 = 0.28053304739296436
Training loss on iteration 4280 = 0.28710722364485264
Training loss on iteration 4300 = 0.35837918538600205
Training loss on iteration 4320 = 0.2410694074817002
Training loss on iteration 4340 = 0.225045798253268
Training loss on iteration 4360 = 0.31545791747048496
Training loss on iteration 4380 = 0.2612126609310508
Training loss on iteration 4400 = 0.30839262455701827
Training loss on iteration 4420 = 0.30082880398258566
Training loss on iteration 4440 = 0.5102672018110752
Training loss on iteration 4460 = 0.26524624256417156
Training loss on iteration 4480 = 0.22930522002279757
Training loss on iteration 4500 = 0.23649646462872626
Training loss on iteration 4520 = 0.32687109187245367
Training loss on iteration 4540 = 0.3331476951949298
Training loss on iteration 4560 = 0.4798435278236866
Training loss on iteration 4580 = 0.31212729290127755
Training loss on iteration 4600 = 0.4227801339700818
Training loss on iteration 4620 = 0.26544836405664685
Training loss on iteration 4640 = 0.4027101275976747
Training loss on iteration 4660 = 0.40066500306129454
Training loss on iteration 4680 = 0.25273126335814594
Training loss on iteration 4700 = 0.31079435907304287
Training loss on iteration 4720 = 0.23032501079142093
Training loss on iteration 4740 = 0.25016289874911307
Training loss on iteration 4760 = 0.32596702068112793
Training loss on iteration 4780 = 0.43210368454456327
Training loss on iteration 4800 = 0.3264007649384439
Training loss on iteration 4820 = 0.3789168482646346
Training loss on iteration 4840 = 0.289147808868438
Training loss on iteration 4860 = 0.22031027618795634
Training loss on iteration 4880 = 0.2974858501926064
Training loss on iteration 4900 = 0.3766644222661853
Training loss on iteration 4920 = 0.2760191049426794
Training loss on iteration 4940 = 0.21396309323608875
Training loss on iteration 4960 = 0.4024377173744142
Training loss on iteration 4980 = 0.42511610612273215
Training loss on iteration 5000 = 0.4775363698601723
Training loss on iteration 5020 = 0.35630317255854604
Training loss on iteration 5040 = 0.3558029800653458
Training loss on iteration 5060 = 0.24112220369279386
Training loss on iteration 5080 = 0.22551069054752587
Training loss on iteration 5100 = 0.48924569962546227
Training loss on iteration 5120 = 0.6047334011644125
Training loss on iteration 5140 = 0.30864089210517703
Training loss on iteration 5160 = 0.3961053278297186
Training loss on iteration 5180 = 0.28370958287268877
Training loss on iteration 5200 = 0.3628720369189978
Training loss on iteration 5220 = 0.23750946931540967
Training loss on iteration 5240 = 0.5840610846877098
Training loss on iteration 5260 = 0.9647550314664841
Training loss on iteration 5280 = 0.4861620157957077
Training loss on iteration 5300 = 0.4099431522190571
Training loss on iteration 5320 = 0.4657700963318348
Training loss on iteration 5340 = 0.5296750955283642
Training loss on iteration 5360 = 0.3783974427729845
Training loss on iteration 5380 = 0.32908066511154177
Training loss on iteration 5400 = 0.35585475116968157
Training loss on iteration 5420 = 0.46548137776553633
Training loss on iteration 5440 = 0.31136356070637705
Training loss on iteration 5460 = 0.417721820063889
Training loss on iteration 5480 = 0.40894428817555306
Training loss on iteration 5500 = 0.3687605341896415
Training loss on iteration 5520 = 0.3991251066327095
Training loss on iteration 5540 = 0.3445177961140871
Training loss on iteration 5560 = 0.34890369083732364
Training loss on iteration 5580 = 0.3723076269030571
Training loss on iteration 5600 = 0.44949889071285726
### EVAL:: Epoch 15:: Loss = 0.3779759661371599 :: ACC = 0.8301820109559993, AUC = 0.6580097145662693, EER = 0.3968899098780703
Training on epoch 16
Training loss on iteration 0 = 0.49328985810279846
Training loss on iteration 20 = 0.4127057183533907
Training loss on iteration 40 = 0.6484047800302506
Training loss on iteration 60 = 0.48458044305443765
Training loss on iteration 80 = 0.35840760692954066
Training loss on iteration 100 = 0.3350958194583654
Training loss on iteration 120 = 0.533861893042922
Training loss on iteration 140 = 0.3671610277146101
Training loss on iteration 160 = 0.3053800255060196
Training loss on iteration 180 = 0.3491401456296444
Training loss on iteration 200 = 0.465098387375474
Training loss on iteration 220 = 0.3428605018183589
Training loss on iteration 240 = 0.41208592914044856
Training loss on iteration 260 = 0.4235843542963266
Training loss on iteration 280 = 0.3885824218392372
Training loss on iteration 300 = 0.2938838995993137
Training loss on iteration 320 = 0.2501902263611555
Training loss on iteration 340 = 0.3227213484235108
Training loss on iteration 360 = 0.3001924052834511
Training loss on iteration 380 = 0.16760355047881603
Training loss on iteration 400 = 0.3497554877772927
Training loss on iteration 420 = 0.3903116526082158
Training loss on iteration 440 = 0.34879830181598664
Training loss on iteration 460 = 0.23810842190869153
Training loss on iteration 480 = 0.3580992966890335
Training loss on iteration 500 = 0.38599841985851524
Training loss on iteration 520 = 0.29872723799198864
Training loss on iteration 540 = 0.2538132769986987
Training loss on iteration 560 = 0.24292795956134797
Training loss on iteration 580 = 0.4116763658821583
Training loss on iteration 600 = 0.31736936010420325
Training loss on iteration 620 = 0.35783889032900335
Training loss on iteration 640 = 0.3565399022307247
Training loss on iteration 660 = 0.2039031356573105
Training loss on iteration 680 = 0.17923586778342723
Training loss on iteration 700 = 0.23291570614092053
Training loss on iteration 720 = 0.3141037365421653
Training loss on iteration 740 = 0.22851592698134482
Training loss on iteration 760 = 0.2747675481718034
Training loss on iteration 780 = 0.33105613142251966
Training loss on iteration 800 = 0.23717454429715873
Training loss on iteration 820 = 0.3550979562103748
Training loss on iteration 840 = 0.2595349822193384
Training loss on iteration 860 = 0.31176875862292946
Training loss on iteration 880 = 0.2523742808029056
Training loss on iteration 900 = 0.2814383666962385
Training loss on iteration 920 = 0.34865161031484604
Training loss on iteration 940 = 0.24130298439413309
Training loss on iteration 960 = 0.26294988109730183
Training loss on iteration 980 = 0.2355115430429578
Training loss on iteration 1000 = 0.4598934777081013
Training loss on iteration 1020 = 0.2878712883219123
Training loss on iteration 1040 = 0.3167812000960112
Training loss on iteration 1060 = 0.2396782523021102
Training loss on iteration 1080 = 0.36950341761112215
Training loss on iteration 1100 = 0.3126552591100335
Training loss on iteration 1120 = 0.3256390023976564
Training loss on iteration 1140 = 0.33188585825264455
Training loss on iteration 1160 = 0.2417665272951126
Training loss on iteration 1180 = 0.2767312360461801
Training loss on iteration 1200 = 0.3329389180988073
Training loss on iteration 1220 = 0.25159219466149807
Training loss on iteration 1240 = 0.31097385650500653
Training loss on iteration 1260 = 0.22216460008639843
Training loss on iteration 1280 = 0.24608475025743246
Training loss on iteration 1300 = 0.2766076195985079
Training loss on iteration 1320 = 0.2793636055663228
Training loss on iteration 1340 = 0.25165025107562544
Training loss on iteration 1360 = 0.24885284695774318
Training loss on iteration 1380 = 0.3735263401642442
Training loss on iteration 1400 = 0.2892900881357491
Training loss on iteration 1420 = 0.2979097022674978
Training loss on iteration 1440 = 0.3386512494646013
Training loss on iteration 1460 = 0.3007866185158491
Training loss on iteration 1480 = 0.25389075493440033
Training loss on iteration 1500 = 0.20857802033424377
Training loss on iteration 1520 = 0.26292991722002623
Training loss on iteration 1540 = 0.19654080737382174
Training loss on iteration 1560 = 0.21499686306342483
Training loss on iteration 1580 = 0.3638385232537985
Training loss on iteration 1600 = 0.5179884064942598
Training loss on iteration 1620 = 0.3447324060834944
Training loss on iteration 1640 = 0.29435510602779685
Training loss on iteration 1660 = 0.22430366091430187
Training loss on iteration 1680 = 0.26645439080893996
Training loss on iteration 1700 = 0.19458698518574238
Training loss on iteration 1720 = 0.15443045129068195
Training loss on iteration 1740 = 0.17169512023683636
Training loss on iteration 1760 = 0.24170259349048137
Training loss on iteration 1780 = 0.27130739241838453
Training loss on iteration 1800 = 0.2388793454505503
Training loss on iteration 1820 = 0.23437690744176506
Training loss on iteration 1840 = 0.3425124345347285
Training loss on iteration 1860 = 0.2705491007072851
Training loss on iteration 1880 = 0.6174684161320328
Training loss on iteration 1900 = 0.3246132108382881
Training loss on iteration 1920 = 0.3219385107513517
Training loss on iteration 1940 = 0.2851809537038207
Training loss on iteration 1960 = 0.2457408444955945
Training loss on iteration 1980 = 0.1880588759901002
Training loss on iteration 2000 = 0.2275922443717718
Training loss on iteration 2020 = 0.16442082868888974
Training loss on iteration 2040 = 0.4359166298061609
Training loss on iteration 2060 = 0.267615370452404
Training loss on iteration 2080 = 0.23850412461906673
Training loss on iteration 2100 = 0.3833336986601353
Training loss on iteration 2120 = 0.41219122633337973
Training loss on iteration 2140 = 0.32340902597643434
Training loss on iteration 2160 = 0.27407750794664026
Training loss on iteration 2180 = 0.350420362316072
Training loss on iteration 2200 = 0.35102019645273685
Training loss on iteration 2220 = 0.3036741459742188
Training loss on iteration 2240 = 0.26379310991615057
Training loss on iteration 2260 = 0.22395946705946698
Training loss on iteration 2280 = 0.3208100884221494
Training loss on iteration 2300 = 0.31570392595604063
Training loss on iteration 2320 = 0.20209889325778932
Training loss on iteration 2340 = 0.35071837343275547
Training loss on iteration 2360 = 0.2263263488188386
Training loss on iteration 2380 = 0.5333831451833249
Training loss on iteration 2400 = 0.2900607127696276
Training loss on iteration 2420 = 0.2871882297098637
Training loss on iteration 2440 = 0.24713819064199924
Training loss on iteration 2460 = 0.30613824403844775
Training loss on iteration 2480 = 0.17084502670913934
Training loss on iteration 2500 = 0.2582892272621393
Training loss on iteration 2520 = 0.2903853688854724
Training loss on iteration 2540 = 0.2538268227130175
Training loss on iteration 2560 = 0.286403532885015
Training loss on iteration 2580 = 0.1815192590467632
Training loss on iteration 2600 = 0.20436281077563762
Training loss on iteration 2620 = 0.2184290456585586
Training loss on iteration 2640 = 0.29511997662484646
Training loss on iteration 2660 = 0.2842216996476054
Training loss on iteration 2680 = 0.2174221880733967
Training loss on iteration 2700 = 0.2188058067113161
Training loss on iteration 2720 = 0.1790109665133059
Training loss on iteration 2740 = 0.2493079342879355
Training loss on iteration 2760 = 0.26747763631865384
Training loss on iteration 2780 = 0.2876220282167196
Training loss on iteration 2800 = 0.17743681063875555
Training loss on iteration 2820 = 0.1785363859962672
Training loss on iteration 2840 = 0.30472675058990717
Training loss on iteration 2860 = 0.20324814207851888
Training loss on iteration 2880 = 0.24642261574044824
Training loss on iteration 2900 = 0.3228560036048293
Training loss on iteration 2920 = 0.32306139878928664
Training loss on iteration 2940 = 0.2857080718036741
Training loss on iteration 2960 = 0.44485976696014407
Training loss on iteration 2980 = 0.25082983560860156
Training loss on iteration 3000 = 0.253616429772228
Training loss on iteration 3020 = 0.22035389808006584
Training loss on iteration 3040 = 0.2450114892795682
Training loss on iteration 3060 = 0.35567443650215863
Training loss on iteration 3080 = 0.30273261573165655
Training loss on iteration 3100 = 0.3691350668668747
Training loss on iteration 3120 = 0.22768632611259818
Training loss on iteration 3140 = 0.4865564189851284
Training loss on iteration 3160 = 0.37255658134818076
Training loss on iteration 3180 = 0.34709016401320697
Training loss on iteration 3200 = 0.2251814493443817
Training loss on iteration 3220 = 0.19972254382446408
Training loss on iteration 3240 = 0.21916551077738405
Training loss on iteration 3260 = 0.4958981789648533
Training loss on iteration 3280 = 0.3764194052666426
Training loss on iteration 3300 = 0.15858054503332825
Training loss on iteration 3320 = 0.22626915611326695
Training loss on iteration 3340 = 0.20172009967500343
Training loss on iteration 3360 = 0.2382863700389862
Training loss on iteration 3380 = 0.33886083168908954
Training loss on iteration 3400 = 0.24374091066420078
Training loss on iteration 3420 = 0.23267683098092676
Training loss on iteration 3440 = 0.24471221975982188
Training loss on iteration 3460 = 0.13345449175685645
Training loss on iteration 3480 = 0.32731877053156494
Training loss on iteration 3500 = 0.21982733579352498
Training loss on iteration 3520 = 0.3294877308420837
Training loss on iteration 3540 = 0.23332096822559834
Training loss on iteration 3560 = 0.2189483905211091
Training loss on iteration 3580 = 0.2094695002771914
Training loss on iteration 3600 = 0.29612251836806536
Training loss on iteration 3620 = 0.22823087396100164
Training loss on iteration 3640 = 0.2545582750113681
Training loss on iteration 3660 = 0.16047852369956672
Training loss on iteration 3680 = 0.3108794329687953
Training loss on iteration 3700 = 0.3228037006221712
Training loss on iteration 3720 = 0.2025609040632844
Training loss on iteration 3740 = 0.3221529519185424
Training loss on iteration 3760 = 0.2998951256275177
Training loss on iteration 3780 = 0.2740380922332406
Training loss on iteration 3800 = 0.3038911087438464
Training loss on iteration 3820 = 0.27950293419416994
Training loss on iteration 3840 = 0.23520494252443314
Training loss on iteration 3860 = 0.23155155442655087
Training loss on iteration 3880 = 0.1900279378518462
Training loss on iteration 3900 = 0.2713560523465276
Training loss on iteration 3920 = 0.2165605565183796
Training loss on iteration 3940 = 0.22585521638393402
Training loss on iteration 3960 = 0.29300169376656415
Training loss on iteration 3980 = 0.26747142197564244
Training loss on iteration 4000 = 0.24957556277513504
Training loss on iteration 4020 = 0.2822807190939784
Training loss on iteration 4040 = 0.22300670137628914
Training loss on iteration 4060 = 0.2999123349785805
Training loss on iteration 4080 = 0.2559252042323351
Training loss on iteration 4100 = 0.13612678907811643
Training loss on iteration 4120 = 0.18174671506276355
Training loss on iteration 4140 = 0.32730771861970426
Training loss on iteration 4160 = 0.281391332205385
Training loss on iteration 4180 = 0.33375538885593414
Training loss on iteration 4200 = 0.21789943845942616
Training loss on iteration 4220 = 0.29331780448555944
Training loss on iteration 4240 = 0.2271422313526273
Training loss on iteration 4260 = 0.21047690343111752
Training loss on iteration 4280 = 0.29562849896028637
Training loss on iteration 4300 = 0.3150791317224503
Training loss on iteration 4320 = 0.2814653929322958
Training loss on iteration 4340 = 0.3495805825165007
Training loss on iteration 4360 = 0.2537322988733649
Training loss on iteration 4380 = 0.2746901843696833
Training loss on iteration 4400 = 0.2779223658144474
Training loss on iteration 4420 = 0.22037429343909026
Training loss on iteration 4440 = 0.31985423481091857
Training loss on iteration 4460 = 0.29181544929742814
Training loss on iteration 4480 = 0.2184109297581017
Training loss on iteration 4500 = 0.29475001320242883
Training loss on iteration 4520 = 0.3684039583429694
Training loss on iteration 4540 = 0.2906439395621419
Training loss on iteration 4560 = 0.29543184731155636
Training loss on iteration 4580 = 0.18674273537471892
Training loss on iteration 4600 = 0.29927970468997955
Training loss on iteration 4620 = 0.17382247569039463
Training loss on iteration 4640 = 0.15163461146876217
Training loss on iteration 4660 = 0.15521659376099706
Training loss on iteration 4680 = 0.29941425621509554
Training loss on iteration 4700 = 0.34495017006993295
Training loss on iteration 4720 = 0.2703755544498563
Training loss on iteration 4740 = 0.31530479767825453
Training loss on iteration 4760 = 0.18678912706673145
Training loss on iteration 4780 = 0.2977171128615737
Training loss on iteration 4800 = 0.35534798381850125
Training loss on iteration 4820 = 0.2745659537613392
Training loss on iteration 4840 = 0.26965315658599137
Training loss on iteration 4860 = 0.3335187114775181
Training loss on iteration 4880 = 0.29233445283025505
Training loss on iteration 4900 = 0.1813586102798581
Training loss on iteration 4920 = 0.40888276882469654
Training loss on iteration 4940 = 0.2767883090302348
Training loss on iteration 4960 = 0.23565348209813236
Training loss on iteration 4980 = 0.29571770813781767
Training loss on iteration 5000 = 0.2584424404427409
Training loss on iteration 5020 = 0.2364904075860977
Training loss on iteration 5040 = 0.3376925020478666
Training loss on iteration 5060 = 0.4283096894621849
Training loss on iteration 5080 = 0.36034425236284734
Training loss on iteration 5100 = 0.2945644399151206
Training loss on iteration 5120 = 0.35512272696942093
Training loss on iteration 5140 = 0.4976764708757401
Training loss on iteration 5160 = 0.3444065340794623
Training loss on iteration 5180 = 0.2955709662288427
Training loss on iteration 5200 = 0.2951956283301115
Training loss on iteration 5220 = 0.3190080026164651
Training loss on iteration 5240 = 0.2388937037438154
Training loss on iteration 5260 = 0.3330038201063871
Training loss on iteration 5280 = 0.3020907278172672
Training loss on iteration 5300 = 0.30666761426255107
Training loss on iteration 5320 = 0.32295488715171816
Training loss on iteration 5340 = 0.43672076649963854
Training loss on iteration 5360 = 0.39454299411736427
Training loss on iteration 5380 = 0.2335839243605733
Training loss on iteration 5400 = 0.24442716245539486
Training loss on iteration 5420 = 0.28204305889084935
Training loss on iteration 5440 = 0.39785063616000116
Training loss on iteration 5460 = 0.2540607111062855
Training loss on iteration 5480 = 0.15843637785874307
Training loss on iteration 5500 = 0.3103080790489912
Training loss on iteration 5520 = 0.23183464892208577
Training loss on iteration 5540 = 0.27820546384900807
Training loss on iteration 5560 = 0.26652055252343415
Training loss on iteration 5580 = 0.40122914463281634
Training loss on iteration 5600 = 0.41759768687188625
### EVAL:: Epoch 16:: Loss = 0.15690350527112049 :: ACC = 0.9393002297225658, AUC = 0.9573692848873016, EER = 0.10673263827531367
Training on epoch 17
Training loss on iteration 0 = 0.02482377365231514
Training loss on iteration 20 = 0.3916008438915014
Training loss on iteration 40 = 0.21658738944679498
Training loss on iteration 60 = 0.2641210831701756
Training loss on iteration 80 = 0.29649419654160736
Training loss on iteration 100 = 0.3278063448145986
Training loss on iteration 120 = 0.1872468875721097
Training loss on iteration 140 = 0.2787541869096458
Training loss on iteration 160 = 0.2928059631027281
Training loss on iteration 180 = 0.2455403469502926
Training loss on iteration 200 = 0.37752188108861445
Training loss on iteration 220 = 0.18549089189618825
Training loss on iteration 240 = 0.27922093719244
Training loss on iteration 260 = 0.18696499820798634
Training loss on iteration 280 = 0.501904909312725
Training loss on iteration 300 = 0.374464363604784
Training loss on iteration 320 = 0.27843718049116434
Training loss on iteration 340 = 0.2810013459995389
Training loss on iteration 360 = 0.28615748197771607
Training loss on iteration 380 = 0.1892381108365953
Training loss on iteration 400 = 0.2992013908922672
Training loss on iteration 420 = 0.2729125806130469
Training loss on iteration 440 = 0.2985077273100615
Training loss on iteration 460 = 0.20341909499838948
Training loss on iteration 480 = 0.29714031256735324
Training loss on iteration 500 = 0.4581054523587227
Training loss on iteration 520 = 0.31105761155486106
Training loss on iteration 540 = 0.26399989798665047
Training loss on iteration 560 = 0.2412175815552473
Training loss on iteration 580 = 0.30773640237748623
Training loss on iteration 600 = 0.23114020898938178
Training loss on iteration 620 = 0.3037560047581792
Training loss on iteration 640 = 0.252550339512527
Training loss on iteration 660 = 0.31613663686439397
Training loss on iteration 680 = 0.3339625235646963
Training loss on iteration 700 = 0.24909486407414078
Training loss on iteration 720 = 0.28643786497414114
Training loss on iteration 740 = 0.2571178136393428
Training loss on iteration 760 = 0.29704847880639135
Training loss on iteration 780 = 0.2946579560637474
Training loss on iteration 800 = 0.33895616717636584
Training loss on iteration 820 = 0.3063094519078732
Training loss on iteration 840 = 0.22943889843299986
Training loss on iteration 860 = 0.3268068578094244
Training loss on iteration 880 = 0.3559937812387943
Training loss on iteration 900 = 0.28607752211391924
Training loss on iteration 920 = 0.27930763028562067
Training loss on iteration 940 = 0.35842309333384037
Training loss on iteration 960 = 0.5344860136508942
Training loss on iteration 980 = 0.3165482690790668
Training loss on iteration 1000 = 0.27813667692244054
Training loss on iteration 1020 = 0.2351500105112791
Training loss on iteration 1040 = 0.24509328976273537
Training loss on iteration 1060 = 0.2367899774108082
Training loss on iteration 1080 = 0.33795489072799684
Training loss on iteration 1100 = 0.2974743967875838
Training loss on iteration 1120 = 0.2268841914832592
Training loss on iteration 1140 = 0.19355056751519442
Training loss on iteration 1160 = 0.3505793996155262
Training loss on iteration 1180 = 0.41121360696852205
Training loss on iteration 1200 = 0.49856213107705116
Training loss on iteration 1220 = 0.3825864318292588
Training loss on iteration 1240 = 0.629179822281003
Training loss on iteration 1260 = 0.38837319053709507
Training loss on iteration 1280 = 0.21327801709994673
Training loss on iteration 1300 = 0.284552110848017
Training loss on iteration 1320 = 0.22489002193324267
Training loss on iteration 1340 = 0.1961393208010122
Training loss on iteration 1360 = 0.17214993247762322
Training loss on iteration 1380 = 0.3039497606921941
Training loss on iteration 1400 = 0.28000845494680104
Training loss on iteration 1420 = 0.2901008194312453
Training loss on iteration 1440 = 0.2088731280528009
Training loss on iteration 1460 = 0.26397702991962435
Training loss on iteration 1480 = 0.22036519460380077
Training loss on iteration 1500 = 0.1816076438408345
Training loss on iteration 1520 = 0.15190365370362996
Training loss on iteration 1540 = 0.2874073594808578
Training loss on iteration 1560 = 0.29338503647595643
Training loss on iteration 1580 = 0.13688969775103033
Training loss on iteration 1600 = 0.21782793479505927
Training loss on iteration 1620 = 0.2169155220501125
Training loss on iteration 1640 = 0.11831448408775032
Training loss on iteration 1660 = 0.16915104461368174
Training loss on iteration 1680 = 0.3558575232047588
Training loss on iteration 1700 = 0.16474893214181066
Training loss on iteration 1720 = 0.23239333387464284
Training loss on iteration 1740 = 0.25756425131112337
Training loss on iteration 1760 = 0.19359448226168752
Training loss on iteration 1780 = 0.18373570470139383
Training loss on iteration 1800 = 0.1743966359877959
Training loss on iteration 1820 = 0.16341294506564735
Training loss on iteration 1840 = 0.2052963376045227
Training loss on iteration 1860 = 0.1665396701544523
Training loss on iteration 1880 = 0.1769707786850631
Training loss on iteration 1900 = 0.2145430113421753
Training loss on iteration 1920 = 0.24369600228965282
Training loss on iteration 1940 = 0.22887181313708424
Training loss on iteration 1960 = 0.19408296942710876
Training loss on iteration 1980 = 0.25655887741595507
Training loss on iteration 2000 = 0.2891850142739713
Training loss on iteration 2020 = 0.23389557488262652
Training loss on iteration 2040 = 0.2519332332536578
Training loss on iteration 2060 = 0.32004622630774976
Training loss on iteration 2080 = 0.16171557791531085
Training loss on iteration 2100 = 0.4540314134210348
Training loss on iteration 2120 = 0.3048356759827584
Training loss on iteration 2140 = 0.29690747391432526
Training loss on iteration 2160 = 0.2581901998724788
Training loss on iteration 2180 = 0.12993550861719996
Training loss on iteration 2200 = 0.11419462870107963
Training loss on iteration 2220 = 0.25745334969833494
Training loss on iteration 2240 = 0.17564824684523045
Training loss on iteration 2260 = 0.24270091960206627
Training loss on iteration 2280 = 0.23612345764413475
Training loss on iteration 2300 = 0.24204455534927546
Training loss on iteration 2320 = 0.22670840937644243
Training loss on iteration 2340 = 0.27307246159762144
Training loss on iteration 2360 = 0.1804436466190964
Training loss on iteration 2380 = 0.21271641934290528
Training loss on iteration 2400 = 0.25867351493798196
Training loss on iteration 2420 = 0.2847604504786432
Training loss on iteration 2440 = 0.2895373314619064
Training loss on iteration 2460 = 0.15952300713397563
Training loss on iteration 2480 = 0.2677811929024756
Training loss on iteration 2500 = 0.24948660358786584
Training loss on iteration 2520 = 0.2252160726580769
Training loss on iteration 2540 = 0.15309869502671064
Training loss on iteration 2560 = 0.35224218778312205
Training loss on iteration 2580 = 0.21293161492794752
Training loss on iteration 2600 = 0.1837967441417277
Training loss on iteration 2620 = 0.19184059975668788
Training loss on iteration 2640 = 0.3030833128839731
Training loss on iteration 2660 = 0.29532740600407126
Training loss on iteration 2680 = 0.15896770500112326
Training loss on iteration 2700 = 0.16233754667919129
Training loss on iteration 2720 = 0.2938962887041271
Training loss on iteration 2740 = 0.23772478941828012
Training loss on iteration 2760 = 0.20128188650123774
Training loss on iteration 2780 = 0.2636588695459068
Training loss on iteration 2800 = 0.2152218039147556
Training loss on iteration 2820 = 0.23296691346913576
Training loss on iteration 2840 = 0.2624934921972454
Training loss on iteration 2860 = 0.24548383080400527
Training loss on iteration 2880 = 0.2523995339870453
Training loss on iteration 2900 = 0.16120366570539774
Training loss on iteration 2920 = 0.2823311747983098
Training loss on iteration 2940 = 0.20407868169713766
Training loss on iteration 2960 = 0.20516276694834232
Training loss on iteration 2980 = 0.2915975202107802
Training loss on iteration 3000 = 0.24920539658050983
Training loss on iteration 3020 = 0.3043523439671844
Training loss on iteration 3040 = 0.1986201761290431
Training loss on iteration 3060 = 0.1899672919884324
Training loss on iteration 3080 = 0.2832580214366317
Training loss on iteration 3100 = 0.27254357393831014
Training loss on iteration 3120 = 0.24139961728360504
Training loss on iteration 3140 = 0.21155190635472537
Training loss on iteration 3160 = 0.2610833625309169
Training loss on iteration 3180 = 0.22097185240127146
Training loss on iteration 3200 = 0.3099116827826947
Training loss on iteration 3220 = 0.2590583823621273
Training loss on iteration 3240 = 0.29190564155578613
Training loss on iteration 3260 = 0.22740320852026344
Training loss on iteration 3280 = 0.30572031177580355
Training loss on iteration 3300 = 0.31598707251250746
Training loss on iteration 3320 = 0.3306370500707999
Training loss on iteration 3340 = 0.21649872921407223
Training loss on iteration 3360 = 0.2388664850499481
Training loss on iteration 3380 = 0.18078159186989068
Training loss on iteration 3400 = 0.24345936123281717
Training loss on iteration 3420 = 0.20635739879217
Training loss on iteration 3440 = 0.28244302747771144
Training loss on iteration 3460 = 0.19666358826798386
Training loss on iteration 3480 = 0.2542181463446468
Training loss on iteration 3500 = 0.2679319206625223
Training loss on iteration 3520 = 0.26365216784179213
Training loss on iteration 3540 = 0.26010280430782584
Training loss on iteration 3560 = 0.1518341490998864
Training loss on iteration 3580 = 0.23177493154071271
Training loss on iteration 3600 = 0.2865224726498127
Training loss on iteration 3620 = 0.3321973635815084
Training loss on iteration 3640 = 0.2888706256635487
Training loss on iteration 3660 = 0.23044225368648769
Training loss on iteration 3680 = 0.1802054480649531
Training loss on iteration 3700 = 0.3538554419763386
Training loss on iteration 3720 = 0.5605788949877024
Training loss on iteration 3740 = 0.48570990301668643
Training loss on iteration 3760 = 0.17093825815245509
Training loss on iteration 3780 = 0.2591389289358631
Training loss on iteration 3800 = 0.2553390174172819
Training loss on iteration 3820 = 0.19661823939532042
Training loss on iteration 3840 = 0.19190903208218515
Training loss on iteration 3860 = 0.2783511728513986
Training loss on iteration 3880 = 0.2179597987793386
Training loss on iteration 3900 = 0.28161610147217286
Training loss on iteration 3920 = 0.24821754079312086
Training loss on iteration 3940 = 0.15344979059882463
Training loss on iteration 3960 = 0.24362322385422885
Training loss on iteration 3980 = 0.18391260504722595
Training loss on iteration 4000 = 0.25682109473273157
Training loss on iteration 4020 = 0.26451960592530666
Training loss on iteration 4040 = 0.34109066147357225
Training loss on iteration 4060 = 0.21271728423889727
Training loss on iteration 4080 = 0.2760443415492773
Training loss on iteration 4100 = 0.21322752460837363
Training loss on iteration 4120 = 0.21225293427705766
Training loss on iteration 4140 = 0.30430432595312595
Training loss on iteration 4160 = 0.2177766814827919
Training loss on iteration 4180 = 0.29419355392456054
Training loss on iteration 4200 = 0.1930111801251769
Training loss on iteration 4220 = 0.26922304986510426
Training loss on iteration 4240 = 0.23212681729346513
Training loss on iteration 4260 = 0.1669215002679266
Training loss on iteration 4280 = 0.298962648678571
Training loss on iteration 4300 = 0.21559126782231033
Training loss on iteration 4320 = 0.2324457869399339
Training loss on iteration 4340 = 0.2509685677476227
Training loss on iteration 4360 = 0.15852250950410962
Training loss on iteration 4380 = 0.28021487975493076
Training loss on iteration 4400 = 0.21185522694140674
Training loss on iteration 4420 = 0.24891483201645315
Training loss on iteration 4440 = 0.21757941208779813
Training loss on iteration 4460 = 0.22114946655929088
Training loss on iteration 4480 = 0.18783643594942986
Training loss on iteration 4500 = 0.27763520868029445
Training loss on iteration 4520 = 0.32586116939783094
Training loss on iteration 4540 = 0.28882050681859256
Training loss on iteration 4560 = 0.20120091885328292
Training loss on iteration 4580 = 0.20499948360957204
Training loss on iteration 4600 = 0.20004919348284603
Training loss on iteration 4620 = 0.22861466826871038
Training loss on iteration 4640 = 0.26131941443309187
Training loss on iteration 4660 = 0.2187285331543535
Training loss on iteration 4680 = 0.13408588233869523
Training loss on iteration 4700 = 0.31324857510626314
Training loss on iteration 4720 = 0.23201669447589665
Training loss on iteration 4740 = 0.2845226745121181
Training loss on iteration 4760 = 0.2149243196938187
Training loss on iteration 4780 = 0.34046093951910733
Training loss on iteration 4800 = 0.3987737338989973
Training loss on iteration 4820 = 0.4209198921918869
Training loss on iteration 4840 = 0.16477544819936157
Training loss on iteration 4860 = 0.27361283227801325
Training loss on iteration 4880 = 0.1961734724114649
Training loss on iteration 4900 = 0.3014421294443309
Training loss on iteration 4920 = 0.22609881493262945
Training loss on iteration 4940 = 0.31817924408242104
Training loss on iteration 4960 = 0.22204234073869883
Training loss on iteration 4980 = 0.27167905573733153
Training loss on iteration 5000 = 0.20575549034401774
Training loss on iteration 5020 = 0.3833268892019987
Training loss on iteration 5040 = 0.38833562899380925
Training loss on iteration 5060 = 0.1935643119737506
Training loss on iteration 5080 = 0.1825178885483183
Training loss on iteration 5100 = 0.22116836635395884
Training loss on iteration 5120 = 0.24879406094551088
Training loss on iteration 5140 = 0.2953655464574695
Training loss on iteration 5160 = 0.2047056270763278
Training loss on iteration 5180 = 0.3301888811402023
Training loss on iteration 5200 = 0.17276353565976024
Training loss on iteration 5220 = 0.1872850401327014
Training loss on iteration 5240 = 0.13675129706971348
Training loss on iteration 5260 = 0.1320665243314579
Training loss on iteration 5280 = 0.28292910745367406
Training loss on iteration 5300 = 0.2106522958725691
Training loss on iteration 5320 = 0.17089817593805492
Training loss on iteration 5340 = 0.1573376973508857
Training loss on iteration 5360 = 0.1181980931898579
Training loss on iteration 5380 = 0.2369810630567372
Training loss on iteration 5400 = 0.2150317095220089
Training loss on iteration 5420 = 0.12071805514860898
Training loss on iteration 5440 = 0.19069339390844106
Training loss on iteration 5460 = 0.3030462199822068
Training loss on iteration 5480 = 0.2338422100059688
Training loss on iteration 5500 = 0.20791968796402216
Training loss on iteration 5520 = 0.2024163654074073
Training loss on iteration 5540 = 0.3281288089230657
Training loss on iteration 5560 = 0.21277859434485435
Training loss on iteration 5580 = 0.1570168406702578
Training loss on iteration 5600 = 0.2669082535430789
### EVAL:: Epoch 17:: Loss = 0.2745422557138304 :: ACC = 0.873387524297579, AUC = 0.9433956690549898, EER = 0.12511044354126172
Training on epoch 18
Training loss on iteration 0 = 0.23253664374351501
Training loss on iteration 20 = 0.19502994371578097
Training loss on iteration 40 = 0.26885074111633
Training loss on iteration 60 = 0.15185107103316114
Training loss on iteration 80 = 0.2264404384768568
Training loss on iteration 100 = 0.34431067695841194
Training loss on iteration 120 = 0.2574626233428717
Training loss on iteration 140 = 0.20729618980549275
Training loss on iteration 160 = 0.18898704778403044
Training loss on iteration 180 = 0.18578921901062131
Training loss on iteration 200 = 0.17282162457704545
Training loss on iteration 220 = 0.2468177958391607
Training loss on iteration 240 = 0.18804407478310167
Training loss on iteration 260 = 0.15953183786477892
Training loss on iteration 280 = 0.20167262558825313
Training loss on iteration 300 = 0.24410343044437469
Training loss on iteration 320 = 0.2937780281994492
Training loss on iteration 340 = 0.12343424037098885
Training loss on iteration 360 = 0.16230832778383047
Training loss on iteration 380 = 0.20475764609873295
Training loss on iteration 400 = 0.2786556689068675
Training loss on iteration 420 = 0.20611999314278365
Training loss on iteration 440 = 0.12890243916772307
Training loss on iteration 460 = 0.14018054521584417
Training loss on iteration 480 = 0.16500414297915994
Training loss on iteration 500 = 0.19237544247880578
Training loss on iteration 520 = 0.2001789292320609
Training loss on iteration 540 = 0.1959508336149156
Training loss on iteration 560 = 0.09220970303285866
Training loss on iteration 580 = 0.21329672276042402
Training loss on iteration 600 = 0.22094142376445233
Training loss on iteration 620 = 0.29040230475366113
Training loss on iteration 640 = 0.2106777417473495
Training loss on iteration 660 = 0.2844713043421507
Training loss on iteration 680 = 0.23646203558892012
Training loss on iteration 700 = 0.28185658557340504
Training loss on iteration 720 = 0.18793051755055784
Training loss on iteration 740 = 0.20687484038062393
Training loss on iteration 760 = 0.18476097214734183
Training loss on iteration 780 = 0.1424346239422448
Training loss on iteration 800 = 0.20270874153357
Training loss on iteration 820 = 0.11930520725436508
Training loss on iteration 840 = 0.1216201844625175
Training loss on iteration 860 = 0.17079559811390937
Training loss on iteration 880 = 0.2701878502499312
Training loss on iteration 900 = 0.33890494611114264
Training loss on iteration 920 = 0.20490248408168554
Training loss on iteration 940 = 0.2693259630352259
Training loss on iteration 960 = 0.20906289399135858
Training loss on iteration 980 = 0.2661364456289448
Training loss on iteration 1000 = 0.2302659058943391
Training loss on iteration 1020 = 0.2012020536698401
Training loss on iteration 1040 = 0.20849370276555418
Training loss on iteration 1060 = 0.1673756582196802
Training loss on iteration 1080 = 0.14665034762583673
Training loss on iteration 1100 = 0.2565735547337681
Training loss on iteration 1120 = 0.3528680097311735
Training loss on iteration 1140 = 0.20667720935307443
Training loss on iteration 1160 = 0.21374208373017609
Training loss on iteration 1180 = 0.33218049108982084
Training loss on iteration 1200 = 0.1869967899285257
Training loss on iteration 1220 = 0.28464186321943996
Training loss on iteration 1240 = 0.32031104937195776
Training loss on iteration 1260 = 0.32885986380279064
Training loss on iteration 1280 = 0.20726670483127235
Training loss on iteration 1300 = 0.26358428932726385
Training loss on iteration 1320 = 0.5519538052380085
Training loss on iteration 1340 = 0.5684193912893534
Training loss on iteration 1360 = 0.2645216262899339
Training loss on iteration 1380 = 0.301911947876215
Training loss on iteration 1400 = 0.30764130391180516
Training loss on iteration 1420 = 0.34234441332519056
Training loss on iteration 1440 = 0.2632774010766298
Training loss on iteration 1460 = 0.2928662088699639
Training loss on iteration 1480 = 0.2582334324717522
Training loss on iteration 1500 = 0.22349206511862577
Training loss on iteration 1520 = 0.19480579239316284
Training loss on iteration 1540 = 0.3353757305070758
Training loss on iteration 1560 = 0.2518306548008695
Training loss on iteration 1580 = 0.3796503799036145
Training loss on iteration 1600 = 0.24854345582425594
Training loss on iteration 1620 = 0.32395125976763667
Training loss on iteration 1640 = 0.37828736267983915
Training loss on iteration 1660 = 0.25594757879152896
Training loss on iteration 1680 = 0.25391112081706524
Training loss on iteration 1700 = 0.26694035474210975
Training loss on iteration 1720 = 0.33558658622205256
Training loss on iteration 1740 = 0.2770590461790562
Training loss on iteration 1760 = 0.24607901722192765
Training loss on iteration 1780 = 0.279257030878216
Training loss on iteration 1800 = 0.22175882384181023
Training loss on iteration 1820 = 0.21802279381081463
Training loss on iteration 1840 = 0.176546086743474
Training loss on iteration 1860 = 0.18956972956657409
Training loss on iteration 1880 = 0.1974839626811445
Training loss on iteration 1900 = 0.24148846296593546
Training loss on iteration 1920 = 0.2476476365700364
Training loss on iteration 1940 = 0.3274124416522682
Training loss on iteration 1960 = 0.22139164404943584
Training loss on iteration 1980 = 0.29012589138001205
Training loss on iteration 2000 = 0.15419941250584088
Training loss on iteration 2020 = 0.8913925006985665
Training loss on iteration 2040 = 2.1497718662023546
Training loss on iteration 2060 = 0.8835452705621719
Training loss on iteration 2080 = 0.5984047658741474
Training loss on iteration 2100 = 0.5075899433344603
Training loss on iteration 2120 = 0.37250636257231234
Training loss on iteration 2140 = 0.377547799795866
Training loss on iteration 2160 = 0.270717678591609
Training loss on iteration 2180 = 0.6891202159225941
Training loss on iteration 2200 = 1.1386225902475418
Training loss on iteration 2220 = 0.8261437155306339
Training loss on iteration 2240 = 0.4283191364258528
Training loss on iteration 2260 = 0.8059338241815567
Training loss on iteration 2280 = 0.539886586368084
Training loss on iteration 2300 = 0.4456929750740528
Training loss on iteration 2320 = 0.3195404876023531
Training loss on iteration 2340 = 0.2833176676183939
Training loss on iteration 2360 = 0.31968359332531693
Training loss on iteration 2380 = 0.32598273977637293
Training loss on iteration 2400 = 0.36105005256831646
Training loss on iteration 2420 = 0.2913506727665663
Training loss on iteration 2440 = 0.4315434109419584
Training loss on iteration 2460 = 0.3450955092906952
Training loss on iteration 2480 = 0.28721194453537463
Training loss on iteration 2500 = 0.31257322803139687
Training loss on iteration 2520 = 0.2843840021640062
Training loss on iteration 2540 = 0.330439792573452
Training loss on iteration 2560 = 0.42905008755624297
Training loss on iteration 2580 = 0.522115932777524
Training loss on iteration 2600 = 0.3052967147901654
Training loss on iteration 2620 = 0.3589175455272198
Training loss on iteration 2640 = 0.33486512433737514
Training loss on iteration 2660 = 0.32439924217760563
Training loss on iteration 2680 = 0.3434344070032239
Training loss on iteration 2700 = 0.5347266159951687
Training loss on iteration 2720 = 0.2624978804960847
Training loss on iteration 2740 = 0.3003148980438709
Training loss on iteration 2760 = 0.3886468645185232
Training loss on iteration 2780 = 0.37346660904586315
Training loss on iteration 2800 = 0.3387863243464381
Training loss on iteration 2820 = 0.33917648196220396
Training loss on iteration 2840 = 0.3439702341333032
Training loss on iteration 2860 = 0.2392338378354907
Training loss on iteration 2880 = 0.2971649566665292
Training loss on iteration 2900 = 0.6698067769408226
Training loss on iteration 2920 = 0.592862831801176
Training loss on iteration 2940 = 0.8746350049972534
Training loss on iteration 2960 = 0.5296146869659424
Training loss on iteration 2980 = 0.4015737112611532
Training loss on iteration 3000 = 0.28378804959356785
Training loss on iteration 3020 = 0.3067565619945526
Training loss on iteration 3040 = 0.29725769255310297
Training loss on iteration 3060 = 0.42504793517291545
Training loss on iteration 3080 = 0.4480184094980359
Training loss on iteration 3100 = 0.41413412913680075
Training loss on iteration 3120 = 0.3145584210753441
Training loss on iteration 3140 = 0.26853588279336693
Training loss on iteration 3160 = 0.27827441804111
Training loss on iteration 3180 = 0.37616518400609494
Training loss on iteration 3200 = 0.38886883482337
Training loss on iteration 3220 = 0.2751962173730135
Training loss on iteration 3240 = 0.34217807427048685
Training loss on iteration 3260 = 0.35050024800002577
Training loss on iteration 3280 = 0.294340093806386
Training loss on iteration 3300 = 0.3208040435798466
Training loss on iteration 3320 = 0.38608517721295355
Training loss on iteration 3340 = 0.2841181150171906
Training loss on iteration 3360 = 0.3409947421401739
Training loss on iteration 3380 = 0.23049674071371556
Training loss on iteration 3400 = 0.3343081114813685
Training loss on iteration 3420 = 0.33151510171592236
Training loss on iteration 3440 = 0.4063269292935729
Training loss on iteration 3460 = 0.2047140458598733
Training loss on iteration 3480 = 0.30138703994452953
Training loss on iteration 3500 = 0.42433790285140277
Training loss on iteration 3520 = 0.3785662420094013
Training loss on iteration 3540 = 0.3774380449205637
Training loss on iteration 3560 = 0.3160124056041241
Training loss on iteration 3580 = 1.1869026131927967
Training loss on iteration 3600 = 1.526711918413639
Training loss on iteration 3620 = 0.7659369826316833
Training loss on iteration 3640 = 0.5720532272011042
Training loss on iteration 3660 = 0.4839973531663418
Training loss on iteration 3680 = 0.39905617386102676
Training loss on iteration 3700 = 0.49930483363568784
Training loss on iteration 3720 = 0.5160555981099606
Training loss on iteration 3740 = 0.5287464804947376
Training loss on iteration 3760 = 0.373922398686409
Training loss on iteration 3780 = 0.32671781405806544
Training loss on iteration 3800 = 0.42779304888099434
Training loss on iteration 3820 = 0.3365600947290659
Training loss on iteration 3840 = 0.36976590249687435
Training loss on iteration 3860 = 0.2849401574581861
Training loss on iteration 3880 = 0.2900469649583101
Training loss on iteration 3900 = 0.41885468233376744
Training loss on iteration 3920 = 0.28904860019683837
Training loss on iteration 3940 = 0.33208824172616
Training loss on iteration 3960 = 0.31699456870555875
Training loss on iteration 3980 = 0.2585327740758657
Training loss on iteration 4000 = 0.35883946204558015
Training loss on iteration 4020 = 0.3077388808131218
Training loss on iteration 4040 = 0.2750931735150516
Training loss on iteration 4060 = 0.30475913640111685
Training loss on iteration 4080 = 0.41762384697794913
Training loss on iteration 4100 = 0.3103979017585516
Training loss on iteration 4120 = 0.2813023405149579
Training loss on iteration 4140 = 0.2930062605068088
Training loss on iteration 4160 = 0.39318823646754025
Training loss on iteration 4180 = 0.5772136375308037
Training loss on iteration 4200 = 0.4916495971381664
Training loss on iteration 4220 = 0.3443391363834962
Training loss on iteration 4240 = 0.3216740220785141
Training loss on iteration 4260 = 0.28082287050783633
Training loss on iteration 4280 = 0.2994864361360669
Training loss on iteration 4300 = 0.2558974104002118
Training loss on iteration 4320 = 0.2539616659283638
Training loss on iteration 4340 = 0.30421176375821235
Training loss on iteration 4360 = 0.27278259452432396
Training loss on iteration 4380 = 0.35214925464242697
Training loss on iteration 4400 = 0.2917002195492387
Training loss on iteration 4420 = 0.27739853067323567
Training loss on iteration 4440 = 0.22038411181420087
Training loss on iteration 4460 = 0.26855045957490803
Training loss on iteration 4480 = 0.2479669615626335
Training loss on iteration 4500 = 0.20431517921388148
Training loss on iteration 4520 = 0.3181813437491655
Training loss on iteration 4540 = 0.24207949358969927
Training loss on iteration 4560 = 0.3292572733014822
Training loss on iteration 4580 = 0.4116131830960512
Training loss on iteration 4600 = 0.3066991394385695
Training loss on iteration 4620 = 0.2711655840277672
Training loss on iteration 4640 = 0.3647083969786763
Training loss on iteration 4660 = 0.23295977897942066
Training loss on iteration 4680 = 0.2846085329540074
Training loss on iteration 4700 = 0.27847198136150836
Training loss on iteration 4720 = 0.3050781309604645
Training loss on iteration 4740 = 0.2534989150241017
Training loss on iteration 4760 = 0.3141505427658558
Training loss on iteration 4780 = 0.24639586564153432
Training loss on iteration 4800 = 0.25096833799034357
Training loss on iteration 4820 = 0.2413514856249094
Training loss on iteration 4840 = 0.323497012257576
Training loss on iteration 4860 = 0.3671042025089264
Training loss on iteration 4880 = 0.3307676887139678
Training loss on iteration 4900 = 0.3683608420193195
Training loss on iteration 4920 = 0.27205614317208526
Training loss on iteration 4940 = 0.19395119920372964
Training loss on iteration 4960 = 0.2802555532194674
Training loss on iteration 4980 = 0.29794714618474244
Training loss on iteration 5000 = 0.2814275882206857
Training loss on iteration 5020 = 0.30612900322303177
Training loss on iteration 5040 = 0.30148167070001364
Training loss on iteration 5060 = 0.3150536444038153
Training loss on iteration 5080 = 0.3717407640069723
Training loss on iteration 5100 = 0.30430782698094844
Training loss on iteration 5120 = 0.23528616572730243
Training loss on iteration 5140 = 0.33304447345435617
Training loss on iteration 5160 = 0.35006335005164146
Training loss on iteration 5180 = 0.22303653727285563
Training loss on iteration 5200 = 0.36790620908141136
Training loss on iteration 5220 = 0.28361323922872544
Training loss on iteration 5240 = 0.27844263557344673
Training loss on iteration 5260 = 0.24838270116597413
Training loss on iteration 5280 = 0.2532738891430199
Training loss on iteration 5300 = 0.26033184956759214
Training loss on iteration 5320 = 0.3021400136873126
Training loss on iteration 5340 = 0.26835353672504425
Training loss on iteration 5360 = 0.26705746781080963
Training loss on iteration 5380 = 0.24075958840548992
Training loss on iteration 5400 = 0.398200399428606
Training loss on iteration 5420 = 0.3167054563760757
Training loss on iteration 5440 = 0.3339165151119232
Training loss on iteration 5460 = 0.31608738731592895
Training loss on iteration 5480 = 0.27956777401268484
Training loss on iteration 5500 = 0.20535063482820987
Training loss on iteration 5520 = 0.20657847728580236
Training loss on iteration 5540 = 0.2481746720150113
Training loss on iteration 5560 = 0.340816089976579
Training loss on iteration 5580 = 0.4572121179662645
Training loss on iteration 5600 = 0.6131232142448425
### EVAL:: Epoch 18:: Loss = 0.2952295269088655 :: ACC = 0.8710902986393356, AUC = 0.7643249976478784, EER = 0.30482417388231137
Training on epoch 19
Training loss on iteration 0 = 0.36107656359672546
Training loss on iteration 20 = 0.6636945441365242
Training loss on iteration 40 = 1.6532788664102553
Training loss on iteration 60 = 0.5091057784855366
Training loss on iteration 80 = 0.4297261260449886
Training loss on iteration 100 = 0.4629356570541859
Training loss on iteration 120 = 0.5773802362382412
Training loss on iteration 140 = 0.36782871522009375
Training loss on iteration 160 = 0.300391829200089
Training loss on iteration 180 = 0.3719198413193226
Training loss on iteration 200 = 0.42745670974254607
Training loss on iteration 220 = 0.49979542531073096
Training loss on iteration 240 = 0.429832699149847
Training loss on iteration 260 = 0.41521202847361566
Training loss on iteration 280 = 0.4429815668612719
Training loss on iteration 300 = 0.38666488882154226
Training loss on iteration 320 = 0.43551783375442027
Training loss on iteration 340 = 0.3821813024580479
Training loss on iteration 360 = 0.3793480541557074
Training loss on iteration 380 = 0.5217505797743798
Training loss on iteration 400 = 0.3484073641244322
Training loss on iteration 420 = 0.6775366812944412
Training loss on iteration 440 = 0.39635274559259415
Training loss on iteration 460 = 0.31237341463565826
Training loss on iteration 480 = 0.38453212678432463
Training loss on iteration 500 = 0.2743273565545678
Training loss on iteration 520 = 0.27280960269272325
Training loss on iteration 540 = 0.2696237172931433
Training loss on iteration 560 = 0.38527868166565893
Training loss on iteration 580 = 0.34726619236171247
Training loss on iteration 600 = 0.24821581952273847
Training loss on iteration 620 = 0.3574297595769167
Training loss on iteration 640 = 0.38004091158509257
Training loss on iteration 660 = 0.32546329163014887
Training loss on iteration 680 = 0.35402011349797247
Training loss on iteration 700 = 0.28036528937518596
Training loss on iteration 720 = 0.27341603823006155
Training loss on iteration 740 = 0.3554711524397135
Training loss on iteration 760 = 0.33963694199919703
Training loss on iteration 780 = 0.2438209753483534
Training loss on iteration 800 = 0.34483272563666106
Training loss on iteration 820 = 0.9224092964082956
Training loss on iteration 840 = 0.6491441257297993
Training loss on iteration 860 = 0.6511633299291134
Training loss on iteration 880 = 0.5636418253183365
Training loss on iteration 900 = 0.7632001638412476
Training loss on iteration 920 = 0.3452927162870765
Training loss on iteration 940 = 0.4420935411006212
Training loss on iteration 960 = 0.5742124317213892
Training loss on iteration 980 = 0.45367021216079595
Training loss on iteration 1000 = 0.29094498241320255
Training loss on iteration 1020 = 0.25133854150772095
Training loss on iteration 1040 = 0.3129541534930468
Training loss on iteration 1060 = 0.3660836532711983
Training loss on iteration 1080 = 0.3023583909496665
Training loss on iteration 1100 = 0.5611989628523588
Training loss on iteration 1120 = 0.46959691904485223
Training loss on iteration 1140 = 0.4758302747271955
Training loss on iteration 1160 = 0.5248819284141064
Training loss on iteration 1180 = 0.5548454239033163
Training loss on iteration 1200 = 0.4339891488896683
Training loss on iteration 1220 = 0.4227518742904067
Training loss on iteration 1240 = 0.4106334589421749
Training loss on iteration 1260 = 0.5017757967114449
Training loss on iteration 1280 = 0.3349920347332954
Training loss on iteration 1300 = 0.36774076595902444
Training loss on iteration 1320 = 0.41949526146054267
Training loss on iteration 1340 = 0.3849601298570633
Training loss on iteration 1360 = 0.38710228595882656
Training loss on iteration 1380 = 0.5293043227866292
Training loss on iteration 1400 = 0.7205476962029934
Training loss on iteration 1420 = 0.5237637277692556
Training loss on iteration 1440 = 0.4432338673621416
Training loss on iteration 1460 = 0.24346572067588568
Training loss on iteration 1480 = 0.4220062209293246
Training loss on iteration 1500 = 0.31827935185283424
Training loss on iteration 1520 = 0.2984760320745409
Training loss on iteration 1540 = 0.19673194382339715
Training loss on iteration 1560 = 0.32711344757117333
Training loss on iteration 1580 = 0.1970462031662464
Training loss on iteration 1600 = 0.24309392082504927
Training loss on iteration 1620 = 0.5386108200997114
Training loss on iteration 1640 = 0.32133448868989944
Training loss on iteration 1660 = 0.2738620676100254
Training loss on iteration 1680 = 0.21101319761946796
Training loss on iteration 1700 = 0.2524988554418087
Training loss on iteration 1720 = 0.23718245392665266
Training loss on iteration 1740 = 0.28662797533907
Training loss on iteration 1760 = 0.41711787693202496
Training loss on iteration 1780 = 0.3108583974186331
Training loss on iteration 1800 = 0.21025786977261304
Training loss on iteration 1820 = 0.23161179795861245
Training loss on iteration 1840 = 0.251415603607893
Training loss on iteration 1860 = 0.23649707939475775
Training loss on iteration 1880 = 0.2323209811002016
Training loss on iteration 1900 = 0.3412132043391466
Training loss on iteration 1920 = 0.25064008235931395
Training loss on iteration 1940 = 0.2589267000555992
Training loss on iteration 1960 = 0.3388602785766125
Training loss on iteration 1980 = 0.3291635924950242
Training loss on iteration 2000 = 0.24100339598953724
Training loss on iteration 2020 = 0.2732114869169891
Training loss on iteration 2040 = 0.28537938455119727
Training loss on iteration 2060 = 0.16576331174001097
Training loss on iteration 2080 = 0.24165629949420692
Training loss on iteration 2100 = 0.2907976178452373
Training loss on iteration 2120 = 0.29957663305103777
Training loss on iteration 2140 = 0.21007649637758732
Training loss on iteration 2160 = 0.4529551204293966
Training loss on iteration 2180 = 0.31502758208662274
Training loss on iteration 2200 = 0.2649665862321854
Training loss on iteration 2220 = 0.3514753937721252
Training loss on iteration 2240 = 0.3089707453269511
Training loss on iteration 2260 = 0.3935562573373318
Training loss on iteration 2280 = 0.35691846776753666
Training loss on iteration 2300 = 0.3442703738808632
Training loss on iteration 2320 = 0.1971017312258482
Training loss on iteration 2340 = 0.2236729869619012
Training loss on iteration 2360 = 0.26692075764294715
Training loss on iteration 2380 = 0.2795738074928522
Training loss on iteration 2400 = 0.24189465250819922
Training loss on iteration 2420 = 0.22033027186989784
Training loss on iteration 2440 = 0.2370594922453165
Training loss on iteration 2460 = 0.381493866071105
Training loss on iteration 2480 = 0.22361458241939544
Training loss on iteration 2500 = 0.23754822490736843
Training loss on iteration 2520 = 0.285309886559844
Training loss on iteration 2540 = 0.2577053947374225
Training loss on iteration 2560 = 0.23867096165195106
Training loss on iteration 2580 = 0.23036167109385133
Training loss on iteration 2600 = 0.23880064664408565
Training loss on iteration 2620 = 0.18092534122988582
Training loss on iteration 2640 = 0.34765929440036414
Training loss on iteration 2660 = 0.3296390318311751
Training loss on iteration 2680 = 0.2832974321208894
Training loss on iteration 2700 = 0.27341122180223465
Training loss on iteration 2720 = 0.5888926368206739
Training loss on iteration 2740 = 0.2667272225022316
Training loss on iteration 2760 = 0.49150735400617124
Training loss on iteration 2780 = 0.6280450580641628
Training loss on iteration 2800 = 0.4692233950830996
Training loss on iteration 2820 = 0.43171901553869246
Training loss on iteration 2840 = 0.2882533106952906
Training loss on iteration 2860 = 0.3024358667433262
Training loss on iteration 2880 = 0.33587538097053765
Training loss on iteration 2900 = 0.36900115199387074
Training loss on iteration 2920 = 0.36659889984875915
Training loss on iteration 2940 = 0.27927698474377394
Training loss on iteration 2960 = 0.21991339651867747
Training loss on iteration 2980 = 0.1656563239172101
Training loss on iteration 3000 = 0.28820959152653813
Training loss on iteration 3020 = 0.2436653914861381
Training loss on iteration 3040 = 0.2559462556149811
Training loss on iteration 3060 = 0.28172698938287793
Training loss on iteration 3080 = 0.25245551094412805
Training loss on iteration 3100 = 0.21074093766510488
Training loss on iteration 3120 = 0.23919919990003108
Training loss on iteration 3140 = 0.1988364165648818
Training loss on iteration 3160 = 0.21095395018346608
Training loss on iteration 3180 = 0.14413920808583497
Training loss on iteration 3200 = 0.305131278373301
Training loss on iteration 3220 = 0.2794978586956859
Training loss on iteration 3240 = 0.2093777609989047
Training loss on iteration 3260 = 0.3181877452880144
Training loss on iteration 3280 = 0.345153222233057
Training loss on iteration 3300 = 0.2162601249292493
Training loss on iteration 3320 = 0.23551958575844764
Training loss on iteration 3340 = 0.34683542773127557
Training loss on iteration 3360 = 0.32272708909586073
Training loss on iteration 3380 = 0.25184208415448667
Training loss on iteration 3400 = 0.2494068168103695
Training loss on iteration 3420 = 0.30641819797456266
Training loss on iteration 3440 = 0.36075008995831015
Training loss on iteration 3460 = 0.24694673428311945
Training loss on iteration 3480 = 0.25496321320533755
Training loss on iteration 3500 = 0.24569518640637397
Training loss on iteration 3520 = 0.27098015788942575
Training loss on iteration 3540 = 0.4010829536244273
Training loss on iteration 3560 = 0.3292683072388172
Training loss on iteration 3580 = 0.2274114082567394
Training loss on iteration 3600 = 0.27554589610081165
Training loss on iteration 3620 = 0.2413561310619116
Training loss on iteration 3640 = 0.27240578578785063
Training loss on iteration 3660 = 0.2796728748828173
Training loss on iteration 3680 = 0.2785866318270564
Training loss on iteration 3700 = 0.22310125306248665
Training loss on iteration 3720 = 0.24855405348353088
Training loss on iteration 3740 = 0.2282386338338256
Training loss on iteration 3760 = 0.20334989009425045
Training loss on iteration 3780 = 0.25547110764309766
Training loss on iteration 3800 = 0.2936049807816744
Training loss on iteration 3820 = 0.2671226897276938
Training loss on iteration 3840 = 0.32751254008617253
Training loss on iteration 3860 = 0.32529408633708956
Training loss on iteration 3880 = 0.26465105526149274
Training loss on iteration 3900 = 0.2332218760624528
Training loss on iteration 3920 = 0.22782086655497552
Training loss on iteration 3940 = 0.23010579887777566
Training loss on iteration 3960 = 0.17335846666246651
Training loss on iteration 3980 = 0.2124802738893777
Training loss on iteration 4000 = 0.29373574126511814
Training loss on iteration 4020 = 0.39344285763800146
Training loss on iteration 4040 = 0.2213490229099989
Training loss on iteration 4060 = 0.19576225986238568
Training loss on iteration 4080 = 0.23409674409776926
Training loss on iteration 4100 = 0.2771275999955833
Training loss on iteration 4120 = 0.32313617104664444
Training loss on iteration 4140 = 0.42651546113193034
Training loss on iteration 4160 = 0.30102251544594766
Training loss on iteration 4180 = 0.32196638314053416
Training loss on iteration 4200 = 0.32042855033650997
Training loss on iteration 4220 = 0.16527416575700044
Training loss on iteration 4240 = 0.2645683499053121
Training loss on iteration 4260 = 0.35621486213058234
Training loss on iteration 4280 = 0.2954164305701852
Training loss on iteration 4300 = 0.2032939632423222
Training loss on iteration 4320 = 0.26519010551273825
Training loss on iteration 4340 = 0.35511539559811356
Training loss on iteration 4360 = 0.23629694366827608
Training loss on iteration 4380 = 0.26019889982417227
Training loss on iteration 4400 = 0.2538602503016591
Training loss on iteration 4420 = 0.19126406237483023
Training loss on iteration 4440 = 0.197859745164169
Training loss on iteration 4460 = 0.15429647197015584
Training loss on iteration 4480 = 0.23072286769747735
Training loss on iteration 4500 = 0.2632071270607412
Training loss on iteration 4520 = 0.39085686234757305
Training loss on iteration 4540 = 0.2509927060455084
Training loss on iteration 4560 = 0.2148121103644371
Training loss on iteration 4580 = 0.31753968968987467
Training loss on iteration 4600 = 0.47936609480530024
Training loss on iteration 4620 = 0.5302248921245336
Training loss on iteration 4640 = 0.29903530068695544
Training loss on iteration 4660 = 0.3134902880527079
Training loss on iteration 4680 = 0.20092932637780905
Training loss on iteration 4700 = 0.2990791517309844
Training loss on iteration 4720 = 0.2702541908249259
Training loss on iteration 4740 = 0.275022476632148
Training loss on iteration 4760 = 0.3174288526177406
Training loss on iteration 4780 = 0.41396862976253035
Training loss on iteration 4800 = 0.2433720205910504
Training loss on iteration 4820 = 0.3058596238493919
Training loss on iteration 4840 = 0.21711661419831216
Training loss on iteration 4860 = 0.29764867704361675
Training loss on iteration 4880 = 0.24290829384699464
Training loss on iteration 4900 = 0.21989998137578368
Training loss on iteration 4920 = 0.2740859574638307
Training loss on iteration 4940 = 0.1927822982892394
Training loss on iteration 4960 = 0.21825151992961764
Training loss on iteration 4980 = 0.3038886020891368
Training loss on iteration 5000 = 0.22266510738991202
Training loss on iteration 5020 = 0.24998883628286422
Training loss on iteration 5040 = 0.24928317684680223
Training loss on iteration 5060 = 0.31649683351861313
Training loss on iteration 5080 = 0.3031559564173222
Training loss on iteration 5100 = 0.40634496249258517
Training loss on iteration 5120 = 0.2802198622841388
Training loss on iteration 5140 = 0.2358034231700003
Training loss on iteration 5160 = 0.24608696214854717
Training loss on iteration 5180 = 0.3071928950957954
Training loss on iteration 5200 = 0.3279539078939706
Training loss on iteration 5220 = 0.23932113144546746
Training loss on iteration 5240 = 0.21791214626282454
Training loss on iteration 5260 = 0.32201699260622263
Training loss on iteration 5280 = 0.24330442666541785
Training loss on iteration 5300 = 0.26532982487697154
Training loss on iteration 5320 = 0.28192179488250985
Training loss on iteration 5340 = 0.24868902983143926
Training loss on iteration 5360 = 0.24659254401922226
Training loss on iteration 5380 = 0.21638200944289565
Training loss on iteration 5400 = 0.31910773999989034
Training loss on iteration 5420 = 0.3490295115858316
Training loss on iteration 5440 = 0.20757509265094995
Training loss on iteration 5460 = 0.28776966240257024
Training loss on iteration 5480 = 0.18044675923883916
Training loss on iteration 5500 = 0.275292577361688
Training loss on iteration 5520 = 0.311845644004643
Training loss on iteration 5540 = 0.2692648898810148
Training loss on iteration 5560 = 0.2529143282212317
Training loss on iteration 5580 = 0.3245527738705277
Training loss on iteration 5600 = 0.3806985082803294
### EVAL:: Epoch 19:: Loss = 0.18558615856398145 :: ACC = 0.9258702951051423, AUC = 0.946704751934946, EER = 0.12528715320728043
Training on epoch 20
Training loss on iteration 0 = 0.6402466893196106
Training loss on iteration 20 = 0.3063065128400922
Training loss on iteration 40 = 0.3242662358097732
Training loss on iteration 60 = 0.2576504861935973
Training loss on iteration 80 = 0.26117978766560557
Training loss on iteration 100 = 0.16648241141811013
Training loss on iteration 120 = 0.1994716267567128
Training loss on iteration 140 = 0.2555102076847106
Training loss on iteration 160 = 0.24953673556447029
Training loss on iteration 180 = 0.252733071311377
Training loss on iteration 200 = 0.2814488146454096
Training loss on iteration 220 = 0.19885037299245595
Training loss on iteration 240 = 0.3276565561303869
Training loss on iteration 260 = 0.22675078809261323
Training loss on iteration 280 = 0.2802689449395984
Training loss on iteration 300 = 0.2023640309460461
Training loss on iteration 320 = 0.2559966826811433
Training loss on iteration 340 = 0.24425719637074508
Training loss on iteration 360 = 0.2605770995374769
Training loss on iteration 380 = 0.3719100462272763
Training loss on iteration 400 = 0.2685807880014181
Training loss on iteration 420 = 0.1799770341720432
Training loss on iteration 440 = 0.22360044063534587
Training loss on iteration 460 = 0.24988605035468936
Training loss on iteration 480 = 0.27742216233164074
Training loss on iteration 500 = 0.3599800931289792
Training loss on iteration 520 = 0.2786163751035929
Training loss on iteration 540 = 0.21246866188012065
Training loss on iteration 560 = 0.20551942718448118
Training loss on iteration 580 = 0.2891449482645839
Training loss on iteration 600 = 0.30983120426535604
Training loss on iteration 620 = 0.24123299345374108
Training loss on iteration 640 = 0.27817135201767085
Training loss on iteration 660 = 0.3416892226785421
Training loss on iteration 680 = 0.3602473597973585
Training loss on iteration 700 = 0.257099343277514
Training loss on iteration 720 = 0.2682862048968673
Training loss on iteration 740 = 0.29152794405817983
Training loss on iteration 760 = 0.25646325647830964
Training loss on iteration 780 = 0.15018941086018459
Training loss on iteration 800 = 0.19369987109676004
Training loss on iteration 820 = 0.36479012239724395
Training loss on iteration 840 = 0.31082759238779545
Training loss on iteration 860 = 0.3272953079431318
Training loss on iteration 880 = 0.2638498461805284
Training loss on iteration 900 = 0.32549717044457793
Training loss on iteration 920 = 0.2713003004901111
Training loss on iteration 940 = 0.2428395208902657
Training loss on iteration 960 = 0.31727185593917967
Training loss on iteration 980 = 0.16789894476532935
Training loss on iteration 1000 = 0.2308108104392886
Training loss on iteration 1020 = 0.27761766500771046
Training loss on iteration 1040 = 0.24160924782045184
Training loss on iteration 1060 = 0.24868672592565416
Training loss on iteration 1080 = 0.21530905533581973
Training loss on iteration 1100 = 0.22022615098394455
Training loss on iteration 1120 = 0.29031499330885707
Training loss on iteration 1140 = 0.2216216528788209
Training loss on iteration 1160 = 0.2804706791415811
Training loss on iteration 1180 = 0.2390901836566627
Training loss on iteration 1200 = 0.2220188814215362
Training loss on iteration 1220 = 0.22381190941669046
Training loss on iteration 1240 = 0.26657323809340594
Training loss on iteration 1260 = 0.17173877542372792
Training loss on iteration 1280 = 0.2095204381737858
Training loss on iteration 1300 = 0.19812447978183628
Training loss on iteration 1320 = 0.3520714815706015
Training loss on iteration 1340 = 0.20368905989453195
Training loss on iteration 1360 = 0.1841397057287395
Training loss on iteration 1380 = 0.29577407212927936
Training loss on iteration 1400 = 0.2530457775108516
Training loss on iteration 1420 = 0.3942206908017397
Training loss on iteration 1440 = 0.2770415361970663
Training loss on iteration 1460 = 0.3611892805434763
Training loss on iteration 1480 = 0.30324246499221774
Training loss on iteration 1500 = 0.276051489636302
Training loss on iteration 1520 = 0.36771441539749505
Training loss on iteration 1540 = 0.18464135471731424
Training loss on iteration 1560 = 0.19931287728250027
Training loss on iteration 1580 = 0.2132250963244587
Training loss on iteration 1600 = 0.19736115043051541
Training loss on iteration 1620 = 0.1914292007451877
Training loss on iteration 1640 = 0.36456595864146946
Training loss on iteration 1660 = 0.2966233851388097
Training loss on iteration 1680 = 0.22610397208482028
Training loss on iteration 1700 = 0.23810240221209825
Training loss on iteration 1720 = 0.22764334548264742
Training loss on iteration 1740 = 0.30941307069733737
Training loss on iteration 1760 = 0.39633329398930073
Training loss on iteration 1780 = 0.3794303398579359
Training loss on iteration 1800 = 0.5697735453955829
Training loss on iteration 1820 = 0.3372065094765276
Training loss on iteration 1840 = 0.2918377979658544
Training loss on iteration 1860 = 0.2696244527120143
Training loss on iteration 1880 = 0.21314153673592956
Training loss on iteration 1900 = 0.2238258701749146
Training loss on iteration 1920 = 0.17114424165920356
Training loss on iteration 1940 = 0.4201621251006145
Training loss on iteration 1960 = 0.35954639976844194
Training loss on iteration 1980 = 0.2532709192368202
Training loss on iteration 2000 = 0.28166848407126965
Training loss on iteration 2020 = 0.28791263294406233
Training loss on iteration 2040 = 0.20760194822214545
Training loss on iteration 2060 = 0.23426436139270662
Training loss on iteration 2080 = 0.295923026651144
Training loss on iteration 2100 = 0.21727031245827674
Training loss on iteration 2120 = 0.21590455817058682
Training loss on iteration 2140 = 0.221417072461918
Training loss on iteration 2160 = 0.30156695591285826
Training loss on iteration 2180 = 0.20727723240852355
Training loss on iteration 2200 = 0.26131850983947513
Training loss on iteration 2220 = 0.1507007016800344
Training loss on iteration 2240 = 0.22214932944625615
Training loss on iteration 2260 = 0.24266367144882678
Training loss on iteration 2280 = 0.22710368442349135
Training loss on iteration 2300 = 0.3157249676994979
Training loss on iteration 2320 = 0.16935436171479523
Training loss on iteration 2340 = 0.26961878980509935
Training loss on iteration 2360 = 0.23839481216855346
Training loss on iteration 2380 = 0.21831454690545798
Training loss on iteration 2400 = 0.13966018492355942
Training loss on iteration 2420 = 0.1771761918673292
Training loss on iteration 2440 = 0.21374370707198978
Training loss on iteration 2460 = 0.2436498922179453
Training loss on iteration 2480 = 0.2749575886875391
Training loss on iteration 2500 = 0.16755138994194568
Training loss on iteration 2520 = 0.3580355691723526
Training loss on iteration 2540 = 0.2827643459197134
Training loss on iteration 2560 = 0.3052401184104383
Training loss on iteration 2580 = 0.2267130883410573
Training loss on iteration 2600 = 0.2801919132936746
Training loss on iteration 2620 = 0.28243986796587706
Training loss on iteration 2640 = 0.31433243239298464
Training loss on iteration 2660 = 0.14021577835083007
Training loss on iteration 2680 = 0.2733346431516111
Training loss on iteration 2700 = 0.3141143980668858
Training loss on iteration 2720 = 0.29372930745594206
Training loss on iteration 2740 = 0.2451553387567401
Training loss on iteration 2760 = 0.22477422042284162
Training loss on iteration 2780 = 0.16588694732636214
Training loss on iteration 2800 = 0.18306227792054414
Training loss on iteration 2820 = 0.2827644707635045
Training loss on iteration 2840 = 0.29412659741938113
Training loss on iteration 2860 = 0.2482293715700507
Training loss on iteration 2880 = 0.20498612546361983
Training loss on iteration 2900 = 0.25777342412620785
Training loss on iteration 2920 = 0.2917245142161846
Training loss on iteration 2940 = 0.15751728229224682
Training loss on iteration 2960 = 0.17703675511293113
Training loss on iteration 2980 = 0.184930750541389
Training loss on iteration 3000 = 0.1712650904431939
Training loss on iteration 3020 = 0.23413027448114007
Training loss on iteration 3040 = 0.3179152407683432
Training loss on iteration 3060 = 0.2568434651941061
Training loss on iteration 3080 = 0.26727105476893487
Training loss on iteration 3100 = 0.21739061488769948
Training loss on iteration 3120 = 0.22092653503641485
Training loss on iteration 3140 = 0.186611482873559
Training loss on iteration 3160 = 0.1815943826921284
Training loss on iteration 3180 = 0.264547934057191
Training loss on iteration 3200 = 0.32660858035087587
Training loss on iteration 3220 = 0.23500600159168245
Training loss on iteration 3240 = 0.26688467697240414
Training loss on iteration 3260 = 0.26262843497097493
Training loss on iteration 3280 = 0.1952970888465643
Training loss on iteration 3300 = 0.16351891662925483
Training loss on iteration 3320 = 0.24145800285041333
Training loss on iteration 3340 = 0.16941058840602635
Training loss on iteration 3360 = 0.37409539707005024
Training loss on iteration 3380 = 0.3142093795351684
Training loss on iteration 3400 = 0.1734441160224378
Training loss on iteration 3420 = 0.23684154907241464
Training loss on iteration 3440 = 0.2988908503204584
Training loss on iteration 3460 = 0.2152914084494114
Training loss on iteration 3480 = 0.1886162997689098
Training loss on iteration 3500 = 0.2265821235254407
Training loss on iteration 3520 = 0.22894224742194638
Training loss on iteration 3540 = 0.22539729606360198
Training loss on iteration 3560 = 0.28920870535075666
Training loss on iteration 3580 = 0.371575059928
Training loss on iteration 3600 = 0.5706144299707375
Training loss on iteration 3620 = 0.8288781756069511
Training loss on iteration 3640 = 0.47261277846992017
Training loss on iteration 3660 = 0.30829584058374165
Training loss on iteration 3680 = 0.26180414836853744
Training loss on iteration 3700 = 0.6652683044783771
Training loss on iteration 3720 = 0.9441533013246953
Training loss on iteration 3740 = 0.5345648941583931
Training loss on iteration 3760 = 0.27104638805612924
Training loss on iteration 3780 = 0.2402946243993938
Training loss on iteration 3800 = 0.32926014692056926
Training loss on iteration 3820 = 0.36373401395976546
Training loss on iteration 3840 = 0.27423435542732477
Training loss on iteration 3860 = 0.237495725043118
Training loss on iteration 3880 = 0.18018702247645707
Training loss on iteration 3900 = 0.18910279902629554
Training loss on iteration 3920 = 0.27223969525657593
Training loss on iteration 3940 = 0.19089284366928042
Training loss on iteration 3960 = 0.36366120651364325
Training loss on iteration 3980 = 0.17043277844786645
Training loss on iteration 4000 = 0.2512389615410939
Training loss on iteration 4020 = 0.19626025576144457
Training loss on iteration 4040 = 0.24263396044261754
Training loss on iteration 4060 = 0.22749367281794547
Training loss on iteration 4080 = 0.32807314144447447
Training loss on iteration 4100 = 0.29532703207805755
Training loss on iteration 4120 = 0.28730443455278876
Training loss on iteration 4140 = 0.31057404093444346
Training loss on iteration 4160 = 0.19096868694759905
Training loss on iteration 4180 = 0.15169153148308395
Training loss on iteration 4200 = 0.22246953297872096
Training loss on iteration 4220 = 0.23039417676627635
Training loss on iteration 4240 = 0.2726935556624085
Training loss on iteration 4260 = 0.32685208301991225
Training loss on iteration 4280 = 0.16886369930580258
Training loss on iteration 4300 = 0.2338861727155745
Training loss on iteration 4320 = 0.17717418661341072
Training loss on iteration 4340 = 0.2184960928745568
Training loss on iteration 4360 = 0.15041105514392256
Training loss on iteration 4380 = 0.21821361389011146
Training loss on iteration 4400 = 0.2548671488650143
Training loss on iteration 4420 = 0.2722786756232381
Training loss on iteration 4440 = 0.30658569546649234
Training loss on iteration 4460 = 0.22592245964333416
Training loss on iteration 4480 = 0.22808038123184815
Training loss on iteration 4500 = 0.22646434446796776
Training loss on iteration 4520 = 0.2320742848329246
Training loss on iteration 4540 = 0.17482236553914846
Training loss on iteration 4560 = 0.3726349171251059
Training loss on iteration 4580 = 0.3245103766210377
Training loss on iteration 4600 = 0.30847676414996383
Training loss on iteration 4620 = 0.30691927541047337
Training loss on iteration 4640 = 0.1774503425695002
Training loss on iteration 4660 = 0.1841759284026921
Training loss on iteration 4680 = 0.22896262519061567
Training loss on iteration 4700 = 0.2245379724772647
Training loss on iteration 4720 = 0.2576160244643688
Training loss on iteration 4740 = 0.20447642281651496
Training loss on iteration 4760 = 0.20749705713242292
Training loss on iteration 4780 = 0.23823181497864426
Training loss on iteration 4800 = 0.2454251367598772
Training loss on iteration 4820 = 0.1854606670967769
Training loss on iteration 4840 = 0.20753158901352436
Training loss on iteration 4860 = 0.2287246539723128
Training loss on iteration 4880 = 0.26911790296435356
Training loss on iteration 4900 = 0.21714229902718216
Training loss on iteration 4920 = 0.23819717499427498
Training loss on iteration 4940 = 0.20842971615493297
Training loss on iteration 4960 = 0.21426795194856824
Training loss on iteration 4980 = 0.33524874970316887
Training loss on iteration 5000 = 0.162832597468514
Training loss on iteration 5020 = 0.29176350254565475
Training loss on iteration 5040 = 0.22636840753257276
Training loss on iteration 5060 = 0.261633826373145
Training loss on iteration 5080 = 0.24898701938800513
Training loss on iteration 5100 = 0.30520287416293285
Training loss on iteration 5120 = 0.3170250440016389
Training loss on iteration 5140 = 0.26950713628903034
Training loss on iteration 5160 = 0.22809738675132393
Training loss on iteration 5180 = 0.31197871919721365
Training loss on iteration 5200 = 0.3839075488271192
Training loss on iteration 5220 = 0.2903325601422694
Training loss on iteration 5240 = 0.22267363499850035
Training loss on iteration 5260 = 0.19534112770925277
Training loss on iteration 5280 = 0.2619274800643325
Training loss on iteration 5300 = 0.23048329863231629
Training loss on iteration 5320 = 0.25521909203380344
Training loss on iteration 5340 = 0.24028873220086097
Training loss on iteration 5360 = 0.22943592481315137
Training loss on iteration 5380 = 0.18300811909139156
Training loss on iteration 5400 = 0.14199063959531485
Training loss on iteration 5420 = 0.1747348891571164
Training loss on iteration 5440 = 0.2443036448676139
Training loss on iteration 5460 = 0.21774942204356193
Training loss on iteration 5480 = 0.2857145719230175
Training loss on iteration 5500 = 0.23813191591762006
Training loss on iteration 5520 = 0.22204150494653732
Training loss on iteration 5540 = 0.2948258048854768
Training loss on iteration 5560 = 0.2481439602561295
Training loss on iteration 5580 = 0.19238536646589638
Training loss on iteration 5600 = 0.32213909053243694
### EVAL:: Epoch 20:: Loss = 0.14369239499609401 :: ACC = 0.950698003180774, AUC = 0.958162620419175, EER = 0.1138010249160629
### Out of domain:: Best epoch 1 :: ACC = 0.22036193879315313, AUC = 0.08908973414656839, EER = 0.8275603711601637
recorded: {'exp_name': 'ru_septr_r02', 'model': 'septr', 'train': 'commonvoice-ru', 'test': 'mailabs-ru', 'in_acc': 0.9829475172291925, 'in_auc': 0.996434611599867, 'in_eer': 0.03021735288920304, 'cross_acc': 0.22036193879315313, 'cross_auc': 0.08908973414656839, 'cross_eer': 0.8275603711601637}

Done. Results -> /project/home/p201284/guo/xmad-bench-repro/results_ru_septr_r02.csv
Done (ru_septr_r02). Metrics -> /project/home/p201284/guo/xmad-bench-repro/results_ru_septr_r02.csv ; logs/checkpoints under detection/experiments/.
