>> activated env: /project/home/p201284/guo/xmad-bench-repro/venv/bin/activate  (Python 3.13.12)
>> torch 2.12.0+cu132 | CUDA available: True
Applying resumable-training patch...
  patched: /project/home/p201284/guo/xmad-bench-repro/detection/trainer.py
  trainer.py is valid Python.
Done. Killed runs now continue from their last completed epoch.
>> Generating configs for: en  (models: resnet18,resnet50,septr,ast, tag=node2_en, GPU=1)
Wrote 4 configs to /project/home/p201284/guo/xmad-bench-repro/repro_tools/stepB/configs_node2_en/  (languages: en)
RECOVERED en_ast_r01: complete on disk, no retraining needed
recorded: {'exp_name': 'en_ast_r01', 'model': 'ast', 'train': 'commonvoice-en', 'test': 'mailabs-en', 'in_acc': 0.9990172220142269, 'in_auc': 0.9999854749790482, 'in_eer': 0.0009359790340696368, 'cross_acc': 0.6930964978584027, 'cross_auc': 0.8901509398772713, 'cross_eer': 0.1923406399596876}
RESUME en_ast_r02: found latest_checkpoint.pkl, continuing from the last completed epoch
root_path: /project/home/p201284/guo/xmad_data
multilingual: True  model check for config: /project/home/p201284/guo/xmad-bench-repro/repro_tools/stepB/configs_node2_en/config_en_ast.json

  OK  commonvoice-en       rows=96368    sep=','
  OK  mailabs-en           rows=39690    sep=','

PRE-FLIGHT PASSED — data layout looks correct for this config.

=== RUN en_ast_r02 (model=ast) ===

Loading weights:   0%|          | 0/199 [00:00<?, ?it/s]
Loading weights:   6%|▌         | 12/199 [00:00<00:01, 110.21it/s]
Loading weights:  18%|█▊        | 36/199 [00:00<00:01, 148.35it/s]
Loading weights:  26%|██▌       | 52/199 [00:00<00:00, 148.57it/s]
Loading weights:  34%|███▎      | 67/199 [00:00<00:00, 141.07it/s]
Loading weights:  47%|████▋     | 94/199 [00:00<00:00, 166.03it/s]
Loading weights:  56%|█████▌    | 111/199 [00:00<00:00, 141.24it/s]
Loading weights:  64%|██████▍   | 128/199 [00:00<00:00, 145.49it/s]
Loading weights:  73%|███████▎  | 146/199 [00:01<00:00, 134.34it/s]
Loading weights:  81%|████████  | 161/199 [00:01<00:00, 132.89it/s]
Loading weights: 100%|██████████| 199/199 [00:01<00:00, 171.84it/s]
[transformers] [1mASTModel LOAD REPORT[0m from: MIT/ast-finetuned-audioset-10-10-0.4593
Key                         | Status     |  | 
----------------------------+------------+--+-
classifier.layernorm.weight | UNEXPECTED |  | 
classifier.layernorm.bias   | UNEXPECTED |  | 
classifier.dense.bias       | UNEXPECTED |  | 
classifier.dense.weight     | UNEXPECTED |  | 

Notes:
- UNEXPECTED:	can be ignored when loading from different task/architecture; not ok if you expect identical arch.
HTTP Error 504 thrown while requesting HEAD https://huggingface.co/MIT/ast-finetuned-audioset-10-10-0.4593/resolve/main/processor_config.json
Retrying in 1s [Retry 1/5].
HTTP Error 504 thrown while requesting HEAD https://huggingface.co/MIT/ast-finetuned-audioset-10-10-0.4593/resolve/main/processor_config.json
Retrying in 2s [Retry 2/5].
HTTP Error 504 thrown while requesting HEAD https://huggingface.co/MIT/ast-finetuned-audioset-10-10-0.4593/resolve/main/processor_config.json
Retrying in 4s [Retry 3/5].
HTTP Error 504 thrown while requesting HEAD https://huggingface.co/MIT/ast-finetuned-audioset-10-10-0.4593/resolve/main/processor_config.json
Retrying in 8s [Retry 4/5].
HTTP Error 504 thrown while requesting HEAD https://huggingface.co/MIT/ast-finetuned-audioset-10-10-0.4593/resolve/main/processor_config.json
Retrying in 8s [Retry 5/5].
HTTP Error 504 thrown while requesting HEAD https://huggingface.co/MIT/ast-finetuned-audioset-10-10-0.4593/resolve/main/processor_config.json
/mnt/tier2/project/p201284/guo/xmad-bench-repro/venv/lib/python3.13/site-packages/transformers/audio_utils.py:704: UserWarning: At least one mel filter has all zero values. The value for `num_mel_filters` (128) may be set too high. Or, the value for `num_frequency_bins` (257) may be set too low.
  warnings.warn(
commonvoice-en
HTTP Error 504 thrown while requesting HEAD https://huggingface.co/MIT/ast-finetuned-audioset-10-10-0.4593/resolve/main/processor_config.json
Retrying in 1s [Retry 1/5].
HTTP Error 504 thrown while requesting HEAD https://huggingface.co/MIT/ast-finetuned-audioset-10-10-0.4593/resolve/main/processor_config.json
Retrying in 2s [Retry 2/5].
HTTP Error 504 thrown while requesting HEAD https://huggingface.co/MIT/ast-finetuned-audioset-10-10-0.4593/resolve/main/processor_config.json
Retrying in 4s [Retry 3/5].
HTTP Error 504 thrown while requesting HEAD https://huggingface.co/MIT/ast-finetuned-audioset-10-10-0.4593/resolve/main/processor_config.json
Retrying in 8s [Retry 4/5].
HTTP Error 504 thrown while requesting HEAD https://huggingface.co/MIT/ast-finetuned-audioset-10-10-0.4593/resolve/main/processor_config.json
Retrying in 8s [Retry 5/5].
HTTP Error 504 thrown while requesting HEAD https://huggingface.co/MIT/ast-finetuned-audioset-10-10-0.4593/resolve/main/processor_config.json
/mnt/tier2/project/p201284/guo/xmad-bench-repro/venv/lib/python3.13/site-packages/transformers/audio_utils.py:704: UserWarning: At least one mel filter has all zero values. The value for `num_mel_filters` (128) may be set too high. Or, the value for `num_frequency_bins` (257) may be set too low.
  warnings.warn(
commonvoice-en
HTTP Error 504 thrown while requesting HEAD https://huggingface.co/MIT/ast-finetuned-audioset-10-10-0.4593/resolve/main/processor_config.json
Retrying in 1s [Retry 1/5].
HTTP Error 504 thrown while requesting HEAD https://huggingface.co/MIT/ast-finetuned-audioset-10-10-0.4593/resolve/main/processor_config.json
Retrying in 2s [Retry 2/5].
HTTP Error 504 thrown while requesting HEAD https://huggingface.co/MIT/ast-finetuned-audioset-10-10-0.4593/resolve/main/processor_config.json
Retrying in 4s [Retry 3/5].
HTTP Error 504 thrown while requesting HEAD https://huggingface.co/MIT/ast-finetuned-audioset-10-10-0.4593/resolve/main/processor_config.json
Retrying in 8s [Retry 4/5].
HTTP Error 504 thrown while requesting HEAD https://huggingface.co/MIT/ast-finetuned-audioset-10-10-0.4593/resolve/main/processor_config.json
Retrying in 8s [Retry 5/5].
HTTP Error 504 thrown while requesting HEAD https://huggingface.co/MIT/ast-finetuned-audioset-10-10-0.4593/resolve/main/processor_config.json
/mnt/tier2/project/p201284/guo/xmad-bench-repro/venv/lib/python3.13/site-packages/transformers/audio_utils.py:704: UserWarning: At least one mel filter has all zero values. The value for `num_mel_filters` (128) may be set too high. Or, the value for `num_frequency_bins` (257) may be set too low.
  warnings.warn(
### RESUME:: checkpoint at epoch 10; continuing at epoch 11 of 20 (best ACC so far = 0.9981280419318608)
Training on epoch 11
Training loss on iteration 0 = 0.002565764356404543
Training loss on iteration 20 = 0.017757971231367263
Training loss on iteration 40 = 0.002978919437009608
Training loss on iteration 60 = 0.006399424032201751
Training loss on iteration 80 = 0.000649815741940074
Training loss on iteration 100 = 0.0054590663042290545
Training loss on iteration 120 = 0.04228567404297223
Training loss on iteration 140 = 0.006045424341562011
Training loss on iteration 160 = 0.0026034295292447496
Training loss on iteration 180 = 0.007288410741136886
Training loss on iteration 200 = 0.027297560537999744
Training loss on iteration 220 = 0.010927134036410279
Training loss on iteration 240 = 0.003720904677334147
Training loss on iteration 260 = 0.0035704868224840426
Training loss on iteration 280 = 0.0024432635422726888
Training loss on iteration 300 = 0.0015968855328139854
Training loss on iteration 320 = 0.013679030834305194
Training loss on iteration 340 = 0.017384967609939395
Training loss on iteration 360 = 0.008693455988520782
Training loss on iteration 380 = 0.0025918183337864777
Training loss on iteration 400 = 0.027831565883857934
Training loss on iteration 420 = 0.020527867420696566
Training loss on iteration 440 = 0.003847460194708674
Training loss on iteration 460 = 0.02162634889937749
Training loss on iteration 480 = 0.05323541915815895
Training loss on iteration 500 = 0.007041235299402615
Training loss on iteration 520 = 0.0016980931843136205
Training loss on iteration 540 = 0.030477991302177543
Training loss on iteration 560 = 0.010098497603576107
Training loss on iteration 580 = 0.005963804094426451
Training loss on iteration 600 = 0.01366654001058123
Training loss on iteration 620 = 0.0011288956870430412
Training loss on iteration 640 = 0.011476264949993719
Training loss on iteration 660 = 0.007744259951095955
Training loss on iteration 680 = 0.04023299559730731
Training loss on iteration 700 = 0.01597837814824743
Training loss on iteration 720 = 0.0043481385398990826
Training loss on iteration 740 = 0.021418108304351334
Training loss on iteration 760 = 0.004006239027603442
Training loss on iteration 780 = 0.04680425950423341
Training loss on iteration 800 = 0.02274775617515843
Training loss on iteration 820 = 0.013992652175511466
Training loss on iteration 840 = 0.0017178035657707369
Training loss on iteration 860 = 0.0043343632001779046
Training loss on iteration 880 = 0.0038712454046617496
Training loss on iteration 900 = 0.008616970233288158
Training loss on iteration 920 = 0.004134845360454165
Training loss on iteration 940 = 0.001477915372561256
Training loss on iteration 960 = 0.007211978371196892
Training loss on iteration 980 = 0.017298406146437628
Training loss on iteration 1000 = 0.038309692289658415
Training loss on iteration 1020 = 0.017005808997419082
Training loss on iteration 1040 = 0.004387571459665196
Training loss on iteration 1060 = 0.017165006579307373
Training loss on iteration 1080 = 0.008659655577139347
Training loss on iteration 1100 = 0.0011418799138482427
Training loss on iteration 1120 = 0.005542353236933195
Training loss on iteration 1140 = 0.00018300303645446547
Training loss on iteration 1160 = 0.017934812024213896
Training loss on iteration 1180 = 0.001214782351416943
Training loss on iteration 1200 = 0.01642421121505322
Training loss on iteration 1220 = 0.008239530486571311
Training loss on iteration 1240 = 0.01149017819616347
Training loss on iteration 1260 = 0.0015769531256410118
Training loss on iteration 1280 = 0.0007102300486849344
Training loss on iteration 1300 = 0.01917368765325591
Training loss on iteration 1320 = 0.01228554636145418
Training loss on iteration 1340 = 0.00572296098298466
Training loss on iteration 1360 = 0.009411878631999571
Training loss on iteration 1380 = 0.0006610559461933008
Training loss on iteration 1400 = 0.006938688531022308
Training loss on iteration 1420 = 0.019673947100955047
Training loss on iteration 1440 = 0.013296306941651893
Training loss on iteration 1460 = 0.008964201606249843
Training loss on iteration 1480 = 0.017157171471103537
Training loss on iteration 1500 = 0.012537334120042942
Training loss on iteration 1520 = 0.005239800169147202
Training loss on iteration 1540 = 0.019744798378997074
Training loss on iteration 1560 = 0.040884310773253676
Training loss on iteration 1580 = 0.012306001676188316
Training loss on iteration 1600 = 0.0029236641550596685
Training loss on iteration 1620 = 0.008705837332672672
Training loss on iteration 1640 = 0.017372773269926256
Training loss on iteration 1660 = 0.010838568863255205
Training loss on iteration 1680 = 0.01806439591457547
Training loss on iteration 1700 = 0.01352505421200476
Training loss on iteration 1720 = 0.03093230971289813
Training loss on iteration 1740 = 0.032076406381384
Training loss on iteration 1760 = 0.011682120527984808
Training loss on iteration 1780 = 0.014748450502520428
Training loss on iteration 1800 = 0.011730747282854281
Training loss on iteration 1820 = 0.03267250512180908
Training loss on iteration 1840 = 0.021832540421382874
Training loss on iteration 1860 = 0.015412173495928983
Training loss on iteration 1880 = 0.03698613903761725
Training loss on iteration 1900 = 0.016123402737139258
Training loss on iteration 1920 = 0.016217363931264116
Training loss on iteration 1940 = 0.014005099967107526
Training loss on iteration 1960 = 0.018065777624360634
Training loss on iteration 1980 = 0.015409026767429168
Training loss on iteration 2000 = 0.013296713097361135
Training loss on iteration 2020 = 0.038607470687384196
Training loss on iteration 2040 = 0.006356681131364894
Training loss on iteration 2060 = 0.0009126477867539507
Training loss on iteration 2080 = 0.01783101061180332
Training loss on iteration 2100 = 0.012080196418810373
Training loss on iteration 2120 = 0.01908313265930701
Training loss on iteration 2140 = 0.001595655905566673
Training loss on iteration 2160 = 0.002132159303118897
Training loss on iteration 2180 = 0.016902807621841022
Training loss on iteration 2200 = 0.0011250331904648192
Training loss on iteration 2220 = 0.008022678665383864
Training loss on iteration 2240 = 0.03471556376998706
Training loss on iteration 2260 = 0.02790148417395244
Training loss on iteration 2280 = 0.011824574512320395
Training loss on iteration 2300 = 0.004131333246505164
Training loss on iteration 2320 = 0.02754505799872504
Training loss on iteration 2340 = 0.020249122232235094
Training loss on iteration 2360 = 0.022805185100150994
Training loss on iteration 2380 = 0.004114160310200532
Training loss on iteration 2400 = 0.010565320102659825
Training loss on iteration 2420 = 0.017916254964552535
Training loss on iteration 2440 = 0.011529805766633672
Training loss on iteration 2460 = 0.0042338524212937045
Training loss on iteration 2480 = 0.0008946756144069922
Training loss on iteration 2500 = 0.031061776938759066
Training loss on iteration 2520 = 0.028358743117951234
Training loss on iteration 2540 = 0.014682831811160212
Training loss on iteration 2560 = 0.03379901210328171
Training loss on iteration 2580 = 0.00518652484197446
Training loss on iteration 2600 = 0.017405794360593065
Training loss on iteration 2620 = 0.02249465640049948
Training loss on iteration 2640 = 0.0011325517907607718
Training loss on iteration 2660 = 0.044467753337266915
Training loss on iteration 2680 = 0.009472668269154383
Training loss on iteration 2700 = 0.01916650873463368
Training loss on iteration 2720 = 0.020294106411097346
Training loss on iteration 2740 = 0.026565730192032788
Training loss on iteration 2760 = 0.015884937930309206
Training loss on iteration 2780 = 0.03622989824502838
Training loss on iteration 2800 = 0.03827754135618307
Training loss on iteration 2820 = 0.008280688423838
Training loss on iteration 2840 = 0.05387044903545757
Training loss on iteration 2860 = 0.012315587240664172
Training loss on iteration 2880 = 0.007821612257612288
Training loss on iteration 2900 = 0.003260802502063598
Training loss on iteration 2920 = 0.00814920717948553
Training loss on iteration 2940 = 0.0008166628477738414
Training loss on iteration 2960 = 0.08467247839162155
Training loss on iteration 2980 = 0.03408836239250377
Training loss on iteration 3000 = 0.011054346212767996
Training loss on iteration 3020 = 0.01875600902385486
Training loss on iteration 3040 = 0.013235106929641915
Training loss on iteration 3060 = 0.029591182145668426
Training loss on iteration 3080 = 0.006356511558988131
Training loss on iteration 3100 = 0.00962111202570668
Training loss on iteration 3120 = 0.00770779893409781
Training loss on iteration 3140 = 0.004498834913283645
Training loss on iteration 3160 = 0.0021459722872350538
Training loss on iteration 3180 = 0.026100550531418777
Training loss on iteration 3200 = 0.03559567129263996
Training loss on iteration 3220 = 0.024631248288642382
Training loss on iteration 3240 = 0.009612196972921084
Training loss on iteration 3260 = 0.029935997006214167
Training loss on iteration 3280 = 0.003617820551880868
Training loss on iteration 3300 = 0.02283476741940831
Training loss on iteration 3320 = 0.006108544599919696
Training loss on iteration 3340 = 0.006582878989320307
Training loss on iteration 3360 = 0.014463550537038827
Training loss on iteration 3380 = 0.02379758563147334
Training loss on iteration 3400 = 0.024342122098551043
Training loss on iteration 3420 = 0.016336338634141613
Training loss on iteration 3440 = 0.01940678022388056
Training loss on iteration 3460 = 0.017643849820433388
Training loss on iteration 3480 = 0.04391140380575962
Training loss on iteration 3500 = 0.03143935749903903
Training loss on iteration 3520 = 0.03575762457257951
Training loss on iteration 3540 = 0.023347558501700404
Training loss on iteration 3560 = 0.03367187270123395
Training loss on iteration 3580 = 0.01949094274896197
Training loss on iteration 3600 = 0.006273772807981004
Training loss on iteration 3620 = 0.00602497287013648
Training loss on iteration 3640 = 0.006027125158516356
Training loss on iteration 3660 = 0.0015926966613733385
Training loss on iteration 3680 = 0.002967596628127467
Training loss on iteration 3700 = 0.0461612334260451
Training loss on iteration 3720 = 0.018401750413613627
Training loss on iteration 3740 = 0.02368031505002364
Training loss on iteration 3760 = 0.017754536507163722
Training loss on iteration 3780 = 0.013495930479984963
Training loss on iteration 3800 = 0.006468675855103356
Training loss on iteration 3820 = 0.04825410481080326
Training loss on iteration 3840 = 0.0031978487266314916
Training loss on iteration 3860 = 0.006271662922517862
Training loss on iteration 3880 = 0.006251875214002211
Training loss on iteration 3900 = 0.003510939583338768
Training loss on iteration 3920 = 0.01278334844910205
Training loss on iteration 3940 = 0.013434792927819217
Training loss on iteration 3960 = 0.029764708572838573
Training loss on iteration 3980 = 0.000983130962094947
Training loss on iteration 4000 = 0.0012815887720535103
Training loss on iteration 4020 = 0.007990424210140646
Training loss on iteration 4040 = 0.014629738036001072
Training loss on iteration 4060 = 0.0031688253034985792
Training loss on iteration 4080 = 0.016898787811669536
Training loss on iteration 4100 = 0.05471141694698076
Training loss on iteration 4120 = 0.025811379235528877
Training loss on iteration 4140 = 0.011470063922024565
Training loss on iteration 4160 = 0.0200975247002134
Training loss on iteration 4180 = 0.03922126272009337
Training loss on iteration 4200 = 0.011958260059509484
Training loss on iteration 4220 = 0.00904388156341156
Training loss on iteration 4240 = 0.0033550198805187394
Training loss on iteration 4260 = 0.008899131622865753
Training loss on iteration 4280 = 0.00983214710881839
Training loss on iteration 4300 = 0.012044996122375551
Training loss on iteration 4320 = 0.012438036344792635
Training loss on iteration 4340 = 0.01585277797562412
Training loss on iteration 4360 = 0.01125542056561244
Training loss on iteration 4380 = 0.005933491969381066
Training loss on iteration 4400 = 0.03421248793365521
Training loss on iteration 4420 = 0.02767571191116076
Training loss on iteration 4440 = 0.03176631403480314
Training loss on iteration 4460 = 0.03071282888595306
Training loss on iteration 4480 = 0.01700062651070766
Training loss on iteration 4500 = 0.01345331009124493
Training loss on iteration 4520 = 0.0012511823389104392
Training loss on iteration 4540 = 0.002162228664201393
Training loss on iteration 4560 = 0.02818993018227047
Training loss on iteration 4580 = 0.016352838988677832
Training loss on iteration 4600 = 0.026903398490685505
Training loss on iteration 4620 = 0.013520729131869302
Training loss on iteration 4640 = 0.001208804422162757
Training loss on iteration 4660 = 0.008687433096747554
Training loss on iteration 4680 = 0.03678953988578541
Training loss on iteration 4700 = 0.009891049285943154
Training loss on iteration 4720 = 0.008162636638007825
Training loss on iteration 4740 = 0.0031382852342176195
Training loss on iteration 4760 = 0.0021732993197929318
Training loss on iteration 4780 = 0.014607521400375845
Training loss on iteration 4800 = 0.0035900199752177285
Training loss on iteration 4820 = 0.008382767603211504
Training loss on iteration 4840 = 0.014418850671847849
Training loss on iteration 4860 = 0.0488540569759607
Training loss on iteration 4880 = 0.010776788555267558
Training loss on iteration 4900 = 0.019526059643976624
Training loss on iteration 4920 = 0.00544731367372151
Training loss on iteration 4940 = 0.02241548057390901
Training loss on iteration 4960 = 0.012316735971245408
Training loss on iteration 4980 = 0.008984420918659452
Training loss on iteration 5000 = 0.03344472669718925
Training loss on iteration 5020 = 0.0017628100515139522
Training loss on iteration 5040 = 0.0062379060560488146
Training loss on iteration 5060 = 0.006648789771634256
Training loss on iteration 5080 = 0.026054564278456382
Training loss on iteration 5100 = 0.0041459020046204385
Training loss on iteration 5120 = 0.015841486378121772
Training loss on iteration 5140 = 0.01895367404367789
Training loss on iteration 5160 = 0.007136151995655382
Training loss on iteration 5180 = 0.005672225236071427
Training loss on iteration 5200 = 0.007625452813272204
Training loss on iteration 5220 = 0.01664559031232784
Training loss on iteration 5240 = 0.001454604934690451
Training loss on iteration 5260 = 0.009682189202510471
Training loss on iteration 5280 = 0.026703515176430416
Training loss on iteration 5300 = 0.006062442376696708
Training loss on iteration 5320 = 0.006084335335094693
Training loss on iteration 5340 = 0.03311280762782189
Training loss on iteration 5360 = 0.00582052270906388
Training loss on iteration 5380 = 0.01167448106584743
Training loss on iteration 5400 = 0.005987187000118866
Training loss on iteration 5420 = 0.04533278233484452
Training loss on iteration 5440 = 0.025989972482830127
Training loss on iteration 5460 = 0.006080810571074835
Training loss on iteration 5480 = 0.004671524082959877
Training loss on iteration 5500 = 0.0024568718850787262
Training loss on iteration 5520 = 0.0014047482696696533
Training loss on iteration 5540 = 0.014761988235841272
Training loss on iteration 5560 = 0.046325617476213665
Training loss on iteration 5580 = 0.006157065595471067
Training loss on iteration 5600 = 0.026014972780831157
Training loss on iteration 5620 = 0.019097244927979772
Training loss on iteration 5640 = 0.008082549132814166
Training loss on iteration 5660 = 0.003402510395972058
Training loss on iteration 5680 = 0.0021935591723377
Training loss on iteration 5700 = 0.0059608048738482465
Training loss on iteration 5720 = 0.011920660222403966
Training loss on iteration 5740 = 0.02718974094659643
Training loss on iteration 5760 = 0.007060344975980115
Training loss on iteration 5780 = 0.01992135075151964
Training loss on iteration 5800 = 0.0009615326396669843
Training loss on iteration 5820 = 0.02387773590244251
Training loss on iteration 5840 = 0.008889506570267259
Training loss on iteration 5860 = 0.0017569153877047938
Training loss on iteration 5880 = 0.010156537451803161
Training loss on iteration 5900 = 0.01998757531348474
Training loss on iteration 5920 = 0.024438904772478055
Training loss on iteration 5940 = 0.046530276267753835
Training loss on iteration 5960 = 0.02856967364423326
Training loss on iteration 5980 = 0.005548463344166521
Training loss on iteration 6000 = 0.006352253791328621
Training loss on iteration 6020 = 0.013963160862476797
Training loss on iteration 6040 = 0.0022351772434831218
Training loss on iteration 6060 = 0.014219742221996512
Training loss on iteration 6080 = 0.056773853792219595
Training loss on iteration 6100 = 0.026950136554660276
Training loss on iteration 6120 = 0.00825225709922961
Training loss on iteration 6140 = 0.009883231143612647
Training loss on iteration 6160 = 0.006204572985006962
Training loss on iteration 6180 = 0.005750705376340193
Training loss on iteration 6200 = 0.005946710936973432
Training loss on iteration 6220 = 0.01666252660934333
Training loss on iteration 6240 = 0.002627292051920449
Training loss on iteration 6260 = 0.019542972761610145
Training loss on iteration 6280 = 0.00838757238582275
Training loss on iteration 6300 = 0.017517456017685618
Training loss on iteration 6320 = 0.02554835272321725
Training loss on iteration 6340 = 0.0019417179762967862
Training loss on iteration 6360 = 0.022480578189697554
Training loss on iteration 6380 = 0.005498470794373133
Training loss on iteration 6400 = 0.0013234749212642782
Training loss on iteration 6420 = 0.01437740647861574
Training loss on iteration 6440 = 0.02510722544930104
Training loss on iteration 6460 = 0.008588342414986983
Training loss on iteration 6480 = 0.02597198320372627
Training loss on iteration 6500 = 0.028437728863900703
Training loss on iteration 6520 = 0.003700457459945028
Training loss on iteration 6540 = 0.0022082286398926953
Training loss on iteration 6560 = 0.0011795683730724705
Training loss on iteration 6580 = 0.00023084994736564113
Training loss on iteration 6600 = 0.0004057090427068033
Training loss on iteration 6620 = 0.0004733598858138066
Training loss on iteration 6640 = 0.0353823174579702
Training loss on iteration 6660 = 0.017093974983617956
Training loss on iteration 6680 = 0.011870882425409946
Training loss on iteration 6700 = 0.01152666301895806
Training loss on iteration 6720 = 0.0015017534840580994
Training loss on iteration 6740 = 0.019594107740499567
Training loss on iteration 6760 = 0.004027329987911799
Training loss on iteration 6780 = 0.00690966870774048
Training loss on iteration 6800 = 0.06162507858552999
Training loss on iteration 6820 = 0.025829530182636517
Training loss on iteration 6840 = 0.004184056655867607
Training loss on iteration 6860 = 0.016478685158290318
Training loss on iteration 6880 = 0.013499994714493369
Training loss on iteration 6900 = 0.02816994770137171
Training loss on iteration 6920 = 0.0026151186944844084
Training loss on iteration 6940 = 0.007001621542303838
Training loss on iteration 6960 = 0.00515360132060323
Training loss on iteration 6980 = 0.005676208359341217
Training loss on iteration 7000 = 0.024188582157808013
Training loss on iteration 7020 = 0.01174751041169202
Training loss on iteration 7040 = 0.013583358183728933
Training loss on iteration 7060 = 0.023155019444152457
Training loss on iteration 7080 = 0.003958577628651483
Training loss on iteration 7100 = 0.0026753416733015455
Training loss on iteration 7120 = 0.0042088953843261835
Training loss on iteration 7140 = 0.001673154909991581
Training loss on iteration 7160 = 0.0104637567589009
Training loss on iteration 7180 = 0.020239707721668766
Training loss on iteration 7200 = 0.012438777494389796
Training loss on iteration 7220 = 0.005897395625697755
Training loss on iteration 7240 = 0.02739755437655731
Training loss on iteration 7260 = 0.006570673021633411
Training loss on iteration 7280 = 0.005235728840443698
Training loss on iteration 7300 = 0.024774913127976105
Training loss on iteration 7320 = 0.0385741048107775
Training loss on iteration 7340 = 0.005474233566269504
Training loss on iteration 7360 = 0.04487684336390885
Training loss on iteration 7380 = 0.030298919987944827
Training loss on iteration 7400 = 0.03226130460243439
Training loss on iteration 7420 = 0.042275106998567936
Training loss on iteration 7440 = 0.027157802655710838
Training loss on iteration 7460 = 0.029533352281578117
Training loss on iteration 7480 = 0.011328049640724203
### EVAL:: Epoch 11:: Loss = 0.004625728399832251 :: ACC = 0.9983152377386747, AUC = 0.9999884360508707, EER = 0.00177836016473231
Training on epoch 12
Training loss on iteration 0 = 4.727095438283868e-05
Training loss on iteration 20 = 0.029092331947776984
Training loss on iteration 40 = 0.006710361434670631
Training loss on iteration 60 = 0.019172669315958048
Training loss on iteration 80 = 0.03408692453740514
Training loss on iteration 100 = 0.013069859605457168
Training loss on iteration 120 = 0.030241267282690387
Training loss on iteration 140 = 0.027758259378606452
Training loss on iteration 160 = 0.010610286556038772
Training loss on iteration 180 = 0.00901252352850861
Training loss on iteration 200 = 0.0011905510260476148
Training loss on iteration 220 = 0.026168078105456516
Training loss on iteration 240 = 0.005340508544441036
Training loss on iteration 260 = 0.018528851329938333
Training loss on iteration 280 = 0.0034694035372012876
Training loss on iteration 300 = 0.009900281417867519
Training loss on iteration 320 = 0.004247852512071404
Training loss on iteration 340 = 0.0032175484820868407
Training loss on iteration 360 = 0.0012269745923504161
Training loss on iteration 380 = 0.0022455337597875767
Training loss on iteration 400 = 0.018770642179492824
Training loss on iteration 420 = 0.004526717117710177
Training loss on iteration 440 = 0.0022143935234794298
Training loss on iteration 460 = 0.0002028073603099756
Training loss on iteration 480 = 0.013723817517683302
Training loss on iteration 500 = 0.0348840114282666
Training loss on iteration 520 = 0.028756986876396697
Training loss on iteration 540 = 0.0059242961372547144
Training loss on iteration 560 = 0.00507863912130233
Training loss on iteration 580 = 0.0012979822667261941
Training loss on iteration 600 = 0.01714087333364205
Training loss on iteration 620 = 0.00407418979416434
Training loss on iteration 640 = 0.007338515335618467
Training loss on iteration 660 = 0.0057860347606947474
Training loss on iteration 680 = 0.004016029967169743
Training loss on iteration 700 = 0.019511352510471626
Training loss on iteration 720 = 0.013243757406485201
Training loss on iteration 740 = 0.002037742479933513
Training loss on iteration 760 = 0.017956818907441628
Training loss on iteration 780 = 0.013625589067237343
Training loss on iteration 800 = 0.007911622670485485
Training loss on iteration 820 = 0.006560402680122479
Training loss on iteration 840 = 0.009770613321734345
Training loss on iteration 860 = 0.003025994318289804
Training loss on iteration 880 = 0.057769724575223336
Training loss on iteration 900 = 0.02609538737433468
Training loss on iteration 920 = 0.007452397399902111
Training loss on iteration 940 = 0.0023710858782578725
Training loss on iteration 960 = 0.013665318024686712
Training loss on iteration 980 = 0.001159544057009043
Training loss on iteration 1000 = 0.014675804222952138
Training loss on iteration 1020 = 0.004754925855354486
Training loss on iteration 1040 = 0.011162073495583513
Training loss on iteration 1060 = 0.005763582505392151
Training loss on iteration 1080 = 0.033618536612630125
Training loss on iteration 1100 = 0.003209600882109953
Training loss on iteration 1120 = 0.00687555268068536
Training loss on iteration 1140 = 0.0007876401034081937
Training loss on iteration 1160 = 0.0743925117647791
Training loss on iteration 1180 = 0.006718469397674199
Training loss on iteration 1200 = 0.002080042177112773
Training loss on iteration 1220 = 0.0023762302830618864
Training loss on iteration 1240 = 0.00950686844134907
Training loss on iteration 1260 = 0.02257154649496442
Training loss on iteration 1280 = 0.007906436828125151
Training loss on iteration 1300 = 0.00978290624782403
Training loss on iteration 1320 = 0.015321571514505195
Training loss on iteration 1340 = 0.005452149467964773
Training loss on iteration 1360 = 0.019664928943643644
Training loss on iteration 1380 = 0.018227984349005057
Training loss on iteration 1400 = 0.0006187490688262187
Training loss on iteration 1420 = 0.0015299763603081828
Training loss on iteration 1440 = 0.008592575523442747
Training loss on iteration 1460 = 0.026869984592951823
Training loss on iteration 1480 = 0.0032734714507569153
Training loss on iteration 1500 = 0.006149095366163237
Training loss on iteration 1520 = 0.015826549020152923
Training loss on iteration 1540 = 0.011335424744015655
Training loss on iteration 1560 = 0.018650230572984584
Training loss on iteration 1580 = 0.008764869552487653
Training loss on iteration 1600 = 0.035115623759224945
Training loss on iteration 1620 = 0.027108849595970243
Training loss on iteration 1640 = 0.008878896009719028
Training loss on iteration 1660 = 0.010950507034965539
Training loss on iteration 1680 = 0.010404464467558227
Training loss on iteration 1700 = 0.06324549538267092
Training loss on iteration 1720 = 0.03112319002229924
Training loss on iteration 1740 = 0.02371080442535458
Training loss on iteration 1760 = 0.05636131262117487
Training loss on iteration 1780 = 0.018849447497632354
Training loss on iteration 1800 = 0.03156072957935976
Training loss on iteration 1820 = 0.027059293826459906
Training loss on iteration 1840 = 0.013546522948308848
Training loss on iteration 1860 = 0.010648777992355463
Training loss on iteration 1880 = 0.0013727084660786204
Training loss on iteration 1900 = 0.003404812955250236
Training loss on iteration 1920 = 0.004170175519629993
Training loss on iteration 1940 = 0.0014295771002934999
Training loss on iteration 1960 = 0.02358913029604821
Training loss on iteration 1980 = 0.02708205824660581
Training loss on iteration 2000 = 0.02874395555609226
Training loss on iteration 2020 = 0.0031467297070776113
Training loss on iteration 2040 = 0.006012806035050744
Training loss on iteration 2060 = 0.014441160465139546
Training loss on iteration 2080 = 0.001377274365586345
Training loss on iteration 2100 = 0.03257283108432603
Training loss on iteration 2120 = 0.0054427621260401795
Training loss on iteration 2140 = 0.020119036715004767
Training loss on iteration 2160 = 0.01575104787343662
Training loss on iteration 2180 = 0.006119141761246283
Training loss on iteration 2200 = 0.01345732196841709
Training loss on iteration 2220 = 0.007643496255218452
Training loss on iteration 2240 = 0.043190559366237835
Training loss on iteration 2260 = 0.047286348502041164
Training loss on iteration 2280 = 0.010543594224509433
Training loss on iteration 2300 = 0.02268507630651584
Training loss on iteration 2320 = 0.027914672388578764
Training loss on iteration 2340 = 0.00971581571866409
Training loss on iteration 2360 = 0.0018541923062002752
Training loss on iteration 2380 = 0.014065582093826379
Training loss on iteration 2400 = 0.009802512061651215
Training loss on iteration 2420 = 0.016605116781647666
Training loss on iteration 2440 = 0.009005142765818163
Training loss on iteration 2460 = 0.03193395201760722
Training loss on iteration 2480 = 0.009216467214901058
Training loss on iteration 2500 = 0.0055176384423248235
Training loss on iteration 2520 = 0.005413019427851396
Training loss on iteration 2540 = 0.01284155916328018
Training loss on iteration 2560 = 0.013043952852149232
Training loss on iteration 2580 = 0.04895100403255128
Training loss on iteration 2600 = 0.006693308532703668
Training loss on iteration 2620 = 0.012134915511342114
Training loss on iteration 2640 = 0.0065356656120457044
Training loss on iteration 2660 = 0.01610563805716083
Training loss on iteration 2680 = 0.017793890032771743
Training loss on iteration 2700 = 0.007841544867733318
Training loss on iteration 2720 = 0.0028719394043946523
Training loss on iteration 2740 = 0.05026398920290376
Training loss on iteration 2760 = 0.0019452305565209826
Training loss on iteration 2780 = 0.032127326635418285
Training loss on iteration 2800 = 0.013945761776994914
Training loss on iteration 2820 = 0.0027134884974657327
Training loss on iteration 2840 = 0.0072854314702453845
Training loss on iteration 2860 = 0.005211497789969144
Training loss on iteration 2880 = 0.0099407663709826
Training loss on iteration 2900 = 0.016288477504031108
Training loss on iteration 2920 = 0.03838648838263907
Training loss on iteration 2940 = 0.00435894781976458
Training loss on iteration 2960 = 0.03857523254882835
Training loss on iteration 2980 = 0.014937827954418026
Training loss on iteration 3000 = 0.016649888502979594
Training loss on iteration 3020 = 0.0037064005047795943
Training loss on iteration 3040 = 0.02257510013087085
Training loss on iteration 3060 = 0.010954988719095126
Training loss on iteration 3080 = 0.03114567751690629
Training loss on iteration 3100 = 0.004662615726374497
Training loss on iteration 3120 = 0.012394042069718125
Training loss on iteration 3140 = 0.0013848939028321184
Training loss on iteration 3160 = 0.0025825340887422497
Training loss on iteration 3180 = 0.0004280452221792075
Training loss on iteration 3200 = 0.010565204989688937
Training loss on iteration 3220 = 0.0023143515454648877
Training loss on iteration 3240 = 0.0070044448074213506
Training loss on iteration 3260 = 0.020924020814948107
Training loss on iteration 3280 = 0.019259241489999114
Training loss on iteration 3300 = 0.0008102546536065347
Training loss on iteration 3320 = 0.0017307534789779311
Training loss on iteration 3340 = 0.0030927971391292884
Training loss on iteration 3360 = 0.051362772803804545
Training loss on iteration 3380 = 0.011370571764018678
Training loss on iteration 3400 = 0.006706436882905109
Training loss on iteration 3420 = 0.042271625247667546
Training loss on iteration 3440 = 0.003165432976311422
Training loss on iteration 3460 = 0.012296118934500555
Training loss on iteration 3480 = 0.001159258862662682
Training loss on iteration 3500 = 0.034739394303323935
Training loss on iteration 3520 = 0.016602283009524398
Training loss on iteration 3540 = 0.014772850598455988
Training loss on iteration 3560 = 0.004010319253575289
Training loss on iteration 3580 = 0.049581451172343805
Training loss on iteration 3600 = 0.014770259812939912
Training loss on iteration 3620 = 0.015570801141802804
Training loss on iteration 3640 = 0.005580638829997042
Training loss on iteration 3660 = 0.011725016565105762
Training loss on iteration 3680 = 0.0012650851797843643
Training loss on iteration 3700 = 0.006321301113712252
Training loss on iteration 3720 = 0.001219010567820078
Training loss on iteration 3740 = 0.0022006504884302556
Training loss on iteration 3760 = 0.0024012871711420304
Training loss on iteration 3780 = 0.026370602443353163
Training loss on iteration 3800 = 0.003654236491411211
Training loss on iteration 3820 = 0.05135827807607711
Training loss on iteration 3840 = 0.004764115258149104
Training loss on iteration 3860 = 0.015243087706767255
Training loss on iteration 3880 = 0.009368955050013028
Training loss on iteration 3900 = 0.04686411411530571
Training loss on iteration 3920 = 0.021736083342693745
Training loss on iteration 3940 = 0.0045044448237604225
Training loss on iteration 3960 = 0.0018368278892012314
Training loss on iteration 3980 = 0.01884671602419985
Training loss on iteration 4000 = 0.011992373182329175
Training loss on iteration 4020 = 0.009926114095060256
Training loss on iteration 4040 = 0.004977061824570228
Training loss on iteration 4060 = 0.0006707511199465444
Training loss on iteration 4080 = 0.009697931043274367
Training loss on iteration 4100 = 0.0023195080915911605
Training loss on iteration 4120 = 0.002772325424939481
Training loss on iteration 4140 = 0.007720329390363645
Training loss on iteration 4160 = 0.0017545468784589957
Training loss on iteration 4180 = 0.028164226950093508
Training loss on iteration 4200 = 0.004844605996004248
Training loss on iteration 4220 = 0.01351422879981783
Training loss on iteration 4240 = 0.0030587960451612163
Training loss on iteration 4260 = 0.005209216784510318
Training loss on iteration 4280 = 0.01352138166507757
Training loss on iteration 4300 = 0.021764346057284455
Training loss on iteration 4320 = 0.016181229433755107
Training loss on iteration 4340 = 0.013215339999578645
Training loss on iteration 4360 = 0.009624979628028996
Training loss on iteration 4380 = 0.0015948699776799913
Training loss on iteration 4400 = 0.02938200655644323
Training loss on iteration 4420 = 0.0410442589944978
Training loss on iteration 4440 = 0.011912717516315752
Training loss on iteration 4460 = 0.016623405246173208
Training loss on iteration 4480 = 0.010795099111419404
Training loss on iteration 4500 = 0.010445307848840457
Training loss on iteration 4520 = 0.011945736986626798
Training loss on iteration 4540 = 0.03083858097106713
Training loss on iteration 4560 = 0.007824392239854205
Training loss on iteration 4580 = 0.04060498088838358
Training loss on iteration 4600 = 0.0020407670479471564
Training loss on iteration 4620 = 0.0031963397115760015
Training loss on iteration 4640 = 0.0011312575596093665
Training loss on iteration 4660 = 0.009163176461152034
Training loss on iteration 4680 = 0.027955757590098072
Training loss on iteration 4700 = 0.008784606514745974
Training loss on iteration 4720 = 0.0048531344267757955
Training loss on iteration 4740 = 0.012619254067749353
Training loss on iteration 4760 = 0.007346684239382739
Training loss on iteration 4780 = 0.03745494522966055
Training loss on iteration 4800 = 0.00868465370622289
Training loss on iteration 4820 = 0.022497763782121184
Training loss on iteration 4840 = 0.03446711866636178
Training loss on iteration 4860 = 0.01020324365599663
Training loss on iteration 4880 = 0.0015963476198066929
Training loss on iteration 4900 = 0.001465613839513935
Training loss on iteration 4920 = 0.0028550545774578494
Training loss on iteration 4940 = 0.004353540581723792
Training loss on iteration 4960 = 0.0010642267380717384
Training loss on iteration 4980 = 0.0005289252141210454
Training loss on iteration 5000 = 0.017217929031517087
Training loss on iteration 5020 = 0.00715914769690471
Training loss on iteration 5040 = 0.0019516704310206024
Training loss on iteration 5060 = 0.03047790615746635
Training loss on iteration 5080 = 0.02635616966499583
Training loss on iteration 5100 = 0.015138265873792989
Training loss on iteration 5120 = 0.008706358064955566
Training loss on iteration 5140 = 0.015066455696796766
Training loss on iteration 5160 = 0.03704370892146471
Training loss on iteration 5180 = 0.0038061212217144202
Training loss on iteration 5200 = 0.008114267539895081
Training loss on iteration 5220 = 0.006374821408826392
Training loss on iteration 5240 = 0.02505628023625377
Training loss on iteration 5260 = 0.026593939208532903
Training loss on iteration 5280 = 0.017728925503251957
Training loss on iteration 5300 = 0.0035673607026183163
Training loss on iteration 5320 = 0.018976177989316056
Training loss on iteration 5340 = 0.009866277618743879
Training loss on iteration 5360 = 0.0008698319794348208
Training loss on iteration 5380 = 0.005234394067527149
Training loss on iteration 5400 = 0.01565073280444267
Training loss on iteration 5420 = 0.01235625113804133
Training loss on iteration 5440 = 0.03644889671568308
Training loss on iteration 5460 = 0.004938701784089972
Training loss on iteration 5480 = 0.06172581891205482
Training loss on iteration 5500 = 0.028680242783229913
Training loss on iteration 5520 = 0.043186443943704945
Training loss on iteration 5540 = 0.002501353136904072
Training loss on iteration 5560 = 0.0013764100141997915
Training loss on iteration 5580 = 0.012973801124098827
Training loss on iteration 5600 = 0.022135021194208092
Training loss on iteration 5620 = 0.012474792512466592
Training loss on iteration 5640 = 0.035322108590844434
Training loss on iteration 5660 = 0.021701053801280068
Training loss on iteration 5680 = 0.03879483994605835
Training loss on iteration 5700 = 0.0025119323621765944
Training loss on iteration 5720 = 0.04115793687524274
Training loss on iteration 5740 = 0.02777335352257069
Training loss on iteration 5760 = 0.007805196023582539
Training loss on iteration 5780 = 0.021384399507951457
Training loss on iteration 5800 = 0.008389210267228008
Training loss on iteration 5820 = 0.013136064814113979
Training loss on iteration 5840 = 0.015463632413593586
Training loss on iteration 5860 = 0.00941739249501552
Training loss on iteration 5880 = 0.0006780043602020669
Training loss on iteration 5900 = 0.005003915784232049
Training loss on iteration 5920 = 0.020234840818693554
Training loss on iteration 5940 = 0.03836099778204698
Training loss on iteration 5960 = 0.0033798704055584493
Training loss on iteration 5980 = 0.07938826651318323
Training loss on iteration 6000 = 0.006807825750001939
Training loss on iteration 6020 = 0.055203141394304114
Training loss on iteration 6040 = 0.009812966723984573
Training loss on iteration 6060 = 0.029034269103431144
Training loss on iteration 6080 = 0.008369641733952448
Training loss on iteration 6100 = 0.007806890628125984
Training loss on iteration 6120 = 0.008875980022457952
Training loss on iteration 6140 = 0.0003484786298713516
Training loss on iteration 6160 = 0.02774444991846394
Training loss on iteration 6180 = 0.011235199016027764
Training loss on iteration 6200 = 0.017916321315078677
Training loss on iteration 6220 = 0.026891526234339835
Training loss on iteration 6240 = 0.022864961595769274
Training loss on iteration 6260 = 0.017072340466984314
Training loss on iteration 6280 = 0.01004343053791672
Training loss on iteration 6300 = 0.0021630641970659783
Training loss on iteration 6320 = 0.04137916289417944
Training loss on iteration 6340 = 0.006310353839944582
Training loss on iteration 6360 = 0.012912865674843487
Training loss on iteration 6380 = 0.007028885414547404
Training loss on iteration 6400 = 0.05989714401330275
Training loss on iteration 6420 = 0.015140293314016163
Training loss on iteration 6440 = 0.016617816452344412
Training loss on iteration 6460 = 0.025195824564798387
Training loss on iteration 6480 = 0.004001284843798203
Training loss on iteration 6500 = 0.004442408260183583
Training loss on iteration 6520 = 0.004571128747920738
Training loss on iteration 6540 = 0.004260066322217426
Training loss on iteration 6560 = 0.007674478906835702
Training loss on iteration 6580 = 0.0018559788032462166
Training loss on iteration 6600 = 0.00045503821866361706
Training loss on iteration 6620 = 0.005671701042615496
Training loss on iteration 6640 = 0.03922759602560859
Training loss on iteration 6660 = 0.010555501406724944
Training loss on iteration 6680 = 0.03293558639688854
Training loss on iteration 6700 = 0.007531089399708435
Training loss on iteration 6720 = 0.015330316805011535
Training loss on iteration 6740 = 0.038101549556085954
Training loss on iteration 6760 = 0.02550610098114703
Training loss on iteration 6780 = 0.003436099826649297
Training loss on iteration 6800 = 0.006376340156202786
Training loss on iteration 6820 = 0.010151473573614567
Training loss on iteration 6840 = 0.008890623264778696
Training loss on iteration 6860 = 0.03615318713927991
Training loss on iteration 6880 = 0.030880637098380247
Training loss on iteration 6900 = 0.006532210354998824
Training loss on iteration 6920 = 0.022897625245059318
Training loss on iteration 6940 = 0.009074114025133894
Training loss on iteration 6960 = 0.020146735976777564
Training loss on iteration 6980 = 0.008888034096230513
Training loss on iteration 7000 = 0.0029878488646318145
Training loss on iteration 7020 = 0.004475595993358184
Training loss on iteration 7040 = 0.02454409021572701
Training loss on iteration 7060 = 0.01521650245872479
Training loss on iteration 7080 = 0.0007411018084155785
Training loss on iteration 7100 = 0.014011504112602324
Training loss on iteration 7120 = 0.04438320060653496
Training loss on iteration 7140 = 0.005527069829986431
Training loss on iteration 7160 = 0.006095962522158516
Training loss on iteration 7180 = 0.05716686954510806
Training loss on iteration 7200 = 0.019610063376603648
Training loss on iteration 7220 = 0.007789119325752836
Training loss on iteration 7240 = 0.02351154911739286
Training loss on iteration 7260 = 0.02651689986960264
Training loss on iteration 7280 = 0.008783157232574012
Training loss on iteration 7300 = 0.0023913510842248796
Training loss on iteration 7320 = 0.007516925874733715
Training loss on iteration 7340 = 0.004450622785589076
Training loss on iteration 7360 = 0.015106919792015106
Training loss on iteration 7380 = 0.029889681130384815
Training loss on iteration 7400 = 0.00823690773377166
Training loss on iteration 7420 = 0.008061763269134303
Training loss on iteration 7440 = 0.008345888807039615
Training loss on iteration 7460 = 0.009683793586924594
Training loss on iteration 7480 = 0.0658590658555653
### EVAL:: Epoch 12:: Loss = 0.007167765615206742 :: ACC = 0.9973324597529015, AUC = 0.9999670427449816, EER = 0.0022463496817671283
Training on epoch 13
Training loss on iteration 0 = 0.00144176185131073
Training loss on iteration 20 = 0.017452233699623322
Training loss on iteration 40 = 0.026984964909934205
Training loss on iteration 60 = 0.02107529827335384
Training loss on iteration 80 = 0.009419023558166373
Training loss on iteration 100 = 0.0053114545265998455
Training loss on iteration 120 = 0.005381570914596523
Training loss on iteration 140 = 0.0011526987328920768
Training loss on iteration 160 = 0.035318106526119664
Training loss on iteration 180 = 0.01191937821670308
Training loss on iteration 200 = 0.010217035677487728
Training loss on iteration 220 = 0.011547954995330656
Training loss on iteration 240 = 0.0046265471914011865
Training loss on iteration 260 = 0.011097991771976012
Training loss on iteration 280 = 0.012544146668915346
Training loss on iteration 300 = 0.018305109637753957
Training loss on iteration 320 = 0.005525129464513156
Training loss on iteration 340 = 0.006419532780819281
Training loss on iteration 360 = 0.00872099931611956
Training loss on iteration 380 = 0.017758908336509192
Training loss on iteration 400 = 0.009950542975411735
Training loss on iteration 420 = 0.04023969396580469
Training loss on iteration 440 = 0.016673932371122645
Training loss on iteration 460 = 0.03555419072945369
Training loss on iteration 480 = 0.021580054984224262
Training loss on iteration 500 = 0.012432846290175803
Training loss on iteration 520 = 0.0078075614258523275
Training loss on iteration 540 = 0.013680030765135598
Training loss on iteration 560 = 0.027623892948395224
Training loss on iteration 580 = 0.03545389679129585
Training loss on iteration 600 = 0.011998485878939391
Training loss on iteration 620 = 0.0031855945533607157
Training loss on iteration 640 = 0.005003363153355167
Training loss on iteration 660 = 0.004423947853797472
Training loss on iteration 680 = 0.0003548684061115637
Training loss on iteration 700 = 0.0036721394657888594
Training loss on iteration 720 = 0.002232736467499308
Training loss on iteration 740 = 0.00017986191801355744
Training loss on iteration 760 = 0.08383220817762549
Training loss on iteration 780 = 0.021875942942278924
Training loss on iteration 800 = 0.01644270417964435
Training loss on iteration 820 = 0.009913452793261968
Training loss on iteration 840 = 0.005254635748315195
Training loss on iteration 860 = 0.005526444705719768
Training loss on iteration 880 = 0.002001275777729461
Training loss on iteration 900 = 0.03745361990904712
Training loss on iteration 920 = 0.010402627191069769
Training loss on iteration 940 = 0.004012419160062564
Training loss on iteration 960 = 0.002049301268289128
Training loss on iteration 980 = 0.016935870354018334
Training loss on iteration 1000 = 0.007021780221475637
Training loss on iteration 1020 = 0.005428177175599558
Training loss on iteration 1040 = 0.0016345508156518918
Training loss on iteration 1060 = 0.006077691532937024
Training loss on iteration 1080 = 0.002638452182657147
Training loss on iteration 1100 = 0.003956793431530059
Training loss on iteration 1120 = 0.0054965494054386
Training loss on iteration 1140 = 0.01310609808163008
Training loss on iteration 1160 = 0.045582992484270335
Training loss on iteration 1180 = 0.01853693060693331
Training loss on iteration 1200 = 0.035943508026502966
Training loss on iteration 1220 = 0.013787405073526316
Training loss on iteration 1240 = 0.02430171959404106
Training loss on iteration 1260 = 0.021091916345721985
Training loss on iteration 1280 = 0.017538450379470306
Training loss on iteration 1300 = 0.028710162866264
Training loss on iteration 1320 = 0.01139197086713466
Training loss on iteration 1340 = 0.016575716129591456
Training loss on iteration 1360 = 0.03597947883536108
Training loss on iteration 1380 = 0.01942545521778811
Training loss on iteration 1400 = 0.011719576935865917
Training loss on iteration 1420 = 0.0024771717231487854
Training loss on iteration 1440 = 0.019664090583682993
Training loss on iteration 1460 = 0.02832229692603505
Training loss on iteration 1480 = 0.06890028008692753
Training loss on iteration 1500 = 0.009242107033060165
Training loss on iteration 1520 = 0.004728833535045851
Training loss on iteration 1540 = 0.017089474690146746
Training loss on iteration 1560 = 0.00312244840170024
Training loss on iteration 1580 = 0.00710869368413114
Training loss on iteration 1600 = 0.006441716935341901
Training loss on iteration 1620 = 0.004931521580238041
Training loss on iteration 1640 = 0.0022341441778849004
Training loss on iteration 1660 = 0.025601848633127134
Training loss on iteration 1680 = 0.05215138534422294
Training loss on iteration 1700 = 0.005275644477660535
Training loss on iteration 1720 = 0.006109683414615574
Training loss on iteration 1740 = 0.026026909626307316
Training loss on iteration 1760 = 0.008448041747578827
Training loss on iteration 1780 = 0.02116387379343223
Training loss on iteration 1800 = 0.030026016587271442
Training loss on iteration 1820 = 0.01713144856475992
Training loss on iteration 1840 = 0.02655537268801709
Training loss on iteration 1860 = 0.015859188639637978
Training loss on iteration 1880 = 0.00489625294835605
Training loss on iteration 1900 = 0.0017090292557895737
Training loss on iteration 1920 = 0.004600376690007124
Training loss on iteration 1940 = 0.003993795716883142
Training loss on iteration 1960 = 0.018889960336983334
Training loss on iteration 1980 = 0.0034403852808281956
Training loss on iteration 2000 = 0.024712133294558215
Training loss on iteration 2020 = 0.002708537789806087
Training loss on iteration 2040 = 0.006596092729091651
Training loss on iteration 2060 = 0.015187893393681406
Training loss on iteration 2080 = 0.022804587902237473
Training loss on iteration 2100 = 0.006128303842979221
Training loss on iteration 2120 = 0.031030215682631025
Training loss on iteration 2140 = 0.005005970859838271
Training loss on iteration 2160 = 0.0011979163477008115
Training loss on iteration 2180 = 0.006644634947576833
Training loss on iteration 2200 = 0.002458358677802153
Training loss on iteration 2220 = 0.014941810776103636
Training loss on iteration 2240 = 0.03095733846225812
Training loss on iteration 2260 = 0.013557337048621321
Training loss on iteration 2280 = 0.0003553320865421483
Training loss on iteration 2300 = 0.002888059829251688
Training loss on iteration 2320 = 0.005503699382666127
Training loss on iteration 2340 = 0.03612378957437841
Training loss on iteration 2360 = 0.011569284937650082
Training loss on iteration 2380 = 0.023967637075293168
Training loss on iteration 2400 = 0.0012509579456491337
Training loss on iteration 2420 = 0.02949012945191498
Training loss on iteration 2440 = 0.02448691046301974
Training loss on iteration 2460 = 0.006256596796083614
Training loss on iteration 2480 = 0.0049996065532468496
Training loss on iteration 2500 = 0.009149639872202898
Training loss on iteration 2520 = 0.01448235544430645
Training loss on iteration 2540 = 0.027344845383959183
Training loss on iteration 2560 = 0.01215605324950957
Training loss on iteration 2580 = 0.01893970723531311
Training loss on iteration 2600 = 0.01942489218067749
Training loss on iteration 2620 = 0.006480071041823976
Training loss on iteration 2640 = 0.012200754672903713
Training loss on iteration 2660 = 0.00683667580499332
Training loss on iteration 2680 = 0.026691872073342893
Training loss on iteration 2700 = 0.012074783260322875
Training loss on iteration 2720 = 0.0043633657811824374
Training loss on iteration 2740 = 0.005378073509177739
Training loss on iteration 2760 = 0.012723720667202088
Training loss on iteration 2780 = 0.00441152084240457
Training loss on iteration 2800 = 0.05470025602909345
Training loss on iteration 2820 = 0.040305448410617825
Training loss on iteration 2840 = 0.008650951315212296
Training loss on iteration 2860 = 0.011237973788956879
Training loss on iteration 2880 = 0.019456221608015765
Training loss on iteration 2900 = 0.001465603920223657
Training loss on iteration 2920 = 0.024054369611258154
Training loss on iteration 2940 = 0.0020644728322167794
Training loss on iteration 2960 = 0.0032654566996825453
Training loss on iteration 2980 = 0.020708362455116
Training loss on iteration 3000 = 0.049220974497075076
Training loss on iteration 3020 = 0.008259127363635344
Training loss on iteration 3040 = 0.015642199639114552
Training loss on iteration 3060 = 0.026491024157803623
Training loss on iteration 3080 = 0.007269714101312275
Training loss on iteration 3100 = 0.004388348026259337
Training loss on iteration 3120 = 0.011169995722957538
Training loss on iteration 3140 = 0.01696748918175217
Training loss on iteration 3160 = 0.015971809876918996
Training loss on iteration 3180 = 0.00860970532689862
Training loss on iteration 3200 = 0.007754051891674862
Training loss on iteration 3220 = 0.009469227907118238
Training loss on iteration 3240 = 0.006362087630040492
Training loss on iteration 3260 = 0.009037464657350825
Training loss on iteration 3280 = 0.004967817900848104
Training loss on iteration 3300 = 0.012610531299569062
Training loss on iteration 3320 = 0.023015838301986946
Training loss on iteration 3340 = 0.009800668713353389
Training loss on iteration 3360 = 0.0010799641858199038
Training loss on iteration 3380 = 0.00033020432798593904
Training loss on iteration 3400 = 0.03492521652508742
Training loss on iteration 3420 = 0.011730956533278913
Training loss on iteration 3440 = 0.0015178760765820697
Training loss on iteration 3460 = 0.015228425953341684
Training loss on iteration 3480 = 0.005576496479989146
Training loss on iteration 3500 = 0.003486653208824464
Training loss on iteration 3520 = 0.0055784974379889714
Training loss on iteration 3540 = 0.0113546283538426
Training loss on iteration 3560 = 0.011991560136215185
Training loss on iteration 3580 = 0.0269903535883941
Training loss on iteration 3600 = 0.018162880706199758
Training loss on iteration 3620 = 0.009999963213522279
Training loss on iteration 3640 = 0.002610640388996899
Training loss on iteration 3660 = 0.005544616174893236
Training loss on iteration 3680 = 0.006248598692797458
Training loss on iteration 3700 = 0.006276196020098723
Training loss on iteration 3720 = 0.06009841246452367
Training loss on iteration 3740 = 0.013657361370314902
Training loss on iteration 3760 = 0.02244539069415623
Training loss on iteration 3780 = 0.010091822904450964
Training loss on iteration 3800 = 0.0037907561893462116
Training loss on iteration 3820 = 0.010330141536451265
Training loss on iteration 3840 = 0.011545988483430848
Training loss on iteration 3860 = 0.019366014002616793
Training loss on iteration 3880 = 0.0025390357482137915
Training loss on iteration 3900 = 0.010014516368585191
Training loss on iteration 3920 = 0.017638554344375734
Training loss on iteration 3940 = 0.0205103439647246
Training loss on iteration 3960 = 0.021543306987950928
Training loss on iteration 3980 = 0.03258204614157876
Training loss on iteration 4000 = 0.004250383708858862
Training loss on iteration 4020 = 0.0029513591276554506
Training loss on iteration 4040 = 0.009539195911202114
Training loss on iteration 4060 = 0.005275351114323712
Training loss on iteration 4080 = 0.020592075470722192
Training loss on iteration 4100 = 0.0043173632861226
Training loss on iteration 4120 = 0.010226120017114227
Training loss on iteration 4140 = 0.036713244069824215
Training loss on iteration 4160 = 0.011150897482184518
Training loss on iteration 4180 = 0.013723042110723328
Training loss on iteration 4200 = 0.00885483808351637
Training loss on iteration 4220 = 0.023050706926915153
Training loss on iteration 4240 = 0.041290866605959306
Training loss on iteration 4260 = 0.030057597638369772
Training loss on iteration 4280 = 0.01606027572579478
Training loss on iteration 4300 = 0.003246743616000458
Training loss on iteration 4320 = 0.003946432536849898
Training loss on iteration 4340 = 0.012763188448752771
Training loss on iteration 4360 = 0.011656312189461459
Training loss on iteration 4380 = 0.0009667883863357929
Training loss on iteration 4400 = 0.0022047039054882587
Training loss on iteration 4420 = 0.0006588482258905515
Training loss on iteration 4440 = 0.003299572736210621
Training loss on iteration 4460 = 0.034434236388881344
Training loss on iteration 4480 = 0.02493510672697994
Training loss on iteration 4500 = 0.0018630425600349553
Training loss on iteration 4520 = 0.010654932604188616
Training loss on iteration 4540 = 0.0015808268818489069
Training loss on iteration 4560 = 0.002302430441488923
Training loss on iteration 4580 = 0.021231062289453463
Training loss on iteration 4600 = 0.04973142781524018
Training loss on iteration 4620 = 0.01726785292016757
Training loss on iteration 4640 = 0.007403517494776679
Training loss on iteration 4660 = 0.009617934536527173
Training loss on iteration 4680 = 0.02594642251692676
Training loss on iteration 4700 = 0.0014333930894736113
Training loss on iteration 4720 = 0.012431720023232628
Training loss on iteration 4740 = 0.012128652900537417
Training loss on iteration 4760 = 0.00440903467778071
Training loss on iteration 4780 = 0.0030721901095091654
Training loss on iteration 4800 = 0.0027191375808996556
Training loss on iteration 4820 = 0.021077347293902447
Training loss on iteration 4840 = 0.03496070999128449
Training loss on iteration 4860 = 0.004422280236167353
Training loss on iteration 4880 = 0.02128333515884151
Training loss on iteration 4900 = 0.03874874202265346
Training loss on iteration 4920 = 0.01096935135210515
Training loss on iteration 4940 = 0.05703426507025142
Training loss on iteration 4960 = 0.0055278741972870195
Training loss on iteration 4980 = 0.00703706637796131
Training loss on iteration 5000 = 0.027315760182864322
Training loss on iteration 5020 = 0.019411990285880164
Training loss on iteration 5040 = 0.01382774980411341
Training loss on iteration 5060 = 0.009310951081624807
Training loss on iteration 5080 = 0.005481148821854731
Training loss on iteration 5100 = 0.007093687276005766
Training loss on iteration 5120 = 0.015324981526805458
Training loss on iteration 5140 = 0.008755952098977105
Training loss on iteration 5160 = 0.035793388155798314
Training loss on iteration 5180 = 0.017679046221383034
Training loss on iteration 5200 = 0.005356219865291223
Training loss on iteration 5220 = 0.009246191034117146
Training loss on iteration 5240 = 0.008290029805391442
Training loss on iteration 5260 = 0.007035056329596045
Training loss on iteration 5280 = 0.0028470392653616727
Training loss on iteration 5300 = 0.032145715702097274
Training loss on iteration 5320 = 0.019920308050313907
Training loss on iteration 5340 = 0.022777796567061158
Training loss on iteration 5360 = 0.002830012882986921
Training loss on iteration 5380 = 0.004115624693440623
Training loss on iteration 5400 = 0.013055906634781423
Training loss on iteration 5420 = 0.005324934430564099
Training loss on iteration 5440 = 0.005993922897596348
Training loss on iteration 5460 = 0.013374802813700626
Training loss on iteration 5480 = 0.01757123393300617
Training loss on iteration 5500 = 0.008206531650102988
Training loss on iteration 5520 = 0.0249883977060108
Training loss on iteration 5540 = 0.01665500883898403
Training loss on iteration 5560 = 0.019693494034981995
Training loss on iteration 5580 = 0.027552568281134882
Training loss on iteration 5600 = 0.06461808894509886
Training loss on iteration 5620 = 0.010218683702987619
Training loss on iteration 5640 = 0.010063977205209084
Training loss on iteration 5660 = 0.01588615730761376
Training loss on iteration 5680 = 0.015671002790986675
Training loss on iteration 5700 = 0.015935914562942344
Training loss on iteration 5720 = 0.020355405640157188
Training loss on iteration 5740 = 0.011142835983355326
Training loss on iteration 5760 = 0.005165994825142661
Training loss on iteration 5780 = 0.00664717733757243
Training loss on iteration 5800 = 0.005694367749470075
Training loss on iteration 5820 = 0.015603396396858215
Training loss on iteration 5840 = 0.003264668700603579
Training loss on iteration 5860 = 0.010903552305001086
Training loss on iteration 5880 = 0.0017918057927090558
Training loss on iteration 5900 = 0.017959893361228295
Training loss on iteration 5920 = 0.0223561957954189
Training loss on iteration 5940 = 0.018241000314628764
Training loss on iteration 5960 = 0.048648104782478184
Training loss on iteration 5980 = 0.038991337719198785
Training loss on iteration 6000 = 0.04194220364661305
Training loss on iteration 6020 = 0.032673531107138845
Training loss on iteration 6040 = 0.03135117127058038
Training loss on iteration 6060 = 0.04026938165334286
Training loss on iteration 6080 = 0.009226958506769734
Training loss on iteration 6100 = 0.016691921279561938
Training loss on iteration 6120 = 0.017729282325672103
Training loss on iteration 6140 = 0.007250822294554382
Training loss on iteration 6160 = 0.0033257385804972726
Training loss on iteration 6180 = 0.041484389579363776
Training loss on iteration 6200 = 0.02104878046338854
Training loss on iteration 6220 = 0.00727457223838428
Training loss on iteration 6240 = 0.03697989585416508
Training loss on iteration 6260 = 0.008515565913694446
Training loss on iteration 6280 = 0.008314937230170471
Training loss on iteration 6300 = 0.019587393876281566
Training loss on iteration 6320 = 0.014193955026712501
Training loss on iteration 6340 = 0.003653511845095636
Training loss on iteration 6360 = 0.04974992081315577
Training loss on iteration 6380 = 0.005246007328241831
Training loss on iteration 6400 = 0.024909355982526905
Training loss on iteration 6420 = 0.030106371492001925
Training loss on iteration 6440 = 0.010667087484762305
Training loss on iteration 6460 = 0.005160079973575193
Training loss on iteration 6480 = 0.011159101530756744
Training loss on iteration 6500 = 0.0024063686083536594
Training loss on iteration 6520 = 0.001075849778135307
Training loss on iteration 6540 = 0.004413841545647302
Training loss on iteration 6560 = 0.0030247403532484896
Training loss on iteration 6580 = 0.013804961936148174
Training loss on iteration 6600 = 0.004421865200856701
Training loss on iteration 6620 = 0.0014298482510639587
Training loss on iteration 6640 = 0.02851209480450052
Training loss on iteration 6660 = 0.0028441779821150705
Training loss on iteration 6680 = 0.003985427841143974
Training loss on iteration 6700 = 0.011769102306607238
Training loss on iteration 6720 = 0.07358731670829002
Training loss on iteration 6740 = 0.03773680363519816
Training loss on iteration 6760 = 0.03046492800785927
Training loss on iteration 6780 = 0.004191626916872337
Training loss on iteration 6800 = 0.007962469967606012
Training loss on iteration 6820 = 0.005748583294189302
Training loss on iteration 6840 = 0.017135015207895777
Training loss on iteration 6860 = 0.017155546091817086
Training loss on iteration 6880 = 0.01605097045094226
Training loss on iteration 6900 = 0.013921726320586459
Training loss on iteration 6920 = 0.012908590982260649
Training loss on iteration 6940 = 0.015995622460923186
Training loss on iteration 6960 = 0.01041103148709226
Training loss on iteration 6980 = 0.005825428351818119
Training loss on iteration 7000 = 0.005369489019722095
Training loss on iteration 7020 = 0.005503068468487982
Training loss on iteration 7040 = 0.041435390756748805
Training loss on iteration 7060 = 0.00607207502921483
Training loss on iteration 7080 = 0.014396528998258874
Training loss on iteration 7100 = 0.009079163227761455
Training loss on iteration 7120 = 0.0020780536876372933
Training loss on iteration 7140 = 0.007802294817702204
Training loss on iteration 7160 = 0.003401476174531126
Training loss on iteration 7180 = 0.04553165143623801
Training loss on iteration 7200 = 0.03191331945090496
Training loss on iteration 7220 = 0.010613644340537576
Training loss on iteration 7240 = 0.002486166240669263
Training loss on iteration 7260 = 0.007552648103956017
Training loss on iteration 7280 = 0.04812136361324519
Training loss on iteration 7300 = 0.013257890126260463
Training loss on iteration 7320 = 0.006417137954304053
Training loss on iteration 7340 = 0.008614611205575783
Training loss on iteration 7360 = 0.0024281537618662695
Training loss on iteration 7380 = 0.0005215026661971933
Training loss on iteration 7400 = 0.04407841438514879
Training loss on iteration 7420 = 0.00682763154618442
Training loss on iteration 7440 = 0.01083503646623285
Training loss on iteration 7460 = 0.027157888628698855
Training loss on iteration 7480 = 0.011207377556638675
### EVAL:: Epoch 13:: Loss = 0.01162843124335633 :: ACC = 0.9964900786222388, AUC = 0.9999488120039679, EER = 0.0030887308124298014
Training on epoch 14
Training loss on iteration 0 = 0.00047105184057727456
Training loss on iteration 20 = 0.0028476956894792236
Training loss on iteration 40 = 0.0006087391300297895
Training loss on iteration 60 = 0.010169144447513646
Training loss on iteration 80 = 0.03659145223155065
Training loss on iteration 100 = 0.06999644241179795
Training loss on iteration 120 = 0.017580363832530567
Training loss on iteration 140 = 0.0036427586011996025
Training loss on iteration 160 = 0.022583495877915992
Training loss on iteration 180 = 0.0020940433474606833
Training loss on iteration 200 = 0.003551693941517442
Training loss on iteration 220 = 0.023323530733250664
Training loss on iteration 240 = 0.013407138333423062
Training loss on iteration 260 = 0.030688832706437096
Training loss on iteration 280 = 0.008697968210617546
Training loss on iteration 300 = 0.012218304232010268
Training loss on iteration 320 = 0.004190929269179832
Training loss on iteration 340 = 0.013540379485448284
Training loss on iteration 360 = 0.010759026310097397
Training loss on iteration 380 = 0.0120842967371118
Training loss on iteration 400 = 0.03321218309042706
Training loss on iteration 420 = 0.009942873785803386
Training loss on iteration 440 = 0.027985599259409355
Training loss on iteration 460 = 0.02169858468405437
Training loss on iteration 480 = 0.01613245151766023
Training loss on iteration 500 = 0.023591955207666614
Training loss on iteration 520 = 0.024930071802009478
Training loss on iteration 540 = 0.01407649541979481
Training loss on iteration 560 = 0.018767315773584415
Training loss on iteration 580 = 0.007630152873753104
Training loss on iteration 600 = 0.0035613720554465546
Training loss on iteration 620 = 0.03613962672461639
Training loss on iteration 640 = 0.009737893834017085
Training loss on iteration 660 = 0.0029577734983831762
Training loss on iteration 680 = 0.009171482474266668
Training loss on iteration 700 = 0.03628290874039521
Training loss on iteration 720 = 0.007931635294517037
Training loss on iteration 740 = 0.001781195883086184
Training loss on iteration 760 = 0.025961834476311195
Training loss on iteration 780 = 0.008824861302855425
Training loss on iteration 800 = 0.0015553841280961933
Training loss on iteration 820 = 0.019246971448228577
Training loss on iteration 840 = 0.02610381967381272
Training loss on iteration 860 = 0.007855455384924426
Training loss on iteration 880 = 0.009107126171147683
Training loss on iteration 900 = 0.011581478971311298
Training loss on iteration 920 = 0.0027415224722062703
Training loss on iteration 940 = 0.04722887479329074
Training loss on iteration 960 = 0.016403797022576327
Training loss on iteration 980 = 0.030132353040971793
Training loss on iteration 1000 = 0.012527776326351159
Training loss on iteration 1020 = 0.009355800159573846
Training loss on iteration 1040 = 0.004263251504380605
Training loss on iteration 1060 = 0.034104281039071795
Training loss on iteration 1080 = 0.07317298604129974
Training loss on iteration 1100 = 0.025844804049120283
Training loss on iteration 1120 = 0.017364878590160514
Training loss on iteration 1140 = 0.019149595219641925
Training loss on iteration 1160 = 0.0025180997072311584
Training loss on iteration 1180 = 0.007398473695138819
Training loss on iteration 1200 = 0.00500166256731518
Training loss on iteration 1220 = 0.011322620067676325
Training loss on iteration 1240 = 0.005917393874483423
Training loss on iteration 1260 = 0.0025639965829213907
Training loss on iteration 1280 = 0.0019280925968587325
Training loss on iteration 1300 = 0.0035151559944324616
Training loss on iteration 1320 = 0.007442927330475868
Training loss on iteration 1340 = 0.046152992205452395
Training loss on iteration 1360 = 0.003662911218998488
Training loss on iteration 1380 = 0.003915198929075814
Training loss on iteration 1400 = 0.011953268742570345
Training loss on iteration 1420 = 0.00861023833189165
Training loss on iteration 1440 = 0.009827053608591995
Training loss on iteration 1460 = 0.032331918986488975
Training loss on iteration 1480 = 0.05172192006100431
Training loss on iteration 1500 = 0.005435939448943827
Training loss on iteration 1520 = 0.04049159120440891
Training loss on iteration 1540 = 0.0023332273070991506
Training loss on iteration 1560 = 0.035705438668082935
Training loss on iteration 1580 = 0.01696570368440007
Training loss on iteration 1600 = 0.03604001618878101
Training loss on iteration 1620 = 0.019565378475090257
Training loss on iteration 1640 = 0.004487111009802902
Training loss on iteration 1660 = 0.0028241741481906503
Training loss on iteration 1680 = 0.022681799985730323
Training loss on iteration 1700 = 0.001848026968582417
Training loss on iteration 1720 = 0.012044695092299662
Training loss on iteration 1740 = 0.0022208589853107696
Training loss on iteration 1760 = 0.0010091534775710897
Training loss on iteration 1780 = 0.016530695691926667
Training loss on iteration 1800 = 0.005446676962401397
Training loss on iteration 1820 = 0.05418046672516539
Training loss on iteration 1840 = 0.025238156142950174
Training loss on iteration 1860 = 0.012858309912553522
Training loss on iteration 1880 = 0.006904175983981986
Training loss on iteration 1900 = 0.049144158172930476
Training loss on iteration 1920 = 0.02865167915006168
Training loss on iteration 1940 = 0.008081577172561083
Training loss on iteration 1960 = 0.02517747792735463
Training loss on iteration 1980 = 0.016789602742937858
Training loss on iteration 2000 = 0.008820410033422377
Training loss on iteration 2020 = 0.005525116025364696
Training loss on iteration 2040 = 0.0015748502786209428
Training loss on iteration 2060 = 0.011361928606402217
Training loss on iteration 2080 = 0.001211912475673671
Training loss on iteration 2100 = 0.021697358100209386
Training loss on iteration 2120 = 0.0123563686176567
Training loss on iteration 2140 = 0.0012537237771539367
Training loss on iteration 2160 = 0.0006828361932775806
Training loss on iteration 2180 = 0.0028903419177140678
Training loss on iteration 2200 = 0.000375238089600316
Training loss on iteration 2220 = 0.013099242566840984
Training loss on iteration 2240 = 0.0038196192681652975
Training loss on iteration 2260 = 0.05850743850497793
Training loss on iteration 2280 = 0.006487378885685758
Training loss on iteration 2300 = 0.003485478783113649
Training loss on iteration 2320 = 0.003435037329109036
Training loss on iteration 2340 = 0.0015304331581489806
Training loss on iteration 2360 = 0.007243434236227131
Training loss on iteration 2380 = 0.0005249613888054228
Training loss on iteration 2400 = 0.04397295262519947
Training loss on iteration 2420 = 0.04436608142823388
Training loss on iteration 2440 = 0.012179736465805035
Training loss on iteration 2460 = 0.018123902120714776
Training loss on iteration 2480 = 0.03520809612164157
Training loss on iteration 2500 = 0.02458218212123029
Training loss on iteration 2520 = 0.016013956269125627
Training loss on iteration 2540 = 0.038389666078728624
Training loss on iteration 2560 = 0.016581826930632815
Training loss on iteration 2580 = 0.004240597995885764
Training loss on iteration 2600 = 0.0070254867874609776
Training loss on iteration 2620 = 0.012164339198534435
Training loss on iteration 2640 = 0.012205056302173034
Training loss on iteration 2660 = 0.02796359178737475
Training loss on iteration 2680 = 0.0016741366398491664
Training loss on iteration 2700 = 0.003648350390358246
Training loss on iteration 2720 = 0.012787854925136344
Training loss on iteration 2740 = 0.002748971442269976
Training loss on iteration 2760 = 0.018020093238919798
Training loss on iteration 2780 = 0.02681701362507738
Training loss on iteration 2800 = 0.012954136839289277
Training loss on iteration 2820 = 0.01332193789125995
Training loss on iteration 2840 = 0.007043007571746784
Training loss on iteration 2860 = 0.01455157025502558
Training loss on iteration 2880 = 0.004555011692275457
Training loss on iteration 2900 = 0.006973894979932993
Training loss on iteration 2920 = 0.006049234570571116
Training loss on iteration 2940 = 0.020987373229718286
Training loss on iteration 2960 = 0.007206886904032217
Training loss on iteration 2980 = 0.016384362738529036
Training loss on iteration 3000 = 0.027886792613617217
Training loss on iteration 3020 = 0.005664934297237778
Training loss on iteration 3040 = 0.0020607218031727824
Training loss on iteration 3060 = 0.014612851040021723
Training loss on iteration 3080 = 0.03853579095998612
Training loss on iteration 3100 = 0.006881632769363932
Training loss on iteration 3120 = 0.029645836008239713
Training loss on iteration 3140 = 0.014357823068712606
Training loss on iteration 3160 = 0.005159369041211903
Training loss on iteration 3180 = 0.02613241341096
Training loss on iteration 3200 = 0.03927615326574596
Training loss on iteration 3220 = 0.010148465470047085
Training loss on iteration 3240 = 0.009332462843667599
Training loss on iteration 3260 = 0.002010920947145678
Training loss on iteration 3280 = 0.01107268125124392
Training loss on iteration 3300 = 0.0014823976980551379
Training loss on iteration 3320 = 0.012148538479232229
Training loss on iteration 3340 = 0.004706835760111971
Training loss on iteration 3360 = 0.0014743006490562038
Training loss on iteration 3380 = 0.011834466497168706
Training loss on iteration 3400 = 0.0011004594295513925
Training loss on iteration 3420 = 0.010527750859228035
Training loss on iteration 3440 = 0.005829015585777597
Training loss on iteration 3460 = 0.0211906943229792
Training loss on iteration 3480 = 0.002254922675820126
Training loss on iteration 3500 = 0.016201657667721747
Training loss on iteration 3520 = 0.007458043796759739
Training loss on iteration 3540 = 0.01490644562804846
Training loss on iteration 3560 = 0.008576614345702182
Training loss on iteration 3580 = 0.030215633226544015
Training loss on iteration 3600 = 0.007177274333662354
Training loss on iteration 3620 = 0.0012504225226621201
Training loss on iteration 3640 = 0.007140638372857211
Training loss on iteration 3660 = 0.00948726803790123
Training loss on iteration 3680 = 0.014055327301690568
Training loss on iteration 3700 = 0.018797789198572445
Training loss on iteration 3720 = 0.010089025343040703
Training loss on iteration 3740 = 0.030980022278481557
Training loss on iteration 3760 = 0.008480078227228205
Training loss on iteration 3780 = 0.016683227013299985
Training loss on iteration 3800 = 0.01599701028284244
Training loss on iteration 3820 = 0.06561220711525947
Training loss on iteration 3840 = 0.012679269062937237
Training loss on iteration 3860 = 0.008906299290174502
Training loss on iteration 3880 = 0.044613132278391275
Training loss on iteration 3900 = 0.005538165497637237
Training loss on iteration 3920 = 0.01121014633354207
Training loss on iteration 3940 = 0.020367748407807085
Training loss on iteration 3960 = 0.04995675692748591
Training loss on iteration 3980 = 0.021655313776500408
Training loss on iteration 4000 = 0.03193262555578258
Training loss on iteration 4020 = 0.008928516347805272
Training loss on iteration 4040 = 0.0034202174490928884
Training loss on iteration 4060 = 0.001651292704627849
Training loss on iteration 4080 = 0.006412884208191372
Training loss on iteration 4100 = 0.007380248754634522
Training loss on iteration 4120 = 0.019046360335414646
Training loss on iteration 4140 = 0.0027342001094439183
Training loss on iteration 4160 = 0.011835522520595988
Training loss on iteration 4180 = 0.0241085797301821
Training loss on iteration 4200 = 0.004143196980658103
Training loss on iteration 4220 = 0.0006844329621799261
Training loss on iteration 4240 = 0.0024119396843275353
Training loss on iteration 4260 = 0.0020439494451238716
Training loss on iteration 4280 = 0.005230899518403475
Training loss on iteration 4300 = 0.0010363815850894299
Training loss on iteration 4320 = 0.001014132441247284
Training loss on iteration 4340 = 0.0012769389884056182
Training loss on iteration 4360 = 0.011211247042467676
Training loss on iteration 4380 = 0.00016229033585091202
Training loss on iteration 4400 = 0.005228974765891081
Training loss on iteration 4420 = 0.0050591507579468955
Training loss on iteration 4440 = 0.0003350017133840311
Training loss on iteration 4460 = 0.0022347712337449366
Training loss on iteration 4480 = 0.001547289002206753
Training loss on iteration 4500 = 0.0004220108862035943
Training loss on iteration 4520 = 0.009837893452981916
Training loss on iteration 4540 = 0.0017790900838647872
Training loss on iteration 4560 = 0.013451399199468028
Training loss on iteration 4580 = 0.061004359797300546
Training loss on iteration 4600 = 0.019242925452454075
Training loss on iteration 4620 = 0.028997247184179287
Training loss on iteration 4640 = 0.006481336649903824
Training loss on iteration 4660 = 0.008124715487792856
Training loss on iteration 4680 = 0.011958749362020172
Training loss on iteration 4700 = 0.025309551518284935
Training loss on iteration 4720 = 0.015931791355069436
Training loss on iteration 4740 = 0.0020369799858599436
Training loss on iteration 4760 = 0.022280848597870318
Training loss on iteration 4780 = 0.025316660252974542
Training loss on iteration 4800 = 0.010120502057361591
Training loss on iteration 4820 = 0.009052659494500404
Training loss on iteration 4840 = 0.001227635156692486
Training loss on iteration 4860 = 0.0006596985988096549
Training loss on iteration 4880 = 0.0004451808896391185
Training loss on iteration 4900 = 0.0046127884624752365
Training loss on iteration 4920 = 0.0199730890646606
Training loss on iteration 4940 = 0.013725825315214024
Training loss on iteration 4960 = 0.007978916403396851
Training loss on iteration 4980 = 0.0005602936607829179
Training loss on iteration 5000 = 0.02607457255629697
Training loss on iteration 5020 = 0.027446568141749596
Training loss on iteration 5040 = 0.0013433485010523327
Training loss on iteration 5060 = 0.005503552598770512
Training loss on iteration 5080 = 0.004559319950675445
Training loss on iteration 5100 = 0.010903039802406056
Training loss on iteration 5120 = 0.0041394554301405154
Training loss on iteration 5140 = 0.005247713095923245
Training loss on iteration 5160 = 0.001064461430001984
Training loss on iteration 5180 = 0.006753903178764631
Training loss on iteration 5200 = 0.001922542978115871
Training loss on iteration 5220 = 0.02614326229594326
Training loss on iteration 5240 = 0.011544763312849681
Training loss on iteration 5260 = 0.003172789494783501
Training loss on iteration 5280 = 0.006118117123423872
Training loss on iteration 5300 = 0.0050499251528435705
Training loss on iteration 5320 = 0.011165181609344188
Training loss on iteration 5340 = 0.0028673041125728107
Training loss on iteration 5360 = 0.0057165397021520905
Training loss on iteration 5380 = 0.0021345143775931773
Training loss on iteration 5400 = 0.0002061422749537911
Training loss on iteration 5420 = 0.0006043816478609187
Training loss on iteration 5440 = 0.012381173328127205
Training loss on iteration 5460 = 0.013682133548753939
Training loss on iteration 5480 = 0.004720118194023825
Training loss on iteration 5500 = 0.006161170240450886
Training loss on iteration 5520 = 0.03083723035884418
Training loss on iteration 5540 = 0.0018252914313094948
Training loss on iteration 5560 = 0.0025484994886937782
Training loss on iteration 5580 = 0.01194280903497429
Training loss on iteration 5600 = 0.05872419387355876
Training loss on iteration 5620 = 0.032872485509506076
Training loss on iteration 5640 = 0.007362301312969066
Training loss on iteration 5660 = 0.005073551446548663
Training loss on iteration 5680 = 0.004942858161393815
Training loss on iteration 5700 = 0.0025677196095784892
Training loss on iteration 5720 = 0.001065565101816901
Training loss on iteration 5740 = 0.038393485295523534
Training loss on iteration 5760 = 0.015550889479891339
Training loss on iteration 5780 = 0.017123530092067085
Training loss on iteration 5800 = 0.006474857340253948
Training loss on iteration 5820 = 0.04753442397436629
Training loss on iteration 5840 = 0.01695881193609239
Training loss on iteration 5860 = 0.0016571303549881122
Training loss on iteration 5880 = 0.010141214536724874
Training loss on iteration 5900 = 0.02444690156494289
Training loss on iteration 5920 = 0.007887242584729393
Training loss on iteration 5940 = 0.024125617189838522
Training loss on iteration 5960 = 0.03752630276921991
Training loss on iteration 5980 = 0.04054643143026624
Training loss on iteration 6000 = 0.01916066611156566
Training loss on iteration 6020 = 0.028544231556588785
Training loss on iteration 6040 = 0.017171252079788247
Training loss on iteration 6060 = 0.008494332079135348
Training loss on iteration 6080 = 0.00998154519002128
Training loss on iteration 6100 = 0.018830621269444237
Training loss on iteration 6120 = 0.02136966839016168
Training loss on iteration 6140 = 0.007164123448251303
Training loss on iteration 6160 = 0.059139804571714194
Training loss on iteration 6180 = 0.0036108820212575666
Training loss on iteration 6200 = 0.018632567549798296
Training loss on iteration 6220 = 0.00659813861711882
Training loss on iteration 6240 = 0.003391852535150974
Training loss on iteration 6260 = 0.003787287502723302
Training loss on iteration 6280 = 0.03374537730876455
Training loss on iteration 6300 = 0.023063672601733743
Training loss on iteration 6320 = 0.0036931878646782935
Training loss on iteration 6340 = 0.0010280752189373743
Training loss on iteration 6360 = 0.03497072036966529
Training loss on iteration 6380 = 0.027829898437812518
Training loss on iteration 6400 = 0.0030075187769398326
Training loss on iteration 6420 = 0.0029768175227218308
Training loss on iteration 6440 = 0.059857274009118555
Training loss on iteration 6460 = 0.004579721340269316
Training loss on iteration 6480 = 0.012074260879307986
Training loss on iteration 6500 = 0.013198729600117077
Training loss on iteration 6520 = 0.015384472753248701
Training loss on iteration 6540 = 0.00562904013595471
Training loss on iteration 6560 = 0.019394674523573484
Training loss on iteration 6580 = 0.02887475142488256
Training loss on iteration 6600 = 0.022450913908687652
Training loss on iteration 6620 = 0.009853858292626683
Training loss on iteration 6640 = 0.016731304422683023
Training loss on iteration 6660 = 0.0008415118070843163
Training loss on iteration 6680 = 0.009090913067484507
Training loss on iteration 6700 = 0.01217779680955573
Training loss on iteration 6720 = 0.007478973099205177
Training loss on iteration 6740 = 0.022011173637611136
Training loss on iteration 6760 = 0.00045997772449482
Training loss on iteration 6780 = 0.0013067715496617894
Training loss on iteration 6800 = 0.006390461115984181
Training loss on iteration 6820 = 0.022270177549853543
Training loss on iteration 6840 = 0.0018225602573693322
Training loss on iteration 6860 = 0.008834671722161147
Training loss on iteration 6880 = 0.004596064458428373
Training loss on iteration 6900 = 0.01111117214816204
Training loss on iteration 6920 = 0.0196001314690875
Training loss on iteration 6940 = 0.01847597417486213
Training loss on iteration 6960 = 0.018859001565215295
Training loss on iteration 6980 = 0.009489929726260015
Training loss on iteration 7000 = 0.015777425936630608
Training loss on iteration 7020 = 0.002204450137924141
Training loss on iteration 7040 = 0.0030187927704446336
Training loss on iteration 7060 = 0.0027747128966325364
Training loss on iteration 7080 = 0.0005634637814580401
Training loss on iteration 7100 = 0.015458452585380655
Training loss on iteration 7120 = 0.020366040428325505
Training loss on iteration 7140 = 0.001378039705559786
Training loss on iteration 7160 = 0.004041018998759682
Training loss on iteration 7180 = 0.03572085886294189
Training loss on iteration 7200 = 0.0033830339317319157
Training loss on iteration 7220 = 0.028353882520480055
Training loss on iteration 7240 = 0.017549689423367452
Training loss on iteration 7260 = 0.015231376871633983
Training loss on iteration 7280 = 0.0312175980332313
Training loss on iteration 7300 = 0.031213961020330316
Training loss on iteration 7320 = 0.017567624005323523
Training loss on iteration 7340 = 0.01212388722774449
Training loss on iteration 7360 = 0.004157529998792597
Training loss on iteration 7380 = 0.019105027830664766
Training loss on iteration 7400 = 0.018672090511847726
Training loss on iteration 7420 = 0.02286998596750891
Training loss on iteration 7440 = 0.002593308399400485
Training loss on iteration 7460 = 0.014032642824895447
Training loss on iteration 7480 = 0.04929539583481528
### EVAL:: Epoch 14:: Loss = 0.0067928125986687835 :: ACC = 0.9975196555597154, AUC = 0.9999802273991025, EER = 0.0021527517783601646
Training on epoch 15
Training loss on iteration 0 = 5.914372013648972e-05
Training loss on iteration 20 = 0.010225688448554138
Training loss on iteration 40 = 0.037585336821121015
Training loss on iteration 60 = 0.006975131002764101
Training loss on iteration 80 = 0.02004368919006083
Training loss on iteration 100 = 0.008151642011944205
Training loss on iteration 120 = 0.008392608308895433
Training loss on iteration 140 = 0.04205196933871776
Training loss on iteration 160 = 0.007584821203295178
Training loss on iteration 180 = 0.01307365364348243
Training loss on iteration 200 = 0.013925238495409076
Training loss on iteration 220 = 0.0025270068355439435
Training loss on iteration 240 = 0.0015177685942489917
Training loss on iteration 260 = 0.05774355891826417
Training loss on iteration 280 = 0.01688696814380819
Training loss on iteration 300 = 0.01531484610204643
Training loss on iteration 320 = 0.004291236617063987
Training loss on iteration 340 = 0.0019236396411542954
Training loss on iteration 360 = 0.0027177704946552694
Training loss on iteration 380 = 0.018980592138973407
Training loss on iteration 400 = 0.0036065077246348665
Training loss on iteration 420 = 0.0164355116413617
Training loss on iteration 440 = 0.012962743590560422
Training loss on iteration 460 = 0.027143652079250558
Training loss on iteration 480 = 0.024275278417735534
Training loss on iteration 500 = 0.0029426832817989633
Training loss on iteration 520 = 0.0028882670081657124
Training loss on iteration 540 = 0.011078917100303443
Training loss on iteration 560 = 0.021608301318724443
Training loss on iteration 580 = 0.0036017606605526
Training loss on iteration 600 = 0.004983787938272144
Training loss on iteration 620 = 0.014158004175322958
Training loss on iteration 640 = 0.03132378951363535
Training loss on iteration 660 = 0.00941407391210305
Training loss on iteration 680 = 0.0010333238383509525
Training loss on iteration 700 = 0.00603311394895627
Training loss on iteration 720 = 0.0005454252447123053
Training loss on iteration 740 = 0.004819120676364719
Training loss on iteration 760 = 0.03303232219301435
Training loss on iteration 780 = 0.007300205175306473
Training loss on iteration 800 = 0.0013569213252139889
Training loss on iteration 820 = 0.013416767658509344
Training loss on iteration 840 = 0.0034729009517604935
Training loss on iteration 860 = 0.020664337665584752
Training loss on iteration 880 = 0.017585812377274124
Training loss on iteration 900 = 0.005787844048245461
Training loss on iteration 920 = 0.006538724939423446
Training loss on iteration 940 = 0.000981642523197479
Training loss on iteration 960 = 0.00397762027233739
Training loss on iteration 980 = 0.023521043343339442
Training loss on iteration 1000 = 0.017289853175046232
Training loss on iteration 1020 = 0.006424788573704631
Training loss on iteration 1040 = 0.00030940981716049977
Training loss on iteration 1060 = 0.006050372080380129
Training loss on iteration 1080 = 0.01039430512664552
Training loss on iteration 1100 = 5.6467785734071184e-05
Training loss on iteration 1120 = 0.03289700746878914
Training loss on iteration 1140 = 0.003989542843555682
Training loss on iteration 1160 = 0.0052787418660102505
Training loss on iteration 1180 = 0.014888058704900686
Training loss on iteration 1200 = 0.008845388295640078
Training loss on iteration 1220 = 0.027254238850713364
Training loss on iteration 1240 = 0.05717027667254797
Training loss on iteration 1260 = 0.05249118142601219
Training loss on iteration 1280 = 0.030835566980840667
Training loss on iteration 1300 = 0.037664313914137895
Training loss on iteration 1320 = 0.02693197799817426
Training loss on iteration 1340 = 0.02287288741208613
Training loss on iteration 1360 = 0.015926433974527754
Training loss on iteration 1380 = 0.005264567224185157
Training loss on iteration 1400 = 0.004545104514545528
Training loss on iteration 1420 = 0.0007477089047824848
Training loss on iteration 1440 = 0.002489714545362176
Training loss on iteration 1460 = 0.00495358146019953
Training loss on iteration 1480 = 0.02546251986202037
Training loss on iteration 1500 = 0.007719236930688567
Training loss on iteration 1520 = 0.007219693490452528
Training loss on iteration 1540 = 0.02060543445759322
Training loss on iteration 1560 = 0.002479345750793982
Training loss on iteration 1580 = 0.006449517266696602
Training loss on iteration 1600 = 0.004943026891399427
Training loss on iteration 1620 = 0.03809571033431922
Training loss on iteration 1640 = 0.02642712246799874
Training loss on iteration 1660 = 0.04750418701351009
Training loss on iteration 1680 = 0.0046526587469088556
Training loss on iteration 1700 = 0.006620108903916844
Training loss on iteration 1720 = 0.004942533607572841
Training loss on iteration 1740 = 0.038420413463427394
Training loss on iteration 1760 = 0.014476988954811532
Training loss on iteration 1780 = 0.006640653392241802
Training loss on iteration 1800 = 0.010789440630105673
Training loss on iteration 1820 = 0.005421711080725799
Training loss on iteration 1840 = 0.02929268491370749
Training loss on iteration 1860 = 0.008124088766817295
Training loss on iteration 1880 = 0.01398911352353025
Training loss on iteration 1900 = 0.008503485356959573
Training loss on iteration 1920 = 0.008859833029919172
Training loss on iteration 1940 = 0.013187533211930714
Training loss on iteration 1960 = 0.0028005889500377634
Training loss on iteration 1980 = 0.0022800509276578395
Training loss on iteration 2000 = 0.004540258621727844
Training loss on iteration 2020 = 0.017292284661873936
Training loss on iteration 2040 = 0.02153027009977393
Training loss on iteration 2060 = 0.003122660244537201
Training loss on iteration 2080 = 0.0017061238086512275
Training loss on iteration 2100 = 0.00939457111744133
Training loss on iteration 2120 = 0.009701311165732562
Training loss on iteration 2140 = 0.0037861262949064668
Training loss on iteration 2160 = 0.0038139572448329774
Training loss on iteration 2180 = 0.0005376052569260991
Training loss on iteration 2200 = 0.031797415061458875
Training loss on iteration 2220 = 0.025898961453390257
Training loss on iteration 2240 = 0.02531951926648617
Training loss on iteration 2260 = 0.04587011571511539
Training loss on iteration 2280 = 0.015820770980644737
Training loss on iteration 2300 = 0.009396769533668702
Training loss on iteration 2320 = 0.01435629264635736
Training loss on iteration 2340 = 0.04898665521031944
Training loss on iteration 2360 = 0.02573276259136037
Training loss on iteration 2380 = 0.03277430988673587
Training loss on iteration 2400 = 0.006984311967244139
Training loss on iteration 2420 = 0.0507052198619931
Training loss on iteration 2440 = 0.02558713631833598
Training loss on iteration 2460 = 0.007865211492753588
Training loss on iteration 2480 = 0.004887285120457818
Training loss on iteration 2500 = 0.003418096344466903
Training loss on iteration 2520 = 0.004015649387474696
Training loss on iteration 2540 = 0.007620355373637722
Training loss on iteration 2560 = 0.04877415142436803
Training loss on iteration 2580 = 0.011667479237075895
Training loss on iteration 2600 = 0.004599449905515485
Training loss on iteration 2620 = 0.004864504141096404
Training loss on iteration 2640 = 0.002997597802902874
Training loss on iteration 2660 = 0.0008626243181879545
Training loss on iteration 2680 = 0.016940422614680983
Training loss on iteration 2700 = 0.04993182073367279
Training loss on iteration 2720 = 0.0007612900527419697
Training loss on iteration 2740 = 0.007857934326784744
Training loss on iteration 2760 = 0.011298116091711562
Training loss on iteration 2780 = 0.05448803645560929
Training loss on iteration 2800 = 0.04633218801627663
Training loss on iteration 2820 = 0.012989176153496373
Training loss on iteration 2840 = 0.024450333167442294
Training loss on iteration 2860 = 0.008739367871748982
Training loss on iteration 2880 = 0.021145765221808686
Training loss on iteration 2900 = 0.002359634428694335
Training loss on iteration 2920 = 0.012752764591459709
Training loss on iteration 2940 = 0.03239149972650921
Training loss on iteration 2960 = 0.008132047494655126
Training loss on iteration 2980 = 0.001125311033683829
Training loss on iteration 3000 = 0.002756276569380134
Training loss on iteration 3020 = 0.002015967839838595
Training loss on iteration 3040 = 0.0022043008377295335
Training loss on iteration 3060 = 0.0024200026085964056
Training loss on iteration 3080 = 0.007511101902684914
Training loss on iteration 3100 = 0.008936535813154478
Training loss on iteration 3120 = 0.019512591479679032
Training loss on iteration 3140 = 0.03550768107156728
Training loss on iteration 3160 = 0.029726146614211756
Training loss on iteration 3180 = 0.018914315085021373
Training loss on iteration 3200 = 0.0053288629555027
Training loss on iteration 3220 = 0.012088261195049198
Training loss on iteration 3240 = 0.0032124969487767885
Training loss on iteration 3260 = 0.0033608764628922927
Training loss on iteration 3280 = 0.014038350995815563
Training loss on iteration 3300 = 0.01715225983880373
Training loss on iteration 3320 = 0.008176522889152693
Training loss on iteration 3340 = 0.03652007786977265
Training loss on iteration 3360 = 0.021132818284513633
Training loss on iteration 3380 = 0.00913219468711759
Training loss on iteration 3400 = 0.007840359950114362
Training loss on iteration 3420 = 0.02164339818555163
Training loss on iteration 3440 = 0.019075982019785442
Training loss on iteration 3460 = 0.008786184535347274
Training loss on iteration 3480 = 0.0016370543450648257
Training loss on iteration 3500 = 0.007889524164875183
Training loss on iteration 3520 = 0.005421573529702073
Training loss on iteration 3540 = 0.01940380365947476
Training loss on iteration 3560 = 0.0059925169308371554
Training loss on iteration 3580 = 0.009854245693202302
Training loss on iteration 3600 = 0.0053320391930071764
Training loss on iteration 3620 = 0.020079344641021634
Training loss on iteration 3640 = 0.012918461956235205
Training loss on iteration 3660 = 0.014377792718084948
Training loss on iteration 3680 = 0.007584620694126442
Training loss on iteration 3700 = 0.005014052336673558
Training loss on iteration 3720 = 0.039925350965131653
Training loss on iteration 3740 = 0.018128187790034646
Training loss on iteration 3760 = 0.0017604564040993864
Training loss on iteration 3780 = 0.020347533345375268
Training loss on iteration 3800 = 0.004025542298518303
Training loss on iteration 3820 = 0.0023920430580119502
Training loss on iteration 3840 = 0.009698112019009386
Training loss on iteration 3860 = 0.0038343788277700242
Training loss on iteration 3880 = 0.00012253041998064874
Training loss on iteration 3900 = 0.024969903051658093
Training loss on iteration 3920 = 0.0029613409958074042
Training loss on iteration 3940 = 0.003925603523657628
Training loss on iteration 3960 = 0.000858404096970844
Training loss on iteration 3980 = 0.001343235367141915
Training loss on iteration 4000 = 0.006746731738326161
Training loss on iteration 4020 = 0.00048207874033607824
Training loss on iteration 4040 = 0.01770930812294864
Training loss on iteration 4060 = 0.01005055757500486
Training loss on iteration 4080 = 0.02552768768648548
Training loss on iteration 4100 = 0.007857512860937277
Training loss on iteration 4120 = 0.008838273209559589
Training loss on iteration 4140 = 0.03380043122429015
Training loss on iteration 4160 = 0.004232894447522994
Training loss on iteration 4180 = 0.026284318366924707
Training loss on iteration 4200 = 0.01780873274155965
Training loss on iteration 4220 = 0.0023744347546170276
Training loss on iteration 4240 = 0.0048314090706469415
Training loss on iteration 4260 = 0.019791459682660318
Training loss on iteration 4280 = 0.007216883432440824
Training loss on iteration 4300 = 0.006266123810280533
Training loss on iteration 4320 = 0.01103426956612168
Training loss on iteration 4340 = 0.016375928178763387
Training loss on iteration 4360 = 0.005698177235642277
Training loss on iteration 4380 = 0.0006308512213825778
Training loss on iteration 4400 = 0.0027233397936576864
Training loss on iteration 4420 = 0.0025668106742898545
Training loss on iteration 4440 = 0.028901703314344475
Training loss on iteration 4460 = 0.04309143660638419
Training loss on iteration 4480 = 0.018386242398082685
Training loss on iteration 4500 = 0.009935077257614467
Training loss on iteration 4520 = 0.007240650205903876
Training loss on iteration 4540 = 0.003270279134096654
Training loss on iteration 4560 = 0.004927404320670803
Training loss on iteration 4580 = 0.000761079611987725
Training loss on iteration 4600 = 0.02609202932194421
Training loss on iteration 4620 = 0.002480131323996204
Training loss on iteration 4640 = 0.015428633385090507
Training loss on iteration 4660 = 0.0008938144275845161
Training loss on iteration 4680 = 0.0358224155477842
Training loss on iteration 4700 = 0.008081883374325116
Training loss on iteration 4720 = 0.011260898158525379
Training loss on iteration 4740 = 0.03506593925812922
Training loss on iteration 4760 = 0.016515006891495432
Training loss on iteration 4780 = 0.02862918583850842
Training loss on iteration 4800 = 0.01050807599494874
Training loss on iteration 4820 = 0.0030031229810902004
Training loss on iteration 4840 = 0.015316528276878216
Training loss on iteration 4860 = 0.039160197796172726
Training loss on iteration 4880 = 0.003166955371852964
Training loss on iteration 4900 = 0.001394630018648968
Training loss on iteration 4920 = 0.008312567834309448
Training loss on iteration 4940 = 0.023217916957173658
Training loss on iteration 4960 = 0.01107401917702191
Training loss on iteration 4980 = 0.015588409980819052
Training loss on iteration 5000 = 0.005088680823064351
Training loss on iteration 5020 = 0.004182454671126834
Training loss on iteration 5040 = 0.0030124747738227596
Training loss on iteration 5060 = 0.0012864441400324722
Training loss on iteration 5080 = 0.00018563038767069884
Training loss on iteration 5100 = 0.007352461884511286
Training loss on iteration 5120 = 0.002823553720554628
Training loss on iteration 5140 = 0.0024121144760499646
Training loss on iteration 5160 = 9.705618464295185e-05
Training loss on iteration 5180 = 0.0029069525363013327
Training loss on iteration 5200 = 0.00032491268138343796
Training loss on iteration 5220 = 0.0031680165203383124
Training loss on iteration 5240 = 0.02538761584300033
Training loss on iteration 5260 = 0.0004303481313300495
Training loss on iteration 5280 = 0.0018775795240628668
Training loss on iteration 5300 = 0.00019473758046428813
Training loss on iteration 5320 = 0.00032513099971431814
Training loss on iteration 5340 = 0.0004485362544549787
Training loss on iteration 5360 = 0.0011626850316702076
Training loss on iteration 5380 = 0.0009012532164561548
Training loss on iteration 5400 = 0.0019845031736522856
Training loss on iteration 5420 = 0.01694816142327298
Training loss on iteration 5440 = 0.023811158185473857
Training loss on iteration 5460 = 0.02018999764774776
Training loss on iteration 5480 = 0.0016075582749067508
Training loss on iteration 5500 = 0.008223275785587703
Training loss on iteration 5520 = 0.02084452797494123
Training loss on iteration 5540 = 0.0038643752377538476
Training loss on iteration 5560 = 0.0041804521176572965
Training loss on iteration 5580 = 0.011495044300136214
Training loss on iteration 5600 = 0.00986997241274139
Training loss on iteration 5620 = 0.026443799339597264
Training loss on iteration 5640 = 0.014784517783971296
Training loss on iteration 5660 = 0.004619628411637678
Training loss on iteration 5680 = 0.01598586554918313
Training loss on iteration 5700 = 0.0036868701999765107
Training loss on iteration 5720 = 0.015530388070760636
Training loss on iteration 5740 = 0.0052020051130909906
Training loss on iteration 5760 = 0.022803430284881188
Training loss on iteration 5780 = 0.04650307721946092
Training loss on iteration 5800 = 0.010817574270731711
Training loss on iteration 5820 = 0.04278907006787449
Training loss on iteration 5840 = 0.0038297354730275402
Training loss on iteration 5860 = 0.006452423845985322
Training loss on iteration 5880 = 0.01370251220987484
Training loss on iteration 5900 = 0.04335862814336906
Training loss on iteration 5920 = 0.02335406572547072
Training loss on iteration 5940 = 0.009697289486939552
Training loss on iteration 5960 = 0.01054438658975414
Training loss on iteration 5980 = 0.03930080172212911
Training loss on iteration 6000 = 0.010800181188824354
Training loss on iteration 6020 = 0.004777753763460168
Training loss on iteration 6040 = 0.004820808257682075
Training loss on iteration 6060 = 0.02963406445282999
Training loss on iteration 6080 = 0.02085775917312276
Training loss on iteration 6100 = 0.017371876189645263
Training loss on iteration 6120 = 0.016120698903660014
Training loss on iteration 6140 = 0.016659320506778385
Training loss on iteration 6160 = 0.010376384058326948
Training loss on iteration 6180 = 0.01037662987384067
Training loss on iteration 6200 = 0.0071561193230081695
Training loss on iteration 6220 = 0.010749884289032252
Training loss on iteration 6240 = 0.006789183594833048
Training loss on iteration 6260 = 0.0231311174638563
Training loss on iteration 6280 = 0.0036097978975703883
Training loss on iteration 6300 = 0.011458988231606782
Training loss on iteration 6320 = 0.007059412399939902
Training loss on iteration 6340 = 0.0011446467005725935
Training loss on iteration 6360 = 0.005417145082608954
Training loss on iteration 6380 = 0.000834330360498825
Training loss on iteration 6400 = 0.0034883796861294057
Training loss on iteration 6420 = 0.00034160627327715074
Training loss on iteration 6440 = 0.023381519498295235
Training loss on iteration 6460 = 0.051046018007536983
Training loss on iteration 6480 = 0.011968685896840725
Training loss on iteration 6500 = 0.03361835764117131
Training loss on iteration 6520 = 0.004799335602774591
Training loss on iteration 6540 = 0.00307731818315915
Training loss on iteration 6560 = 0.017531086575763764
Training loss on iteration 6580 = 0.02587557089900656
Training loss on iteration 6600 = 0.0076335812438628635
Training loss on iteration 6620 = 0.0014250929052650463
Training loss on iteration 6640 = 0.005912820084563464
Training loss on iteration 6660 = 0.00013461690336953326
Training loss on iteration 6680 = 0.0008955341444561782
Training loss on iteration 6700 = 0.0006817499566750485
Training loss on iteration 6720 = 0.02261832261785912
Training loss on iteration 6740 = 0.039975299664990874
Training loss on iteration 6760 = 0.005007121733979147
Training loss on iteration 6780 = 0.001723833760843263
Training loss on iteration 6800 = 0.03248064087208604
Training loss on iteration 6820 = 0.03523314373830999
Training loss on iteration 6840 = 0.008817324065603316
Training loss on iteration 6860 = 0.0371809299387678
Training loss on iteration 6880 = 0.015647195290512173
Training loss on iteration 6900 = 0.008478527923944056
Training loss on iteration 6920 = 0.005014399196079466
Training loss on iteration 6940 = 0.028250878234030097
Training loss on iteration 6960 = 0.01914555675666634
Training loss on iteration 6980 = 0.007312185012870032
Training loss on iteration 7000 = 0.0019691388332830685
Training loss on iteration 7020 = 0.06319745974205944
Training loss on iteration 7040 = 0.008329760022752453
Training loss on iteration 7060 = 0.007928462763447896
Training loss on iteration 7080 = 0.011887788344029104
Training loss on iteration 7100 = 0.024399343719051104
Training loss on iteration 7120 = 0.011120983791715843
Training loss on iteration 7140 = 0.01335131775113041
Training loss on iteration 7160 = 0.011703778311334645
Training loss on iteration 7180 = 0.011420903421367257
Training loss on iteration 7200 = 0.005667005827581307
Training loss on iteration 7220 = 0.0016283683039432617
Training loss on iteration 7240 = 0.018022347519215033
Training loss on iteration 7260 = 0.004474782420913925
Training loss on iteration 7280 = 0.026692672864510315
Training loss on iteration 7300 = 0.023320009231633777
Training loss on iteration 7320 = 0.01170883160223184
Training loss on iteration 7340 = 0.01899022544757827
Training loss on iteration 7360 = 0.003362542048762407
Training loss on iteration 7380 = 0.009264352424452227
Training loss on iteration 7400 = 0.0013628478750888462
Training loss on iteration 7420 = 0.03653292744826331
Training loss on iteration 7440 = 0.03797312888671058
Training loss on iteration 7460 = 0.0023044518049573524
Training loss on iteration 7480 = 0.018139300457778517
### EVAL:: Epoch 15:: Loss = 0.006600307156928094 :: ACC = 0.9977536503182328, AUC = 0.999972167676982, EER = 0.0018719580681392737
Training on epoch 16
Training loss on iteration 0 = 0.009877556934952736
Training loss on iteration 20 = 0.005826169612328158
Training loss on iteration 40 = 0.024533164926333485
Training loss on iteration 60 = 0.01685440558940172
Training loss on iteration 80 = 0.043358188318279645
Training loss on iteration 100 = 0.006134710219339467
Training loss on iteration 120 = 0.003314988676538633
Training loss on iteration 140 = 0.01938175789327943
Training loss on iteration 160 = 0.016387843933625846
Training loss on iteration 180 = 0.006264698703012073
Training loss on iteration 200 = 0.005727217970229503
Training loss on iteration 220 = 0.005871038388977468
Training loss on iteration 240 = 0.0011431870903606978
Training loss on iteration 260 = 0.0092442175871156
Training loss on iteration 280 = 0.09676815068552287
Training loss on iteration 300 = 0.027636570457252672
Training loss on iteration 320 = 0.01160084833027213
Training loss on iteration 340 = 0.0012848332811699948
Training loss on iteration 360 = 0.0005131425268700696
Training loss on iteration 380 = 0.0024025134073781375
Training loss on iteration 400 = 0.007826791479055828
Training loss on iteration 420 = 0.02725720673770411
Training loss on iteration 440 = 0.0064490962973650316
Training loss on iteration 460 = 0.002178984708734788
Training loss on iteration 480 = 0.017273240131908098
Training loss on iteration 500 = 0.00656885048310869
Training loss on iteration 520 = 0.02692142434152629
Training loss on iteration 540 = 0.006747890186352379
Training loss on iteration 560 = 0.006297834053020779
Training loss on iteration 580 = 0.024536102077263422
Training loss on iteration 600 = 0.0049447980769400605
Training loss on iteration 620 = 0.004069698481816886
Training loss on iteration 640 = 0.031456524707755305
Training loss on iteration 660 = 0.0038858376574353315
Training loss on iteration 680 = 0.015281081240755157
Training loss on iteration 700 = 0.03538973655531663
Training loss on iteration 720 = 0.014287561550736428
Training loss on iteration 740 = 0.05802121289611932
Training loss on iteration 760 = 0.013791612564818933
Training loss on iteration 780 = 0.010011829407085315
Training loss on iteration 800 = 0.015952487404865677
Training loss on iteration 820 = 0.016618720920814668
Training loss on iteration 840 = 0.021184522572093557
Training loss on iteration 860 = 0.004687082166492473
Training loss on iteration 880 = 0.032944131289059445
Training loss on iteration 900 = 0.02236731572061217
Training loss on iteration 920 = 0.0012427368676071638
Training loss on iteration 940 = 0.02958082004206517
Training loss on iteration 960 = 0.008272746577677025
Training loss on iteration 980 = 0.004637073727053576
Training loss on iteration 1000 = 0.01733366086696151
Training loss on iteration 1020 = 0.04971654319724621
Training loss on iteration 1040 = 0.01971720467608975
Training loss on iteration 1060 = 0.0027038487038225866
Training loss on iteration 1080 = 0.014014391690579941
Training loss on iteration 1100 = 0.00551813399333696
Training loss on iteration 1120 = 0.0024229807478945986
Training loss on iteration 1140 = 0.030398655138196774
Training loss on iteration 1160 = 0.019842829938988872
Training loss on iteration 1180 = 0.00912117570387636
Training loss on iteration 1200 = 0.014199213738288563
Training loss on iteration 1220 = 0.03769834530558001
Training loss on iteration 1240 = 0.01580514581364696
Training loss on iteration 1260 = 0.02506366133056872
Training loss on iteration 1280 = 0.011456505178898624
Training loss on iteration 1300 = 0.007754542208931525
Training loss on iteration 1320 = 0.0055056057063211485
Training loss on iteration 1340 = 0.005910362149484172
Training loss on iteration 1360 = 0.0017023551585225506
Training loss on iteration 1380 = 0.006370635927652302
Training loss on iteration 1400 = 0.02944680795093575
Training loss on iteration 1420 = 0.014502638773453213
Training loss on iteration 1440 = 0.01781059199244055
Training loss on iteration 1460 = 0.03125125273127196
Training loss on iteration 1480 = 0.002951475126747027
Training loss on iteration 1500 = 0.016828767498373053
Training loss on iteration 1520 = 0.0019520846972227446
Training loss on iteration 1540 = 0.009857448949242098
Training loss on iteration 1560 = 0.02512178920435417
Training loss on iteration 1580 = 0.006363368971506134
Training loss on iteration 1600 = 0.02416197390280104
Training loss on iteration 1620 = 0.03638336293297471
Training loss on iteration 1640 = 0.05043030496854044
Training loss on iteration 1660 = 0.00563628280069679
Training loss on iteration 1680 = 0.014437589830049547
Training loss on iteration 1700 = 0.018576240179390878
Training loss on iteration 1720 = 0.0020139404906331037
Training loss on iteration 1740 = 0.012927066136307985
Training loss on iteration 1760 = 0.011627958323333586
Training loss on iteration 1780 = 0.003341604369461493
Training loss on iteration 1800 = 0.031232348499088403
Training loss on iteration 1820 = 0.013252534267940064
Training loss on iteration 1840 = 0.00577678891195319
Training loss on iteration 1860 = 0.030396083734603962
Training loss on iteration 1880 = 0.019020009144378493
Training loss on iteration 1900 = 0.023095067193207797
Training loss on iteration 1920 = 0.022121450612758053
Training loss on iteration 1940 = 0.0033337732675818186
Training loss on iteration 1960 = 0.017374615695371177
Training loss on iteration 1980 = 0.01480252752226079
Training loss on iteration 2000 = 0.00847150254949156
Training loss on iteration 2020 = 0.02548983763472279
Training loss on iteration 2040 = 0.019088510173423855
Training loss on iteration 2060 = 0.012677347641147207
Training loss on iteration 2080 = 0.015557704969432961
Training loss on iteration 2100 = 0.035074400939993214
Training loss on iteration 2120 = 0.0017385363924404373
Training loss on iteration 2140 = 0.006737327724385978
Training loss on iteration 2160 = 0.006874735017049716
Training loss on iteration 2180 = 0.012320863173044927
Training loss on iteration 2200 = 0.002690311767730691
Training loss on iteration 2220 = 0.012027535025140423
Training loss on iteration 2240 = 0.02843022802926498
Training loss on iteration 2260 = 0.028622806429348203
Training loss on iteration 2280 = 0.04143034649241599
Training loss on iteration 2300 = 0.04146456462422066
Training loss on iteration 2320 = 0.002957325736861094
Training loss on iteration 2340 = 0.011752604681169032
Training loss on iteration 2360 = 0.0053427392442245035
Training loss on iteration 2380 = 0.012609607505510212
Training loss on iteration 2400 = 0.007189226002219584
Training loss on iteration 2420 = 0.007923054342973046
Training loss on iteration 2440 = 0.0054296020486162885
Training loss on iteration 2460 = 0.004012836912227158
Training loss on iteration 2480 = 0.022899433610996313
Training loss on iteration 2500 = 0.01790174143434342
Training loss on iteration 2520 = 0.0029615698921588774
Training loss on iteration 2540 = 0.013244439610571136
Training loss on iteration 2560 = 0.004612367998288391
Training loss on iteration 2580 = 0.015276636369617336
Training loss on iteration 2600 = 0.007578640547581017
Training loss on iteration 2620 = 0.014662259969554725
Training loss on iteration 2640 = 0.0198450338962175
Training loss on iteration 2660 = 0.010202490482299709
Training loss on iteration 2680 = 0.038169194762463124
Training loss on iteration 2700 = 0.0026852644312384657
Training loss on iteration 2720 = 0.009919157962423241
Training loss on iteration 2740 = 0.02290429159120322
Training loss on iteration 2760 = 0.0016730390355860435
Training loss on iteration 2780 = 0.0032431825696903616
Training loss on iteration 2800 = 0.003884455477600568
Training loss on iteration 2820 = 0.0029136435436157627
Training loss on iteration 2840 = 0.0019814982927044865
Training loss on iteration 2860 = 0.012497158097949069
Training loss on iteration 2880 = 0.0019445747827830928
Training loss on iteration 2900 = 0.0029799613734923015
Training loss on iteration 2920 = 0.019277958081826797
Training loss on iteration 2940 = 0.001223303066905146
Training loss on iteration 2960 = 0.009265073010283231
Training loss on iteration 2980 = 0.012448362838597404
Training loss on iteration 3000 = 0.0015327745991157826
Training loss on iteration 3020 = 0.03135425429336465
Training loss on iteration 3040 = 0.029541542142476375
Training loss on iteration 3060 = 0.013643208802659502
Training loss on iteration 3080 = 0.00798393613645203
Training loss on iteration 3100 = 0.004491726100673077
Training loss on iteration 3120 = 0.04118154637922089
Training loss on iteration 3140 = 0.01616424551975797
Training loss on iteration 3160 = 0.013718279821341639
Training loss on iteration 3180 = 0.02231259818017861
Training loss on iteration 3200 = 0.018583138296980904
Training loss on iteration 3220 = 0.013544469230328104
Training loss on iteration 3240 = 0.02194000718136522
Training loss on iteration 3260 = 0.006686122794235416
Training loss on iteration 3280 = 0.019738230164148263
Training loss on iteration 3300 = 0.017583671702300307
Training loss on iteration 3320 = 0.007403641781729675
Training loss on iteration 3340 = 0.007686326047769398
Training loss on iteration 3360 = 0.005933421326062671
Training loss on iteration 3380 = 0.008313711529422108
Training loss on iteration 3400 = 0.0018246995966819668
Training loss on iteration 3420 = 0.003014922197235137
Training loss on iteration 3440 = 0.000597516410539356
Training loss on iteration 3460 = 0.014244721387262871
Training loss on iteration 3480 = 0.022720550276244467
Training loss on iteration 3500 = 0.002282902354068028
Training loss on iteration 3520 = 0.0036884623861737965
Training loss on iteration 3540 = 0.010273922930463187
Training loss on iteration 3560 = 0.002925121583461987
Training loss on iteration 3580 = 0.03137334002992702
Training loss on iteration 3600 = 0.010710915549589117
Training loss on iteration 3620 = 0.0029487145760640487
Training loss on iteration 3640 = 0.00033474495996301814
Training loss on iteration 3660 = 0.0007180764953773177
Training loss on iteration 3680 = 0.014063064006120386
Training loss on iteration 3700 = 0.038397842778977065
Training loss on iteration 3720 = 0.013620728638670698
Training loss on iteration 3740 = 0.010852039201381558
Training loss on iteration 3760 = 0.014931058372894768
Training loss on iteration 3780 = 0.006094030207600553
Training loss on iteration 3800 = 0.004074832190099187
Training loss on iteration 3820 = 0.02568449343671091
Training loss on iteration 3840 = 0.008747586475226398
Training loss on iteration 3860 = 0.004179874660125193
Training loss on iteration 3880 = 0.02065038176181133
Training loss on iteration 3900 = 0.040176133301611114
Training loss on iteration 3920 = 0.0026349045574534102
Training loss on iteration 3940 = 0.007989197199822228
Training loss on iteration 3960 = 0.005394876929858583
Training loss on iteration 3980 = 0.002532093844070005
Training loss on iteration 4000 = 0.011409219149948057
Training loss on iteration 4020 = 0.002586110351194293
Training loss on iteration 4040 = 0.004541982748582996
Training loss on iteration 4060 = 0.009204130377008823
Training loss on iteration 4080 = 0.007048738463254267
Training loss on iteration 4100 = 0.04173819610000464
Training loss on iteration 4120 = 0.06514792153495819
Training loss on iteration 4140 = 0.015180287765542744
Training loss on iteration 4160 = 0.012449749238294316
Training loss on iteration 4180 = 0.012720528719364665
Training loss on iteration 4200 = 0.026534676928713453
Training loss on iteration 4220 = 0.009690971879899734
Training loss on iteration 4240 = 0.0193152522235323
Training loss on iteration 4260 = 0.009692023854313447
Training loss on iteration 4280 = 0.02176780885304197
Training loss on iteration 4300 = 0.010630571751244133
Training loss on iteration 4320 = 0.008393577730748803
Training loss on iteration 4340 = 0.006112847557915302
Training loss on iteration 4360 = 0.012557192852409572
Training loss on iteration 4380 = 0.004687845124999512
Training loss on iteration 4400 = 0.008466000000112217
Training loss on iteration 4420 = 0.011378422786401643
Training loss on iteration 4440 = 0.021418085312993183
Training loss on iteration 4460 = 0.002850005319049842
Training loss on iteration 4480 = 0.021320876817821955
Training loss on iteration 4500 = 0.006068594905809732
Training loss on iteration 4520 = 0.00410264325028038
Training loss on iteration 4540 = 0.027119845179998946
Training loss on iteration 4560 = 0.0007900725359149874
Training loss on iteration 4580 = 0.007588823627656893
Training loss on iteration 4600 = 0.012881751084796634
Training loss on iteration 4620 = 0.011425082030513067
Training loss on iteration 4640 = 0.012259159059613011
Training loss on iteration 4660 = 0.01230698565880175
Training loss on iteration 4680 = 0.028534485923114517
Training loss on iteration 4700 = 0.0012463933153412654
Training loss on iteration 4720 = 0.015115785054945263
Training loss on iteration 4740 = 0.02608480227381733
Training loss on iteration 4760 = 0.010401231369360175
Training loss on iteration 4780 = 0.0034128502974454023
Training loss on iteration 4800 = 0.0016189227646464133
Training loss on iteration 4820 = 0.007608523091266761
Training loss on iteration 4840 = 0.014340921909206373
Training loss on iteration 4860 = 0.004114043996059991
Training loss on iteration 4880 = 0.018483214383513767
Training loss on iteration 4900 = 0.009808949622811269
Training loss on iteration 4920 = 0.0017737168435132844
Training loss on iteration 4940 = 0.0010343683696078187
Training loss on iteration 4960 = 0.001340374581677395
Training loss on iteration 4980 = 0.0008088729520864035
Training loss on iteration 5000 = 0.0027663431749132884
Training loss on iteration 5020 = 0.04558710255814731
Training loss on iteration 5040 = 0.05395046645026014
Training loss on iteration 5060 = 0.016076886243899934
Training loss on iteration 5080 = 0.013426706125937927
Training loss on iteration 5100 = 0.011537833484544536
Training loss on iteration 5120 = 0.0020542867117910647
Training loss on iteration 5140 = 0.015512513650901383
Training loss on iteration 5160 = 0.009889769382789381
Training loss on iteration 5180 = 0.006699250930046219
Training loss on iteration 5200 = 0.0018002641472776304
Training loss on iteration 5220 = 0.05156270876075837
Training loss on iteration 5240 = 0.03189181681955233
Training loss on iteration 5260 = 0.008188115996745182
Training loss on iteration 5280 = 0.011804834892245708
Training loss on iteration 5300 = 0.02644456568603317
Training loss on iteration 5320 = 0.01485604097297255
Training loss on iteration 5340 = 0.007282748014131357
Training loss on iteration 5360 = 0.011136712823940798
Training loss on iteration 5380 = 0.003256880825483677
Training loss on iteration 5400 = 0.000535181099712645
Training loss on iteration 5420 = 0.00970309837248351
Training loss on iteration 5440 = 0.017449110424604442
Training loss on iteration 5460 = 0.011427206554071746
Training loss on iteration 5480 = 0.017484261821300605
Training loss on iteration 5500 = 0.043732662874981544
Training loss on iteration 5520 = 0.009643722792793597
Training loss on iteration 5540 = 0.010106702039831817
Training loss on iteration 5560 = 0.01163975531487722
Training loss on iteration 5580 = 0.012709955416858066
Training loss on iteration 5600 = 0.009761169725243235
Training loss on iteration 5620 = 0.001946873438367902
Training loss on iteration 5640 = 0.04531042184571561
Training loss on iteration 5660 = 0.010102926383478917
Training loss on iteration 5680 = 0.012211365266011853
Training loss on iteration 5700 = 0.01583334246815866
Training loss on iteration 5720 = 0.01725985497387228
Training loss on iteration 5740 = 0.03961438409842231
Training loss on iteration 5760 = 0.004841885236055532
Training loss on iteration 5780 = 0.0059783564651297635
Training loss on iteration 5800 = 0.00910188510606531
Training loss on iteration 5820 = 0.032996213958267614
Training loss on iteration 5840 = 0.006736709179313039
Training loss on iteration 5860 = 0.011989984480896965
Training loss on iteration 5880 = 0.010777774763846537
Training loss on iteration 5900 = 0.004835228930051017
Training loss on iteration 5920 = 0.015475103041353577
Training loss on iteration 5940 = 0.011840063238378207
Training loss on iteration 5960 = 0.030324733139036653
Training loss on iteration 5980 = 0.014616807871789206
Training loss on iteration 6000 = 0.03057033168443013
Training loss on iteration 6020 = 0.0028388756785716397
Training loss on iteration 6040 = 0.012534404179677949
Training loss on iteration 6060 = 0.021017021909392496
Training loss on iteration 6080 = 0.028258788435778115
Training loss on iteration 6100 = 0.008158496259420644
Training loss on iteration 6120 = 0.005620199134136783
Training loss on iteration 6140 = 0.012779802762725011
Training loss on iteration 6160 = 0.020915451918972393
Training loss on iteration 6180 = 0.021471851512251304
Training loss on iteration 6200 = 0.006429282920362311
Training loss on iteration 6220 = 0.020970309124186313
Training loss on iteration 6240 = 0.0018590695977195536
Training loss on iteration 6260 = 0.02388682817540939
Training loss on iteration 6280 = 0.017327163332197415
Training loss on iteration 6300 = 0.01039732218082463
Training loss on iteration 6320 = 0.018078762763434498
Training loss on iteration 6340 = 0.012800145795722528
Training loss on iteration 6360 = 0.018880876705361517
Training loss on iteration 6380 = 0.00615908310192026
Training loss on iteration 6400 = 0.0015544280843073465
Training loss on iteration 6420 = 0.0014347666438652596
Training loss on iteration 6440 = 0.0005707372660367583
Training loss on iteration 6460 = 0.037854181503973905
Training loss on iteration 6480 = 0.006574368595829582
Training loss on iteration 6500 = 0.009193491533460474
Training loss on iteration 6520 = 0.011270371818591229
Training loss on iteration 6540 = 0.0017446035843931896
Training loss on iteration 6560 = 0.0011190865947355634
Training loss on iteration 6580 = 0.005163903984521312
Training loss on iteration 6600 = 0.002770268647236662
Training loss on iteration 6620 = 0.001230568469213722
Training loss on iteration 6640 = 0.02817167514308494
Training loss on iteration 6660 = 0.011735834526007238
Training loss on iteration 6680 = 0.001240306430918281
Training loss on iteration 6700 = 0.014001063314481144
Training loss on iteration 6720 = 0.019583859268959714
Training loss on iteration 6740 = 0.002599795815331163
Training loss on iteration 6760 = 0.001444172255878584
Training loss on iteration 6780 = 0.0030059710949743136
Training loss on iteration 6800 = 0.0004169936787434381
Training loss on iteration 6820 = 0.0017467090408985087
Training loss on iteration 6840 = 0.009525057465802433
Training loss on iteration 6860 = 0.03674906101635713
Training loss on iteration 6880 = 0.011835460774176455
Training loss on iteration 6900 = 0.02488864902827572
Training loss on iteration 6920 = 0.02520640804773393
Training loss on iteration 6940 = 0.029958353012625595
Training loss on iteration 6960 = 0.005752128008407453
Training loss on iteration 6980 = 0.006251629711368878
Training loss on iteration 7000 = 0.020102477455128564
Training loss on iteration 7020 = 0.05101358449246618
Training loss on iteration 7040 = 0.009361736654682318
Training loss on iteration 7060 = 0.02236069097270956
Training loss on iteration 7080 = 0.015871337830321863
Training loss on iteration 7100 = 0.025042655417200875
Training loss on iteration 7120 = 0.024155220147804357
Training loss on iteration 7140 = 0.01749218188924715
Training loss on iteration 7160 = 0.00809513473395782
Training loss on iteration 7180 = 0.006131191018630489
Training loss on iteration 7200 = 0.007685602027504501
Training loss on iteration 7220 = 0.00228797420668343
Training loss on iteration 7240 = 0.005947190681831671
Training loss on iteration 7260 = 0.003442224237596747
Training loss on iteration 7280 = 0.05616783521288653
Training loss on iteration 7300 = 0.016192684602538067
Training loss on iteration 7320 = 0.01707564847292815
Training loss on iteration 7340 = 0.005339566976181232
Training loss on iteration 7360 = 0.006485784888536727
Training loss on iteration 7380 = 0.0022821405266768126
Training loss on iteration 7400 = 0.04294006063983034
Training loss on iteration 7420 = 0.009554289943844196
Training loss on iteration 7440 = 0.0061726539799565215
Training loss on iteration 7460 = 0.0171128572026646
Training loss on iteration 7480 = 0.014241368960711043
### EVAL:: Epoch 16:: Loss = 0.007302632969872701 :: ACC = 0.9976132534631225, AUC = 0.9999821985267949, EER = 0.0016847622613253464
Training on epoch 17
Training loss on iteration 0 = 0.004392190836369991
Training loss on iteration 20 = 0.012009308501001214
Training loss on iteration 40 = 0.0039430074948541005
Training loss on iteration 60 = 0.015903152921646325
Training loss on iteration 80 = 0.002107335463188065
Training loss on iteration 100 = 0.00354375401532252
Training loss on iteration 120 = 0.007936711777261962
Training loss on iteration 140 = 0.0017082318960319753
Training loss on iteration 160 = 0.000559579485991435
Training loss on iteration 180 = 0.0007118275970697141
Training loss on iteration 200 = 0.016839548607254073
Training loss on iteration 220 = 0.01631434788118895
Training loss on iteration 240 = 0.012299128255472169
Training loss on iteration 260 = 0.0028710542265343976
Training loss on iteration 280 = 0.02115159554159618
Training loss on iteration 300 = 0.014201403001425205
Training loss on iteration 320 = 0.020849712621929938
Training loss on iteration 340 = 0.013707457066811913
Training loss on iteration 360 = 0.028012555736859214
Training loss on iteration 380 = 0.01799507622126839
Training loss on iteration 400 = 0.01915991505047714
Training loss on iteration 420 = 0.017730254788602906
Training loss on iteration 440 = 0.009109625279688772
Training loss on iteration 460 = 0.0019064654145950044
Training loss on iteration 480 = 0.0014376777861798474
Training loss on iteration 500 = 0.007572320744566241
Training loss on iteration 520 = 0.006876603079876986
Training loss on iteration 540 = 0.01925019752989101
Training loss on iteration 560 = 0.0018494532599106605
Training loss on iteration 580 = 0.022498058051769475
Training loss on iteration 600 = 0.010132426814743667
Training loss on iteration 620 = 0.0069152495110074595
Training loss on iteration 640 = 0.017484096136377046
Training loss on iteration 660 = 0.004052858886370814
Training loss on iteration 680 = 0.01088837141487602
Training loss on iteration 700 = 0.013928520824265433
Training loss on iteration 720 = 0.013555577449851341
Training loss on iteration 740 = 0.0032851409314389457
Training loss on iteration 760 = 0.01228683962039696
Training loss on iteration 780 = 0.016331416934400524
Training loss on iteration 800 = 0.039727517511187214
Training loss on iteration 820 = 0.02070330932738216
Training loss on iteration 840 = 0.03390565939771477
Training loss on iteration 860 = 0.00868817457012483
Training loss on iteration 880 = 0.0037495129920898764
Training loss on iteration 900 = 0.002506957314517422
Training loss on iteration 920 = 0.002333638438426533
Training loss on iteration 940 = 0.011564579268895158
Training loss on iteration 960 = 0.0076467396003295105
Training loss on iteration 980 = 0.041898689315280534
Training loss on iteration 1000 = 0.002210978727771362
Training loss on iteration 1020 = 0.058880194935591136
Training loss on iteration 1040 = 0.0021962444803648395
Training loss on iteration 1060 = 0.0022488754148071166
Training loss on iteration 1080 = 0.008114187509272596
Training loss on iteration 1100 = 0.011674653517820844
Training loss on iteration 1120 = 0.023987564162143826
Training loss on iteration 1140 = 0.013243190978027997
Training loss on iteration 1160 = 0.0075743568220786985
Training loss on iteration 1180 = 0.008505547465347263
Training loss on iteration 1200 = 0.013433637282105337
Training loss on iteration 1220 = 0.023012193406179902
Training loss on iteration 1240 = 0.02207355333157466
Training loss on iteration 1260 = 0.011880085610027891
Training loss on iteration 1280 = 0.019752280183274705
Training loss on iteration 1300 = 0.004561473134435801
Training loss on iteration 1320 = 0.0048923976691639835
Training loss on iteration 1340 = 0.01833810609207944
Training loss on iteration 1360 = 0.011780435304126513
Training loss on iteration 1380 = 0.010600090198931867
Training loss on iteration 1400 = 0.0185024626061022
Training loss on iteration 1420 = 0.019604893321866258
Training loss on iteration 1440 = 0.0024952841840558903
Training loss on iteration 1460 = 0.00541552174267963
Training loss on iteration 1480 = 0.0028187205651420298
Training loss on iteration 1500 = 0.0057748258175934096
Training loss on iteration 1520 = 0.031645823527105675
Training loss on iteration 1540 = 0.004644629775339126
Training loss on iteration 1560 = 0.012691666801038082
Training loss on iteration 1580 = 0.006579587054829972
Training loss on iteration 1600 = 0.0030382463923785963
Training loss on iteration 1620 = 0.0015250489638560794
Training loss on iteration 1640 = 0.013729439916824049
Training loss on iteration 1660 = 0.02994199933765742
Training loss on iteration 1680 = 0.01580527935725513
Training loss on iteration 1700 = 0.009428458997717826
Training loss on iteration 1720 = 0.005282369975020629
Training loss on iteration 1740 = 0.007110935586206324
Training loss on iteration 1760 = 0.008054497824105056
Training loss on iteration 1780 = 0.0061208094178709874
Training loss on iteration 1800 = 0.0017450587954954244
Training loss on iteration 1820 = 0.03883845484875792
Training loss on iteration 1840 = 0.029817590141828988
Training loss on iteration 1860 = 0.002943805245513431
Training loss on iteration 1880 = 0.006324280585567976
Training loss on iteration 1900 = 0.007442437971303661
Training loss on iteration 1920 = 0.025648963135370195
Training loss on iteration 1940 = 0.003032309685204382
Training loss on iteration 1960 = 0.004356669483860287
Training loss on iteration 1980 = 0.030600850423661542
Training loss on iteration 2000 = 0.018507436517393217
Training loss on iteration 2020 = 0.012777799168225102
Training loss on iteration 2040 = 0.014138597806049803
Training loss on iteration 2060 = 0.0036936773633669874
Training loss on iteration 2080 = 0.0023729448052336012
Training loss on iteration 2100 = 0.0021164332185975355
Training loss on iteration 2120 = 0.010814824184248551
Training loss on iteration 2140 = 0.02046688462485182
Training loss on iteration 2160 = 0.01607229814164839
Training loss on iteration 2180 = 0.004614659775825203
Training loss on iteration 2200 = 0.009520020881919323
Training loss on iteration 2220 = 0.019285902055042926
Training loss on iteration 2240 = 0.028828620148124172
Training loss on iteration 2260 = 0.005810916856069071
Training loss on iteration 2280 = 0.004736893356675864
Training loss on iteration 2300 = 0.05459199585757233
Training loss on iteration 2320 = 0.03817076262967021
Training loss on iteration 2340 = 0.039823223667917775
Training loss on iteration 2360 = 0.03410497751756338
Training loss on iteration 2380 = 0.03257378032576526
Training loss on iteration 2400 = 0.01389389499599929
Training loss on iteration 2420 = 0.0054416651582869235
Training loss on iteration 2440 = 0.01196325328965031
Training loss on iteration 2460 = 0.004316888691391796
Training loss on iteration 2480 = 0.0023298637134786305
Training loss on iteration 2500 = 0.0242070396034876
Training loss on iteration 2520 = 0.0005991351810848755
Training loss on iteration 2540 = 0.0011576430817342499
Training loss on iteration 2560 = 0.020089611872936074
Training loss on iteration 2580 = 0.013586956102858493
Training loss on iteration 2600 = 0.01677914918262786
Training loss on iteration 2620 = 0.03326147510126702
Training loss on iteration 2640 = 0.02368742799244501
Training loss on iteration 2660 = 0.015982922473267536
Training loss on iteration 2680 = 0.0031875036242126954
Training loss on iteration 2700 = 0.027410563594730774
Training loss on iteration 2720 = 0.001538965340841969
Training loss on iteration 2740 = 0.008576577073290537
Training loss on iteration 2760 = 0.002450377783725344
Training loss on iteration 2780 = 0.02127940545469755
Training loss on iteration 2800 = 0.026272554048938447
Training loss on iteration 2820 = 0.0015299366495582945
Training loss on iteration 2840 = 0.0033971355067819787
Training loss on iteration 2860 = 0.019932713592470463
Training loss on iteration 2880 = 0.045146778605840154
Training loss on iteration 2900 = 0.014097475895050593
Training loss on iteration 2920 = 0.005434528793557547
Training loss on iteration 2940 = 0.023518166850772106
Training loss on iteration 2960 = 0.011566656535978836
Training loss on iteration 2980 = 0.004508328202155099
Training loss on iteration 3000 = 0.0010117034197833163
Training loss on iteration 3020 = 0.0033214506938065826
Training loss on iteration 3040 = 0.0033365244849619556
Training loss on iteration 3060 = 0.028639406402427882
Training loss on iteration 3080 = 0.013603053220140281
Training loss on iteration 3100 = 0.040619042338130386
Training loss on iteration 3120 = 0.010331727583798056
Training loss on iteration 3140 = 0.0007364109893160276
Training loss on iteration 3160 = 0.023682081328433923
Training loss on iteration 3180 = 0.006181604545054143
Training loss on iteration 3200 = 0.002257957977008118
Training loss on iteration 3220 = 0.0036767922047488354
Training loss on iteration 3240 = 0.0017751442604890145
Training loss on iteration 3260 = 0.00010182319195166656
Training loss on iteration 3280 = 0.02310724880248216
Training loss on iteration 3300 = 0.0015977991636418666
Training loss on iteration 3320 = 0.007592800524241739
Training loss on iteration 3340 = 0.021137192712292575
Training loss on iteration 3360 = 0.018225915380571677
Training loss on iteration 3380 = 0.022063165761403526
Training loss on iteration 3400 = 0.012541552574225534
Training loss on iteration 3420 = 0.0033193812743775196
Training loss on iteration 3440 = 0.0032963724959699904
Training loss on iteration 3460 = 0.01670195189443575
Training loss on iteration 3480 = 0.0062247933797380025
Training loss on iteration 3500 = 0.0024198396400606724
Training loss on iteration 3520 = 0.028864673747551705
Training loss on iteration 3540 = 0.01710530643022139
Training loss on iteration 3560 = 0.015702299095210037
Training loss on iteration 3580 = 0.024137098568098737
Training loss on iteration 3600 = 0.0067826263144979745
Training loss on iteration 3620 = 0.002242556887858882
Training loss on iteration 3640 = 0.0012315760582509937
Training loss on iteration 3660 = 0.011257715206136254
Training loss on iteration 3680 = 0.020985538785680546
Training loss on iteration 3700 = 0.00807429617739217
Training loss on iteration 3720 = 0.0009720654912257487
Training loss on iteration 3740 = 0.002018545517667292
Training loss on iteration 3760 = 0.016602837252878543
Training loss on iteration 3780 = 0.03918113494255522
Training loss on iteration 3800 = 0.0020957396796234206
Training loss on iteration 3820 = 0.015917459743138806
Training loss on iteration 3840 = 0.0019336321529181077
Training loss on iteration 3860 = 0.006436957063192495
Training loss on iteration 3880 = 0.036218002302280186
Training loss on iteration 3900 = 0.017676372936500685
Training loss on iteration 3920 = 0.028380886919330807
Training loss on iteration 3940 = 0.015583286646960914
Training loss on iteration 3960 = 0.029028533680138933
Training loss on iteration 3980 = 0.00546621649118606
Training loss on iteration 4000 = 0.01424077611118264
Training loss on iteration 4020 = 0.004298420085251564
Training loss on iteration 4040 = 0.010113860618821491
Training loss on iteration 4060 = 0.002890722262776535
Training loss on iteration 4080 = 0.012456983900506202
Training loss on iteration 4100 = 0.007913740183812478
Training loss on iteration 4120 = 0.010421502989288456
Training loss on iteration 4140 = 0.003873912767460297
Training loss on iteration 4160 = 0.0058747438960608635
Training loss on iteration 4180 = 0.0017877620897053248
Training loss on iteration 4200 = 0.013981348696870555
Training loss on iteration 4220 = 0.02254153366741889
Training loss on iteration 4240 = 0.003714341457980197
Training loss on iteration 4260 = 0.00792779609067793
Training loss on iteration 4280 = 0.00040688197141776073
Training loss on iteration 4300 = 0.020490179855369207
Training loss on iteration 4320 = 0.0027289692981753433
Training loss on iteration 4340 = 0.002280157224777213
Training loss on iteration 4360 = 0.0022684024514418866
Training loss on iteration 4380 = 0.005393419898729235
Training loss on iteration 4400 = 0.002592731560449124
Training loss on iteration 4420 = 0.006745864522148537
Training loss on iteration 4440 = 0.007103667446342143
Training loss on iteration 4460 = 0.016593089024486574
Training loss on iteration 4480 = 0.0009698064432939191
Training loss on iteration 4500 = 0.0027005574102588526
Training loss on iteration 4520 = 0.0002653784563564798
Training loss on iteration 4540 = 0.03746837246116641
Training loss on iteration 4560 = 0.002859327053920424
Training loss on iteration 4580 = 0.012888793589786474
Training loss on iteration 4600 = 0.021053857168044487
Training loss on iteration 4620 = 0.001389212911544746
Training loss on iteration 4640 = 0.017221049483532626
Training loss on iteration 4660 = 0.021242809639625194
Training loss on iteration 4680 = 0.001741215045512945
Training loss on iteration 4700 = 0.003972919151919996
Training loss on iteration 4720 = 0.000757951484683872
Training loss on iteration 4740 = 0.012556485975687792
Training loss on iteration 4760 = 0.0012840849254473596
Training loss on iteration 4780 = 0.007615709409273563
Training loss on iteration 4800 = 0.002471527591001177
Training loss on iteration 4820 = 0.003360080076720351
Training loss on iteration 4840 = 0.0005894176561014319
Training loss on iteration 4860 = 0.0051282605848683716
Training loss on iteration 4880 = 0.02185024017178421
Training loss on iteration 4900 = 0.000959415912922168
Training loss on iteration 4920 = 0.04131572165133548
Training loss on iteration 4940 = 0.011238594038036353
Training loss on iteration 4960 = 0.005574566631548805
Training loss on iteration 4980 = 0.0019141289076287649
Training loss on iteration 5000 = 0.005836493012884603
Training loss on iteration 5020 = 0.0023231437056324467
Training loss on iteration 5040 = 0.009040782342935927
Training loss on iteration 5060 = 0.0010646021115491068
Training loss on iteration 5080 = 0.0002025505535158345
Training loss on iteration 5100 = 0.030367372739510755
Training loss on iteration 5120 = 0.011021256557523885
Training loss on iteration 5140 = 0.015074968198405259
Training loss on iteration 5160 = 0.001532496629806701
Training loss on iteration 5180 = 0.005046380578392018
Training loss on iteration 5200 = 0.007075359214695709
Training loss on iteration 5220 = 0.04059765862220956
Training loss on iteration 5240 = 0.006078010135934164
Training loss on iteration 5260 = 0.008372387574399908
Training loss on iteration 5280 = 0.0234776842183237
Training loss on iteration 5300 = 0.005188343767207471
Training loss on iteration 5320 = 0.003959854698361198
Training loss on iteration 5340 = 0.011577764561059212
Training loss on iteration 5360 = 0.008277334057055441
Training loss on iteration 5380 = 0.006458039130700399
Training loss on iteration 5400 = 0.000481791383767316
Training loss on iteration 5420 = 0.0047089916387335505
Training loss on iteration 5440 = 0.009032604381812349
Training loss on iteration 5460 = 0.006319067554179015
Training loss on iteration 5480 = 0.0026873431973214678
Training loss on iteration 5500 = 0.00017560702864898302
Training loss on iteration 5520 = 0.0019786508815030856
Training loss on iteration 5540 = 0.009815612322429956
Training loss on iteration 5560 = 0.003015307492091779
Training loss on iteration 5580 = 0.020254415729979058
Training loss on iteration 5600 = 0.10616077162208626
Training loss on iteration 5620 = 0.01853668798576109
Training loss on iteration 5640 = 0.007474054948397679
Training loss on iteration 5660 = 0.011779821597156116
Training loss on iteration 5680 = 0.01224684652115684
Training loss on iteration 5700 = 0.00519306759306346
Training loss on iteration 5720 = 0.012424507412106323
Training loss on iteration 5740 = 0.019880179949177547
Training loss on iteration 5760 = 0.01571867463280796
Training loss on iteration 5780 = 0.015379942138315528
Training loss on iteration 5800 = 0.005135324627553927
Training loss on iteration 5820 = 0.009921793681951386
Training loss on iteration 5840 = 0.015203964397824166
Training loss on iteration 5860 = 0.006982349067766336
Training loss on iteration 5880 = 0.018006960214552236
Training loss on iteration 5900 = 0.016974917552875012
Training loss on iteration 5920 = 0.008143589266092021
Training loss on iteration 5940 = 0.04832332072546706
Training loss on iteration 5960 = 0.01992579867473978
Training loss on iteration 5980 = 0.009644312055479531
Training loss on iteration 6000 = 0.0027910608438105554
Training loss on iteration 6020 = 0.006409056474058161
Training loss on iteration 6040 = 0.01475999520221194
Training loss on iteration 6060 = 0.0044702618783503565
Training loss on iteration 6080 = 0.017485833322643883
Training loss on iteration 6100 = 0.020844582059078222
Training loss on iteration 6120 = 0.00881323204812361
Training loss on iteration 6140 = 0.012350766664712864
Training loss on iteration 6160 = 0.005376141617762187
Training loss on iteration 6180 = 0.008321526871839069
Training loss on iteration 6200 = 0.0019938315410627182
Training loss on iteration 6220 = 0.001050570471852552
Training loss on iteration 6240 = 0.028953952405242945
Training loss on iteration 6260 = 0.008297633848803799
Training loss on iteration 6280 = 0.0005727747783112136
Training loss on iteration 6300 = 0.010773038841603012
Training loss on iteration 6320 = 0.01057087164767836
Training loss on iteration 6340 = 0.008587493086389486
Training loss on iteration 6360 = 0.02606050856059028
Training loss on iteration 6380 = 0.014039976937056053
Training loss on iteration 6400 = 0.012724090005758627
Training loss on iteration 6420 = 0.00869829437797307
Training loss on iteration 6440 = 0.005667922511310053
Training loss on iteration 6460 = 0.041421921985011066
Training loss on iteration 6480 = 0.05232586546499078
Training loss on iteration 6500 = 0.020712143840501084
Training loss on iteration 6520 = 0.007623946206149412
Training loss on iteration 6540 = 0.023590091862570262
Training loss on iteration 6560 = 0.003944371760735521
Training loss on iteration 6580 = 0.005637027791453875
Training loss on iteration 6600 = 0.009500335446864483
Training loss on iteration 6620 = 0.005501403906259838
Training loss on iteration 6640 = 0.0214433698504763
Training loss on iteration 6660 = 0.005058937136186614
Training loss on iteration 6680 = 0.014672541252048176
Training loss on iteration 6700 = 0.028060204368648554
Training loss on iteration 6720 = 0.0036542623099194314
Training loss on iteration 6740 = 0.0035918532559662706
Training loss on iteration 6760 = 0.0005975885608222598
Training loss on iteration 6780 = 0.0005868660068699683
Training loss on iteration 6800 = 0.0012490447832306018
Training loss on iteration 6820 = 0.0176667366209756
Training loss on iteration 6840 = 0.012196780318231504
Training loss on iteration 6860 = 0.021528471552574046
Training loss on iteration 6880 = 0.01507828262874682
Training loss on iteration 6900 = 0.002599459147404559
Training loss on iteration 6920 = 0.0018561069936140484
Training loss on iteration 6940 = 0.000600034189926646
Training loss on iteration 6960 = 0.012649179131790334
Training loss on iteration 6980 = 0.005411216885750037
Training loss on iteration 7000 = 0.009460635713185183
Training loss on iteration 7020 = 0.014306443058181984
Training loss on iteration 7040 = 0.03247418175227494
Training loss on iteration 7060 = 0.027516307977657563
Training loss on iteration 7080 = 0.01939885970132309
Training loss on iteration 7100 = 0.004081557739846175
Training loss on iteration 7120 = 0.005322481940993384
Training loss on iteration 7140 = 0.017407989067578455
Training loss on iteration 7160 = 0.0026449817566913227
Training loss on iteration 7180 = 0.016780599221101512
Training loss on iteration 7200 = 0.04239269952565792
Training loss on iteration 7220 = 0.016026691949082305
Training loss on iteration 7240 = 0.08726916833475115
Training loss on iteration 7260 = 0.024837129324441775
Training loss on iteration 7280 = 0.012900821460061707
Training loss on iteration 7300 = 0.006725382256263401
Training loss on iteration 7320 = 0.01850163549570425
Training loss on iteration 7340 = 0.016198031815565627
Training loss on iteration 7360 = 0.015501859554024121
Training loss on iteration 7380 = 0.00535395790725488
Training loss on iteration 7400 = 0.017783437035359385
Training loss on iteration 7420 = 0.010504151222767178
Training loss on iteration 7440 = 0.011769983955809948
Training loss on iteration 7460 = 0.013737617170500016
Training loss on iteration 7480 = 0.0008620194050308783
### EVAL:: Epoch 17:: Loss = 0.004544990232476634 :: ACC = 0.9985024335454886, AUC = 0.9999866138528261, EER = 0.001497566454511419
Training on epoch 18
Training loss on iteration 0 = 0.018324989825487137
Training loss on iteration 20 = 0.0031204274749143225
Training loss on iteration 40 = 0.0021783558579045346
Training loss on iteration 60 = 0.0013061067403384642
Training loss on iteration 80 = 0.0030676475559175743
Training loss on iteration 100 = 0.0021637338763525805
Training loss on iteration 120 = 0.0003885225419587357
Training loss on iteration 140 = 0.0003285069408008212
Training loss on iteration 160 = 0.0003949095875583453
Training loss on iteration 180 = 0.011894174968881543
Training loss on iteration 200 = 0.03127272982655995
Training loss on iteration 220 = 0.02220086902424896
Training loss on iteration 240 = 0.016264716838975346
Training loss on iteration 260 = 0.0029755587216754977
Training loss on iteration 280 = 0.006823137627348786
Training loss on iteration 300 = 0.00495089603824681
Training loss on iteration 320 = 0.01219524052747829
Training loss on iteration 340 = 0.011730401778415
Training loss on iteration 360 = 0.003710138277853048
Training loss on iteration 380 = 0.013880507258488706
Training loss on iteration 400 = 0.002582255291918045
Training loss on iteration 420 = 0.003948954044008701
Training loss on iteration 440 = 0.002438264344380059
Training loss on iteration 460 = 0.032008645041976536
Training loss on iteration 480 = 0.011667183173670992
Training loss on iteration 500 = 0.012352202456349914
Training loss on iteration 520 = 0.005026001219221143
Training loss on iteration 540 = 0.00417007716337423
Training loss on iteration 560 = 0.005138975491809106
Training loss on iteration 580 = 0.0009388559520459693
Training loss on iteration 600 = 0.0007356601595635226
Training loss on iteration 620 = 0.07726677017314607
Training loss on iteration 640 = 0.04738613836218519
Training loss on iteration 660 = 0.014959973194345366
Training loss on iteration 680 = 0.01379117257456528
Training loss on iteration 700 = 0.009883647981587274
Training loss on iteration 720 = 0.016873255979839998
Training loss on iteration 740 = 0.020277038370568334
Training loss on iteration 760 = 0.005185302439349471
Training loss on iteration 780 = 0.0019582767855354176
Training loss on iteration 800 = 0.00886940012615014
Training loss on iteration 820 = 0.019984403979492527
Training loss on iteration 840 = 0.04858152368224182
Training loss on iteration 860 = 0.016311880567081972
Training loss on iteration 880 = 0.006312865010977475
Training loss on iteration 900 = 0.008860550837380288
Training loss on iteration 920 = 0.01102099264176104
Training loss on iteration 940 = 0.006301616951134292
Training loss on iteration 960 = 0.005867740443409275
Training loss on iteration 980 = 0.007043940650660829
Training loss on iteration 1000 = 0.03182854421829688
Training loss on iteration 1020 = 0.003374707199236582
Training loss on iteration 1040 = 0.0014649948450824013
Training loss on iteration 1060 = 0.0038361931677513895
Training loss on iteration 1080 = 0.00855835210056739
Training loss on iteration 1100 = 0.022062520634881365
Training loss on iteration 1120 = 0.014536947293152025
Training loss on iteration 1140 = 0.01928787732595083
Training loss on iteration 1160 = 0.013262231829912707
Training loss on iteration 1180 = 0.01190027856055167
Training loss on iteration 1200 = 0.010191842851463661
Training loss on iteration 1220 = 0.0392573286415427
Training loss on iteration 1240 = 0.010327378435977152
Training loss on iteration 1260 = 0.002392875247005577
Training loss on iteration 1280 = 0.035403959699033295
Training loss on iteration 1300 = 0.011500405268088798
Training loss on iteration 1320 = 0.008009970492184947
Training loss on iteration 1340 = 0.016105739544946117
Training loss on iteration 1360 = 0.013322482565854443
Training loss on iteration 1380 = 0.012145642784162192
Training loss on iteration 1400 = 0.009379714625401903
Training loss on iteration 1420 = 0.016888454233389895
Training loss on iteration 1440 = 0.002077559992062561
Training loss on iteration 1460 = 0.023450783190673972
Training loss on iteration 1480 = 0.026071245793718844
Training loss on iteration 1500 = 0.00041623280235398853
Training loss on iteration 1520 = 0.011127304902143465
Training loss on iteration 1540 = 0.010869192349173318
Training loss on iteration 1560 = 0.007872363813753225
Training loss on iteration 1580 = 0.02211179924421458
Training loss on iteration 1600 = 0.0023994818191113154
Training loss on iteration 1620 = 0.009388155559173583
Training loss on iteration 1640 = 0.0017628611617681144
Training loss on iteration 1660 = 0.027269751032946488
Training loss on iteration 1680 = 0.027936090828063698
Training loss on iteration 1700 = 0.030572427826996318
Training loss on iteration 1720 = 0.0039284906410102845
Training loss on iteration 1740 = 0.01568706295333868
Training loss on iteration 1760 = 0.011438196932067513
Training loss on iteration 1780 = 0.007568539011299435
Training loss on iteration 1800 = 0.000725223790277596
Training loss on iteration 1820 = 0.026278503376397568
Training loss on iteration 1840 = 0.009316851108360424
Training loss on iteration 1860 = 0.001746979452764208
Training loss on iteration 1880 = 0.0010556502830695535
Training loss on iteration 1900 = 0.011206741408432207
Training loss on iteration 1920 = 0.03202521082303065
Training loss on iteration 1940 = 0.002064277418730853
Training loss on iteration 1960 = 0.022188663488805105
Training loss on iteration 1980 = 0.010539748799783411
Training loss on iteration 2000 = 0.003539199126521453
Training loss on iteration 2020 = 0.004995666245383746
Training loss on iteration 2040 = 0.005842308816277964
Training loss on iteration 2060 = 0.009146971494557654
Training loss on iteration 2080 = 0.0011253462783429313
Training loss on iteration 2100 = 0.00026290835767746047
Training loss on iteration 2120 = 0.004080410234769261
Training loss on iteration 2140 = 0.04557419468411581
Training loss on iteration 2160 = 0.0016919345743190207
Training loss on iteration 2180 = 0.005494093447043724
Training loss on iteration 2200 = 0.010880010620564918
Training loss on iteration 2220 = 0.015106305212634652
Training loss on iteration 2240 = 0.015225873588920535
Training loss on iteration 2260 = 0.0016759634547270253
Training loss on iteration 2280 = 0.0007052303139914784
Training loss on iteration 2300 = 0.0016896157847241966
Training loss on iteration 2320 = 0.0015400675086468141
Training loss on iteration 2340 = 0.00893320513542335
Training loss on iteration 2360 = 0.007223391600847862
Training loss on iteration 2380 = 0.016875352235381058
Training loss on iteration 2400 = 0.06029226809346468
Training loss on iteration 2420 = 0.04018258380604038
Training loss on iteration 2440 = 0.011579053572859266
Training loss on iteration 2460 = 0.007619662640354363
Training loss on iteration 2480 = 0.005587497825933952
Training loss on iteration 2500 = 0.009834257268039437
Training loss on iteration 2520 = 0.007446808618470868
Training loss on iteration 2540 = 0.0013240026797120663
Training loss on iteration 2560 = 0.015809638951026272
Training loss on iteration 2580 = 0.02073373674721779
Training loss on iteration 2600 = 0.009263909922685798
Training loss on iteration 2620 = 0.005607725202162328
Training loss on iteration 2640 = 0.014664986226631527
Training loss on iteration 2660 = 0.019740581659345936
Training loss on iteration 2680 = 0.02042687879661855
Training loss on iteration 2700 = 0.019182898160761398
Training loss on iteration 2720 = 0.001983963056227367
Training loss on iteration 2740 = 0.0327207988871578
Training loss on iteration 2760 = 0.025418290344805427
Training loss on iteration 2780 = 0.039672562041960194
Training loss on iteration 2800 = 0.019289987701631615
Training loss on iteration 2820 = 0.008082780528638978
Training loss on iteration 2840 = 0.005131050218005839
Training loss on iteration 2860 = 0.00430471638974268
Training loss on iteration 2880 = 0.007179241451376583
Training loss on iteration 2900 = 0.0043524428388082015
Training loss on iteration 2920 = 0.02729560091700023
Training loss on iteration 2940 = 0.0051054192619631065
Training loss on iteration 2960 = 0.0038260370940406572
Training loss on iteration 2980 = 0.00838076865838957
Training loss on iteration 3000 = 0.0010171512986289599
Training loss on iteration 3020 = 0.03355124521160633
Training loss on iteration 3040 = 0.00935053898233491
Training loss on iteration 3060 = 0.01635347677529353
Training loss on iteration 3080 = 0.01755597387564194
Training loss on iteration 3100 = 0.006042445495177162
Training loss on iteration 3120 = 0.012321699605786307
Training loss on iteration 3140 = 0.016450951050592265
Training loss on iteration 3160 = 0.0010729744607488102
Training loss on iteration 3180 = 0.005356913079958758
Training loss on iteration 3200 = 0.0072746004832310975
Training loss on iteration 3220 = 0.01672058073791618
Training loss on iteration 3240 = 0.021944208852573865
Training loss on iteration 3260 = 0.024611431852702027
Training loss on iteration 3280 = 0.006473915573997147
Training loss on iteration 3300 = 0.034467823937211504
Training loss on iteration 3320 = 0.03215728204777406
Training loss on iteration 3340 = 0.004938936643748093
Training loss on iteration 3360 = 0.01893148991111957
Training loss on iteration 3380 = 0.0022337225200772083
Training loss on iteration 3400 = 0.00584757975411776
Training loss on iteration 3420 = 0.027034043936782836
Training loss on iteration 3440 = 0.0020990877007534435
Training loss on iteration 3460 = 0.004379356369690867
Training loss on iteration 3480 = 0.010024699763744139
Training loss on iteration 3500 = 0.0011931924338114187
Training loss on iteration 3520 = 0.0028278334292735964
Training loss on iteration 3540 = 0.007264250805860684
Training loss on iteration 3560 = 0.01632855220878753
Training loss on iteration 3580 = 0.009344321303592551
Training loss on iteration 3600 = 0.028967948542981504
Training loss on iteration 3620 = 0.011500934440118727
Training loss on iteration 3640 = 0.03783142845445582
Training loss on iteration 3660 = 0.012793000471720006
Training loss on iteration 3680 = 0.0034089095788658597
Training loss on iteration 3700 = 0.003869921948808042
Training loss on iteration 3720 = 0.015121422735228407
Training loss on iteration 3740 = 0.01769086864342171
Training loss on iteration 3760 = 0.01801950770031908
Training loss on iteration 3780 = 0.004966080177473487
Training loss on iteration 3800 = 0.01449217912468157
Training loss on iteration 3820 = 0.007531870972479737
Training loss on iteration 3840 = 0.0018448035291157793
Training loss on iteration 3860 = 0.0016042793295127922
Training loss on iteration 3880 = 0.02118894853592792
Training loss on iteration 3900 = 0.0017829182631885487
Training loss on iteration 3920 = 0.0018797344223003166
Training loss on iteration 3940 = 0.016014930873222966
Training loss on iteration 3960 = 0.012368155977037531
Training loss on iteration 3980 = 0.0019285921652851812
Training loss on iteration 4000 = 0.0003606954714086896
Training loss on iteration 4020 = 0.021009798826253246
Training loss on iteration 4040 = 0.012001970510027604
Training loss on iteration 4060 = 0.0029604242469645214
Training loss on iteration 4080 = 0.009352983502594725
Training loss on iteration 4100 = 0.02472477919307039
Training loss on iteration 4120 = 0.0025643642326031112
Training loss on iteration 4140 = 0.004774134712079103
Training loss on iteration 4160 = 0.0062439964600997655
Training loss on iteration 4180 = 0.0040201496555397395
Training loss on iteration 4200 = 0.04528355531749639
Training loss on iteration 4220 = 0.0328882859861551
Training loss on iteration 4240 = 0.008034832884914068
Training loss on iteration 4260 = 0.0066141032410087066
Training loss on iteration 4280 = 0.0029099131434122683
Training loss on iteration 4300 = 0.004331538636051846
Training loss on iteration 4320 = 0.02654687656045098
Training loss on iteration 4340 = 0.003832117762794951
Training loss on iteration 4360 = 0.027318527180614182
Training loss on iteration 4380 = 0.005291063959884923
Training loss on iteration 4400 = 0.00826156323255418
Training loss on iteration 4420 = 0.005213413628507624
Training loss on iteration 4440 = 0.008402937959499469
Training loss on iteration 4460 = 0.010974777009340641
Training loss on iteration 4480 = 0.009899106126943025
Training loss on iteration 4500 = 0.002064519007046783
Training loss on iteration 4520 = 0.004140402750030603
Training loss on iteration 4540 = 0.004298956248152308
Training loss on iteration 4560 = 0.015198149951527285
Training loss on iteration 4580 = 0.011670414928917693
Training loss on iteration 4600 = 0.014732111583668939
Training loss on iteration 4620 = 0.0027103338803499354
Training loss on iteration 4640 = 0.005308733546030453
Training loss on iteration 4660 = 0.024169450530348514
Training loss on iteration 4680 = 0.0026455492945842707
Training loss on iteration 4700 = 0.007315602675771515
Training loss on iteration 4720 = 0.0511192448251677
Training loss on iteration 4740 = 0.007441302246479609
Training loss on iteration 4760 = 0.03033150474766444
Training loss on iteration 4780 = 0.0024142819615917688
Training loss on iteration 4800 = 0.002608352462993935
Training loss on iteration 4820 = 0.0024688035186045455
Training loss on iteration 4840 = 0.01849776180652043
Training loss on iteration 4860 = 0.008746159528755015
Training loss on iteration 4880 = 0.0028646120917983353
Training loss on iteration 4900 = 0.0035144174545621355
Training loss on iteration 4920 = 0.02537268549149303
Training loss on iteration 4940 = 0.003933359108123114
Training loss on iteration 4960 = 0.03106760211630899
Training loss on iteration 4980 = 0.02252462462238327
Training loss on iteration 5000 = 0.005379455036381842
Training loss on iteration 5020 = 0.0051542186229198705
Training loss on iteration 5040 = 0.011423180813744693
Training loss on iteration 5060 = 0.013737358971275171
Training loss on iteration 5080 = 0.041198435895285004
Training loss on iteration 5100 = 0.01769837485071548
Training loss on iteration 5120 = 0.032843597312603376
Training loss on iteration 5140 = 0.025376071894879716
Training loss on iteration 5160 = 0.006316759453147825
Training loss on iteration 5180 = 0.005797901758160151
Training loss on iteration 5200 = 0.007540055392905742
Training loss on iteration 5220 = 0.001060701640994921
Training loss on iteration 5240 = 0.0018661818054169998
Training loss on iteration 5260 = 0.03624856791914226
Training loss on iteration 5280 = 0.023327272960887057
Training loss on iteration 5300 = 0.01318670092150569
Training loss on iteration 5320 = 0.029298725729677243
Training loss on iteration 5340 = 0.05172817471757298
Training loss on iteration 5360 = 0.009803210565587505
Training loss on iteration 5380 = 0.003105930914534838
Training loss on iteration 5400 = 0.00087811379271443
Training loss on iteration 5420 = 0.016477837449383515
Training loss on iteration 5440 = 0.005339921988525021
Training loss on iteration 5460 = 0.0185960385013459
Training loss on iteration 5480 = 0.008047793606056074
Training loss on iteration 5500 = 0.0019308519878904918
Training loss on iteration 5520 = 0.0025097992672954207
Training loss on iteration 5540 = 0.0032575150525644856
Training loss on iteration 5560 = 0.005158362034762831
Training loss on iteration 5580 = 0.008579447820602581
Training loss on iteration 5600 = 0.013792371224718636
Training loss on iteration 5620 = 0.00417655767072489
Training loss on iteration 5640 = 0.0015614997994749303
Training loss on iteration 5660 = 0.004437070188342318
Training loss on iteration 5680 = 0.03253877594691943
Training loss on iteration 5700 = 0.013374372682869761
Training loss on iteration 5720 = 0.003254979923372048
Training loss on iteration 5740 = 0.009485608335177175
Training loss on iteration 5760 = 0.01537560231657551
Training loss on iteration 5780 = 0.01103079691279163
Training loss on iteration 5800 = 0.006104101505388826
Training loss on iteration 5820 = 0.017840999289364844
Training loss on iteration 5840 = 0.025044175090624777
Training loss on iteration 5860 = 0.040102276296477155
Training loss on iteration 5880 = 0.01062184888860429
Training loss on iteration 5900 = 0.017789098486173317
Training loss on iteration 5920 = 0.011813829965899459
Training loss on iteration 5940 = 0.015048382182817477
Training loss on iteration 5960 = 0.0015129532594528427
Training loss on iteration 5980 = 0.004687863356366506
Training loss on iteration 6000 = 0.0024983408175558
Training loss on iteration 6020 = 0.002908119619843319
Training loss on iteration 6040 = 0.008284918302564392
Training loss on iteration 6060 = 0.0026006982780410583
Training loss on iteration 6080 = 0.014913335869096045
Training loss on iteration 6100 = 0.003422254828012683
Training loss on iteration 6120 = 0.008125331929181811
Training loss on iteration 6140 = 0.0023822060387459487
Training loss on iteration 6160 = 0.00521276431043276
Training loss on iteration 6180 = 0.003229791066681287
Training loss on iteration 6200 = 0.045532995346151496
Training loss on iteration 6220 = 0.01907801076160922
Training loss on iteration 6240 = 0.0054387026633776255
Training loss on iteration 6260 = 0.020274642752383443
Training loss on iteration 6280 = 0.0027432609402467277
Training loss on iteration 6300 = 0.0035767899971006047
Training loss on iteration 6320 = 0.0006572234986606418
Training loss on iteration 6340 = 0.01788503579101075
Training loss on iteration 6360 = 0.017143053252698336
Training loss on iteration 6380 = 0.0023315883277973625
Training loss on iteration 6400 = 0.033208748709330396
Training loss on iteration 6420 = 0.048815348860625815
Training loss on iteration 6440 = 0.01854325535168755
Training loss on iteration 6460 = 0.008874722861946793
Training loss on iteration 6480 = 0.009035861677148205
Training loss on iteration 6500 = 0.007862672918645331
Training loss on iteration 6520 = 0.0065076001848865415
Training loss on iteration 6540 = 0.008879958981677306
Training loss on iteration 6560 = 0.008315341150068888
Training loss on iteration 6580 = 0.026181741925086044
Training loss on iteration 6600 = 0.04875642865536065
Training loss on iteration 6620 = 0.01079144932300551
Training loss on iteration 6640 = 0.018346669660149927
Training loss on iteration 6660 = 0.0061531116456308155
Training loss on iteration 6680 = 0.00523293963492506
Training loss on iteration 6700 = 0.01838415841864389
Training loss on iteration 6720 = 0.002744811094794386
Training loss on iteration 6740 = 0.0019387398242486143
Training loss on iteration 6760 = 0.005776718665424596
Training loss on iteration 6780 = 0.01947948779877038
Training loss on iteration 6800 = 0.007008578193836002
Training loss on iteration 6820 = 0.005375704338842979
Training loss on iteration 6840 = 0.004887060052681136
Training loss on iteration 6860 = 0.005231121783691606
Training loss on iteration 6880 = 0.002573202537172392
Training loss on iteration 6900 = 0.008189967050028456
Training loss on iteration 6920 = 0.021961103440293072
Training loss on iteration 6940 = 0.0016458298425959584
Training loss on iteration 6960 = 0.00466707062084879
Training loss on iteration 6980 = 0.012197054654097882
Training loss on iteration 7000 = 0.0034341696764101926
Training loss on iteration 7020 = 0.002177590838959986
Training loss on iteration 7040 = 0.004392764007661754
Training loss on iteration 7060 = 0.01281644787259779
Training loss on iteration 7080 = 0.021058091967017845
Training loss on iteration 7100 = 0.005622527018931578
Training loss on iteration 7120 = 0.006981306214356664
Training loss on iteration 7140 = 0.03821996060161723
Training loss on iteration 7160 = 0.025091900738448202
Training loss on iteration 7180 = 0.006739655523165311
Training loss on iteration 7200 = 0.0029752817346775373
Training loss on iteration 7220 = 0.028315342385303664
Training loss on iteration 7240 = 0.004265879817194218
Training loss on iteration 7260 = 0.014115789152754132
Training loss on iteration 7280 = 0.007619215079654395
Training loss on iteration 7300 = 0.028531368803720626
Training loss on iteration 7320 = 0.0039061537325551397
Training loss on iteration 7340 = 0.0007526092408880914
Training loss on iteration 7360 = 0.014416461848634298
Training loss on iteration 7380 = 0.015240852441479547
Training loss on iteration 7400 = 0.012488439858088896
Training loss on iteration 7420 = 0.009841684883804191
Training loss on iteration 7440 = 0.0017945016389148804
Training loss on iteration 7460 = 0.009631755609936832
Training loss on iteration 7480 = 0.012721169384076348
### EVAL:: Epoch 18:: Loss = 0.003983217486896185 :: ACC = 0.9985492324971921, AUC = 0.999992316982283, EER = 0.0014039685511044553
Training on epoch 19
Training loss on iteration 0 = 3.480875648165238e-06
Training loss on iteration 20 = 0.015500020581328044
Training loss on iteration 40 = 0.02191458006807636
Training loss on iteration 60 = 0.002788918957816122
Training loss on iteration 80 = 0.0012443028257962396
Training loss on iteration 100 = 0.020413168319032594
Training loss on iteration 120 = 0.010803990448641798
Training loss on iteration 140 = 0.0032266515098740454
Training loss on iteration 160 = 0.0017724942650545472
Training loss on iteration 180 = 0.005234213195421944
Training loss on iteration 200 = 0.0031123182838612706
Training loss on iteration 220 = 0.002598263438252957
Training loss on iteration 240 = 0.008003141061084306
Training loss on iteration 260 = 0.01522762725727489
Training loss on iteration 280 = 0.0028281756500973644
Training loss on iteration 300 = 0.0028876823268234376
Training loss on iteration 320 = 0.02772234766334236
Training loss on iteration 340 = 0.0024917549677468285
Training loss on iteration 360 = 0.0015356004713567017
Training loss on iteration 380 = 0.0008959901835822847
Training loss on iteration 400 = 0.0025290261108303013
Training loss on iteration 420 = 0.0023833715559192113
Training loss on iteration 440 = 0.0014581325717159643
Training loss on iteration 460 = 0.01406413446572401
Training loss on iteration 480 = 0.0037570972709204398
Training loss on iteration 500 = 0.003001921631025084
Training loss on iteration 520 = 0.09362947730329338
Training loss on iteration 540 = 0.014097907430914347
Training loss on iteration 560 = 0.005981265722766693
Training loss on iteration 580 = 0.007023007661973679
Training loss on iteration 600 = 0.009223103296062619
Training loss on iteration 620 = 0.028041629341805673
Training loss on iteration 640 = 0.007366169404485845
Training loss on iteration 660 = 0.003661075166746741
Training loss on iteration 680 = 0.01656305027909184
Training loss on iteration 700 = 0.024155188588315467
Training loss on iteration 720 = 0.03599425686215909
Training loss on iteration 740 = 0.0022545720221387455
Training loss on iteration 760 = 0.0111845609939337
Training loss on iteration 780 = 0.028585565814682922
Training loss on iteration 800 = 0.013882857307908125
Training loss on iteration 820 = 0.0422115109005972
Training loss on iteration 840 = 0.014288757270696806
Training loss on iteration 860 = 0.017892310531897236
Training loss on iteration 880 = 0.009097302805230356
Training loss on iteration 900 = 0.0013922608749453503
Training loss on iteration 920 = 0.00045673931435885606
Training loss on iteration 940 = 0.006999764971783407
Training loss on iteration 960 = 0.002682575794187869
Training loss on iteration 980 = 0.0014881785631587264
Training loss on iteration 1000 = 0.0006978238133456216
Training loss on iteration 1020 = 0.0001468830214321315
Training loss on iteration 1040 = 0.002430751247459284
Training loss on iteration 1060 = 0.006494445514971403
Training loss on iteration 1080 = 0.011182296627293909
Training loss on iteration 1100 = 0.0053685657279942236
Training loss on iteration 1120 = 0.002010643532024403
Training loss on iteration 1140 = 0.00029814065405844305
Training loss on iteration 1160 = 0.0003516126191613012
Training loss on iteration 1180 = 0.001162361820971114
Training loss on iteration 1200 = 0.011548666344629232
Training loss on iteration 1220 = 0.001114273748439132
Training loss on iteration 1240 = 0.02830131249558008
Training loss on iteration 1260 = 0.0005302623367526849
Training loss on iteration 1280 = 0.014458535533356099
Training loss on iteration 1300 = 0.014063561292577376
Training loss on iteration 1320 = 0.011771138987388952
Training loss on iteration 1340 = 0.007028446439807112
Training loss on iteration 1360 = 0.007545121200804772
Training loss on iteration 1380 = 0.00129097449103881
Training loss on iteration 1400 = 0.0006153912476207779
Training loss on iteration 1420 = 0.0008365225521288266
Training loss on iteration 1440 = 0.0022052013661499003
Training loss on iteration 1460 = 0.004472520121429113
Training loss on iteration 1480 = 0.013129143832344425
Training loss on iteration 1500 = 0.002859205973585688
Training loss on iteration 1520 = 0.000664316093459405
Training loss on iteration 1540 = 0.005448163650516235
Training loss on iteration 1560 = 0.014582777603690289
Training loss on iteration 1580 = 0.022551199168011137
Training loss on iteration 1600 = 0.020149638119687553
Training loss on iteration 1620 = 0.0313095280055137
Training loss on iteration 1640 = 0.011360873247213021
Training loss on iteration 1660 = 0.02215474571436289
Training loss on iteration 1680 = 0.002724147539606747
Training loss on iteration 1700 = 0.0011109458697319496
Training loss on iteration 1720 = 0.0024749850002763196
Training loss on iteration 1740 = 0.017451373049152608
Training loss on iteration 1760 = 0.0003762679670671787
Training loss on iteration 1780 = 0.013438983636388003
Training loss on iteration 1800 = 0.00632819375764484
Training loss on iteration 1820 = 0.016319849700005308
Training loss on iteration 1840 = 0.005135774825885164
Training loss on iteration 1860 = 0.001323468115219839
Training loss on iteration 1880 = 0.03462773369348042
Training loss on iteration 1900 = 0.03264037496828678
Training loss on iteration 1920 = 0.01260982541134581
Training loss on iteration 1940 = 0.017606960245393564
Training loss on iteration 1960 = 0.006137581926668645
Training loss on iteration 1980 = 0.004181905885707238
Training loss on iteration 2000 = 0.018348792261531344
Training loss on iteration 2020 = 0.005969896085457549
Training loss on iteration 2040 = 0.011872767343129453
Training loss on iteration 2060 = 0.017398355563784662
Training loss on iteration 2080 = 0.0013259724887348056
Training loss on iteration 2100 = 0.015531237265759047
Training loss on iteration 2120 = 0.02226825021411969
Training loss on iteration 2140 = 0.009675349464032479
Training loss on iteration 2160 = 0.03513491829421582
Training loss on iteration 2180 = 0.002022976227090112
Training loss on iteration 2200 = 0.006071658049768303
Training loss on iteration 2220 = 0.003900094029495449
Training loss on iteration 2240 = 0.007624046186901978
Training loss on iteration 2260 = 0.0012553639810903405
Training loss on iteration 2280 = 0.002777254693683062
Training loss on iteration 2300 = 0.002016733160962758
Training loss on iteration 2320 = 0.008128091739035882
Training loss on iteration 2340 = 0.008578768519009827
Training loss on iteration 2360 = 0.027974841507318614
Training loss on iteration 2380 = 0.03833639633751318
Training loss on iteration 2400 = 0.011702826697546697
Training loss on iteration 2420 = 0.030457590102014365
Training loss on iteration 2440 = 0.024330551221009956
Training loss on iteration 2460 = 0.017993443809064046
Training loss on iteration 2480 = 0.017066441583438063
Training loss on iteration 2500 = 0.02133364021901798
Training loss on iteration 2520 = 0.0013360702387217316
Training loss on iteration 2540 = 0.006457171683723573
Training loss on iteration 2560 = 0.035931961367896295
Training loss on iteration 2580 = 0.002232347137760371
Training loss on iteration 2600 = 0.00200237765438942
Training loss on iteration 2620 = 0.038620156252272865
Training loss on iteration 2640 = 0.005537507283588638
Training loss on iteration 2660 = 0.009848804442208347
Training loss on iteration 2680 = 0.0020281907280150337
Training loss on iteration 2700 = 0.014823893118955312
Training loss on iteration 2720 = 0.010311186949866168
Training loss on iteration 2740 = 0.010479629781912081
Training loss on iteration 2760 = 0.026422988617650845
Training loss on iteration 2780 = 0.0035011337224204906
Training loss on iteration 2800 = 0.08831271460974222
Training loss on iteration 2820 = 0.012645448262992432
Training loss on iteration 2840 = 0.005216094809293281
Training loss on iteration 2860 = 0.016773977865159394
Training loss on iteration 2880 = 0.011792394399890327
Training loss on iteration 2900 = 0.028654853235639165
Training loss on iteration 2920 = 0.02498131445827312
Training loss on iteration 2940 = 0.01390620900929207
Training loss on iteration 2960 = 0.0016713379896827973
Training loss on iteration 2980 = 0.01447434171277564
Training loss on iteration 3000 = 0.0013149552200047766
Training loss on iteration 3020 = 0.0051025943877903044
Training loss on iteration 3040 = 0.005419279308625846
Training loss on iteration 3060 = 0.001471639976989536
Training loss on iteration 3080 = 0.0021404904576456827
Training loss on iteration 3100 = 0.0009816697149517494
Training loss on iteration 3120 = 0.0006824198620051902
Training loss on iteration 3140 = 0.0009823326854075276
Training loss on iteration 3160 = 0.0013826265353372945
Training loss on iteration 3180 = 0.0016394660113860482
Training loss on iteration 3200 = 0.004590647664937819
Training loss on iteration 3220 = 0.03367716501409177
Training loss on iteration 3240 = 0.023267604745478822
Training loss on iteration 3260 = 0.02599941186581418
Training loss on iteration 3280 = 0.0035983920920671154
Training loss on iteration 3300 = 0.004417253176325175
Training loss on iteration 3320 = 0.02033290405825028
Training loss on iteration 3340 = 0.024227366418926977
Training loss on iteration 3360 = 0.006309938274353044
Training loss on iteration 3380 = 0.01573444322384603
Training loss on iteration 3400 = 0.009650370329654833
Training loss on iteration 3420 = 0.003083171478465374
Training loss on iteration 3440 = 0.04355973248634655
Training loss on iteration 3460 = 0.012871854835066188
Training loss on iteration 3480 = 0.008834129465139996
Training loss on iteration 3500 = 0.010326527181678102
Training loss on iteration 3520 = 0.0009684630029369145
Training loss on iteration 3540 = 0.006305340462313324
Training loss on iteration 3560 = 0.0033648242359504365
Training loss on iteration 3580 = 0.0009766073048695033
Training loss on iteration 3600 = 0.0005567119206716598
Training loss on iteration 3620 = 0.0003976134820959487
Training loss on iteration 3640 = 0.002355098245050158
Training loss on iteration 3660 = 0.0009145684710006208
Training loss on iteration 3680 = 0.021404421238185024
Training loss on iteration 3700 = 0.01392505329110918
Training loss on iteration 3720 = 0.004528481098304837
Training loss on iteration 3740 = 0.002519449080864433
Training loss on iteration 3760 = 0.0008807202870116271
Training loss on iteration 3780 = 0.006424172440483744
Training loss on iteration 3800 = 0.0018459903474962402
Training loss on iteration 3820 = 0.013240980313503315
Training loss on iteration 3840 = 0.007984506501671262
Training loss on iteration 3860 = 0.012960981026617446
Training loss on iteration 3880 = 0.01008436240354058
Training loss on iteration 3900 = 0.00075908492119936
Training loss on iteration 3920 = 0.0031616709314221227
Training loss on iteration 3940 = 0.0015024349384646029
Training loss on iteration 3960 = 0.0006016915510542731
Training loss on iteration 3980 = 0.00601605302458097
Training loss on iteration 4000 = 0.0012112770126549322
Training loss on iteration 4020 = 0.004604119444064736
Training loss on iteration 4040 = 0.03861703542635268
Training loss on iteration 4060 = 0.016118773386392605
Training loss on iteration 4080 = 0.0014031649745106733
Training loss on iteration 4100 = 0.002365446722978959
Training loss on iteration 4120 = 0.025309502075651837
Training loss on iteration 4140 = 0.02075312477827538
Training loss on iteration 4160 = 0.023432512483850587
Training loss on iteration 4180 = 0.023900511436659146
Training loss on iteration 4200 = 0.011032437414542073
Training loss on iteration 4220 = 0.003996925062529045
Training loss on iteration 4240 = 0.007013987624668516
Training loss on iteration 4260 = 0.0005473496203194372
Training loss on iteration 4280 = 0.0024317253187518873
Training loss on iteration 4300 = 0.0020216930906371998
Training loss on iteration 4320 = 0.001823068656540272
Training loss on iteration 4340 = 0.001281756443904669
Training loss on iteration 4360 = 0.006402799411594629
Training loss on iteration 4380 = 0.005420969248802976
Training loss on iteration 4400 = 0.022016912599156058
Training loss on iteration 4420 = 0.012035976206743727
Training loss on iteration 4440 = 9.488128606562895e-05
Training loss on iteration 4460 = 0.0010185401950195683
Training loss on iteration 4480 = 0.0015021760590116172
Training loss on iteration 4500 = 0.017734662821567326
Training loss on iteration 4520 = 0.0026124037563477033
Training loss on iteration 4540 = 0.007859916192268201
Training loss on iteration 4560 = 0.02442812656996125
Training loss on iteration 4580 = 0.011238340353884269
Training loss on iteration 4600 = 0.05412497726183574
Training loss on iteration 4620 = 0.00323623005774607
Training loss on iteration 4640 = 0.0036708938830997797
Training loss on iteration 4660 = 0.0006025035650054633
Training loss on iteration 4680 = 0.014270578388504873
Training loss on iteration 4700 = 0.009825163658365454
Training loss on iteration 4720 = 0.011322057089728332
Training loss on iteration 4740 = 0.006301549421777963
Training loss on iteration 4760 = 0.016901590579448112
Training loss on iteration 4780 = 0.0012521951530516163
Training loss on iteration 4800 = 0.02484279588235836
Training loss on iteration 4820 = 0.0007907798596988869
Training loss on iteration 4840 = 0.006851584787591491
Training loss on iteration 4860 = 0.0032217056517993116
Training loss on iteration 4880 = 0.044244344488856766
Training loss on iteration 4900 = 0.01018767340647173
Training loss on iteration 4920 = 0.00819927596985508
Training loss on iteration 4940 = 0.0004006163364692839
Training loss on iteration 4960 = 0.0014513518397166081
Training loss on iteration 4980 = 0.001502602710775136
Training loss on iteration 5000 = 0.028698937430885963
Training loss on iteration 5020 = 0.023924761880789448
Training loss on iteration 5040 = 0.019633645658814203
Training loss on iteration 5060 = 0.0008181492103176424
Training loss on iteration 5080 = 0.006960070690547581
Training loss on iteration 5100 = 0.009210823344346863
Training loss on iteration 5120 = 0.018614263860627034
Training loss on iteration 5140 = 0.002548852053223527
Training loss on iteration 5160 = 0.0138592842131402
Training loss on iteration 5180 = 0.018076693453804183
Training loss on iteration 5200 = 0.020473345915524986
Training loss on iteration 5220 = 0.010595092582843791
Training loss on iteration 5240 = 0.012802447230751569
Training loss on iteration 5260 = 0.006597939260018393
Training loss on iteration 5280 = 0.000564362585919298
Training loss on iteration 5300 = 0.010786037923437419
Training loss on iteration 5320 = 0.00651328491815093
Training loss on iteration 5340 = 0.0067483533954359135
Training loss on iteration 5360 = 0.0015818483373863045
Training loss on iteration 5380 = 0.00929833312900712
Training loss on iteration 5400 = 0.012009804626347886
Training loss on iteration 5420 = 0.0069811580161285745
Training loss on iteration 5440 = 0.0004722163917826094
Training loss on iteration 5460 = 0.028059824404891742
Training loss on iteration 5480 = 0.020900596208502976
Training loss on iteration 5500 = 0.004748651719032182
Training loss on iteration 5520 = 0.028630910504364237
Training loss on iteration 5540 = 0.005926883766505853
Training loss on iteration 5560 = 0.021624142967812076
Training loss on iteration 5580 = 0.006977592769408148
Training loss on iteration 5600 = 0.0014104722263255098
Training loss on iteration 5620 = 0.007224843097304756
Training loss on iteration 5640 = 0.010638681050906484
Training loss on iteration 5660 = 0.01306578269814338
Training loss on iteration 5680 = 0.008347624804002862
Training loss on iteration 5700 = 0.015568667371928769
Training loss on iteration 5720 = 0.04548820527143107
Training loss on iteration 5740 = 0.004930260635592276
Training loss on iteration 5760 = 0.006558026979655551
Training loss on iteration 5780 = 0.006556128075135348
Training loss on iteration 5800 = 0.014632055308902636
Training loss on iteration 5820 = 0.013888792941065731
Training loss on iteration 5840 = 0.0126286218159521
Training loss on iteration 5860 = 0.015568629343579232
Training loss on iteration 5880 = 0.018226174775827532
Training loss on iteration 5900 = 0.017347846635675523
Training loss on iteration 5920 = 0.007356836437770653
Training loss on iteration 5940 = 0.01894730994022211
Training loss on iteration 5960 = 0.0067330104247503185
Training loss on iteration 5980 = 0.008307273706418528
Training loss on iteration 6000 = 0.005672650390397394
Training loss on iteration 6020 = 0.005795545353248599
Training loss on iteration 6040 = 0.007923307277962977
Training loss on iteration 6060 = 0.003064394872828302
Training loss on iteration 6080 = 0.010036187105856697
Training loss on iteration 6100 = 0.026531363237660345
Training loss on iteration 6120 = 0.0020849967584126716
Training loss on iteration 6140 = 0.0014487035603224286
Training loss on iteration 6160 = 0.00033517238211970833
Training loss on iteration 6180 = 0.027920054476874158
Training loss on iteration 6200 = 0.002853905385302369
Training loss on iteration 6220 = 0.012116859813363589
Training loss on iteration 6240 = 0.02898239744538955
Training loss on iteration 6260 = 0.05090652203580248
Training loss on iteration 6280 = 0.016320163232740013
Training loss on iteration 6300 = 0.025280356139410286
Training loss on iteration 6320 = 0.025132721035333816
Training loss on iteration 6340 = 0.009018041475337668
Training loss on iteration 6360 = 0.011282414924630757
Training loss on iteration 6380 = 0.046363157219457204
Training loss on iteration 6400 = 0.009679014763969462
Training loss on iteration 6420 = 0.01365400878676155
Training loss on iteration 6440 = 0.010007974039581313
Training loss on iteration 6460 = 0.008861365543771172
Training loss on iteration 6480 = 0.005967867887829925
Training loss on iteration 6500 = 0.004691451564576709
Training loss on iteration 6520 = 0.00987965210265429
Training loss on iteration 6540 = 0.029793996223259
Training loss on iteration 6560 = 0.015638401062278717
Training loss on iteration 6580 = 0.07004967826137545
Training loss on iteration 6600 = 0.011510115365672391
Training loss on iteration 6620 = 0.021649633214838104
Training loss on iteration 6640 = 0.008147723026831954
Training loss on iteration 6660 = 0.02992543505606591
Training loss on iteration 6680 = 0.014157289408831274
Training loss on iteration 6700 = 0.013796116163757689
Training loss on iteration 6720 = 0.0332832101976237
Training loss on iteration 6740 = 0.00655025094456505
Training loss on iteration 6760 = 0.0056142163139156764
Training loss on iteration 6780 = 0.003099544804535981
Training loss on iteration 6800 = 0.004456888874710785
Training loss on iteration 6820 = 0.007802024512920979
Training loss on iteration 6840 = 0.025705975362552636
Training loss on iteration 6860 = 0.013159403057125018
Training loss on iteration 6880 = 0.00926107916698129
Training loss on iteration 6900 = 0.004064246493317114
Training loss on iteration 6920 = 0.013065524052763067
Training loss on iteration 6940 = 0.0020940829988603583
Training loss on iteration 6960 = 0.0020710354015136545
Training loss on iteration 6980 = 0.021290653723735887
Training loss on iteration 7000 = 0.0017139732765599548
Training loss on iteration 7020 = 0.010430676348687485
Training loss on iteration 7040 = 0.003410689547126822
Training loss on iteration 7060 = 0.008104695668157547
Training loss on iteration 7080 = 0.015445536987908782
Training loss on iteration 7100 = 0.012389245605481847
Training loss on iteration 7120 = 0.0057939397722066134
Training loss on iteration 7140 = 0.003972425521305922
Training loss on iteration 7160 = 0.022385585803317554
Training loss on iteration 7180 = 0.043940085088388516
Training loss on iteration 7200 = 0.011699447877617786
Training loss on iteration 7220 = 0.011163328165093845
Training loss on iteration 7240 = 0.006884365646055812
Training loss on iteration 7260 = 0.006602144311727898
Training loss on iteration 7280 = 0.004244210296354823
Training loss on iteration 7300 = 0.004601256202977311
Training loss on iteration 7320 = 0.007143489299596695
Training loss on iteration 7340 = 0.03741211945230134
Training loss on iteration 7360 = 0.006487218987331289
Training loss on iteration 7380 = 0.020300677411614742
Training loss on iteration 7400 = 0.0018058131952784606
Training loss on iteration 7420 = 0.005884092492533455
Training loss on iteration 7440 = 0.030033024951103472
Training loss on iteration 7460 = 0.04143429281255066
Training loss on iteration 7480 = 0.007977976832899003
### EVAL:: Epoch 19:: Loss = 0.0047220437769076576 :: ACC = 0.9984088356420816, AUC = 0.9999900217135923, EER = 0.0014039685511044553
Training on epoch 20
Training loss on iteration 0 = 0.0003849180357065052
Training loss on iteration 20 = 0.0022924271514057184
Training loss on iteration 40 = 0.0007449360118926051
Training loss on iteration 60 = 0.004447206749387078
Training loss on iteration 80 = 0.006396123830973011
Training loss on iteration 100 = 0.0018277521845277533
Training loss on iteration 120 = 0.0009066772983032934
Training loss on iteration 140 = 0.013028178038831583
Training loss on iteration 160 = 0.001741946639708658
Training loss on iteration 180 = 0.002082145883878184
Training loss on iteration 200 = 0.0039667827697570605
Training loss on iteration 220 = 0.0018082610101743057
Training loss on iteration 240 = 0.04938831603143186
Training loss on iteration 260 = 0.012546788420587518
Training loss on iteration 280 = 0.0009516517957763426
Training loss on iteration 300 = 0.020013902619848523
Training loss on iteration 320 = 0.0014962225905037485
Training loss on iteration 340 = 0.004596522405472569
Training loss on iteration 360 = 0.0047446161413063235
Training loss on iteration 380 = 0.007675274636540053
Training loss on iteration 400 = 0.0019631745377097333
Training loss on iteration 420 = 0.04416972113997417
Training loss on iteration 440 = 0.004323275350589029
Training loss on iteration 460 = 0.001427323861662444
Training loss on iteration 480 = 0.009193090001349446
Training loss on iteration 500 = 0.030856595427212596
Training loss on iteration 520 = 0.010517556257400428
Training loss on iteration 540 = 0.012061256233755558
Training loss on iteration 560 = 0.021204128659246636
Training loss on iteration 580 = 0.0025668280923127895
Training loss on iteration 600 = 0.003733023491804488
Training loss on iteration 620 = 0.0019463240052118636
Training loss on iteration 640 = 0.013551877688132662
Training loss on iteration 660 = 0.013055969050719795
Training loss on iteration 680 = 0.02477326578193697
Training loss on iteration 700 = 0.034068417625394434
Training loss on iteration 720 = 0.007035552199886297
Training loss on iteration 740 = 0.015337510775316332
Training loss on iteration 760 = 0.009007797619824487
Training loss on iteration 780 = 0.004712171056280567
Training loss on iteration 800 = 0.0030085188604971336
Training loss on iteration 820 = 0.026170555069279546
Training loss on iteration 840 = 0.011983381467962318
Training loss on iteration 860 = 0.0035148340805790214
Training loss on iteration 880 = 0.016132501211995987
Training loss on iteration 900 = 0.0015068922891259718
Training loss on iteration 920 = 0.0071896526867931245
Training loss on iteration 940 = 0.00575066567353133
Training loss on iteration 960 = 0.000827125276850893
Training loss on iteration 980 = 0.01618073189840743
Training loss on iteration 1000 = 0.004871908325048935
Training loss on iteration 1020 = 0.006015107048142454
Training loss on iteration 1040 = 0.02094649421576662
Training loss on iteration 1060 = 0.004912776419678267
Training loss on iteration 1080 = 0.013411074902796827
Training loss on iteration 1100 = 0.015176517937652534
Training loss on iteration 1120 = 0.011921484848517138
Training loss on iteration 1140 = 0.03251692655460374
Training loss on iteration 1160 = 0.017073697604428163
Training loss on iteration 1180 = 0.008492899640623363
Training loss on iteration 1200 = 0.016472893560057857
Training loss on iteration 1220 = 0.010194072759668415
Training loss on iteration 1240 = 0.0027827213169530295
Training loss on iteration 1260 = 0.000861711922266295
Training loss on iteration 1280 = 0.02329590639351977
Training loss on iteration 1300 = 0.006730294133012649
Training loss on iteration 1320 = 0.003302221989861209
Training loss on iteration 1340 = 0.004186994296560442
Training loss on iteration 1360 = 0.012575104210679911
Training loss on iteration 1380 = 0.028007157554634433
Training loss on iteration 1400 = 0.039228271479078106
Training loss on iteration 1420 = 0.00572009416137007
Training loss on iteration 1440 = 0.003560738310625311
Training loss on iteration 1460 = 0.011609512834547786
Training loss on iteration 1480 = 0.011979349179455312
Training loss on iteration 1500 = 0.02279098549365699
Training loss on iteration 1520 = 0.0018748635535075664
Training loss on iteration 1540 = 0.008427764427506191
Training loss on iteration 1560 = 0.016157087770443467
Training loss on iteration 1580 = 0.026721835278294748
Training loss on iteration 1600 = 0.03897546278858499
Training loss on iteration 1620 = 0.001642597981481231
Training loss on iteration 1640 = 0.017002123733254847
Training loss on iteration 1660 = 0.00433015952767164
Training loss on iteration 1680 = 0.0026326808310045634
Training loss on iteration 1700 = 0.002616438591485348
Training loss on iteration 1720 = 0.002946185645487276
Training loss on iteration 1740 = 0.0041033802064248445
Training loss on iteration 1760 = 0.021009994791734245
Training loss on iteration 1780 = 0.010283920320082985
Training loss on iteration 1800 = 0.013344267524985298
Training loss on iteration 1820 = 0.0005883144124481987
Training loss on iteration 1840 = 0.03048045079763142
Training loss on iteration 1860 = 0.005880970069256364
Training loss on iteration 1880 = 0.053934807090627146
Training loss on iteration 1900 = 0.02337680123619066
Training loss on iteration 1920 = 0.017636815553851194
Training loss on iteration 1940 = 0.011871483446884667
Training loss on iteration 1960 = 0.0018836312445273506
Training loss on iteration 1980 = 0.01604763108334737
Training loss on iteration 2000 = 0.001169153618866403
Training loss on iteration 2020 = 0.012516818148742458
Training loss on iteration 2040 = 0.0028310298956057524
Training loss on iteration 2060 = 0.00040616984515509105
Training loss on iteration 2080 = 0.020871824215646484
Training loss on iteration 2100 = 0.00998857237282209
Training loss on iteration 2120 = 0.0008535958096217655
Training loss on iteration 2140 = 0.005017873497581604
Training loss on iteration 2160 = 0.0006107373355462187
Training loss on iteration 2180 = 0.003047656366334195
Training loss on iteration 2200 = 0.03452414132034391
Training loss on iteration 2220 = 0.009828508646751288
Training loss on iteration 2240 = 0.01232707010840386
Training loss on iteration 2260 = 0.025580604651258908
Training loss on iteration 2280 = 0.0038941158686611743
Training loss on iteration 2300 = 0.010658450867686043
Training loss on iteration 2320 = 0.016432445086320514
Training loss on iteration 2340 = 0.001755242989611361
Training loss on iteration 2360 = 0.016495827602739155
Training loss on iteration 2380 = 0.011250584788695051
Training loss on iteration 2400 = 0.019934615375132126
Training loss on iteration 2420 = 0.006281273764761864
Training loss on iteration 2440 = 0.0049210907010092345
Training loss on iteration 2460 = 0.026318615971740657
Training loss on iteration 2480 = 0.008779631115612575
Training loss on iteration 2500 = 0.01264590339269489
Training loss on iteration 2520 = 0.033718105173829824
Training loss on iteration 2540 = 0.019803036200028146
Training loss on iteration 2560 = 0.006925445603337721
Training loss on iteration 2580 = 0.0031366527294267145
Training loss on iteration 2600 = 0.003694636536101825
Training loss on iteration 2620 = 0.02539244460331247
Training loss on iteration 2640 = 0.01395219952453317
Training loss on iteration 2660 = 0.0021732881200932754
Training loss on iteration 2680 = 0.006563225949685147
Training loss on iteration 2700 = 0.006800635190620597
Training loss on iteration 2720 = 0.0015339078863235045
Training loss on iteration 2740 = 0.00790583470979982
Training loss on iteration 2760 = 0.018465247519884542
Training loss on iteration 2780 = 0.010644692655534981
Training loss on iteration 2800 = 0.006326785274863767
Training loss on iteration 2820 = 0.04997248175537834
Training loss on iteration 2840 = 0.010201903826964554
Training loss on iteration 2860 = 0.008897512109433592
Training loss on iteration 2880 = 0.0005807594805446569
Training loss on iteration 2900 = 0.02515162041745498
Training loss on iteration 2920 = 0.02148814149595637
Training loss on iteration 2940 = 0.030017589563613
Training loss on iteration 2960 = 0.0016850020874699112
Training loss on iteration 2980 = 0.01179801812286314
Training loss on iteration 3000 = 0.00831028711545514
Training loss on iteration 3020 = 0.02930374641882736
Training loss on iteration 3040 = 0.02066499597813163
Training loss on iteration 3060 = 0.005285263521182059
Training loss on iteration 3080 = 0.004367595105941291
Training loss on iteration 3100 = 0.0053892079555225795
Training loss on iteration 3120 = 0.0008506575642115877
Training loss on iteration 3140 = 0.0035842316275136454
Training loss on iteration 3160 = 0.009429031551326262
Training loss on iteration 3180 = 0.00423768353706464
Training loss on iteration 3200 = 0.0006700304530198764
Training loss on iteration 3220 = 0.0050157090228239555
Training loss on iteration 3240 = 0.010966408047670484
Training loss on iteration 3260 = 0.040272249429870045
Training loss on iteration 3280 = 0.005367615146633397
Training loss on iteration 3300 = 0.008809081587241963
Training loss on iteration 3320 = 0.007953299277323822
Training loss on iteration 3340 = 0.01742885265693985
Training loss on iteration 3360 = 0.0073650312337122156
Training loss on iteration 3380 = 0.0055680961607663445
Training loss on iteration 3400 = 0.013884358739323944
Training loss on iteration 3420 = 0.009157110220792219
Training loss on iteration 3440 = 0.003794178355087752
Training loss on iteration 3460 = 0.031239322499629907
Training loss on iteration 3480 = 0.01940028923876298
Training loss on iteration 3500 = 0.024111638451086038
Training loss on iteration 3520 = 0.010621892003291578
Training loss on iteration 3540 = 0.01439690420752413
Training loss on iteration 3560 = 0.013609442372990088
Training loss on iteration 3580 = 0.0039059139600794877
Training loss on iteration 3600 = 0.030657518967018405
Training loss on iteration 3620 = 0.006713228689659445
Training loss on iteration 3640 = 0.027192390991149295
Training loss on iteration 3660 = 0.006482717455628517
Training loss on iteration 3680 = 0.005472475083206518
Training loss on iteration 3700 = 0.017002870648911993
Training loss on iteration 3720 = 0.00766404118231776
Training loss on iteration 3740 = 0.005860225172637001
Training loss on iteration 3760 = 0.0006079921443074455
Training loss on iteration 3780 = 0.0032890701022097344
Training loss on iteration 3800 = 0.024999236537377102
Training loss on iteration 3820 = 0.01614166483277586
Training loss on iteration 3840 = 0.007693048964989657
Training loss on iteration 3860 = 0.011438679993830192
Training loss on iteration 3880 = 0.0007055795722976654
Training loss on iteration 3900 = 0.02492074863516791
Training loss on iteration 3920 = 0.03380775516659469
Training loss on iteration 3940 = 0.004637802476281649
Training loss on iteration 3960 = 0.012539830419154897
Training loss on iteration 3980 = 0.004041094951298873
Training loss on iteration 4000 = 0.011014131213869405
Training loss on iteration 4020 = 0.011348273758903816
Training loss on iteration 4040 = 0.0056584011342692975
Training loss on iteration 4060 = 0.0003245630856099524
Training loss on iteration 4080 = 0.03138418486963133
Training loss on iteration 4100 = 0.005761899954177352
Training loss on iteration 4120 = 0.022102644766528103
Training loss on iteration 4140 = 0.0010091244770819685
Training loss on iteration 4160 = 0.006139545038104188
Training loss on iteration 4180 = 0.0003471931079047863
Training loss on iteration 4200 = 0.04195190098885178
Training loss on iteration 4220 = 0.005858008056338804
Training loss on iteration 4240 = 0.015062383525037148
Training loss on iteration 4260 = 0.00938827475256403
Training loss on iteration 4280 = 0.029260397239977465
Training loss on iteration 4300 = 0.003635090223451698
Training loss on iteration 4320 = 0.00797206738643581
Training loss on iteration 4340 = 0.00725664279530065
Training loss on iteration 4360 = 0.0021457055969904106
Training loss on iteration 4380 = 0.0011736928592199548
Training loss on iteration 4400 = 0.006408141820520541
Training loss on iteration 4420 = 0.018907654309933263
Training loss on iteration 4440 = 0.016873421586160474
Training loss on iteration 4460 = 0.020118943700026648
Training loss on iteration 4480 = 0.011590277401683124
Training loss on iteration 4500 = 0.002937998420475196
Training loss on iteration 4520 = 0.00821127711737688
Training loss on iteration 4540 = 0.007013002279347802
Training loss on iteration 4560 = 0.0039518537171574055
Training loss on iteration 4580 = 0.021978310197187056
Training loss on iteration 4600 = 0.004995654935555649
Training loss on iteration 4620 = 0.023249025216244945
Training loss on iteration 4640 = 0.007667054793455463
Training loss on iteration 4660 = 0.0033082285698583292
Training loss on iteration 4680 = 0.0057010647517699905
Training loss on iteration 4700 = 0.001611322309645402
Training loss on iteration 4720 = 0.014253760391068227
Training loss on iteration 4740 = 0.010234439546104568
Training loss on iteration 4760 = 0.0005436647619490032
Training loss on iteration 4780 = 0.023979462876906155
Training loss on iteration 4800 = 0.013373453334349961
Training loss on iteration 4820 = 0.06665380231527251
Training loss on iteration 4840 = 0.00989651766476527
Training loss on iteration 4860 = 0.002513740735957981
Training loss on iteration 4880 = 0.016052708624192745
Training loss on iteration 4900 = 0.008878162156179314
Training loss on iteration 4920 = 0.00212760089391395
Training loss on iteration 4940 = 0.007426300892348081
Training loss on iteration 4960 = 0.009673712018684454
Training loss on iteration 4980 = 0.017007241154533403
Training loss on iteration 5000 = 0.025391684271494342
Training loss on iteration 5020 = 0.009508242778019848
Training loss on iteration 5040 = 0.02299862924169247
Training loss on iteration 5060 = 0.005601252299675253
Training loss on iteration 5080 = 0.011546543870849746
Training loss on iteration 5100 = 0.005909659932018485
Training loss on iteration 5120 = 0.002657749918816421
Training loss on iteration 5140 = 0.0118722160212279
Training loss on iteration 5160 = 0.0026897738158822905
Training loss on iteration 5180 = 0.002697890422865612
Training loss on iteration 5200 = 0.006484597425567529
Training loss on iteration 5220 = 0.0007960256813955624
Training loss on iteration 5240 = 0.0021443379213019753
Training loss on iteration 5260 = 0.03511703071421977
Training loss on iteration 5280 = 0.002755886011578923
Training loss on iteration 5300 = 0.013444396713725836
Training loss on iteration 5320 = 0.0017424505291273817
Training loss on iteration 5340 = 0.033004107121814744
Training loss on iteration 5360 = 0.011019405246588575
Training loss on iteration 5380 = 0.050697745180605124
Training loss on iteration 5400 = 0.00735186013407656
Training loss on iteration 5420 = 0.006426910322988988
Training loss on iteration 5440 = 0.015381122472899734
Training loss on iteration 5460 = 0.0055135770187462185
Training loss on iteration 5480 = 0.0131963474758777
Training loss on iteration 5500 = 0.008622203262621041
Training loss on iteration 5520 = 0.008215726561479642
Training loss on iteration 5540 = 0.012471348849612696
Training loss on iteration 5560 = 0.04041544706683453
Training loss on iteration 5580 = 0.04361900100398088
Training loss on iteration 5600 = 0.009763340871904802
Training loss on iteration 5620 = 0.004105696762235311
Training loss on iteration 5640 = 0.008801646401934704
Training loss on iteration 5660 = 0.003195772458821011
Training loss on iteration 5680 = 0.006469185168020886
Training loss on iteration 5700 = 0.0429828986736851
Training loss on iteration 5720 = 0.0052719799603210046
Training loss on iteration 5740 = 0.007798518745767069
Training loss on iteration 5760 = 0.012418708729393301
Training loss on iteration 5780 = 0.0026880189163307477
Training loss on iteration 5800 = 0.0005343743804758106
Training loss on iteration 5820 = 0.07718420567710496
Training loss on iteration 5840 = 0.01874054760137369
Training loss on iteration 5860 = 0.030643119369779016
Training loss on iteration 5880 = 0.022337559425795916
Training loss on iteration 5900 = 0.008683329679388407
Training loss on iteration 5920 = 0.001434881020031753
Training loss on iteration 5940 = 0.008593938679223357
Training loss on iteration 5960 = 0.01121417117051351
Training loss on iteration 5980 = 0.0022059384240492364
Training loss on iteration 6000 = 0.0236567569749468
Training loss on iteration 6020 = 0.005523257885579369
Training loss on iteration 6040 = 0.0006851992935025919
Training loss on iteration 6060 = 0.0009500412266334024
Training loss on iteration 6080 = 0.011863026502032881
Training loss on iteration 6100 = 0.004251930644136337
Training loss on iteration 6120 = 0.0007477214024902423
Training loss on iteration 6140 = 0.0017239832655661757
Training loss on iteration 6160 = 0.0009485002675376109
Training loss on iteration 6180 = 0.0008725384261154545
Training loss on iteration 6200 = 0.024883900860905327
Training loss on iteration 6220 = 0.0011024540936432458
Training loss on iteration 6240 = 0.021134853175999523
Training loss on iteration 6260 = 0.023211671269098132
Training loss on iteration 6280 = 0.01534523482523582
Training loss on iteration 6300 = 0.017674624275423413
Training loss on iteration 6320 = 0.05115991171452379
Training loss on iteration 6340 = 0.014957303654955467
Training loss on iteration 6360 = 0.0024333113175089237
Training loss on iteration 6380 = 0.009778714312597003
Training loss on iteration 6400 = 0.011152471730963499
Training loss on iteration 6420 = 0.005987201287780408
Training loss on iteration 6440 = 0.036163753002290376
Training loss on iteration 6460 = 0.01567538929884904
Training loss on iteration 6480 = 0.006878974345818278
Training loss on iteration 6500 = 0.003536063210822249
Training loss on iteration 6520 = 0.0030230923613089543
Training loss on iteration 6540 = 0.0007848088279615694
Training loss on iteration 6560 = 0.004846794249669983
Training loss on iteration 6580 = 0.0011916651337514849
Training loss on iteration 6600 = 0.014077099626285871
Training loss on iteration 6620 = 0.006457777109790186
Training loss on iteration 6640 = 0.0298187918934417
Training loss on iteration 6660 = 0.007343706824917718
Training loss on iteration 6680 = 0.055181360213100564
Training loss on iteration 6700 = 0.02004021744169222
Training loss on iteration 6720 = 0.0016490924585014
Training loss on iteration 6740 = 0.026279353003519645
Training loss on iteration 6760 = 0.020921364143396202
Training loss on iteration 6780 = 0.004781377766630612
Training loss on iteration 6800 = 0.0027678811426085303
Training loss on iteration 6820 = 0.001610003247333225
Training loss on iteration 6840 = 0.0033600305034724443
Training loss on iteration 6860 = 0.04497979713901259
Training loss on iteration 6880 = 0.026889344041410367
Training loss on iteration 6900 = 0.011161661468759122
Training loss on iteration 6920 = 0.007844480896164897
Training loss on iteration 6940 = 0.005203657711717824
Training loss on iteration 6960 = 0.012854558837670994
Training loss on iteration 6980 = 0.03421941400745254
Training loss on iteration 7000 = 0.006885398678241473
Training loss on iteration 7020 = 0.017551445458502714
Training loss on iteration 7040 = 0.005823306419006258
Training loss on iteration 7060 = 0.001503312091949738
Training loss on iteration 7080 = 0.005303063347514581
Training loss on iteration 7100 = 0.009091502176420362
Training loss on iteration 7120 = 0.05200517958864452
Training loss on iteration 7140 = 0.02748412726341485
Training loss on iteration 7160 = 0.008235608658651472
Training loss on iteration 7180 = 0.01036101552817854
Training loss on iteration 7200 = 0.021035032866257096
Training loss on iteration 7220 = 0.01461482117210835
Training loss on iteration 7240 = 0.0012592497626428667
Training loss on iteration 7260 = 0.003837611014387221
Training loss on iteration 7280 = 0.005866738586291831
Training loss on iteration 7300 = 0.006673615713702929
Training loss on iteration 7320 = 0.08925166049573363
Training loss on iteration 7340 = 0.027345083799446
Training loss on iteration 7360 = 0.04141287827442284
Training loss on iteration 7380 = 0.012400312581303297
Training loss on iteration 7400 = 0.0028207470357301647
Training loss on iteration 7420 = 0.014250436450765847
Training loss on iteration 7440 = 0.008896323090812074
Training loss on iteration 7460 = 0.003277988453191938
Training loss on iteration 7480 = 0.002146370885657234
### EVAL:: Epoch 20:: Loss = 0.004621639044562829 :: ACC = 0.9983152377386747, AUC = 0.9999780547783569, EER = 0.0016847622613253464
### Out of domain:: Best epoch 18 :: ACC = 0.6347946586041824, AUC = 0.7729534631616239, EER = 0.29402872260015117
recorded: {'exp_name': 'en_ast_r02', 'model': 'ast', 'train': 'commonvoice-en', 'test': 'mailabs-en', 'in_acc': 0.9985492324971921, 'in_auc': 0.999992316982283, 'in_eer': 0.0014039685511044553, 'cross_acc': 0.6347946586041824, 'cross_auc': 0.7729534631616239, 'cross_eer': 0.29402872260015117}
root_path: /project/home/p201284/guo/xmad_data
multilingual: True  model check for config: /project/home/p201284/guo/xmad-bench-repro/repro_tools/stepB/configs_node2_en/config_en_ast.json

  OK  commonvoice-en       rows=96368    sep=','
  OK  mailabs-en           rows=39690    sep=','

PRE-FLIGHT PASSED — data layout looks correct for this config.

=== RUN en_ast_r03 (model=ast) ===

Loading weights:   0%|          | 0/199 [00:00<?, ?it/s]
Loading weights:  10%|▉         | 19/199 [00:00<00:01, 154.70it/s]
Loading weights:  18%|█▊        | 35/199 [00:00<00:01, 84.29it/s] 
Loading weights:  27%|██▋       | 53/199 [00:00<00:01, 109.09it/s]
Loading weights:  39%|███▉      | 78/199 [00:00<00:00, 145.62it/s]
Loading weights:  61%|██████▏   | 122/199 [00:00<00:00, 221.78it/s]
Loading weights:  74%|███████▍  | 147/199 [00:00<00:00, 215.21it/s]
Loading weights: 100%|██████████| 199/199 [00:00<00:00, 234.41it/s]
[transformers] [1mASTModel LOAD REPORT[0m from: MIT/ast-finetuned-audioset-10-10-0.4593
Key                         | Status     |  | 
----------------------------+------------+--+-
classifier.dense.bias       | UNEXPECTED |  | 
classifier.layernorm.bias   | UNEXPECTED |  | 
classifier.dense.weight     | UNEXPECTED |  | 
classifier.layernorm.weight | UNEXPECTED |  | 

Notes:
- UNEXPECTED:	can be ignored when loading from different task/architecture; not ok if you expect identical arch.
/mnt/tier2/project/p201284/guo/xmad-bench-repro/venv/lib/python3.13/site-packages/transformers/audio_utils.py:704: UserWarning: At least one mel filter has all zero values. The value for `num_mel_filters` (128) may be set too high. Or, the value for `num_frequency_bins` (257) may be set too low.
  warnings.warn(
commonvoice-en
/mnt/tier2/project/p201284/guo/xmad-bench-repro/venv/lib/python3.13/site-packages/transformers/audio_utils.py:704: UserWarning: At least one mel filter has all zero values. The value for `num_mel_filters` (128) may be set too high. Or, the value for `num_frequency_bins` (257) may be set too low.
  warnings.warn(
commonvoice-en
/mnt/tier2/project/p201284/guo/xmad-bench-repro/venv/lib/python3.13/site-packages/transformers/audio_utils.py:704: UserWarning: At least one mel filter has all zero values. The value for `num_mel_filters` (128) may be set too high. Or, the value for `num_frequency_bins` (257) may be set too low.
  warnings.warn(
Training on epoch 1
Training loss on iteration 0 = 0.6491643190383911
Training loss on iteration 20 = 1.2658832982182502
Training loss on iteration 40 = 0.695372973382473
Training loss on iteration 60 = 0.7719653382897377
Training loss on iteration 80 = 0.6887868776917457
Training loss on iteration 100 = 0.6781755402684212
Training loss on iteration 120 = 0.6358591169118881
Training loss on iteration 140 = 0.6144198700785637
Training loss on iteration 160 = 0.5588688507676125
Training loss on iteration 180 = 0.6069079458713531
Training loss on iteration 200 = 0.4797951105982065
Training loss on iteration 220 = 0.49402539655566213
Training loss on iteration 240 = 0.39569357093423607
Training loss on iteration 260 = 0.5168556407094002
Training loss on iteration 280 = 0.2883244451135397
Training loss on iteration 300 = 0.22633118936792015
Training loss on iteration 320 = 0.2313798421062529
Training loss on iteration 340 = 0.1536409931257367
Training loss on iteration 360 = 0.19659796496853232
Training loss on iteration 380 = 0.3433003796730191
Training loss on iteration 400 = 0.2623554365709424
Training loss on iteration 420 = 0.15953984195366502
Training loss on iteration 440 = 0.19614724363200367
Training loss on iteration 460 = 0.17573441427666694
Training loss on iteration 480 = 0.1116887932876125
Training loss on iteration 500 = 0.1755896380636841
Training loss on iteration 520 = 0.11023604236543179
Training loss on iteration 540 = 0.2010587186086923
Training loss on iteration 560 = 0.0551756551489234
Training loss on iteration 580 = 0.15285870488733053
Training loss on iteration 600 = 0.10438931854441762
Training loss on iteration 620 = 0.0809774928726256
Training loss on iteration 640 = 0.094476672494784
Training loss on iteration 660 = 0.07093141501536593
Training loss on iteration 680 = 0.030335155909415334
Training loss on iteration 700 = 0.09507935498168081
Training loss on iteration 720 = 0.14104949528991712
Training loss on iteration 740 = 0.11121280870866031
Training loss on iteration 760 = 0.04422813284909353
Training loss on iteration 780 = 0.0814815163903404
Training loss on iteration 800 = 0.11876616412773729
Training loss on iteration 820 = 0.19418975040316583
Training loss on iteration 840 = 0.15348492418415843
Training loss on iteration 860 = 0.1447305218083784
Training loss on iteration 880 = 0.2795350857079029
Training loss on iteration 900 = 0.2019844818394631
Training loss on iteration 920 = 0.066741745127365
Training loss on iteration 940 = 0.10288229563739151
Training loss on iteration 960 = 0.1632631213404238
Training loss on iteration 980 = 0.22816015779972076
Training loss on iteration 1000 = 0.10279032390099019
Training loss on iteration 1020 = 0.11620349090080709
Training loss on iteration 1040 = 0.17066877633915284
Training loss on iteration 1060 = 0.10833368804305792
Training loss on iteration 1080 = 0.14384742863476277
Training loss on iteration 1100 = 0.12552383658476174
Training loss on iteration 1120 = 0.10144081208854913
Training loss on iteration 1140 = 0.1243454945506528
Training loss on iteration 1160 = 0.09297910368768499
Training loss on iteration 1180 = 0.1541638553608209
Training loss on iteration 1200 = 0.1096492525190115
Training loss on iteration 1220 = 0.06297616556985304
Training loss on iteration 1240 = 0.05408626137068495
Training loss on iteration 1260 = 0.15932386284694075
Training loss on iteration 1280 = 0.13226062611793168
Training loss on iteration 1300 = 0.08220691188471392
Training loss on iteration 1320 = 0.1352334874216467
Training loss on iteration 1340 = 0.025911357387667523
Training loss on iteration 1360 = 0.07477700498420745
Training loss on iteration 1380 = 0.06932542131980882
Training loss on iteration 1400 = 0.08616637451341376
Training loss on iteration 1420 = 0.10223750632503652
Training loss on iteration 1440 = 0.13132385303033517
Training loss on iteration 1460 = 0.1118915643543005
Training loss on iteration 1480 = 0.103151106252335
Training loss on iteration 1500 = 0.0862431124318391
Training loss on iteration 1520 = 0.055633668845985085
Training loss on iteration 1540 = 0.12387254410423339
Training loss on iteration 1560 = 0.06579180444823578
Training loss on iteration 1580 = 0.10609918068512343
Training loss on iteration 1600 = 0.04609768140362576
Training loss on iteration 1620 = 0.07787990481592715
Training loss on iteration 1640 = 0.21945935749972706
Training loss on iteration 1660 = 0.1651295805349946
Training loss on iteration 1680 = 0.060642632062081245
Training loss on iteration 1700 = 0.08090602385927922
Training loss on iteration 1720 = 0.19777709348127245
Training loss on iteration 1740 = 0.06786079318262636
Training loss on iteration 1760 = 0.08409436198417097
Training loss on iteration 1780 = 0.0819990842603147
Training loss on iteration 1800 = 0.1864847985561937
Training loss on iteration 1820 = 0.07382636978290975
Training loss on iteration 1840 = 0.174223951267777
Training loss on iteration 1860 = 0.12325238496996463
Training loss on iteration 1880 = 0.11226408511865885
Training loss on iteration 1900 = 0.08660154035314918
Training loss on iteration 1920 = 0.07348366098012775
Training loss on iteration 1940 = 0.11185354589251802
Training loss on iteration 1960 = 0.12175215298775584
Training loss on iteration 1980 = 0.07094673132523895
Training loss on iteration 2000 = 0.09290588994917925
Training loss on iteration 2020 = 0.08716216273605823
Training loss on iteration 2040 = 0.054777450329856946
Training loss on iteration 2060 = 0.06021302283043042
Training loss on iteration 2080 = 0.059248875943012536
Training loss on iteration 2100 = 0.04788541643647477
Training loss on iteration 2120 = 0.14628603872843088
Training loss on iteration 2140 = 0.09206576975993812
Training loss on iteration 2160 = 0.0333916019735625
Training loss on iteration 2180 = 0.051511572625895494
Training loss on iteration 2200 = 0.060143108741613105
Training loss on iteration 2220 = 0.0942426249734126
Training loss on iteration 2240 = 0.10409855895559303
Training loss on iteration 2260 = 0.0815238046401646
Training loss on iteration 2280 = 0.1605928784934804
Training loss on iteration 2300 = 0.11315237223170697
Training loss on iteration 2320 = 0.15861907156649976
Training loss on iteration 2340 = 0.12533134844852611
Training loss on iteration 2360 = 0.07944515141425654
Training loss on iteration 2380 = 0.11930222900118678
Training loss on iteration 2400 = 0.07231793631799519
Training loss on iteration 2420 = 0.06639835129026324
Training loss on iteration 2440 = 0.06315747041662689
Training loss on iteration 2460 = 0.12857576988171787
Training loss on iteration 2480 = 0.02375147936400026
Training loss on iteration 2500 = 0.07064955523819663
Training loss on iteration 2520 = 0.04933283276332077
Training loss on iteration 2540 = 0.026871745014796035
Training loss on iteration 2560 = 0.006974133303447161
Training loss on iteration 2580 = 0.09187330722998013
Training loss on iteration 2600 = 0.04868635608581826
Training loss on iteration 2620 = 0.03467949888436124
Training loss on iteration 2640 = 0.07398167701903731
Training loss on iteration 2660 = 0.16716460363968508
Training loss on iteration 2680 = 0.04147002961253747
Training loss on iteration 2700 = 0.058571580520947464
Training loss on iteration 2720 = 0.09614131420385093
Training loss on iteration 2740 = 0.06247217321069911
Training loss on iteration 2760 = 0.07791263561230152
Training loss on iteration 2780 = 0.059289846615865824
Training loss on iteration 2800 = 0.06372209284454584
Training loss on iteration 2820 = 0.09461193657189142
Training loss on iteration 2840 = 0.2341194068081677
Training loss on iteration 2860 = 0.07334355137427337
Training loss on iteration 2880 = 0.0976229382751626
Training loss on iteration 2900 = 0.0963867895770818
Training loss on iteration 2920 = 0.048346678868983875
Training loss on iteration 2940 = 0.07678931158734485
Training loss on iteration 2960 = 0.10503370302612894
Training loss on iteration 2980 = 0.04021972717018798
Training loss on iteration 3000 = 0.06589803867391311
Training loss on iteration 3020 = 0.08202512267162092
Training loss on iteration 3040 = 0.17258390474598856
Training loss on iteration 3060 = 0.047943609720095995
Training loss on iteration 3080 = 0.152003889833577
Training loss on iteration 3100 = 0.09652349826646969
Training loss on iteration 3120 = 0.026434854301624
Training loss on iteration 3140 = 0.10858929502137471
Training loss on iteration 3160 = 0.09574242085218429
Training loss on iteration 3180 = 0.0758448824286461
Training loss on iteration 3200 = 0.0870831950538559
Training loss on iteration 3220 = 0.06704243100248278
Training loss on iteration 3240 = 0.09189004035433754
Training loss on iteration 3260 = 0.09237900438020005
Training loss on iteration 3280 = 0.1055481703602709
Training loss on iteration 3300 = 0.03287668813718483
Training loss on iteration 3320 = 0.12818435247754678
Training loss on iteration 3340 = 0.024994134320877492
Training loss on iteration 3360 = 0.22423550180683377
Training loss on iteration 3380 = 0.1795787530601956
Training loss on iteration 3400 = 0.05646313419565559
Training loss on iteration 3420 = 0.10501977300737053
Training loss on iteration 3440 = 0.16793925305828453
Training loss on iteration 3460 = 0.07890395300928503
Training loss on iteration 3480 = 0.04683977541571949
Training loss on iteration 3500 = 0.09478053642669693
Training loss on iteration 3520 = 0.08867597084026783
Training loss on iteration 3540 = 0.04245821417134721
Training loss on iteration 3560 = 0.10650621895620134
Training loss on iteration 3580 = 0.0533931361453142
Training loss on iteration 3600 = 0.05444815717637539
Training loss on iteration 3620 = 0.07320948810083791
Training loss on iteration 3640 = 0.04713579709059559
Training loss on iteration 3660 = 0.061107827723026274
Training loss on iteration 3680 = 0.08105152227217331
Training loss on iteration 3700 = 0.050029250129591675
Training loss on iteration 3720 = 0.07869885646505281
Training loss on iteration 3740 = 0.0939011609298177
Training loss on iteration 3760 = 0.07935228722635657
Training loss on iteration 3780 = 0.03712977344112005
Training loss on iteration 3800 = 0.06192008566868026
Training loss on iteration 3820 = 0.08963795765303076
Training loss on iteration 3840 = 0.031077475132769906
Training loss on iteration 3860 = 0.03908014352855389
Training loss on iteration 3880 = 0.1373666864237748
Training loss on iteration 3900 = 0.11046280930750071
Training loss on iteration 3920 = 0.05492274239077233
Training loss on iteration 3940 = 0.06683556000352837
Training loss on iteration 3960 = 0.04554343239869922
Training loss on iteration 3980 = 0.04492598598008044
Training loss on iteration 4000 = 0.058333643776131795
Training loss on iteration 4020 = 0.05626468267291784
Training loss on iteration 4040 = 0.11995354511309415
Training loss on iteration 4060 = 0.14225034106057138
Training loss on iteration 4080 = 0.10512533816508948
Training loss on iteration 4100 = 0.0353239434552961
Training loss on iteration 4120 = 0.07916865718143526
Training loss on iteration 4140 = 0.07538812693674117
Training loss on iteration 4160 = 0.05847731085959822
Training loss on iteration 4180 = 0.09069206519052386
Training loss on iteration 4200 = 0.02824497451656498
Training loss on iteration 4220 = 0.12987797819951083
Training loss on iteration 4240 = 0.08045390942133963
Training loss on iteration 4260 = 0.0758816368645057
Training loss on iteration 4280 = 0.030816817132290453
Training loss on iteration 4300 = 0.05748656985379057
Training loss on iteration 4320 = 0.06661063231294975
Training loss on iteration 4340 = 0.020999280858086423
Training loss on iteration 4360 = 0.03304631289356621
Training loss on iteration 4380 = 0.045716800127775056
Training loss on iteration 4400 = 0.09823946923352196
Training loss on iteration 4420 = 0.02212925609201193
Training loss on iteration 4440 = 0.03798619771405356
Training loss on iteration 4460 = 0.06952577054034918
Training loss on iteration 4480 = 0.03860819319379516
Training loss on iteration 4500 = 0.0280201050802134
Training loss on iteration 4520 = 0.09440755444520618
Training loss on iteration 4540 = 0.03123101167147979
Training loss on iteration 4560 = 0.008819265599595384
Training loss on iteration 4580 = 0.05787851827335544
Training loss on iteration 4600 = 0.026333695379435085
Training loss on iteration 4620 = 0.08753668802091852
Training loss on iteration 4640 = 0.0699461827520281
Training loss on iteration 4660 = 0.059197314479388294
Training loss on iteration 4680 = 0.023855402739718555
Training loss on iteration 4700 = 0.03755651056999341
Training loss on iteration 4720 = 0.07478216009258176
Training loss on iteration 4740 = 0.07895341920666396
Training loss on iteration 4760 = 0.045318436017259954
Training loss on iteration 4780 = 0.017178796272492036
Training loss on iteration 4800 = 0.04864951223717071
Training loss on iteration 4820 = 0.16061053110752255
Training loss on iteration 4840 = 0.11033780006691814
Training loss on iteration 4860 = 0.2030736674554646
Training loss on iteration 4880 = 0.2533617111854255
Training loss on iteration 4900 = 0.20321145799243823
Training loss on iteration 4920 = 0.3623063202947378
Training loss on iteration 4940 = 0.1892761795781553
Training loss on iteration 4960 = 0.2729344307910651
Training loss on iteration 4980 = 0.1966219970025122
Training loss on iteration 5000 = 0.22270171120762824
Training loss on iteration 5020 = 0.17820134111680092
Training loss on iteration 5040 = 0.16449482263997198
Training loss on iteration 5060 = 0.10015985141508281
Training loss on iteration 5080 = 0.1471227186266333
Training loss on iteration 5100 = 0.09742985763587057
Training loss on iteration 5120 = 0.09258730683941394
Training loss on iteration 5140 = 0.15744981823954732
Training loss on iteration 5160 = 0.20791222751140595
Training loss on iteration 5180 = 0.07279390483163298
Training loss on iteration 5200 = 0.11578614346217364
Training loss on iteration 5220 = 0.14774957094341518
Training loss on iteration 5240 = 0.10109440335072577
Training loss on iteration 5260 = 0.21861112320329995
Training loss on iteration 5280 = 0.18976937755942344
Training loss on iteration 5300 = 0.17833587960340083
Training loss on iteration 5320 = 0.075518658477813
Training loss on iteration 5340 = 0.1645497678546235
Training loss on iteration 5360 = 0.19199476270005106
Training loss on iteration 5380 = 0.18598504094406962
Training loss on iteration 5400 = 0.06785769676789641
Training loss on iteration 5420 = 0.26739729549735786
Training loss on iteration 5440 = 0.09300343089271337
Training loss on iteration 5460 = 0.2345864391652867
Training loss on iteration 5480 = 0.18769011246040462
Training loss on iteration 5500 = 0.08280247955117374
Training loss on iteration 5520 = 0.04809234669664875
Training loss on iteration 5540 = 0.0721740588080138
Training loss on iteration 5560 = 0.1376133744372055
Training loss on iteration 5580 = 0.17689569303765892
Training loss on iteration 5600 = 0.06267339953919873
Training loss on iteration 5620 = 0.18102821299107746
Training loss on iteration 5640 = 0.1023204376688227
Training loss on iteration 5660 = 0.1668440679553896
Training loss on iteration 5680 = 0.10162996798753739
Training loss on iteration 5700 = 0.12383489261846989
Training loss on iteration 5720 = 0.29241587840951977
Training loss on iteration 5740 = 0.1620447385124862
Training loss on iteration 5760 = 0.05873542719054967
Training loss on iteration 5780 = 0.05191034098970704
Training loss on iteration 5800 = 0.29279975473182274
Training loss on iteration 5820 = 0.10094562266021967
Training loss on iteration 5840 = 0.03385954396799207
Training loss on iteration 5860 = 0.09041355850640684
Training loss on iteration 5880 = 0.09791148162912577
Training loss on iteration 5900 = 0.07261166618554853
Training loss on iteration 5920 = 0.11433983363676817
Training loss on iteration 5940 = 0.03909091241075657
Training loss on iteration 5960 = 0.0793887321546208
Training loss on iteration 5980 = 0.11369557497091591
Training loss on iteration 6000 = 0.17135826779995114
Training loss on iteration 6020 = 0.11621921616606415
Training loss on iteration 6040 = 0.10447470769286156
Training loss on iteration 6060 = 0.17726539210998454
Training loss on iteration 6080 = 0.18175303894095124
Training loss on iteration 6100 = 0.25810520723462105
Training loss on iteration 6120 = 0.22022908586077392
Training loss on iteration 6140 = 0.17916085473261772
Training loss on iteration 6160 = 0.10445775864645838
Training loss on iteration 6180 = 0.15632291976362467
Training loss on iteration 6200 = 0.13124884791905062
Training loss on iteration 6220 = 0.11966188345104456
Training loss on iteration 6240 = 0.08573939652997069
Training loss on iteration 6260 = 0.17506711811292916
Training loss on iteration 6280 = 0.12072094110772014
Training loss on iteration 6300 = 0.16374420772772283
Training loss on iteration 6320 = 0.23252681929152458
Training loss on iteration 6340 = 0.14898556731641294
Training loss on iteration 6360 = 0.09019358195364476
Training loss on iteration 6380 = 0.1858440896961838
Training loss on iteration 6400 = 0.11993249794468283
Training loss on iteration 6420 = 0.10224623335525393
Training loss on iteration 6440 = 0.07631017599487677
Training loss on iteration 6460 = 0.24965386397670955
Training loss on iteration 6480 = 0.12754814578220247
Training loss on iteration 6500 = 0.11749895457178354
Training loss on iteration 6520 = 0.1320597639074549
Training loss on iteration 6540 = 0.1137862958596088
Training loss on iteration 6560 = 0.11900927303358913
Training loss on iteration 6580 = 0.0785922035574913
Training loss on iteration 6600 = 0.04304066325421445
Training loss on iteration 6620 = 0.14514207301253917
Training loss on iteration 6640 = 0.21763417304027827
Training loss on iteration 6660 = 0.0975668007042259
Training loss on iteration 6680 = 0.17419418162899092
Training loss on iteration 6700 = 0.11476878516841679
Training loss on iteration 6720 = 0.11206432986073196
Training loss on iteration 6740 = 0.09169424518477172
Training loss on iteration 6760 = 0.08983637283090502
Training loss on iteration 6780 = 0.056069806223968045
Training loss on iteration 6800 = 0.09031178502482362
Training loss on iteration 6820 = 0.15165097601129673
Training loss on iteration 6840 = 0.08939186166971921
Training loss on iteration 6860 = 0.05784866238245741
Training loss on iteration 6880 = 0.12794920901069418
Training loss on iteration 6900 = 0.14201186562422663
Training loss on iteration 6920 = 0.0758347331546247
Training loss on iteration 6940 = 0.16166774912271648
Training loss on iteration 6960 = 0.12134157912805676
Training loss on iteration 6980 = 0.08591910868417471
Training loss on iteration 7000 = 0.24213935816660523
Training loss on iteration 7020 = 0.15862484467215837
Training loss on iteration 7040 = 0.06907713693799451
Training loss on iteration 7060 = 0.2092608850391116
Training loss on iteration 7080 = 0.27909810906276106
Training loss on iteration 7100 = 0.17251780005171896
Training loss on iteration 7120 = 0.23285676026716828
Training loss on iteration 7140 = 0.1350125120021403
Training loss on iteration 7160 = 0.22396559147164224
Training loss on iteration 7180 = 0.14405794548802078
Training loss on iteration 7200 = 0.16607841677032412
Training loss on iteration 7220 = 0.1537414387334138
Training loss on iteration 7240 = 0.30406010020524266
Training loss on iteration 7260 = 0.15360800423659385
Training loss on iteration 7280 = 0.11382370891515166
Training loss on iteration 7300 = 0.14726746520027517
Training loss on iteration 7320 = 0.08751618843525648
Training loss on iteration 7340 = 0.1071252841502428
Training loss on iteration 7360 = 0.1790220069233328
Training loss on iteration 7380 = 0.05752936671487987
Training loss on iteration 7400 = 0.11441641310229897
Training loss on iteration 7420 = 0.22773323049768807
Training loss on iteration 7440 = 0.12218831055797637
Training loss on iteration 7460 = 0.10005636429414153
Training loss on iteration 7480 = 0.09178024833090603
### EVAL:: Epoch 1:: Loss = 0.06494358221583396 :: ACC = 0.975617746162486, AUC = 0.9988240164580927, EER = 0.015911643579183826
Training on epoch 2
Training loss on iteration 0 = 0.07682731747627258
Training loss on iteration 20 = 0.18522708308883012
Training loss on iteration 40 = 0.11330604669637978
Training loss on iteration 60 = 0.08602818739600479
Training loss on iteration 80 = 0.1026407982222736
Training loss on iteration 100 = 0.11195915550924837
Training loss on iteration 120 = 0.2058021280914545
Training loss on iteration 140 = 0.05766766106244177
Training loss on iteration 160 = 0.08853617064887657
Training loss on iteration 180 = 0.13794940335210412
Training loss on iteration 200 = 0.19914795304648578
Training loss on iteration 220 = 0.10245693570468575
Training loss on iteration 240 = 0.07007450558012351
Training loss on iteration 260 = 0.08109454778023065
Training loss on iteration 280 = 0.076892967405729
Training loss on iteration 300 = 0.10035646455944516
Training loss on iteration 320 = 0.10983930283691734
Training loss on iteration 340 = 0.16473799471277745
Training loss on iteration 360 = 0.072394046979025
Training loss on iteration 380 = 0.18842622670345008
Training loss on iteration 400 = 0.05582752500195056
Training loss on iteration 420 = 0.09660186396213248
Training loss on iteration 440 = 0.1071348289726302
Training loss on iteration 460 = 0.0971793114207685
Training loss on iteration 480 = 0.06844239498022944
Training loss on iteration 500 = 0.04981866524321958
Training loss on iteration 520 = 0.04039852111018263
Training loss on iteration 540 = 0.19872016480658203
Training loss on iteration 560 = 0.06277173641137779
Training loss on iteration 580 = 0.05220495507819578
Training loss on iteration 600 = 0.07121265173773281
Training loss on iteration 620 = 0.19974305203650147
Training loss on iteration 640 = 0.1215170162729919
Training loss on iteration 660 = 0.10188855780288578
Training loss on iteration 680 = 0.06374111822806298
Training loss on iteration 700 = 0.06144087544525974
Training loss on iteration 720 = 0.23949330393224955
Training loss on iteration 740 = 0.10095402010483667
Training loss on iteration 760 = 0.08253027183818631
Training loss on iteration 780 = 0.0850810446543619
Training loss on iteration 800 = 0.12401720384368672
Training loss on iteration 820 = 0.08219579495489597
Training loss on iteration 840 = 0.07990352358319797
Training loss on iteration 860 = 0.09385828417725861
Training loss on iteration 880 = 0.05221090871054912
Training loss on iteration 900 = 0.13662875574082137
Training loss on iteration 920 = 0.07045117185916752
Training loss on iteration 940 = 0.040376989857759324
Training loss on iteration 960 = 0.042649283864011525
Training loss on iteration 980 = 0.09935446070157923
Training loss on iteration 1000 = 0.03624132009572349
Training loss on iteration 1020 = 0.03161499028792605
Training loss on iteration 1040 = 0.16191333057358862
Training loss on iteration 1060 = 0.08129348759539426
Training loss on iteration 1080 = 0.048270106891868635
Training loss on iteration 1100 = 0.09870941786793992
Training loss on iteration 1120 = 0.07707630066433921
Training loss on iteration 1140 = 0.07423486178158782
Training loss on iteration 1160 = 0.1541276331874542
Training loss on iteration 1180 = 0.0422702428069897
Training loss on iteration 1200 = 0.023172349884407594
Training loss on iteration 1220 = 0.07822486945842684
Training loss on iteration 1240 = 0.09738968517340255
Training loss on iteration 1260 = 0.027978063162299803
Training loss on iteration 1280 = 0.0388845791836502
Training loss on iteration 1300 = 0.09813889893121086
Training loss on iteration 1320 = 0.04025241939234547
Training loss on iteration 1340 = 0.05127279534644913
Training loss on iteration 1360 = 0.031987828080309554
Training loss on iteration 1380 = 0.05507316652510781
Training loss on iteration 1400 = 0.03328398431549431
Training loss on iteration 1420 = 0.12086783428967465
Training loss on iteration 1440 = 0.12234967451076954
Training loss on iteration 1460 = 0.09550854058470577
Training loss on iteration 1480 = 0.16147579243406654
Training loss on iteration 1500 = 0.055149231059476736
Training loss on iteration 1520 = 0.09383014106424525
Training loss on iteration 1540 = 0.16340006240643562
Training loss on iteration 1560 = 0.17359261540696025
Training loss on iteration 1580 = 0.26844617947936056
Training loss on iteration 1600 = 0.14619708239333704
Training loss on iteration 1620 = 0.09561243085190654
Training loss on iteration 1640 = 0.03888825407484546
Training loss on iteration 1660 = 0.12543468353105708
Training loss on iteration 1680 = 0.11276839256752283
Training loss on iteration 1700 = 0.08988432169426233
Training loss on iteration 1720 = 0.05872836427297443
Training loss on iteration 1740 = 0.031713537935866044
Training loss on iteration 1760 = 0.14053168892278337
Training loss on iteration 1780 = 0.07899368693470024
Training loss on iteration 1800 = 0.11211330633377656
Training loss on iteration 1820 = 0.09835797405103222
Training loss on iteration 1840 = 0.058388608961831776
Training loss on iteration 1860 = 0.06519549912773073
Training loss on iteration 1880 = 0.04646830546553247
Training loss on iteration 1900 = 0.06556307116989046
Training loss on iteration 1920 = 0.07405610499554313
Training loss on iteration 1940 = 0.10479719468858092
Training loss on iteration 1960 = 0.033099306261283344
Training loss on iteration 1980 = 0.12715403813053855
Training loss on iteration 2000 = 0.09705554476240649
Training loss on iteration 2020 = 0.08437313330359757
Training loss on iteration 2040 = 0.13753836882533504
Training loss on iteration 2060 = 0.08279554217588156
Training loss on iteration 2080 = 0.0645708872238174
Training loss on iteration 2100 = 0.010604106623213738
Training loss on iteration 2120 = 0.07203253240440972
Training loss on iteration 2140 = 0.119227828757721
Training loss on iteration 2160 = 0.13137697698548437
Training loss on iteration 2180 = 0.060945138579700145
Training loss on iteration 2200 = 0.08668921694043093
Training loss on iteration 2220 = 0.06115185902453959
Training loss on iteration 2240 = 0.05237050895957509
Training loss on iteration 2260 = 0.009459681963198819
Training loss on iteration 2280 = 0.10274236382974777
Training loss on iteration 2300 = 0.0648418600729201
Training loss on iteration 2320 = 0.05430943504907191
Training loss on iteration 2340 = 0.10118826120451559
Training loss on iteration 2360 = 0.059818143298616636
Training loss on iteration 2380 = 0.053529773588525134
Training loss on iteration 2400 = 0.0399995849118568
Training loss on iteration 2420 = 0.09024689700454473
Training loss on iteration 2440 = 0.03983729142928496
Training loss on iteration 2460 = 0.05116251172730699
Training loss on iteration 2480 = 0.030185559199890123
Training loss on iteration 2500 = 0.064427474263357
Training loss on iteration 2520 = 0.0322814884930267
Training loss on iteration 2540 = 0.02878175840451149
Training loss on iteration 2560 = 0.13437260190839878
Training loss on iteration 2580 = 0.11976487506181002
Training loss on iteration 2600 = 0.11795146269723773
Training loss on iteration 2620 = 0.07800012074876576
Training loss on iteration 2640 = 0.11031314691063017
Training loss on iteration 2660 = 0.07168166802730411
Training loss on iteration 2680 = 0.05661016417434439
Training loss on iteration 2700 = 0.15449186050100253
Training loss on iteration 2720 = 0.10609215795993805
Training loss on iteration 2740 = 0.047076360671781003
Training loss on iteration 2760 = 0.06374760862672701
Training loss on iteration 2780 = 0.04560976251377724
Training loss on iteration 2800 = 0.03497271998639917
Training loss on iteration 2820 = 0.056837353768059984
Training loss on iteration 2840 = 0.06898748591192998
Training loss on iteration 2860 = 0.08762184060178697
Training loss on iteration 2880 = 0.1192476446274668
Training loss on iteration 2900 = 0.07503945813514293
Training loss on iteration 2920 = 0.056316993781365454
Training loss on iteration 2940 = 0.08608887316659093
Training loss on iteration 2960 = 0.10287740873754955
Training loss on iteration 2980 = 0.42346366615965964
Training loss on iteration 3000 = 0.4031418416649103
Training loss on iteration 3020 = 0.18753042481839657
Training loss on iteration 3040 = 0.26425366443581877
Training loss on iteration 3060 = 0.14762842385098338
Training loss on iteration 3080 = 0.15315195003058762
Training loss on iteration 3100 = 0.14869854426942766
Training loss on iteration 3120 = 0.09708343343809248
Training loss on iteration 3140 = 0.09778260519960895
Training loss on iteration 3160 = 0.12977391383610665
Training loss on iteration 3180 = 0.06600463327486068
Training loss on iteration 3200 = 0.2307631657575257
Training loss on iteration 3220 = 0.20552556673064828
Training loss on iteration 3240 = 0.116071063792333
Training loss on iteration 3260 = 0.14967341658193617
Training loss on iteration 3280 = 0.06680661751888692
Training loss on iteration 3300 = 0.10563226926606148
Training loss on iteration 3320 = 0.06021199193783104
Training loss on iteration 3340 = 0.13388973732944578
Training loss on iteration 3360 = 0.1255858564283699
Training loss on iteration 3380 = 0.09238388694357128
Training loss on iteration 3400 = 0.08912227330729365
Training loss on iteration 3420 = 0.08900180305354297
Training loss on iteration 3440 = 0.051793116802582514
Training loss on iteration 3460 = 0.10174746674019844
Training loss on iteration 3480 = 0.12622382330009713
Training loss on iteration 3500 = 0.1010509003419429
Training loss on iteration 3520 = 0.09842271744273604
Training loss on iteration 3540 = 0.079766862251563
Training loss on iteration 3560 = 0.10170941589167341
Training loss on iteration 3580 = 0.07128971815109253
Training loss on iteration 3600 = 0.11450639724498615
Training loss on iteration 3620 = 0.09269310978706927
Training loss on iteration 3640 = 0.12510585277341307
Training loss on iteration 3660 = 0.08513958523981273
Training loss on iteration 3680 = 0.05989351281314157
Training loss on iteration 3700 = 0.07635105579392984
Training loss on iteration 3720 = 0.08614762126817369
Training loss on iteration 3740 = 0.0540857803192921
Training loss on iteration 3760 = 0.06162533925962634
Training loss on iteration 3780 = 0.07949887102586217
Training loss on iteration 3800 = 0.07492725674528629
Training loss on iteration 3820 = 0.04218338587670587
Training loss on iteration 3840 = 0.09946460619103163
Training loss on iteration 3860 = 0.0531840470386669
Training loss on iteration 3880 = 0.07140549266478047
Training loss on iteration 3900 = 0.23544787643477322
Training loss on iteration 3920 = 0.19351535325404257
Training loss on iteration 3940 = 0.16101656598038971
Training loss on iteration 3960 = 0.24413613583892585
Training loss on iteration 3980 = 0.22630017737392336
Training loss on iteration 4000 = 0.29433352407068014
Training loss on iteration 4020 = 0.14601118718273937
Training loss on iteration 4040 = 0.13061839784495533
Training loss on iteration 4060 = 0.07798551926389337
Training loss on iteration 4080 = 0.19564859587699174
Training loss on iteration 4100 = 0.10079438923858106
Training loss on iteration 4120 = 0.06760832853615284
Training loss on iteration 4140 = 0.0469505958375521
Training loss on iteration 4160 = 0.1508475438808091
Training loss on iteration 4180 = 0.15504960786784067
Training loss on iteration 4200 = 0.10664117105770857
Training loss on iteration 4220 = 0.10718884503003209
Training loss on iteration 4240 = 0.15414005303755401
Training loss on iteration 4260 = 0.07494087084196507
Training loss on iteration 4280 = 0.06622211174108088
Training loss on iteration 4300 = 0.058431333611952144
Training loss on iteration 4320 = 0.04746550177515019
Training loss on iteration 4340 = 0.137338007427752
Training loss on iteration 4360 = 0.11240408616140485
Training loss on iteration 4380 = 0.04504550012061372
Training loss on iteration 4400 = 0.09424841688014567
Training loss on iteration 4420 = 0.12044308695476502
Training loss on iteration 4440 = 0.08903086505597457
Training loss on iteration 4460 = 0.025479707116028295
Training loss on iteration 4480 = 0.13408992377226242
Training loss on iteration 4500 = 0.1086925960611552
Training loss on iteration 4520 = 0.08554089518729598
Training loss on iteration 4540 = 0.06304771450813859
Training loss on iteration 4560 = 0.11475179793778807
Training loss on iteration 4580 = 0.09660574740264564
Training loss on iteration 4600 = 0.045903710726997816
Training loss on iteration 4620 = 0.0700031001746538
Training loss on iteration 4640 = 0.06130641770432703
Training loss on iteration 4660 = 0.031584950775140896
Training loss on iteration 4680 = 0.07750620770384557
Training loss on iteration 4700 = 0.08819251665845514
Training loss on iteration 4720 = 0.07445120627526194
Training loss on iteration 4740 = 0.07397947816643864
Training loss on iteration 4760 = 0.17183644290780647
Training loss on iteration 4780 = 0.13420797921717167
Training loss on iteration 4800 = 0.0912819700781256
Training loss on iteration 4820 = 0.07729500853456557
Training loss on iteration 4840 = 0.10062440589535981
Training loss on iteration 4860 = 0.052109481545630845
Training loss on iteration 4880 = 0.06657018029363826
Training loss on iteration 4900 = 0.13051901569706387
Training loss on iteration 4920 = 0.07633877601474523
Training loss on iteration 4940 = 0.05385657646693289
Training loss on iteration 4960 = 0.1112602042267099
Training loss on iteration 4980 = 0.09016910053323954
Training loss on iteration 5000 = 0.04187620104639791
Training loss on iteration 5020 = 0.032396815231186336
Training loss on iteration 5040 = 0.09558478270773776
Training loss on iteration 5060 = 0.146886757214088
Training loss on iteration 5080 = 0.11484797690063715
Training loss on iteration 5100 = 0.06628971216268838
Training loss on iteration 5120 = 0.03786447294332902
Training loss on iteration 5140 = 0.0862323449102405
Training loss on iteration 5160 = 0.049498172925086695
Training loss on iteration 5180 = 0.11098704223986715
Training loss on iteration 5200 = 0.09469936524983495
Training loss on iteration 5220 = 0.056426802428904924
Training loss on iteration 5240 = 0.06426020304206759
Training loss on iteration 5260 = 0.04369131842395291
Training loss on iteration 5280 = 0.06926822094828822
Training loss on iteration 5300 = 0.07484732792945578
Training loss on iteration 5320 = 0.07316145615186542
Training loss on iteration 5340 = 0.10254888932686299
Training loss on iteration 5360 = 0.09424116970039904
Training loss on iteration 5380 = 0.07429779341910034
Training loss on iteration 5400 = 0.1365165107883513
Training loss on iteration 5420 = 0.07955080361571162
Training loss on iteration 5440 = 0.09135546975303441
Training loss on iteration 5460 = 0.13713878400158136
Training loss on iteration 5480 = 0.1523563654627651
Training loss on iteration 5500 = 0.12542343710083514
Training loss on iteration 5520 = 0.05432681225938722
Training loss on iteration 5540 = 0.022260982103762216
Training loss on iteration 5560 = 0.08412334483218728
Training loss on iteration 5580 = 0.045864827570039776
Training loss on iteration 5600 = 0.08294667532900349
Training loss on iteration 5620 = 0.025419426598818972
Training loss on iteration 5640 = 0.07379960990219843
Training loss on iteration 5660 = 0.082325237209443
Training loss on iteration 5680 = 0.055836036743130535
Training loss on iteration 5700 = 0.05429097581654787
Training loss on iteration 5720 = 0.0810574511269806
Training loss on iteration 5740 = 0.07653213088633493
Training loss on iteration 5760 = 0.0755195492412895
Training loss on iteration 5780 = 0.05713157550781034
Training loss on iteration 5800 = 0.02533136447891593
Training loss on iteration 5820 = 0.06544541351613589
Training loss on iteration 5840 = 0.06117806134279817
Training loss on iteration 5860 = 0.04508290170342662
Training loss on iteration 5880 = 0.030313816003035753
Training loss on iteration 5900 = 0.05779188329615863
Training loss on iteration 5920 = 0.04433004187303595
Training loss on iteration 5940 = 0.03552371067344211
Training loss on iteration 5960 = 0.041215880529489365
Training loss on iteration 5980 = 0.04996614502597367
Training loss on iteration 6000 = 0.06611229122208898
Training loss on iteration 6020 = 0.08748604590073228
Training loss on iteration 6040 = 0.02223668904043734
Training loss on iteration 6060 = 0.037147929542697966
Training loss on iteration 6080 = 0.09329971445404225
Training loss on iteration 6100 = 0.14276741110370494
Training loss on iteration 6120 = 0.08272032043896616
Training loss on iteration 6140 = 0.11655885428190231
Training loss on iteration 6160 = 0.04836904286639765
Training loss on iteration 6180 = 0.06581818460545037
Training loss on iteration 6200 = 0.0497492798109306
Training loss on iteration 6220 = 0.03380375079868827
Training loss on iteration 6240 = 0.06512121326522902
Training loss on iteration 6260 = 0.09137740914593451
Training loss on iteration 6280 = 0.030488792480900882
Training loss on iteration 6300 = 0.09176728939637542
Training loss on iteration 6320 = 0.05702310357009992
Training loss on iteration 6340 = 0.035865776997525245
Training loss on iteration 6360 = 0.08703085127053782
Training loss on iteration 6380 = 0.03943063104379689
Training loss on iteration 6400 = 0.07453224312048405
Training loss on iteration 6420 = 0.11081517986021935
Training loss on iteration 6440 = 0.03234899364179
Training loss on iteration 6460 = 0.03260597397602396
Training loss on iteration 6480 = 0.03726371831799043
Training loss on iteration 6500 = 0.12020089125362574
Training loss on iteration 6520 = 0.11252274432918057
Training loss on iteration 6540 = 0.053591125729144554
Training loss on iteration 6560 = 0.07666328808409162
Training loss on iteration 6580 = 0.03649624972895253
Training loss on iteration 6600 = 0.05012305128911976
Training loss on iteration 6620 = 0.06673398401908344
Training loss on iteration 6640 = 0.11251076570479199
Training loss on iteration 6660 = 0.04472707043751143
Training loss on iteration 6680 = 0.06366767453146167
Training loss on iteration 6700 = 0.07031644462840632
Training loss on iteration 6720 = 0.1205991638096748
Training loss on iteration 6740 = 0.05464859351050109
Training loss on iteration 6760 = 0.048238273290917275
Training loss on iteration 6780 = 0.045586430043476865
Training loss on iteration 6800 = 0.058159309995244254
Training loss on iteration 6820 = 0.11999402692890726
Training loss on iteration 6840 = 0.061229613586328925
Training loss on iteration 6860 = 0.08220958898600657
Training loss on iteration 6880 = 0.07380571336252614
Training loss on iteration 6900 = 0.04863791975658387
Training loss on iteration 6920 = 0.03508713302871911
Training loss on iteration 6940 = 0.02988415084037115
Training loss on iteration 6960 = 0.051355218930984846
Training loss on iteration 6980 = 0.07411160608025966
Training loss on iteration 7000 = 0.07105865452613216
Training loss on iteration 7020 = 0.0758580801077187
Training loss on iteration 7040 = 0.046117775375023484
Training loss on iteration 7060 = 0.0817449618887622
Training loss on iteration 7080 = 0.08002907051704825
Training loss on iteration 7100 = 0.07057834304869175
Training loss on iteration 7120 = 0.0795927913102787
Training loss on iteration 7140 = 0.07975472898979205
Training loss on iteration 7160 = 0.17669133292511105
Training loss on iteration 7180 = 0.08410513191483915
Training loss on iteration 7200 = 0.06674197660759092
Training loss on iteration 7220 = 0.03918320583616151
Training loss on iteration 7240 = 0.0759918121399096
Training loss on iteration 7260 = 0.07724741834681481
Training loss on iteration 7280 = 0.07679665861651301
Training loss on iteration 7300 = 0.061087607697118074
Training loss on iteration 7320 = 0.08903340636752546
Training loss on iteration 7340 = 0.050761926476843654
Training loss on iteration 7360 = 0.03494721228198614
Training loss on iteration 7380 = 0.051250676278141324
Training loss on iteration 7400 = 0.0783270281914156
Training loss on iteration 7420 = 0.07822183378448244
Training loss on iteration 7440 = 0.08372474004863761
Training loss on iteration 7460 = 0.03515394952846691
Training loss on iteration 7480 = 0.06430397561562132
### EVAL:: Epoch 2:: Loss = 0.02812181779543507 :: ACC = 0.9900318232871583, AUC = 0.9997064684246019, EER = 0.0075814301759640585
Training on epoch 3
Training loss on iteration 0 = 0.060204070061445236
Training loss on iteration 20 = 0.07130493539152667
Training loss on iteration 40 = 0.09877008732873946
Training loss on iteration 60 = 0.07618419376667589
Training loss on iteration 80 = 0.0642239248380065
Training loss on iteration 100 = 0.05875070992915425
Training loss on iteration 120 = 0.02430967825494008
Training loss on iteration 140 = 0.07636745638010325
Training loss on iteration 160 = 0.05136729924997781
Training loss on iteration 180 = 0.0500170470069861
Training loss on iteration 200 = 0.043501036042289346
Training loss on iteration 220 = 0.11127922482410213
Training loss on iteration 240 = 0.04868567244848236
Training loss on iteration 260 = 0.0600871896778699
Training loss on iteration 280 = 0.07796132656512782
Training loss on iteration 300 = 0.014240027387859299
Training loss on iteration 320 = 0.04721345779835247
Training loss on iteration 340 = 0.05695244278758764
Training loss on iteration 360 = 0.1908163637504913
Training loss on iteration 380 = 0.16530749476514756
Training loss on iteration 400 = 0.0735363609273918
Training loss on iteration 420 = 0.08275181296630763
Training loss on iteration 440 = 0.1059782636759337
Training loss on iteration 460 = 0.06310032695182599
Training loss on iteration 480 = 0.04307680819474626
Training loss on iteration 500 = 0.032528326686588116
Training loss on iteration 520 = 0.06795981001196197
Training loss on iteration 540 = 0.09113015241746325
Training loss on iteration 560 = 0.2968828093929915
Training loss on iteration 580 = 0.1251358520006761
Training loss on iteration 600 = 0.041160631354432556
Training loss on iteration 620 = 0.0483644574007485
Training loss on iteration 640 = 0.07675085334340111
Training loss on iteration 660 = 0.05387384585046675
Training loss on iteration 680 = 0.029751437454251572
Training loss on iteration 700 = 0.06694840489653871
Training loss on iteration 720 = 0.08903711333696265
Training loss on iteration 740 = 0.0257156259205658
Training loss on iteration 760 = 0.03356976179638878
Training loss on iteration 780 = 0.05243538751383312
Training loss on iteration 800 = 0.0658918274421012
Training loss on iteration 820 = 0.11020809550536796
Training loss on iteration 840 = 0.09121625581756235
Training loss on iteration 860 = 0.04923440735146869
Training loss on iteration 880 = 0.07746151849860325
Training loss on iteration 900 = 0.08174321863334626
Training loss on iteration 920 = 0.046739819343201816
Training loss on iteration 940 = 0.02241891007797676
Training loss on iteration 960 = 0.07276462525915121
Training loss on iteration 980 = 0.028652925942151342
Training loss on iteration 1000 = 0.05748167011333862
Training loss on iteration 1020 = 0.03572114348498871
Training loss on iteration 1040 = 0.10032749403035268
Training loss on iteration 1060 = 0.05961781111545861
Training loss on iteration 1080 = 0.08219984769821168
Training loss on iteration 1100 = 0.07708365113358014
Training loss on iteration 1120 = 0.046138017508201304
Training loss on iteration 1140 = 0.03273381420876831
Training loss on iteration 1160 = 0.03491530019091442
Training loss on iteration 1180 = 0.042832886190444695
Training loss on iteration 1200 = 0.03373692730310722
Training loss on iteration 1220 = 0.02444111972290557
Training loss on iteration 1240 = 0.013748027549445397
Training loss on iteration 1260 = 0.05582662818342214
Training loss on iteration 1280 = 0.03611527998873498
Training loss on iteration 1300 = 0.03963857026246842
Training loss on iteration 1320 = 0.012685735999548342
Training loss on iteration 1340 = 0.055248097008734474
Training loss on iteration 1360 = 0.09844258380744578
Training loss on iteration 1380 = 0.052526779216714205
Training loss on iteration 1400 = 0.04006421280355425
Training loss on iteration 1420 = 0.041350678708113264
Training loss on iteration 1440 = 0.035157343838363886
Training loss on iteration 1460 = 0.012173596249522235
Training loss on iteration 1480 = 0.05294885476614582
Training loss on iteration 1500 = 0.09916990362398792
Training loss on iteration 1520 = 0.07810887000523507
Training loss on iteration 1540 = 0.04930392761452822
Training loss on iteration 1560 = 0.046518004743848
Training loss on iteration 1580 = 0.02732595475099515
Training loss on iteration 1600 = 0.04278707413322991
Training loss on iteration 1620 = 0.028188961165142246
Training loss on iteration 1640 = 0.13405122239200865
Training loss on iteration 1660 = 0.049774978030473
Training loss on iteration 1680 = 0.0894596557249315
Training loss on iteration 1700 = 0.03220774790388532
Training loss on iteration 1720 = 0.024639502802165224
Training loss on iteration 1740 = 0.022198634335836687
Training loss on iteration 1760 = 0.040259622839221264
Training loss on iteration 1780 = 0.0422132667445112
Training loss on iteration 1800 = 0.0693999201641418
Training loss on iteration 1820 = 0.12513965595862828
Training loss on iteration 1840 = 0.038242362102027985
Training loss on iteration 1860 = 0.1546470505534671
Training loss on iteration 1880 = 0.047001923760399224
Training loss on iteration 1900 = 0.07078036109451205
Training loss on iteration 1920 = 0.03852103997778613
Training loss on iteration 1940 = 0.09016928925411775
Training loss on iteration 1960 = 0.0492110958439298
Training loss on iteration 1980 = 0.0597855325351702
Training loss on iteration 2000 = 0.040090738167054954
Training loss on iteration 2020 = 0.08177251642046031
Training loss on iteration 2040 = 0.037643192353425545
Training loss on iteration 2060 = 0.06814326363382861
Training loss on iteration 2080 = 0.075119903756422
Training loss on iteration 2100 = 0.06677363328053616
Training loss on iteration 2120 = 0.04894654305535369
Training loss on iteration 2140 = 0.07020070391881746
Training loss on iteration 2160 = 0.060294389084447175
Training loss on iteration 2180 = 0.04086582270101644
Training loss on iteration 2200 = 0.049740842456230894
Training loss on iteration 2220 = 0.05770902445510728
Training loss on iteration 2240 = 0.1302937519911211
Training loss on iteration 2260 = 0.10964928083121776
Training loss on iteration 2280 = 0.04801867143251002
Training loss on iteration 2300 = 0.01815937717910856
Training loss on iteration 2320 = 0.09225111364794429
Training loss on iteration 2340 = 0.0376528957291157
Training loss on iteration 2360 = 0.058670166227966544
Training loss on iteration 2380 = 0.057862168326391836
Training loss on iteration 2400 = 0.024250586073321756
Training loss on iteration 2420 = 0.046818756990251134
Training loss on iteration 2440 = 0.03688862591807265
Training loss on iteration 2460 = 0.01315386148635298
Training loss on iteration 2480 = 0.07085419615468709
Training loss on iteration 2500 = 0.0688984947220888
Training loss on iteration 2520 = 0.08109016711823643
Training loss on iteration 2540 = 0.08400736551266164
Training loss on iteration 2560 = 0.07180254483828322
Training loss on iteration 2580 = 0.07778777565108612
Training loss on iteration 2600 = 0.06024886420927942
Training loss on iteration 2620 = 0.012134711036924272
Training loss on iteration 2640 = 0.030958628542430235
Training loss on iteration 2660 = 0.014219079857866745
Training loss on iteration 2680 = 0.02910241839963419
Training loss on iteration 2700 = 0.02107289202613174
Training loss on iteration 2720 = 0.0029932839122920997
Training loss on iteration 2740 = 0.08011679913979605
Training loss on iteration 2760 = 0.07924198022083147
Training loss on iteration 2780 = 0.04068120572483167
Training loss on iteration 2800 = 0.07350611883448437
Training loss on iteration 2820 = 0.048638898789067755
Training loss on iteration 2840 = 0.058515869415714405
Training loss on iteration 2860 = 0.07990203356021083
Training loss on iteration 2880 = 0.07076503613207023
Training loss on iteration 2900 = 0.07816381752490997
Training loss on iteration 2920 = 0.05314384431112558
Training loss on iteration 2940 = 0.09213143115630373
Training loss on iteration 2960 = 0.10461870937142521
Training loss on iteration 2980 = 0.06675115767866373
Training loss on iteration 3000 = 0.09126537638367153
Training loss on iteration 3020 = 0.084546398895327
Training loss on iteration 3040 = 0.05741816098452546
Training loss on iteration 3060 = 0.07119553920347244
Training loss on iteration 3080 = 0.12994787333300337
Training loss on iteration 3100 = 0.12606195794651284
Training loss on iteration 3120 = 0.06761207449017093
Training loss on iteration 3140 = 0.06523630486044567
Training loss on iteration 3160 = 0.15155318481847643
Training loss on iteration 3180 = 0.08622024152427912
Training loss on iteration 3200 = 0.06864236257970333
Training loss on iteration 3220 = 0.0683768785384018
Training loss on iteration 3240 = 0.058260434726253155
Training loss on iteration 3260 = 0.05420190186268883
Training loss on iteration 3280 = 0.027411761821713298
Training loss on iteration 3300 = 0.011733527379692531
Training loss on iteration 3320 = 0.04493984868895495
Training loss on iteration 3340 = 0.11728698504448402
Training loss on iteration 3360 = 0.04346319335745648
Training loss on iteration 3380 = 0.06642971823457629
Training loss on iteration 3400 = 0.07568191169411875
Training loss on iteration 3420 = 0.10746859662467614
Training loss on iteration 3440 = 0.04583377775270492
Training loss on iteration 3460 = 0.08095446268562227
Training loss on iteration 3480 = 0.05095850363140926
Training loss on iteration 3500 = 0.0393089344695909
Training loss on iteration 3520 = 0.08164141735323938
Training loss on iteration 3540 = 0.08572953690309078
Training loss on iteration 3560 = 0.06485478373942896
Training loss on iteration 3580 = 0.06795212940778583
Training loss on iteration 3600 = 0.08192211972782389
Training loss on iteration 3620 = 0.034073230728972705
Training loss on iteration 3640 = 0.101216377117089
Training loss on iteration 3660 = 0.038788075660704635
Training loss on iteration 3680 = 0.022613558554439805
Training loss on iteration 3700 = 0.01605649175653525
Training loss on iteration 3720 = 0.04791424174363783
Training loss on iteration 3740 = 0.08681706680945353
Training loss on iteration 3760 = 0.04461774034425616
Training loss on iteration 3780 = 0.07490857377415523
Training loss on iteration 3800 = 0.053699292428791526
Training loss on iteration 3820 = 0.0549674654204864
Training loss on iteration 3840 = 0.032490721001522616
Training loss on iteration 3860 = 0.04822380440600682
Training loss on iteration 3880 = 0.021871929745975648
Training loss on iteration 3900 = 0.0871786366955348
Training loss on iteration 3920 = 0.06788126876344905
Training loss on iteration 3940 = 0.05617800686741248
Training loss on iteration 3960 = 0.10573690764140338
Training loss on iteration 3980 = 0.05596214385004714
Training loss on iteration 4000 = 0.05011753051949199
Training loss on iteration 4020 = 0.07410852716420777
Training loss on iteration 4040 = 0.06113145923591219
Training loss on iteration 4060 = 0.06655775838298723
Training loss on iteration 4080 = 0.02797146160592092
Training loss on iteration 4100 = 0.05800723451102385
Training loss on iteration 4120 = 0.05043763224966824
Training loss on iteration 4140 = 0.02507839578029234
Training loss on iteration 4160 = 0.04453414462914225
Training loss on iteration 4180 = 0.06627880390369682
Training loss on iteration 4200 = 0.0648827145108953
Training loss on iteration 4220 = 0.030869861313840376
Training loss on iteration 4240 = 0.049347631764248945
Training loss on iteration 4260 = 0.030421155161457138
Training loss on iteration 4280 = 0.03495769931760151
Training loss on iteration 4300 = 0.014759544136177282
Training loss on iteration 4320 = 0.05298433509233291
Training loss on iteration 4340 = 0.10902583680581301
Training loss on iteration 4360 = 0.04681983636692166
Training loss on iteration 4380 = 0.06414583162986673
Training loss on iteration 4400 = 0.09048294821259333
Training loss on iteration 4420 = 0.022121533562312834
Training loss on iteration 4440 = 0.017179346066041035
Training loss on iteration 4460 = 0.04348552591400221
Training loss on iteration 4480 = 0.051312551007140425
Training loss on iteration 4500 = 0.049389152911498965
Training loss on iteration 4520 = 0.08005372448387789
Training loss on iteration 4540 = 0.01226149721769616
Training loss on iteration 4560 = 0.04262281972769415
Training loss on iteration 4580 = 0.04896331802810892
Training loss on iteration 4600 = 0.05382950935018016
Training loss on iteration 4620 = 0.1403196758183185
Training loss on iteration 4640 = 0.0665499760536477
Training loss on iteration 4660 = 0.07178138174349442
Training loss on iteration 4680 = 0.04311766560713295
Training loss on iteration 4700 = 0.04432696688600117
Training loss on iteration 4720 = 0.041843522392446174
Training loss on iteration 4740 = 0.032768552604829894
Training loss on iteration 4760 = 0.06617870182963088
Training loss on iteration 4780 = 0.007710381792276166
Training loss on iteration 4800 = 0.043708928453270346
Training loss on iteration 4820 = 0.03672395644534845
Training loss on iteration 4840 = 0.042898540751775724
Training loss on iteration 4860 = 0.03327929295774083
Training loss on iteration 4880 = 0.03034444544609869
Training loss on iteration 4900 = 0.04520702758381958
Training loss on iteration 4920 = 0.017664418029016814
Training loss on iteration 4940 = 0.05488992041573511
Training loss on iteration 4960 = 0.038284430965723
Training loss on iteration 4980 = 0.027221406567332452
Training loss on iteration 5000 = 0.06894504909869284
Training loss on iteration 5020 = 0.04582763042999431
Training loss on iteration 5040 = 0.018175586280995047
Training loss on iteration 5060 = 0.012357134055127972
Training loss on iteration 5080 = 0.10162162946144235
Training loss on iteration 5100 = 0.06809334454592317
Training loss on iteration 5120 = 0.07701905239373445
Training loss on iteration 5140 = 0.0807241250993684
Training loss on iteration 5160 = 0.038845706160645935
Training loss on iteration 5180 = 0.04391557070193812
Training loss on iteration 5200 = 0.017297357515781188
Training loss on iteration 5220 = 0.04485388979373965
Training loss on iteration 5240 = 0.03249838777628611
Training loss on iteration 5260 = 0.011101685716130304
Training loss on iteration 5280 = 0.06252070882837871
Training loss on iteration 5300 = 0.06072771096951328
Training loss on iteration 5320 = 0.022065417136036557
Training loss on iteration 5340 = 0.12110723620717181
Training loss on iteration 5360 = 0.02595751890912652
Training loss on iteration 5380 = 0.10288798067485913
Training loss on iteration 5400 = 0.07553158953087405
Training loss on iteration 5420 = 0.030551501282025127
Training loss on iteration 5440 = 0.054753992188489066
Training loss on iteration 5460 = 0.016332676296588033
Training loss on iteration 5480 = 0.04155426812867517
Training loss on iteration 5500 = 0.0753201388859452
Training loss on iteration 5520 = 0.07616379061946646
Training loss on iteration 5540 = 0.08185022174147889
Training loss on iteration 5560 = 0.06999676580308005
Training loss on iteration 5580 = 0.043283440556842835
Training loss on iteration 5600 = 0.04254549574834528
Training loss on iteration 5620 = 0.06776851352187804
Training loss on iteration 5640 = 0.06028380221687257
Training loss on iteration 5660 = 0.061706550943199545
Training loss on iteration 5680 = 0.029682557229534723
Training loss on iteration 5700 = 0.07200191745068878
Training loss on iteration 5720 = 0.032671715519973075
Training loss on iteration 5740 = 0.02466053783427924
Training loss on iteration 5760 = 0.02457596582826227
Training loss on iteration 5780 = 0.031163143247249538
Training loss on iteration 5800 = 0.04529164938358008
Training loss on iteration 5820 = 0.06682486633071676
Training loss on iteration 5840 = 0.03183856418472715
Training loss on iteration 5860 = 0.031635289936093616
Training loss on iteration 5880 = 0.04689966586520313
Training loss on iteration 5900 = 0.07548741871214588
Training loss on iteration 5920 = 0.07045502844557631
Training loss on iteration 5940 = 0.035005218037986195
Training loss on iteration 5960 = 0.018163928588910493
Training loss on iteration 5980 = 0.05288964660467173
Training loss on iteration 6000 = 0.026319946786679795
Training loss on iteration 6020 = 0.03456582112121396
Training loss on iteration 6040 = 0.04967898920585867
Training loss on iteration 6060 = 0.02806598466268042
Training loss on iteration 6080 = 0.0059538892131968165
Training loss on iteration 6100 = 0.021254648457761503
Training loss on iteration 6120 = 0.02260828274538653
Training loss on iteration 6140 = 0.005065952007680607
Training loss on iteration 6160 = 0.020573373100614845
Training loss on iteration 6180 = 0.04073594147494077
Training loss on iteration 6200 = 0.059555351483322735
Training loss on iteration 6220 = 0.029942836688132957
Training loss on iteration 6240 = 0.0683731448079925
Training loss on iteration 6260 = 0.021467851431225426
Training loss on iteration 6280 = 0.0356966901148553
Training loss on iteration 6300 = 0.018196952508878893
Training loss on iteration 6320 = 0.032601807134778935
Training loss on iteration 6340 = 0.042946721903717844
Training loss on iteration 6360 = 0.1566668622996076
Training loss on iteration 6380 = 0.07460928458021954
Training loss on iteration 6400 = 0.048838016291847454
Training loss on iteration 6420 = 0.07620044471696019
Training loss on iteration 6440 = 0.03353799568722025
Training loss on iteration 6460 = 0.09426028640009462
Training loss on iteration 6480 = 0.01946531672438141
Training loss on iteration 6500 = 0.013527507535764016
Training loss on iteration 6520 = 0.007087702926946804
Training loss on iteration 6540 = 0.06621226328716148
Training loss on iteration 6560 = 0.08314957530528773
Training loss on iteration 6580 = 0.03517885885667056
Training loss on iteration 6600 = 0.06749127580260392
Training loss on iteration 6620 = 0.06614684268715791
Training loss on iteration 6640 = 0.07350203177193179
Training loss on iteration 6660 = 0.027645718294661493
Training loss on iteration 6680 = 0.040890353097347544
Training loss on iteration 6700 = 0.06850911306100897
Training loss on iteration 6720 = 0.030212940597266424
Training loss on iteration 6740 = 0.043006588972639294
Training loss on iteration 6760 = 0.03818944146914873
Training loss on iteration 6780 = 0.023198538256110623
Training loss on iteration 6800 = 0.022756261425092815
Training loss on iteration 6820 = 0.03148842447699281
Training loss on iteration 6840 = 0.061143705071299334
Training loss on iteration 6860 = 0.019026476427097806
Training loss on iteration 6880 = 0.030846574739553035
Training loss on iteration 6900 = 0.01597744072059868
Training loss on iteration 6920 = 0.0321672328049317
Training loss on iteration 6940 = 0.04351863579140627
Training loss on iteration 6960 = 0.011542522799572907
Training loss on iteration 6980 = 0.0298456825366884
Training loss on iteration 7000 = 0.007699773496551643
Training loss on iteration 7020 = 0.059025665302124254
Training loss on iteration 7040 = 0.061730632770922965
Training loss on iteration 7060 = 0.016537621783209035
Training loss on iteration 7080 = 0.03180992322450038
Training loss on iteration 7100 = 0.03184663057763828
Training loss on iteration 7120 = 0.10014366833565873
Training loss on iteration 7140 = 0.04618146034190431
Training loss on iteration 7160 = 0.031203273699793498
Training loss on iteration 7180 = 0.03681355586013524
Training loss on iteration 7200 = 0.06338416332946509
Training loss on iteration 7220 = 0.03953068509872537
Training loss on iteration 7240 = 0.04018631342478329
Training loss on iteration 7260 = 0.012785683886613696
Training loss on iteration 7280 = 0.05075408730263007
Training loss on iteration 7300 = 0.026402034801867556
Training loss on iteration 7320 = 0.07336492483591428
Training loss on iteration 7340 = 0.023604802569025196
Training loss on iteration 7360 = 0.019185798199396233
Training loss on iteration 7380 = 0.054001476344456026
Training loss on iteration 7400 = 0.08346967676479836
Training loss on iteration 7420 = 0.04304663094226271
Training loss on iteration 7440 = 0.03066891264752485
Training loss on iteration 7460 = 0.03149576463620178
Training loss on iteration 7480 = 0.035880349582294004
### EVAL:: Epoch 3:: Loss = 0.02072096402888443 :: ACC = 0.9925589666791463, AUC = 0.9997714718356164, EER = 0.006083863721452639
Training on epoch 4
Training loss on iteration 0 = 0.0017534246435388923
Training loss on iteration 20 = 0.05546799357034615
Training loss on iteration 40 = 0.05009273163304897
Training loss on iteration 60 = 0.024426511308411135
Training loss on iteration 80 = 0.05303293425240554
Training loss on iteration 100 = 0.04056112213002052
Training loss on iteration 120 = 0.06391599007547484
Training loss on iteration 140 = 0.07592813000665047
Training loss on iteration 160 = 0.04161114938033279
Training loss on iteration 180 = 0.08864045985974371
Training loss on iteration 200 = 0.04487658878788352
Training loss on iteration 220 = 0.03119945232901955
Training loss on iteration 240 = 0.053764921944821256
Training loss on iteration 260 = 0.04603836962778587
Training loss on iteration 280 = 0.02303033422504086
Training loss on iteration 300 = 0.051128569668071576
Training loss on iteration 320 = 0.02981239107903093
Training loss on iteration 340 = 0.026719525051885285
Training loss on iteration 360 = 0.018318659796386784
Training loss on iteration 380 = 0.03583907412503322
Training loss on iteration 400 = 0.012224189052903966
Training loss on iteration 420 = 0.04190276482277113
Training loss on iteration 440 = 0.04701034329789309
Training loss on iteration 460 = 0.023542717510281364
Training loss on iteration 480 = 0.03820329933805624
Training loss on iteration 500 = 0.08444190462469123
Training loss on iteration 520 = 0.07064933411311358
Training loss on iteration 540 = 0.05888409671897534
Training loss on iteration 560 = 0.0648719308010186
Training loss on iteration 580 = 0.024836636963300407
Training loss on iteration 600 = 0.03721785902162082
Training loss on iteration 620 = 0.03829238615435315
Training loss on iteration 640 = 0.010599872094462625
Training loss on iteration 660 = 0.016566192633285938
Training loss on iteration 680 = 0.035868992302857804
Training loss on iteration 700 = 0.03822475670240237
Training loss on iteration 720 = 0.033149517425044905
Training loss on iteration 740 = 0.039862103908671995
Training loss on iteration 760 = 0.019102757175278384
Training loss on iteration 780 = 0.03248846529459115
Training loss on iteration 800 = 0.07060294174589217
Training loss on iteration 820 = 0.04342701156856492
Training loss on iteration 840 = 0.038494517689105126
Training loss on iteration 860 = 0.04237051439122297
Training loss on iteration 880 = 0.02879427599546034
Training loss on iteration 900 = 0.028590575892303606
Training loss on iteration 920 = 0.05050752576316882
Training loss on iteration 940 = 0.03346482869728788
Training loss on iteration 960 = 0.04881506603051093
Training loss on iteration 980 = 0.07368136707227677
Training loss on iteration 1000 = 0.030608972880872897
Training loss on iteration 1020 = 0.017788696190109476
Training loss on iteration 1040 = 0.008603120158659295
Training loss on iteration 1060 = 0.0013505385750249843
Training loss on iteration 1080 = 0.04418469007796375
Training loss on iteration 1100 = 0.06408687706571073
Training loss on iteration 1120 = 0.02986129901255481
Training loss on iteration 1140 = 0.01753767898917431
Training loss on iteration 1160 = 0.02168498312603333
Training loss on iteration 1180 = 0.049303634540410715
Training loss on iteration 1200 = 0.04794615209902986
Training loss on iteration 1220 = 0.024104158452246338
Training loss on iteration 1240 = 0.06803331649716711
Training loss on iteration 1260 = 0.07102955200825818
Training loss on iteration 1280 = 0.10787857369286939
Training loss on iteration 1300 = 0.0536066644708626
Training loss on iteration 1320 = 0.025294067457434722
Training loss on iteration 1340 = 0.06391424096946138
Training loss on iteration 1360 = 0.03764770234847674
Training loss on iteration 1380 = 0.030995945795439184
Training loss on iteration 1400 = 0.010822034101875034
Training loss on iteration 1420 = 0.06167673681047745
Training loss on iteration 1440 = 0.017683229979593307
Training loss on iteration 1460 = 0.028862303469213656
Training loss on iteration 1480 = 0.04077411905163899
Training loss on iteration 1500 = 0.032843331349431536
Training loss on iteration 1520 = 0.027914469288953116
Training loss on iteration 1540 = 0.027921824681106953
Training loss on iteration 1560 = 0.013439053721958772
Training loss on iteration 1580 = 0.034550379544089085
Training loss on iteration 1600 = 0.08413178611081093
Training loss on iteration 1620 = 0.05798839272465557
Training loss on iteration 1640 = 0.006162494253658224
Training loss on iteration 1660 = 0.02015946282190271
Training loss on iteration 1680 = 0.023777406172666816
Training loss on iteration 1700 = 0.03711076916370075
Training loss on iteration 1720 = 0.0320117333514645
Training loss on iteration 1740 = 0.06503970085759647
Training loss on iteration 1760 = 0.03884866420703474
Training loss on iteration 1780 = 0.041296069847885516
Training loss on iteration 1800 = 0.041437152030994184
Training loss on iteration 1820 = 0.0280851814430207
Training loss on iteration 1840 = 0.03568352690926986
Training loss on iteration 1860 = 0.014930736270616762
Training loss on iteration 1880 = 0.07553827833035029
Training loss on iteration 1900 = 0.024885412360890768
Training loss on iteration 1920 = 0.1019965669955127
Training loss on iteration 1940 = 0.0750870118587045
Training loss on iteration 1960 = 0.025362282135756687
Training loss on iteration 1980 = 0.01262932098870806
Training loss on iteration 2000 = 0.02618959699975676
Training loss on iteration 2020 = 0.04671103260407108
Training loss on iteration 2040 = 0.01908277209295193
Training loss on iteration 2060 = 0.008092514384770766
Training loss on iteration 2080 = 0.07256982793951465
Training loss on iteration 2100 = 0.1178452254505828
Training loss on iteration 2120 = 0.057057257369160654
Training loss on iteration 2140 = 0.05839564432390034
Training loss on iteration 2160 = 0.1144252725993283
Training loss on iteration 2180 = 0.06518925891723484
Training loss on iteration 2200 = 0.03215718430001289
Training loss on iteration 2220 = 0.04178068911714945
Training loss on iteration 2240 = 0.024610832112375646
Training loss on iteration 2260 = 0.012907876748067792
Training loss on iteration 2280 = 0.0587236672086874
Training loss on iteration 2300 = 0.0611945815893705
Training loss on iteration 2320 = 0.07377611957490444
Training loss on iteration 2340 = 0.03076949283713475
Training loss on iteration 2360 = 0.03412638622394297
Training loss on iteration 2380 = 0.02953584211645648
Training loss on iteration 2400 = 0.024031133729295107
Training loss on iteration 2420 = 0.006269937654724345
Training loss on iteration 2440 = 0.047767831274541095
Training loss on iteration 2460 = 0.041684353149321396
Training loss on iteration 2480 = 0.06003601224801969
Training loss on iteration 2500 = 0.032111178641207515
Training loss on iteration 2520 = 0.02138322351675015
Training loss on iteration 2540 = 0.014926358753291425
Training loss on iteration 2560 = 0.027959947935596575
Training loss on iteration 2580 = 0.08459077005027212
Training loss on iteration 2600 = 0.026070738525595515
Training loss on iteration 2620 = 0.038243766965752005
Training loss on iteration 2640 = 0.03572867348848376
Training loss on iteration 2660 = 0.018788779238821007
Training loss on iteration 2680 = 0.050925955577986314
Training loss on iteration 2700 = 0.044449508958496156
Training loss on iteration 2720 = 0.08369998005218804
Training loss on iteration 2740 = 0.05754301761626266
Training loss on iteration 2760 = 0.03993905184615869
Training loss on iteration 2780 = 0.009693166354554705
Training loss on iteration 2800 = 0.04309984552237438
Training loss on iteration 2820 = 0.04898971005313797
Training loss on iteration 2840 = 0.04686419247882441
Training loss on iteration 2860 = 0.05665700938552618
Training loss on iteration 2880 = 0.05799394999048672
Training loss on iteration 2900 = 0.05758364658249775
Training loss on iteration 2920 = 0.018522452457546024
Training loss on iteration 2940 = 0.021616554755200922
Training loss on iteration 2960 = 0.03910697652681847
Training loss on iteration 2980 = 0.06648307640862186
Training loss on iteration 3000 = 0.029951045202324167
Training loss on iteration 3020 = 0.049390184233197944
Training loss on iteration 3040 = 0.025173905274641584
Training loss on iteration 3060 = 0.034485991339897736
Training loss on iteration 3080 = 0.009115946131350939
Training loss on iteration 3100 = 0.08938478284253507
Training loss on iteration 3120 = 0.0304567534069065
Training loss on iteration 3140 = 0.02904520688462071
Training loss on iteration 3160 = 0.007879645596403861
Training loss on iteration 3180 = 0.0033983865123445867
Training loss on iteration 3200 = 0.028097870069177588
Training loss on iteration 3220 = 0.007545811967429472
Training loss on iteration 3240 = 0.060053989884909245
Training loss on iteration 3260 = 0.0220638354177936
Training loss on iteration 3280 = 0.008943642550730147
Training loss on iteration 3300 = 0.025120167007480633
Training loss on iteration 3320 = 0.03642881767518702
Training loss on iteration 3340 = 0.017922012986673508
Training loss on iteration 3360 = 0.06929018666996853
Training loss on iteration 3380 = 0.053465603583026676
Training loss on iteration 3400 = 0.04065927106712479
Training loss on iteration 3420 = 0.03876849733205745
Training loss on iteration 3440 = 0.045159662504738664
Training loss on iteration 3460 = 0.02772486373432912
Training loss on iteration 3480 = 0.03855023800279014
Training loss on iteration 3500 = 0.03460162668197882
Training loss on iteration 3520 = 0.0654184323080699
Training loss on iteration 3540 = 0.026414158166153355
Training loss on iteration 3560 = 0.05891765350825153
Training loss on iteration 3580 = 0.02526844134554267
Training loss on iteration 3600 = 0.027602688644401498
Training loss on iteration 3620 = 0.029631493032502475
Training loss on iteration 3640 = 0.04145640178030589
Training loss on iteration 3660 = 0.023683906983205816
Training loss on iteration 3680 = 0.05615551876617246
Training loss on iteration 3700 = 0.014271370727510658
Training loss on iteration 3720 = 0.024931317751907045
Training loss on iteration 3740 = 0.026159933461167385
Training loss on iteration 3760 = 0.044324105673877054
Training loss on iteration 3780 = 0.050724288643687034
Training loss on iteration 3800 = 0.0666053251188714
Training loss on iteration 3820 = 0.05913903616601601
Training loss on iteration 3840 = 0.0313078818784561
Training loss on iteration 3860 = 0.0271729090170993
Training loss on iteration 3880 = 0.03876946484888322
Training loss on iteration 3900 = 0.02409280376014067
Training loss on iteration 3920 = 0.008571553754154592
Training loss on iteration 3940 = 0.012814373986475402
Training loss on iteration 3960 = 0.024804657863569446
Training loss on iteration 3980 = 0.035026003106759164
Training loss on iteration 4000 = 0.01748694144334877
Training loss on iteration 4020 = 0.02588371693600493
Training loss on iteration 4040 = 0.03188812204261922
Training loss on iteration 4060 = 0.0644614202043158
Training loss on iteration 4080 = 0.10418255738914013
Training loss on iteration 4100 = 0.026070036587771028
Training loss on iteration 4120 = 0.011361388224759138
Training loss on iteration 4140 = 0.039070127367449456
Training loss on iteration 4160 = 0.01318977480987087
Training loss on iteration 4180 = 0.008454286796995803
Training loss on iteration 4200 = 0.008483869715018955
Training loss on iteration 4220 = 0.04628429566109844
Training loss on iteration 4240 = 0.08092366959608625
Training loss on iteration 4260 = 0.05960680888965726
Training loss on iteration 4280 = 0.03192218326148577
Training loss on iteration 4300 = 0.019342541572768823
Training loss on iteration 4320 = 0.012989621319138677
Training loss on iteration 4340 = 0.04559572091893642
Training loss on iteration 4360 = 0.041513461858266966
Training loss on iteration 4380 = 0.057185315624519714
Training loss on iteration 4400 = 0.03371727839257801
Training loss on iteration 4420 = 0.018969573650247186
Training loss on iteration 4440 = 0.08117437823848377
Training loss on iteration 4460 = 0.03778389134677127
Training loss on iteration 4480 = 0.04508010377176106
Training loss on iteration 4500 = 0.03230240062111989
Training loss on iteration 4520 = 0.07961502690450288
Training loss on iteration 4540 = 0.01863262822444085
Training loss on iteration 4560 = 0.004866753535316093
Training loss on iteration 4580 = 0.03322457990689145
Training loss on iteration 4600 = 0.06646102332742884
Training loss on iteration 4620 = 0.024137050705030562
Training loss on iteration 4640 = 0.016757657469861444
Training loss on iteration 4660 = 0.051307996892137456
Training loss on iteration 4680 = 0.04088736021949444
Training loss on iteration 4700 = 0.09597383193904534
Training loss on iteration 4720 = 0.04318853234872222
Training loss on iteration 4740 = 0.028273877201718277
Training loss on iteration 4760 = 0.05911240298883058
Training loss on iteration 4780 = 0.0183002540608868
Training loss on iteration 4800 = 0.04417513662192505
Training loss on iteration 4820 = 0.06733404718106613
Training loss on iteration 4840 = 0.049233959053526635
Training loss on iteration 4860 = 0.015266903258452657
Training loss on iteration 4880 = 0.03419103638298111
Training loss on iteration 4900 = 0.016970340337138623
Training loss on iteration 4920 = 0.011173511233755562
Training loss on iteration 4940 = 0.03322545059945696
Training loss on iteration 4960 = 0.0597826121406797
Training loss on iteration 4980 = 0.06577960488866666
Training loss on iteration 5000 = 0.023354951600776986
Training loss on iteration 5020 = 0.018300864694901976
Training loss on iteration 5040 = 0.06110621069819899
Training loss on iteration 5060 = 0.021724632555560675
Training loss on iteration 5080 = 0.05231524829068803
Training loss on iteration 5100 = 0.060229588687070644
Training loss on iteration 5120 = 0.025270695518702268
Training loss on iteration 5140 = 0.0343732621302479
Training loss on iteration 5160 = 0.027690240547235588
Training loss on iteration 5180 = 0.05400465626880759
Training loss on iteration 5200 = 0.060941926547093316
Training loss on iteration 5220 = 0.020159926131600513
Training loss on iteration 5240 = 0.0337926511761907
Training loss on iteration 5260 = 0.009384758539090399
Training loss on iteration 5280 = 0.040704566778731535
Training loss on iteration 5300 = 0.016233434956302518
Training loss on iteration 5320 = 0.03286622140876716
Training loss on iteration 5340 = 0.022249127260874958
Training loss on iteration 5360 = 0.011336454132106155
Training loss on iteration 5380 = 0.027260900472174398
Training loss on iteration 5400 = 0.03363869888926274
Training loss on iteration 5420 = 0.017499446102738146
Training loss on iteration 5440 = 0.0324853069447272
Training loss on iteration 5460 = 0.01322284514462808
Training loss on iteration 5480 = 0.038306246607680804
Training loss on iteration 5500 = 0.007091493628104217
Training loss on iteration 5520 = 0.04302572456690541
Training loss on iteration 5540 = 0.01832417599962355
Training loss on iteration 5560 = 0.039648197422502564
Training loss on iteration 5580 = 0.042272940425027626
Training loss on iteration 5600 = 0.02895476946141571
Training loss on iteration 5620 = 0.06475589434157883
Training loss on iteration 5640 = 0.015081964769342449
Training loss on iteration 5660 = 0.013235245965915965
Training loss on iteration 5680 = 0.038239030402110075
Training loss on iteration 5700 = 0.018092736024482293
Training loss on iteration 5720 = 0.025294057973951567
Training loss on iteration 5740 = 0.028136085887672378
Training loss on iteration 5760 = 0.05336496504751267
Training loss on iteration 5780 = 0.041531850799219686
Training loss on iteration 5800 = 0.05584256957808975
Training loss on iteration 5820 = 0.02410108697076794
Training loss on iteration 5840 = 0.013572145597026974
Training loss on iteration 5860 = 0.04897749139272491
Training loss on iteration 5880 = 0.04195412989065517
Training loss on iteration 5900 = 0.04235814643325284
Training loss on iteration 5920 = 0.010018258448690176
Training loss on iteration 5940 = 0.042553028630209155
Training loss on iteration 5960 = 0.044872660692635694
Training loss on iteration 5980 = 0.00854740884315106
Training loss on iteration 6000 = 0.027555494010266558
Training loss on iteration 6020 = 0.0395042465395818
Training loss on iteration 6040 = 0.07681461767060682
Training loss on iteration 6060 = 0.030121439244248906
Training loss on iteration 6080 = 0.01347431408958073
Training loss on iteration 6100 = 0.07816575745928275
Training loss on iteration 6120 = 0.015807333652628586
Training loss on iteration 6140 = 0.005447263272071723
Training loss on iteration 6160 = 0.026257009634718997
Training loss on iteration 6180 = 0.01110083688981831
Training loss on iteration 6200 = 0.04681338541840887
Training loss on iteration 6220 = 0.03707876437110826
Training loss on iteration 6240 = 0.008640380157885375
Training loss on iteration 6260 = 0.008193172731807863
Training loss on iteration 6280 = 0.0573604066936241
Training loss on iteration 6300 = 0.023184306478651707
Training loss on iteration 6320 = 0.0648068951064488
Training loss on iteration 6340 = 0.0332054455881007
Training loss on iteration 6360 = 0.07107111430959775
Training loss on iteration 6380 = 0.011655621754471213
Training loss on iteration 6400 = 0.016370609594014242
Training loss on iteration 6420 = 0.011331281944876537
Training loss on iteration 6440 = 0.009321590749277676
Training loss on iteration 6460 = 0.04475695106275453
Training loss on iteration 6480 = 0.008118719335652714
Training loss on iteration 6500 = 0.018857805794323213
Training loss on iteration 6520 = 0.0850477429890816
Training loss on iteration 6540 = 0.023578284250106663
Training loss on iteration 6560 = 0.016156673314981163
Training loss on iteration 6580 = 0.052106241578439946
Training loss on iteration 6600 = 0.07680960008001421
Training loss on iteration 6620 = 0.0629511441977229
Training loss on iteration 6640 = 0.050487736600916835
Training loss on iteration 6660 = 0.04281030304846354
Training loss on iteration 6680 = 0.014931902586249634
Training loss on iteration 6700 = 0.0301215337269241
Training loss on iteration 6720 = 0.04837263918161625
Training loss on iteration 6740 = 0.10704893962647474
Training loss on iteration 6760 = 0.051658121641958134
Training loss on iteration 6780 = 0.02295798996638041
Training loss on iteration 6800 = 0.01817701332474826
Training loss on iteration 6820 = 0.05157527646733797
Training loss on iteration 6840 = 0.05671076189319137
Training loss on iteration 6860 = 0.050437314703594895
Training loss on iteration 6880 = 0.031108362192753702
Training loss on iteration 6900 = 0.027593373340641845
Training loss on iteration 6920 = 0.009091066893779498
Training loss on iteration 6940 = 0.09521955029922538
Training loss on iteration 6960 = 0.02019023154862225
Training loss on iteration 6980 = 0.05026482173998374
Training loss on iteration 7000 = 0.03336234443413559
Training loss on iteration 7020 = 0.00910767283057794
Training loss on iteration 7040 = 0.028190466033993288
Training loss on iteration 7060 = 0.020281205947139825
Training loss on iteration 7080 = 0.032331356042413974
Training loss on iteration 7100 = 0.012575346817538958
Training loss on iteration 7120 = 0.013034897435863968
Training loss on iteration 7140 = 0.05971224110980984
Training loss on iteration 7160 = 0.01157822023742483
Training loss on iteration 7180 = 0.026990132765422458
Training loss on iteration 7200 = 0.02717505005566636
Training loss on iteration 7220 = 0.059234650200960456
Training loss on iteration 7240 = 0.04942252575128805
Training loss on iteration 7260 = 0.014497002217831323
Training loss on iteration 7280 = 0.03183545710053295
Training loss on iteration 7300 = 0.051705082196349395
Training loss on iteration 7320 = 0.043959859972528645
Training loss on iteration 7340 = 0.020707500090793474
Training loss on iteration 7360 = 0.038735394466493746
Training loss on iteration 7380 = 0.03073564039514167
Training loss on iteration 7400 = 0.04071917351102457
Training loss on iteration 7420 = 0.011314038414275274
Training loss on iteration 7440 = 0.04225524987705285
Training loss on iteration 7460 = 0.024009724328061567
Training loss on iteration 7480 = 0.026495944182170206
### EVAL:: Epoch 4:: Loss = 0.010215958824547445 :: ACC = 0.9963964807188319, AUC = 0.9999430650716733, EER = 0.003182328715836765
Training on epoch 5
Training loss on iteration 0 = 0.00013352441601455212
Training loss on iteration 20 = 0.019911682139354524
Training loss on iteration 40 = 0.004629400092017022
Training loss on iteration 60 = 0.006571897702724527
Training loss on iteration 80 = 0.014235260278474016
Training loss on iteration 100 = 0.061177323584979605
Training loss on iteration 120 = 0.019103445352811832
Training loss on iteration 140 = 0.01849041376117384
Training loss on iteration 160 = 0.03662798695004312
Training loss on iteration 180 = 0.022730750183109195
Training loss on iteration 200 = 0.01876468870032113
Training loss on iteration 220 = 0.010066524947978906
Training loss on iteration 240 = 0.013475834523705998
Training loss on iteration 260 = 0.030733564855836448
Training loss on iteration 280 = 0.03639139093502308
Training loss on iteration 300 = 0.03836143000808079
Training loss on iteration 320 = 0.020790346456487897
Training loss on iteration 340 = 0.032114672735042406
Training loss on iteration 360 = 0.021976384216395674
Training loss on iteration 380 = 0.016530781218898484
Training loss on iteration 400 = 0.013597238319016469
Training loss on iteration 420 = 0.051642013708851665
Training loss on iteration 440 = 0.039728499612829184
Training loss on iteration 460 = 0.025699729633925018
Training loss on iteration 480 = 0.03841305116657168
Training loss on iteration 500 = 0.0135678868406103
Training loss on iteration 520 = 0.004681861475182814
Training loss on iteration 540 = 0.014019443552160737
Training loss on iteration 560 = 0.03138320754533197
Training loss on iteration 580 = 0.019584089420732198
Training loss on iteration 600 = 0.04554206131415413
Training loss on iteration 620 = 0.04784385893581202
Training loss on iteration 640 = 0.01676882748870412
Training loss on iteration 660 = 0.015497381131353904
Training loss on iteration 680 = 0.03612395097443368
Training loss on iteration 700 = 0.0493426358589204
Training loss on iteration 720 = 0.010730803024489432
Training loss on iteration 740 = 0.03466217407076329
Training loss on iteration 760 = 0.06038136482966365
Training loss on iteration 780 = 0.024329400042188355
Training loss on iteration 800 = 0.0033764471743779724
Training loss on iteration 820 = 0.012356907955836504
Training loss on iteration 840 = 0.0602408915234264
Training loss on iteration 860 = 0.012768327194498852
Training loss on iteration 880 = 0.04384856742981356
Training loss on iteration 900 = 0.011613143679278437
Training loss on iteration 920 = 0.0036195227267853624
Training loss on iteration 940 = 0.03969924829343654
Training loss on iteration 960 = 0.07271156961942324
Training loss on iteration 980 = 0.05074247738157282
Training loss on iteration 1000 = 0.0404430074559059
Training loss on iteration 1020 = 0.03438424826454138
Training loss on iteration 1040 = 0.058358847093768415
Training loss on iteration 1060 = 0.01436709431000054
Training loss on iteration 1080 = 0.009565279870912491
Training loss on iteration 1100 = 0.008707445925028878
Training loss on iteration 1120 = 0.0388980909959173
Training loss on iteration 1140 = 0.04498996179172536
Training loss on iteration 1160 = 0.029336967525887304
Training loss on iteration 1180 = 0.00825396241270937
Training loss on iteration 1200 = 0.014842928175130509
Training loss on iteration 1220 = 0.0093111577016316
Training loss on iteration 1240 = 0.027081612644633424
Training loss on iteration 1260 = 0.00990864430526699
Training loss on iteration 1280 = 0.0074099299157865065
Training loss on iteration 1300 = 0.030127306710994617
Training loss on iteration 1320 = 0.03486251908352642
Training loss on iteration 1340 = 0.018604037936711393
Training loss on iteration 1360 = 0.05371455258718925
Training loss on iteration 1380 = 0.014097264042175085
Training loss on iteration 1400 = 0.024233122816349352
Training loss on iteration 1420 = 0.031146118917604326
Training loss on iteration 1440 = 0.06620985655245022
Training loss on iteration 1460 = 0.02351998886297224
Training loss on iteration 1480 = 0.012015014429016447
Training loss on iteration 1500 = 0.006675074953000149
Training loss on iteration 1520 = 0.031067819442250767
Training loss on iteration 1540 = 0.01693463002361568
Training loss on iteration 1560 = 0.0068239164024817
Training loss on iteration 1580 = 0.005482379742556986
Training loss on iteration 1600 = 0.03021254441711676
Training loss on iteration 1620 = 0.017229299906557572
Training loss on iteration 1640 = 0.05031978501501726
Training loss on iteration 1660 = 0.01414714137736155
Training loss on iteration 1680 = 0.02690371120315831
Training loss on iteration 1700 = 0.05838244238984771
Training loss on iteration 1720 = 0.03977109038605704
Training loss on iteration 1740 = 0.015754984421619156
Training loss on iteration 1760 = 0.013835290151473601
Training loss on iteration 1780 = 0.03068422956453105
Training loss on iteration 1800 = 0.016539148941706116
Training loss on iteration 1820 = 0.005453042968929367
Training loss on iteration 1840 = 0.01460719765191243
Training loss on iteration 1860 = 0.08997240500457337
Training loss on iteration 1880 = 0.015658012726635206
Training loss on iteration 1900 = 0.017339839538180968
Training loss on iteration 1920 = 0.008313777029979975
Training loss on iteration 1940 = 0.024514197058715582
Training loss on iteration 1960 = 0.01790697384858504
Training loss on iteration 1980 = 0.007354825886477556
Training loss on iteration 2000 = 0.0013278703809646685
Training loss on iteration 2020 = 0.026445621303309963
Training loss on iteration 2040 = 0.07756578064727364
Training loss on iteration 2060 = 0.07556972460952238
Training loss on iteration 2080 = 0.02791915991692804
Training loss on iteration 2100 = 0.054562475727288985
Training loss on iteration 2120 = 0.01940273469299427
Training loss on iteration 2140 = 0.04460722368312418
Training loss on iteration 2160 = 0.07042662794410717
Training loss on iteration 2180 = 0.038066301291109994
Training loss on iteration 2200 = 0.06431840097648092
Training loss on iteration 2220 = 0.00899055602349108
Training loss on iteration 2240 = 0.010047498555286439
Training loss on iteration 2260 = 0.0029237933675176466
Training loss on iteration 2280 = 0.0544982745192101
Training loss on iteration 2300 = 0.008690613576618489
Training loss on iteration 2320 = 0.047991401773833785
Training loss on iteration 2340 = 0.006258524049189873
Training loss on iteration 2360 = 0.03132036296956357
Training loss on iteration 2380 = 0.01031239646326867
Training loss on iteration 2400 = 0.007912619986245772
Training loss on iteration 2420 = 0.008392512614682346
Training loss on iteration 2440 = 0.11492266688176186
Training loss on iteration 2460 = 0.037205012142658235
Training loss on iteration 2480 = 0.017313937048311346
Training loss on iteration 2500 = 0.02319907497803797
Training loss on iteration 2520 = 0.024207590349396922
Training loss on iteration 2540 = 0.00683977422377211
Training loss on iteration 2560 = 0.03351190145240253
Training loss on iteration 2580 = 0.029315471126756164
Training loss on iteration 2600 = 0.013201277164625935
Training loss on iteration 2620 = 0.020106014923021574
Training loss on iteration 2640 = 0.010836077763360662
Training loss on iteration 2660 = 0.007061131780142204
Training loss on iteration 2680 = 0.009301137593880071
Training loss on iteration 2700 = 0.009017684997030529
Training loss on iteration 2720 = 0.0049914420837723125
Training loss on iteration 2740 = 0.09195571775399003
Training loss on iteration 2760 = 0.09309973290073685
Training loss on iteration 2780 = 0.021774285797437187
Training loss on iteration 2800 = 0.06503576001632609
Training loss on iteration 2820 = 0.05490390770719387
Training loss on iteration 2840 = 0.019923825731530086
Training loss on iteration 2860 = 0.011110314130201004
Training loss on iteration 2880 = 0.01335714458327857
Training loss on iteration 2900 = 0.018950163557929046
Training loss on iteration 2920 = 0.06380724515111069
Training loss on iteration 2940 = 0.01270240355443093
Training loss on iteration 2960 = 0.03807765569144976
Training loss on iteration 2980 = 0.02884466045215959
Training loss on iteration 3000 = 0.04111648874750244
Training loss on iteration 3020 = 0.005548645678209141
Training loss on iteration 3040 = 0.025532102389843204
Training loss on iteration 3060 = 0.023516914422361878
Training loss on iteration 3080 = 0.023003545618848875
Training loss on iteration 3100 = 0.014463150387018685
Training loss on iteration 3120 = 0.007782326710002963
Training loss on iteration 3140 = 0.04862904053152306
Training loss on iteration 3160 = 0.01638683271157788
Training loss on iteration 3180 = 0.024084490401583024
Training loss on iteration 3200 = 0.07552863172022625
Training loss on iteration 3220 = 0.017137878479479694
Training loss on iteration 3240 = 0.043145930335958836
Training loss on iteration 3260 = 0.014300149130576756
Training loss on iteration 3280 = 0.014290390641690465
Training loss on iteration 3300 = 0.04105895945394877
Training loss on iteration 3320 = 0.039905337391246576
Training loss on iteration 3340 = 0.04987498921109364
Training loss on iteration 3360 = 0.013400483681471087
Training loss on iteration 3380 = 0.025977280785446054
Training loss on iteration 3400 = 0.046069469698704776
Training loss on iteration 3420 = 0.029371524455200415
Training loss on iteration 3440 = 0.008282110763866512
Training loss on iteration 3460 = 0.023312105057038936
Training loss on iteration 3480 = 0.005904661210661288
Training loss on iteration 3500 = 0.02708410345012453
Training loss on iteration 3520 = 0.007143901892777649
Training loss on iteration 3540 = 0.0023746383700199657
Training loss on iteration 3560 = 0.024425957992070833
Training loss on iteration 3580 = 0.012585226621649782
Training loss on iteration 3600 = 0.0011114381210063583
Training loss on iteration 3620 = 0.035631949275830264
Training loss on iteration 3640 = 0.006395293304194638
Training loss on iteration 3660 = 0.0456116206216393
Training loss on iteration 3680 = 0.01582610208497499
Training loss on iteration 3700 = 0.06611637865717057
Training loss on iteration 3720 = 0.03903540678038553
Training loss on iteration 3740 = 0.021262590510741575
Training loss on iteration 3760 = 0.025185482608503663
Training loss on iteration 3780 = 0.055378244649909904
Training loss on iteration 3800 = 0.007422400660288986
Training loss on iteration 3820 = 0.015596397360786796
Training loss on iteration 3840 = 0.007353283661541354
Training loss on iteration 3860 = 0.06262627654068638
Training loss on iteration 3880 = 0.02974480417033192
Training loss on iteration 3900 = 0.04030585465370677
Training loss on iteration 3920 = 0.009622782098449533
Training loss on iteration 3940 = 0.005899522765321308
Training loss on iteration 3960 = 0.011236075685519608
Training loss on iteration 3980 = 0.0006848223125416553
Training loss on iteration 4000 = 0.004669876313982968
Training loss on iteration 4020 = 0.038877114523094745
Training loss on iteration 4040 = 0.06017273411644055
Training loss on iteration 4060 = 0.03609228071727557
Training loss on iteration 4080 = 0.028886104730918304
Training loss on iteration 4100 = 0.007913541353627807
Training loss on iteration 4120 = 0.028866293573810254
Training loss on iteration 4140 = 0.0077448997197279825
Training loss on iteration 4160 = 0.02323024601500947
Training loss on iteration 4180 = 0.004068162890598614
Training loss on iteration 4200 = 0.0018790899197938416
Training loss on iteration 4220 = 0.002371117263646738
Training loss on iteration 4240 = 0.004151303184011112
Training loss on iteration 4260 = 0.005158410969087868
Training loss on iteration 4280 = 0.02362096540841776
Training loss on iteration 4300 = 0.0622558793350592
Training loss on iteration 4320 = 0.03533227754305699
Training loss on iteration 4340 = 0.0487078864738578
Training loss on iteration 4360 = 0.01919374659737514
Training loss on iteration 4380 = 0.030754763550066854
Training loss on iteration 4400 = 0.0140882128778685
Training loss on iteration 4420 = 0.02565055330796895
Training loss on iteration 4440 = 0.08798749461429907
Training loss on iteration 4460 = 0.02782099386677146
Training loss on iteration 4480 = 0.0020315668512921547
Training loss on iteration 4500 = 0.004685796778358053
Training loss on iteration 4520 = 0.01674072821806476
Training loss on iteration 4540 = 0.0746380910903099
Training loss on iteration 4560 = 0.03411832057172433
Training loss on iteration 4580 = 0.011634934578614775
Training loss on iteration 4600 = 0.02199091823276831
Training loss on iteration 4620 = 0.026523047231603415
Training loss on iteration 4640 = 0.020297811473574255
Training loss on iteration 4660 = 0.0212971723631199
Training loss on iteration 4680 = 0.01746450762511813
Training loss on iteration 4700 = 0.01806457443708496
Training loss on iteration 4720 = 0.006520570208886056
Training loss on iteration 4740 = 0.0055159678709060245
Training loss on iteration 4760 = 0.017587106122164187
Training loss on iteration 4780 = 0.004486443671839879
Training loss on iteration 4800 = 0.013888321328022358
Training loss on iteration 4820 = 0.007810493811723518
Training loss on iteration 4840 = 0.06447827533977488
Training loss on iteration 4860 = 0.060395136975785135
Training loss on iteration 4880 = 0.031155524851055817
Training loss on iteration 4900 = 0.07457911246165168
Training loss on iteration 4920 = 0.032307761278934775
Training loss on iteration 4940 = 0.012654589075827971
Training loss on iteration 4960 = 0.02634550550210406
Training loss on iteration 4980 = 0.022565882244089154
Training loss on iteration 5000 = 0.023719585161234135
Training loss on iteration 5020 = 0.006934381055179984
Training loss on iteration 5040 = 0.01856313993976073
Training loss on iteration 5060 = 0.014628913702108549
Training loss on iteration 5080 = 0.03142613053132663
Training loss on iteration 5100 = 0.008922998131311033
Training loss on iteration 5120 = 0.054738832123985046
Training loss on iteration 5140 = 0.006487392006238224
Training loss on iteration 5160 = 0.02208090014901245
Training loss on iteration 5180 = 0.016780649959400762
Training loss on iteration 5200 = 0.015023362906867987
Training loss on iteration 5220 = 0.045552342155133374
Training loss on iteration 5240 = 0.028346753084770172
Training loss on iteration 5260 = 0.03726083196233958
Training loss on iteration 5280 = 0.048643032601103184
Training loss on iteration 5300 = 0.01608573561970843
Training loss on iteration 5320 = 0.07993816565171982
Training loss on iteration 5340 = 0.02017510524019599
Training loss on iteration 5360 = 0.014272131238249131
Training loss on iteration 5380 = 0.015008916565057007
Training loss on iteration 5400 = 0.01604106737913753
Training loss on iteration 5420 = 0.025839703213932808
Training loss on iteration 5440 = 0.020026704778410932
Training loss on iteration 5460 = 0.008382094394619344
Training loss on iteration 5480 = 0.040862749413281566
Training loss on iteration 5500 = 0.07106274522084277
Training loss on iteration 5520 = 0.0171315436338773
Training loss on iteration 5540 = 0.014431765576591715
Training loss on iteration 5560 = 0.057613568101078275
Training loss on iteration 5580 = 0.011843940544349608
Training loss on iteration 5600 = 0.008030920477904147
Training loss on iteration 5620 = 0.026955366689799122
Training loss on iteration 5640 = 0.019042349512164946
Training loss on iteration 5660 = 0.04346108456884394
Training loss on iteration 5680 = 0.010569052128994371
Training loss on iteration 5700 = 0.023503659146081192
Training loss on iteration 5720 = 0.03713784375213436
Training loss on iteration 5740 = 0.001392038885387592
Training loss on iteration 5760 = 0.00572941437130794
Training loss on iteration 5780 = 0.039562654574910996
Training loss on iteration 5800 = 0.042109582376724575
Training loss on iteration 5820 = 0.03223202587396372
Training loss on iteration 5840 = 0.02099402516905684
Training loss on iteration 5860 = 0.05438179890625179
Training loss on iteration 5880 = 0.04765090643631993
Training loss on iteration 5900 = 0.019598399865208192
Training loss on iteration 5920 = 0.04384623243895476
Training loss on iteration 5940 = 0.06309973520401399
Training loss on iteration 5960 = 0.02292783981829416
Training loss on iteration 5980 = 0.03286719756142702
Training loss on iteration 6000 = 0.051885999007936334
Training loss on iteration 6020 = 0.06408222213140106
Training loss on iteration 6040 = 0.012890065312967635
Training loss on iteration 6060 = 0.013128170382697136
Training loss on iteration 6080 = 0.005878565060811525
Training loss on iteration 6100 = 0.02492255686520366
Training loss on iteration 6120 = 0.05942247566999868
Training loss on iteration 6140 = 0.012445730069157435
Training loss on iteration 6160 = 0.02095379942074942
Training loss on iteration 6180 = 0.04733908601629082
Training loss on iteration 6200 = 0.023183966911165043
Training loss on iteration 6220 = 0.008621330886671785
Training loss on iteration 6240 = 0.03292209247138089
Training loss on iteration 6260 = 0.06067371588105743
Training loss on iteration 6280 = 0.03199186228121107
Training loss on iteration 6300 = 0.007621124877186958
Training loss on iteration 6320 = 0.017019357544995728
Training loss on iteration 6340 = 0.01564305793353924
Training loss on iteration 6360 = 0.021005805788809083
Training loss on iteration 6380 = 0.02537223245626592
Training loss on iteration 6400 = 0.023940735829273762
Training loss on iteration 6420 = 0.02964889598670197
Training loss on iteration 6440 = 0.031021094089737744
Training loss on iteration 6460 = 0.004914781061961549
Training loss on iteration 6480 = 0.0856130242242216
Training loss on iteration 6500 = 0.022908891197585036
Training loss on iteration 6520 = 0.02604895697440952
Training loss on iteration 6540 = 0.01248932129037712
Training loss on iteration 6560 = 0.03922735357227793
Training loss on iteration 6580 = 0.025556838685588446
Training loss on iteration 6600 = 0.041278490609511206
Training loss on iteration 6620 = 0.020501681935274973
Training loss on iteration 6640 = 0.04518354532774538
Training loss on iteration 6660 = 0.040309795693610796
Training loss on iteration 6680 = 0.03424965005251579
Training loss on iteration 6700 = 0.017245120131701697
Training loss on iteration 6720 = 0.02304879774674191
Training loss on iteration 6740 = 0.010102107130660443
Training loss on iteration 6760 = 0.008380567458516452
Training loss on iteration 6780 = 0.006429697878957086
Training loss on iteration 6800 = 0.03653479414269896
Training loss on iteration 6820 = 0.024314350607892266
Training loss on iteration 6840 = 0.09872283524309751
Training loss on iteration 6860 = 0.028422839150880463
Training loss on iteration 6880 = 0.04731255915685324
Training loss on iteration 6900 = 0.015236939836177044
Training loss on iteration 6920 = 0.02150785040212213
Training loss on iteration 6940 = 0.026462871192779857
Training loss on iteration 6960 = 0.06947846367547754
Training loss on iteration 6980 = 0.010661657800665126
Training loss on iteration 7000 = 0.005063237723879866
Training loss on iteration 7020 = 0.0680474964876339
Training loss on iteration 7040 = 0.024886242848879192
Training loss on iteration 7060 = 0.03010500837553991
Training loss on iteration 7080 = 0.016105247489031173
Training loss on iteration 7100 = 0.031085572048687025
Training loss on iteration 7120 = 0.01260702901181503
Training loss on iteration 7140 = 0.001922856705459708
Training loss on iteration 7160 = 0.020834057827232754
Training loss on iteration 7180 = 0.0047679685730145135
Training loss on iteration 7200 = 0.01624153704433411
Training loss on iteration 7220 = 0.01600909729452269
Training loss on iteration 7240 = 0.02938201632059645
Training loss on iteration 7260 = 0.027586467318906217
Training loss on iteration 7280 = 0.036257960471266414
Training loss on iteration 7300 = 0.01618796881812159
Training loss on iteration 7320 = 0.04639891701226588
Training loss on iteration 7340 = 0.03601956064958358
Training loss on iteration 7360 = 0.013063650054391474
Training loss on iteration 7380 = 0.007574108112021349
Training loss on iteration 7400 = 0.0066084893784136515
Training loss on iteration 7420 = 0.017544942949461982
Training loss on iteration 7440 = 0.014037859030395339
Training loss on iteration 7460 = 0.028837032039155018
Training loss on iteration 7480 = 0.021534493440412916
### EVAL:: Epoch 5:: Loss = 0.010946171758881292 :: ACC = 0.9964432796705354, AUC = 0.9999520271322485, EER = 0.0029015350056158743
Training on epoch 6
Training loss on iteration 0 = 0.0005023061530664563
Training loss on iteration 20 = 0.02070876552907066
Training loss on iteration 40 = 0.014135277024615788
Training loss on iteration 60 = 0.07558020500719068
Training loss on iteration 80 = 0.04694405567715876
Training loss on iteration 100 = 0.033417752070818096
Training loss on iteration 120 = 0.01370362450616085
Training loss on iteration 140 = 0.011289902652424643
Training loss on iteration 160 = 0.006905158889821905
Training loss on iteration 180 = 0.050501059278758476
Training loss on iteration 200 = 0.004801142260566849
Training loss on iteration 220 = 0.01701402294293075
Training loss on iteration 240 = 0.021889003500655237
Training loss on iteration 260 = 0.010050534876791061
Training loss on iteration 280 = 0.029006702215883706
Training loss on iteration 300 = 0.025090356468717802
Training loss on iteration 320 = 0.014592570344575506
Training loss on iteration 340 = 0.04451805358949059
Training loss on iteration 360 = 0.03797865994756648
Training loss on iteration 380 = 0.04109957084583584
Training loss on iteration 400 = 0.010258522401272785
Training loss on iteration 420 = 0.004692676201011636
Training loss on iteration 440 = 0.03743404105589434
Training loss on iteration 460 = 0.015708014028496108
Training loss on iteration 480 = 0.03477137627742195
Training loss on iteration 500 = 0.01666487692054943
Training loss on iteration 520 = 0.02438389711151103
Training loss on iteration 540 = 0.01193241190048866
Training loss on iteration 560 = 0.0035886940730961215
Training loss on iteration 580 = 0.031219545895692136
Training loss on iteration 600 = 0.02927144564782793
Training loss on iteration 620 = 0.023919897709129147
Training loss on iteration 640 = 0.02054076167869425
Training loss on iteration 660 = 0.011954873109607434
Training loss on iteration 680 = 0.015628475302946754
Training loss on iteration 700 = 0.0068550187735581854
Training loss on iteration 720 = 0.019565729764144633
Training loss on iteration 740 = 0.03043262639776003
Training loss on iteration 760 = 0.024370311509301246
Training loss on iteration 780 = 0.01884396810673934
Training loss on iteration 800 = 0.04473579262557905
Training loss on iteration 820 = 0.04690241837888607
Training loss on iteration 840 = 0.028185194499383216
Training loss on iteration 860 = 0.031362220156006516
Training loss on iteration 880 = 0.018019240661669756
Training loss on iteration 900 = 0.02121623162420292
Training loss on iteration 920 = 0.04487430436274735
Training loss on iteration 940 = 0.00814177733991528
Training loss on iteration 960 = 0.0893400322936941
Training loss on iteration 980 = 0.03455570042133331
Training loss on iteration 1000 = 0.03349486059742048
Training loss on iteration 1020 = 0.052196892705978826
Training loss on iteration 1040 = 0.014756097513600252
Training loss on iteration 1060 = 0.020023349026450886
Training loss on iteration 1080 = 0.0037128594132809665
Training loss on iteration 1100 = 0.052583900570243716
Training loss on iteration 1120 = 0.011945373305934481
Training loss on iteration 1140 = 0.0018786250095217838
Training loss on iteration 1160 = 0.022949336700548884
Training loss on iteration 1180 = 0.03733026486006565
Training loss on iteration 1200 = 0.017037237007752993
Training loss on iteration 1220 = 0.06266053502440627
Training loss on iteration 1240 = 0.02900171224900987
Training loss on iteration 1260 = 0.0030132899526506664
Training loss on iteration 1280 = 0.020079206075388357
Training loss on iteration 1300 = 0.012663354627147783
Training loss on iteration 1320 = 0.03579611091918196
Training loss on iteration 1340 = 0.04172380128729856
Training loss on iteration 1360 = 0.01714401316639851
Training loss on iteration 1380 = 0.040665441170494886
Training loss on iteration 1400 = 0.03624647208653187
Training loss on iteration 1420 = 0.01102124144890695
Training loss on iteration 1440 = 0.016191871278715554
Training loss on iteration 1460 = 0.034792994183590054
Training loss on iteration 1480 = 0.01505147852421942
Training loss on iteration 1500 = 0.033926152524509236
Training loss on iteration 1520 = 0.005929301712967572
Training loss on iteration 1540 = 0.0015411300348660006
Training loss on iteration 1560 = 0.038105888529753426
Training loss on iteration 1580 = 0.005007243690624818
Training loss on iteration 1600 = 0.01486594762545792
Training loss on iteration 1620 = 0.028471933066157362
Training loss on iteration 1640 = 0.04670941920467157
Training loss on iteration 1660 = 0.046238632524909916
Training loss on iteration 1680 = 0.010018854250665754
Training loss on iteration 1700 = 0.038713771077163985
Training loss on iteration 1720 = 0.02225857958837878
Training loss on iteration 1740 = 0.005578250820462927
Training loss on iteration 1760 = 0.020044419446458052
Training loss on iteration 1780 = 0.044352494340864725
Training loss on iteration 1800 = 0.03685900274354026
Training loss on iteration 1820 = 0.035149613990142825
Training loss on iteration 1840 = 0.02734282402743702
Training loss on iteration 1860 = 0.018434299192449544
Training loss on iteration 1880 = 0.025153222494554938
Training loss on iteration 1900 = 0.029394055623561142
Training loss on iteration 1920 = 0.0039096648666600235
Training loss on iteration 1940 = 0.030926694902882447
Training loss on iteration 1960 = 0.009079530035160132
Training loss on iteration 1980 = 0.0046390827752475165
Training loss on iteration 2000 = 0.025598809349867226
Training loss on iteration 2020 = 0.017284640566504094
Training loss on iteration 2040 = 0.0199703243049953
Training loss on iteration 2060 = 0.0026370663977786533
Training loss on iteration 2080 = 0.03887323634571658
Training loss on iteration 2100 = 0.029584126272038703
Training loss on iteration 2120 = 0.031548904012879575
Training loss on iteration 2140 = 0.00982930726468112
Training loss on iteration 2160 = 0.04295765313831908
Training loss on iteration 2180 = 0.0157242168814264
Training loss on iteration 2200 = 0.006431936865556054
Training loss on iteration 2220 = 0.010808841426842264
Training loss on iteration 2240 = 0.018870716340643412
Training loss on iteration 2260 = 0.01658695190690196
Training loss on iteration 2280 = 0.018738474674864846
Training loss on iteration 2300 = 0.0006865568830107804
Training loss on iteration 2320 = 0.007099190534245281
Training loss on iteration 2340 = 0.00828272364269651
Training loss on iteration 2360 = 0.03779538606263486
Training loss on iteration 2380 = 0.004670504759178584
Training loss on iteration 2400 = 0.06534258674510056
Training loss on iteration 2420 = 0.010486643212061608
Training loss on iteration 2440 = 0.024591471182066015
Training loss on iteration 2460 = 0.033614621815650024
Training loss on iteration 2480 = 0.0382823234591342
Training loss on iteration 2500 = 0.039907288082758896
Training loss on iteration 2520 = 0.03309076622099383
Training loss on iteration 2540 = 0.02420182375717559
Training loss on iteration 2560 = 0.010672631565466873
Training loss on iteration 2580 = 0.018119556989040574
Training loss on iteration 2600 = 0.0022372056957465246
Training loss on iteration 2620 = 0.04416218121773454
Training loss on iteration 2640 = 0.04898241020782734
Training loss on iteration 2660 = 0.03358692531473935
Training loss on iteration 2680 = 0.01609947460819967
Training loss on iteration 2700 = 0.04370957796054427
Training loss on iteration 2720 = 0.014364396040036809
Training loss on iteration 2740 = 0.023427055963838938
Training loss on iteration 2760 = 0.03242041855555726
Training loss on iteration 2780 = 0.050075635881512426
Training loss on iteration 2800 = 0.018834648797928823
Training loss on iteration 2820 = 0.0615415842999937
Training loss on iteration 2840 = 0.014639056727173739
Training loss on iteration 2860 = 0.020044968632282688
Training loss on iteration 2880 = 0.005921439477242529
Training loss on iteration 2900 = 0.029596882755140542
Training loss on iteration 2920 = 0.024601852524938295
Training loss on iteration 2940 = 0.008598359737879946
Training loss on iteration 2960 = 0.004295703769821557
Training loss on iteration 2980 = 0.005052220564903109
Training loss on iteration 3000 = 0.0334600668405983
Training loss on iteration 3020 = 0.07222628181043547
Training loss on iteration 3040 = 0.02531199008517433
Training loss on iteration 3060 = 0.04281925909162965
Training loss on iteration 3080 = 0.011758390939212405
Training loss on iteration 3100 = 0.015137217308438266
Training loss on iteration 3120 = 0.009402436939853941
Training loss on iteration 3140 = 0.00968797131536121
Training loss on iteration 3160 = 0.010463958089894731
Training loss on iteration 3180 = 0.0016500644311918222
Training loss on iteration 3200 = 0.02208836058562156
Training loss on iteration 3220 = 0.012969656204131753
Training loss on iteration 3240 = 0.014826716988409316
Training loss on iteration 3260 = 0.06230154581930947
Training loss on iteration 3280 = 0.02447134316316806
Training loss on iteration 3300 = 0.005175628092183615
Training loss on iteration 3320 = 0.026616837990877683
Training loss on iteration 3340 = 0.03162781716127938
Training loss on iteration 3360 = 0.03098554664175026
Training loss on iteration 3380 = 0.008822744609642542
Training loss on iteration 3400 = 0.04618556450986944
Training loss on iteration 3420 = 0.06663951532464125
Training loss on iteration 3440 = 0.029333399166353046
Training loss on iteration 3460 = 0.030436912992445286
Training loss on iteration 3480 = 0.049180604959838094
Training loss on iteration 3500 = 0.02400103089748882
Training loss on iteration 3520 = 0.01904095433128532
Training loss on iteration 3540 = 0.06627162765653338
Training loss on iteration 3560 = 0.009075628983555361
Training loss on iteration 3580 = 0.004408655771112535
Training loss on iteration 3600 = 0.013408589208120247
Training loss on iteration 3620 = 0.042777381419182345
Training loss on iteration 3640 = 0.008699591481854441
Training loss on iteration 3660 = 0.047789036039466735
Training loss on iteration 3680 = 0.006334260895278021
Training loss on iteration 3700 = 0.017103205402963794
Training loss on iteration 3720 = 0.03905178617424099
Training loss on iteration 3740 = 0.021637695261597402
Training loss on iteration 3760 = 0.03748907323024468
Training loss on iteration 3780 = 0.04867828002024908
Training loss on iteration 3800 = 0.012851620675064623
Training loss on iteration 3820 = 0.017991990118389367
Training loss on iteration 3840 = 0.02123504386472632
Training loss on iteration 3860 = 0.009633306624891702
Training loss on iteration 3880 = 0.06372537666757125
Training loss on iteration 3900 = 0.018951563382142923
Training loss on iteration 3920 = 0.01622070927696768
Training loss on iteration 3940 = 0.0044754170063242785
Training loss on iteration 3960 = 0.01699482478761638
Training loss on iteration 3980 = 0.008473861328093335
Training loss on iteration 4000 = 0.01249036432354842
Training loss on iteration 4020 = 0.020457992938918323
Training loss on iteration 4040 = 0.02801389854021181
Training loss on iteration 4060 = 0.012067374567050138
Training loss on iteration 4080 = 0.051157869044072865
Training loss on iteration 4100 = 0.04095444146587397
Training loss on iteration 4120 = 0.04348567855231522
Training loss on iteration 4140 = 0.01634168952004984
Training loss on iteration 4160 = 0.03733086764004838
Training loss on iteration 4180 = 0.029622795908653642
Training loss on iteration 4200 = 0.06043241758743534
Training loss on iteration 4220 = 0.057653138536261396
Training loss on iteration 4240 = 0.007943765562959015
Training loss on iteration 4260 = 0.06463172550211312
Training loss on iteration 4280 = 0.01966684856815846
Training loss on iteration 4300 = 0.024711795966140926
Training loss on iteration 4320 = 0.0035123904948704877
Training loss on iteration 4340 = 0.013806461603962816
Training loss on iteration 4360 = 0.03683253911258362
Training loss on iteration 4380 = 0.005466158960916801
Training loss on iteration 4400 = 0.019530228625626478
Training loss on iteration 4420 = 0.040235929016853335
Training loss on iteration 4440 = 0.04166096793633187
Training loss on iteration 4460 = 0.034476861821895
Training loss on iteration 4480 = 0.04546608942328021
Training loss on iteration 4500 = 0.018906378975952976
Training loss on iteration 4520 = 0.024403540240018628
Training loss on iteration 4540 = 0.015523987349661183
Training loss on iteration 4560 = 0.015496711104060524
Training loss on iteration 4580 = 0.02039200766812428
Training loss on iteration 4600 = 0.008666130221013191
Training loss on iteration 4620 = 0.007787871617711062
Training loss on iteration 4640 = 0.04792596820534527
Training loss on iteration 4660 = 0.0021478240219039435
Training loss on iteration 4680 = 0.050820799677967446
Training loss on iteration 4700 = 0.018808611467829906
Training loss on iteration 4720 = 0.019862996571828263
Training loss on iteration 4740 = 0.04433749989257194
Training loss on iteration 4760 = 0.005390807449657586
Training loss on iteration 4780 = 0.034454923964221965
Training loss on iteration 4800 = 0.020948146800219548
Training loss on iteration 4820 = 0.04469875683353166
Training loss on iteration 4840 = 0.06095215375898988
Training loss on iteration 4860 = 0.034644666765234436
Training loss on iteration 4880 = 0.03699882606742903
Training loss on iteration 4900 = 0.02104094745754992
Training loss on iteration 4920 = 0.035982129682633965
Training loss on iteration 4940 = 0.0470859776600264
Training loss on iteration 4960 = 0.038019652680668516
Training loss on iteration 4980 = 0.02148422793543432
Training loss on iteration 5000 = 0.012159553001038149
Training loss on iteration 5020 = 0.041050559921859534
Training loss on iteration 5040 = 0.07143227784163173
Training loss on iteration 5060 = 0.017111983464565127
Training loss on iteration 5080 = 0.010118859160866123
Training loss on iteration 5100 = 0.018554770663376983
Training loss on iteration 5120 = 0.0413158327468409
Training loss on iteration 5140 = 0.024263748709108766
Training loss on iteration 5160 = 0.037549390213098374
Training loss on iteration 5180 = 0.028918083809185192
Training loss on iteration 5200 = 0.05622012606618228
Training loss on iteration 5220 = 0.04296641742039355
Training loss on iteration 5240 = 0.019518985276954483
Training loss on iteration 5260 = 0.010043900084565394
Training loss on iteration 5280 = 0.0021516780051570096
Training loss on iteration 5300 = 0.020024755380791247
Training loss on iteration 5320 = 0.050688006504174155
Training loss on iteration 5340 = 0.04858134482637979
Training loss on iteration 5360 = 0.02821401568799047
Training loss on iteration 5380 = 0.014596592755697201
Training loss on iteration 5400 = 0.04007964494885528
Training loss on iteration 5420 = 0.03666757916798815
Training loss on iteration 5440 = 0.059388450338155964
Training loss on iteration 5460 = 0.04586884282034589
Training loss on iteration 5480 = 0.013565968354669167
Training loss on iteration 5500 = 0.030500762805604608
Training loss on iteration 5520 = 0.014540703996681259
Training loss on iteration 5540 = 0.015666184960718966
Training loss on iteration 5560 = 0.04155792597989603
Training loss on iteration 5580 = 0.018522548379587535
Training loss on iteration 5600 = 0.03386666426631564
Training loss on iteration 5620 = 0.03070671205400686
Training loss on iteration 5640 = 0.01616110647591995
Training loss on iteration 5660 = 0.0035677994455454607
Training loss on iteration 5680 = 0.008520848291664152
Training loss on iteration 5700 = 0.03645797533572477
Training loss on iteration 5720 = 0.10874731331969087
Training loss on iteration 5740 = 0.0276116363631445
Training loss on iteration 5760 = 0.029541265769512392
Training loss on iteration 5780 = 0.04082418567268178
Training loss on iteration 5800 = 0.03346507575843134
Training loss on iteration 5820 = 0.03872393435012782
Training loss on iteration 5840 = 0.02792506507539656
Training loss on iteration 5860 = 0.019309639821585733
Training loss on iteration 5880 = 0.01662990730837919
Training loss on iteration 5900 = 0.026566787868341636
Training loss on iteration 5920 = 0.0013581770810560557
Training loss on iteration 5940 = 0.02221813843707423
Training loss on iteration 5960 = 0.0012605218814314867
Training loss on iteration 5980 = 0.01801413216326182
Training loss on iteration 6000 = 0.021752588210256364
Training loss on iteration 6020 = 0.025925485581592512
Training loss on iteration 6040 = 0.0423673039113055
Training loss on iteration 6060 = 0.008014317860943265
Training loss on iteration 6080 = 0.044069098971158384
Training loss on iteration 6100 = 0.02280369347681699
Training loss on iteration 6120 = 0.00963339981281024
Training loss on iteration 6140 = 0.006551420849154966
Training loss on iteration 6160 = 0.010347437435484608
Training loss on iteration 6180 = 0.014815595677214332
Training loss on iteration 6200 = 0.019113090991413628
Training loss on iteration 6220 = 0.03815308235543853
Training loss on iteration 6240 = 0.007931284906590008
Training loss on iteration 6260 = 0.02196645303956757
Training loss on iteration 6280 = 0.011653023705366649
Training loss on iteration 6300 = 0.05555277745900185
Training loss on iteration 6320 = 0.0072231853107950885
Training loss on iteration 6340 = 0.01702494740275142
Training loss on iteration 6360 = 0.00960707398944578
Training loss on iteration 6380 = 0.008389545301906765
Training loss on iteration 6400 = 0.0129131336129376
Training loss on iteration 6420 = 0.030472341959830375
Training loss on iteration 6440 = 0.0288513643171882
Training loss on iteration 6460 = 0.0217217443080699
Training loss on iteration 6480 = 0.07736253550028778
Training loss on iteration 6500 = 0.013576348281640093
Training loss on iteration 6520 = 0.05630585864637396
Training loss on iteration 6540 = 0.009921064099762589
Training loss on iteration 6560 = 0.0033144379242003195
Training loss on iteration 6580 = 0.01288859012456669
Training loss on iteration 6600 = 0.03638215270257206
Training loss on iteration 6620 = 0.020411634472839068
Training loss on iteration 6640 = 0.01462573438693653
Training loss on iteration 6660 = 0.0047724548754558786
Training loss on iteration 6680 = 0.0018754441870441952
Training loss on iteration 6700 = 0.0019203984664272866
Training loss on iteration 6720 = 0.019525750495267856
Training loss on iteration 6740 = 0.015833706294506554
Training loss on iteration 6760 = 0.01825547366520368
Training loss on iteration 6780 = 0.03816118150962211
Training loss on iteration 6800 = 0.023941755200212356
Training loss on iteration 6820 = 0.029908031690501956
Training loss on iteration 6840 = 0.02201824799358292
Training loss on iteration 6860 = 0.06935864383594889
Training loss on iteration 6880 = 0.023301076334610114
Training loss on iteration 6900 = 0.026908503079903313
Training loss on iteration 6920 = 0.03506564228737261
Training loss on iteration 6940 = 0.025598568661371245
Training loss on iteration 6960 = 0.028121812216704713
Training loss on iteration 6980 = 0.015501105656585423
Training loss on iteration 7000 = 0.02688076972572162
Training loss on iteration 7020 = 0.03214023426011181
Training loss on iteration 7040 = 0.022524839596735548
Training loss on iteration 7060 = 0.0041812090765233735
Training loss on iteration 7080 = 0.013401474794591195
Training loss on iteration 7100 = 0.01845612801698735
Training loss on iteration 7120 = 0.01602215364036965
Training loss on iteration 7140 = 0.03139442477790908
Training loss on iteration 7160 = 0.022965228014254536
Training loss on iteration 7180 = 0.007016788699638709
Training loss on iteration 7200 = 0.04597519078067762
Training loss on iteration 7220 = 0.025219842515798518
Training loss on iteration 7240 = 0.01937961125804577
Training loss on iteration 7260 = 0.034507691386352235
Training loss on iteration 7280 = 0.014443532584846253
Training loss on iteration 7300 = 0.03873849006740784
Training loss on iteration 7320 = 0.07417511401581578
Training loss on iteration 7340 = 0.037030830467119816
Training loss on iteration 7360 = 0.032994769414654
Training loss on iteration 7380 = 0.03190350011573173
Training loss on iteration 7400 = 0.03323049083701335
Training loss on iteration 7420 = 0.02483163721335586
Training loss on iteration 7440 = 0.02701579592685448
Training loss on iteration 7460 = 0.02524829583635437
Training loss on iteration 7480 = 0.010529088026305543
### EVAL:: Epoch 6:: Loss = 0.016353638584579937 :: ACC = 0.9950393111194309, AUC = 0.9999592721215892, EER = 0.002620741295394983
Training on epoch 7
Training loss on iteration 0 = 0.00035986403236165643
Training loss on iteration 20 = 0.015052445148194237
Training loss on iteration 40 = 0.02831842227597008
Training loss on iteration 60 = 0.0074912758548634885
Training loss on iteration 80 = 0.008085872776882752
Training loss on iteration 100 = 0.0032627531539674236
Training loss on iteration 120 = 0.009124458776727806
Training loss on iteration 140 = 0.02112339213731502
Training loss on iteration 160 = 0.001124820757240741
Training loss on iteration 180 = 0.01676581129090664
Training loss on iteration 200 = 0.0076774186500074395
Training loss on iteration 220 = 0.021144718886483817
Training loss on iteration 240 = 0.0693264104141548
Training loss on iteration 260 = 0.05074310433874416
Training loss on iteration 280 = 0.02447237150845467
Training loss on iteration 300 = 0.012976325789350086
Training loss on iteration 320 = 0.05218929909424332
Training loss on iteration 340 = 0.04170411077866447
Training loss on iteration 360 = 0.026184209439088592
Training loss on iteration 380 = 0.013012361244182102
Training loss on iteration 400 = 0.015373445445584366
Training loss on iteration 420 = 0.03144091710273642
Training loss on iteration 440 = 0.02791461837477982
Training loss on iteration 460 = 0.0088482368037603
Training loss on iteration 480 = 0.011848411523169488
Training loss on iteration 500 = 0.03380027079147112
Training loss on iteration 520 = 0.05495470633977675
Training loss on iteration 540 = 0.10287820438970811
Training loss on iteration 560 = 0.03814156122389249
Training loss on iteration 580 = 0.007731131437321892
Training loss on iteration 600 = 0.04464652644601301
Training loss on iteration 620 = 0.01197154558612965
Training loss on iteration 640 = 0.016156966429844034
Training loss on iteration 660 = 0.0327287646541663
Training loss on iteration 680 = 0.026205765266786328
Training loss on iteration 700 = 0.010014129796036286
Training loss on iteration 720 = 0.07483590629781248
Training loss on iteration 740 = 0.027217708685202523
Training loss on iteration 760 = 0.01992950813873904
Training loss on iteration 780 = 0.02451841431320645
Training loss on iteration 800 = 0.041715039315749894
Training loss on iteration 820 = 0.022398792860349202
Training loss on iteration 840 = 0.021049859310369356
Training loss on iteration 860 = 0.07026290269204764
Training loss on iteration 880 = 0.049723516077938255
Training loss on iteration 900 = 0.03824387432541698
Training loss on iteration 920 = 0.01195860441584955
Training loss on iteration 940 = 0.01380507431058504
Training loss on iteration 960 = 0.03792480658776185
Training loss on iteration 980 = 0.015365738232139848
Training loss on iteration 1000 = 0.012950574222486466
Training loss on iteration 1020 = 0.011975526663445635
Training loss on iteration 1040 = 0.017475476690378855
Training loss on iteration 1060 = 0.07503336541485624
Training loss on iteration 1080 = 0.03328880759363528
Training loss on iteration 1100 = 0.007676497366628609
Training loss on iteration 1120 = 0.00893868567654863
Training loss on iteration 1140 = 0.018042945421620972
Training loss on iteration 1160 = 0.009287247836618917
Training loss on iteration 1180 = 0.0058600171314537874
Training loss on iteration 1200 = 0.012273018279620374
Training loss on iteration 1220 = 0.02862005950337334
Training loss on iteration 1240 = 0.0030373838775631158
Training loss on iteration 1260 = 0.030783498942037114
Training loss on iteration 1280 = 0.047412539141078014
Training loss on iteration 1300 = 0.025161087175365537
Training loss on iteration 1320 = 0.032342132154735734
Training loss on iteration 1340 = 0.008563430786125537
Training loss on iteration 1360 = 0.06633619045314845
Training loss on iteration 1380 = 0.006460718628113682
Training loss on iteration 1400 = 0.04504615795067366
Training loss on iteration 1420 = 0.020789775560842827
Training loss on iteration 1440 = 0.035118488921943934
Training loss on iteration 1460 = 0.01686737342097331
Training loss on iteration 1480 = 0.01256425678739106
Training loss on iteration 1500 = 0.02014089428189436
Training loss on iteration 1520 = 0.009120167699984449
Training loss on iteration 1540 = 0.0024945873753495105
Training loss on iteration 1560 = 0.005893300908314814
Training loss on iteration 1580 = 0.07314217104976706
Training loss on iteration 1600 = 0.014905550883486284
Training loss on iteration 1620 = 0.014301707741924474
Training loss on iteration 1640 = 0.011568141417956212
Training loss on iteration 1660 = 0.05807555317260267
Training loss on iteration 1680 = 0.019394129366264678
Training loss on iteration 1700 = 0.01541368041653186
Training loss on iteration 1720 = 0.010800745658889355
Training loss on iteration 1740 = 0.018735408736392855
Training loss on iteration 1760 = 0.023619538582715906
Training loss on iteration 1780 = 0.02339843931870291
Training loss on iteration 1800 = 0.02243756389743794
Training loss on iteration 1820 = 0.0361114136838296
Training loss on iteration 1840 = 0.003217802892322652
Training loss on iteration 1860 = 0.026448541036188544
Training loss on iteration 1880 = 0.020691799764244935
Training loss on iteration 1900 = 0.031471446612158616
Training loss on iteration 1920 = 0.08249373013604781
Training loss on iteration 1940 = 0.04147302338678856
Training loss on iteration 1960 = 0.00680931377937668
Training loss on iteration 1980 = 0.021350142087612767
Training loss on iteration 2000 = 0.05619685313577065
Training loss on iteration 2020 = 0.013663854109472596
Training loss on iteration 2040 = 0.008243729543028166
Training loss on iteration 2060 = 0.012903349316457025
Training loss on iteration 2080 = 0.003770588448696799
Training loss on iteration 2100 = 0.03169347146904329
Training loss on iteration 2120 = 0.01854965985403396
Training loss on iteration 2140 = 0.01952627127611777
Training loss on iteration 2160 = 0.003519536686644642
Training loss on iteration 2180 = 0.06661948057262634
Training loss on iteration 2200 = 0.030839875205492716
Training loss on iteration 2220 = 0.04382346436541411
Training loss on iteration 2240 = 0.012487229602993467
Training loss on iteration 2260 = 0.01423733253395767
Training loss on iteration 2280 = 0.02446467492591182
Training loss on iteration 2300 = 0.023140713325847172
Training loss on iteration 2320 = 0.02639544462872436
Training loss on iteration 2340 = 0.013191419363101886
Training loss on iteration 2360 = 0.006485599244297191
Training loss on iteration 2380 = 0.02866036354589596
Training loss on iteration 2400 = 0.001191644817845372
Training loss on iteration 2420 = 0.024660043814128584
Training loss on iteration 2440 = 0.05923426971203298
Training loss on iteration 2460 = 0.03909448292361049
Training loss on iteration 2480 = 0.013286852544842987
Training loss on iteration 2500 = 0.011443669093205244
Training loss on iteration 2520 = 0.0564120072624064
Training loss on iteration 2540 = 0.009817880726041039
Training loss on iteration 2560 = 0.018646528625686186
Training loss on iteration 2580 = 0.011780059226293816
Training loss on iteration 2600 = 0.002607343605222923
Training loss on iteration 2620 = 0.037472375407242
Training loss on iteration 2640 = 0.05800091715937015
Training loss on iteration 2660 = 0.05463279340910958
Training loss on iteration 2680 = 0.029474513587774708
Training loss on iteration 2700 = 0.0619510104355868
Training loss on iteration 2720 = 0.015431824466213584
Training loss on iteration 2740 = 0.005372323859774042
Training loss on iteration 2760 = 0.05315625393632217
Training loss on iteration 2780 = 0.0036898264253977684
Training loss on iteration 2800 = 0.02642677004187135
Training loss on iteration 2820 = 0.011491114613454556
Training loss on iteration 2840 = 0.0069273045046429615
Training loss on iteration 2860 = 0.004743213519759593
Training loss on iteration 2880 = 0.004716379944784421
Training loss on iteration 2900 = 0.0329123678425276
Training loss on iteration 2920 = 0.01815680377003446
Training loss on iteration 2940 = 0.07002057209720078
Training loss on iteration 2960 = 0.06170183546782937
Training loss on iteration 2980 = 0.0174496142717544
Training loss on iteration 3000 = 0.010475279682214022
Training loss on iteration 3020 = 0.023966057371580973
Training loss on iteration 3040 = 0.02332058699321351
Training loss on iteration 3060 = 0.02665116835032677
Training loss on iteration 3080 = 0.002192953780468088
Training loss on iteration 3100 = 0.0401836422357519
Training loss on iteration 3120 = 0.01717485099361511
Training loss on iteration 3140 = 0.043636318240896796
Training loss on iteration 3160 = 0.028206356515875088
Training loss on iteration 3180 = 0.00842956680135103
Training loss on iteration 3200 = 0.04027433716109954
Training loss on iteration 3220 = 0.02385254781911499
Training loss on iteration 3240 = 0.011656956283513865
Training loss on iteration 3260 = 0.01459115752386424
Training loss on iteration 3280 = 0.02641589875347563
Training loss on iteration 3300 = 0.04230572949436464
Training loss on iteration 3320 = 0.02706329114953405
Training loss on iteration 3340 = 0.0030220197171729525
Training loss on iteration 3360 = 0.019086596036504488
Training loss on iteration 3380 = 0.034293504741799555
Training loss on iteration 3400 = 0.012750376591429812
Training loss on iteration 3420 = 0.0185456124949269
Training loss on iteration 3440 = 0.08539542019570945
Training loss on iteration 3460 = 0.02920345697493758
Training loss on iteration 3480 = 0.03262860629474744
Training loss on iteration 3500 = 0.03710198549670167
Training loss on iteration 3520 = 0.03632393082880299
Training loss on iteration 3540 = 0.0048606630174617745
Training loss on iteration 3560 = 0.005313776479306398
Training loss on iteration 3580 = 0.010146950583111903
Training loss on iteration 3600 = 0.02293324460351869
Training loss on iteration 3620 = 0.02427088001422817
Training loss on iteration 3640 = 0.010539077598150471
Training loss on iteration 3660 = 0.04778474230624852
Training loss on iteration 3680 = 0.013106102437359369
Training loss on iteration 3700 = 0.020877904663211665
Training loss on iteration 3720 = 0.033448485019835064
Training loss on iteration 3740 = 0.012791870032924636
Training loss on iteration 3760 = 0.004549401803478759
Training loss on iteration 3780 = 0.004710639916993387
Training loss on iteration 3800 = 0.002534478868756196
Training loss on iteration 3820 = 0.03973185962837249
Training loss on iteration 3840 = 0.07173736304384874
Training loss on iteration 3860 = 0.02516340270231012
Training loss on iteration 3880 = 0.018269111571862597
Training loss on iteration 3900 = 0.020182309378651554
Training loss on iteration 3920 = 0.011623463240539422
Training loss on iteration 3940 = 0.00462761301532737
Training loss on iteration 3960 = 0.008033530095599418
Training loss on iteration 3980 = 0.009044950764837268
Training loss on iteration 4000 = 0.04940053238933615
Training loss on iteration 4020 = 0.014478789441636764
Training loss on iteration 4040 = 0.021286908019192197
Training loss on iteration 4060 = 0.025029717703000644
Training loss on iteration 4080 = 0.031050747482368024
Training loss on iteration 4100 = 0.06020563217407471
Training loss on iteration 4120 = 0.018651130056241527
Training loss on iteration 4140 = 0.03918235539313173
Training loss on iteration 4160 = 0.016101723159954416
Training loss on iteration 4180 = 0.009283969764328503
Training loss on iteration 4200 = 0.013022981577341853
Training loss on iteration 4220 = 0.013155334922703332
Training loss on iteration 4240 = 0.005796124739936204
Training loss on iteration 4260 = 0.00444497983689871
Training loss on iteration 4280 = 0.0014118521551608864
Training loss on iteration 4300 = 0.018630138614025783
Training loss on iteration 4320 = 0.0030116775933493045
Training loss on iteration 4340 = 0.004739613096683115
Training loss on iteration 4360 = 0.005107062346246494
Training loss on iteration 4380 = 0.021568355255806183
Training loss on iteration 4400 = 0.03929140188482734
Training loss on iteration 4420 = 0.004989609200811174
Training loss on iteration 4440 = 0.031220759233633544
Training loss on iteration 4460 = 0.029041180328476912
Training loss on iteration 4480 = 0.015001210772243211
Training loss on iteration 4500 = 0.004709268546184831
Training loss on iteration 4520 = 0.00650288427717669
Training loss on iteration 4540 = 0.044491140078207536
Training loss on iteration 4560 = 0.03291264016752393
Training loss on iteration 4580 = 0.015881084556531276
Training loss on iteration 4600 = 0.010333566753251944
Training loss on iteration 4620 = 0.012826500079972903
Training loss on iteration 4640 = 0.005229153464642877
Training loss on iteration 4660 = 0.005354252517918212
Training loss on iteration 4680 = 0.009680619258278966
Training loss on iteration 4700 = 0.03390814267409041
Training loss on iteration 4720 = 0.004306166522928834
Training loss on iteration 4740 = 0.01851406666555704
Training loss on iteration 4760 = 0.012084828548540826
Training loss on iteration 4780 = 0.0631856188228312
Training loss on iteration 4800 = 0.05884101721667321
Training loss on iteration 4820 = 0.03130184633191675
Training loss on iteration 4840 = 0.02202930058556376
Training loss on iteration 4860 = 0.010232586739221006
Training loss on iteration 4880 = 0.03137938577638124
Training loss on iteration 4900 = 0.09825011062639533
Training loss on iteration 4920 = 0.01668181770655792
Training loss on iteration 4940 = 0.01234765345325286
Training loss on iteration 4960 = 0.013755775849676865
Training loss on iteration 4980 = 0.04765430673942319
Training loss on iteration 5000 = 0.008877025140100159
Training loss on iteration 5020 = 0.013845267198121292
Training loss on iteration 5040 = 0.018739296036801533
Training loss on iteration 5060 = 0.0277458149764243
Training loss on iteration 5080 = 0.047216642364946895
Training loss on iteration 5100 = 0.003392044700740371
Training loss on iteration 5120 = 0.008114182196732145
Training loss on iteration 5140 = 0.009896286340335791
Training loss on iteration 5160 = 0.009429771806662757
Training loss on iteration 5180 = 0.04897441636239819
Training loss on iteration 5200 = 0.02565033252340072
Training loss on iteration 5220 = 0.05233329176116967
Training loss on iteration 5240 = 0.015592669711259078
Training loss on iteration 5260 = 0.02777083650980785
Training loss on iteration 5280 = 0.011326252892104094
Training loss on iteration 5300 = 0.0417108175881367
Training loss on iteration 5320 = 0.05518800242944053
Training loss on iteration 5340 = 0.03767188507481478
Training loss on iteration 5360 = 0.010900438993121497
Training loss on iteration 5380 = 0.049564992732484825
Training loss on iteration 5400 = 0.021670269889727933
Training loss on iteration 5420 = 0.011392445120327466
Training loss on iteration 5440 = 0.016582899175409692
Training loss on iteration 5460 = 0.024186387689951516
Training loss on iteration 5480 = 0.01002780808157695
Training loss on iteration 5500 = 0.003958617654370755
Training loss on iteration 5520 = 0.01740711008424114
Training loss on iteration 5540 = 0.0014568569431048673
Training loss on iteration 5560 = 0.05878168614290189
Training loss on iteration 5580 = 0.09177658128246549
Training loss on iteration 5600 = 0.03664256859628949
Training loss on iteration 5620 = 0.014933137744083069
Training loss on iteration 5640 = 0.010670836806821172
Training loss on iteration 5660 = 0.012410954988081358
Training loss on iteration 5680 = 0.03382477037375793
Training loss on iteration 5700 = 0.035147759196661355
Training loss on iteration 5720 = 0.03733366203814512
Training loss on iteration 5740 = 0.01622355251092813
Training loss on iteration 5760 = 0.024206000718913857
Training loss on iteration 5780 = 0.014133582217255025
Training loss on iteration 5800 = 0.021353566645302635
Training loss on iteration 5820 = 0.040062146303534975
Training loss on iteration 5840 = 0.03206509226001799
Training loss on iteration 5860 = 0.012116472154593794
Training loss on iteration 5880 = 0.012585108693565416
Training loss on iteration 5900 = 0.027787154147881667
Training loss on iteration 5920 = 0.018402792293636595
Training loss on iteration 5940 = 0.011346462553774472
Training loss on iteration 5960 = 0.012393557149880507
Training loss on iteration 5980 = 0.043712403127619835
Training loss on iteration 6000 = 0.010227699538791057
Training loss on iteration 6020 = 0.010105761806585178
Training loss on iteration 6040 = 0.010516954193690253
Training loss on iteration 6060 = 0.03248505289020613
Training loss on iteration 6080 = 0.022735222381379573
Training loss on iteration 6100 = 0.053858391588801166
Training loss on iteration 6120 = 0.012903942119010026
Training loss on iteration 6140 = 0.02233357284676458
Training loss on iteration 6160 = 0.011112271091042203
Training loss on iteration 6180 = 0.037620115196205006
Training loss on iteration 6200 = 0.02583456040447345
Training loss on iteration 6220 = 0.011485432405788743
Training loss on iteration 6240 = 0.039051734021632
Training loss on iteration 6260 = 0.007734020649149897
Training loss on iteration 6280 = 0.006476182630285621
Training loss on iteration 6300 = 0.04248533048721583
Training loss on iteration 6320 = 0.009029234834088129
Training loss on iteration 6340 = 0.004162716115388321
Training loss on iteration 6360 = 0.008627997815710841
Training loss on iteration 6380 = 0.019639355182425787
Training loss on iteration 6400 = 0.030478559249968385
Training loss on iteration 6420 = 0.029261893639522897
Training loss on iteration 6440 = 0.015773501243984356
Training loss on iteration 6460 = 0.002830259658549039
Training loss on iteration 6480 = 0.004484612983515035
Training loss on iteration 6500 = 0.029339155338584534
Training loss on iteration 6520 = 0.03413159599926985
Training loss on iteration 6540 = 0.020370496352916233
Training loss on iteration 6560 = 0.030887464532452214
Training loss on iteration 6580 = 0.02542608934772943
Training loss on iteration 6600 = 0.02280779842149059
Training loss on iteration 6620 = 0.028466191623374472
Training loss on iteration 6640 = 0.0061096545081454675
Training loss on iteration 6660 = 0.029192852085907363
Training loss on iteration 6680 = 0.010152783557714429
Training loss on iteration 6700 = 0.007671489424319588
Training loss on iteration 6720 = 0.0023080095766999874
Training loss on iteration 6740 = 0.004875798245120677
Training loss on iteration 6760 = 0.059369943663932646
Training loss on iteration 6780 = 0.011584198469063268
Training loss on iteration 6800 = 0.003913885793554073
Training loss on iteration 6820 = 0.06968532454120577
Training loss on iteration 6840 = 0.019759365019854157
Training loss on iteration 6860 = 0.020260578423039986
Training loss on iteration 6880 = 0.01152974844299024
Training loss on iteration 6900 = 0.039972743618636744
Training loss on iteration 6920 = 0.019565601257636445
Training loss on iteration 6940 = 0.014801797206018819
Training loss on iteration 6960 = 0.020991440209036226
Training loss on iteration 6980 = 0.017962708937920978
Training loss on iteration 7000 = 0.016370497546631668
Training loss on iteration 7020 = 0.013301856149792003
Training loss on iteration 7040 = 0.03779839924871453
Training loss on iteration 7060 = 0.015144026071084227
Training loss on iteration 7080 = 0.005159771093167365
Training loss on iteration 7100 = 0.025686003256305413
Training loss on iteration 7120 = 0.02636647943409116
Training loss on iteration 7140 = 0.014573656693482918
Training loss on iteration 7160 = 0.009977030865866255
Training loss on iteration 7180 = 0.003361016152848606
Training loss on iteration 7200 = 0.0374757070579335
Training loss on iteration 7220 = 0.013708751472222502
Training loss on iteration 7240 = 0.026856518518252416
Training loss on iteration 7260 = 0.04535887126985472
Training loss on iteration 7280 = 0.004515985316902516
Training loss on iteration 7300 = 0.004230405329508358
Training loss on iteration 7320 = 0.0040172319808334574
Training loss on iteration 7340 = 0.009782638640581353
Training loss on iteration 7360 = 0.0038977037736003693
Training loss on iteration 7380 = 0.007348502864533657
Training loss on iteration 7400 = 0.0014096725040076308
Training loss on iteration 7420 = 0.002513033563843692
Training loss on iteration 7440 = 0.0031619525267956305
Training loss on iteration 7460 = 0.0539503349223196
Training loss on iteration 7480 = 0.01659809043931091
### EVAL:: Epoch 7:: Loss = 0.01850298953819323 :: ACC = 0.9934949457132161, AUC = 0.9999672442380345, EER = 0.0027143391988019468
Training on epoch 8
Training loss on iteration 0 = 0.00017062977713067085
Training loss on iteration 20 = 0.06464293604585691
Training loss on iteration 40 = 0.04833442469389411
Training loss on iteration 60 = 0.04587832871475257
Training loss on iteration 80 = 0.022765744786011056
Training loss on iteration 100 = 0.016552184496686096
Training loss on iteration 120 = 0.009250483783398522
Training loss on iteration 140 = 0.02411909427446517
Training loss on iteration 160 = 0.03346934074397723
Training loss on iteration 180 = 0.07304336177912774
Training loss on iteration 200 = 0.05448179471713956
Training loss on iteration 220 = 0.018377593140758108
Training loss on iteration 240 = 0.019631091733754148
Training loss on iteration 260 = 0.027918172131467144
Training loss on iteration 280 = 0.012406440251652384
Training loss on iteration 300 = 0.02362723835540237
Training loss on iteration 320 = 0.01858497943467228
Training loss on iteration 340 = 0.023148180051066447
Training loss on iteration 360 = 0.02608484832890099
Training loss on iteration 380 = 0.0018548321405432943
Training loss on iteration 400 = 0.0019910798159344266
Training loss on iteration 420 = 0.002192148130575333
Training loss on iteration 440 = 0.01306918923808098
Training loss on iteration 460 = 0.011370504926435387
Training loss on iteration 480 = 0.014140109628351638
Training loss on iteration 500 = 0.03357245181568942
Training loss on iteration 520 = 0.07344343219738221
Training loss on iteration 540 = 0.04282189297809964
Training loss on iteration 560 = 0.03804589236387983
Training loss on iteration 580 = 0.02996964175545145
Training loss on iteration 600 = 0.011054187735135201
Training loss on iteration 620 = 0.014116912866847997
Training loss on iteration 640 = 0.020820013513457525
Training loss on iteration 660 = 0.006790072511648759
Training loss on iteration 680 = 0.004141023834927182
Training loss on iteration 700 = 0.034619788489044366
Training loss on iteration 720 = 0.01380271272482787
Training loss on iteration 740 = 0.022063617813364543
Training loss on iteration 760 = 0.02392707981125568
Training loss on iteration 780 = 0.00487110104486419
Training loss on iteration 800 = 0.005167017244593808
Training loss on iteration 820 = 0.021350970974344817
Training loss on iteration 840 = 0.01085874235650408
Training loss on iteration 860 = 0.034917346623478805
Training loss on iteration 880 = 0.03701537257056771
Training loss on iteration 900 = 0.01036764893651707
Training loss on iteration 920 = 0.005619991590720019
Training loss on iteration 940 = 0.005403978202502912
Training loss on iteration 960 = 0.011399862632606528
Training loss on iteration 980 = 0.002889589613732824
Training loss on iteration 1000 = 0.04146871754637686
Training loss on iteration 1020 = 0.05648918837105157
Training loss on iteration 1040 = 0.012861870531924068
Training loss on iteration 1060 = 0.010272381549657438
Training loss on iteration 1080 = 0.02093406876424524
Training loss on iteration 1100 = 0.008141621453796688
Training loss on iteration 1120 = 0.004034730727698843
Training loss on iteration 1140 = 0.08046887416535356
Training loss on iteration 1160 = 0.02121090665095835
Training loss on iteration 1180 = 0.06509279238025556
Training loss on iteration 1200 = 0.01755079993090476
Training loss on iteration 1220 = 0.016723576811273233
Training loss on iteration 1240 = 0.03043620637981803
Training loss on iteration 1260 = 0.04160485769862134
Training loss on iteration 1280 = 0.01599910537188407
Training loss on iteration 1300 = 0.0116927001359727
Training loss on iteration 1320 = 0.0027643556311886643
Training loss on iteration 1340 = 0.0153054850735316
Training loss on iteration 1360 = 0.024077626964935917
Training loss on iteration 1380 = 0.03229431559011573
Training loss on iteration 1400 = 0.011160358786946744
Training loss on iteration 1420 = 0.011763310881292455
Training loss on iteration 1440 = 0.025722096022298045
Training loss on iteration 1460 = 0.0415764496767224
Training loss on iteration 1480 = 0.03117963556142058
Training loss on iteration 1500 = 0.037181908231286795
Training loss on iteration 1520 = 0.0031462353905226336
Training loss on iteration 1540 = 0.028832138443249278
Training loss on iteration 1560 = 0.027120695253142913
Training loss on iteration 1580 = 0.005570177785557462
Training loss on iteration 1600 = 0.06256069601076888
Training loss on iteration 1620 = 0.018202935889712536
Training loss on iteration 1640 = 0.027129818122921277
Training loss on iteration 1660 = 0.012331288561836119
Training loss on iteration 1680 = 0.0033742320043529616
Training loss on iteration 1700 = 0.021530203994598197
Training loss on iteration 1720 = 0.0036367561409861083
Training loss on iteration 1740 = 0.019197059954149154
Training loss on iteration 1760 = 0.00713674395065027
Training loss on iteration 1780 = 0.018089521783576857
Training loss on iteration 1800 = 0.008867097536676739
Training loss on iteration 1820 = 0.018530976901820394
Training loss on iteration 1840 = 0.00262162117301159
Training loss on iteration 1860 = 0.010767204977719302
Training loss on iteration 1880 = 0.053356108593652606
Training loss on iteration 1900 = 0.02178477170773476
Training loss on iteration 1920 = 0.015544563030380232
Training loss on iteration 1940 = 0.017668473970297784
Training loss on iteration 1960 = 0.007084181769869247
Training loss on iteration 1980 = 0.008730537969131546
Training loss on iteration 2000 = 0.024886967449299392
Training loss on iteration 2020 = 0.013127754527340585
Training loss on iteration 2040 = 0.006360335168892561
Training loss on iteration 2060 = 0.014215703269110236
Training loss on iteration 2080 = 0.017698529033350497
Training loss on iteration 2100 = 0.010258315410874274
Training loss on iteration 2120 = 0.04953368201818194
Training loss on iteration 2140 = 0.019473042206664105
Training loss on iteration 2160 = 0.02077077331905457
Training loss on iteration 2180 = 0.031818659759983346
Training loss on iteration 2200 = 0.09499087020303705
Training loss on iteration 2220 = 0.03349144680469181
Training loss on iteration 2240 = 0.006739703638777428
Training loss on iteration 2260 = 0.04499629813290085
Training loss on iteration 2280 = 0.006990549294278026
Training loss on iteration 2300 = 0.027030950049993407
Training loss on iteration 2320 = 0.013598234906248763
Training loss on iteration 2340 = 0.0278382953279106
Training loss on iteration 2360 = 0.04399954536875157
Training loss on iteration 2380 = 0.015860888744828116
Training loss on iteration 2400 = 0.015452782088686945
Training loss on iteration 2420 = 0.01031525306043477
Training loss on iteration 2440 = 0.0163659122010813
Training loss on iteration 2460 = 0.0282073986497835
Training loss on iteration 2480 = 0.0076698029812178
Training loss on iteration 2500 = 0.040677971045442976
Training loss on iteration 2520 = 0.03436396230790706
Training loss on iteration 2540 = 0.045951227975820075
Training loss on iteration 2560 = 0.04312972549232654
Training loss on iteration 2580 = 0.011668764373462181
Training loss on iteration 2600 = 0.03139612417653552
Training loss on iteration 2620 = 0.008721435600091355
Training loss on iteration 2640 = 0.018223423189192546
Training loss on iteration 2660 = 0.021986422553891317
Training loss on iteration 2680 = 0.025307245653675637
Training loss on iteration 2700 = 0.046041831514776276
Training loss on iteration 2720 = 0.03076104680149001
Training loss on iteration 2740 = 0.03707043896210962
Training loss on iteration 2760 = 0.01833441242997651
Training loss on iteration 2780 = 0.004277483666373883
Training loss on iteration 2800 = 0.06761690680250468
Training loss on iteration 2820 = 0.047116054491198156
Training loss on iteration 2840 = 0.023056336848821957
Training loss on iteration 2860 = 0.023508591044810602
Training loss on iteration 2880 = 0.015844623369775945
Training loss on iteration 2900 = 0.004257322165358346
Training loss on iteration 2920 = 0.005707167361470056
Training loss on iteration 2940 = 0.009497167135305063
Training loss on iteration 2960 = 0.00693219977829358
Training loss on iteration 2980 = 0.028184557720851443
Training loss on iteration 3000 = 0.001948995047587232
Training loss on iteration 3020 = 0.023768533376187406
Training loss on iteration 3040 = 0.010721853389259194
Training loss on iteration 3060 = 0.005002675566356629
Training loss on iteration 3080 = 0.003336475019750651
Training loss on iteration 3100 = 0.04885129027425137
Training loss on iteration 3120 = 0.019475268485985
Training loss on iteration 3140 = 0.010482781214159331
Training loss on iteration 3160 = 0.0408216270909179
Training loss on iteration 3180 = 0.018307031777658266
Training loss on iteration 3200 = 0.020655087884370003
Training loss on iteration 3220 = 0.014221998025459471
Training loss on iteration 3240 = 0.023985833418555556
Training loss on iteration 3260 = 0.02350465966301272
Training loss on iteration 3280 = 0.02735732864775855
Training loss on iteration 3300 = 0.008909326570574194
Training loss on iteration 3320 = 0.0025079980110604082
Training loss on iteration 3340 = 0.05470361116240383
Training loss on iteration 3360 = 0.007913180788091268
Training loss on iteration 3380 = 0.01393468146379746
Training loss on iteration 3400 = 0.051888996706475156
Training loss on iteration 3420 = 0.023884200843167492
Training loss on iteration 3440 = 0.04163393480703235
Training loss on iteration 3460 = 0.019508750497334405
Training loss on iteration 3480 = 0.01432873934827512
Training loss on iteration 3500 = 0.02766880220042367
Training loss on iteration 3520 = 0.008110759425653669
Training loss on iteration 3540 = 0.03438743650440301
Training loss on iteration 3560 = 0.032634889967448545
Training loss on iteration 3580 = 0.01578787841281155
Training loss on iteration 3600 = 0.020346059240000613
Training loss on iteration 3620 = 0.019240287026332226
Training loss on iteration 3640 = 0.007985853874924943
Training loss on iteration 3660 = 0.038813283847412096
Training loss on iteration 3680 = 0.001993051552926772
Training loss on iteration 3700 = 0.006221246411496395
Training loss on iteration 3720 = 0.00904444079737914
Training loss on iteration 3740 = 0.03365197857510793
Training loss on iteration 3760 = 0.01741962658097691
Training loss on iteration 3780 = 0.033198542606987756
Training loss on iteration 3800 = 0.006431185546352936
Training loss on iteration 3820 = 0.02158856444693811
Training loss on iteration 3840 = 0.02410317111898621
Training loss on iteration 3860 = 0.015449982565041865
Training loss on iteration 3880 = 0.01578879171920562
Training loss on iteration 3900 = 0.013612427072507672
Training loss on iteration 3920 = 0.017008401774910455
Training loss on iteration 3940 = 0.03142898654750752
Training loss on iteration 3960 = 0.01213788409963854
Training loss on iteration 3980 = 0.004260863966192119
Training loss on iteration 4000 = 0.019685704430639817
Training loss on iteration 4020 = 0.004098074417129283
Training loss on iteration 4040 = 0.06704484421861708
Training loss on iteration 4060 = 0.08163766096986365
Training loss on iteration 4080 = 0.05798459370271303
Training loss on iteration 4100 = 0.03846555403579259
Training loss on iteration 4120 = 0.007914788886409951
Training loss on iteration 4140 = 0.0049847487840452235
Training loss on iteration 4160 = 0.013342852604182553
Training loss on iteration 4180 = 0.050104150135302915
Training loss on iteration 4200 = 0.023329457330692093
Training loss on iteration 4220 = 0.05282527330564335
Training loss on iteration 4240 = 0.0567207516884082
Training loss on iteration 4260 = 0.054901678848546
Training loss on iteration 4280 = 0.011116356249840465
Training loss on iteration 4300 = 0.006106765806907788
Training loss on iteration 4320 = 0.03029535692257923
Training loss on iteration 4340 = 0.07383373385528103
Training loss on iteration 4360 = 0.01048008573197876
Training loss on iteration 4380 = 0.007945830341122928
Training loss on iteration 4400 = 0.003994701653209631
Training loss on iteration 4420 = 0.025958272702700923
Training loss on iteration 4440 = 0.043640962570316334
Training loss on iteration 4460 = 0.02908737233665306
Training loss on iteration 4480 = 0.03952080642629881
Training loss on iteration 4500 = 0.012731908848218154
Training loss on iteration 4520 = 0.016824131739122096
Training loss on iteration 4540 = 0.003101840748604445
Training loss on iteration 4560 = 0.004938620075836298
Training loss on iteration 4580 = 0.015309929443174043
Training loss on iteration 4600 = 0.022024920209150877
Training loss on iteration 4620 = 0.03828800405281072
Training loss on iteration 4640 = 0.026647701783440426
Training loss on iteration 4660 = 0.040228901345653864
Training loss on iteration 4680 = 0.08416062388205318
Training loss on iteration 4700 = 0.056815188963446416
Training loss on iteration 4720 = 0.05448176652353141
Training loss on iteration 4740 = 0.10410589183156845
Training loss on iteration 4760 = 0.04651701343827881
Training loss on iteration 4780 = 0.03296242100695963
Training loss on iteration 4800 = 0.03505878289579414
Training loss on iteration 4820 = 0.006317016834509559
Training loss on iteration 4840 = 0.03805646934742981
Training loss on iteration 4860 = 0.025407237953913864
Training loss on iteration 4880 = 0.013571209787551197
Training loss on iteration 4900 = 0.05831052471985458
Training loss on iteration 4920 = 0.029529983275278938
Training loss on iteration 4940 = 0.008942332386504858
Training loss on iteration 4960 = 0.017813357765044203
Training loss on iteration 4980 = 0.06638297971439897
Training loss on iteration 5000 = 0.052167281095171346
Training loss on iteration 5020 = 0.013529558153823017
Training loss on iteration 5040 = 0.04463629415840842
Training loss on iteration 5060 = 0.02186606737814145
Training loss on iteration 5080 = 0.05751956571766641
Training loss on iteration 5100 = 0.04603859233029652
Training loss on iteration 5120 = 0.008286630397196858
Training loss on iteration 5140 = 0.03958607268286869
Training loss on iteration 5160 = 0.00716401599420351
Training loss on iteration 5180 = 0.03332906083960552
Training loss on iteration 5200 = 0.004305110064160544
Training loss on iteration 5220 = 0.025875218967485125
Training loss on iteration 5240 = 0.015956591299618593
Training loss on iteration 5260 = 0.009170958110189531
Training loss on iteration 5280 = 0.0033263447177887427
Training loss on iteration 5300 = 0.004649430160861811
Training loss on iteration 5320 = 0.006449979222088587
Training loss on iteration 5340 = 0.020331767680181655
Training loss on iteration 5360 = 0.01962660453391436
Training loss on iteration 5380 = 0.015468802418763517
Training loss on iteration 5400 = 0.026532539423715206
Training loss on iteration 5420 = 0.008638270709343487
Training loss on iteration 5440 = 0.017971747810952364
Training loss on iteration 5460 = 0.035438655603502414
Training loss on iteration 5480 = 0.04965796376854996
Training loss on iteration 5500 = 0.05241121119906893
Training loss on iteration 5520 = 0.01575938008609228
Training loss on iteration 5540 = 0.017153621955367272
Training loss on iteration 5560 = 0.004640260474116076
Training loss on iteration 5580 = 0.05227803022862645
Training loss on iteration 5600 = 0.012070568610943156
Training loss on iteration 5620 = 0.04329620307980804
Training loss on iteration 5640 = 0.01818839489133097
Training loss on iteration 5660 = 0.02225430448597763
Training loss on iteration 5680 = 0.007123634249001043
Training loss on iteration 5700 = 0.007292467899969779
Training loss on iteration 5720 = 0.01930118286436482
Training loss on iteration 5740 = 0.005058194159209961
Training loss on iteration 5760 = 0.068802510752721
Training loss on iteration 5780 = 0.012699878147395793
Training loss on iteration 5800 = 0.056935830661677754
Training loss on iteration 5820 = 0.007623979965137551
Training loss on iteration 5840 = 0.0389329167390315
Training loss on iteration 5860 = 0.04972375374782132
Training loss on iteration 5880 = 0.024041518663580064
Training loss on iteration 5900 = 0.04122646324103698
Training loss on iteration 5920 = 0.004368998247446143
Training loss on iteration 5940 = 0.030126026849393382
Training loss on iteration 5960 = 0.023864114435127703
Training loss on iteration 5980 = 0.009851842787065834
Training loss on iteration 6000 = 0.04831694678096028
Training loss on iteration 6020 = 0.007376273535192013
Training loss on iteration 6040 = 0.020953708727029154
Training loss on iteration 6060 = 0.011690794689639007
Training loss on iteration 6080 = 0.00559977736820656
Training loss on iteration 6100 = 0.02855697240156587
Training loss on iteration 6120 = 0.008338016739980959
Training loss on iteration 6140 = 0.015378376524404302
Training loss on iteration 6160 = 0.025333860851606004
Training loss on iteration 6180 = 0.00510225305364429
Training loss on iteration 6200 = 0.0005151873095883275
Training loss on iteration 6220 = 0.03795181250945916
Training loss on iteration 6240 = 0.024520899552135232
Training loss on iteration 6260 = 0.03919450291905378
Training loss on iteration 6280 = 0.03679868528924999
Training loss on iteration 6300 = 0.031196201578495675
Training loss on iteration 6320 = 0.017251490851049312
Training loss on iteration 6340 = 0.026802133199817037
Training loss on iteration 6360 = 0.008205134015952353
Training loss on iteration 6380 = 0.038289460350642915
Training loss on iteration 6400 = 0.03248600079823518
Training loss on iteration 6420 = 0.011501548856176668
Training loss on iteration 6440 = 0.0047640965363825675
Training loss on iteration 6460 = 0.054725364860496485
Training loss on iteration 6480 = 0.030010513855086175
Training loss on iteration 6500 = 0.021982863135053776
Training loss on iteration 6520 = 0.014670002431375905
Training loss on iteration 6540 = 0.02477249251678586
Training loss on iteration 6560 = 0.004338859571726061
Training loss on iteration 6580 = 0.04359451966247434
Training loss on iteration 6600 = 0.013426749796781223
Training loss on iteration 6620 = 0.03938257124882512
Training loss on iteration 6640 = 0.0030872955154336522
Training loss on iteration 6660 = 0.062460549671232005
Training loss on iteration 6680 = 0.0206708564190194
Training loss on iteration 6700 = 0.01906210705565172
Training loss on iteration 6720 = 0.014090040757400857
Training loss on iteration 6740 = 0.04638047366315732
Training loss on iteration 6760 = 0.028426551941083743
Training loss on iteration 6780 = 0.02447291748940188
Training loss on iteration 6800 = 0.023710057678908925
Training loss on iteration 6820 = 0.009561822836258217
Training loss on iteration 6840 = 0.025259209115756676
Training loss on iteration 6860 = 0.004644547601310478
Training loss on iteration 6880 = 0.015607145502872299
Training loss on iteration 6900 = 0.025953522249983506
Training loss on iteration 6920 = 0.006186493147106375
Training loss on iteration 6940 = 0.004332578120738617
Training loss on iteration 6960 = 0.01639832375512924
Training loss on iteration 6980 = 0.004572347727207671
Training loss on iteration 7000 = 0.036061290360248674
Training loss on iteration 7020 = 0.02446734894620022
Training loss on iteration 7040 = 0.049219829882804336
Training loss on iteration 7060 = 0.009499683928152081
Training loss on iteration 7080 = 0.015349792565393728
Training loss on iteration 7100 = 0.032498179494359646
Training loss on iteration 7120 = 0.0053286083451894225
Training loss on iteration 7140 = 0.013832766172663468
Training loss on iteration 7160 = 0.0179504169651409
Training loss on iteration 7180 = 0.05790116703246895
Training loss on iteration 7200 = 0.014390077779171406
Training loss on iteration 7220 = 0.048178227568860164
Training loss on iteration 7240 = 0.04006388850975782
Training loss on iteration 7260 = 0.044734142065863125
Training loss on iteration 7280 = 0.03145280692260712
Training loss on iteration 7300 = 0.044999231133260764
Training loss on iteration 7320 = 0.03712307506793877
Training loss on iteration 7340 = 0.010829733914579264
Training loss on iteration 7360 = 0.009468012267097948
Training loss on iteration 7380 = 0.02066589495120752
Training loss on iteration 7400 = 0.027988932835251036
Training loss on iteration 7420 = 0.06393456427013007
Training loss on iteration 7440 = 0.01810987756762188
Training loss on iteration 7460 = 0.038717756152618674
Training loss on iteration 7480 = 0.006818038165511098
### EVAL:: Epoch 8:: Loss = 0.009540921866362758 :: ACC = 0.9967708723324598, AUC = 0.9999600255303963, EER = 0.003275926619243729
Training on epoch 9
Training loss on iteration 0 = 0.007899886928498745
Training loss on iteration 20 = 0.0076943764055613425
Training loss on iteration 40 = 0.03912763670014101
Training loss on iteration 60 = 0.03956427695666207
Training loss on iteration 80 = 0.02752170649036998
Training loss on iteration 100 = 0.06863242729450576
Training loss on iteration 120 = 0.01820381397556048
Training loss on iteration 140 = 0.049630953022278844
Training loss on iteration 160 = 0.032869270916853564
Training loss on iteration 180 = 0.03838909834594233
Training loss on iteration 200 = 0.09507770108466503
Training loss on iteration 220 = 0.014492729370249435
Training loss on iteration 240 = 0.043145682828617284
Training loss on iteration 260 = 0.01368126509769354
Training loss on iteration 280 = 0.06398830354955862
Training loss on iteration 300 = 0.010604114014495281
Training loss on iteration 320 = 0.027561031613731756
Training loss on iteration 340 = 0.01243053924481501
Training loss on iteration 360 = 0.02098105886925623
Training loss on iteration 380 = 0.0225919985494329
Training loss on iteration 400 = 0.032959567333455196
Training loss on iteration 420 = 0.011212048260495067
Training loss on iteration 440 = 0.02015083959704498
Training loss on iteration 460 = 0.02403913809221194
Training loss on iteration 480 = 0.022239112374882096
Training loss on iteration 500 = 0.04854259566964174
Training loss on iteration 520 = 0.028287643201474567
Training loss on iteration 540 = 0.006689145685231779
Training loss on iteration 560 = 0.027008311879035317
Training loss on iteration 580 = 0.02245145967171993
Training loss on iteration 600 = 0.020164426318660843
Training loss on iteration 620 = 0.030898564470408018
Training loss on iteration 640 = 0.06230674464459298
Training loss on iteration 660 = 0.029836427992268
Training loss on iteration 680 = 0.09790480508818292
Training loss on iteration 700 = 0.05292129456065595
Training loss on iteration 720 = 0.03487714314833283
Training loss on iteration 740 = 0.03063498673727736
Training loss on iteration 760 = 0.029832861172326374
Training loss on iteration 780 = 0.016026452182995855
Training loss on iteration 800 = 0.014221501672000158
Training loss on iteration 820 = 0.028477120029492653
Training loss on iteration 840 = 0.022315367968258216
Training loss on iteration 860 = 0.013343789528516937
Training loss on iteration 880 = 0.03257021900299151
Training loss on iteration 900 = 0.041278009227244186
Training loss on iteration 920 = 0.0349577034561662
Training loss on iteration 940 = 0.016288196537061594
Training loss on iteration 960 = 0.007535199595258746
Training loss on iteration 980 = 0.029889413724413318
Training loss on iteration 1000 = 0.010446574493107619
Training loss on iteration 1020 = 0.02191122395452112
Training loss on iteration 1040 = 0.05038866726281412
Training loss on iteration 1060 = 0.038872015770175496
Training loss on iteration 1080 = 0.038088614785738176
Training loss on iteration 1100 = 0.004686718344601104
Training loss on iteration 1120 = 0.009436740340606774
Training loss on iteration 1140 = 0.052243053094571223
Training loss on iteration 1160 = 0.01880530852940865
Training loss on iteration 1180 = 0.03572023155284114
Training loss on iteration 1200 = 0.02075346262427047
Training loss on iteration 1220 = 0.024166091263032284
Training loss on iteration 1240 = 0.002379262931208359
Training loss on iteration 1260 = 0.038712781891808844
Training loss on iteration 1280 = 0.04349053284677211
Training loss on iteration 1300 = 0.007724504568614066
Training loss on iteration 1320 = 0.0617036190284125
Training loss on iteration 1340 = 0.0673456036922289
Training loss on iteration 1360 = 0.05251686837582383
Training loss on iteration 1380 = 0.030938388776849023
Training loss on iteration 1400 = 0.007299480873916764
Training loss on iteration 1420 = 0.012422605252504581
Training loss on iteration 1440 = 0.010932135151233525
Training loss on iteration 1460 = 0.012963379247594276
Training loss on iteration 1480 = 0.02231770235375734
Training loss on iteration 1500 = 0.03173994244807545
Training loss on iteration 1520 = 0.031407062259677335
Training loss on iteration 1540 = 0.02522929212618692
Training loss on iteration 1560 = 0.01695036189405528
Training loss on iteration 1580 = 0.03833606455300469
Training loss on iteration 1600 = 0.018120859699592984
Training loss on iteration 1620 = 0.0036173568383674136
Training loss on iteration 1640 = 0.013022953578001761
Training loss on iteration 1660 = 0.004224701729435764
Training loss on iteration 1680 = 0.014361984690185636
Training loss on iteration 1700 = 0.010935026365405064
Training loss on iteration 1720 = 0.03575972214857757
Training loss on iteration 1740 = 0.002238792482603458
Training loss on iteration 1760 = 0.016473467241576147
Training loss on iteration 1780 = 0.0893555444177764
Training loss on iteration 1800 = 0.00773161844626884
Training loss on iteration 1820 = 0.055560784715635234
Training loss on iteration 1840 = 0.008657916467927861
Training loss on iteration 1860 = 0.002317829366438673
Training loss on iteration 1880 = 0.022416490674368107
Training loss on iteration 1900 = 0.03530523308509146
Training loss on iteration 1920 = 0.029602292551862773
Training loss on iteration 1940 = 0.005079889294029272
Training loss on iteration 1960 = 0.005400524331344058
Training loss on iteration 1980 = 0.009200853031325095
Training loss on iteration 2000 = 0.028487957221659598
Training loss on iteration 2020 = 0.014138994962559081
Training loss on iteration 2040 = 0.018070409010033473
Training loss on iteration 2060 = 0.0352190093453828
Training loss on iteration 2080 = 0.04095621517626569
Training loss on iteration 2100 = 0.02902222627890296
Training loss on iteration 2120 = 0.041089282273605934
Training loss on iteration 2140 = 0.015865750951707013
Training loss on iteration 2160 = 0.00512176025804365
Training loss on iteration 2180 = 0.02127387907112279
Training loss on iteration 2200 = 0.003970061480686127
Training loss on iteration 2220 = 0.01208883389363109
Training loss on iteration 2240 = 0.026653828730752595
Training loss on iteration 2260 = 0.009059988178591993
Training loss on iteration 2280 = 0.06311235004536683
Training loss on iteration 2300 = 0.03500146371479786
Training loss on iteration 2320 = 0.05103205022896873
Training loss on iteration 2340 = 0.036964146867103406
Training loss on iteration 2360 = 0.030416915575187886
Training loss on iteration 2380 = 0.008817321395326871
Training loss on iteration 2400 = 0.058168781727727034
Training loss on iteration 2420 = 0.047407948653562924
Training loss on iteration 2440 = 0.022953074774704874
Training loss on iteration 2460 = 0.012754902047890936
Training loss on iteration 2480 = 0.06162100173824001
Training loss on iteration 2500 = 0.025519742515461984
Training loss on iteration 2520 = 0.019498942210702808
Training loss on iteration 2540 = 0.011877998449926963
Training loss on iteration 2560 = 0.011793409572419478
Training loss on iteration 2580 = 0.002631036081947968
Training loss on iteration 2600 = 0.00856037349781218
Training loss on iteration 2620 = 0.01975540817895762
Training loss on iteration 2640 = 0.016017114524947827
Training loss on iteration 2660 = 0.03426222436419266
Training loss on iteration 2680 = 0.03956189803648158
Training loss on iteration 2700 = 0.0027897648789803496
Training loss on iteration 2720 = 0.005642875214471132
Training loss on iteration 2740 = 0.020860186581376183
Training loss on iteration 2760 = 0.004332383258224581
Training loss on iteration 2780 = 0.0740447204735574
Training loss on iteration 2800 = 0.03173991675357683
Training loss on iteration 2820 = 0.028167546225085972
Training loss on iteration 2840 = 0.012698120373170241
Training loss on iteration 2860 = 0.014499941983490316
Training loss on iteration 2880 = 0.004143497804398067
Training loss on iteration 2900 = 0.027961283501281287
Training loss on iteration 2920 = 0.031419387496271156
Training loss on iteration 2940 = 0.051637451578699256
Training loss on iteration 2960 = 0.008699980156598031
Training loss on iteration 2980 = 0.012440969938324997
Training loss on iteration 3000 = 0.005239208782859351
Training loss on iteration 3020 = 0.056558713171125416
Training loss on iteration 3040 = 0.010773895897636976
Training loss on iteration 3060 = 0.023623309931645055
Training loss on iteration 3080 = 0.02115539652568259
Training loss on iteration 3100 = 0.031159768335510308
Training loss on iteration 3120 = 0.023013204550261436
Training loss on iteration 3140 = 0.06437132445862517
Training loss on iteration 3160 = 0.050748989239218646
Training loss on iteration 3180 = 0.013271624808839987
Training loss on iteration 3200 = 0.012595860367582645
Training loss on iteration 3220 = 0.015932783162861598
Training loss on iteration 3240 = 0.0044424024479667425
Training loss on iteration 3260 = 0.01531211091169098
Training loss on iteration 3280 = 0.0006210370328517456
Training loss on iteration 3300 = 0.03065014778950399
Training loss on iteration 3320 = 0.006955604974564267
Training loss on iteration 3340 = 0.020546548439597245
Training loss on iteration 3360 = 0.005565653909889079
Training loss on iteration 3380 = 0.019652888767996046
Training loss on iteration 3400 = 0.004879041327876621
Training loss on iteration 3420 = 0.02130717678955989
Training loss on iteration 3440 = 0.009742559059952782
Training loss on iteration 3460 = 0.035530762760527065
Training loss on iteration 3480 = 0.0029118504843609117
Training loss on iteration 3500 = 0.0019627650475285917
Training loss on iteration 3520 = 0.014958780720417054
Training loss on iteration 3540 = 0.019651578644288747
Training loss on iteration 3560 = 0.010846396773922606
Training loss on iteration 3580 = 0.05762052224722538
Training loss on iteration 3600 = 0.055863871548717726
Training loss on iteration 3620 = 0.009852873162890319
Training loss on iteration 3640 = 0.006578915731734014
Training loss on iteration 3660 = 0.01015474295418244
Training loss on iteration 3680 = 0.009656350338786979
Training loss on iteration 3700 = 0.011110741652964861
Training loss on iteration 3720 = 0.04865892381230878
Training loss on iteration 3740 = 0.021919332436664263
Training loss on iteration 3760 = 0.031625627273751886
Training loss on iteration 3780 = 0.024340017180657016
Training loss on iteration 3800 = 0.009359058287009248
Training loss on iteration 3820 = 0.030646700739362133
Training loss on iteration 3840 = 0.02368146575972787
Training loss on iteration 3860 = 0.023653229902447493
Training loss on iteration 3880 = 0.018109310264117086
Training loss on iteration 3900 = 0.01933092007166124
Training loss on iteration 3920 = 0.041652294149025694
Training loss on iteration 3940 = 0.0034403869615744044
Training loss on iteration 3960 = 0.005005079924922029
Training loss on iteration 3980 = 0.008949821432543104
Training loss on iteration 4000 = 0.011582703623207635
Training loss on iteration 4020 = 0.02068300402179375
Training loss on iteration 4040 = 0.011077011712586682
Training loss on iteration 4060 = 0.005868764861952513
Training loss on iteration 4080 = 0.01939272767422153
Training loss on iteration 4100 = 0.010688409496788153
Training loss on iteration 4120 = 0.007144122035333567
Training loss on iteration 4140 = 0.0070405008791794895
Training loss on iteration 4160 = 0.021696519154511408
Training loss on iteration 4180 = 0.027063519042030748
Training loss on iteration 4200 = 0.02721359753777506
Training loss on iteration 4220 = 0.011531026045122416
Training loss on iteration 4240 = 0.028509420267801032
Training loss on iteration 4260 = 0.05690459660872875
Training loss on iteration 4280 = 0.05259258735750336
Training loss on iteration 4300 = 0.024925048137083648
Training loss on iteration 4320 = 0.03079054943373194
Training loss on iteration 4340 = 0.018362834281288088
Training loss on iteration 4360 = 0.002004493589629419
Training loss on iteration 4380 = 0.016199451902321017
Training loss on iteration 4400 = 0.015229909364052219
Training loss on iteration 4420 = 0.019750027986265194
Training loss on iteration 4440 = 0.006727019010213553
Training loss on iteration 4460 = 0.006897725875569449
Training loss on iteration 4480 = 0.006888275019082357
Training loss on iteration 4500 = 0.004538085850481366
Training loss on iteration 4520 = 0.009234452358759882
Training loss on iteration 4540 = 0.002985007826839592
Training loss on iteration 4560 = 0.00033464772602656014
Training loss on iteration 4580 = 0.035502723345894084
Training loss on iteration 4600 = 0.0046055456893327575
Training loss on iteration 4620 = 0.05583641389208083
Training loss on iteration 4640 = 0.011189039694727398
Training loss on iteration 4660 = 0.008807486439582134
Training loss on iteration 4680 = 0.04112464422128141
Training loss on iteration 4700 = 0.014567279080074514
Training loss on iteration 4720 = 0.001487935147179087
Training loss on iteration 4740 = 0.007197388668646454
Training loss on iteration 4760 = 0.003441585252585355
Training loss on iteration 4780 = 0.05153470573222876
Training loss on iteration 4800 = 0.011693991051288322
Training loss on iteration 4820 = 0.021148947208894243
Training loss on iteration 4840 = 0.019292945204142598
Training loss on iteration 4860 = 0.03337992615197436
Training loss on iteration 4880 = 0.005486803098028759
Training loss on iteration 4900 = 0.013734355567430611
Training loss on iteration 4920 = 0.03521598294792057
Training loss on iteration 4940 = 0.06335058205622772
Training loss on iteration 4960 = 0.026322674921539148
Training loss on iteration 4980 = 0.012791138202010189
Training loss on iteration 5000 = 0.022408419581188353
Training loss on iteration 5020 = 0.011290736264345468
Training loss on iteration 5040 = 0.0343102715225541
Training loss on iteration 5060 = 0.06936347104274318
Training loss on iteration 5080 = 0.04281053341692313
Training loss on iteration 5100 = 0.03116687025903957
Training loss on iteration 5120 = 0.013311094784876331
Training loss on iteration 5140 = 0.004304864836012712
Training loss on iteration 5160 = 0.030277034196114983
Training loss on iteration 5180 = 0.025749963508496877
Training loss on iteration 5200 = 0.022910061256152404
Training loss on iteration 5220 = 0.01775496441696305
Training loss on iteration 5240 = 0.0222407209505036
Training loss on iteration 5260 = 0.056655963554658226
Training loss on iteration 5280 = 0.012165857322543161
Training loss on iteration 5300 = 0.03384555218144669
Training loss on iteration 5320 = 0.01301705625055547
Training loss on iteration 5340 = 0.030810055683684823
Training loss on iteration 5360 = 0.035505117912998686
Training loss on iteration 5380 = 0.060253005156846486
Training loss on iteration 5400 = 0.011655790917575359
Training loss on iteration 5420 = 0.004050591544000781
Training loss on iteration 5440 = 0.0067168715326261005
Training loss on iteration 5460 = 0.02261724075706297
Training loss on iteration 5480 = 0.014344854204682633
Training loss on iteration 5500 = 0.0777120150916744
Training loss on iteration 5520 = 0.02024214605917223
Training loss on iteration 5540 = 0.04876516779186204
Training loss on iteration 5560 = 0.013649364519369555
Training loss on iteration 5580 = 0.007884205819573253
Training loss on iteration 5600 = 0.010461195642710664
Training loss on iteration 5620 = 0.00861172343356884
Training loss on iteration 5640 = 0.010756419613244361
Training loss on iteration 5660 = 0.005277164231665665
Training loss on iteration 5680 = 0.0017125554962603927
Training loss on iteration 5700 = 0.047207364395035256
Training loss on iteration 5720 = 0.036624577044131
Training loss on iteration 5740 = 0.0032251099386485294
Training loss on iteration 5760 = 0.062256266058102486
Training loss on iteration 5780 = 0.052626852278626755
Training loss on iteration 5800 = 0.016082693487987854
Training loss on iteration 5820 = 0.01129364457592601
Training loss on iteration 5840 = 0.02066892860966618
Training loss on iteration 5860 = 0.07996907535343781
Training loss on iteration 5880 = 0.029343134388909675
Training loss on iteration 5900 = 0.013257465584320016
Training loss on iteration 5920 = 0.02538777486370236
Training loss on iteration 5940 = 0.014390785036084708
Training loss on iteration 5960 = 0.028870349783392157
Training loss on iteration 5980 = 0.020011982652067672
Training loss on iteration 6000 = 0.014534828776231735
Training loss on iteration 6020 = 0.019938913044461513
Training loss on iteration 6040 = 0.024374018600792625
Training loss on iteration 6060 = 0.04301449706836138
Training loss on iteration 6080 = 0.006780620852077845
Training loss on iteration 6100 = 0.007772612170811044
Training loss on iteration 6120 = 0.007895249891771528
Training loss on iteration 6140 = 0.015467788130808912
Training loss on iteration 6160 = 0.017397364130374626
Training loss on iteration 6180 = 0.01182728600288101
Training loss on iteration 6200 = 0.012188995135329606
Training loss on iteration 6220 = 0.000755785260525954
Training loss on iteration 6240 = 0.027403127469528953
Training loss on iteration 6260 = 0.011890591825613228
Training loss on iteration 6280 = 0.0022423225488637398
Training loss on iteration 6300 = 0.0037413677926451784
Training loss on iteration 6320 = 0.032899007796049776
Training loss on iteration 6340 = 0.05924368847117876
Training loss on iteration 6360 = 0.012631511521612992
Training loss on iteration 6380 = 0.03371951209001054
Training loss on iteration 6400 = 0.030429522936901775
Training loss on iteration 6420 = 0.02572507659206167
Training loss on iteration 6440 = 0.01147414653969463
Training loss on iteration 6460 = 0.006980857862072298
Training loss on iteration 6480 = 0.017688773519694223
Training loss on iteration 6500 = 0.01209939955479058
Training loss on iteration 6520 = 0.045494338886419426
Training loss on iteration 6540 = 0.007035495026684657
Training loss on iteration 6560 = 0.03598314872360788
Training loss on iteration 6580 = 0.008548453686671564
Training loss on iteration 6600 = 0.0021740619367847103
Training loss on iteration 6620 = 0.007769731274129299
Training loss on iteration 6640 = 0.015244613799859507
Training loss on iteration 6660 = 0.036309272687140036
Training loss on iteration 6680 = 0.037202534227253635
Training loss on iteration 6700 = 0.00661460673691181
Training loss on iteration 6720 = 0.014797338717835373
Training loss on iteration 6740 = 0.020077035306348988
Training loss on iteration 6760 = 0.006551875762761483
Training loss on iteration 6780 = 0.028958313911789445
Training loss on iteration 6800 = 0.04915576610640073
Training loss on iteration 6820 = 0.030278609508968657
Training loss on iteration 6840 = 0.010810844795923914
Training loss on iteration 6860 = 0.020343160618358523
Training loss on iteration 6880 = 0.04344370474955213
Training loss on iteration 6900 = 0.0190371027323863
Training loss on iteration 6920 = 0.05016901199123822
Training loss on iteration 6940 = 0.012780303572799311
Training loss on iteration 6960 = 0.01703820350849128
Training loss on iteration 6980 = 0.02032014580181567
Training loss on iteration 7000 = 0.016651140840758673
Training loss on iteration 7020 = 0.004575519199124756
Training loss on iteration 7040 = 0.009987594644280761
Training loss on iteration 7060 = 0.021992578786284866
Training loss on iteration 7080 = 0.01632717139145825
Training loss on iteration 7100 = 0.011064601543603203
Training loss on iteration 7120 = 0.01547832470175763
Training loss on iteration 7140 = 0.05440701478091796
Training loss on iteration 7160 = 0.02445616864861222
Training loss on iteration 7180 = 0.05173046285599412
Training loss on iteration 7200 = 0.05010243172437186
Training loss on iteration 7220 = 0.04197888285852969
Training loss on iteration 7240 = 0.05022390475205611
Training loss on iteration 7260 = 0.0207952087308513
Training loss on iteration 7280 = 0.023516547134204303
Training loss on iteration 7300 = 0.0051831969452905465
Training loss on iteration 7320 = 0.015962270387171885
Training loss on iteration 7340 = 0.0511615626683124
Training loss on iteration 7360 = 0.04221020927325299
Training loss on iteration 7380 = 0.02804319887291058
Training loss on iteration 7400 = 0.020146480188714122
Training loss on iteration 7420 = 0.0020358499827125343
Training loss on iteration 7440 = 0.010227899080382486
Training loss on iteration 7460 = 0.01148945098520926
Training loss on iteration 7480 = 0.004667938320835674
### EVAL:: Epoch 9:: Loss = 0.01488341720422092 :: ACC = 0.9948053163609135, AUC = 0.9999659827163113, EER = 0.0025271433919880197
Training on epoch 10
Training loss on iteration 0 = 0.0029222748707979918
Training loss on iteration 20 = 0.011339121385253748
Training loss on iteration 40 = 0.032273717746465994
Training loss on iteration 60 = 0.06523345508212515
Training loss on iteration 80 = 0.004972980066668242
Training loss on iteration 100 = 0.040067668809206224
Training loss on iteration 120 = 0.024701953069597948
Training loss on iteration 140 = 0.017961711044881666
Training loss on iteration 160 = 0.015782394900998042
Training loss on iteration 180 = 0.053872271259024274
Training loss on iteration 200 = 0.019599575010579427
Training loss on iteration 220 = 0.01363847454849747
Training loss on iteration 240 = 0.006659216331536299
Training loss on iteration 260 = 0.010134031171855896
Training loss on iteration 280 = 0.014356554098412744
Training loss on iteration 300 = 0.0010776959390568664
Training loss on iteration 320 = 0.023775245277283828
Training loss on iteration 340 = 0.010895854540649452
Training loss on iteration 360 = 0.003071618963053879
Training loss on iteration 380 = 0.009752671195610674
Training loss on iteration 400 = 0.007942657371768292
Training loss on iteration 420 = 0.041032061940586576
Training loss on iteration 440 = 0.019360156696711782
Training loss on iteration 460 = 0.048336738620491815
Training loss on iteration 480 = 0.06710841979402175
Training loss on iteration 500 = 0.02299835506128147
Training loss on iteration 520 = 0.013022572897898498
Training loss on iteration 540 = 0.00537666285817977
Training loss on iteration 560 = 0.028616769194195514
Training loss on iteration 580 = 0.007432764242184931
Training loss on iteration 600 = 0.004499548045964729
Training loss on iteration 620 = 0.034027184836281775
Training loss on iteration 640 = 0.012550698292579909
Training loss on iteration 660 = 0.005998890221303554
Training loss on iteration 680 = 0.034204327555517014
Training loss on iteration 700 = 0.06164035346519085
Training loss on iteration 720 = 0.017931114292878192
Training loss on iteration 740 = 0.016502988418505993
Training loss on iteration 760 = 0.012958039779186947
Training loss on iteration 780 = 0.011003055586115806
Training loss on iteration 800 = 0.021699654207986897
Training loss on iteration 820 = 0.03595505910634529
Training loss on iteration 840 = 0.01509704664349556
Training loss on iteration 860 = 0.011576765776408138
Training loss on iteration 880 = 0.01367366003250936
Training loss on iteration 900 = 0.007288015646190615
Training loss on iteration 920 = 0.08684598657746392
Training loss on iteration 940 = 0.016689262422733008
Training loss on iteration 960 = 0.02958677739734412
Training loss on iteration 980 = 0.014792985500389478
Training loss on iteration 1000 = 0.010447509451478255
Training loss on iteration 1020 = 0.0034484219409932847
Training loss on iteration 1040 = 0.003686840163209126
Training loss on iteration 1060 = 0.01123117091592576
Training loss on iteration 1080 = 0.03702443981637771
Training loss on iteration 1100 = 0.030063058014275158
Training loss on iteration 1120 = 0.02575843279118999
Training loss on iteration 1140 = 0.01276602974976413
Training loss on iteration 1160 = 0.02783289778162725
Training loss on iteration 1180 = 0.023783988200011662
Training loss on iteration 1200 = 0.007687587797408924
Training loss on iteration 1220 = 0.002578735491624684
Training loss on iteration 1240 = 0.04400379412543316
Training loss on iteration 1260 = 0.039540218523598014
Training loss on iteration 1280 = 0.05013973597269796
Training loss on iteration 1300 = 0.0034915147956780857
Training loss on iteration 1320 = 0.022634681767522126
Training loss on iteration 1340 = 0.01331549741953495
Training loss on iteration 1360 = 0.028424338106560754
Training loss on iteration 1380 = 0.010095416242256761
Training loss on iteration 1400 = 0.0017552069350131206
Training loss on iteration 1420 = 0.016409802884118106
Training loss on iteration 1440 = 0.00596649266044551
Training loss on iteration 1460 = 0.014560948610778723
Training loss on iteration 1480 = 0.03954347705421242
Training loss on iteration 1500 = 0.03251561704601045
Training loss on iteration 1520 = 0.024715672113688924
Training loss on iteration 1540 = 0.005445998259892804
Training loss on iteration 1560 = 0.028911763257929123
Training loss on iteration 1580 = 0.004027238091657637
Training loss on iteration 1600 = 0.005058274724160583
Training loss on iteration 1620 = 0.031870843139131466
Training loss on iteration 1640 = 0.010877529756362492
Training loss on iteration 1660 = 0.025561356655452984
Training loss on iteration 1680 = 0.03542382491723402
Training loss on iteration 1700 = 0.003371346151379839
Training loss on iteration 1720 = 0.06553079714831256
Training loss on iteration 1740 = 0.006144731140739168
Training loss on iteration 1760 = 0.009482244786340743
Training loss on iteration 1780 = 0.01884081564785447
Training loss on iteration 1800 = 0.0020670101595896993
Training loss on iteration 1820 = 0.00825022718818218
Training loss on iteration 1840 = 0.02267846697322966
Training loss on iteration 1860 = 0.023285709313677218
Training loss on iteration 1880 = 0.009691087833653
Training loss on iteration 1900 = 0.012027725085499697
Training loss on iteration 1920 = 0.02322989911563127
Training loss on iteration 1940 = 0.030690047584084824
Training loss on iteration 1960 = 0.004915908908878918
Training loss on iteration 1980 = 0.004868086426949958
Training loss on iteration 2000 = 0.03366938037315777
Training loss on iteration 2020 = 0.02940152055634826
Training loss on iteration 2040 = 0.0038150221829596374
Training loss on iteration 2060 = 0.02108611202581869
Training loss on iteration 2080 = 0.061381680491604126
Training loss on iteration 2100 = 0.013619927317631664
Training loss on iteration 2120 = 0.014230289991246536
Training loss on iteration 2140 = 0.002758027403979213
Training loss on iteration 2160 = 0.0055117189364864315
Training loss on iteration 2180 = 0.005628263716698711
Training loss on iteration 2200 = 0.0036859387342815355
Training loss on iteration 2220 = 0.021582230961445247
Training loss on iteration 2240 = 0.002612592872537789
Training loss on iteration 2260 = 0.005416319035785477
Training loss on iteration 2280 = 0.0030222296217289114
Training loss on iteration 2300 = 0.084854851633213
Training loss on iteration 2320 = 0.013553344323372584
Training loss on iteration 2340 = 0.02281469257432036
Training loss on iteration 2360 = 0.005787579261959763
Training loss on iteration 2380 = 0.01958606541539325
Training loss on iteration 2400 = 0.05814751333957702
Training loss on iteration 2420 = 0.02930243397349841
Training loss on iteration 2440 = 0.03803490285063162
Training loss on iteration 2460 = 0.017668838269310073
Training loss on iteration 2480 = 0.015349636145401746
Training loss on iteration 2500 = 0.003238193315337412
Training loss on iteration 2520 = 0.02399173566373065
Training loss on iteration 2540 = 0.016368529927740384
Training loss on iteration 2560 = 0.0015678494728490477
Training loss on iteration 2580 = 0.003616906989253721
Training loss on iteration 2600 = 0.0005025065911468118
Training loss on iteration 2620 = 0.03520428015235666
Training loss on iteration 2640 = 0.026500084008148406
Training loss on iteration 2660 = 0.014055332496991469
Training loss on iteration 2680 = 0.03921926811672165
Training loss on iteration 2700 = 0.018912611411724355
Training loss on iteration 2720 = 0.004272959471200011
Training loss on iteration 2740 = 0.005962618257035502
Training loss on iteration 2760 = 0.014267956630919797
Training loss on iteration 2780 = 0.01415624960641253
Training loss on iteration 2800 = 0.0083640967617157
Training loss on iteration 2820 = 0.01575461870792765
Training loss on iteration 2840 = 0.007217073033007182
Training loss on iteration 2860 = 0.01724507747101143
Training loss on iteration 2880 = 0.04105286381854967
Training loss on iteration 2900 = 0.0741967001105877
Training loss on iteration 2920 = 0.02246707420272287
Training loss on iteration 2940 = 0.040091654320713134
Training loss on iteration 2960 = 0.051816828119262935
Training loss on iteration 2980 = 0.011384326546249213
Training loss on iteration 3000 = 0.03243012483244456
Training loss on iteration 3020 = 0.005321582476790354
Training loss on iteration 3040 = 0.04844393146195216
Training loss on iteration 3060 = 0.04045766805065796
Training loss on iteration 3080 = 0.03319305342738517
Training loss on iteration 3100 = 0.03398712149282801
Training loss on iteration 3120 = 0.049103552559972743
Training loss on iteration 3140 = 0.025224857596913352
Training loss on iteration 3160 = 0.014897123859191197
Training loss on iteration 3180 = 0.011963234630820807
Training loss on iteration 3200 = 0.006561578500259202
Training loss on iteration 3220 = 0.009901014639672212
Training loss on iteration 3240 = 0.014904289206697285
Training loss on iteration 3260 = 0.05420144716858886
Training loss on iteration 3280 = 0.020335459179295867
Training loss on iteration 3300 = 0.05519763404809055
Training loss on iteration 3320 = 0.036853143134794666
Training loss on iteration 3340 = 0.012132995048887096
Training loss on iteration 3360 = 0.02725404201701167
Training loss on iteration 3380 = 0.004833234358011395
Training loss on iteration 3400 = 0.009934921764079263
Training loss on iteration 3420 = 0.006565517609215021
Training loss on iteration 3440 = 0.04519531445357643
Training loss on iteration 3460 = 0.011119687660720957
Training loss on iteration 3480 = 0.02659510637167841
Training loss on iteration 3500 = 0.037912329674509235
Training loss on iteration 3520 = 0.011492030772569706
Training loss on iteration 3540 = 0.013658975756334258
Training loss on iteration 3560 = 0.011758289539693578
Training loss on iteration 3580 = 0.004824188892553138
Training loss on iteration 3600 = 0.015371088792767296
Training loss on iteration 3620 = 0.014540027518114585
Training loss on iteration 3640 = 0.025077394556319632
Training loss on iteration 3660 = 0.019560080790233768
Training loss on iteration 3680 = 0.049131796428900996
Training loss on iteration 3700 = 0.02493892645215965
Training loss on iteration 3720 = 0.010571114195772679
Training loss on iteration 3740 = 0.0030739988109417028
Training loss on iteration 3760 = 0.04212409201800256
Training loss on iteration 3780 = 0.003474308250224567
Training loss on iteration 3800 = 0.010175086080562324
Training loss on iteration 3820 = 0.014854469837428042
Training loss on iteration 3840 = 0.035351756682393896
Training loss on iteration 3860 = 0.04588548860301671
Training loss on iteration 3880 = 0.009845420173951425
Training loss on iteration 3900 = 0.008250424942889367
Training loss on iteration 3920 = 0.01139052762450774
Training loss on iteration 3940 = 0.002541788227563302
Training loss on iteration 3960 = 0.013808383094146847
Training loss on iteration 3980 = 0.018204204315679817
Training loss on iteration 4000 = 0.009779228297452392
Training loss on iteration 4020 = 0.061882266541533684
Training loss on iteration 4040 = 0.07836421185202198
Training loss on iteration 4060 = 0.06287564014783129
Training loss on iteration 4080 = 0.02406892121434794
Training loss on iteration 4100 = 0.07674248382681981
Training loss on iteration 4120 = 0.02449515198750305
Training loss on iteration 4140 = 0.01581460762536153
Training loss on iteration 4160 = 0.04411571553646354
Training loss on iteration 4180 = 0.04830856323460466
Training loss on iteration 4200 = 0.016050662464112974
Training loss on iteration 4220 = 0.004804149432311533
Training loss on iteration 4240 = 0.006630940434115473
Training loss on iteration 4260 = 0.01536793127670535
Training loss on iteration 4280 = 0.04573079681576928
Training loss on iteration 4300 = 0.003139329550685943
Training loss on iteration 4320 = 0.010438386160240043
Training loss on iteration 4340 = 0.002074164533541989
Training loss on iteration 4360 = 0.046047258236649215
Training loss on iteration 4380 = 0.021553997077717213
Training loss on iteration 4400 = 0.05186537907738966
Training loss on iteration 4420 = 0.023625517191248946
Training loss on iteration 4440 = 0.053717288389452736
Training loss on iteration 4460 = 0.04872740114369663
Training loss on iteration 4480 = 0.018228287103556794
Training loss on iteration 4500 = 0.03910416076614638
Training loss on iteration 4520 = 0.02517936198564712
Training loss on iteration 4540 = 0.011447915761527839
Training loss on iteration 4560 = 0.0215620867209509
Training loss on iteration 4580 = 0.016423687959832022
Training loss on iteration 4600 = 0.01662253679915011
Training loss on iteration 4620 = 0.03561611710556463
Training loss on iteration 4640 = 0.011402919630199904
Training loss on iteration 4660 = 0.013753257797361584
Training loss on iteration 4680 = 0.0033567470674825016
Training loss on iteration 4700 = 0.004580472337329411
Training loss on iteration 4720 = 0.03932643204393571
Training loss on iteration 4740 = 0.0116179116506828
Training loss on iteration 4760 = 0.04565111551928567
Training loss on iteration 4780 = 0.0047055339680809995
Training loss on iteration 4800 = 0.022536186163051752
Training loss on iteration 4820 = 0.026160074135987088
Training loss on iteration 4840 = 0.024933421414789336
Training loss on iteration 4860 = 0.0020623395364964383
Training loss on iteration 4880 = 0.01735921626277559
Training loss on iteration 4900 = 0.0403066851067706
Training loss on iteration 4920 = 0.007251496299431892
Training loss on iteration 4940 = 0.005892700411641272
Training loss on iteration 4960 = 0.003962830842283438
Training loss on iteration 4980 = 0.02978671747077897
Training loss on iteration 5000 = 0.05643207779503427
Training loss on iteration 5020 = 0.019082607848395126
Training loss on iteration 5040 = 0.02755532717492315
Training loss on iteration 5060 = 0.018567635241197422
Training loss on iteration 5080 = 0.008054892951622605
Training loss on iteration 5100 = 0.01875641859087409
Training loss on iteration 5120 = 0.012317669790354558
Training loss on iteration 5140 = 0.026827873892762
Training loss on iteration 5160 = 0.006021024800338637
Training loss on iteration 5180 = 0.010549816544153146
Training loss on iteration 5200 = 0.011634376850815897
Training loss on iteration 5220 = 0.016703244947711936
Training loss on iteration 5240 = 0.022364106704480947
Training loss on iteration 5260 = 0.03640334169394919
Training loss on iteration 5280 = 0.027547888422122923
Training loss on iteration 5300 = 0.0069361740670046855
Training loss on iteration 5320 = 0.038998641497892096
Training loss on iteration 5340 = 0.04415014528422034
Training loss on iteration 5360 = 0.03560309615495498
Training loss on iteration 5380 = 0.01740676239860477
Training loss on iteration 5400 = 0.002726396997240954
Training loss on iteration 5420 = 0.021536374791321578
Training loss on iteration 5440 = 0.04158526796636579
Training loss on iteration 5460 = 0.008058339292983874
Training loss on iteration 5480 = 0.011518624935251864
Training loss on iteration 5500 = 0.011869016609853133
Training loss on iteration 5520 = 0.013897496271783893
Training loss on iteration 5540 = 0.005517962634439755
Training loss on iteration 5560 = 0.05953689217440115
Training loss on iteration 5580 = 0.0234624280303251
Training loss on iteration 5600 = 0.023956747115880715
Training loss on iteration 5620 = 0.007513745766482316
Training loss on iteration 5640 = 0.012796108230395476
Training loss on iteration 5660 = 0.014126569502695929
Training loss on iteration 5680 = 0.017956581613907473
Training loss on iteration 5700 = 0.02232413267774973
Training loss on iteration 5720 = 0.006027842864568811
Training loss on iteration 5740 = 0.006953760730539216
Training loss on iteration 5760 = 0.02397346612815454
Training loss on iteration 5780 = 0.002558073785621673
Training loss on iteration 5800 = 0.009690824964263812
Training loss on iteration 5820 = 0.010569592560386809
Training loss on iteration 5840 = 0.005137529920739325
Training loss on iteration 5860 = 0.03201545253032236
Training loss on iteration 5880 = 0.03669937650847714
Training loss on iteration 5900 = 0.017389324237956316
Training loss on iteration 5920 = 0.03137953659079358
Training loss on iteration 5940 = 0.013687393404688919
Training loss on iteration 5960 = 0.007226660593005363
Training loss on iteration 5980 = 0.03983664004717866
Training loss on iteration 6000 = 0.004431138092581932
Training loss on iteration 6020 = 0.006382918046529085
Training loss on iteration 6040 = 0.015764977322942287
Training loss on iteration 6060 = 0.022716455566478545
Training loss on iteration 6080 = 0.013984487921811705
Training loss on iteration 6100 = 0.026484112857247055
Training loss on iteration 6120 = 0.01632715079722402
Training loss on iteration 6140 = 0.001257096949393599
Training loss on iteration 6160 = 0.018141887305409908
Training loss on iteration 6180 = 0.003229215416831721
Training loss on iteration 6200 = 0.006423491497298528
Training loss on iteration 6220 = 0.00773881249731403
Training loss on iteration 6240 = 0.049065658414338034
Training loss on iteration 6260 = 0.031798751890528366
Training loss on iteration 6280 = 0.021771371877548518
Training loss on iteration 6300 = 0.013455234302819008
Training loss on iteration 6320 = 0.03678518900414929
Training loss on iteration 6340 = 0.0064967673235514665
Training loss on iteration 6360 = 0.030311988690664295
Training loss on iteration 6380 = 0.0014070442091906443
Training loss on iteration 6400 = 0.0031723325955681503
Training loss on iteration 6420 = 0.03197556110553705
Training loss on iteration 6440 = 0.029341792552440894
Training loss on iteration 6460 = 0.020378544801496902
Training loss on iteration 6480 = 0.010670334535097937
Training loss on iteration 6500 = 0.03422138244859525
Training loss on iteration 6520 = 0.016339668831642486
Training loss on iteration 6540 = 0.020344381313043412
Training loss on iteration 6560 = 0.0464477670902852
Training loss on iteration 6580 = 0.023253287119587185
Training loss on iteration 6600 = 0.010411261018452933
Training loss on iteration 6620 = 0.009886847157758893
Training loss on iteration 6640 = 0.023061310389675783
Training loss on iteration 6660 = 0.0038057756843045353
Training loss on iteration 6680 = 0.02012942502497026
Training loss on iteration 6700 = 0.006203046853624983
Training loss on iteration 6720 = 0.009561376483179628
Training loss on iteration 6740 = 0.029705846416527494
Training loss on iteration 6760 = 0.010270905106517602
Training loss on iteration 6780 = 0.010294844498594103
Training loss on iteration 6800 = 0.06495530544780195
Training loss on iteration 6820 = 0.02467630980681861
Training loss on iteration 6840 = 0.015378790836803092
Training loss on iteration 6860 = 0.06639076016144826
Training loss on iteration 6880 = 0.011650762864155695
Training loss on iteration 6900 = 0.017300824569247197
Training loss on iteration 6920 = 0.015638818284060108
Training loss on iteration 6940 = 0.010519548417687475
Training loss on iteration 6960 = 0.0036576048039933086
Training loss on iteration 6980 = 0.0015815188337001019
Training loss on iteration 7000 = 0.025290364176271396
Training loss on iteration 7020 = 0.02802736966714292
Training loss on iteration 7040 = 0.01576373264979338
Training loss on iteration 7060 = 0.04219068460733979
Training loss on iteration 7080 = 0.01323151427131961
Training loss on iteration 7100 = 0.021602977305883543
Training loss on iteration 7120 = 0.018162291416956577
Training loss on iteration 7140 = 0.039250521767826285
Training loss on iteration 7160 = 0.007928617078869138
Training loss on iteration 7180 = 0.027285163500346245
Training loss on iteration 7200 = 0.0024361892363231165
Training loss on iteration 7220 = 0.011892375192292092
Training loss on iteration 7240 = 0.0033192240365679027
Training loss on iteration 7260 = 0.00239460537013656
Training loss on iteration 7280 = 0.0066569627328135535
Training loss on iteration 7300 = 0.01769170874631527
Training loss on iteration 7320 = 0.037971651794941864
Training loss on iteration 7340 = 0.029423280150149368
Training loss on iteration 7360 = 0.01276240969345963
Training loss on iteration 7380 = 0.02869200148343225
Training loss on iteration 7400 = 0.010980276392729138
Training loss on iteration 7420 = 0.008722057750310342
Training loss on iteration 7440 = 0.011286287467896727
Training loss on iteration 7460 = 0.034394992375200675
Training loss on iteration 7480 = 0.02463478665849834
### EVAL:: Epoch 10:: Loss = 0.00696437335339649 :: ACC = 0.9973324597529015, AUC = 0.9999747695655361, EER = 0.0025271433919880197
Training on epoch 11
Training loss on iteration 0 = 0.00017818565538618714
Training loss on iteration 20 = 0.006704169659133186
Training loss on iteration 40 = 0.03285259636722913
Training loss on iteration 60 = 0.020564084249281224
Training loss on iteration 80 = 0.020087705380001354
Training loss on iteration 100 = 0.07395243564396878
Training loss on iteration 120 = 0.025542344761925052
Training loss on iteration 140 = 0.03750334740179824
Training loss on iteration 160 = 0.012756534264190123
Training loss on iteration 180 = 0.007549183851733687
Training loss on iteration 200 = 0.0026595216069836168
Training loss on iteration 220 = 0.014349326833325904
Training loss on iteration 240 = 0.003811251142724359
Training loss on iteration 260 = 0.03463590993314938
Training loss on iteration 280 = 0.027351105640354943
Training loss on iteration 300 = 0.020275438272801694
Training loss on iteration 320 = 0.006540779499846394
Training loss on iteration 340 = 0.0014863826418149984
Training loss on iteration 360 = 0.02912274862601407
Training loss on iteration 380 = 0.03327526929424494
Training loss on iteration 400 = 0.013024295274226461
Training loss on iteration 420 = 0.006265208117838483
Training loss on iteration 440 = 0.00598676617428282
Training loss on iteration 460 = 0.043607872424036034
Training loss on iteration 480 = 0.051929671587276974
Training loss on iteration 500 = 0.01831827770220116
Training loss on iteration 520 = 0.017613988204720953
Training loss on iteration 540 = 0.0076799456786829975
Training loss on iteration 560 = 0.0007568108261239104
Training loss on iteration 580 = 0.010246430556230734
Training loss on iteration 600 = 0.006962973252120719
Training loss on iteration 620 = 0.018929306430663928
Training loss on iteration 640 = 0.013957657406717772
Training loss on iteration 660 = 0.021809139823017177
Training loss on iteration 680 = 0.013738253003430146
Training loss on iteration 700 = 0.00859297309843896
Training loss on iteration 720 = 0.02617964484929871
Training loss on iteration 740 = 0.02384861854407063
Training loss on iteration 760 = 0.06488786196641741
Training loss on iteration 780 = 0.012145881808464765
Training loss on iteration 800 = 0.05522359771421179
Training loss on iteration 820 = 0.021097565779200522
Training loss on iteration 840 = 0.02827179196465295
Training loss on iteration 860 = 0.0457545287999892
Training loss on iteration 880 = 0.039238851831032664
Training loss on iteration 900 = 0.009751343747484497
Training loss on iteration 920 = 0.06056887506274507
Training loss on iteration 940 = 0.008400902361609041
Training loss on iteration 960 = 0.014568911367314285
Training loss on iteration 980 = 0.015468286426857958
Training loss on iteration 1000 = 0.017792964337786543
Training loss on iteration 1020 = 0.02129873105122897
Training loss on iteration 1040 = 0.030842438768013382
Training loss on iteration 1060 = 0.021997076339903287
Training loss on iteration 1080 = 0.020648740899196126
Training loss on iteration 1100 = 0.006398705719038844
Training loss on iteration 1120 = 0.00864955760198427
Training loss on iteration 1140 = 0.0012371137883746997
Training loss on iteration 1160 = 0.0031490403107113708
Training loss on iteration 1180 = 0.02050404400451953
Training loss on iteration 1200 = 0.019912041902125567
Training loss on iteration 1220 = 0.00441483246986536
Training loss on iteration 1240 = 0.003225967631306048
Training loss on iteration 1260 = 0.02340639389905732
Training loss on iteration 1280 = 0.008106261357801259
Training loss on iteration 1300 = 0.08333800489519945
Training loss on iteration 1320 = 0.03234132543211672
Training loss on iteration 1340 = 0.02410167220659787
Training loss on iteration 1360 = 0.010626626837620279
Training loss on iteration 1380 = 0.011702302850608248
Training loss on iteration 1400 = 0.008911553844518494
Training loss on iteration 1420 = 0.03304578064762609
Training loss on iteration 1440 = 0.006221793725853786
Training loss on iteration 1460 = 0.003716142265147937
Training loss on iteration 1480 = 0.01691372582629356
Training loss on iteration 1500 = 0.011116664285327715
Training loss on iteration 1520 = 0.006855974580332713
Training loss on iteration 1540 = 0.014157176601975152
Training loss on iteration 1560 = 0.02864922976435764
Training loss on iteration 1580 = 0.024716702762901832
Training loss on iteration 1600 = 0.010393559198928416
Training loss on iteration 1620 = 0.02126637774390474
Training loss on iteration 1640 = 0.010493050000650327
Training loss on iteration 1660 = 0.007119831596628501
Training loss on iteration 1680 = 0.01684874038110138
Training loss on iteration 1700 = 0.0034856926231213946
Training loss on iteration 1720 = 0.002544840578340768
Training loss on iteration 1740 = 0.02754360335665069
Training loss on iteration 1760 = 0.0038223285337153357
Training loss on iteration 1780 = 0.005324074213118024
Training loss on iteration 1800 = 0.009838602108028737
Training loss on iteration 1820 = 0.053698877189972904
Training loss on iteration 1840 = 0.019434755972906715
Training loss on iteration 1860 = 0.03474002319344436
Training loss on iteration 1880 = 0.017522569072025363
Training loss on iteration 1900 = 0.005103202797408812
Training loss on iteration 1920 = 0.03300410545925843
Training loss on iteration 1940 = 0.0237294986899542
Training loss on iteration 1960 = 0.00936344448437012
Training loss on iteration 1980 = 0.006319890809118078
Training loss on iteration 2000 = 0.038904350781376704
Training loss on iteration 2020 = 0.005022915414565432
Training loss on iteration 2040 = 0.007383600316450157
Training loss on iteration 2060 = 0.03681245928721637
Training loss on iteration 2080 = 0.03300815630791476
Training loss on iteration 2100 = 0.010850647974893945
Training loss on iteration 2120 = 0.009182000041619176
Training loss on iteration 2140 = 0.0058641942885515165
Training loss on iteration 2160 = 0.00530414671275139
Training loss on iteration 2180 = 0.006205398109250382
Training loss on iteration 2200 = 0.00798255265226544
Training loss on iteration 2220 = 0.07312748336159984
Training loss on iteration 2240 = 0.04057499544142047
Training loss on iteration 2260 = 0.011355623684357852
Training loss on iteration 2280 = 0.04268477816076484
Training loss on iteration 2300 = 0.03397224348300369
Training loss on iteration 2320 = 0.02059431794550619
Training loss on iteration 2340 = 0.03125305424473481
Training loss on iteration 2360 = 0.004787807992943272
Training loss on iteration 2380 = 0.028895904370074277
Training loss on iteration 2400 = 0.010642094308059314
Training loss on iteration 2420 = 0.035231348274101036
Training loss on iteration 2440 = 0.011268129157360817
Training loss on iteration 2460 = 0.007570574169403699
Training loss on iteration 2480 = 0.0071583814487894415
Training loss on iteration 2500 = 0.006973095837838628
Training loss on iteration 2520 = 0.027465301785241536
Training loss on iteration 2540 = 0.0056034607082438015
Training loss on iteration 2560 = 0.011450707820586103
Training loss on iteration 2580 = 0.03325414826367705
Training loss on iteration 2600 = 0.0021598641802029308
Training loss on iteration 2620 = 0.019329575283518353
Training loss on iteration 2640 = 0.018896819250403495
Training loss on iteration 2660 = 0.01969686302509217
Training loss on iteration 2680 = 0.03871589870382195
Training loss on iteration 2700 = 0.015187466586576192
Training loss on iteration 2720 = 0.004380451188990264
Training loss on iteration 2740 = 0.0033428741332500065
Training loss on iteration 2760 = 0.011167385827320686
Training loss on iteration 2780 = 0.004258089826817013
Training loss on iteration 2800 = 0.008197539752336525
Training loss on iteration 2820 = 0.03810423017676499
Training loss on iteration 2840 = 0.02653852242146968
Training loss on iteration 2860 = 0.03177268667012641
Training loss on iteration 2880 = 0.00641109910529849
Training loss on iteration 2900 = 0.01240038152973284
Training loss on iteration 2920 = 0.006137116171021262
Training loss on iteration 2940 = 0.005140235286489769
Training loss on iteration 2960 = 0.004457396847010386
Training loss on iteration 2980 = 0.014067596611744193
Training loss on iteration 3000 = 0.002669856220836664
Training loss on iteration 3020 = 0.009686579825392982
Training loss on iteration 3040 = 0.012181364214143287
Training loss on iteration 3060 = 0.007011181047266746
Training loss on iteration 3080 = 0.02331065114889057
Training loss on iteration 3100 = 0.05116348333322094
Training loss on iteration 3120 = 0.018452495035307947
Training loss on iteration 3140 = 0.005314752578578918
Training loss on iteration 3160 = 0.020172820894003962
Training loss on iteration 3180 = 0.01594051951549318
Training loss on iteration 3200 = 0.08289125286464696
Training loss on iteration 3220 = 0.027686286754033063
Training loss on iteration 3240 = 0.05118756009396748
Training loss on iteration 3260 = 0.025473202536886674
Training loss on iteration 3280 = 0.0346682533796411
Training loss on iteration 3300 = 0.024202614388923394
Training loss on iteration 3320 = 0.025713173719123007
Training loss on iteration 3340 = 0.02923866972778342
Training loss on iteration 3360 = 0.031097275039064697
Training loss on iteration 3380 = 0.009737349610804812
Training loss on iteration 3400 = 0.023987866065544948
Training loss on iteration 3420 = 0.017069810435555156
Training loss on iteration 3440 = 0.07100840736711689
Training loss on iteration 3460 = 0.03386495073209517
Training loss on iteration 3480 = 0.021892760285118128
Training loss on iteration 3500 = 0.008020710405980935
Training loss on iteration 3520 = 0.018340942456416088
Training loss on iteration 3540 = 0.03956177566269616
Training loss on iteration 3560 = 0.01694703090670373
Training loss on iteration 3580 = 0.027345332255936227
Training loss on iteration 3600 = 0.00655128284897728
Training loss on iteration 3620 = 0.005957535159905092
Training loss on iteration 3640 = 0.0016821069591060223
Training loss on iteration 3660 = 0.028009001512509714
Training loss on iteration 3680 = 0.024032906709214784
Training loss on iteration 3700 = 0.03440378653352809
Training loss on iteration 3720 = 0.043620084346912336
Training loss on iteration 3740 = 0.01813628124509705
Training loss on iteration 3760 = 0.011419229780585738
Training loss on iteration 3780 = 0.0023466040343919302
Training loss on iteration 3800 = 0.006025587482508854
Training loss on iteration 3820 = 0.015923752921662527
Training loss on iteration 3840 = 0.015610909954648377
Training loss on iteration 3860 = 0.002487557650124472
Training loss on iteration 3880 = 0.00896698158252036
Training loss on iteration 3900 = 0.03275888590499108
Training loss on iteration 3920 = 0.029098634323963778
Training loss on iteration 3940 = 0.1046720517333597
Training loss on iteration 3960 = 0.05786313547141617
Training loss on iteration 3980 = 0.035883133229799566
Training loss on iteration 4000 = 0.02323433350538835
Training loss on iteration 4020 = 0.016937343303652597
Training loss on iteration 4040 = 0.056300964675028806
Training loss on iteration 4060 = 0.03256605490096263
Training loss on iteration 4080 = 0.025510264967306285
Training loss on iteration 4100 = 0.00839087443673634
Training loss on iteration 4120 = 0.012354368850355967
Training loss on iteration 4140 = 0.0380534204583455
Training loss on iteration 4160 = 0.0183045787051924
Training loss on iteration 4180 = 0.026200806546512467
Training loss on iteration 4200 = 0.008869374959613197
Training loss on iteration 4220 = 0.016582732917231623
Training loss on iteration 4240 = 0.007264962189583457
Training loss on iteration 4260 = 0.012332016720210958
Training loss on iteration 4280 = 0.019867365191385034
Training loss on iteration 4300 = 0.007792696458636783
Training loss on iteration 4320 = 0.03643387767501736
Training loss on iteration 4340 = 0.009604781594384803
Training loss on iteration 4360 = 0.0036965102309252985
Training loss on iteration 4380 = 0.023892757160888324
Training loss on iteration 4400 = 0.0075898154625292594
Training loss on iteration 4420 = 0.05106510578945063
Training loss on iteration 4440 = 0.004042633725521228
Training loss on iteration 4460 = 0.012408205594101673
Training loss on iteration 4480 = 0.006194451503142772
Training loss on iteration 4500 = 0.014283812505800597
Training loss on iteration 4520 = 0.02232886925312414
Training loss on iteration 4540 = 0.013651312535762372
Training loss on iteration 4560 = 0.010634409852536919
Training loss on iteration 4580 = 0.05622765166390309
Training loss on iteration 4600 = 0.011985827024182072
Training loss on iteration 4620 = 0.007868206883358653
Training loss on iteration 4640 = 0.009079987534641986
Training loss on iteration 4660 = 0.014120731389448337
Training loss on iteration 4680 = 0.03303760881327662
Training loss on iteration 4700 = 0.00563337034950564
Training loss on iteration 4720 = 0.002642109024537831
Training loss on iteration 4740 = 0.011851385154500349
Training loss on iteration 4760 = 0.034263670141319834
Training loss on iteration 4780 = 0.015221540103084408
Training loss on iteration 4800 = 0.0034338971476245207
Training loss on iteration 4820 = 0.0068256726410254485
Training loss on iteration 4840 = 0.03327039771032787
Training loss on iteration 4860 = 0.03656850806091825
Training loss on iteration 4880 = 0.01401977528257703
Training loss on iteration 4900 = 0.0320889071574129
Training loss on iteration 4920 = 0.0068575449302443305
Training loss on iteration 4940 = 0.010156774439928995
Training loss on iteration 4960 = 0.008152989175414405
Training loss on iteration 4980 = 0.026805528497334308
Training loss on iteration 5000 = 0.01245619678757066
Training loss on iteration 5020 = 0.02137948951940416
Training loss on iteration 5040 = 0.051262860902352256
Training loss on iteration 5060 = 0.005162341626578382
Training loss on iteration 5080 = 0.011929314925919244
Training loss on iteration 5100 = 0.021178933613191474
Training loss on iteration 5120 = 0.009493014849795145
Training loss on iteration 5140 = 0.0055793549872760195
Training loss on iteration 5160 = 0.015138411593397905
Training loss on iteration 5180 = 0.024028868110167422
Training loss on iteration 5200 = 0.10055004376099533
Training loss on iteration 5220 = 0.057727951962442604
Training loss on iteration 5240 = 0.01895384916715557
Training loss on iteration 5260 = 0.07082357532563037
Training loss on iteration 5280 = 0.0320203134440817
Training loss on iteration 5300 = 0.014845566821168176
Training loss on iteration 5320 = 0.014267866657610285
Training loss on iteration 5340 = 0.05172268523965613
Training loss on iteration 5360 = 0.010599964831635588
Training loss on iteration 5380 = 0.0031368320691399277
Training loss on iteration 5400 = 0.009020814901236917
Training loss on iteration 5420 = 0.03465429160933127
Training loss on iteration 5440 = 0.02101044673618162
Training loss on iteration 5460 = 0.022481493275518006
Training loss on iteration 5480 = 0.03598214797948458
Training loss on iteration 5500 = 0.019187354785390198
Training loss on iteration 5520 = 0.011371998933282158
Training loss on iteration 5540 = 0.04914799569251045
Training loss on iteration 5560 = 0.016390703852084697
Training loss on iteration 5580 = 0.02320090477805934
Training loss on iteration 5600 = 0.02055534746104968
Training loss on iteration 5620 = 0.03846016437782964
Training loss on iteration 5640 = 0.015089579631967354
Training loss on iteration 5660 = 0.035344922471995235
Training loss on iteration 5680 = 0.013394381182024517
Training loss on iteration 5700 = 0.022390770088895805
Training loss on iteration 5720 = 0.012342862506966413
Training loss on iteration 5740 = 0.0041857946263917254
Training loss on iteration 5760 = 0.02670422975788824
Training loss on iteration 5780 = 0.010635365068628744
Training loss on iteration 5800 = 0.035754634506247385
Training loss on iteration 5820 = 0.017094524715503212
Training loss on iteration 5840 = 0.0041442148409259975
Training loss on iteration 5860 = 0.040990390881279384
Training loss on iteration 5880 = 0.044044728097287586
Training loss on iteration 5900 = 0.02803129653329961
Training loss on iteration 5920 = 0.0032350914596463555
Training loss on iteration 5940 = 0.019849236616573764
Training loss on iteration 5960 = 0.0298277093883371
Training loss on iteration 5980 = 0.021073547327250707
Training loss on iteration 6000 = 0.012092405256225902
Training loss on iteration 6020 = 0.018613337181432144
Training loss on iteration 6040 = 0.02802517597010592
Training loss on iteration 6060 = 0.026769731062813662
Training loss on iteration 6080 = 0.019497005992161576
Training loss on iteration 6100 = 0.01048423930478748
Training loss on iteration 6120 = 0.0019204016884941666
Training loss on iteration 6140 = 0.04811853738901846
Training loss on iteration 6160 = 0.026568021603452507
Training loss on iteration 6180 = 0.023306467021029675
Training loss on iteration 6200 = 0.01280358939711732
Training loss on iteration 6220 = 0.038083286310575205
Training loss on iteration 6240 = 0.0032800688270071985
Training loss on iteration 6260 = 0.006074531166996166
Training loss on iteration 6280 = 0.005613268934394
Training loss on iteration 6300 = 0.018267207314738697
Training loss on iteration 6320 = 0.003263927342504758
Training loss on iteration 6340 = 0.0017630024782306463
Training loss on iteration 6360 = 0.02729782311218969
Training loss on iteration 6380 = 0.04806203764019301
Training loss on iteration 6400 = 0.036984546691383
Training loss on iteration 6420 = 0.008065883943345398
Training loss on iteration 6440 = 0.0024672768216078113
Training loss on iteration 6460 = 0.008325756570468457
Training loss on iteration 6480 = 0.01780222884772229
Training loss on iteration 6500 = 0.011494769083947176
Training loss on iteration 6520 = 0.03220378928649552
Training loss on iteration 6540 = 0.049091843960877665
Training loss on iteration 6560 = 0.0075590836902847515
Training loss on iteration 6580 = 0.019138772926817184
Training loss on iteration 6600 = 0.024405098046190687
Training loss on iteration 6620 = 0.010156645058305002
Training loss on iteration 6640 = 0.03180639003912802
Training loss on iteration 6660 = 0.016810226009692997
Training loss on iteration 6680 = 0.018609174352786795
Training loss on iteration 6700 = 0.022948282110883157
Training loss on iteration 6720 = 0.024412873715482418
Training loss on iteration 6740 = 0.033877110206958605
Training loss on iteration 6760 = 0.007867078800518356
Training loss on iteration 6780 = 0.029488287504864274
Training loss on iteration 6800 = 0.02936769378677582
Training loss on iteration 6820 = 0.01817277756317708
Training loss on iteration 6840 = 0.005016801416240923
Training loss on iteration 6860 = 0.0352718460504093
Training loss on iteration 6880 = 0.026657027268083767
Training loss on iteration 6900 = 0.0019417980442085537
Training loss on iteration 6920 = 0.0023138631459914904
Training loss on iteration 6940 = 0.012255992496329781
Training loss on iteration 6960 = 0.03202785806006432
Training loss on iteration 6980 = 0.014412036354406155
Training loss on iteration 7000 = 0.01893222302896902
Training loss on iteration 7020 = 0.0032302351708494827
Training loss on iteration 7040 = 0.012122463469313515
Training loss on iteration 7060 = 0.01732483082832914
Training loss on iteration 7080 = 0.02599294754447783
Training loss on iteration 7100 = 0.013140386038321595
Training loss on iteration 7120 = 0.017697959532210917
Training loss on iteration 7140 = 0.020343826692294443
Training loss on iteration 7160 = 0.03459971435695479
Training loss on iteration 7180 = 0.03065812550994451
Training loss on iteration 7200 = 0.013335417829148355
Training loss on iteration 7220 = 0.014235727695904643
Training loss on iteration 7240 = 0.009577214645742061
Training loss on iteration 7260 = 0.009503952175862196
Training loss on iteration 7280 = 0.0016266567607658544
Training loss on iteration 7300 = 0.0028234038209070888
Training loss on iteration 7320 = 0.0031573040232345307
Training loss on iteration 7340 = 0.024702921910352414
Training loss on iteration 7360 = 0.04311553000452477
Training loss on iteration 7380 = 0.03444848227391049
Training loss on iteration 7400 = 0.020349762956539053
Training loss on iteration 7420 = 0.013660178095597076
Training loss on iteration 7440 = 0.003051137777401891
Training loss on iteration 7460 = 0.011203743297664914
Training loss on iteration 7480 = 0.02052051099135497
### EVAL:: Epoch 11:: Loss = 0.008295955488572811 :: ACC = 0.9972388618494946, AUC = 0.9999619440946836, EER = 0.0025271433919880197
Training on epoch 12
Training loss on iteration 0 = 0.00356946955434978
Training loss on iteration 20 = 0.004717778913425263
Training loss on iteration 40 = 0.034930182449124915
Training loss on iteration 60 = 0.023411342293456983
Training loss on iteration 80 = 0.005018808436443578
Training loss on iteration 100 = 0.04615252994390175
Training loss on iteration 120 = 0.009817619117166032
Training loss on iteration 140 = 0.0030958330897192356
Training loss on iteration 160 = 0.019023269807439645
Training loss on iteration 180 = 0.018746492224090618
Training loss on iteration 200 = 0.05953312646397535
Training loss on iteration 220 = 0.04874434435914736
Training loss on iteration 240 = 0.033947127836290746
Training loss on iteration 260 = 0.015407516872937777
Training loss on iteration 280 = 0.016549176357511897
Training loss on iteration 300 = 0.004076857075415319
Training loss on iteration 320 = 0.029377718643081606
Training loss on iteration 340 = 0.008667375412824186
Training loss on iteration 360 = 0.043884495924430666
Training loss on iteration 380 = 0.015531077500418178
Training loss on iteration 400 = 0.0145312653567089
Training loss on iteration 420 = 0.01788681166799506
Training loss on iteration 440 = 0.004268009479255852
Training loss on iteration 460 = 0.034417599942389646
Training loss on iteration 480 = 0.0026858176086534515
Training loss on iteration 500 = 0.002595657657366246
Training loss on iteration 520 = 0.004267574319737832
Training loss on iteration 540 = 0.0013931261517427628
Training loss on iteration 560 = 0.06625067954446422
Training loss on iteration 580 = 0.023697904192158604
Training loss on iteration 600 = 0.023933581115852576
Training loss on iteration 620 = 0.014914385360316373
Training loss on iteration 640 = 0.007252562496432802
Training loss on iteration 660 = 0.02812692388056348
Training loss on iteration 680 = 0.039291528031208146
Training loss on iteration 700 = 0.012319035721884575
Training loss on iteration 720 = 0.012769163517077686
Training loss on iteration 740 = 0.01292791381929419
Training loss on iteration 760 = 0.01207464236758824
Training loss on iteration 780 = 0.04566157762856164
Training loss on iteration 800 = 0.014266837174272951
Training loss on iteration 820 = 0.040980985985515875
Training loss on iteration 840 = 0.022755509948910912
Training loss on iteration 860 = 0.027932589064585046
Training loss on iteration 880 = 0.019187405923730694
Training loss on iteration 900 = 0.0072093954160664
Training loss on iteration 920 = 0.009212384532293071
Training loss on iteration 940 = 0.005102964328216331
Training loss on iteration 960 = 0.012123484828975961
Training loss on iteration 980 = 0.03475222715496784
Training loss on iteration 1000 = 0.04204618225624017
Training loss on iteration 1020 = 0.034858228037774094
Training loss on iteration 1040 = 0.005048108581468114
Training loss on iteration 1060 = 0.00674789207350841
Training loss on iteration 1080 = 0.0072593256627442315
Training loss on iteration 1100 = 0.022821171911800775
Training loss on iteration 1120 = 0.020564788430783666
Training loss on iteration 1140 = 0.0032667853272869253
Training loss on iteration 1160 = 0.029215543094460374
Training loss on iteration 1180 = 0.00971176942657621
Training loss on iteration 1200 = 0.005852239571049722
Training loss on iteration 1220 = 0.028289580890282197
Training loss on iteration 1240 = 0.005924313977448037
Training loss on iteration 1260 = 0.026901148382785324
Training loss on iteration 1280 = 0.03440284727657854
Training loss on iteration 1300 = 0.013765993672586773
Training loss on iteration 1320 = 0.045067973800451
Training loss on iteration 1340 = 0.018232792509661522
Training loss on iteration 1360 = 0.014622033976047532
Training loss on iteration 1380 = 0.013730753974232356
Training loss on iteration 1400 = 0.009406255154317478
Training loss on iteration 1420 = 0.01836395688108041
Training loss on iteration 1440 = 0.004617456414871412
Training loss on iteration 1460 = 0.024311260990862137
Training loss on iteration 1480 = 0.00315949721546076
Training loss on iteration 1500 = 0.030549959291215602
Training loss on iteration 1520 = 0.05403653824614594
Training loss on iteration 1540 = 0.004012530552199678
Training loss on iteration 1560 = 0.01883131958747981
Training loss on iteration 1580 = 0.006175586308017955
Training loss on iteration 1600 = 0.011898032240424072
Training loss on iteration 1620 = 0.030856932913388847
Training loss on iteration 1640 = 0.012778025522356984
Training loss on iteration 1660 = 0.008154616613092002
Training loss on iteration 1680 = 0.003617748664100873
Training loss on iteration 1700 = 0.016578127024206423
Training loss on iteration 1720 = 0.021975249472643555
Training loss on iteration 1740 = 0.003371226871058752
Training loss on iteration 1760 = 0.05714569483861283
Training loss on iteration 1780 = 0.020660181191851736
Training loss on iteration 1800 = 0.02280131736260955
Training loss on iteration 1820 = 0.013325839629032998
Training loss on iteration 1840 = 0.006193432438158198
Training loss on iteration 1860 = 0.011598830172260932
Training loss on iteration 1880 = 0.01115257015781026
Training loss on iteration 1900 = 0.0007303526778741798
Training loss on iteration 1920 = 0.016215386576266155
Training loss on iteration 1940 = 0.005683824616926359
Training loss on iteration 1960 = 0.027903992731262407
Training loss on iteration 1980 = 0.011009282128861741
Training loss on iteration 2000 = 0.03955977473051462
Training loss on iteration 2020 = 0.008361900551972213
Training loss on iteration 2040 = 0.03959501207541507
Training loss on iteration 2060 = 0.008222674383796402
Training loss on iteration 2080 = 0.024699770003644518
Training loss on iteration 2100 = 0.015127313732136827
Training loss on iteration 2120 = 0.013182902212793123
Training loss on iteration 2140 = 0.024798992445039404
Training loss on iteration 2160 = 0.02095976155869721
Training loss on iteration 2180 = 0.017108111405104865
Training loss on iteration 2200 = 0.0055406253476121495
Training loss on iteration 2220 = 0.03821433817640809
Training loss on iteration 2240 = 0.01031281881769246
Training loss on iteration 2260 = 0.018881793438777095
Training loss on iteration 2280 = 0.007288583075262522
Training loss on iteration 2300 = 0.030867406190373002
Training loss on iteration 2320 = 0.02714748406870058
Training loss on iteration 2340 = 0.0050919655244797465
Training loss on iteration 2360 = 0.015949560581555035
Training loss on iteration 2380 = 0.028185735452370863
Training loss on iteration 2400 = 0.028324086352222368
Training loss on iteration 2420 = 0.03398752604207402
Training loss on iteration 2440 = 0.01288900771378394
Training loss on iteration 2460 = 0.02187886440424336
Training loss on iteration 2480 = 0.02670276488511263
Training loss on iteration 2500 = 0.04233558200439802
Training loss on iteration 2520 = 0.009918742784338973
Training loss on iteration 2540 = 0.003754466352847885
Training loss on iteration 2560 = 0.031749156877049246
Training loss on iteration 2580 = 0.01335549085852108
Training loss on iteration 2600 = 0.019551154171631425
Training loss on iteration 2620 = 0.022824573924407333
Training loss on iteration 2640 = 0.031181613990065672
Training loss on iteration 2660 = 0.00431851060830013
Training loss on iteration 2680 = 0.024901733397382487
Training loss on iteration 2700 = 0.02347041505731795
Training loss on iteration 2720 = 0.03529507976109016
Training loss on iteration 2740 = 0.0057404029407734924
Training loss on iteration 2760 = 0.006445780228204967
Training loss on iteration 2780 = 0.0018250960765612944
Training loss on iteration 2800 = 0.005133017488774527
Training loss on iteration 2820 = 0.05008597480409662
Training loss on iteration 2840 = 0.02377171984844608
Training loss on iteration 2860 = 0.045951986568070424
Training loss on iteration 2880 = 0.01196106917122961
Training loss on iteration 2900 = 0.004791669466067105
Training loss on iteration 2920 = 0.008777092838136014
Training loss on iteration 2940 = 0.021653630748187425
Training loss on iteration 2960 = 0.03428164564579674
Training loss on iteration 2980 = 0.014342349217440643
Training loss on iteration 3000 = 0.007151962094940245
Training loss on iteration 3020 = 0.022344813851964317
Training loss on iteration 3040 = 0.027577388893632815
Training loss on iteration 3060 = 0.07173361749509014
Training loss on iteration 3080 = 0.031284959993354275
Training loss on iteration 3100 = 0.028983719059033318
Training loss on iteration 3120 = 0.017489357203885447
Training loss on iteration 3140 = 0.03305953330418561
Training loss on iteration 3160 = 0.020001214114017785
Training loss on iteration 3180 = 0.016910437359911157
Training loss on iteration 3200 = 0.030966784741394804
Training loss on iteration 3220 = 0.00933473190816585
Training loss on iteration 3240 = 0.012099468961241654
Training loss on iteration 3260 = 0.02934275873049046
Training loss on iteration 3280 = 0.009953485430014553
Training loss on iteration 3300 = 0.019975379261450144
Training loss on iteration 3320 = 0.005168434139113743
Training loss on iteration 3340 = 0.040439866657698074
Training loss on iteration 3360 = 0.03556786500703311
Training loss on iteration 3380 = 0.028734595039531997
Training loss on iteration 3400 = 0.01398965183961991
Training loss on iteration 3420 = 0.09145422820324996
Training loss on iteration 3440 = 0.008965015572312041
Training loss on iteration 3460 = 0.04964369777517277
Training loss on iteration 3480 = 0.014794273933512158
Training loss on iteration 3500 = 0.02779473638802301
Training loss on iteration 3520 = 0.03749473338684765
Training loss on iteration 3540 = 0.04756313286088698
Training loss on iteration 3560 = 0.0077749719090206785
Training loss on iteration 3580 = 0.004313774525235204
Training loss on iteration 3600 = 0.02741714471048908
Training loss on iteration 3620 = 0.011169572249491467
Training loss on iteration 3640 = 0.013259723849296278
Training loss on iteration 3660 = 0.015482091687408684
Training loss on iteration 3680 = 0.03919402064202586
Training loss on iteration 3700 = 0.0067877508228320945
Training loss on iteration 3720 = 0.023335516791212284
Training loss on iteration 3740 = 0.0028975881358746848
Training loss on iteration 3760 = 0.01729477378021329
Training loss on iteration 3780 = 0.017152684629672878
Training loss on iteration 3800 = 0.021288652086377625
Training loss on iteration 3820 = 0.051621308724770644
Training loss on iteration 3840 = 0.04501010743515508
Training loss on iteration 3860 = 0.04080571233353112
Training loss on iteration 3880 = 0.018026245084183757
Training loss on iteration 3900 = 0.012779947226226796
Training loss on iteration 3920 = 0.007931891652697231
Training loss on iteration 3940 = 0.016453954804455863
Training loss on iteration 3960 = 0.03109199861955858
Training loss on iteration 3980 = 0.028440398153475144
Training loss on iteration 4000 = 0.04960989942574088
Training loss on iteration 4020 = 0.004435415173065849
Training loss on iteration 4040 = 0.012035444707362331
Training loss on iteration 4060 = 0.04162558394964435
Training loss on iteration 4080 = 0.009875462843774585
Training loss on iteration 4100 = 0.003708288255620573
Training loss on iteration 4120 = 0.014934449413613039
Training loss on iteration 4140 = 0.004869373759311202
Training loss on iteration 4160 = 0.028404012638384303
Training loss on iteration 4180 = 0.008711152835167013
Training loss on iteration 4200 = 0.03807612549098849
Training loss on iteration 4220 = 0.0067275942459673384
Training loss on iteration 4240 = 0.007624928510995233
Training loss on iteration 4260 = 0.04116089114249917
Training loss on iteration 4280 = 0.03146347581514419
Training loss on iteration 4300 = 0.017714352276743738
Training loss on iteration 4320 = 0.006754075100616319
Training loss on iteration 4340 = 0.014170037732492346
Training loss on iteration 4360 = 0.05500313317393193
Training loss on iteration 4380 = 0.014095622547029053
Training loss on iteration 4400 = 0.02041494840359519
Training loss on iteration 4420 = 0.022770463069355172
Training loss on iteration 4440 = 0.0113348977502028
Training loss on iteration 4460 = 0.0011172168959092232
Training loss on iteration 4480 = 0.008921362441719793
Training loss on iteration 4500 = 0.04737364979155245
Training loss on iteration 4520 = 0.006174815772828879
Training loss on iteration 4540 = 0.004343534849249408
Training loss on iteration 4560 = 0.011622732972045923
Training loss on iteration 4580 = 0.007694329813921286
Training loss on iteration 4600 = 0.04625125114316688
Training loss on iteration 4620 = 0.02794280762791459
Training loss on iteration 4640 = 0.01502480395283783
Training loss on iteration 4660 = 0.01242026018899196
Training loss on iteration 4680 = 0.04541092328527156
Training loss on iteration 4700 = 0.004858816120759002
Training loss on iteration 4720 = 0.014445216276362772
Training loss on iteration 4740 = 0.0049037817097996594
Training loss on iteration 4760 = 0.0066695563355096965
Training loss on iteration 4780 = 0.017742738069478035
Training loss on iteration 4800 = 0.0032647927955054
Training loss on iteration 4820 = 0.03551498802189599
Training loss on iteration 4840 = 0.0003211835189631529
Training loss on iteration 4860 = 0.005128036303858607
Training loss on iteration 4880 = 0.005725260641338536
Training loss on iteration 4900 = 0.0047772635757723945
Training loss on iteration 4920 = 0.034603503362586704
Training loss on iteration 4940 = 0.012587609356887696
Training loss on iteration 4960 = 0.023239996067786706
Training loss on iteration 4980 = 0.015677497837532427
Training loss on iteration 5000 = 0.03869853411670192
Training loss on iteration 5020 = 0.027822573709545394
Training loss on iteration 5040 = 0.003785659157074406
Training loss on iteration 5060 = 0.0036264622639464506
Training loss on iteration 5080 = 0.002436497192036313
Training loss on iteration 5100 = 0.013002895994054598
Training loss on iteration 5120 = 0.01710914925280349
Training loss on iteration 5140 = 0.033547956591860384
Training loss on iteration 5160 = 0.019167358912750388
Training loss on iteration 5180 = 0.014163319461613356
Training loss on iteration 5200 = 0.02785811393187032
Training loss on iteration 5220 = 0.02133292076023281
Training loss on iteration 5240 = 0.002053977551031494
Training loss on iteration 5260 = 0.013551824141904945
Training loss on iteration 5280 = 0.04477453540403076
Training loss on iteration 5300 = 0.03117847640933178
Training loss on iteration 5320 = 0.010421499207041052
Training loss on iteration 5340 = 0.015982197686901144
Training loss on iteration 5360 = 0.0015240074475514121
Training loss on iteration 5380 = 0.013528851596220193
Training loss on iteration 5400 = 0.011690337040738541
Training loss on iteration 5420 = 0.02102682815262824
Training loss on iteration 5440 = 0.017580252856055266
Training loss on iteration 5460 = 0.03532849281539256
Training loss on iteration 5480 = 0.00989165464998223
Training loss on iteration 5500 = 0.01287795406933583
Training loss on iteration 5520 = 0.001895070238288099
Training loss on iteration 5540 = 0.03393635904021721
Training loss on iteration 5560 = 0.0020798762216145406
Training loss on iteration 5580 = 0.019664671391819866
Training loss on iteration 5600 = 0.012739752123434301
Training loss on iteration 5620 = 0.00528868905530544
Training loss on iteration 5640 = 0.006013793495412756
Training loss on iteration 5660 = 0.0024558826317388595
Training loss on iteration 5680 = 0.032450911428327345
Training loss on iteration 5700 = 0.004361998746026075
Training loss on iteration 5720 = 0.01921105749806884
Training loss on iteration 5740 = 0.017179436181049824
Training loss on iteration 5760 = 0.033253139609860226
Training loss on iteration 5780 = 0.031822439830284564
Training loss on iteration 5800 = 0.028239682615276252
Training loss on iteration 5820 = 0.033232236060575814
Training loss on iteration 5840 = 0.0038436833943706005
Training loss on iteration 5860 = 0.008693200377820176
Training loss on iteration 5880 = 0.04678592728378135
Training loss on iteration 5900 = 0.004538519852576428
Training loss on iteration 5920 = 0.024870910867321072
Training loss on iteration 5940 = 0.015253209496950148
Training loss on iteration 5960 = 0.014605211503476313
Training loss on iteration 5980 = 0.006366902583067713
Training loss on iteration 6000 = 0.010866020417142862
Training loss on iteration 6020 = 0.0237411757801965
Training loss on iteration 6040 = 0.004406623706017854
Training loss on iteration 6060 = 0.018151340109147894
Training loss on iteration 6080 = 0.010350725120383686
Training loss on iteration 6100 = 0.00863342847723061
Training loss on iteration 6120 = 0.03563530047457562
Training loss on iteration 6140 = 0.009890150689170697
Training loss on iteration 6160 = 0.045777349079071425
Training loss on iteration 6180 = 0.023927949011704187
Training loss on iteration 6200 = 0.018397197910235263
Training loss on iteration 6220 = 0.036263490436249414
Training loss on iteration 6240 = 0.02532855933823157
Training loss on iteration 6260 = 0.01338435679790564
Training loss on iteration 6280 = 0.015313794694884563
Training loss on iteration 6300 = 0.0033764265645004343
Training loss on iteration 6320 = 0.004273464466314181
Training loss on iteration 6340 = 0.005136109296927316
Training loss on iteration 6360 = 0.01901689724527387
Training loss on iteration 6380 = 0.016368203062756947
Training loss on iteration 6400 = 0.005227875738432886
Training loss on iteration 6420 = 0.006161767811818208
Training loss on iteration 6440 = 0.002778665474488662
Training loss on iteration 6460 = 0.007415240832233394
Training loss on iteration 6480 = 0.0030168641483442117
Training loss on iteration 6500 = 0.01230685123904891
Training loss on iteration 6520 = 0.1121021275111957
Training loss on iteration 6540 = 0.08490134272433351
Training loss on iteration 6560 = 0.09047875321048196
Training loss on iteration 6580 = 0.00841959870303981
Training loss on iteration 6600 = 0.026609837420255644
Training loss on iteration 6620 = 0.020152733587747208
Training loss on iteration 6640 = 0.014063967362744734
Training loss on iteration 6660 = 0.002561367600992526
Training loss on iteration 6680 = 0.04514308576526673
Training loss on iteration 6700 = 0.034276154857070654
Training loss on iteration 6720 = 0.004297645077167544
Training loss on iteration 6740 = 0.027170414652573527
Training loss on iteration 6760 = 0.024716756872658154
Training loss on iteration 6780 = 0.007548791122280818
Training loss on iteration 6800 = 0.006047133608990407
Training loss on iteration 6820 = 0.013809385596687207
Training loss on iteration 6840 = 0.02288957013952313
Training loss on iteration 6860 = 0.01087398988224777
Training loss on iteration 6880 = 0.0028728160861646755
Training loss on iteration 6900 = 0.029158761932558265
Training loss on iteration 6920 = 0.0014951018108149583
Training loss on iteration 6940 = 0.026897781230945838
Training loss on iteration 6960 = 0.0310965014177782
Training loss on iteration 6980 = 0.01996760180321644
Training loss on iteration 7000 = 0.011571388387710612
Training loss on iteration 7020 = 0.03187642773900734
Training loss on iteration 7040 = 0.009250769575010054
Training loss on iteration 7060 = 0.005565272458807158
Training loss on iteration 7080 = 0.01059365665109908
Training loss on iteration 7100 = 0.0040937869282061
Training loss on iteration 7120 = 0.030342642834784782
Training loss on iteration 7140 = 0.003355945278053696
Training loss on iteration 7160 = 0.023902799196548585
Training loss on iteration 7180 = 0.012605715709105425
Training loss on iteration 7200 = 0.027683729345517348
Training loss on iteration 7220 = 0.01635690763723687
Training loss on iteration 7240 = 0.007248679164604255
Training loss on iteration 7260 = 0.005959691763445107
Training loss on iteration 7280 = 0.03781370766027976
Training loss on iteration 7300 = 0.03040188231329921
Training loss on iteration 7320 = 0.019139047054341062
Training loss on iteration 7340 = 0.05636645532140392
Training loss on iteration 7360 = 0.002771272534300806
Training loss on iteration 7380 = 0.023234952970960877
Training loss on iteration 7400 = 0.019172623108897825
Training loss on iteration 7420 = 0.014718376616838214
Training loss on iteration 7440 = 0.019770932164465193
Training loss on iteration 7460 = 0.011457658363679003
Training loss on iteration 7480 = 0.015879098187383534
### EVAL:: Epoch 12:: Loss = 0.008199851996710607 :: ACC = 0.9969112691875702, AUC = 0.9999621631088718, EER = 0.0028079371022089105
Training on epoch 13
Training loss on iteration 0 = 0.0008823855896480381
Training loss on iteration 20 = 0.004896744758116256
Training loss on iteration 40 = 0.01268446488079462
Training loss on iteration 60 = 0.04358934045467322
Training loss on iteration 80 = 0.039111403091374085
Training loss on iteration 100 = 0.011348547622765182
Training loss on iteration 120 = 0.021151127488883502
Training loss on iteration 140 = 0.015196414273304981
Training loss on iteration 160 = 0.008275006362782732
Training loss on iteration 180 = 0.012648876582943558
Training loss on iteration 200 = 0.008009532731375658
Training loss on iteration 220 = 0.015866948979964945
Training loss on iteration 240 = 0.0021701985728213914
Training loss on iteration 260 = 0.02042471595466395
Training loss on iteration 280 = 0.01133755673398582
Training loss on iteration 300 = 0.022874803476651096
Training loss on iteration 320 = 0.06578479335330485
Training loss on iteration 340 = 0.07938777424824366
Training loss on iteration 360 = 0.03742991994949989
Training loss on iteration 380 = 0.03646284209680743
Training loss on iteration 400 = 0.00326731185468816
Training loss on iteration 420 = 0.06310693799096043
Training loss on iteration 440 = 0.015324924335436663
Training loss on iteration 460 = 0.010322996276954655
Training loss on iteration 480 = 0.037467939936686886
Training loss on iteration 500 = 0.030476498881398584
Training loss on iteration 520 = 0.032981963013844505
Training loss on iteration 540 = 0.041430080990539866
Training loss on iteration 560 = 0.01278404200274963
Training loss on iteration 580 = 0.02401959802446072
Training loss on iteration 600 = 0.008220870338254827
Training loss on iteration 620 = 0.02440690249331965
Training loss on iteration 640 = 0.008231470159262243
Training loss on iteration 660 = 0.023640071671570694
Training loss on iteration 680 = 0.011221852284506895
Training loss on iteration 700 = 0.003561477485982323
Training loss on iteration 720 = 0.0007225675154813871
Training loss on iteration 740 = 0.01410468262060931
Training loss on iteration 760 = 0.010916189500039763
Training loss on iteration 780 = 0.002987495424235931
Training loss on iteration 800 = 0.0022254870169092556
Training loss on iteration 820 = 0.0012139872901201442
Training loss on iteration 840 = 0.03070806181890475
Training loss on iteration 860 = 0.04192352556701166
Training loss on iteration 880 = 0.013292223492226186
Training loss on iteration 900 = 0.04105293047905434
Training loss on iteration 920 = 0.011544001039874274
Training loss on iteration 940 = 0.036391755678232586
Training loss on iteration 960 = 0.004298555364221102
Training loss on iteration 980 = 0.004784425278376148
Training loss on iteration 1000 = 0.016166250360947744
Training loss on iteration 1020 = 0.015256638755090535
Training loss on iteration 1040 = 0.06268360537342232
Training loss on iteration 1060 = 0.015242214931822673
Training loss on iteration 1080 = 0.024126931136561326
Training loss on iteration 1100 = 0.010418070148807601
Training loss on iteration 1120 = 0.010617899281623978
Training loss on iteration 1140 = 0.0018163424529575422
Training loss on iteration 1160 = 0.01084200922805394
Training loss on iteration 1180 = 0.04758649445864194
Training loss on iteration 1200 = 0.006082628700823989
Training loss on iteration 1220 = 0.025625940567988437
Training loss on iteration 1240 = 0.008354086310919228
Training loss on iteration 1260 = 0.009830596248048096
Training loss on iteration 1280 = 0.03103416444882896
Training loss on iteration 1300 = 0.006752262867712489
Training loss on iteration 1320 = 0.02753512606068398
Training loss on iteration 1340 = 0.045680542969785166
Training loss on iteration 1360 = 0.029064703843687312
Training loss on iteration 1380 = 0.04799744152551284
Training loss on iteration 1400 = 0.08863962924588123
Training loss on iteration 1420 = 0.01206776205508504
Training loss on iteration 1440 = 0.028737847845332
Training loss on iteration 1460 = 0.004736275855975691
Training loss on iteration 1480 = 0.005655469009070657
Training loss on iteration 1500 = 0.0008278452482045395
Training loss on iteration 1520 = 0.0027543908062853005
Training loss on iteration 1540 = 0.00678441403342731
Training loss on iteration 1560 = 0.02460011366456456
Training loss on iteration 1580 = 0.004410896077206417
Training loss on iteration 1600 = 0.03284806632617574
Training loss on iteration 1620 = 0.01013534082858314
Training loss on iteration 1640 = 0.01815986199130748
Training loss on iteration 1660 = 0.018102342674137618
Training loss on iteration 1680 = 0.03013534747897211
Training loss on iteration 1700 = 0.025940993061522023
Training loss on iteration 1720 = 0.003841578334595397
Training loss on iteration 1740 = 0.0175806483022825
Training loss on iteration 1760 = 0.014282295184966643
Training loss on iteration 1780 = 0.08082732517214027
Training loss on iteration 1800 = 0.01957624092174228
Training loss on iteration 1820 = 0.025752237573033198
Training loss on iteration 1840 = 0.003936100544524379
Training loss on iteration 1860 = 0.006465576204936952
Training loss on iteration 1880 = 0.027933432688587344
Training loss on iteration 1900 = 0.011706501711159945
Training loss on iteration 1920 = 0.016919043798861822
Training loss on iteration 1940 = 0.005070671821158612
Training loss on iteration 1960 = 0.01260471949017301
Training loss on iteration 1980 = 0.019799512345980475
Training loss on iteration 2000 = 0.024441674998524832
Training loss on iteration 2020 = 0.0034100233993285657
Training loss on iteration 2040 = 0.009283633415066106
Training loss on iteration 2060 = 0.020614669654924
Training loss on iteration 2080 = 0.01635408377769636
Training loss on iteration 2100 = 0.0020273626666494236
Training loss on iteration 2120 = 0.0026772841703404993
Training loss on iteration 2140 = 0.021781596340588294
Training loss on iteration 2160 = 0.008821785505824664
Training loss on iteration 2180 = 0.017190579275899155
Training loss on iteration 2200 = 0.05635403449828118
Training loss on iteration 2220 = 0.05750843823152536
Training loss on iteration 2240 = 0.005538201745730475
Training loss on iteration 2260 = 0.016941023990511894
Training loss on iteration 2280 = 0.01493239454775903
Training loss on iteration 2300 = 0.038454705787080455
Training loss on iteration 2320 = 0.004331411868588475
Training loss on iteration 2340 = 0.010249740375365945
Training loss on iteration 2360 = 0.002009702686109449
Training loss on iteration 2380 = 0.02540700824374653
Training loss on iteration 2400 = 0.026483951344516754
Training loss on iteration 2420 = 0.026078042285553237
Training loss on iteration 2440 = 0.009754884891844996
Training loss on iteration 2460 = 0.0022105739972630547
Training loss on iteration 2480 = 0.01202916423003444
Training loss on iteration 2500 = 0.004764284730663348
Training loss on iteration 2520 = 0.0117136354651052
Training loss on iteration 2540 = 0.01324276475922943
Training loss on iteration 2560 = 0.003329211958396172
Training loss on iteration 2580 = 0.010743877928393885
Training loss on iteration 2600 = 0.018056691901392696
Training loss on iteration 2620 = 0.00775376468061495
Training loss on iteration 2640 = 0.012793276327374769
Training loss on iteration 2660 = 0.033181354236421615
Training loss on iteration 2680 = 0.003272809608324678
Training loss on iteration 2700 = 0.017864381818253606
Training loss on iteration 2720 = 0.006197047644127452
Training loss on iteration 2740 = 0.001460717057398142
Training loss on iteration 2760 = 0.026265354331678738
Training loss on iteration 2780 = 0.027610323685939873
Training loss on iteration 2800 = 0.016912914359863862
Training loss on iteration 2820 = 0.0038393379916669803
Training loss on iteration 2840 = 0.013008240005024162
Training loss on iteration 2860 = 0.00410086097799649
Training loss on iteration 2880 = 0.02815667929888832
Training loss on iteration 2900 = 0.0005055917918866726
Training loss on iteration 2920 = 0.019265382953744848
Training loss on iteration 2940 = 0.022136044530702746
Training loss on iteration 2960 = 0.03369279498278956
Training loss on iteration 2980 = 0.012617491066760068
Training loss on iteration 3000 = 0.0054666897867946315
Training loss on iteration 3020 = 0.0015816912995887833
Training loss on iteration 3040 = 0.04712126224126223
Training loss on iteration 3060 = 0.050029568093304985
Training loss on iteration 3080 = 0.02103280801238725
Training loss on iteration 3100 = 0.010370541195516125
Training loss on iteration 3120 = 0.0188529574584436
Training loss on iteration 3140 = 0.019039309349000177
Training loss on iteration 3160 = 0.011169780253567296
Training loss on iteration 3180 = 0.0020307220043832785
Training loss on iteration 3200 = 0.022935601630342715
Training loss on iteration 3220 = 0.005956732489357819
Training loss on iteration 3240 = 0.007820922009818787
Training loss on iteration 3260 = 0.05281285361256778
Training loss on iteration 3280 = 0.019409037147124764
Training loss on iteration 3300 = 0.020028714073851005
Training loss on iteration 3320 = 0.008097703963449021
Training loss on iteration 3340 = 0.017403366342841765
Training loss on iteration 3360 = 0.003517631635941143
Training loss on iteration 3380 = 0.003424562364216399
Training loss on iteration 3400 = 0.029840647409309896
Training loss on iteration 3420 = 0.00569402733908646
Training loss on iteration 3440 = 0.038605313091829886
Training loss on iteration 3460 = 0.020575342690335674
Training loss on iteration 3480 = 0.031603939193155385
Training loss on iteration 3500 = 0.018043339389896572
Training loss on iteration 3520 = 0.008081984216551064
Training loss on iteration 3540 = 0.04768436004087562
Training loss on iteration 3560 = 0.008899536843091482
Training loss on iteration 3580 = 0.007445800091591082
Training loss on iteration 3600 = 0.02428639517704596
Training loss on iteration 3620 = 0.004710649218759499
Training loss on iteration 3640 = 0.00782743794952694
Training loss on iteration 3660 = 0.02313157378375763
Training loss on iteration 3680 = 0.010941839663064456
Training loss on iteration 3700 = 0.023771636150104313
Training loss on iteration 3720 = 0.015885896978647906
Training loss on iteration 3740 = 0.014773273890205019
Training loss on iteration 3760 = 0.0032930732144450304
Training loss on iteration 3780 = 0.031455604939219485
Training loss on iteration 3800 = 0.007443191160677998
Training loss on iteration 3820 = 0.035243509427346
Training loss on iteration 3840 = 0.003172622175407014
Training loss on iteration 3860 = 0.02343736601196724
Training loss on iteration 3880 = 0.0032674523159585077
Training loss on iteration 3900 = 0.0237534571062497
Training loss on iteration 3920 = 0.019442946141862195
Training loss on iteration 3940 = 0.0004719019340882369
Training loss on iteration 3960 = 0.001716320027526308
Training loss on iteration 3980 = 0.01645048495742003
Training loss on iteration 4000 = 0.0012354589790675163
Training loss on iteration 4020 = 0.010262513902330284
Training loss on iteration 4040 = 0.0010600302878174261
Training loss on iteration 4060 = 0.006923401144695163
Training loss on iteration 4080 = 0.011733841454088179
Training loss on iteration 4100 = 0.006172129830156336
Training loss on iteration 4120 = 0.006598140506571326
Training loss on iteration 4140 = 0.0010250377733314053
Training loss on iteration 4160 = 0.0021142608084119274
Training loss on iteration 4180 = 0.001292669367027699
Training loss on iteration 4200 = 0.007798322727191475
Training loss on iteration 4220 = 0.032720907898767845
Training loss on iteration 4240 = 0.03782488834713149
Training loss on iteration 4260 = 0.06375829614880786
Training loss on iteration 4280 = 0.04875639578240225
Training loss on iteration 4300 = 0.015319113365694647
Training loss on iteration 4320 = 0.02628273307473137
Training loss on iteration 4340 = 0.005031891569160507
Training loss on iteration 4360 = 0.00656292056141865
Training loss on iteration 4380 = 0.004740769462296157
Training loss on iteration 4400 = 0.002180050515016774
Training loss on iteration 4420 = 0.0130560505630001
Training loss on iteration 4440 = 0.006381752761626558
Training loss on iteration 4460 = 0.0190485104731124
Training loss on iteration 4480 = 0.018371314701062146
Training loss on iteration 4500 = 0.005250346866500877
Training loss on iteration 4520 = 0.003065719952620327
Training loss on iteration 4540 = 0.0010790454377058722
Training loss on iteration 4560 = 0.057331801592408735
Training loss on iteration 4580 = 0.020545558380126748
Training loss on iteration 4600 = 0.004300642123530452
Training loss on iteration 4620 = 0.0013159978428461728
Training loss on iteration 4640 = 0.0002318035035102639
Training loss on iteration 4660 = 0.002038338932584338
Training loss on iteration 4680 = 0.0003613864462749916
Training loss on iteration 4700 = 0.029666377810931975
Training loss on iteration 4720 = 0.004566746821728885
Training loss on iteration 4740 = 0.02488315936525396
Training loss on iteration 4760 = 0.02239640689490443
Training loss on iteration 4780 = 0.04175410830043802
Training loss on iteration 4800 = 0.06137295160442591
Training loss on iteration 4820 = 0.022462717742018867
Training loss on iteration 4840 = 0.04070855568206753
Training loss on iteration 4860 = 0.02839195386331994
Training loss on iteration 4880 = 0.007204979547532275
Training loss on iteration 4900 = 0.015552908639074303
Training loss on iteration 4920 = 0.020756779892599296
Training loss on iteration 4940 = 0.03159951921072661
Training loss on iteration 4960 = 0.02177736543962965
Training loss on iteration 4980 = 0.02230456762817994
Training loss on iteration 5000 = 0.004900263255694881
Training loss on iteration 5020 = 0.010309378823694714
Training loss on iteration 5040 = 0.02144878386352502
Training loss on iteration 5060 = 0.00045473385962395695
Training loss on iteration 5080 = 0.04009844299425822
Training loss on iteration 5100 = 0.01848887067999385
Training loss on iteration 5120 = 0.0020852930181717967
Training loss on iteration 5140 = 0.02862739955398865
Training loss on iteration 5160 = 0.004140312912011268
Training loss on iteration 5180 = 0.028831706464188755
Training loss on iteration 5200 = 0.03775954520824598
Training loss on iteration 5220 = 0.014721229072893038
Training loss on iteration 5240 = 0.013660214841092966
Training loss on iteration 5260 = 0.04322692654277489
Training loss on iteration 5280 = 0.0066267109476029875
Training loss on iteration 5300 = 0.008433140791203187
Training loss on iteration 5320 = 0.012089121993267327
Training loss on iteration 5340 = 0.009677802369628808
Training loss on iteration 5360 = 0.03860013875128061
Training loss on iteration 5380 = 0.03838732722288114
Training loss on iteration 5400 = 0.013855893137224485
Training loss on iteration 5420 = 0.007809672041184967
Training loss on iteration 5440 = 0.06723862141461723
Training loss on iteration 5460 = 0.01753060703049414
Training loss on iteration 5480 = 0.010046680505911353
Training loss on iteration 5500 = 0.008625232847771258
Training loss on iteration 5520 = 0.03110076734737959
Training loss on iteration 5540 = 0.023212421102653025
Training loss on iteration 5560 = 0.038191662196913966
Training loss on iteration 5580 = 0.007577579296230397
Training loss on iteration 5600 = 0.042035411737015235
Training loss on iteration 5620 = 0.043202291992201935
Training loss on iteration 5640 = 0.01779368817806244
Training loss on iteration 5660 = 0.019139943460322682
Training loss on iteration 5680 = 0.01412775779972435
Training loss on iteration 5700 = 0.005661891461750201
Training loss on iteration 5720 = 0.0024833082090481183
Training loss on iteration 5740 = 0.013217118941611261
Training loss on iteration 5760 = 0.002121806968784767
Training loss on iteration 5780 = 0.013990257114892301
Training loss on iteration 5800 = 0.020640050126121422
Training loss on iteration 5820 = 0.00934665311929166
Training loss on iteration 5840 = 0.006653103396138249
Training loss on iteration 5860 = 0.006081407047099674
Training loss on iteration 5880 = 0.0023373738611780935
Training loss on iteration 5900 = 0.015949071071179332
Training loss on iteration 5920 = 0.00045620407279898243
Training loss on iteration 5940 = 0.0009037042786644633
Training loss on iteration 5960 = 0.007081657777627015
Training loss on iteration 5980 = 0.013951629066912118
Training loss on iteration 6000 = 0.006040415423456125
Training loss on iteration 6020 = 0.060869762091112986
Training loss on iteration 6040 = 0.019371355132807366
Training loss on iteration 6060 = 0.022778345114420517
Training loss on iteration 6080 = 0.01195883432028495
Training loss on iteration 6100 = 0.006656431530063856
Training loss on iteration 6120 = 0.008233790736449009
Training loss on iteration 6140 = 0.014323828249371218
Training loss on iteration 6160 = 0.01104318189991318
Training loss on iteration 6180 = 0.05713937059626915
Training loss on iteration 6200 = 0.03318608962508733
Training loss on iteration 6220 = 0.008060799782469985
Training loss on iteration 6240 = 0.014346446543436286
Training loss on iteration 6260 = 0.016192393830351648
Training loss on iteration 6280 = 0.015777269342288493
Training loss on iteration 6300 = 0.0034505994980463584
Training loss on iteration 6320 = 0.007484862784212965
Training loss on iteration 6340 = 0.0012694184358792882
Training loss on iteration 6360 = 0.004838234680653386
Training loss on iteration 6380 = 0.030096704402603792
Training loss on iteration 6400 = 0.0037359860174547067
Training loss on iteration 6420 = 0.039331665455028995
Training loss on iteration 6440 = 0.00887699871523182
Training loss on iteration 6460 = 0.016332033482376572
Training loss on iteration 6480 = 0.0020643470028517187
Training loss on iteration 6500 = 0.0046258144720923156
Training loss on iteration 6520 = 0.005054745609504608
Training loss on iteration 6540 = 0.00865486967823017
Training loss on iteration 6560 = 0.04076464582976769
Training loss on iteration 6580 = 0.0038551393456145886
Training loss on iteration 6600 = 0.027543339302792447
Training loss on iteration 6620 = 0.009702908697363455
Training loss on iteration 6640 = 0.015611977603111882
Training loss on iteration 6660 = 0.012861283844085847
Training loss on iteration 6680 = 0.0021917264156400052
Training loss on iteration 6700 = 0.013424021338323655
Training loss on iteration 6720 = 0.004766973298228549
Training loss on iteration 6740 = 0.00890609565790328
Training loss on iteration 6760 = 0.020472665549459635
Training loss on iteration 6780 = 0.014395747851517626
Training loss on iteration 6800 = 0.010443399413475163
Training loss on iteration 6820 = 0.009303171571559687
Training loss on iteration 6840 = 0.030417381624283736
Training loss on iteration 6860 = 0.007524492486663803
Training loss on iteration 6880 = 0.01762489678330894
Training loss on iteration 6900 = 0.006570698350697057
Training loss on iteration 6920 = 0.0028427257886505684
Training loss on iteration 6940 = 0.0035419555402995684
Training loss on iteration 6960 = 0.03641682950510585
Training loss on iteration 6980 = 0.01582556029661646
Training loss on iteration 7000 = 0.002886944153760851
Training loss on iteration 7020 = 0.0025889592743624235
Training loss on iteration 7040 = 0.002858713043133321
Training loss on iteration 7060 = 0.012425538778506962
Training loss on iteration 7080 = 0.0037549505739207234
Training loss on iteration 7100 = 0.005828135308718174
Training loss on iteration 7120 = 0.0005072654566902202
Training loss on iteration 7140 = 0.024987740060532816
Training loss on iteration 7160 = 0.004461353655733547
Training loss on iteration 7180 = 0.032615057207431165
Training loss on iteration 7200 = 0.019188783058598346
Training loss on iteration 7220 = 0.03646245949939839
Training loss on iteration 7240 = 0.007809526432902203
Training loss on iteration 7260 = 0.02988255148557073
Training loss on iteration 7280 = 0.005250203730611247
Training loss on iteration 7300 = 0.013244511281664017
Training loss on iteration 7320 = 0.02436652072283323
Training loss on iteration 7340 = 0.01121298360885703
Training loss on iteration 7360 = 0.018864379622755223
Training loss on iteration 7380 = 0.03793265526223877
Training loss on iteration 7400 = 0.003446279777926975
Training loss on iteration 7420 = 0.005402379659790313
Training loss on iteration 7440 = 0.004622956279558821
Training loss on iteration 7460 = 0.001955866167577369
Training loss on iteration 7480 = 0.04977900265143944
### EVAL:: Epoch 13:: Loss = 0.00564876396690096 :: ACC = 0.9982684387869711, AUC = 0.9999756543828558, EER = 0.0018719580681392737
Training on epoch 14
Training loss on iteration 0 = 0.00028921995544806123
Training loss on iteration 20 = 0.03828508244914701
Training loss on iteration 40 = 0.007376569753068907
Training loss on iteration 60 = 0.038666560753335945
Training loss on iteration 80 = 0.01340944119147025
Training loss on iteration 100 = 0.0027551208675504315
Training loss on iteration 120 = 0.017161274543650507
Training loss on iteration 140 = 0.05064526623282291
Training loss on iteration 160 = 0.010038062018429628
Training loss on iteration 180 = 0.009302738042606506
Training loss on iteration 200 = 0.026291397887689527
Training loss on iteration 220 = 0.04034476257947972
Training loss on iteration 240 = 0.007062665583725902
Training loss on iteration 260 = 0.007367621798766777
Training loss on iteration 280 = 0.0036553400545017213
Training loss on iteration 300 = 0.012422580351449141
Training loss on iteration 320 = 0.03640119657038667
Training loss on iteration 340 = 0.014990996414144319
Training loss on iteration 360 = 0.07246300755214179
Training loss on iteration 380 = 0.006099593316321261
Training loss on iteration 400 = 0.0029382367811194854
Training loss on iteration 420 = 0.0007520025644225826
Training loss on iteration 440 = 0.004839708670078835
Training loss on iteration 460 = 0.026370609451578274
Training loss on iteration 480 = 0.011265813875797902
Training loss on iteration 500 = 0.011120965578629693
Training loss on iteration 520 = 0.007522969816000114
Training loss on iteration 540 = 0.0027995827879749415
Training loss on iteration 560 = 0.00349492889308749
Training loss on iteration 580 = 0.005054517260202829
Training loss on iteration 600 = 0.007534005571142188
Training loss on iteration 620 = 0.0022445944240644168
Training loss on iteration 640 = 0.03321023995986252
Training loss on iteration 660 = 0.028010807723876496
Training loss on iteration 680 = 0.01638768520870144
Training loss on iteration 700 = 0.01805245421401196
Training loss on iteration 720 = 0.02484576323904548
Training loss on iteration 740 = 0.04176631241662108
Training loss on iteration 760 = 0.011859408769851143
Training loss on iteration 780 = 0.02285019745659156
Training loss on iteration 800 = 0.012915698736196645
Training loss on iteration 820 = 0.014575730558681244
Training loss on iteration 840 = 0.0013746044988693028
Training loss on iteration 860 = 0.0019783991466510997
Training loss on iteration 880 = 0.016172045838447956
Training loss on iteration 900 = 0.017412367740041644
Training loss on iteration 920 = 0.0037071756932164136
Training loss on iteration 940 = 0.01151101184275376
Training loss on iteration 960 = 0.008042747395029437
Training loss on iteration 980 = 0.01720705060065484
Training loss on iteration 1000 = 0.001709632337565381
Training loss on iteration 1020 = 0.003438698681190999
Training loss on iteration 1040 = 0.003110995207339329
Training loss on iteration 1060 = 0.0028992563012934626
Training loss on iteration 1080 = 0.021589786827780698
Training loss on iteration 1100 = 0.0011467229850609328
Training loss on iteration 1120 = 0.028666884089989252
Training loss on iteration 1140 = 0.01573063378873485
Training loss on iteration 1160 = 0.02072330330611294
Training loss on iteration 1180 = 0.05584071160510575
Training loss on iteration 1200 = 0.018289165248825158
Training loss on iteration 1220 = 0.0019433181738349957
Training loss on iteration 1240 = 0.017347367449974626
Training loss on iteration 1260 = 0.02387645559297198
Training loss on iteration 1280 = 0.06071963610399962
Training loss on iteration 1300 = 0.0034900840852060354
Training loss on iteration 1320 = 0.0385731266658695
Training loss on iteration 1340 = 0.007804045520606451
Training loss on iteration 1360 = 0.007895904371980577
Training loss on iteration 1380 = 0.005297770744255104
Training loss on iteration 1400 = 0.004200523540202994
Training loss on iteration 1420 = 0.010542722894842881
Training loss on iteration 1440 = 0.02964286570022523
Training loss on iteration 1460 = 0.005849473415582907
Training loss on iteration 1480 = 0.007874697508532336
Training loss on iteration 1500 = 0.0026987274656221417
Training loss on iteration 1520 = 0.011027497126804064
Training loss on iteration 1540 = 0.0033551936020273843
Training loss on iteration 1560 = 0.022472914391823907
Training loss on iteration 1580 = 0.000443332143470343
Training loss on iteration 1600 = 0.005848144450295934
Training loss on iteration 1620 = 0.0030009343796450596
Training loss on iteration 1640 = 0.0005116021415169314
Training loss on iteration 1660 = 0.02611938434130252
Training loss on iteration 1680 = 0.00942552621311279
Training loss on iteration 1700 = 0.0014927223067402906
Training loss on iteration 1720 = 0.006055591505355551
Training loss on iteration 1740 = 0.011910894690061014
Training loss on iteration 1760 = 0.01673739521152129
Training loss on iteration 1780 = 0.011810110762235126
Training loss on iteration 1800 = 0.017552258364457885
Training loss on iteration 1820 = 0.0039053859427554015
Training loss on iteration 1840 = 0.005506013864305714
Training loss on iteration 1860 = 0.017641702241780875
Training loss on iteration 1880 = 0.026378930534247048
Training loss on iteration 1900 = 0.0588831770900697
Training loss on iteration 1920 = 0.015677408532064875
Training loss on iteration 1940 = 0.004054608866499621
Training loss on iteration 1960 = 0.0028049779686625696
Training loss on iteration 1980 = 0.02171339953019924
Training loss on iteration 2000 = 0.001229593903008208
Training loss on iteration 2020 = 0.004374957656364131
Training loss on iteration 2040 = 0.030237017970284795
Training loss on iteration 2060 = 0.016382843498013243
Training loss on iteration 2080 = 0.016818794109622105
Training loss on iteration 2100 = 0.010162764837059513
Training loss on iteration 2120 = 0.0260372872172411
Training loss on iteration 2140 = 0.02750772978615714
Training loss on iteration 2160 = 0.04054676939776982
Training loss on iteration 2180 = 0.03458106597281585
Training loss on iteration 2200 = 0.006085182112292387
Training loss on iteration 2220 = 0.018224710995855275
Training loss on iteration 2240 = 0.01700799282425578
Training loss on iteration 2260 = 0.01620267117577896
Training loss on iteration 2280 = 0.05388673632769496
Training loss on iteration 2300 = 0.008906602182833012
Training loss on iteration 2320 = 0.006528193277335959
Training loss on iteration 2340 = 0.03522555781746632
Training loss on iteration 2360 = 0.0032860915787750857
Training loss on iteration 2380 = 0.004624758613772428
Training loss on iteration 2400 = 0.01650289898398114
Training loss on iteration 2420 = 0.010313395116463652
Training loss on iteration 2440 = 0.02148518455944668
Training loss on iteration 2460 = 0.010248782581948035
Training loss on iteration 2480 = 0.113509193842674
Training loss on iteration 2500 = 0.030692693180026254
Training loss on iteration 2520 = 0.01617080510186497
Training loss on iteration 2540 = 0.02911303770233644
Training loss on iteration 2560 = 0.015124177391408011
Training loss on iteration 2580 = 0.011191321414662525
Training loss on iteration 2600 = 0.013844087471625244
Training loss on iteration 2620 = 0.021109853857433337
Training loss on iteration 2640 = 0.037405948163268476
Training loss on iteration 2660 = 0.0839991559550981
Training loss on iteration 2680 = 0.03985506819735747
Training loss on iteration 2700 = 0.009795309865148738
Training loss on iteration 2720 = 0.009262034646235406
Training loss on iteration 2740 = 0.008236873021269275
Training loss on iteration 2760 = 0.037993328982702225
Training loss on iteration 2780 = 0.02833851141476771
Training loss on iteration 2800 = 0.008004657382844015
Training loss on iteration 2820 = 0.02920935908186948
Training loss on iteration 2840 = 0.013506477241935499
Training loss on iteration 2860 = 0.022332131517396193
Training loss on iteration 2880 = 0.009175936337851454
Training loss on iteration 2900 = 0.05328053008961433
Training loss on iteration 2920 = 0.01981410892258282
Training loss on iteration 2940 = 0.03895932078153237
Training loss on iteration 2960 = 0.010365583808379597
Training loss on iteration 2980 = 0.01900047936287592
Training loss on iteration 3000 = 0.022762768841494106
Training loss on iteration 3020 = 0.0031013748128316367
Training loss on iteration 3040 = 0.012634544363390888
Training loss on iteration 3060 = 0.030564794320343935
Training loss on iteration 3080 = 0.00906261030800124
Training loss on iteration 3100 = 0.0026097581127942247
Training loss on iteration 3120 = 0.0015723905657068827
Training loss on iteration 3140 = 0.00970649787216189
Training loss on iteration 3160 = 0.021370109213853537
Training loss on iteration 3180 = 0.023004905151628917
Training loss on iteration 3200 = 0.025329259921909396
Training loss on iteration 3220 = 0.02709299854523124
Training loss on iteration 3240 = 0.014618969504954293
Training loss on iteration 3260 = 0.019959960196501925
Training loss on iteration 3280 = 0.003456340159254978
Training loss on iteration 3300 = 0.013387511713790445
Training loss on iteration 3320 = 0.001232070005960395
Training loss on iteration 3340 = 0.005659030984543278
Training loss on iteration 3360 = 0.020542373047283034
Training loss on iteration 3380 = 0.023745979046452703
Training loss on iteration 3400 = 0.024428754608652525
Training loss on iteration 3420 = 0.021802605878110625
Training loss on iteration 3440 = 0.008300894521516966
Training loss on iteration 3460 = 0.034556570603706406
Training loss on iteration 3480 = 0.013196586903541174
Training loss on iteration 3500 = 0.02032653892583767
Training loss on iteration 3520 = 0.02974729987763567
Training loss on iteration 3540 = 0.0034591575604508763
Training loss on iteration 3560 = 0.00891902293642488
Training loss on iteration 3580 = 0.014422313272775966
Training loss on iteration 3600 = 0.02654882933547924
Training loss on iteration 3620 = 0.009777477189436468
Training loss on iteration 3640 = 0.01808895559197481
Training loss on iteration 3660 = 0.011522376232937859
Training loss on iteration 3680 = 0.01253534290422067
Training loss on iteration 3700 = 0.04992824196524452
Training loss on iteration 3720 = 0.016826860134096934
Training loss on iteration 3740 = 0.008139138513433864
Training loss on iteration 3760 = 0.0028339573613266112
Training loss on iteration 3780 = 0.025401659233489228
Training loss on iteration 3800 = 0.03827217429995926
Training loss on iteration 3820 = 0.023434595244498268
Training loss on iteration 3840 = 0.01773619254308869
Training loss on iteration 3860 = 0.0026023623409855644
Training loss on iteration 3880 = 0.01361325843463419
Training loss on iteration 3900 = 0.024952548032524648
Training loss on iteration 3920 = 0.03758712607705093
Training loss on iteration 3940 = 0.00919032883757609
Training loss on iteration 3960 = 0.017508102899591906
Training loss on iteration 3980 = 0.0026389387974631974
Training loss on iteration 4000 = 0.0041121785819996145
Training loss on iteration 4020 = 0.013052069316472625
Training loss on iteration 4040 = 0.026409911155860756
Training loss on iteration 4060 = 0.02894810238976788
Training loss on iteration 4080 = 0.014438067016453716
Training loss on iteration 4100 = 0.0031503731141583557
Training loss on iteration 4120 = 0.0020068337106749824
Training loss on iteration 4140 = 0.01700848549348848
Training loss on iteration 4160 = 0.0315893896498892
Training loss on iteration 4180 = 0.003317106175381923
Training loss on iteration 4200 = 0.0024297170956288027
Training loss on iteration 4220 = 0.007161488029760221
Training loss on iteration 4240 = 0.025182088645942714
Training loss on iteration 4260 = 0.003746402456999931
Training loss on iteration 4280 = 0.005151202413526334
Training loss on iteration 4300 = 0.0007616423439685604
Training loss on iteration 4320 = 0.003980851374558369
Training loss on iteration 4340 = 0.00509402427564396
Training loss on iteration 4360 = 0.033463930975563015
Training loss on iteration 4380 = 0.021450363901684
Training loss on iteration 4400 = 0.019850769405911704
Training loss on iteration 4420 = 0.0015294052426952475
Training loss on iteration 4440 = 0.011831360667702028
Training loss on iteration 4460 = 0.0005921302127376293
Training loss on iteration 4480 = 0.039317232313999285
Training loss on iteration 4500 = 0.012333741329348414
Training loss on iteration 4520 = 0.027684532158309592
Training loss on iteration 4540 = 0.025574480607610896
Training loss on iteration 4560 = 0.012217641536335578
Training loss on iteration 4580 = 0.01224846257077843
Training loss on iteration 4600 = 0.007828335895078453
Training loss on iteration 4620 = 0.0033703702406910454
Training loss on iteration 4640 = 0.017137894667530417
Training loss on iteration 4660 = 0.02637689166264181
Training loss on iteration 4680 = 0.01690619741784758
Training loss on iteration 4700 = 0.023420686992304242
Training loss on iteration 4720 = 0.03337917311591809
Training loss on iteration 4740 = 0.009446822181462266
Training loss on iteration 4760 = 0.0062983473047552255
Training loss on iteration 4780 = 0.005608180044364986
Training loss on iteration 4800 = 0.0020699499319903223
Training loss on iteration 4820 = 0.06859399696415949
Training loss on iteration 4840 = 0.013003555060276995
Training loss on iteration 4860 = 0.008214010899973801
Training loss on iteration 4880 = 0.018368794855632586
Training loss on iteration 4900 = 0.008714986919767399
Training loss on iteration 4920 = 0.0020731171934130544
Training loss on iteration 4940 = 0.02426952583368802
Training loss on iteration 4960 = 0.002104524161450172
Training loss on iteration 4980 = 0.039424702283486115
Training loss on iteration 5000 = 0.022494549413386265
Training loss on iteration 5020 = 0.004853247140999883
Training loss on iteration 5040 = 0.030029484652186512
Training loss on iteration 5060 = 0.004528809561452363
Training loss on iteration 5080 = 0.00993229504674673
Training loss on iteration 5100 = 0.006837328497203999
Training loss on iteration 5120 = 0.02489963719081061
Training loss on iteration 5140 = 0.004410396506165171
Training loss on iteration 5160 = 0.00574924080389394
Training loss on iteration 5180 = 0.041565819293997205
Training loss on iteration 5200 = 0.006032776916515559
Training loss on iteration 5220 = 0.005955865222904322
Training loss on iteration 5240 = 0.028079999127885457
Training loss on iteration 5260 = 0.014263705369376111
Training loss on iteration 5280 = 0.006666872414643876
Training loss on iteration 5300 = 0.007106164176639141
Training loss on iteration 5320 = 0.0007810961908489844
Training loss on iteration 5340 = 0.001431292055644917
Training loss on iteration 5360 = 0.01680766079975058
Training loss on iteration 5380 = 0.06261724681522765
Training loss on iteration 5400 = 0.015252231639124147
Training loss on iteration 5420 = 0.03831459971934237
Training loss on iteration 5440 = 0.0168978434507153
Training loss on iteration 5460 = 0.017398397856413794
Training loss on iteration 5480 = 0.026809870920396862
Training loss on iteration 5500 = 0.06907303277821483
Training loss on iteration 5520 = 0.015799090085783972
Training loss on iteration 5540 = 0.00616290323141584
Training loss on iteration 5560 = 0.025627552630612626
Training loss on iteration 5580 = 0.011305340306716972
Training loss on iteration 5600 = 0.03046988288006105
Training loss on iteration 5620 = 0.014198573256726377
Training loss on iteration 5640 = 0.013459114028228214
Training loss on iteration 5660 = 0.050124840436637896
Training loss on iteration 5680 = 0.014321107058913185
Training loss on iteration 5700 = 0.013617318365868413
Training loss on iteration 5720 = 0.05683814986332436
Training loss on iteration 5740 = 0.014373327778594102
Training loss on iteration 5760 = 0.009372988312679808
Training loss on iteration 5780 = 0.008118375559570267
Training loss on iteration 5800 = 0.008891865304076419
Training loss on iteration 5820 = 0.001212891665954885
Training loss on iteration 5840 = 0.006654356850322074
Training loss on iteration 5860 = 0.026588927368788973
Training loss on iteration 5880 = 0.0019815802301309305
Training loss on iteration 5900 = 0.009559867077427953
Training loss on iteration 5920 = 0.010201213997447667
Training loss on iteration 5940 = 0.033783821012980296
Training loss on iteration 5960 = 0.008331117006946442
Training loss on iteration 5980 = 0.05022198865572136
Training loss on iteration 6000 = 0.0387341867757641
Training loss on iteration 6020 = 0.01142648961103987
Training loss on iteration 6040 = 0.020996674457273913
Training loss on iteration 6060 = 0.03879616931735654
Training loss on iteration 6080 = 0.014031087194234714
Training loss on iteration 6100 = 0.01855178094419898
Training loss on iteration 6120 = 0.008403760951659933
Training loss on iteration 6140 = 0.004161576903516107
Training loss on iteration 6160 = 0.013283643970135017
Training loss on iteration 6180 = 0.00538147444342485
Training loss on iteration 6200 = 0.016083697905179405
Training loss on iteration 6220 = 0.003095384112305055
Training loss on iteration 6240 = 0.005173480301380096
Training loss on iteration 6260 = 0.03878109554555067
Training loss on iteration 6280 = 0.029047434990206965
Training loss on iteration 6300 = 0.010235932633440826
Training loss on iteration 6320 = 0.006037399179967906
Training loss on iteration 6340 = 0.003398629103321582
Training loss on iteration 6360 = 0.01832937707254132
Training loss on iteration 6380 = 0.01565053198419264
Training loss on iteration 6400 = 0.004861791360963252
Training loss on iteration 6420 = 0.01036107492609517
Training loss on iteration 6440 = 0.0472815013267109
Training loss on iteration 6460 = 0.028377262502908708
Training loss on iteration 6480 = 0.005400720980469486
Training loss on iteration 6500 = 0.017926473591069227
Training loss on iteration 6520 = 0.014719222785060992
Training loss on iteration 6540 = 0.020559055337525934
Training loss on iteration 6560 = 0.019875273505749646
Training loss on iteration 6580 = 0.016836060290097522
Training loss on iteration 6600 = 0.005852232309734973
Training loss on iteration 6620 = 0.006967677577449649
Training loss on iteration 6640 = 0.001236022811190196
Training loss on iteration 6660 = 0.018735219600057463
Training loss on iteration 6680 = 0.004495643092195678
Training loss on iteration 6700 = 0.0012102617791242664
Training loss on iteration 6720 = 0.023981824674683593
Training loss on iteration 6740 = 0.0013555050924651368
Training loss on iteration 6760 = 0.03485049380251439
Training loss on iteration 6780 = 0.03863606334161886
Training loss on iteration 6800 = 0.017774238375932328
Training loss on iteration 6820 = 0.0029579537484096365
Training loss on iteration 6840 = 0.003614217064841796
Training loss on iteration 6860 = 0.013799005413420672
Training loss on iteration 6880 = 0.008933094059102586
Training loss on iteration 6900 = 0.00032688533569853463
Training loss on iteration 6920 = 0.0014873314082535672
Training loss on iteration 6940 = 0.0497636620600133
Training loss on iteration 6960 = 0.00821351518643496
Training loss on iteration 6980 = 0.01737729167566613
Training loss on iteration 7000 = 0.02988314381764212
Training loss on iteration 7020 = 0.020228932672762313
Training loss on iteration 7040 = 0.009782897585319006
Training loss on iteration 7060 = 0.016256802998759666
Training loss on iteration 7080 = 0.003649479263731337
Training loss on iteration 7100 = 0.01023215826778312
Training loss on iteration 7120 = 0.025258417095687945
Training loss on iteration 7140 = 0.014745968335228099
Training loss on iteration 7160 = 0.01570115103218086
Training loss on iteration 7180 = 0.01005801607813055
Training loss on iteration 7200 = 0.08661531108546114
Training loss on iteration 7220 = 0.01160638618930534
Training loss on iteration 7240 = 0.00398100167294615
Training loss on iteration 7260 = 0.02963990760326851
Training loss on iteration 7280 = 0.023795112500738468
Training loss on iteration 7300 = 0.0333792175311828
Training loss on iteration 7320 = 0.020472981484635965
Training loss on iteration 7340 = 0.001987564160299371
Training loss on iteration 7360 = 0.026117764591799642
Training loss on iteration 7380 = 0.005691108058090322
Training loss on iteration 7400 = 0.013112125903899142
Training loss on iteration 7420 = 0.011064912200527032
Training loss on iteration 7440 = 0.004773476425270928
Training loss on iteration 7460 = 0.034704045753642276
Training loss on iteration 7480 = 0.00892623196778004
### EVAL:: Epoch 14:: Loss = 0.005945335628621203 :: ACC = 0.9980344440284538, AUC = 0.9999763201859876, EER = 0.0018719580681392737
Training on epoch 15
Training loss on iteration 0 = 0.0014814529567956924
Training loss on iteration 20 = 0.0048423027017406636
Training loss on iteration 40 = 0.05623720186322316
Training loss on iteration 60 = 0.00291809767641098
Training loss on iteration 80 = 0.02712457919114968
Training loss on iteration 100 = 0.05199843408627203
Training loss on iteration 120 = 0.028597018077562097
Training loss on iteration 140 = 0.021821204996376763
Training loss on iteration 160 = 0.006761661862401525
Training loss on iteration 180 = 0.03490417679513484
Training loss on iteration 200 = 0.009743657856051868
Training loss on iteration 220 = 0.041169460434684876
Training loss on iteration 240 = 0.013707451881055021
Training loss on iteration 260 = 0.00534618359633896
Training loss on iteration 280 = 0.0028910585870107752
Training loss on iteration 300 = 0.002597567593875283
Training loss on iteration 320 = 0.008254242583370796
Training loss on iteration 340 = 0.015965807971042523
Training loss on iteration 360 = 0.0071307497747511665
Training loss on iteration 380 = 0.02504025186299259
Training loss on iteration 400 = 0.0052910633114152
Training loss on iteration 420 = 0.04124817960669134
Training loss on iteration 440 = 0.006215581753349397
Training loss on iteration 460 = 0.03407803943700856
Training loss on iteration 480 = 0.00466484214321099
Training loss on iteration 500 = 0.03192088110936311
Training loss on iteration 520 = 0.010925623243474547
Training loss on iteration 540 = 0.01967884641180717
Training loss on iteration 560 = 0.020229993388056755
Training loss on iteration 580 = 0.01568080350289165
Training loss on iteration 600 = 0.01178582722604915
Training loss on iteration 620 = 0.0039354780733447114
Training loss on iteration 640 = 0.006812234344874923
Training loss on iteration 660 = 0.002662038426115032
Training loss on iteration 680 = 0.012928257480018602
Training loss on iteration 700 = 0.007118162341794232
Training loss on iteration 720 = 0.004434089234393923
Training loss on iteration 740 = 0.023811223198345034
Training loss on iteration 760 = 0.006220273775898022
Training loss on iteration 780 = 0.04570708891487811
Training loss on iteration 800 = 0.014806601861164382
Training loss on iteration 820 = 0.016409831666896933
Training loss on iteration 840 = 0.0028190129349241035
Training loss on iteration 860 = 0.001324631639317886
Training loss on iteration 880 = 0.07333885837097114
Training loss on iteration 900 = 0.03382781078398693
Training loss on iteration 920 = 0.004224368453287752
Training loss on iteration 940 = 0.02106892579322448
Training loss on iteration 960 = 0.0016985867761832197
Training loss on iteration 980 = 0.034670314789400435
Training loss on iteration 1000 = 0.008087990748754237
Training loss on iteration 1020 = 0.056803740249597466
Training loss on iteration 1040 = 0.012629974944866262
Training loss on iteration 1060 = 0.011905161395407048
Training loss on iteration 1080 = 0.013008762362005655
Training loss on iteration 1100 = 0.016302222741069274
Training loss on iteration 1120 = 0.004289551314286655
Training loss on iteration 1140 = 0.008768636019522092
Training loss on iteration 1160 = 0.004962744306794775
Training loss on iteration 1180 = 0.006777394037089835
Training loss on iteration 1200 = 0.04619648189718646
Training loss on iteration 1220 = 0.004857046915640239
Training loss on iteration 1240 = 0.03368727462093375
Training loss on iteration 1260 = 0.0028513810510048644
Training loss on iteration 1280 = 0.017678120570781174
Training loss on iteration 1300 = 0.03597251766623231
Training loss on iteration 1320 = 0.03325728098279797
Training loss on iteration 1340 = 0.01801152199623175
Training loss on iteration 1360 = 0.011863928985258098
Training loss on iteration 1380 = 0.04155228305025958
Training loss on iteration 1400 = 0.02107228859240422
Training loss on iteration 1420 = 0.010064008057815954
Training loss on iteration 1440 = 0.001733550837252551
Training loss on iteration 1460 = 0.0022980094978265696
Training loss on iteration 1480 = 0.0033982711047428893
Training loss on iteration 1500 = 0.015064045177678054
Training loss on iteration 1520 = 0.01802727638569195
Training loss on iteration 1540 = 0.0041673156669276065
Training loss on iteration 1560 = 0.01593795590837317
Training loss on iteration 1580 = 0.000980818494997493
Training loss on iteration 1600 = 0.05562789607574814
Training loss on iteration 1620 = 0.007351591964470572
Training loss on iteration 1640 = 0.009569985825328331
Training loss on iteration 1660 = 0.012178413894434924
Training loss on iteration 1680 = 0.01947427730419804
Training loss on iteration 1700 = 0.020158649710901956
Training loss on iteration 1720 = 0.00372843747427396
Training loss on iteration 1740 = 0.00773612689699803
Training loss on iteration 1760 = 0.0026862909717237926
Training loss on iteration 1780 = 0.007787562331782283
Training loss on iteration 1800 = 0.0024659254482685355
Training loss on iteration 1820 = 0.019927171649760565
Training loss on iteration 1840 = 0.017908368510046558
Training loss on iteration 1860 = 0.014424411304707974
Training loss on iteration 1880 = 0.023723028677477487
Training loss on iteration 1900 = 0.0174057631657206
Training loss on iteration 1920 = 0.0030321389329856173
Training loss on iteration 1940 = 0.005550784655952157
Training loss on iteration 1960 = 0.007784477891186725
Training loss on iteration 1980 = 0.007233793714425474
Training loss on iteration 2000 = 0.002082200897268649
Training loss on iteration 2020 = 0.004278603227930944
Training loss on iteration 2040 = 0.00446291657308393
Training loss on iteration 2060 = 0.0005787488150545527
Training loss on iteration 2080 = 0.005067139618586225
Training loss on iteration 2100 = 0.004296850384939432
Training loss on iteration 2120 = 0.0004440910019383182
Training loss on iteration 2140 = 0.011668461359124648
Training loss on iteration 2160 = 0.004889334456731831
Training loss on iteration 2180 = 0.0030297083794039283
Training loss on iteration 2200 = 0.004014308309902503
Training loss on iteration 2220 = 0.010567362755921295
Training loss on iteration 2240 = 0.010359682307290185
Training loss on iteration 2260 = 0.008026560299969888
Training loss on iteration 2280 = 0.01358722424077392
Training loss on iteration 2300 = 0.06513289723354063
Training loss on iteration 2320 = 0.007882518117867221
Training loss on iteration 2340 = 0.06093962703816942
Training loss on iteration 2360 = 0.012635880451853154
Training loss on iteration 2380 = 0.0631882744259201
Training loss on iteration 2400 = 0.0215626331671956
Training loss on iteration 2420 = 0.006951102251332486
Training loss on iteration 2440 = 0.00572262206042069
Training loss on iteration 2460 = 0.014553945873922202
Training loss on iteration 2480 = 0.02450654992790078
Training loss on iteration 2500 = 0.0069304424159781775
Training loss on iteration 2520 = 0.026544468316023993
Training loss on iteration 2540 = 0.027154021002570517
Training loss on iteration 2560 = 0.011889171931443343
Training loss on iteration 2580 = 0.022704902555597074
Training loss on iteration 2600 = 0.0162361227974543
Training loss on iteration 2620 = 0.007441788736650778
Training loss on iteration 2640 = 0.02601865673223074
Training loss on iteration 2660 = 0.0020724887723190476
Training loss on iteration 2680 = 0.010706824665305703
Training loss on iteration 2700 = 0.0005329940025148971
Training loss on iteration 2720 = 0.0023692520061217694
Training loss on iteration 2740 = 0.060842452301039886
Training loss on iteration 2760 = 0.0494671431973984
Training loss on iteration 2780 = 0.01430384521081578
Training loss on iteration 2800 = 0.011821666686955723
Training loss on iteration 2820 = 0.022352758721535793
Training loss on iteration 2840 = 0.024597897326202656
Training loss on iteration 2860 = 0.028373350006040708
Training loss on iteration 2880 = 0.031110048417031067
Training loss on iteration 2900 = 0.002018853637673601
Training loss on iteration 2920 = 0.00775307792937383
Training loss on iteration 2940 = 0.008430749352282874
Training loss on iteration 2960 = 0.00287694458011174
Training loss on iteration 2980 = 0.005388944168771559
Training loss on iteration 3000 = 0.005066706707475532
Training loss on iteration 3020 = 0.0394847343841775
Training loss on iteration 3040 = 0.017438593095357648
Training loss on iteration 3060 = 0.0038426653782153153
Training loss on iteration 3080 = 0.007433189495804982
Training loss on iteration 3100 = 0.0053484560977949515
Training loss on iteration 3120 = 0.0032090405781673324
Training loss on iteration 3140 = 0.005701025499325852
Training loss on iteration 3160 = 0.006997767748248407
Training loss on iteration 3180 = 0.0008216636122170939
Training loss on iteration 3200 = 0.0001066350903329294
Training loss on iteration 3220 = 0.0070626867206385665
Training loss on iteration 3240 = 0.01068396435355794
Training loss on iteration 3260 = 0.008216767044754648
Training loss on iteration 3280 = 0.024764386312801888
Training loss on iteration 3300 = 0.03453272768147144
Training loss on iteration 3320 = 0.022448821290163325
Training loss on iteration 3340 = 0.033700420241802934
Training loss on iteration 3360 = 0.010020911137689836
Training loss on iteration 3380 = 0.001975426187436824
Training loss on iteration 3400 = 0.06476664555157186
Training loss on iteration 3420 = 0.07290832609578501
Training loss on iteration 3440 = 0.006781181004043901
Training loss on iteration 3460 = 0.00970088749054412
Training loss on iteration 3480 = 0.00987228826415958
Training loss on iteration 3500 = 0.011461885077460465
Training loss on iteration 3520 = 0.023084667398870808
Training loss on iteration 3540 = 0.02239900201639102
Training loss on iteration 3560 = 0.014029436301461829
Training loss on iteration 3580 = 0.002602149430379086
Training loss on iteration 3600 = 0.054157044494138516
Training loss on iteration 3620 = 0.03900757722822164
Training loss on iteration 3640 = 0.009503227937966586
Training loss on iteration 3660 = 0.013452251119997528
Training loss on iteration 3680 = 0.0037682335494537257
Training loss on iteration 3700 = 0.007105793790242387
Training loss on iteration 3720 = 0.0035812904461408833
Training loss on iteration 3740 = 0.01139503384188174
Training loss on iteration 3760 = 0.020528290935857285
Training loss on iteration 3780 = 0.006703734671317818
Training loss on iteration 3800 = 0.027978885753094575
Training loss on iteration 3820 = 0.003681003088172474
Training loss on iteration 3840 = 0.0038315336291987025
Training loss on iteration 3860 = 0.011418484940622874
Training loss on iteration 3880 = 0.0016921370467798623
Training loss on iteration 3900 = 0.019005349042811304
Training loss on iteration 3920 = 0.03125205654767456
Training loss on iteration 3940 = 0.0015602905265041044
Training loss on iteration 3960 = 0.04582536182740569
Training loss on iteration 3980 = 0.008247975283848064
Training loss on iteration 4000 = 0.015123033319179057
Training loss on iteration 4020 = 0.05532504191687622
Training loss on iteration 4040 = 0.004612997564981925
Training loss on iteration 4060 = 0.0027360013740690193
Training loss on iteration 4080 = 0.013519912661286071
Training loss on iteration 4100 = 0.02135946752059681
Training loss on iteration 4120 = 0.027468215458884514
Training loss on iteration 4140 = 0.03132508800626965
Training loss on iteration 4160 = 0.04312157322874555
Training loss on iteration 4180 = 0.008169038440610166
Training loss on iteration 4200 = 0.036947653191782594
Training loss on iteration 4220 = 0.041200229922833384
Training loss on iteration 4240 = 0.03039389245095663
Training loss on iteration 4260 = 0.005256251741229789
Training loss on iteration 4280 = 0.009648171666412964
Training loss on iteration 4300 = 0.009794083348788262
Training loss on iteration 4320 = 0.02010286305558111
Training loss on iteration 4340 = 0.007184831640552147
Training loss on iteration 4360 = 0.001528736612999637
Training loss on iteration 4380 = 0.007990572156177222
Training loss on iteration 4400 = 0.05790966032319318
Training loss on iteration 4420 = 0.08801566959591582
Training loss on iteration 4440 = 0.033461147293564864
Training loss on iteration 4460 = 0.012013950620894321
Training loss on iteration 4480 = 0.024834035611274886
Training loss on iteration 4500 = 0.02179754493990913
Training loss on iteration 4520 = 0.01984011223685229
Training loss on iteration 4540 = 0.030010646453592926
Training loss on iteration 4560 = 0.0033039685058611212
Training loss on iteration 4580 = 0.02526928529696306
Training loss on iteration 4600 = 0.02332399220249499
Training loss on iteration 4620 = 0.003231768346086028
Training loss on iteration 4640 = 0.000961074288625241
Training loss on iteration 4660 = 0.0007404828683320374
Training loss on iteration 4680 = 0.02442762109067189
Training loss on iteration 4700 = 0.017832812862980062
Training loss on iteration 4720 = 0.008550923946131661
Training loss on iteration 4740 = 0.01242171998401318
Training loss on iteration 4760 = 0.00780569152834687
Training loss on iteration 4780 = 0.0017401504193003347
Training loss on iteration 4800 = 0.022359914312619366
Training loss on iteration 4820 = 0.03400565812738705
Training loss on iteration 4840 = 0.00501880930041807
Training loss on iteration 4860 = 0.007765746080804092
Training loss on iteration 4880 = 0.01624608526681186
Training loss on iteration 4900 = 0.011866466706669599
Training loss on iteration 4920 = 0.003487815081507506
Training loss on iteration 4940 = 0.017418619474244678
Training loss on iteration 4960 = 0.02813665254971056
Training loss on iteration 4980 = 0.018727007925701856
Training loss on iteration 5000 = 0.009377576599445093
Training loss on iteration 5020 = 0.0013462248222822382
Training loss on iteration 5040 = 0.013846334546451544
Training loss on iteration 5060 = 0.005594880709395511
Training loss on iteration 5080 = 0.01158355337975081
Training loss on iteration 5100 = 0.011080278319172975
Training loss on iteration 5120 = 0.006596939395421941
Training loss on iteration 5140 = 0.02422659680476045
Training loss on iteration 5160 = 0.011207906951403857
Training loss on iteration 5180 = 0.020901859516470722
Training loss on iteration 5200 = 0.006181886488411692
Training loss on iteration 5220 = 0.016469113347676513
Training loss on iteration 5240 = 0.007760515759400732
Training loss on iteration 5260 = 0.005919427253439835
Training loss on iteration 5280 = 0.00505046945788763
Training loss on iteration 5300 = 0.0050237715021523854
Training loss on iteration 5320 = 0.013655144074436975
Training loss on iteration 5340 = 0.01205083874515367
Training loss on iteration 5360 = 0.029921868429221378
Training loss on iteration 5380 = 0.010700860716542592
Training loss on iteration 5400 = 0.00017781666842893175
Training loss on iteration 5420 = 0.009573739992060838
Training loss on iteration 5440 = 0.00999126087658624
Training loss on iteration 5460 = 0.048764971169930504
Training loss on iteration 5480 = 0.005117146240991133
Training loss on iteration 5500 = 0.0032816059290780688
Training loss on iteration 5520 = 0.002446557905204827
Training loss on iteration 5540 = 0.003195941374497124
Training loss on iteration 5560 = 0.001122261518094092
Training loss on iteration 5580 = 0.003597491586083379
Training loss on iteration 5600 = 0.007498786160158488
Training loss on iteration 5620 = 0.021666909133489298
Training loss on iteration 5640 = 0.011812805818681226
Training loss on iteration 5660 = 0.017233423886318634
Training loss on iteration 5680 = 0.019115536901756512
Training loss on iteration 5700 = 0.017124537124527706
Training loss on iteration 5720 = 0.004126611412817738
Training loss on iteration 5740 = 0.0008660799795393359
Training loss on iteration 5760 = 0.01120479343076113
Training loss on iteration 5780 = 0.03218051786379874
Training loss on iteration 5800 = 0.012740176904009104
Training loss on iteration 5820 = 0.0008948865879204959
Training loss on iteration 5840 = 0.006782564427803095
Training loss on iteration 5860 = 0.002214597281817987
Training loss on iteration 5880 = 0.04311433473389457
Training loss on iteration 5900 = 0.032574770871985945
Training loss on iteration 5920 = 0.009357858911016592
Training loss on iteration 5940 = 0.020232824284903472
Training loss on iteration 5960 = 0.011793720345485781
Training loss on iteration 5980 = 0.018447238769931575
Training loss on iteration 6000 = 0.004721001821371829
Training loss on iteration 6020 = 0.013448488700828421
Training loss on iteration 6040 = 0.003034033955009363
Training loss on iteration 6060 = 0.01889153767720302
Training loss on iteration 6080 = 0.011531486532044255
Training loss on iteration 6100 = 0.003345894996914467
Training loss on iteration 6120 = 0.016748360660926664
Training loss on iteration 6140 = 0.022694740190854646
Training loss on iteration 6160 = 0.01110883188272851
Training loss on iteration 6180 = 0.030658763013977363
Training loss on iteration 6200 = 0.0024923166118696826
Training loss on iteration 6220 = 0.009726879557324253
Training loss on iteration 6240 = 0.004786683788535129
Training loss on iteration 6260 = 0.0024001666657795795
Training loss on iteration 6280 = 0.0443395975864405
Training loss on iteration 6300 = 0.006262106813414903
Training loss on iteration 6320 = 0.00276611941039846
Training loss on iteration 6340 = 0.004988994620953235
Training loss on iteration 6360 = 0.044818601816223234
Training loss on iteration 6380 = 0.008042374211368043
Training loss on iteration 6400 = 0.0035698556984243624
Training loss on iteration 6420 = 0.008824100982201344
Training loss on iteration 6440 = 0.013074340858383948
Training loss on iteration 6460 = 0.010292120764972879
Training loss on iteration 6480 = 0.011481028081607291
Training loss on iteration 6500 = 0.0021698704167874895
Training loss on iteration 6520 = 0.0025933710395747767
Training loss on iteration 6540 = 0.007912509071064732
Training loss on iteration 6560 = 0.023464533639844375
Training loss on iteration 6580 = 0.0641238689300053
Training loss on iteration 6600 = 0.029515796125269844
Training loss on iteration 6620 = 0.012509171214333037
Training loss on iteration 6640 = 0.009266050150654338
Training loss on iteration 6660 = 0.007483964867151372
Training loss on iteration 6680 = 0.012240688984547887
Training loss on iteration 6700 = 0.01918805700684061
Training loss on iteration 6720 = 0.0017659082162936103
Training loss on iteration 6740 = 0.00039861684840616365
Training loss on iteration 6760 = 0.029364352865491126
Training loss on iteration 6780 = 0.008602264594264853
Training loss on iteration 6800 = 0.010257366623227427
Training loss on iteration 6820 = 0.0026022847803005788
Training loss on iteration 6840 = 0.0025173374251380664
Training loss on iteration 6860 = 0.005649565129897382
Training loss on iteration 6880 = 0.002014888677734916
Training loss on iteration 6900 = 0.00905056674256457
Training loss on iteration 6920 = 0.03557868100348287
Training loss on iteration 6940 = 0.029793581783451373
Training loss on iteration 6960 = 0.035447859099622295
Training loss on iteration 6980 = 0.02384102900959988
Training loss on iteration 7000 = 0.03360086563880031
Training loss on iteration 7020 = 0.003305889906368975
Training loss on iteration 7040 = 0.004670863130559155
Training loss on iteration 7060 = 0.007049625112449576
Training loss on iteration 7080 = 0.015756303696343822
Training loss on iteration 7100 = 0.012852525375001278
Training loss on iteration 7120 = 0.002038189398808754
Training loss on iteration 7140 = 0.01856802146598966
Training loss on iteration 7160 = 0.01704456396328169
Training loss on iteration 7180 = 0.022475003369982004
Training loss on iteration 7200 = 0.01558819295498779
Training loss on iteration 7220 = 0.01716433259707628
Training loss on iteration 7240 = 0.01155521673340445
Training loss on iteration 7260 = 0.002433882514196739
Training loss on iteration 7280 = 0.006684193492219492
Training loss on iteration 7300 = 0.002586216739689462
Training loss on iteration 7320 = 0.007639755516203195
Training loss on iteration 7340 = 0.009639195602800044
Training loss on iteration 7360 = 0.031805604798466905
Training loss on iteration 7380 = 0.008213224312294187
Training loss on iteration 7400 = 0.003393857229235664
Training loss on iteration 7420 = 0.02942608872654091
Training loss on iteration 7440 = 0.03305394717167474
Training loss on iteration 7460 = 0.0191259828573493
Training loss on iteration 7480 = 0.002907584965305432
### EVAL:: Epoch 15:: Loss = 0.00869822557154702 :: ACC = 0.9969112691875702, AUC = 0.999959114431374, EER = 0.002433545488581056
Training on epoch 16
Training loss on iteration 0 = 0.0011218602303415537
Training loss on iteration 20 = 0.002469236732531499
Training loss on iteration 40 = 0.005126586875621797
Training loss on iteration 60 = 0.016609280156748694
Training loss on iteration 80 = 0.003020507479959633
Training loss on iteration 100 = 0.006284542347566457
Training loss on iteration 120 = 0.0011547895548346787
Training loss on iteration 140 = 0.01713196720626229
Training loss on iteration 160 = 0.03493002313280158
Training loss on iteration 180 = 0.021845825854325086
Training loss on iteration 200 = 0.03324819249974098
Training loss on iteration 220 = 0.006878785349545069
Training loss on iteration 240 = 0.005083918970194645
Training loss on iteration 260 = 0.032769232183363785
Training loss on iteration 280 = 0.02239197319518098
Training loss on iteration 300 = 0.027952060961251846
Training loss on iteration 320 = 0.021476609063392972
Training loss on iteration 340 = 0.01411978876531066
Training loss on iteration 360 = 0.0035408969720265304
Training loss on iteration 380 = 0.03595659623824758
Training loss on iteration 400 = 0.0052016099751199365
Training loss on iteration 420 = 0.014078802752010233
Training loss on iteration 440 = 0.03949134385111393
Training loss on iteration 460 = 0.004957526819271152
Training loss on iteration 480 = 0.015978865035003766
Training loss on iteration 500 = 0.007827332778833806
Training loss on iteration 520 = 0.03727917420207518
Training loss on iteration 540 = 0.01345191277378035
Training loss on iteration 560 = 0.06775672769799712
Training loss on iteration 580 = 0.01755165218783077
Training loss on iteration 600 = 0.012498846948437859
Training loss on iteration 620 = 0.009855771275397274
Training loss on iteration 640 = 0.03185997032414889
Training loss on iteration 660 = 0.0008656376563521917
Training loss on iteration 680 = 0.0019791264732702983
Training loss on iteration 700 = 0.018265001992585895
Training loss on iteration 720 = 0.014660040325634328
Training loss on iteration 740 = 0.010210982901213583
Training loss on iteration 760 = 0.03534112015413484
Training loss on iteration 780 = 0.019852962933691744
Training loss on iteration 800 = 0.008254555641633488
Training loss on iteration 820 = 0.0029196466581197455
Training loss on iteration 840 = 0.011052122678938759
Training loss on iteration 860 = 0.008258693643801962
Training loss on iteration 880 = 0.004663730390802812
Training loss on iteration 900 = 0.01800871023660875
Training loss on iteration 920 = 0.004064453440878424
Training loss on iteration 940 = 0.0018430275273658482
Training loss on iteration 960 = 0.08365074795801775
Training loss on iteration 980 = 0.028798287278186764
Training loss on iteration 1000 = 0.04202235220218427
Training loss on iteration 1020 = 0.021688761331461137
Training loss on iteration 1040 = 0.01309996267555107
Training loss on iteration 1060 = 0.013382871010981035
Training loss on iteration 1080 = 0.0023170226210822873
Training loss on iteration 1100 = 0.04844688319108172
Training loss on iteration 1120 = 0.00503174175228196
Training loss on iteration 1140 = 0.007171233282133471
Training loss on iteration 1160 = 0.002417210400744807
Training loss on iteration 1180 = 0.003833060191391269
Training loss on iteration 1200 = 0.01859246924936997
Training loss on iteration 1220 = 0.008876145020258264
Training loss on iteration 1240 = 0.019266788790878307
Training loss on iteration 1260 = 0.026709588616358814
Training loss on iteration 1280 = 0.01266646906369715
Training loss on iteration 1300 = 0.030489675936951243
Training loss on iteration 1320 = 0.04120839759771115
Training loss on iteration 1340 = 0.04879541726404568
Training loss on iteration 1360 = 0.03100184623981477
Training loss on iteration 1380 = 0.03419580886766198
Training loss on iteration 1400 = 0.02177335840988235
Training loss on iteration 1420 = 0.02961557107482804
Training loss on iteration 1440 = 0.010739763783203671
Training loss on iteration 1460 = 0.03882857910502935
Training loss on iteration 1480 = 0.009309670407674275
Training loss on iteration 1500 = 0.0053723089142295065
Training loss on iteration 1520 = 0.002074507124052616
Training loss on iteration 1540 = 0.02123276885768064
Training loss on iteration 1560 = 0.0020218227238729012
Training loss on iteration 1580 = 0.038037954765218276
Training loss on iteration 1600 = 0.031998850934178334
Training loss on iteration 1620 = 0.0028127239951572847
Training loss on iteration 1640 = 0.023535952952988735
Training loss on iteration 1660 = 0.034521018867962994
Training loss on iteration 1680 = 0.019055125571321697
Training loss on iteration 1700 = 0.02467681767047907
Training loss on iteration 1720 = 0.013131665565333605
Training loss on iteration 1740 = 0.015079795233577897
Training loss on iteration 1760 = 0.005993197712177789
Training loss on iteration 1780 = 0.010745612337450439
Training loss on iteration 1800 = 0.03973338744367538
Training loss on iteration 1820 = 0.06061649645125726
Training loss on iteration 1840 = 0.027880706859286876
Training loss on iteration 1860 = 0.009769143286393955
Training loss on iteration 1880 = 0.019264766982087168
Training loss on iteration 1900 = 0.00858516083608265
Training loss on iteration 1920 = 0.005269933473118727
Training loss on iteration 1940 = 0.013272419565328163
Training loss on iteration 1960 = 0.003067131859552319
Training loss on iteration 1980 = 0.003215532113608788
Training loss on iteration 2000 = 0.0269760527854487
Training loss on iteration 2020 = 0.01745708217101196
Training loss on iteration 2040 = 0.02281615778374544
Training loss on iteration 2060 = 0.04325678985924242
Training loss on iteration 2080 = 0.02618811433567316
Training loss on iteration 2100 = 0.010681043942531688
Training loss on iteration 2120 = 0.006875470893737657
Training loss on iteration 2140 = 0.017818399206771574
Training loss on iteration 2160 = 0.02362103510859015
Training loss on iteration 2180 = 0.00999697665683925
Training loss on iteration 2200 = 0.004383327556934091
Training loss on iteration 2220 = 0.009335726657172926
Training loss on iteration 2240 = 0.010976168024262734
Training loss on iteration 2260 = 0.0013900785595069465
Training loss on iteration 2280 = 0.012077762798128333
Training loss on iteration 2300 = 0.007611640894690197
Training loss on iteration 2320 = 0.005882400093730667
Training loss on iteration 2340 = 0.010784977748934211
Training loss on iteration 2360 = 0.022446921621622096
Training loss on iteration 2380 = 0.09336470009830009
Training loss on iteration 2400 = 0.04082739436198608
Training loss on iteration 2420 = 0.0050288290847674945
Training loss on iteration 2440 = 0.0008850351598084672
Training loss on iteration 2460 = 0.0030690410963870817
Training loss on iteration 2480 = 0.0011371135230547225
Training loss on iteration 2500 = 0.002873778755861167
Training loss on iteration 2520 = 0.019710452201616137
Training loss on iteration 2540 = 0.022312301945294166
Training loss on iteration 2560 = 0.02022821735240541
Training loss on iteration 2580 = 0.028313029249511602
Training loss on iteration 2600 = 0.003924973177163338
Training loss on iteration 2620 = 0.005037706155235355
Training loss on iteration 2640 = 0.027741086854439344
Training loss on iteration 2660 = 0.013212351964966729
Training loss on iteration 2680 = 0.001167696045604316
Training loss on iteration 2700 = 0.001243594301050166
Training loss on iteration 2720 = 0.07044088057373302
Training loss on iteration 2740 = 0.07362652366718976
Training loss on iteration 2760 = 0.018369770258141217
Training loss on iteration 2780 = 0.007091384178784211
Training loss on iteration 2800 = 0.008689075615257025
Training loss on iteration 2820 = 0.009515021805418656
Training loss on iteration 2840 = 0.005160183465704904
Training loss on iteration 2860 = 0.005740686488388746
Training loss on iteration 2880 = 0.026233620433868055
Training loss on iteration 2900 = 0.03719864293889259
Training loss on iteration 2920 = 0.05029246914891701
Training loss on iteration 2940 = 0.015300993935670703
Training loss on iteration 2960 = 0.006766880435316125
Training loss on iteration 2980 = 0.0027396922325351623
Training loss on iteration 3000 = 0.0019095998419288661
Training loss on iteration 3020 = 0.0035781695220066466
Training loss on iteration 3040 = 0.0029640769324487336
Training loss on iteration 3060 = 0.005504797239109393
Training loss on iteration 3080 = 0.0015680675017392786
Training loss on iteration 3100 = 0.005709132543995565
Training loss on iteration 3120 = 0.03956542710559461
Training loss on iteration 3140 = 0.01235903454999061
Training loss on iteration 3160 = 0.002859324668861518
Training loss on iteration 3180 = 0.008726417475327253
Training loss on iteration 3200 = 0.024767803121358158
Training loss on iteration 3220 = 0.03323262014891952
Training loss on iteration 3240 = 0.015335808945565077
Training loss on iteration 3260 = 0.0029272578522068216
Training loss on iteration 3280 = 0.02027984770788862
Training loss on iteration 3300 = 0.002705888286254776
Training loss on iteration 3320 = 0.03741451071166466
Training loss on iteration 3340 = 0.02246796848194208
Training loss on iteration 3360 = 0.0405378148680029
Training loss on iteration 3380 = 0.02608493358711712
Training loss on iteration 3400 = 0.02209404079185333
Training loss on iteration 3420 = 0.04034663807069592
Training loss on iteration 3440 = 0.02625860640328028
Training loss on iteration 3460 = 0.017350349409389308
Training loss on iteration 3480 = 0.008827132944134064
Training loss on iteration 3500 = 0.002344022927172773
Training loss on iteration 3520 = 0.005253378261841135
Training loss on iteration 3540 = 0.00991796774615068
Training loss on iteration 3560 = 0.01327886314029456
Training loss on iteration 3580 = 0.015228671941395077
Training loss on iteration 3600 = 0.059449189408042
Training loss on iteration 3620 = 0.01922972353640944
Training loss on iteration 3640 = 0.012681863374382374
Training loss on iteration 3660 = 0.0075691461643145885
Training loss on iteration 3680 = 0.005281391479365993
Training loss on iteration 3700 = 0.004683218523859977
Training loss on iteration 3720 = 0.0486386583357671
Training loss on iteration 3740 = 0.017981066437278058
Training loss on iteration 3760 = 0.008182833324281092
Training loss on iteration 3780 = 0.006437027584865973
Training loss on iteration 3800 = 0.004537859025913349
Training loss on iteration 3820 = 0.0018253439899126533
Training loss on iteration 3840 = 0.0030872129320414386
Training loss on iteration 3860 = 0.010303973561894964
Training loss on iteration 3880 = 0.0037765990337788936
Training loss on iteration 3900 = 0.019302853337535453
Training loss on iteration 3920 = 0.0017353641325371428
Training loss on iteration 3940 = 0.00612983766313846
Training loss on iteration 3960 = 0.00038706912042698607
Training loss on iteration 3980 = 0.00037030529900903273
Training loss on iteration 4000 = 0.0021998175778890072
Training loss on iteration 4020 = 0.05342277911648807
Training loss on iteration 4040 = 0.028008840884649545
Training loss on iteration 4060 = 0.007769972182904894
Training loss on iteration 4080 = 0.0075545004412560955
Training loss on iteration 4100 = 0.0010529005150601734
Training loss on iteration 4120 = 0.03901209049454337
Training loss on iteration 4140 = 0.010544451696114265
Training loss on iteration 4160 = 0.025858447116115714
Training loss on iteration 4180 = 0.05804317941292538
Training loss on iteration 4200 = 0.011296216733171605
Training loss on iteration 4220 = 0.009351847972175165
Training loss on iteration 4240 = 0.005252900604864408
Training loss on iteration 4260 = 0.0014119527365437535
Training loss on iteration 4280 = 0.02043419047840871
Training loss on iteration 4300 = 0.017303092795918927
Training loss on iteration 4320 = 0.015540108029381373
Training loss on iteration 4340 = 0.06363262918489454
Training loss on iteration 4360 = 0.05081891060399357
Training loss on iteration 4380 = 0.018019135244685458
Training loss on iteration 4400 = 0.03255942713149125
Training loss on iteration 4420 = 0.023518942494047224
Training loss on iteration 4440 = 0.016432866510149323
Training loss on iteration 4460 = 0.015736370691956835
Training loss on iteration 4480 = 0.022154698680969885
Training loss on iteration 4500 = 0.01629908601171337
Training loss on iteration 4520 = 0.05454598215310398
Training loss on iteration 4540 = 0.045561815614564696
Training loss on iteration 4560 = 0.020126244268612935
Training loss on iteration 4580 = 0.015291177228209562
Training loss on iteration 4600 = 0.010486867629333574
Training loss on iteration 4620 = 0.006137263186974451
Training loss on iteration 4640 = 0.040954870585756
Training loss on iteration 4660 = 0.030098706437274813
Training loss on iteration 4680 = 0.031515414110253916
Training loss on iteration 4700 = 0.001900740082419361
Training loss on iteration 4720 = 0.004248722019474372
Training loss on iteration 4740 = 0.020870047374046408
Training loss on iteration 4760 = 0.022922744600464284
Training loss on iteration 4780 = 0.014507945661580379
Training loss on iteration 4800 = 0.017478705753137546
Training loss on iteration 4820 = 0.00719973736445354
Training loss on iteration 4840 = 0.002486429375562693
Training loss on iteration 4860 = 0.03434895244663494
Training loss on iteration 4880 = 0.01117465669176454
Training loss on iteration 4900 = 0.008982467339319556
Training loss on iteration 4920 = 0.01366525381381507
Training loss on iteration 4940 = 0.028539199990336783
Training loss on iteration 4960 = 0.006692283224674611
Training loss on iteration 4980 = 0.0036097494301429835
Training loss on iteration 5000 = 0.023896236466543996
Training loss on iteration 5020 = 0.015251486821762228
Training loss on iteration 5040 = 0.014656615422245523
Training loss on iteration 5060 = 0.0030411868190640236
Training loss on iteration 5080 = 0.01361148183750629
Training loss on iteration 5100 = 0.041654419336282444
Training loss on iteration 5120 = 0.01614461354765808
Training loss on iteration 5140 = 0.014413793455173619
Training loss on iteration 5160 = 0.030091331434687164
Training loss on iteration 5180 = 0.010319131575488426
Training loss on iteration 5200 = 0.008981967735599028
Training loss on iteration 5220 = 0.005904200953000327
Training loss on iteration 5240 = 0.0223843992563161
Training loss on iteration 5260 = 0.007185968187695835
Training loss on iteration 5280 = 0.009800482337186622
Training loss on iteration 5300 = 0.02030994010365248
Training loss on iteration 5320 = 0.005045203771442175
Training loss on iteration 5340 = 0.00319879450676126
Training loss on iteration 5360 = 0.06810265085723585
Training loss on iteration 5380 = 0.050552151960073385
Training loss on iteration 5400 = 0.004742854514915962
Training loss on iteration 5420 = 0.011627856014820281
Training loss on iteration 5440 = 0.024427472859679257
Training loss on iteration 5460 = 0.024573672394035385
Training loss on iteration 5480 = 0.010181608665152452
Training loss on iteration 5500 = 0.008081892105201405
Training loss on iteration 5520 = 0.019166320985641506
Training loss on iteration 5540 = 0.014318088692039054
Training loss on iteration 5560 = 0.024381122460908955
Training loss on iteration 5580 = 0.01380383833857195
Training loss on iteration 5600 = 0.052294364699264406
Training loss on iteration 5620 = 0.016167467123887037
Training loss on iteration 5640 = 0.020860553873717436
Training loss on iteration 5660 = 0.02062819578295603
Training loss on iteration 5680 = 0.005747661483474076
Training loss on iteration 5700 = 0.007166102507471806
Training loss on iteration 5720 = 0.024644032844844333
Training loss on iteration 5740 = 0.015927926424774343
Training loss on iteration 5760 = 0.007608250887096801
Training loss on iteration 5780 = 0.005234003386249242
Training loss on iteration 5800 = 0.00986356781795621
Training loss on iteration 5820 = 0.001977124652967177
Training loss on iteration 5840 = 0.0019576652231876324
Training loss on iteration 5860 = 0.004324133004342911
Training loss on iteration 5880 = 0.0065817942810713955
Training loss on iteration 5900 = 0.007799686795692651
Training loss on iteration 5920 = 0.0041511640379155775
Training loss on iteration 5940 = 0.024952651449260444
Training loss on iteration 5960 = 0.0055294258041385545
Training loss on iteration 5980 = 0.001902479459766937
Training loss on iteration 6000 = 0.0007818666844059408
Training loss on iteration 6020 = 0.007271568888178592
Training loss on iteration 6040 = 0.011110886097657157
Training loss on iteration 6060 = 0.030854675499358563
Training loss on iteration 6080 = 0.004941696580681309
Training loss on iteration 6100 = 0.012204213208553938
Training loss on iteration 6120 = 0.05857689794405587
Training loss on iteration 6140 = 0.03379444806323591
Training loss on iteration 6160 = 0.048997150025388694
Training loss on iteration 6180 = 0.04573886760044843
Training loss on iteration 6200 = 0.03189303281542379
Training loss on iteration 6220 = 0.020468071905634135
Training loss on iteration 6240 = 0.0023024381720460952
Training loss on iteration 6260 = 0.008226408746486414
Training loss on iteration 6280 = 0.04188855198954115
Training loss on iteration 6300 = 0.041942086472408845
Training loss on iteration 6320 = 0.02957962538857828
Training loss on iteration 6340 = 0.012072775202977937
Training loss on iteration 6360 = 0.0026921298154775285
Training loss on iteration 6380 = 0.009101750802801688
Training loss on iteration 6400 = 0.032548269135440934
Training loss on iteration 6420 = 0.0029694557995753714
Training loss on iteration 6440 = 0.014301322005667316
Training loss on iteration 6460 = 0.013929836877105117
Training loss on iteration 6480 = 0.007950106635189514
Training loss on iteration 6500 = 0.0048181622144511495
Training loss on iteration 6520 = 0.006432725063950784
Training loss on iteration 6540 = 0.001392153999540824
Training loss on iteration 6560 = 0.006091189487040083
Training loss on iteration 6580 = 0.006011458575642337
Training loss on iteration 6600 = 0.07772497950923025
Training loss on iteration 6620 = 0.012123853355296888
Training loss on iteration 6640 = 0.021099020086217023
Training loss on iteration 6660 = 0.0012382444152990502
Training loss on iteration 6680 = 0.024278475869095928
Training loss on iteration 6700 = 0.04904469638695445
Training loss on iteration 6720 = 0.021697752238651447
Training loss on iteration 6740 = 0.00986097780696582
Training loss on iteration 6760 = 0.019632052821907563
Training loss on iteration 6780 = 0.003300729821239656
Training loss on iteration 6800 = 0.0018756607496470679
Training loss on iteration 6820 = 0.001820524693630432
Training loss on iteration 6840 = 0.010185613927535541
Training loss on iteration 6860 = 0.004117419622684792
Training loss on iteration 6880 = 0.0008779898902162131
Training loss on iteration 6900 = 0.03203939523027657
Training loss on iteration 6920 = 0.028583501786965827
Training loss on iteration 6940 = 0.005209218134405091
Training loss on iteration 6960 = 0.005954523737932505
Training loss on iteration 6980 = 0.015487688145231004
Training loss on iteration 7000 = 0.012361376972808102
Training loss on iteration 7020 = 0.006461303390335615
Training loss on iteration 7040 = 0.0010712515140085088
Training loss on iteration 7060 = 0.0003575959986392263
Training loss on iteration 7080 = 0.002477444097053194
Training loss on iteration 7100 = 0.03285560454467031
Training loss on iteration 7120 = 0.010823062652980298
Training loss on iteration 7140 = 0.03600105517771226
Training loss on iteration 7160 = 0.0073593102634731625
Training loss on iteration 7180 = 0.00841517526591815
Training loss on iteration 7200 = 0.008835809475658606
Training loss on iteration 7220 = 0.014501102954818634
Training loss on iteration 7240 = 0.03243339727450802
Training loss on iteration 7260 = 0.011002724245258833
Training loss on iteration 7280 = 0.0041183238756048015
Training loss on iteration 7300 = 0.022307832456613143
Training loss on iteration 7320 = 0.009630563713608353
Training loss on iteration 7340 = 0.004826148727943291
Training loss on iteration 7360 = 0.0059459863930442225
Training loss on iteration 7380 = 0.005787422127923492
Training loss on iteration 7400 = 0.033156997463891
Training loss on iteration 7420 = 0.018577762451934633
Training loss on iteration 7440 = 0.0036640640463929232
Training loss on iteration 7460 = 0.0008383731736330447
Training loss on iteration 7480 = 0.015760768745963105
### EVAL:: Epoch 16:: Loss = 0.009723447180101026 :: ACC = 0.9966304754773493, AUC = 0.9999579667970286, EER = 0.002433545488581056
Training on epoch 17
Training loss on iteration 0 = 0.00020511794718913734
Training loss on iteration 20 = 0.001059505261900995
Training loss on iteration 40 = 0.024567825026497302
Training loss on iteration 60 = 0.008508654566935548
Training loss on iteration 80 = 0.014304308610849147
Training loss on iteration 100 = 0.009197901124315422
Training loss on iteration 120 = 0.008996781802693476
Training loss on iteration 140 = 0.0032219572709152543
Training loss on iteration 160 = 0.015559051381276844
Training loss on iteration 180 = 0.026184672890940418
Training loss on iteration 200 = 0.00989419097074915
Training loss on iteration 220 = 0.0104316473975814
Training loss on iteration 240 = 0.015217301760463898
Training loss on iteration 260 = 0.05377789909214244
Training loss on iteration 280 = 0.004484345325374761
Training loss on iteration 300 = 0.018397397579519748
Training loss on iteration 320 = 0.008078297930933332
Training loss on iteration 340 = 0.0013579489158928482
Training loss on iteration 360 = 0.04189753866270394
Training loss on iteration 380 = 0.03488061414273034
Training loss on iteration 400 = 0.02309585714028799
Training loss on iteration 420 = 0.01020450512478419
Training loss on iteration 440 = 0.002030154443309584
Training loss on iteration 460 = 0.030517529673306853
Training loss on iteration 480 = 0.009542877683043117
Training loss on iteration 500 = 0.018668823235748276
Training loss on iteration 520 = 0.0446587379751918
Training loss on iteration 540 = 0.003371672405046411
Training loss on iteration 560 = 0.004671582456649048
Training loss on iteration 580 = 0.0003712964034093602
Training loss on iteration 600 = 0.0348041507749258
Training loss on iteration 620 = 0.00510195345923421
Training loss on iteration 640 = 0.018041001297615367
Training loss on iteration 660 = 0.0052219159068044975
Training loss on iteration 680 = 0.010282350918714656
Training loss on iteration 700 = 0.00494953844098518
Training loss on iteration 720 = 0.004997266848795335
Training loss on iteration 740 = 0.03361591671609858
Training loss on iteration 760 = 0.006986317887185578
Training loss on iteration 780 = 0.019211565767363936
Training loss on iteration 800 = 0.030295049555206788
Training loss on iteration 820 = 0.03430569332977029
Training loss on iteration 840 = 0.042968721107922644
Training loss on iteration 860 = 0.006885237878668704
Training loss on iteration 880 = 0.043907374989794336
Training loss on iteration 900 = 0.007190026201442379
Training loss on iteration 920 = 0.01910727284630411
Training loss on iteration 940 = 0.04235548778178781
Training loss on iteration 960 = 0.022236939556751167
Training loss on iteration 980 = 0.002201198156217288
Training loss on iteration 1000 = 0.01146431962602037
Training loss on iteration 1020 = 0.005106309800248709
Training loss on iteration 1040 = 0.02118834410339332
Training loss on iteration 1060 = 0.011125323868782289
Training loss on iteration 1080 = 0.03162139219607525
Training loss on iteration 1100 = 0.005263446047865728
Training loss on iteration 1120 = 0.00386693100363118
Training loss on iteration 1140 = 0.010285106649098453
Training loss on iteration 1160 = 0.010887002445724648
Training loss on iteration 1180 = 0.05804906673893129
Training loss on iteration 1200 = 0.008044730799883836
Training loss on iteration 1220 = 0.011272563039801753
Training loss on iteration 1240 = 0.01614381174895243
Training loss on iteration 1260 = 0.00901941316292323
Training loss on iteration 1280 = 0.003506666543694337
Training loss on iteration 1300 = 0.015989730213618714
Training loss on iteration 1320 = 0.03909175719036284
Training loss on iteration 1340 = 0.025439557169102046
Training loss on iteration 1360 = 0.023067869910300944
Training loss on iteration 1380 = 0.0035274326648504937
Training loss on iteration 1400 = 0.01046274377622467
Training loss on iteration 1420 = 0.02537949570514684
Training loss on iteration 1440 = 0.019674970042251515
Training loss on iteration 1460 = 0.0038970262004568213
Training loss on iteration 1480 = 0.015055124995524239
Training loss on iteration 1500 = 0.009607752664578584
Training loss on iteration 1520 = 0.021953887925519666
Training loss on iteration 1540 = 0.010879770452902449
Training loss on iteration 1560 = 0.0028575130729450392
Training loss on iteration 1580 = 0.028158076683337186
Training loss on iteration 1600 = 0.031203410269881715
Training loss on iteration 1620 = 0.03434293896607414
Training loss on iteration 1640 = 0.018977154188178247
Training loss on iteration 1660 = 0.013839410819491605
Training loss on iteration 1680 = 0.01394974568975158
Training loss on iteration 1700 = 0.01744475720470291
Training loss on iteration 1720 = 0.02695209427045029
Training loss on iteration 1740 = 0.007449338509104564
Training loss on iteration 1760 = 0.0340314177262826
Training loss on iteration 1780 = 0.017030681767664646
Training loss on iteration 1800 = 0.013026422011171235
Training loss on iteration 1820 = 0.027880392582483184
Training loss on iteration 1840 = 0.004755054595807451
Training loss on iteration 1860 = 0.002416255563093728
Training loss on iteration 1880 = 0.05750756818433729
Training loss on iteration 1900 = 0.015062908160689403
Training loss on iteration 1920 = 0.01555742184718838
Training loss on iteration 1940 = 0.011743565732103889
Training loss on iteration 1960 = 0.010374972513636749
Training loss on iteration 1980 = 0.013531722312654893
Training loss on iteration 2000 = 0.014620034774543456
Training loss on iteration 2020 = 0.006144196819627723
Training loss on iteration 2040 = 0.00393574572435682
Training loss on iteration 2060 = 0.01518796415448378
Training loss on iteration 2080 = 0.016845237212965002
Training loss on iteration 2100 = 0.00999835257392192
Training loss on iteration 2120 = 0.020949381130469645
Training loss on iteration 2140 = 0.0034668483548102812
Training loss on iteration 2160 = 0.008239574497429203
Training loss on iteration 2180 = 0.007150340906753172
Training loss on iteration 2200 = 0.00910567729623608
Training loss on iteration 2220 = 0.016383313729443218
Training loss on iteration 2240 = 0.00971987079833525
Training loss on iteration 2260 = 0.00967619686348371
Training loss on iteration 2280 = 0.03177906138656681
Training loss on iteration 2300 = 0.07259103280375712
Training loss on iteration 2320 = 0.017258566021337175
Training loss on iteration 2340 = 0.012366000813563005
Training loss on iteration 2360 = 0.0404008778894422
Training loss on iteration 2380 = 0.027303868535091168
Training loss on iteration 2400 = 0.015080808547281777
Training loss on iteration 2420 = 0.010236999719927553
Training loss on iteration 2440 = 0.012725147265155102
Training loss on iteration 2460 = 0.004091271830839105
Training loss on iteration 2480 = 0.025206395029090344
Training loss on iteration 2500 = 0.007557957194876508
Training loss on iteration 2520 = 0.00490696932465653
Training loss on iteration 2540 = 0.014316918622535013
Training loss on iteration 2560 = 0.01337626400963927
Training loss on iteration 2580 = 0.029322362768289166
Training loss on iteration 2600 = 0.004270618618102162
Training loss on iteration 2620 = 0.005989301576482831
Training loss on iteration 2640 = 0.006488033913683466
Training loss on iteration 2660 = 0.0056575607412924
Training loss on iteration 2680 = 0.006871094914049536
Training loss on iteration 2700 = 0.004611421448817055
Training loss on iteration 2720 = 0.014227347301141436
Training loss on iteration 2740 = 0.0023889517196607813
Training loss on iteration 2760 = 0.020118768746669957
Training loss on iteration 2780 = 0.0249613078818129
Training loss on iteration 2800 = 0.002897534651128808
Training loss on iteration 2820 = 0.019072373330084248
Training loss on iteration 2840 = 0.025290336032048798
Training loss on iteration 2860 = 0.006989720992351067
Training loss on iteration 2880 = 0.023672357383293274
Training loss on iteration 2900 = 0.014071760421211365
Training loss on iteration 2920 = 0.005407946692230325
Training loss on iteration 2940 = 0.0012046876872773282
Training loss on iteration 2960 = 0.0016912456232148544
Training loss on iteration 2980 = 0.016526510751100433
Training loss on iteration 3000 = 0.04492311789839505
Training loss on iteration 3020 = 0.008181330809566133
Training loss on iteration 3040 = 0.01780452404946118
Training loss on iteration 3060 = 0.020328777845134028
Training loss on iteration 3080 = 0.0144244739091846
Training loss on iteration 3100 = 0.014300631657170016
Training loss on iteration 3120 = 0.008779246764697745
Training loss on iteration 3140 = 0.005110058470108925
Training loss on iteration 3160 = 0.021713935237085025
Training loss on iteration 3180 = 0.021229556432217578
Training loss on iteration 3200 = 0.02301020311888351
Training loss on iteration 3220 = 0.04773622802033515
Training loss on iteration 3240 = 0.006268127850489691
Training loss on iteration 3260 = 0.023849517878261395
Training loss on iteration 3280 = 0.012117445683725237
Training loss on iteration 3300 = 0.017405845677785692
Training loss on iteration 3320 = 0.03460912133268721
Training loss on iteration 3340 = 0.007682778140406299
Training loss on iteration 3360 = 0.011159913335723104
Training loss on iteration 3380 = 0.015989021005225368
Training loss on iteration 3400 = 0.0008450168733361352
Training loss on iteration 3420 = 0.030257927114689664
Training loss on iteration 3440 = 0.006720427510481386
Training loss on iteration 3460 = 0.01896952685206088
Training loss on iteration 3480 = 0.014640278049660083
Training loss on iteration 3500 = 0.005641138153850989
Training loss on iteration 3520 = 0.009034334368556074
Training loss on iteration 3540 = 0.0008942534614789111
Training loss on iteration 3560 = 0.03459883845578844
Training loss on iteration 3580 = 0.005631149779935641
Training loss on iteration 3600 = 0.026784349630725048
Training loss on iteration 3620 = 0.019035167201150217
Training loss on iteration 3640 = 0.020459013612185117
Training loss on iteration 3660 = 0.005085590428279829
Training loss on iteration 3680 = 0.026737485537432805
Training loss on iteration 3700 = 0.030223650431889838
Training loss on iteration 3720 = 0.024627211080314737
Training loss on iteration 3740 = 0.00523652169140405
Training loss on iteration 3760 = 0.007735552375197585
Training loss on iteration 3780 = 0.014763414104709226
Training loss on iteration 3800 = 0.022975212149276558
Training loss on iteration 3820 = 0.005996618147446497
Training loss on iteration 3840 = 0.0466522699154666
Training loss on iteration 3860 = 0.010995993846154305
Training loss on iteration 3880 = 0.020269571623794037
Training loss on iteration 3900 = 0.0052798393677221615
Training loss on iteration 3920 = 0.011901599838893162
Training loss on iteration 3940 = 0.006436320065949986
Training loss on iteration 3960 = 0.024941220839173182
Training loss on iteration 3980 = 0.0057665458193696395
Training loss on iteration 4000 = 0.00489987956107143
Training loss on iteration 4020 = 0.018368327701864473
Training loss on iteration 4040 = 0.00980112858346729
Training loss on iteration 4060 = 0.009086179889709455
Training loss on iteration 4080 = 0.015416214518637616
Training loss on iteration 4100 = 0.0019248772418904991
Training loss on iteration 4120 = 0.0018336941471375212
Training loss on iteration 4140 = 0.04924988744073744
Training loss on iteration 4160 = 0.008299454208918177
Training loss on iteration 4180 = 0.010000667633994454
Training loss on iteration 4200 = 0.014519162630131177
Training loss on iteration 4220 = 0.0275995445798344
Training loss on iteration 4240 = 0.03282604828691547
Training loss on iteration 4260 = 0.0371423248654537
Training loss on iteration 4280 = 0.011550081643599696
Training loss on iteration 4300 = 0.013477659118871088
Training loss on iteration 4320 = 0.01831493706699803
Training loss on iteration 4340 = 0.016107537007383144
Training loss on iteration 4360 = 0.009340636894467024
Training loss on iteration 4380 = 0.0217054933833424
Training loss on iteration 4400 = 0.04232548083673464
Training loss on iteration 4420 = 0.05586830106158232
Training loss on iteration 4440 = 0.021016651653917508
Training loss on iteration 4460 = 0.02693311617076688
Training loss on iteration 4480 = 0.01530848225011141
Training loss on iteration 4500 = 0.02748607066241675
Training loss on iteration 4520 = 0.006221452684258111
Training loss on iteration 4540 = 0.009150643331668106
Training loss on iteration 4560 = 0.014075010854867287
Training loss on iteration 4580 = 0.01443445333306954
Training loss on iteration 4600 = 0.004948696079645742
Training loss on iteration 4620 = 0.0019169190047250595
Training loss on iteration 4640 = 0.0028874323945046855
Training loss on iteration 4660 = 0.00340440544955527
Training loss on iteration 4680 = 0.0009804988504583888
Training loss on iteration 4700 = 0.007597465014998761
Training loss on iteration 4720 = 0.002686988465052309
Training loss on iteration 4740 = 0.004946310830382572
Training loss on iteration 4760 = 0.008387406220958838
Training loss on iteration 4780 = 0.008984401501265893
Training loss on iteration 4800 = 0.03256984224784674
Training loss on iteration 4820 = 0.0053274796417099425
Training loss on iteration 4840 = 0.0026976895231541676
Training loss on iteration 4860 = 0.00611035194955889
Training loss on iteration 4880 = 0.026984443585718054
Training loss on iteration 4900 = 0.0007449919338910149
Training loss on iteration 4920 = 0.003142281501703792
Training loss on iteration 4940 = 0.002954139276994283
Training loss on iteration 4960 = 0.02854172395253727
Training loss on iteration 4980 = 0.025390759607847712
Training loss on iteration 5000 = 0.0016395677519994933
Training loss on iteration 5020 = 0.002024921529755375
Training loss on iteration 5040 = 0.015773975567026356
Training loss on iteration 5060 = 0.04893211400734572
Training loss on iteration 5080 = 0.01435118706049252
Training loss on iteration 5100 = 0.009100935445712822
Training loss on iteration 5120 = 0.013760705955974117
Training loss on iteration 5140 = 0.003975419779681033
Training loss on iteration 5160 = 0.0055089156074245695
Training loss on iteration 5180 = 0.0066728947237379545
Training loss on iteration 5200 = 0.0026864402744195106
Training loss on iteration 5220 = 0.020366673595606243
Training loss on iteration 5240 = 0.009938861500188523
Training loss on iteration 5260 = 0.006837757523135224
Training loss on iteration 5280 = 0.020527328603463957
Training loss on iteration 5300 = 0.011592214716063153
Training loss on iteration 5320 = 0.009433067547956853
Training loss on iteration 5340 = 0.014767070562902518
Training loss on iteration 5360 = 0.0012145728819632495
Training loss on iteration 5380 = 0.0006551524208589399
Training loss on iteration 5400 = 0.0005106113944293611
Training loss on iteration 5420 = 0.016925501694140622
Training loss on iteration 5440 = 0.006354642698534007
Training loss on iteration 5460 = 0.011565818496205794
Training loss on iteration 5480 = 0.04583022379329123
Training loss on iteration 5500 = 0.010254933931992127
Training loss on iteration 5520 = 0.05060487703103718
Training loss on iteration 5540 = 0.007844129759178031
Training loss on iteration 5560 = 0.013706299133809807
Training loss on iteration 5580 = 0.015561448496555386
Training loss on iteration 5600 = 0.004851381843855052
Training loss on iteration 5620 = 0.0016107523349546682
Training loss on iteration 5640 = 0.002705336296094174
Training loss on iteration 5660 = 0.0060598663385690085
Training loss on iteration 5680 = 0.004874769235175336
Training loss on iteration 5700 = 0.009054442380875116
Training loss on iteration 5720 = 0.023272191599744474
Training loss on iteration 5740 = 0.005642672204760402
Training loss on iteration 5760 = 0.005871644157230094
Training loss on iteration 5780 = 0.02295048074549868
Training loss on iteration 5800 = 0.029902221402699068
Training loss on iteration 5820 = 0.01417040235355671
Training loss on iteration 5840 = 0.017894064005213296
Training loss on iteration 5860 = 0.00571527999582031
Training loss on iteration 5880 = 0.002773719780088868
Training loss on iteration 5900 = 0.010065400182065786
Training loss on iteration 5920 = 0.006338452433146813
Training loss on iteration 5940 = 0.020549427057267165
Training loss on iteration 5960 = 0.0015755790272123705
Training loss on iteration 5980 = 0.0037804369908144508
Training loss on iteration 6000 = 0.043329055135518504
Training loss on iteration 6020 = 0.005680988115545915
Training loss on iteration 6040 = 0.02089434007057207
Training loss on iteration 6060 = 0.0021727675914007703
Training loss on iteration 6080 = 0.0046699021757376615
Training loss on iteration 6100 = 0.0035564694782124207
Training loss on iteration 6120 = 0.0038342697607504305
Training loss on iteration 6140 = 0.0030974651295764487
Training loss on iteration 6160 = 0.05073465103607759
Training loss on iteration 6180 = 0.0021778325008199317
Training loss on iteration 6200 = 0.04022429297183407
Training loss on iteration 6220 = 0.012779232117281936
Training loss on iteration 6240 = 0.024890398870411445
Training loss on iteration 6260 = 0.0044268409048527245
Training loss on iteration 6280 = 0.00650135389278148
Training loss on iteration 6300 = 0.0026299123805074488
Training loss on iteration 6320 = 0.0009132332397257415
Training loss on iteration 6340 = 0.005963894345495646
Training loss on iteration 6360 = 0.001127690753173738
Training loss on iteration 6380 = 0.012619302280108968
Training loss on iteration 6400 = 0.0009609996615381533
Training loss on iteration 6420 = 0.015331229197029473
Training loss on iteration 6440 = 0.01098527158711704
Training loss on iteration 6460 = 0.034285199476698835
Training loss on iteration 6480 = 0.0033727612806615072
Training loss on iteration 6500 = 0.017434736471432188
Training loss on iteration 6520 = 0.006817969785242894
Training loss on iteration 6540 = 0.001696674269783216
Training loss on iteration 6560 = 0.00908466098195504
Training loss on iteration 6580 = 0.014273099309872351
Training loss on iteration 6600 = 0.022617326786519242
Training loss on iteration 6620 = 0.019944925659092404
Training loss on iteration 6640 = 0.034053768826197484
Training loss on iteration 6660 = 0.0072291597677576645
Training loss on iteration 6680 = 0.02901510181618505
Training loss on iteration 6700 = 0.02823682410216861
Training loss on iteration 6720 = 0.022719002178109803
Training loss on iteration 6740 = 0.011988317175564589
Training loss on iteration 6760 = 0.00397310172043035
Training loss on iteration 6780 = 0.006264203132741386
Training loss on iteration 6800 = 0.0021226487198873654
Training loss on iteration 6820 = 0.03333330203953437
Training loss on iteration 6840 = 0.003414978040382266
Training loss on iteration 6860 = 0.017246309694701267
Training loss on iteration 6880 = 0.014599804026920538
Training loss on iteration 6900 = 0.02540481752857886
Training loss on iteration 6920 = 0.011633546621669665
Training loss on iteration 6940 = 0.006024250204154669
Training loss on iteration 6960 = 0.0007990251057435671
Training loss on iteration 6980 = 0.012207934809430299
Training loss on iteration 7000 = 0.03116440187363878
Training loss on iteration 7020 = 0.002312143970266334
Training loss on iteration 7040 = 0.011705898056243313
Training loss on iteration 7060 = 0.002023410964056893
Training loss on iteration 7080 = 0.014791758805586142
Training loss on iteration 7100 = 0.0009048948790905343
Training loss on iteration 7120 = 0.018835854334065517
Training loss on iteration 7140 = 0.0076152786779857705
Training loss on iteration 7160 = 0.002680921186674823
Training loss on iteration 7180 = 0.003987578875694453
Training loss on iteration 7200 = 0.024061960592644028
Training loss on iteration 7220 = 0.0038218193858938323
Training loss on iteration 7240 = 0.028825429047128637
Training loss on iteration 7260 = 0.025782568893191637
Training loss on iteration 7280 = 0.022727239990854287
Training loss on iteration 7300 = 0.003510620644919982
Training loss on iteration 7320 = 0.008733972357549646
Training loss on iteration 7340 = 0.009802278078495874
Training loss on iteration 7360 = 0.007456220135236435
Training loss on iteration 7380 = 0.0050664661156133665
Training loss on iteration 7400 = 0.011487221553068139
Training loss on iteration 7420 = 0.04796492831072783
Training loss on iteration 7440 = 0.02505954362104603
Training loss on iteration 7460 = 0.0024424020422884494
Training loss on iteration 7480 = 0.005447075055963068
### EVAL:: Epoch 17:: Loss = 0.006085215565111364 :: ACC = 0.9978004492699364, AUC = 0.99998419593619, EER = 0.0021527517783601646
Training on epoch 18
Training loss on iteration 0 = 0.0003047426580451429
Training loss on iteration 20 = 0.05204024914019101
Training loss on iteration 40 = 0.03193170352606103
Training loss on iteration 60 = 0.01262821704367525
Training loss on iteration 80 = 0.0020396456922753712
Training loss on iteration 100 = 0.003926868581038434
Training loss on iteration 120 = 0.003025314746935237
Training loss on iteration 140 = 0.002494043581191363
Training loss on iteration 160 = 0.015072391313515255
Training loss on iteration 180 = 0.03136407109436732
Training loss on iteration 200 = 0.006627526451575249
Training loss on iteration 220 = 0.02533154230841319
Training loss on iteration 240 = 0.03546336754016011
Training loss on iteration 260 = 0.018368438223478733
Training loss on iteration 280 = 0.0047786753806576595
Training loss on iteration 300 = 0.014501869653213362
Training loss on iteration 320 = 0.010504372271134344
Training loss on iteration 340 = 0.005992980760493083
Training loss on iteration 360 = 0.014153571017482136
Training loss on iteration 380 = 0.05976050824247068
Training loss on iteration 400 = 0.012107864169229288
Training loss on iteration 420 = 0.008233102760641486
Training loss on iteration 440 = 0.015111322508892045
Training loss on iteration 460 = 0.003161756219378731
Training loss on iteration 480 = 0.007818865011904564
Training loss on iteration 500 = 0.025293724874791222
Training loss on iteration 520 = 0.07649742726061959
Training loss on iteration 540 = 0.02417697804630734
Training loss on iteration 560 = 0.005957705267064739
Training loss on iteration 580 = 0.012643992740777321
Training loss on iteration 600 = 0.009588476950739278
Training loss on iteration 620 = 0.010048572981759207
Training loss on iteration 640 = 0.005314517368242377
Training loss on iteration 660 = 0.0041845113730232695
Training loss on iteration 680 = 0.008893256293777085
Training loss on iteration 700 = 0.018659979128597116
Training loss on iteration 720 = 0.03471057993215254
Training loss on iteration 740 = 0.017168352589578717
Training loss on iteration 760 = 0.007864697932382115
Training loss on iteration 780 = 0.00046851806491758906
Training loss on iteration 800 = 0.024408209284774784
Training loss on iteration 820 = 0.019444504793500527
Training loss on iteration 840 = 0.017132611887791426
Training loss on iteration 860 = 0.007225407666555839
Training loss on iteration 880 = 0.0023384360843010654
Training loss on iteration 900 = 0.003493572755905916
Training loss on iteration 920 = 0.005677280738973422
Training loss on iteration 940 = 0.0017109459548919404
Training loss on iteration 960 = 0.00125259946753431
Training loss on iteration 980 = 0.0014004116291289393
Training loss on iteration 1000 = 0.011533062170929042
Training loss on iteration 1020 = 0.028567934864986454
Training loss on iteration 1040 = 0.0016066592801507796
Training loss on iteration 1060 = 0.012050319425270573
Training loss on iteration 1080 = 0.02818666978737383
Training loss on iteration 1100 = 0.029859109401149907
Training loss on iteration 1120 = 0.0039709633736492835
Training loss on iteration 1140 = 0.02292378626043501
Training loss on iteration 1160 = 0.03817931872945337
Training loss on iteration 1180 = 0.022618876723026916
Training loss on iteration 1200 = 0.05537849931642995
Training loss on iteration 1220 = 0.027152426742395618
Training loss on iteration 1240 = 0.022966156694019448
Training loss on iteration 1260 = 0.011776464655122254
Training loss on iteration 1280 = 0.022536600322564482
Training loss on iteration 1300 = 0.0271624655368214
Training loss on iteration 1320 = 0.0022973801649641247
Training loss on iteration 1340 = 0.002452622471355426
Training loss on iteration 1360 = 0.012256065961446438
Training loss on iteration 1380 = 0.015107141949783909
Training loss on iteration 1400 = 0.03867309796032714
Training loss on iteration 1420 = 0.006070150776031369
Training loss on iteration 1440 = 0.01775626593225752
Training loss on iteration 1460 = 0.005559808760517626
Training loss on iteration 1480 = 0.014539509265341621
Training loss on iteration 1500 = 0.006006404743925486
Training loss on iteration 1520 = 0.003646973733884806
Training loss on iteration 1540 = 0.0032031207872478262
Training loss on iteration 1560 = 0.040571025491317414
Training loss on iteration 1580 = 0.012483626928951708
Training loss on iteration 1600 = 0.010027467926192912
Training loss on iteration 1620 = 0.012352312214352424
Training loss on iteration 1640 = 0.014131172529778269
Training loss on iteration 1660 = 0.020942686319176573
Training loss on iteration 1680 = 0.011759281496779295
Training loss on iteration 1700 = 0.0015159398190007778
Training loss on iteration 1720 = 0.001605819567976141
Training loss on iteration 1740 = 0.007699057594072656
Training loss on iteration 1760 = 0.008139890044185449
Training loss on iteration 1780 = 0.016620533818468175
Training loss on iteration 1800 = 0.007193569524292798
Training loss on iteration 1820 = 0.0015199053690594156
Training loss on iteration 1840 = 0.008748225905742401
Training loss on iteration 1860 = 0.006071764835996874
Training loss on iteration 1880 = 0.00802090314596171
Training loss on iteration 1900 = 0.011447295727668916
Training loss on iteration 1920 = 0.001760146117402428
Training loss on iteration 1940 = 0.0013422629283468268
Training loss on iteration 1960 = 0.01831471476484694
Training loss on iteration 1980 = 0.008463714490363827
Training loss on iteration 2000 = 0.012954382337727565
Training loss on iteration 2020 = 0.022431702363161322
Training loss on iteration 2040 = 0.014028350670264445
Training loss on iteration 2060 = 0.021551413485394733
Training loss on iteration 2080 = 0.007897215247146505
Training loss on iteration 2100 = 0.03394770293689362
Training loss on iteration 2120 = 0.0074167333999866965
Training loss on iteration 2140 = 0.013306825694382952
Training loss on iteration 2160 = 0.015317505235839236
Training loss on iteration 2180 = 0.0012326747268161854
Training loss on iteration 2200 = 0.0017220702618033102
Training loss on iteration 2220 = 0.052811864885222805
Training loss on iteration 2240 = 0.004294345931702992
Training loss on iteration 2260 = 0.014353505052349646
Training loss on iteration 2280 = 0.043422517941507977
Training loss on iteration 2300 = 0.009933285118313507
Training loss on iteration 2320 = 0.015488156447281654
Training loss on iteration 2340 = 0.026971877695905276
Training loss on iteration 2360 = 0.0038412935071391987
Training loss on iteration 2380 = 0.0018709088760260784
Training loss on iteration 2400 = 0.006079675036562549
Training loss on iteration 2420 = 0.008783532007055329
Training loss on iteration 2440 = 0.014037374997496955
Training loss on iteration 2460 = 0.007270810839736441
Training loss on iteration 2480 = 0.0185672972672819
Training loss on iteration 2500 = 0.013464304693343365
Training loss on iteration 2520 = 0.01879447823512237
Training loss on iteration 2540 = 0.016686571648460814
Training loss on iteration 2560 = 0.015313453397857302
Training loss on iteration 2580 = 0.003584087762828858
Training loss on iteration 2600 = 0.02496916548716399
Training loss on iteration 2620 = 0.020419322766792904
Training loss on iteration 2640 = 0.010010015285297413
Training loss on iteration 2660 = 0.013916585929655412
Training loss on iteration 2680 = 0.031108196231070907
Training loss on iteration 2700 = 0.024777556432854907
Training loss on iteration 2720 = 0.029133998086035718
Training loss on iteration 2740 = 0.015728958545514614
Training loss on iteration 2760 = 0.003730131524207536
Training loss on iteration 2780 = 0.006937995407133713
Training loss on iteration 2800 = 0.0021751195879915032
Training loss on iteration 2820 = 0.004427868406492052
Training loss on iteration 2840 = 0.018445783996708088
Training loss on iteration 2860 = 0.003410139784682542
Training loss on iteration 2880 = 0.02063440090316817
Training loss on iteration 2900 = 0.030674172969520443
Training loss on iteration 2920 = 0.016529288481979165
Training loss on iteration 2940 = 0.004875099779383163
Training loss on iteration 2960 = 0.023718633176758885
Training loss on iteration 2980 = 0.00835640181958297
Training loss on iteration 3000 = 0.018943984063844253
Training loss on iteration 3020 = 0.018401201491178652
Training loss on iteration 3040 = 0.018387259340670425
Training loss on iteration 3060 = 0.0022522257821037785
Training loss on iteration 3080 = 0.03226304418185464
Training loss on iteration 3100 = 0.020671079189924058
Training loss on iteration 3120 = 0.016889860608716844
Training loss on iteration 3140 = 0.0037999733325705166
Training loss on iteration 3160 = 0.005246551735103822
Training loss on iteration 3180 = 0.0057976948148052545
Training loss on iteration 3200 = 0.00693386093614663
Training loss on iteration 3220 = 0.037972807952840526
Training loss on iteration 3240 = 0.008786587303984562
Training loss on iteration 3260 = 0.0029305117766568857
Training loss on iteration 3280 = 0.033092319741172105
Training loss on iteration 3300 = 0.005607917115480632
Training loss on iteration 3320 = 0.01389507279764075
Training loss on iteration 3340 = 0.03728739138095989
Training loss on iteration 3360 = 0.03810261841317697
Training loss on iteration 3380 = 0.01013431984329145
Training loss on iteration 3400 = 0.014460641330879298
Training loss on iteration 3420 = 0.013148290791650651
Training loss on iteration 3440 = 0.006727440881718394
Training loss on iteration 3460 = 0.012686100088490092
Training loss on iteration 3480 = 0.02143394806971628
Training loss on iteration 3500 = 0.012383841719929478
Training loss on iteration 3520 = 0.042356515751998815
Training loss on iteration 3540 = 0.007765336504598963
Training loss on iteration 3560 = 0.03319097441872145
Training loss on iteration 3580 = 0.015667960108112312
Training loss on iteration 3600 = 0.044122230408902396
Training loss on iteration 3620 = 0.009857996893151722
Training loss on iteration 3640 = 0.004966829314275856
Training loss on iteration 3660 = 0.04124861809423237
Training loss on iteration 3680 = 0.0027917414991861732
Training loss on iteration 3700 = 0.006158352427337377
Training loss on iteration 3720 = 0.004352933447751184
Training loss on iteration 3740 = 0.023143301273012184
Training loss on iteration 3760 = 0.0015754785957142303
Training loss on iteration 3780 = 0.004795212619137601
Training loss on iteration 3800 = 0.021568220173298867
Training loss on iteration 3820 = 0.015729925842742888
Training loss on iteration 3840 = 0.002437741827543505
Training loss on iteration 3860 = 0.008002902328507843
Training loss on iteration 3880 = 0.046285145816000295
Training loss on iteration 3900 = 0.018952215239096404
Training loss on iteration 3920 = 0.002376090535472031
Training loss on iteration 3940 = 0.02618724937092338
Training loss on iteration 3960 = 0.011799574522592593
Training loss on iteration 3980 = 0.006670544302414783
Training loss on iteration 4000 = 0.006304056814497016
Training loss on iteration 4020 = 0.00178480677918742
Training loss on iteration 4040 = 0.02237334394417303
Training loss on iteration 4060 = 0.0013904265325436426
Training loss on iteration 4080 = 0.0017589348502951908
Training loss on iteration 4100 = 0.001423569100484201
Training loss on iteration 4120 = 0.004517397178119609
Training loss on iteration 4140 = 0.018529598422719572
Training loss on iteration 4160 = 0.0015697003973286882
Training loss on iteration 4180 = 0.0009854376623820826
Training loss on iteration 4200 = 0.0013760169307658998
Training loss on iteration 4220 = 0.013632796304182192
Training loss on iteration 4240 = 0.01060393458616531
Training loss on iteration 4260 = 0.022657702628470132
Training loss on iteration 4280 = 0.008850320240958354
Training loss on iteration 4300 = 0.020155095158168025
Training loss on iteration 4320 = 0.012018931081269103
Training loss on iteration 4340 = 0.046835630572502396
Training loss on iteration 4360 = 0.012236269563254609
Training loss on iteration 4380 = 0.03546850852580974
Training loss on iteration 4400 = 0.027983671399852028
Training loss on iteration 4420 = 0.03637926398951095
Training loss on iteration 4440 = 0.010331884642982913
Training loss on iteration 4460 = 0.01287849566560908
Training loss on iteration 4480 = 0.012387393515746225
Training loss on iteration 4500 = 0.008141525184146303
Training loss on iteration 4520 = 0.010295543274878582
Training loss on iteration 4540 = 0.003937856762331648
Training loss on iteration 4560 = 0.0020654944763009555
Training loss on iteration 4580 = 0.03386842935071854
Training loss on iteration 4600 = 0.012461486904339836
Training loss on iteration 4620 = 0.018617022995567823
Training loss on iteration 4640 = 0.007436849168698245
Training loss on iteration 4660 = 0.005727661674336559
Training loss on iteration 4680 = 0.0028009611848801796
Training loss on iteration 4700 = 0.0022932471770332084
Training loss on iteration 4720 = 0.017331680985466846
Training loss on iteration 4740 = 0.008206699025868147
Training loss on iteration 4760 = 0.0011949511508987597
Training loss on iteration 4780 = 0.0014068414038320043
Training loss on iteration 4800 = 0.017866544570176758
Training loss on iteration 4820 = 0.029294320715780486
Training loss on iteration 4840 = 0.010858593018019747
Training loss on iteration 4860 = 0.019477572105097353
Training loss on iteration 4880 = 0.013920767668582811
Training loss on iteration 4900 = 0.040159555087666374
Training loss on iteration 4920 = 0.019814093707282154
Training loss on iteration 4940 = 0.004521328548071324
Training loss on iteration 4960 = 0.017414600789106772
Training loss on iteration 4980 = 0.0053445546444891075
Training loss on iteration 5000 = 0.014250891156825674
Training loss on iteration 5020 = 0.02306709554977715
Training loss on iteration 5040 = 0.012453046590417216
Training loss on iteration 5060 = 0.011383479291089316
Training loss on iteration 5080 = 0.015209013625690205
Training loss on iteration 5100 = 0.0034200924597826087
Training loss on iteration 5120 = 0.007554381576392188
Training loss on iteration 5140 = 0.016522938343587156
Training loss on iteration 5160 = 0.020914660845051003
Training loss on iteration 5180 = 0.0014710691479194794
Training loss on iteration 5200 = 0.0006585577283431121
Training loss on iteration 5220 = 0.01141792439625533
Training loss on iteration 5240 = 0.021966867168521274
Training loss on iteration 5260 = 0.02475109597762639
Training loss on iteration 5280 = 0.026660397508385357
Training loss on iteration 5300 = 0.0052919317422492895
Training loss on iteration 5320 = 0.0038116192337270148
Training loss on iteration 5340 = 0.025643054363717964
Training loss on iteration 5360 = 0.008787701502933487
Training loss on iteration 5380 = 0.0081467607691593
Training loss on iteration 5400 = 0.019609593142922675
Training loss on iteration 5420 = 0.008834955711699876
Training loss on iteration 5440 = 0.008058758372726516
Training loss on iteration 5460 = 0.0415593937693302
Training loss on iteration 5480 = 0.005408998411212451
Training loss on iteration 5500 = 0.0035774456819240184
Training loss on iteration 5520 = 0.06031844969725171
Training loss on iteration 5540 = 0.004255329102124961
Training loss on iteration 5560 = 0.007074148848369077
Training loss on iteration 5580 = 0.0016764482557846349
Training loss on iteration 5600 = 0.013476991241077485
Training loss on iteration 5620 = 0.01140266945985786
Training loss on iteration 5640 = 0.007978305928077134
Training loss on iteration 5660 = 0.006512267658536075
Training loss on iteration 5680 = 0.017750611124188253
Training loss on iteration 5700 = 0.001380023762089877
Training loss on iteration 5720 = 0.009920499595341425
Training loss on iteration 5740 = 0.0009509691476523585
Training loss on iteration 5760 = 0.013520407630312547
Training loss on iteration 5780 = 0.000498200659876602
Training loss on iteration 5800 = 0.004284563238525152
Training loss on iteration 5820 = 0.044810918576536095
Training loss on iteration 5840 = 0.01920282835993703
Training loss on iteration 5860 = 0.02577642991168432
Training loss on iteration 5880 = 0.02011307028697047
Training loss on iteration 5900 = 0.031151839139056392
Training loss on iteration 5920 = 0.019591845459945034
Training loss on iteration 5940 = 0.004736175669677323
Training loss on iteration 5960 = 0.021892048066365532
Training loss on iteration 5980 = 0.015519810394835076
Training loss on iteration 6000 = 0.022984846119288704
Training loss on iteration 6020 = 0.0066944635440449925
Training loss on iteration 6040 = 0.013837454121926385
Training loss on iteration 6060 = 0.006344472000478163
Training loss on iteration 6080 = 0.0022746956373865144
Training loss on iteration 6100 = 0.02011350559660059
Training loss on iteration 6120 = 0.034961968325319503
Training loss on iteration 6140 = 0.010225296983958288
Training loss on iteration 6160 = 0.016371907183383883
Training loss on iteration 6180 = 0.00415356483836149
Training loss on iteration 6200 = 0.003352070796836415
Training loss on iteration 6220 = 0.008120345386112148
Training loss on iteration 6240 = 0.03847065001106174
Training loss on iteration 6260 = 0.0049806739166569965
Training loss on iteration 6280 = 0.020209694108666555
Training loss on iteration 6300 = 0.011921717615132365
Training loss on iteration 6320 = 0.02113339775823988
Training loss on iteration 6340 = 0.0012203591162574412
Training loss on iteration 6360 = 0.013486395525342232
Training loss on iteration 6380 = 0.03674887355755345
Training loss on iteration 6400 = 0.05449322004960777
Training loss on iteration 6420 = 0.009067496843636036
Training loss on iteration 6440 = 0.007140865856490564
Training loss on iteration 6460 = 0.0054683017780917
Training loss on iteration 6480 = 0.00457103768367233
Training loss on iteration 6500 = 0.023521522556120545
Training loss on iteration 6520 = 0.05287222492406727
Training loss on iteration 6540 = 0.003242105574463494
Training loss on iteration 6560 = 0.04949940698206774
Training loss on iteration 6580 = 0.007699023332679644
Training loss on iteration 6600 = 0.014560806457302533
Training loss on iteration 6620 = 0.005681679188273847
Training loss on iteration 6640 = 0.028681777388146656
Training loss on iteration 6660 = 0.014337805417744676
Training loss on iteration 6680 = 0.00398884952046501
Training loss on iteration 6700 = 0.0014510938653074846
Training loss on iteration 6720 = 0.0087008958831575
Training loss on iteration 6740 = 0.0048851536948859575
Training loss on iteration 6760 = 0.015288957358643529
Training loss on iteration 6780 = 0.0020680113714206527
Training loss on iteration 6800 = 0.002808492769918303
Training loss on iteration 6820 = 0.0024532300571308953
Training loss on iteration 6840 = 0.01936756124338217
Training loss on iteration 6860 = 0.030518898991431342
Training loss on iteration 6880 = 0.03696329231370328
Training loss on iteration 6900 = 0.0033892464470227424
Training loss on iteration 6920 = 0.009732156719837803
Training loss on iteration 6940 = 0.008306287891900865
Training loss on iteration 6960 = 0.012410255154100014
Training loss on iteration 6980 = 0.012382259792968853
Training loss on iteration 7000 = 0.0038548334352071834
Training loss on iteration 7020 = 0.030440020744498496
Training loss on iteration 7040 = 0.005563365448460899
Training loss on iteration 7060 = 0.020247910470607165
Training loss on iteration 7080 = 0.0020851388702794794
Training loss on iteration 7100 = 0.009055955294661544
Training loss on iteration 7120 = 0.007663469192812045
Training loss on iteration 7140 = 0.02792759465482959
Training loss on iteration 7160 = 0.028758509939643774
Training loss on iteration 7180 = 0.012314592287293636
Training loss on iteration 7200 = 0.001824894992296322
Training loss on iteration 7220 = 0.009525675572149339
Training loss on iteration 7240 = 0.047468239369663934
Training loss on iteration 7260 = 0.0142788950330214
Training loss on iteration 7280 = 0.05673734119627625
Training loss on iteration 7300 = 0.011489126812375617
Training loss on iteration 7320 = 0.024628207858768292
Training loss on iteration 7340 = 0.013670452421592927
Training loss on iteration 7360 = 0.008272114144847364
Training loss on iteration 7380 = 0.043443394721089136
Training loss on iteration 7400 = 0.03355700924394114
Training loss on iteration 7420 = 0.007054839960983372
Training loss on iteration 7440 = 0.029371358352091193
Training loss on iteration 7460 = 0.040358547757568884
Training loss on iteration 7480 = 0.026133438548095002
### EVAL:: Epoch 18:: Loss = 0.010404966549891426 :: ACC = 0.996209284912018, AUC = 0.9999332707571835, EER = 0.0036503182328715836
Training on epoch 19
Training loss on iteration 0 = 0.0011525070294737816
Training loss on iteration 20 = 0.03145647374922191
Training loss on iteration 40 = 0.010533310555911158
Training loss on iteration 60 = 0.03666670860047816
Training loss on iteration 80 = 0.024127976816271258
Training loss on iteration 100 = 0.04211591031835269
Training loss on iteration 120 = 0.013650471030632615
Training loss on iteration 140 = 0.027382086963552866
Training loss on iteration 160 = 0.008193072832682446
Training loss on iteration 180 = 0.038442978306193254
Training loss on iteration 200 = 0.002784421667456627
Training loss on iteration 220 = 0.018499581782816677
Training loss on iteration 240 = 0.052114820641145344
Training loss on iteration 260 = 0.02762972447417269
Training loss on iteration 280 = 0.023154445881664286
Training loss on iteration 300 = 0.027889046857671927
Training loss on iteration 320 = 0.04445277308259392
Training loss on iteration 340 = 0.008426924559171312
Training loss on iteration 360 = 0.008721191761378578
Training loss on iteration 380 = 0.018191510065662442
Training loss on iteration 400 = 0.05539304214071308
Training loss on iteration 420 = 0.00550316267508606
Training loss on iteration 440 = 0.009715080368187046
Training loss on iteration 460 = 0.010808816904682318
Training loss on iteration 480 = 0.003429190191673115
Training loss on iteration 500 = 0.00843052011450709
Training loss on iteration 520 = 0.004951292580790323
Training loss on iteration 540 = 0.023978630087867714
Training loss on iteration 560 = 0.027383339890911886
Training loss on iteration 580 = 0.005769175562909368
Training loss on iteration 600 = 0.004070359060165174
Training loss on iteration 620 = 0.015929613210255412
Training loss on iteration 640 = 0.0027302260050419136
Training loss on iteration 660 = 0.010428728734450488
Training loss on iteration 680 = 0.03179243671564791
Training loss on iteration 700 = 0.007951026757018554
Training loss on iteration 720 = 0.006986189326778458
Training loss on iteration 740 = 0.03194095787102924
Training loss on iteration 760 = 0.023291375425651496
Training loss on iteration 780 = 0.008159922194954561
Training loss on iteration 800 = 0.0011578343069686525
Training loss on iteration 820 = 0.010326641191204545
Training loss on iteration 840 = 0.020805845398172096
Training loss on iteration 860 = 0.00756393273042022
Training loss on iteration 880 = 0.007634903592088449
Training loss on iteration 900 = 0.003416669679023698
Training loss on iteration 920 = 0.017459996188631522
Training loss on iteration 940 = 0.01438634801884291
Training loss on iteration 960 = 0.0009435674294962837
Training loss on iteration 980 = 0.030441584586606042
Training loss on iteration 1000 = 0.018369716076557553
Training loss on iteration 1020 = 0.03493182159156163
Training loss on iteration 1040 = 0.01854694105550152
Training loss on iteration 1060 = 0.005480650648496521
Training loss on iteration 1080 = 0.006745128667103017
Training loss on iteration 1100 = 0.03856169009507084
Training loss on iteration 1120 = 0.004146999852673616
Training loss on iteration 1140 = 0.003801070582449029
Training loss on iteration 1160 = 0.02464847920049351
Training loss on iteration 1180 = 0.015771288325549904
Training loss on iteration 1200 = 0.005151877014486672
Training loss on iteration 1220 = 0.009876215623330608
Training loss on iteration 1240 = 0.006441767405249266
Training loss on iteration 1260 = 0.01647082099288468
Training loss on iteration 1280 = 0.005524238823727501
Training loss on iteration 1300 = 0.004542343553845285
Training loss on iteration 1320 = 0.006033846427321521
Training loss on iteration 1340 = 0.005899668135140246
Training loss on iteration 1360 = 0.015659472807556085
Training loss on iteration 1380 = 0.0045809174020746465
Training loss on iteration 1400 = 0.031190638131518966
Training loss on iteration 1420 = 0.0011955336626670032
Training loss on iteration 1440 = 0.0050070944648496155
Training loss on iteration 1460 = 0.03377190421656451
Training loss on iteration 1480 = 0.03366847513607354
Training loss on iteration 1500 = 0.006720407392640482
Training loss on iteration 1520 = 0.004008662795240525
Training loss on iteration 1540 = 0.012376064090676663
Training loss on iteration 1560 = 0.03563740461377165
Training loss on iteration 1580 = 0.004534354288807663
Training loss on iteration 1600 = 0.028799586149762035
Training loss on iteration 1620 = 0.04064946972066537
Training loss on iteration 1640 = 0.025499070636578837
Training loss on iteration 1660 = 0.024734982512018177
Training loss on iteration 1680 = 0.02528267114321352
Training loss on iteration 1700 = 0.0913550792785827
Training loss on iteration 1720 = 0.013303335839009379
Training loss on iteration 1740 = 0.012958679316943745
Training loss on iteration 1760 = 0.014503461654749117
Training loss on iteration 1780 = 0.025461431068106322
Training loss on iteration 1800 = 0.022696615440599997
Training loss on iteration 1820 = 0.04473468301629282
Training loss on iteration 1840 = 0.017096760903223186
Training loss on iteration 1860 = 0.01418503582244739
Training loss on iteration 1880 = 0.02367285266186627
Training loss on iteration 1900 = 0.04330943911190843
Training loss on iteration 1920 = 0.018525339871121104
Training loss on iteration 1940 = 0.018533868016493215
Training loss on iteration 1960 = 0.024869004607899113
Training loss on iteration 1980 = 0.015189382855169242
Training loss on iteration 2000 = 0.026414521296101157
Training loss on iteration 2020 = 0.00421656826661092
Training loss on iteration 2040 = 0.03779503571890928
Training loss on iteration 2060 = 0.0045669455880670284
Training loss on iteration 2080 = 0.007620338696460749
Training loss on iteration 2100 = 0.022760082251443235
Training loss on iteration 2120 = 0.03517266976705287
Training loss on iteration 2140 = 0.04212661741712509
Training loss on iteration 2160 = 0.010981365586121682
Training loss on iteration 2180 = 0.01471052253491507
Training loss on iteration 2200 = 0.008371149278355005
Training loss on iteration 2220 = 0.007711107918839844
Training loss on iteration 2240 = 0.03496617736045664
Training loss on iteration 2260 = 0.016677329790672955
Training loss on iteration 2280 = 0.010493792057184237
Training loss on iteration 2300 = 0.01516924821869452
Training loss on iteration 2320 = 0.003402611932006039
Training loss on iteration 2340 = 0.017207325208187286
Training loss on iteration 2360 = 0.013250208825638765
Training loss on iteration 2380 = 0.002671868296613411
Training loss on iteration 2400 = 0.03126928847495947
Training loss on iteration 2420 = 0.05599459517043215
Training loss on iteration 2440 = 0.026777058855441283
Training loss on iteration 2460 = 0.018740350983352982
Training loss on iteration 2480 = 0.022057217919791584
Training loss on iteration 2500 = 0.017448502353727236
Training loss on iteration 2520 = 0.04666166571919348
Training loss on iteration 2540 = 0.037717676160536937
Training loss on iteration 2560 = 0.027561789227911505
Training loss on iteration 2580 = 0.018774006555759115
Training loss on iteration 2600 = 0.022734116903302494
Training loss on iteration 2620 = 0.01596427159565792
Training loss on iteration 2640 = 0.013482916185603244
Training loss on iteration 2660 = 0.01725592134098406
Training loss on iteration 2680 = 0.018079214956378563
Training loss on iteration 2700 = 0.020109852608220534
Training loss on iteration 2720 = 0.010395650368445785
Training loss on iteration 2740 = 0.041064895381509814
Training loss on iteration 2760 = 0.0366439410232033
Training loss on iteration 2780 = 0.03186472749275708
Training loss on iteration 2800 = 0.009436033727433823
Training loss on iteration 2820 = 0.0321818033900854
Training loss on iteration 2840 = 0.004187019728078667
Training loss on iteration 2860 = 0.026694892767773128
Training loss on iteration 2880 = 0.021689324921317164
Training loss on iteration 2900 = 0.045711558173206865
Training loss on iteration 2920 = 0.023558703750495624
Training loss on iteration 2940 = 0.017327704845229164
Training loss on iteration 2960 = 0.021573210422502598
Training loss on iteration 2980 = 0.0037335051742047654
Training loss on iteration 3000 = 0.014964526144831325
Training loss on iteration 3020 = 0.019063741409991054
Training loss on iteration 3040 = 0.04183738290630572
Training loss on iteration 3060 = 0.02630536646956898
Training loss on iteration 3080 = 0.02694334370098659
Training loss on iteration 3100 = 0.01127395938092377
Training loss on iteration 3120 = 0.004120053143560653
Training loss on iteration 3140 = 0.00783258588926401
Training loss on iteration 3160 = 0.009514246824483052
Training loss on iteration 3180 = 0.008240089278660889
Training loss on iteration 3200 = 0.02237820539965014
Training loss on iteration 3220 = 0.018779625289948854
Training loss on iteration 3240 = 0.00795434190567903
Training loss on iteration 3260 = 0.039063790474938284
Training loss on iteration 3280 = 0.021887140956459918
Training loss on iteration 3300 = 0.039131317814440084
Training loss on iteration 3320 = 0.07135898487322265
Training loss on iteration 3340 = 0.020601276610250352
Training loss on iteration 3360 = 0.005482902762014419
Training loss on iteration 3380 = 0.01231930423018639
Training loss on iteration 3400 = 0.021483280175743857
Training loss on iteration 3420 = 0.01869752800266724
Training loss on iteration 3440 = 0.00506427516520489
Training loss on iteration 3460 = 0.007472122537728864
Training loss on iteration 3480 = 0.012143998829287739
Training loss on iteration 3500 = 0.023710397030936293
Training loss on iteration 3520 = 0.006444917291958063
Training loss on iteration 3540 = 0.017853938461166764
Training loss on iteration 3560 = 0.06986169868923753
Training loss on iteration 3580 = 0.03351979412836954
Training loss on iteration 3600 = 0.013262070756900357
Training loss on iteration 3620 = 0.02673849099810468
Training loss on iteration 3640 = 0.04196049142847187
Training loss on iteration 3660 = 0.025284033382195047
Training loss on iteration 3680 = 0.024506026547169314
Training loss on iteration 3700 = 0.018999329182406655
Training loss on iteration 3720 = 0.044089727611390114
Training loss on iteration 3740 = 0.003494551328913076
Training loss on iteration 3760 = 0.019612422207865167
Training loss on iteration 3780 = 0.004627291454653459
Training loss on iteration 3800 = 0.008349026385712933
Training loss on iteration 3820 = 0.03711521112491027
Training loss on iteration 3840 = 0.004503808429944911
Training loss on iteration 3860 = 0.00406626750777832
Training loss on iteration 3880 = 0.011888593244839285
Training loss on iteration 3900 = 0.021079027943324037
Training loss on iteration 3920 = 0.01313383472552232
Training loss on iteration 3940 = 0.0725965116664156
Training loss on iteration 3960 = 0.007050000898016151
Training loss on iteration 3980 = 0.06160416304483078
Training loss on iteration 4000 = 0.006431997861363925
Training loss on iteration 4020 = 0.00722368639690103
Training loss on iteration 4040 = 0.04511358826130163
Training loss on iteration 4060 = 0.01602988353570254
Training loss on iteration 4080 = 0.0534007816670055
Training loss on iteration 4100 = 0.00997300263188663
Training loss on iteration 4120 = 0.008164514532109025
Training loss on iteration 4140 = 0.010152389742142987
Training loss on iteration 4160 = 0.024831647957034873
Training loss on iteration 4180 = 0.024103061958157923
Training loss on iteration 4200 = 0.015571864217054098
Training loss on iteration 4220 = 0.019560139049281132
Training loss on iteration 4240 = 0.010904601090805955
Training loss on iteration 4260 = 0.012758823246531392
Training loss on iteration 4280 = 0.020091146428626416
Training loss on iteration 4300 = 0.021534533872909378
Training loss on iteration 4320 = 0.02402165710373083
Training loss on iteration 4340 = 0.013439432230052261
Training loss on iteration 4360 = 0.035510700395298044
Training loss on iteration 4380 = 0.01384542719579258
Training loss on iteration 4400 = 0.013811525015034931
Training loss on iteration 4420 = 0.013596478974432103
Training loss on iteration 4440 = 0.013582914159087522
Training loss on iteration 4460 = 0.031457205192964466
Training loss on iteration 4480 = 0.07706962314041448
Training loss on iteration 4500 = 0.019464898406658902
Training loss on iteration 4520 = 0.021780391220090678
Training loss on iteration 4540 = 0.04822584964967973
Training loss on iteration 4560 = 0.029098298220196737
Training loss on iteration 4580 = 0.004499119093998161
Training loss on iteration 4600 = 0.03499813737489603
Training loss on iteration 4620 = 0.0028207636925799305
Training loss on iteration 4640 = 0.0064025702762592115
Training loss on iteration 4660 = 0.017438188465348503
Training loss on iteration 4680 = 0.03346459258609684
Training loss on iteration 4700 = 0.011211978705978254
Training loss on iteration 4720 = 0.023395848059954004
Training loss on iteration 4740 = 0.009468281559566093
Training loss on iteration 4760 = 0.018411823798305704
Training loss on iteration 4780 = 0.005912655325482774
Training loss on iteration 4800 = 0.009941475779442044
Training loss on iteration 4820 = 0.009177005772016855
Training loss on iteration 4840 = 0.0014895526037435047
Training loss on iteration 4860 = 0.037235962230624864
Training loss on iteration 4880 = 0.044039478150807554
Training loss on iteration 4900 = 0.01845779460709309
Training loss on iteration 4920 = 0.0008345759382791584
Training loss on iteration 4940 = 0.011638902121558204
Training loss on iteration 4960 = 0.02468542215628986
Training loss on iteration 4980 = 0.0173573181109532
Training loss on iteration 5000 = 0.014488030213760794
Training loss on iteration 5020 = 0.02939879139998993
Training loss on iteration 5040 = 0.02067312196054445
Training loss on iteration 5060 = 0.018494845782879566
Training loss on iteration 5080 = 0.012999289039726136
Training loss on iteration 5100 = 0.0051071494516008896
Training loss on iteration 5120 = 0.026213516711050034
Training loss on iteration 5140 = 0.002211973358407704
Training loss on iteration 5160 = 0.06913572928069697
Training loss on iteration 5180 = 0.008948566772596677
Training loss on iteration 5200 = 0.04973078110197093
Training loss on iteration 5220 = 0.02152937106184254
Training loss on iteration 5240 = 0.04638458710469422
Training loss on iteration 5260 = 0.01416211726354959
Training loss on iteration 5280 = 0.05464283673354657
Training loss on iteration 5300 = 0.016386498761494294
Training loss on iteration 5320 = 0.005858031450770795
Training loss on iteration 5340 = 0.015923043795737613
Training loss on iteration 5360 = 0.026652874680621608
Training loss on iteration 5380 = 0.03254277032447135
Training loss on iteration 5400 = 0.009556407535183099
Training loss on iteration 5420 = 0.02698687874249117
Training loss on iteration 5440 = 0.004916586233593989
Training loss on iteration 5460 = 0.003960860920005871
Training loss on iteration 5480 = 0.016244988785092573
Training loss on iteration 5500 = 0.034716357541765316
Training loss on iteration 5520 = 0.10355909249301476
Training loss on iteration 5540 = 0.05702785994217265
Training loss on iteration 5560 = 0.033922661480028184
Training loss on iteration 5580 = 0.07120328859891742
Training loss on iteration 5600 = 0.056840486844885164
Training loss on iteration 5620 = 0.04524937423120719
Training loss on iteration 5640 = 0.028699534411498463
Training loss on iteration 5660 = 0.03372115358215524
Training loss on iteration 5680 = 0.016100052909860097
Training loss on iteration 5700 = 0.031227366971870653
Training loss on iteration 5720 = 0.05256932443298865
Training loss on iteration 5740 = 0.04103445980563265
Training loss on iteration 5760 = 0.021312010563269722
Training loss on iteration 5780 = 0.028579316454306537
Training loss on iteration 5800 = 0.03504729073902126
Training loss on iteration 5820 = 0.008587048962544941
Training loss on iteration 5840 = 0.015886845802742754
Training loss on iteration 5860 = 0.023419449510402045
Training loss on iteration 5880 = 0.05887371602239
Training loss on iteration 5900 = 0.030402239618706518
Training loss on iteration 5920 = 0.014969168390962295
Training loss on iteration 5940 = 0.04433314128764323
Training loss on iteration 5960 = 0.017794851530561574
Training loss on iteration 5980 = 0.04442309602945897
Training loss on iteration 6000 = 0.03909017364421743
Training loss on iteration 6020 = 0.015407464784220792
Training loss on iteration 6040 = 0.019230837062787033
Training loss on iteration 6060 = 0.014477800269378348
Training loss on iteration 6080 = 0.017273986575673916
Training loss on iteration 6100 = 0.01511154986146721
Training loss on iteration 6120 = 0.011480307911733689
Training loss on iteration 6140 = 0.018398838623124903
Training loss on iteration 6160 = 0.06162750886542199
Training loss on iteration 6180 = 0.01622084622940747
Training loss on iteration 6200 = 0.03434419317272841
Training loss on iteration 6220 = 0.012356488430668833
Training loss on iteration 6240 = 0.014699801514325372
Training loss on iteration 6260 = 0.04407642223595758
Training loss on iteration 6280 = 0.005810062449563702
Training loss on iteration 6300 = 0.019181446461880115
Training loss on iteration 6320 = 0.003475748301389103
Training loss on iteration 6340 = 0.004816264683540794
Training loss on iteration 6360 = 0.023844152446940825
Training loss on iteration 6380 = 0.029445225247354757
Training loss on iteration 6400 = 0.011476524590943882
Training loss on iteration 6420 = 0.013515844914218178
Training loss on iteration 6440 = 0.029940723882828025
Training loss on iteration 6460 = 0.06419445928368077
Training loss on iteration 6480 = 0.023575074475229486
Training loss on iteration 6500 = 0.014424361921919626
Training loss on iteration 6520 = 0.09079352947956068
Training loss on iteration 6540 = 0.012714303280517925
Training loss on iteration 6560 = 0.018049411628271627
Training loss on iteration 6580 = 0.04136886054839124
Training loss on iteration 6600 = 0.007504277003317838
Training loss on iteration 6620 = 0.03165735567854426
Training loss on iteration 6640 = 0.01058642227017117
Training loss on iteration 6660 = 0.020116544321263065
Training loss on iteration 6680 = 0.013801559298008215
Training loss on iteration 6700 = 0.012233601166508378
Training loss on iteration 6720 = 0.06222271427814121
Training loss on iteration 6740 = 0.008105691900891544
Training loss on iteration 6760 = 0.011909499071043684
Training loss on iteration 6780 = 0.010583652997911485
Training loss on iteration 6800 = 0.01676023324998823
Training loss on iteration 6820 = 0.0022442240126110844
Training loss on iteration 6840 = 0.0204755756376926
Training loss on iteration 6860 = 0.009321093363178079
Training loss on iteration 6880 = 0.02477043104349832
Training loss on iteration 6900 = 0.01596106243171107
Training loss on iteration 6920 = 0.015223182835779881
Training loss on iteration 6940 = 0.016560057590504586
Training loss on iteration 6960 = 0.020306512341994674
Training loss on iteration 6980 = 0.015627572854941717
Training loss on iteration 7000 = 0.004548092179629748
Training loss on iteration 7020 = 0.020130235873739365
Training loss on iteration 7040 = 0.014941795344930143
Training loss on iteration 7060 = 0.0161317559985946
Training loss on iteration 7080 = 0.030909735069235465
Training loss on iteration 7100 = 0.010023127841668611
Training loss on iteration 7120 = 0.0092572798744186
Training loss on iteration 7140 = 0.028751955026245925
Training loss on iteration 7160 = 0.002188347402443469
Training loss on iteration 7180 = 0.006907497508109373
Training loss on iteration 7200 = 0.0023011438970570453
Training loss on iteration 7220 = 0.02409805149600288
Training loss on iteration 7240 = 0.024490736737561747
Training loss on iteration 7260 = 0.016600309658861077
Training loss on iteration 7280 = 0.004046715329104699
Training loss on iteration 7300 = 0.03307794554719976
Training loss on iteration 7320 = 0.013986024218047533
Training loss on iteration 7340 = 0.01434539923450302
Training loss on iteration 7360 = 0.011561000606752714
Training loss on iteration 7380 = 0.02634292986149376
Training loss on iteration 7400 = 0.004966910738949082
Training loss on iteration 7420 = 0.0021041041405169382
Training loss on iteration 7440 = 0.0017413017885019144
Training loss on iteration 7460 = 0.012795592358384057
Training loss on iteration 7480 = 0.016316108019645982
### EVAL:: Epoch 19:: Loss = 0.007417548849863801 :: ACC = 0.997192062897791, AUC = 0.9999648613636686, EER = 0.002620741295394983
Training on epoch 20
Training loss on iteration 0 = 0.29268908500671387
Training loss on iteration 20 = 0.020703931594653113
Training loss on iteration 40 = 0.005491209535398412
Training loss on iteration 60 = 0.0028744162908878935
Training loss on iteration 80 = 0.014291405627398035
Training loss on iteration 100 = 0.023016762856161676
Training loss on iteration 120 = 0.04499678317370126
Training loss on iteration 140 = 0.013149181071162275
Training loss on iteration 160 = 0.012595370448798349
Training loss on iteration 180 = 0.030977601786253216
Training loss on iteration 200 = 0.008572496688475439
Training loss on iteration 220 = 0.03083369020041573
Training loss on iteration 240 = 0.011869629212014843
Training loss on iteration 260 = 0.016443999915281893
Training loss on iteration 280 = 0.004487724689852257
Training loss on iteration 300 = 0.004698911646119086
Training loss on iteration 320 = 0.03478442565417481
Training loss on iteration 340 = 0.005690685484296409
Training loss on iteration 360 = 0.004575316225509596
Training loss on iteration 380 = 0.01592235854959654
Training loss on iteration 400 = 0.014554925633001403
Training loss on iteration 420 = 0.03867607155718815
Training loss on iteration 440 = 0.027069599973765436
Training loss on iteration 460 = 0.017886876482953083
Training loss on iteration 480 = 0.012781983957029296
Training loss on iteration 500 = 0.008567864730866858
Training loss on iteration 520 = 0.005712341860544257
Training loss on iteration 540 = 0.005069886987348582
Training loss on iteration 560 = 0.004824158144083412
Training loss on iteration 580 = 0.0028489349498613593
Training loss on iteration 600 = 0.0006653466241459682
Training loss on iteration 620 = 0.0021529844256292564
Training loss on iteration 640 = 0.06007702781091666
Training loss on iteration 660 = 0.006433867327723419
Training loss on iteration 680 = 0.0017140299138191039
Training loss on iteration 700 = 0.007203415457297524
Training loss on iteration 720 = 0.019876118273077736
Training loss on iteration 740 = 0.006719288632939424
Training loss on iteration 760 = 0.01477770394885738
Training loss on iteration 780 = 0.002208529457129771
Training loss on iteration 800 = 0.0220054506175984
Training loss on iteration 820 = 0.02364740209541196
Training loss on iteration 840 = 0.01406179439418338
Training loss on iteration 860 = 0.06972137814586858
Training loss on iteration 880 = 0.033698820695644824
Training loss on iteration 900 = 0.018824698336084113
Training loss on iteration 920 = 0.0025304236555712123
Training loss on iteration 940 = 0.00430190717415826
Training loss on iteration 960 = 0.033803979343065296
Training loss on iteration 980 = 0.003361344267250388
Training loss on iteration 1000 = 0.00292754229340062
Training loss on iteration 1020 = 0.019005477128939675
Training loss on iteration 1040 = 0.0474110320912132
Training loss on iteration 1060 = 0.027381867855547172
Training loss on iteration 1080 = 0.027930900326464326
Training loss on iteration 1100 = 0.027547235213569367
Training loss on iteration 1120 = 0.023128767076923396
Training loss on iteration 1140 = 0.03412386560594314
Training loss on iteration 1160 = 0.02102467173244804
Training loss on iteration 1180 = 0.039297599795099815
Training loss on iteration 1200 = 0.026111225632485004
Training loss on iteration 1220 = 0.0188354692174471
Training loss on iteration 1240 = 0.024618709225978818
Training loss on iteration 1260 = 0.00531618720365259
Training loss on iteration 1280 = 0.0031836371814279118
Training loss on iteration 1300 = 0.013657528584371904
Training loss on iteration 1320 = 0.028008663066248118
Training loss on iteration 1340 = 0.016424742016533857
Training loss on iteration 1360 = 0.017993975593890356
Training loss on iteration 1380 = 0.02561032267894916
Training loss on iteration 1400 = 0.0100870800044504
Training loss on iteration 1420 = 0.04015296940197004
Training loss on iteration 1440 = 0.02616480006886377
Training loss on iteration 1460 = 0.07199759553477633
Training loss on iteration 1480 = 0.006418285133258905
Training loss on iteration 1500 = 0.0396019857529609
Training loss on iteration 1520 = 0.027340395234932657
Training loss on iteration 1540 = 0.034691383889548885
Training loss on iteration 1560 = 0.04979196136409882
Training loss on iteration 1580 = 0.030323073168983684
Training loss on iteration 1600 = 0.0058269651621230874
Training loss on iteration 1620 = 0.006425450334791094
Training loss on iteration 1640 = 0.010475867991772247
Training loss on iteration 1660 = 0.00276978244583006
Training loss on iteration 1680 = 0.0005764674462625408
Training loss on iteration 1700 = 0.004264838910967228
Training loss on iteration 1720 = 0.004499324264997995
Training loss on iteration 1740 = 0.0059643374948791465
Training loss on iteration 1760 = 0.002330161655163465
Training loss on iteration 1780 = 0.0022493367930337626
Training loss on iteration 1800 = 0.001801571119892742
Training loss on iteration 1820 = 0.0017926657815223734
Training loss on iteration 1840 = 0.006475492084132384
Training loss on iteration 1860 = 0.031789268755210286
Training loss on iteration 1880 = 0.01607283892981286
Training loss on iteration 1900 = 0.029642747800289727
Training loss on iteration 1920 = 0.03126260153339899
Training loss on iteration 1940 = 0.04336820627803491
Training loss on iteration 1960 = 0.07982476054321523
Training loss on iteration 1980 = 0.033825820409310835
Training loss on iteration 2000 = 0.0072639028672711
Training loss on iteration 2020 = 0.04394276441335023
Training loss on iteration 2040 = 0.05922146023949608
Training loss on iteration 2060 = 0.030441461941518356
Training loss on iteration 2080 = 0.03960445397242438
Training loss on iteration 2100 = 0.025985951920301887
Training loss on iteration 2120 = 0.025713013730273813
Training loss on iteration 2140 = 0.0061688583373324946
Training loss on iteration 2160 = 0.01289067775796866
Training loss on iteration 2180 = 0.008989055239419485
Training loss on iteration 2200 = 0.017864259384896285
Training loss on iteration 2220 = 0.04661252910191251
Training loss on iteration 2240 = 0.024641226083622313
Training loss on iteration 2260 = 0.011831099819391965
Training loss on iteration 2280 = 0.007710160500027996
Training loss on iteration 2300 = 0.005060514010438055
Training loss on iteration 2320 = 0.030827067893915226
Training loss on iteration 2340 = 0.023468259206674703
Training loss on iteration 2360 = 0.003916644918353996
Training loss on iteration 2380 = 0.03530154177510667
Training loss on iteration 2400 = 0.01113970283386152
Training loss on iteration 2420 = 0.040066866614142785
Training loss on iteration 2440 = 0.008701273676979326
Training loss on iteration 2460 = 0.01598177770001712
Training loss on iteration 2480 = 0.02029278181812515
Training loss on iteration 2500 = 0.008094909640749392
Training loss on iteration 2520 = 0.045343456864793553
Training loss on iteration 2540 = 0.030976852199273708
Training loss on iteration 2560 = 0.01421813458946417
Training loss on iteration 2580 = 0.0028513290556020365
Training loss on iteration 2600 = 0.021005687983529243
Training loss on iteration 2620 = 0.014449475323317529
Training loss on iteration 2640 = 0.018237080003746086
Training loss on iteration 2660 = 0.01797966588901545
Training loss on iteration 2680 = 0.028023203231623484
Training loss on iteration 2700 = 0.014109986441144428
Training loss on iteration 2720 = 0.007054139198771736
Training loss on iteration 2740 = 0.017774469108553605
Training loss on iteration 2760 = 0.02477359757413069
Training loss on iteration 2780 = 0.015439673340642912
Training loss on iteration 2800 = 0.02976224895865016
Training loss on iteration 2820 = 0.006440332943020622
Training loss on iteration 2840 = 0.015404856232089514
Training loss on iteration 2860 = 0.01843200735524988
Training loss on iteration 2880 = 0.036385930100323094
Training loss on iteration 2900 = 0.039831525985118785
Training loss on iteration 2920 = 0.01033321442578199
Training loss on iteration 2940 = 0.01148082116005753
Training loss on iteration 2960 = 0.013782527766670683
Training loss on iteration 2980 = 0.007679517664928426
Training loss on iteration 3000 = 0.004751848986416007
Training loss on iteration 3020 = 0.017370568450633072
Training loss on iteration 3040 = 0.09527692210758687
Training loss on iteration 3060 = 0.018304626402823487
Training loss on iteration 3080 = 0.005803617306810338
Training loss on iteration 3100 = 0.010182821544003674
Training loss on iteration 3120 = 0.02186878553002316
Training loss on iteration 3140 = 0.004154457980348525
Training loss on iteration 3160 = 0.029155753041959543
Training loss on iteration 3180 = 0.01234617340232944
Training loss on iteration 3200 = 0.016239797168964287
Training loss on iteration 3220 = 0.02699195382574544
Training loss on iteration 3240 = 0.0011502292773911903
Training loss on iteration 3260 = 0.0022208521161701357
Training loss on iteration 3280 = 0.009864431409323516
Training loss on iteration 3300 = 0.033481265296722997
Training loss on iteration 3320 = 0.011255397572472247
Training loss on iteration 3340 = 0.02186208297570147
Training loss on iteration 3360 = 0.05773320675900777
Training loss on iteration 3380 = 0.010428444368244527
Training loss on iteration 3400 = 0.0320246028362817
Training loss on iteration 3420 = 0.01945682271343685
Training loss on iteration 3440 = 0.036021465567500854
Training loss on iteration 3460 = 0.03252956454107334
Training loss on iteration 3480 = 0.04025571753045369
Training loss on iteration 3500 = 0.014807199822098483
Training loss on iteration 3520 = 0.022044566577824297
Training loss on iteration 3540 = 0.014524527274625143
Training loss on iteration 3560 = 0.0045698277490373584
Training loss on iteration 3580 = 0.045579523530432195
Training loss on iteration 3600 = 0.03112018828942382
Training loss on iteration 3620 = 0.025452575876261107
Training loss on iteration 3640 = 0.010554015662637539
Training loss on iteration 3660 = 0.003705132507639064
Training loss on iteration 3680 = 0.027973369585151887
Training loss on iteration 3700 = 0.012808275083261832
Training loss on iteration 3720 = 0.001421815312187391
Training loss on iteration 3740 = 0.022594974294656824
Training loss on iteration 3760 = 0.011291099835943896
Training loss on iteration 3780 = 0.029893038934096693
Training loss on iteration 3800 = 0.011708115939472918
Training loss on iteration 3820 = 0.012577204895569594
Training loss on iteration 3840 = 0.012433324198718764
Training loss on iteration 3860 = 0.012169386133700754
Training loss on iteration 3880 = 0.04730390497638837
Training loss on iteration 3900 = 0.01853239740303252
Training loss on iteration 3920 = 0.04264386866489076
Training loss on iteration 3940 = 0.024135364413814385
Training loss on iteration 3960 = 0.01817252208311402
Training loss on iteration 3980 = 0.023714282767832627
Training loss on iteration 4000 = 0.033665616827966004
Training loss on iteration 4020 = 0.08026579462289192
Training loss on iteration 4040 = 0.016009497209051916
Training loss on iteration 4060 = 0.005461717221987783
Training loss on iteration 4080 = 0.011004713331340099
Training loss on iteration 4100 = 0.004857942440230545
Training loss on iteration 4120 = 0.013518183902351665
Training loss on iteration 4140 = 0.06683768308430445
Training loss on iteration 4160 = 0.019782924098399234
Training loss on iteration 4180 = 0.02054085131676402
Training loss on iteration 4200 = 0.015496430390703609
Training loss on iteration 4220 = 0.0488725094939582
Training loss on iteration 4240 = 0.03583581133425469
Training loss on iteration 4260 = 0.01800641302834265
Training loss on iteration 4280 = 0.020712868667033035
Training loss on iteration 4300 = 0.009868548956001177
Training loss on iteration 4320 = 0.0023895459215054872
Training loss on iteration 4340 = 0.005453633051911311
Training loss on iteration 4360 = 0.01002348609663386
Training loss on iteration 4380 = 0.036492470343364405
Training loss on iteration 4400 = 0.0435102130550149
Training loss on iteration 4420 = 0.010131344290857668
Training loss on iteration 4440 = 0.015433428270716832
Training loss on iteration 4460 = 0.0018933810371891014
Training loss on iteration 4480 = 0.01840336418754305
Training loss on iteration 4500 = 0.020440701930056093
Training loss on iteration 4520 = 0.03062924652458605
Training loss on iteration 4540 = 0.014117121212984784
Training loss on iteration 4560 = 0.020939548207206827
Training loss on iteration 4580 = 0.025306661737647573
Training loss on iteration 4600 = 0.005345002899139218
Training loss on iteration 4620 = 0.045196461950035884
Training loss on iteration 4640 = 0.00656389472292176
Training loss on iteration 4660 = 0.028575869874225647
Training loss on iteration 4680 = 0.08838459841381337
Training loss on iteration 4700 = 0.040446827876439786
Training loss on iteration 4720 = 0.027260952911456117
Training loss on iteration 4740 = 0.028983336294186302
Training loss on iteration 4760 = 0.010259574971860275
Training loss on iteration 4780 = 0.020555958770637518
Training loss on iteration 4800 = 0.012766243243822828
Training loss on iteration 4820 = 0.010206783597095637
Training loss on iteration 4840 = 0.007022424277636219
Training loss on iteration 4860 = 0.029340896953090122
Training loss on iteration 4880 = 0.0025989640005718686
Training loss on iteration 4900 = 0.026086001691874118
Training loss on iteration 4920 = 0.0039101967944588974
Training loss on iteration 4940 = 0.022083618370652404
Training loss on iteration 4960 = 0.004328899042684497
Training loss on iteration 4980 = 0.006119087395109091
Training loss on iteration 5000 = 0.028630294382764987
Training loss on iteration 5020 = 0.014426133253596162
Training loss on iteration 5040 = 0.012571731164052835
Training loss on iteration 5060 = 0.02388242974266177
Training loss on iteration 5080 = 0.004618309459874581
Training loss on iteration 5100 = 0.024775879933145006
Training loss on iteration 5120 = 0.017448182595217077
Training loss on iteration 5140 = 0.014716593080561325
Training loss on iteration 5160 = 0.0075115903314326715
Training loss on iteration 5180 = 0.026964461025818308
Training loss on iteration 5200 = 0.06710594911382942
Training loss on iteration 5220 = 0.013342112176178488
Training loss on iteration 5240 = 0.00411579861320206
Training loss on iteration 5260 = 0.04187318368603883
Training loss on iteration 5280 = 0.047308899395284244
Training loss on iteration 5300 = 0.04724845254822867
Training loss on iteration 5320 = 0.012871429999358952
Training loss on iteration 5340 = 0.03379692644521128
Training loss on iteration 5360 = 0.030804682624875568
Training loss on iteration 5380 = 0.034423246542428385
Training loss on iteration 5400 = 0.024167308051255533
Training loss on iteration 5420 = 0.015877008758252487
Training loss on iteration 5440 = 0.021799394086701795
Training loss on iteration 5460 = 0.03179050843828009
Training loss on iteration 5480 = 0.005870510262320749
Training loss on iteration 5500 = 0.07883998147881358
Training loss on iteration 5520 = 0.01758569730154704
Training loss on iteration 5540 = 0.04392922946863109
Training loss on iteration 5560 = 0.01905421383562498
Training loss on iteration 5580 = 0.025322125304228393
Training loss on iteration 5600 = 0.017740353711269564
Training loss on iteration 5620 = 0.018104515351296868
Training loss on iteration 5640 = 0.00981987450941233
Training loss on iteration 5660 = 0.012517817496518546
Training loss on iteration 5680 = 0.011975306123713381
Training loss on iteration 5700 = 0.03303877130674664
Training loss on iteration 5720 = 0.0023622012693522267
Training loss on iteration 5740 = 0.0045124915150154266
Training loss on iteration 5760 = 0.008696494102969155
Training loss on iteration 5780 = 0.0021928175008724795
Training loss on iteration 5800 = 0.0009542730535940791
Training loss on iteration 5820 = 0.0036338363387812935
Training loss on iteration 5840 = 0.017655998179247945
Training loss on iteration 5860 = 0.012437108160605703
Training loss on iteration 5880 = 0.008308376069362567
Training loss on iteration 5900 = 0.01331930087976616
Training loss on iteration 5920 = 0.005557598280142883
Training loss on iteration 5940 = 0.0278718048745759
Training loss on iteration 5960 = 0.008007088832869158
Training loss on iteration 5980 = 0.013258961539236225
Training loss on iteration 6000 = 0.03629120765945117
Training loss on iteration 6020 = 0.010945485456034021
Training loss on iteration 6040 = 0.012271327563257727
Training loss on iteration 6060 = 0.02777468396211589
Training loss on iteration 6080 = 0.0027164547718996346
Training loss on iteration 6100 = 0.017848794477049523
Training loss on iteration 6120 = 0.02468008748523971
Training loss on iteration 6140 = 0.007674892505724529
Training loss on iteration 6160 = 0.030944127123257205
Training loss on iteration 6180 = 0.022376624905973586
Training loss on iteration 6200 = 0.011656660506014304
Training loss on iteration 6220 = 0.007005387792469264
Training loss on iteration 6240 = 0.02973070862581153
Training loss on iteration 6260 = 0.024060400333792132
Training loss on iteration 6280 = 0.029018458233804268
Training loss on iteration 6300 = 0.046497255983194916
Training loss on iteration 6320 = 0.03579844232408504
Training loss on iteration 6340 = 0.00853431086798082
Training loss on iteration 6360 = 0.0024994756142405093
Training loss on iteration 6380 = 0.031201263082311925
Training loss on iteration 6400 = 0.021096265303276594
Training loss on iteration 6420 = 0.03099150212656241
Training loss on iteration 6440 = 0.01464091231864586
Training loss on iteration 6460 = 0.011088012090476695
Training loss on iteration 6480 = 0.0041155841790896375
Training loss on iteration 6500 = 0.02386286086839391
Training loss on iteration 6520 = 0.0193730336808585
Training loss on iteration 6540 = 0.02965748001879547
Training loss on iteration 6560 = 0.0296064991838648
Training loss on iteration 6580 = 0.029445462532748934
Training loss on iteration 6600 = 0.01870868531805172
Training loss on iteration 6620 = 0.004188628809788497
Training loss on iteration 6640 = 0.04710479564273555
Training loss on iteration 6660 = 0.005177189997630194
Training loss on iteration 6680 = 0.005504455790196516
Training loss on iteration 6700 = 0.014731138607567118
Training loss on iteration 6720 = 0.0027934004536746214
Training loss on iteration 6740 = 0.013900471412728165
Training loss on iteration 6760 = 0.03224501360259637
Training loss on iteration 6780 = 0.00936741571604216
Training loss on iteration 6800 = 0.04376378902334181
Training loss on iteration 6820 = 0.028264812198540313
Training loss on iteration 6840 = 0.024605773574785418
Training loss on iteration 6860 = 0.004674198308384803
Training loss on iteration 6880 = 0.01334161018003215
Training loss on iteration 6900 = 0.019890353331948062
Training loss on iteration 6920 = 0.010679884780620342
Training loss on iteration 6940 = 0.016073188237044178
Training loss on iteration 6960 = 0.040498887599233056
Training loss on iteration 6980 = 0.015240710290800052
Training loss on iteration 7000 = 0.01748074038869163
Training loss on iteration 7020 = 0.008365404247592778
Training loss on iteration 7040 = 0.034249539354823354
Training loss on iteration 7060 = 0.011721172491706965
Training loss on iteration 7080 = 0.005954983000356151
Training loss on iteration 7100 = 0.003501255748312815
Training loss on iteration 7120 = 0.02284864463733811
Training loss on iteration 7140 = 0.012990848676054156
Training loss on iteration 7160 = 0.009142908034323226
Training loss on iteration 7180 = 0.040216718952751765
Training loss on iteration 7200 = 0.009932884537465724
Training loss on iteration 7220 = 0.009724874992207333
Training loss on iteration 7240 = 0.025103410559631813
Training loss on iteration 7260 = 0.05563391536288691
Training loss on iteration 7280 = 0.010386828640184831
Training loss on iteration 7300 = 0.01124674792663427
Training loss on iteration 7320 = 0.04283767121123674
Training loss on iteration 7340 = 0.09607281126227463
Training loss on iteration 7360 = 0.022788641863735394
Training loss on iteration 7380 = 0.02099031168036163
Training loss on iteration 7400 = 0.010216676338313847
Training loss on iteration 7420 = 0.026651690222206526
Training loss on iteration 7440 = 0.01089905293629272
Training loss on iteration 7460 = 0.010448298682695168
Training loss on iteration 7480 = 0.014093765787220037
### EVAL:: Epoch 20:: Loss = 0.01017698622608279 :: ACC = 0.9965836765256458, AUC = 0.9999436783113999, EER = 0.003182328715836765
### Out of domain:: Best epoch 13 :: ACC = 0.698589065255732, AUC = 0.8600370190721603, EER = 0.22126480221718317
recorded: {'exp_name': 'en_ast_r03', 'model': 'ast', 'train': 'commonvoice-en', 'test': 'mailabs-en', 'in_acc': 0.9982684387869711, 'in_auc': 0.9999756543828558, 'in_eer': 0.0018719580681392737, 'cross_acc': 0.698589065255732, 'cross_auc': 0.8600370190721603, 'cross_eer': 0.22126480221718317}
root_path: /project/home/p201284/guo/xmad_data
multilingual: True  model check for config: /project/home/p201284/guo/xmad-bench-repro/repro_tools/stepB/configs_node2_en/config_en_resnet18.json

  OK  commonvoice-en       rows=96368    sep=','
  OK  mailabs-en           rows=39690    sep=','

PRE-FLIGHT PASSED — data layout looks correct for this config.

=== RUN en_resnet18_r01 (model=resnet18) ===
commonvoice-en
commonvoice-en
Training on epoch 1
Training loss on iteration 0 = 0.8047904968261719
Training loss on iteration 20 = 0.18496937043964862
Training loss on iteration 40 = 0.062089399062097074
Training loss on iteration 60 = 0.036746744997799397
Training loss on iteration 80 = 0.018959988676942884
Training loss on iteration 100 = 0.015967620251467453
Training loss on iteration 120 = 0.024064309825189412
Training loss on iteration 140 = 0.027718544902745633
Training loss on iteration 160 = 0.014802345400676131
Training loss on iteration 180 = 0.01867869637790136
Training loss on iteration 200 = 0.012307901732856407
Training loss on iteration 220 = 0.01760748033411801
Training loss on iteration 240 = 0.019233098474796862
Training loss on iteration 260 = 0.013681876333430409
Training loss on iteration 280 = 0.010512652044417337
Training loss on iteration 300 = 0.016101215279195457
Training loss on iteration 320 = 0.007658286712830887
Training loss on iteration 340 = 0.0038249352830462156
Training loss on iteration 360 = 0.004808214175864123
### EVAL:: Epoch 1:: Loss = 0.016005165300419625 :: ACC = 0.9940565331336578, AUC = 0.9999898640233769, EER = 0.00177836016473231
Training on epoch 2
Training loss on iteration 0 = 0.012431733310222626
Training loss on iteration 20 = 0.007090038040769286
Training loss on iteration 40 = 0.0035566831124015153
Training loss on iteration 60 = 0.003043851346592419
Training loss on iteration 80 = 0.004446131380973384
Training loss on iteration 100 = 0.00434542503717239
Training loss on iteration 120 = 0.003356910189904738
Training loss on iteration 140 = 0.003512359484739136
Training loss on iteration 160 = 0.009793236725818133
Training loss on iteration 180 = 0.006878086827055085
Training loss on iteration 200 = 0.0054929747893766034
Training loss on iteration 220 = 0.006271156371803954
Training loss on iteration 240 = 0.0041637875714513935
Training loss on iteration 260 = 0.0020363439791253766
Training loss on iteration 280 = 0.005456682147269021
Training loss on iteration 300 = 0.007351689270581119
Training loss on iteration 320 = 0.005215044911892619
Training loss on iteration 340 = 0.007012902843416669
Training loss on iteration 360 = 0.006488902874843916
### EVAL:: Epoch 2:: Loss = 0.01872551196680101 :: ACC = 0.9931673530512917, AUC = 0.9999996846195692, EER = 0.00028079371022089104
Training on epoch 3
Training loss on iteration 0 = 0.015700003132224083
Training loss on iteration 20 = 0.00278452007623855
Training loss on iteration 40 = 0.0018645783073225175
Training loss on iteration 60 = 0.0023893793127172103
Training loss on iteration 80 = 0.00574846355993941
Training loss on iteration 100 = 0.010357527149608359
Training loss on iteration 120 = 0.007078797690337524
Training loss on iteration 140 = 0.002627815263258526
Training loss on iteration 160 = 0.0032028609741246326
Training loss on iteration 180 = 0.0029976760162753633
Training loss on iteration 200 = 0.0032454830579808913
Training loss on iteration 220 = 0.009045787002833094
Training loss on iteration 240 = 0.00431987369156559
Training loss on iteration 260 = 0.003027015574480174
Training loss on iteration 280 = 0.002691649804182816
Training loss on iteration 300 = 0.003981054353789659
Training loss on iteration 320 = 0.002123635906536947
Training loss on iteration 340 = 0.004093879078209284
Training loss on iteration 360 = 0.002165473289278452
### EVAL:: Epoch 3:: Loss = 0.017402441995733545 :: ACC = 0.9944309247472857, AUC = 0.9999983530133058, EER = 0.00037439161362785476
Training on epoch 4
Training loss on iteration 0 = 0.027558162808418274
Training loss on iteration 20 = 0.005547131362982327
Training loss on iteration 40 = 0.002406630869518267
Training loss on iteration 60 = 0.004770526659831376
Training loss on iteration 80 = 0.0025311469918960936
Training loss on iteration 100 = 0.0022238819183257874
Training loss on iteration 120 = 0.0016818300953673315
Training loss on iteration 140 = 0.0012894095605588518
Training loss on iteration 160 = 0.0007560113225281384
Training loss on iteration 180 = 0.0028147320746029435
Training loss on iteration 200 = 0.004829764067108044
Training loss on iteration 220 = 0.004322411495013512
Training loss on iteration 240 = 0.0077366709461784925
Training loss on iteration 260 = 0.003503037189148017
Training loss on iteration 280 = 0.004837405728176236
Training loss on iteration 300 = 0.0023583533193232142
Training loss on iteration 320 = 0.0017931172564203735
Training loss on iteration 340 = 0.0027844618097333297
Training loss on iteration 360 = 0.0012853826399805257
### EVAL:: Epoch 4:: Loss = 0.06424991662225582 :: ACC = 0.9811868214152003, AUC = 0.9999951904484302, EER = 0.0006551853238487457
Training on epoch 5
Training loss on iteration 0 = 0.0009456317056901753
Training loss on iteration 20 = 0.009309815622691531
Training loss on iteration 40 = 0.0030765650190005545
Training loss on iteration 60 = 0.0010617708557219886
Training loss on iteration 80 = 0.0022978576162131503
Training loss on iteration 100 = 0.005169387648857082
Training loss on iteration 120 = 0.003958290593800484
Training loss on iteration 140 = 0.003260797016264405
Training loss on iteration 160 = 0.001501695600745734
Training loss on iteration 180 = 0.0025034603311723915
Training loss on iteration 200 = 0.003044272905390244
Training loss on iteration 220 = 0.001001635514148802
Training loss on iteration 240 = 0.002743149729212746
Training loss on iteration 260 = 0.0028869889342786337
Training loss on iteration 280 = 0.003361592850751549
Training loss on iteration 300 = 0.004086678849671443
Training loss on iteration 320 = 0.0029755451676464874
Training loss on iteration 340 = 0.004051696496026125
Training loss on iteration 360 = 0.0026215162164589857
### EVAL:: Epoch 5:: Loss = 0.000759424324897744 :: ACC = 0.9997192062897791, AUC = 0.9999997021407042, EER = 0.00028079371022089104
Training on epoch 6
Training loss on iteration 0 = 0.0010708075715228915
Training loss on iteration 20 = 0.0029605184183310483
Training loss on iteration 40 = 0.001552842576347757
Training loss on iteration 60 = 0.002257791283818733
Training loss on iteration 80 = 0.0024782776898064187
Training loss on iteration 100 = 0.003932375062322535
Training loss on iteration 120 = 0.0025535586071782747
Training loss on iteration 140 = 0.0006840150477728457
Training loss on iteration 160 = 0.0009952657316262049
Training loss on iteration 180 = 0.002320227624522886
Training loss on iteration 200 = 0.0013868044862647365
Training loss on iteration 220 = 0.0010757416230717353
Training loss on iteration 240 = 0.0007567143727101211
Training loss on iteration 260 = 0.0008720433521375526
Training loss on iteration 280 = 0.0006734910788054549
Training loss on iteration 300 = 0.0009173370794087532
Training loss on iteration 320 = 0.0002669367287580826
Training loss on iteration 340 = 0.0016936820125238229
Training loss on iteration 360 = 0.004287129668568923
### EVAL:: Epoch 6:: Loss = 0.014567768362391613 :: ACC = 0.9949925121677274, AUC = 0.9999984669006836, EER = 0.0005615874204417821
Training on epoch 7
Training loss on iteration 0 = 7.477637700503692e-05
Training loss on iteration 20 = 0.008714874752877222
Training loss on iteration 40 = 0.011885848647216335
Training loss on iteration 60 = 0.005117249421891757
Training loss on iteration 80 = 0.005063973720825743
Training loss on iteration 100 = 0.003085739412927069
Training loss on iteration 120 = 0.009966929043002892
Training loss on iteration 140 = 0.0035824484955810478
Training loss on iteration 160 = 0.004239418857832788
Training loss on iteration 180 = 0.0012158035420725354
Training loss on iteration 200 = 0.0030525531499733917
Training loss on iteration 220 = 0.001062777933475445
Training loss on iteration 240 = 0.0013901483584049857
Training loss on iteration 260 = 0.0013788626809400739
Training loss on iteration 280 = 0.0013165725652470428
Training loss on iteration 300 = 0.0006732698828272987
Training loss on iteration 320 = 0.0012572071669637807
Training loss on iteration 340 = 0.0009846812770319957
Training loss on iteration 360 = 0.0005585178094634103
### EVAL:: Epoch 7:: Loss = 2.628543736577935e-05 :: ACC = 1.0, AUC = 1.0, EER = 0.0
Training on epoch 8
Training loss on iteration 0 = 0.00010708592890296131
Training loss on iteration 20 = 0.0005331226067028183
Training loss on iteration 40 = 0.0009239789989806014
Training loss on iteration 60 = 0.0017335400438241778
Training loss on iteration 80 = 0.006265207431897579
Training loss on iteration 100 = 0.003250781375390943
Training loss on iteration 120 = 0.00200854272570723
Training loss on iteration 140 = 0.004383920167856559
Training loss on iteration 160 = 0.0014116982911218656
Training loss on iteration 180 = 0.0024044260052505707
Training loss on iteration 200 = 0.0018939083867735463
Training loss on iteration 220 = 0.004843859718221211
Training loss on iteration 240 = 0.0018678148173421505
Training loss on iteration 260 = 0.0019137251962092704
Training loss on iteration 280 = 0.0010756302706795395
Training loss on iteration 300 = 0.0013098073348373873
Training loss on iteration 320 = 0.002497400061747612
Training loss on iteration 340 = 0.0041225903263693905
Training loss on iteration 360 = 0.0011825465269794222
### EVAL:: Epoch 8:: Loss = 0.00029972684270755136 :: ACC = 0.9998128041931861, AUC = 0.9999999474365949, EER = 0.00018719580681392738
Training on epoch 9
Training loss on iteration 0 = 2.7553220206755213e-05
Training loss on iteration 20 = 0.0005648287293752219
Training loss on iteration 40 = 0.0005747592982515926
Training loss on iteration 60 = 0.0013382020853669018
Training loss on iteration 80 = 0.0014186217854330607
Training loss on iteration 100 = 0.002333507130606449
Training loss on iteration 120 = 0.00480375816941887
Training loss on iteration 140 = 0.0021910542876867113
Training loss on iteration 160 = 0.0011987406651542188
Training loss on iteration 180 = 0.0038087938028638748
Training loss on iteration 200 = 0.0006557374273143069
Training loss on iteration 220 = 0.002096587859614374
Training loss on iteration 240 = 0.0013560643125856587
Training loss on iteration 260 = 0.0005063538083959429
Training loss on iteration 280 = 0.0012849555555021653
Training loss on iteration 300 = 0.003739968382205916
Training loss on iteration 320 = 0.0017851974045697716
Training loss on iteration 340 = 0.0008459369842967135
Training loss on iteration 360 = 0.0010865741938687278
### EVAL:: Epoch 9:: Loss = 0.0005586641374405963 :: ACC = 0.9997660052414826, AUC = 1.0, EER = 0.0
Training on epoch 10
Training loss on iteration 0 = 0.00016868927923496813
Training loss on iteration 20 = 0.000989055989452936
Training loss on iteration 40 = 0.0028784275756152055
Training loss on iteration 60 = 0.0008527362277163774
Training loss on iteration 80 = 0.001877711737415666
Training loss on iteration 100 = 0.0014927798181815887
Training loss on iteration 120 = 0.0019258484945567033
Training loss on iteration 140 = 0.002193410720428801
Training loss on iteration 160 = 0.0003596243750962458
Training loss on iteration 180 = 0.00026396742014185294
Training loss on iteration 200 = 0.00014388299441634445
Training loss on iteration 220 = 0.0003802274359372859
Training loss on iteration 240 = 0.00035122755743941523
Training loss on iteration 260 = 0.0009281590915122706
Training loss on iteration 280 = 0.00035272960699330726
Training loss on iteration 300 = 0.00038333528466409915
Training loss on iteration 320 = 0.0013446290979459263
Training loss on iteration 340 = 0.0018322935998412505
Training loss on iteration 360 = 0.0019104144883385743
### EVAL:: Epoch 10:: Loss = 0.00047355888731367643 :: ACC = 0.9998128041931861, AUC = 1.0, EER = 0.0
Training on epoch 11
Training loss on iteration 0 = 2.264141949126497e-05
Training loss on iteration 20 = 0.002608419872331069
Training loss on iteration 40 = 0.0009181549506593001
Training loss on iteration 60 = 0.0020973651901385892
Training loss on iteration 80 = 0.002218820300231528
Training loss on iteration 100 = 0.0005026683772484831
Training loss on iteration 120 = 0.0005167347120277555
Training loss on iteration 140 = 0.0003744095146203108
Training loss on iteration 160 = 0.0010894867998331391
Training loss on iteration 180 = 0.00039392222053038497
Training loss on iteration 200 = 0.002572131098463615
Training loss on iteration 220 = 0.0015667069594655914
Training loss on iteration 240 = 0.00047082059036256395
Training loss on iteration 260 = 0.0007103735870259698
Training loss on iteration 280 = 0.000177217189991552
Training loss on iteration 300 = 0.00037597498027253096
Training loss on iteration 320 = 0.0004243341286269242
Training loss on iteration 340 = 0.00042893362891049946
Training loss on iteration 360 = 0.0006513411245578027
### EVAL:: Epoch 11:: Loss = 6.593590836661852e-05 :: ACC = 0.9999532010482965, AUC = 1.0, EER = 0.0
Training on epoch 12
Training loss on iteration 0 = 0.009648055769503117
Training loss on iteration 20 = 0.00081682714312592
Training loss on iteration 40 = 0.0021987441135934206
Training loss on iteration 60 = 0.0003659315250615691
Training loss on iteration 80 = 0.0008062681340788913
Training loss on iteration 100 = 0.00038753276268153056
Training loss on iteration 120 = 0.001644971808391915
Training loss on iteration 140 = 0.0002085329298324723
Training loss on iteration 160 = 0.0009091497304325458
Training loss on iteration 180 = 0.0017520332769436209
Training loss on iteration 200 = 0.004114182170269487
Training loss on iteration 220 = 0.0011699705301452922
Training loss on iteration 240 = 0.006983253212820273
Training loss on iteration 260 = 0.005450788714188093
Training loss on iteration 280 = 0.0029971041794397022
Training loss on iteration 300 = 0.0009069639610970626
Training loss on iteration 320 = 0.0016941676445185294
Training loss on iteration 340 = 0.00034289140737655546
Training loss on iteration 360 = 0.00029452481558109864
### EVAL:: Epoch 12:: Loss = 0.0008181285316271638 :: ACC = 0.9997192062897791, AUC = 0.9999999036337572, EER = 0.0
Training on epoch 13
Training loss on iteration 0 = 2.4972367100417614e-05
Training loss on iteration 20 = 0.0004989897609220861
Training loss on iteration 40 = 0.0015147327287877489
Training loss on iteration 60 = 0.0006711285437177139
Training loss on iteration 80 = 0.0013858963022357785
Training loss on iteration 100 = 0.004150961498044126
Training loss on iteration 120 = 0.0031741156995394705
Training loss on iteration 140 = 0.0023634626992134144
Training loss on iteration 160 = 0.0038173147570887524
Training loss on iteration 180 = 0.0015518717934355664
Training loss on iteration 200 = 0.0005983959389254778
Training loss on iteration 220 = 0.0013201198442402528
Training loss on iteration 240 = 0.0007708191211349913
Training loss on iteration 260 = 0.002119044122878222
Training loss on iteration 280 = 0.0016211822940931596
Training loss on iteration 300 = 0.00206017680138757
Training loss on iteration 320 = 0.0014096424722879418
Training loss on iteration 340 = 0.0023863821032364283
Training loss on iteration 360 = 0.0014996141551819164
### EVAL:: Epoch 13:: Loss = 0.0025622502395213536 :: ACC = 0.9992980157244478, AUC = 0.9999998423097846, EER = 9.359790340696369e-05
Training on epoch 14
Training loss on iteration 0 = 0.009153425693511963
Training loss on iteration 20 = 0.003498002141532197
Training loss on iteration 40 = 0.0009025743076563231
Training loss on iteration 60 = 0.0006978722080248189
Training loss on iteration 80 = 0.0023859332392021314
Training loss on iteration 100 = 0.0014398360186987703
Training loss on iteration 120 = 0.002278283922805713
Training loss on iteration 140 = 0.0013336981312932039
Training loss on iteration 160 = 0.0004941043736380379
Training loss on iteration 180 = 0.0009955959551462001
Training loss on iteration 200 = 0.000601147576708172
Training loss on iteration 220 = 0.0011087450436207292
Training loss on iteration 240 = 0.0009569799313794647
Training loss on iteration 260 = 0.0014059735391811045
Training loss on iteration 280 = 0.0008749912975872576
Training loss on iteration 300 = 0.001647820925529686
Training loss on iteration 320 = 0.000680682853487724
Training loss on iteration 340 = 0.002153693392722289
Training loss on iteration 360 = 0.0006294641719023275
