>> activated env: /project/home/p201284/guo/xmad-bench-repro/venv/bin/activate  (Python 3.13.12)
>> torch 2.12.0+cu132 | CUDA available: True
Applying resumable-training patch...
  already patched: /project/home/p201284/guo/xmad-bench-repro/detection/trainer.py
  trainer.py is valid Python.
Done. Killed runs now continue from their last completed epoch.
>> Generating configs for: ar  (models: septr, tag=ar_septr_r01, GPU=2)
Wrote 1 configs to /project/home/p201284/guo/xmad-bench-repro/repro_tools/stepB/configs_ar_septr_r01/  (languages: ar)
>> single-repeat mode: this process runs ONLY repeat r01
root_path: /project/home/p201284/guo/xmad_data/
multilingual: True  model check for config: /project/home/p201284/guo/xmad-bench-repro/repro_tools/stepB/configs_ar_septr_r01/config_ar_septr.json

  OK  commonvoice-ar       rows=76602    sep=','
  OK  masc                 rows=12984    sep=','

PRE-FLIGHT PASSED — data layout looks correct for this config.

=== RUN ar_septr_r01 (model=septr) ===
commonvoice-ar
commonvoice-ar
Training on epoch 1
Training loss on iteration 0 = 1.2138502597808838
Training loss on iteration 20 = 1.3511040315032006
Training loss on iteration 40 = 0.7319628477096558
Training loss on iteration 60 = 0.6698600143194199
Training loss on iteration 80 = 0.6236221998929977
Training loss on iteration 100 = 0.7387466222047806
Training loss on iteration 120 = 0.5865024626255035
Training loss on iteration 140 = 0.6086596772074699
Training loss on iteration 160 = 0.45502146854996683
Training loss on iteration 180 = 0.7687457799911499
Training loss on iteration 200 = 0.40357358902692797
Training loss on iteration 220 = 0.23442047648131847
Training loss on iteration 240 = 0.3829445630311966
Training loss on iteration 260 = 0.3001072879880667
Training loss on iteration 280 = 0.63935627900064
Training loss on iteration 300 = 0.3543015519157052
Training loss on iteration 320 = 0.2769628702662885
Training loss on iteration 340 = 0.24041325747966766
Training loss on iteration 360 = 0.20348380096256732
Training loss on iteration 380 = 0.3010370639152825
Training loss on iteration 400 = 0.27914834739640354
Training loss on iteration 420 = 0.2422330729663372
Training loss on iteration 440 = 0.22696142746135592
Training loss on iteration 460 = 0.1709522235672921
Training loss on iteration 480 = 0.17835075203329326
Training loss on iteration 500 = 0.24216385036706925
Training loss on iteration 520 = 0.2759695052169263
Training loss on iteration 540 = 0.3129182767122984
Training loss on iteration 560 = 0.27235117729287595
Training loss on iteration 580 = 0.2319647434866056
Training loss on iteration 600 = 0.29422013498842714
Training loss on iteration 620 = 0.2258966786786914
Training loss on iteration 640 = 0.18115633986890317
Training loss on iteration 660 = 0.20896676580887288
Training loss on iteration 680 = 0.13837161124683917
Training loss on iteration 700 = 0.138396314412239
Training loss on iteration 720 = 0.20617852513678372
Training loss on iteration 740 = 0.27180888175498696
Training loss on iteration 760 = 0.17472481904551387
Training loss on iteration 780 = 0.1886184425558895
Training loss on iteration 800 = 0.19570244287315292
Training loss on iteration 820 = 0.1795705738477409
Training loss on iteration 840 = 0.15017138863913715
Training loss on iteration 860 = 0.18808474522083998
Training loss on iteration 880 = 0.26621584680397065
Training loss on iteration 900 = 0.177881093416363
Training loss on iteration 920 = 0.2598866566084325
Training loss on iteration 940 = 0.1858716208022088
Training loss on iteration 960 = 0.20588315417990088
Training loss on iteration 980 = 0.12695790705038235
Training loss on iteration 1000 = 0.23717845221981407
Training loss on iteration 1020 = 0.08745434897718951
Training loss on iteration 1040 = 0.19750941330567
Training loss on iteration 1060 = 0.11735256165266036
Training loss on iteration 1080 = 0.21784286338370293
Training loss on iteration 1100 = 0.19992278493009508
Training loss on iteration 1120 = 0.2110764986369759
Training loss on iteration 1140 = 0.18390402402728795
Training loss on iteration 1160 = 0.1646785809425637
Training loss on iteration 1180 = 0.22362145162187516
Training loss on iteration 1200 = 0.1179242291720584
Training loss on iteration 1220 = 0.22211411474272608
Training loss on iteration 1240 = 0.29422418838366865
Training loss on iteration 1260 = 0.16105367727577685
Training loss on iteration 1280 = 0.32930135540664196
Training loss on iteration 1300 = 0.19599025934003295
Training loss on iteration 1320 = 0.1722576045896858
Training loss on iteration 1340 = 0.09851514462498016
Training loss on iteration 1360 = 0.13201915934914724
Training loss on iteration 1380 = 0.27139055393636224
Training loss on iteration 1400 = 0.12107938954140991
Training loss on iteration 1420 = 0.17279080288717524
Training loss on iteration 1440 = 0.12625790109741503
Training loss on iteration 1460 = 0.1262473467970267
Training loss on iteration 1480 = 0.15955142519669607
Training loss on iteration 1500 = 0.2658542559482157
Training loss on iteration 1520 = 0.23192476201802492
Training loss on iteration 1540 = 0.16972941071726383
Training loss on iteration 1560 = 0.1722964279120788
Training loss on iteration 1580 = 0.09877189679536968
Training loss on iteration 1600 = 0.12443745122291147
Training loss on iteration 1620 = 0.17799034777563066
Training loss on iteration 1640 = 0.20247001396492123
Training loss on iteration 1660 = 0.13124285254161805
Training loss on iteration 1680 = 0.17254340890794992
Training loss on iteration 1700 = 0.07592952959239482
Training loss on iteration 1720 = 0.10601364311296493
Training loss on iteration 1740 = 0.057835223496658726
Training loss on iteration 1760 = 0.13996980483934748
Training loss on iteration 1780 = 0.12861102598253638
Training loss on iteration 1800 = 0.0870223619393073
Training loss on iteration 1820 = 0.23424665431957692
Training loss on iteration 1840 = 0.26405784697271883
Training loss on iteration 1860 = 0.09750697186682374
Training loss on iteration 1880 = 0.08896115389652551
Training loss on iteration 1900 = 0.07808224463951774
Training loss on iteration 1920 = 0.12873994556430263
Training loss on iteration 1940 = 0.15205028024502099
Training loss on iteration 1960 = 0.07377794207277474
Training loss on iteration 1980 = 0.228236118669156
Training loss on iteration 2000 = 0.10983603771310299
Training loss on iteration 2020 = 0.08015328935580328
Training loss on iteration 2040 = 0.28533285795710983
Training loss on iteration 2060 = 0.1359772918280214
Training loss on iteration 2080 = 0.12066880970960484
Training loss on iteration 2100 = 0.10097156920237467
Training loss on iteration 2120 = 0.0818943106336519
Training loss on iteration 2140 = 0.15801894050091506
Training loss on iteration 2160 = 0.18533410979434847
Training loss on iteration 2180 = 0.09078960509505123
Training loss on iteration 2200 = 0.13083150846650823
Training loss on iteration 2220 = 0.12202289819251746
Training loss on iteration 2240 = 0.11907285222550854
Training loss on iteration 2260 = 0.08445431104628369
Training loss on iteration 2280 = 0.13646508763777093
Training loss on iteration 2300 = 0.20936391996219755
Training loss on iteration 2320 = 0.1286510108737275
Training loss on iteration 2340 = 0.19337551589123905
Training loss on iteration 2360 = 0.11541953179985284
Training loss on iteration 2380 = 0.0722023954265751
Training loss on iteration 2400 = 0.11741135064512491
Training loss on iteration 2420 = 0.09307784214615822
Training loss on iteration 2440 = 0.08729187196586281
Training loss on iteration 2460 = 0.19522926721256226
Training loss on iteration 2480 = 0.11549383503152058
Training loss on iteration 2500 = 0.14608624485554172
Training loss on iteration 2520 = 0.13116173786111177
Training loss on iteration 2540 = 0.11830331950914115
Training loss on iteration 2560 = 0.1239608600793872
Training loss on iteration 2580 = 0.1502822593320161
Training loss on iteration 2600 = 0.1480155245051719
Training loss on iteration 2620 = 0.06187023303937167
Training loss on iteration 2640 = 0.12245463978033513
Training loss on iteration 2660 = 0.08583298232406378
Training loss on iteration 2680 = 0.13595780773903243
Training loss on iteration 2700 = 0.10785851904656737
Training loss on iteration 2720 = 0.07562171197496355
Training loss on iteration 2740 = 0.1550273867789656
Training loss on iteration 2760 = 0.06717423996888101
Training loss on iteration 2780 = 0.07599642770073842
Training loss on iteration 2800 = 0.10544322234927676
Training loss on iteration 2820 = 0.12043896669056267
Training loss on iteration 2840 = 0.06688916399143637
Training loss on iteration 2860 = 0.09348487068200484
Training loss on iteration 2880 = 0.7099726884625852
Training loss on iteration 2900 = 0.37025932874530554
Training loss on iteration 2920 = 0.2271059634629637
Training loss on iteration 2940 = 0.1619790794327855
Training loss on iteration 2960 = 0.13783802413381635
Training loss on iteration 2980 = 0.3139681422151625
Training loss on iteration 3000 = 0.25063334286678585
Training loss on iteration 3020 = 0.1704783072229475
Training loss on iteration 3040 = 0.13108411487191915
Training loss on iteration 3060 = 0.12242735102772713
Training loss on iteration 3080 = 0.12735419240780174
Training loss on iteration 3100 = 0.11880767261609435
Training loss on iteration 3120 = 0.22457826340105386
Training loss on iteration 3140 = 0.1702164426445961
Training loss on iteration 3160 = 0.11439582561142743
Training loss on iteration 3180 = 0.10120686017908156
Training loss on iteration 3200 = 0.14914625734090806
Training loss on iteration 3220 = 0.23245800998993219
Training loss on iteration 3240 = 0.2346205810084939
Training loss on iteration 3260 = 0.18253387645818292
Training loss on iteration 3280 = 0.15675551337189972
Training loss on iteration 3300 = 0.16060607912950217
Training loss on iteration 3320 = 0.19296866785734892
Training loss on iteration 3340 = 0.10419056406244635
Training loss on iteration 3360 = 0.12008294110419229
Training loss on iteration 3380 = 0.2264523814432323
Training loss on iteration 3400 = 0.13946931376121938
Training loss on iteration 3420 = 0.1823716951883398
Training loss on iteration 3440 = 0.11527875231113285
Training loss on iteration 3460 = 0.08646030775271356
Training loss on iteration 3480 = 0.16211401568725706
Training loss on iteration 3500 = 0.1289139820728451
Training loss on iteration 3520 = 0.12740334318950772
Training loss on iteration 3540 = 0.24671998098492623
Training loss on iteration 3560 = 0.12853520130738616
Training loss on iteration 3580 = 0.06648248623823746
Training loss on iteration 3600 = 0.09269898019265384
Training loss on iteration 3620 = 0.10823476086370647
Training loss on iteration 3640 = 0.08252552873454988
Training loss on iteration 3660 = 0.10517399033997207
Training loss on iteration 3680 = 0.1343547583790496
Training loss on iteration 3700 = 0.12600349929416552
Training loss on iteration 3720 = 0.1363864575512707
Training loss on iteration 3740 = 0.07174472860060632
Training loss on iteration 3760 = 0.11785988672927487
Training loss on iteration 3780 = 0.21388820596039296
Training loss on iteration 3800 = 0.1020355039043352
Training loss on iteration 3820 = 0.2061517176218331
Training loss on iteration 3840 = 0.0925159294391051
Training loss on iteration 3860 = 0.08926566082518547
Training loss on iteration 3880 = 0.061036030540708455
Training loss on iteration 3900 = 0.09284013903234153
Training loss on iteration 3920 = 0.050620884366799145
Training loss on iteration 3940 = 0.10126356477849185
Training loss on iteration 3960 = 0.09181543692247943
Training loss on iteration 3980 = 0.06680702673620545
Training loss on iteration 4000 = 0.06094979044282809
Training loss on iteration 4020 = 0.26382389914942905
Training loss on iteration 4040 = 0.14623382726567796
Training loss on iteration 4060 = 0.16233021339867265
Training loss on iteration 4080 = 0.16010176583658903
Training loss on iteration 4100 = 0.18181964505347423
Training loss on iteration 4120 = 0.18634102088399232
Training loss on iteration 4140 = 0.08968489258550108
Training loss on iteration 4160 = 0.13991780193755404
Training loss on iteration 4180 = 0.11027829241938888
Training loss on iteration 4200 = 0.11506575032253749
Training loss on iteration 4220 = 0.1075687827076763
Training loss on iteration 4240 = 0.12839987119659782
Training loss on iteration 4260 = 0.08773373547010124
Training loss on iteration 4280 = 0.07578797081368975
Training loss on iteration 4300 = 0.16280603953637182
Training loss on iteration 4320 = 0.33104057824239136
Training loss on iteration 4340 = 0.07753985151648521
Training loss on iteration 4360 = 0.17131160418502986
Training loss on iteration 4380 = 0.12020100550726057
Training loss on iteration 4400 = 0.05445074732415378
Training loss on iteration 4420 = 0.04300887502613478
Training loss on iteration 4440 = 0.24557552423793821
Training loss on iteration 4460 = 0.2477626973297447
Training loss on iteration 4480 = 0.08356951266760007
Training loss on iteration 4500 = 0.06118510099477135
Training loss on iteration 4520 = 0.15252527362899854
Training loss on iteration 4540 = 0.13359523084945976
Training loss on iteration 4560 = 0.12290988822933287
Training loss on iteration 4580 = 0.1110266835661605
Training loss on iteration 4600 = 0.10798522138502449
Training loss on iteration 4620 = 0.06983352665556594
Training loss on iteration 4640 = 0.20473188895266503
Training loss on iteration 4660 = 0.09311462017940357
Training loss on iteration 4680 = 0.05235683879582211
Training loss on iteration 4700 = 0.3072553857869934
Training loss on iteration 4720 = 0.1428085462655872
Training loss on iteration 4740 = 0.1344372905092314
Training loss on iteration 4760 = 0.11086371265118941
Training loss on iteration 4780 = 0.13922409377992154
Training loss on iteration 4800 = 0.1545480214059353
Training loss on iteration 4820 = 0.252820116141811
Training loss on iteration 4840 = 0.13165383213199675
Training loss on iteration 4860 = 0.12335235311184078
Training loss on iteration 4880 = 0.12538219267735257
Training loss on iteration 4900 = 0.1072328487643972
Training loss on iteration 4920 = 0.12705261437222362
Training loss on iteration 4940 = 0.25680194722954186
Training loss on iteration 4960 = 0.35480178548023106
Training loss on iteration 4980 = 0.360667835874483
Training loss on iteration 5000 = 0.17458158689551057
Training loss on iteration 5020 = 0.16613598905969412
Training loss on iteration 5040 = 0.14916842696256935
Training loss on iteration 5060 = 0.15180620052851737
Training loss on iteration 5080 = 0.133965327963233
Training loss on iteration 5100 = 0.13117351876571776
Training loss on iteration 5120 = 0.09262774547096342
Training loss on iteration 5140 = 0.2561307008145377
Training loss on iteration 5160 = 0.09817328224889935
Training loss on iteration 5180 = 0.16372497791890056
Training loss on iteration 5200 = 0.35571861900389196
Training loss on iteration 5220 = 0.29637671560049056
Training loss on iteration 5240 = 0.21016942551359535
Training loss on iteration 5260 = 0.26272095972672105
Training loss on iteration 5280 = 0.21808055136352777
Training loss on iteration 5300 = 0.19072940088808538
Training loss on iteration 5320 = 0.09789420787710697
Training loss on iteration 5340 = 0.12422136671375483
Training loss on iteration 5360 = 0.10454517267644406
Training loss on iteration 5380 = 0.24676623470149933
Training loss on iteration 5400 = 0.1576406555250287
Training loss on iteration 5420 = 0.1938669401628431
Training loss on iteration 5440 = 0.35316322615835816
Training loss on iteration 5460 = 0.1562762797344476
Training loss on iteration 5480 = 0.1666352584026754
Training loss on iteration 5500 = 0.1435667294659652
Training loss on iteration 5520 = 0.10606592738768086
Training loss on iteration 5540 = 0.1872612541541457
Training loss on iteration 5560 = 0.18857986317016184
Training loss on iteration 5580 = 0.14693528655916452
Training loss on iteration 5600 = 0.08632781727937981
### EVAL:: Epoch 1:: Loss = 0.09838296673795832 :: ACC = 0.9686157750878563, AUC = 0.9896319295713294, EER = 0.04490433424443577
Training on epoch 2
Training loss on iteration 0 = 0.08871690928936005
Training loss on iteration 20 = 0.14130957098677754
Training loss on iteration 40 = 0.17931641500908882
Training loss on iteration 60 = 0.21202001078054308
Training loss on iteration 80 = 0.4456424370408058
Training loss on iteration 100 = 0.16907786801457406
Training loss on iteration 120 = 0.12393751407507807
Training loss on iteration 140 = 0.2718639745377004
Training loss on iteration 160 = 0.2187874532304704
Training loss on iteration 180 = 0.4423822095617652
Training loss on iteration 200 = 0.14168543154373764
Training loss on iteration 220 = 0.17214228115044533
Training loss on iteration 240 = 0.19253949499689044
Training loss on iteration 260 = 0.26038764510303736
Training loss on iteration 280 = 0.16902543648611754
Training loss on iteration 300 = 0.16099091989453881
Training loss on iteration 320 = 0.1896173137705773
Training loss on iteration 340 = 0.4359686039853841
Training loss on iteration 360 = 0.260662748478353
Training loss on iteration 380 = 0.2527259899303317
Training loss on iteration 400 = 0.2544846596661955
Training loss on iteration 420 = 0.29879916785284877
Training loss on iteration 440 = 0.1656223471276462
Training loss on iteration 460 = 0.24725510329008102
Training loss on iteration 480 = 0.4268623299896717
Training loss on iteration 500 = 0.1971267331391573
Training loss on iteration 520 = 0.12476463462226092
Training loss on iteration 540 = 0.2887061983346939
Training loss on iteration 560 = 0.17986021665856242
Training loss on iteration 580 = 0.11626983312889934
Training loss on iteration 600 = 0.12506478996947407
Training loss on iteration 620 = 0.20147720949025824
Training loss on iteration 640 = 0.25171934701502324
Training loss on iteration 660 = 0.2639964858070016
Training loss on iteration 680 = 0.2182114597177133
Training loss on iteration 700 = 0.26899182572960856
Training loss on iteration 720 = 0.21771023431792855
Training loss on iteration 740 = 0.16056993710808456
Training loss on iteration 760 = 0.14106938731856644
Training loss on iteration 780 = 0.12038485608063638
Training loss on iteration 800 = 0.19752164888195695
Training loss on iteration 820 = 0.10035568252205848
Training loss on iteration 840 = 0.3645948329940438
Training loss on iteration 860 = 0.24497542129829525
Training loss on iteration 880 = 0.17777377162128688
Training loss on iteration 900 = 0.3087244024500251
Training loss on iteration 920 = 0.2684694692492485
Training loss on iteration 940 = 0.15092899585142733
Training loss on iteration 960 = 0.13148864097893237
Training loss on iteration 980 = 0.33489323910325763
Training loss on iteration 1000 = 0.2515813845209777
Training loss on iteration 1020 = 0.22674169279634954
Training loss on iteration 1040 = 0.12575696483254434
Training loss on iteration 1060 = 0.4341069114394486
Training loss on iteration 1080 = 0.16229790111538023
Training loss on iteration 1100 = 0.1191115939989686
Training loss on iteration 1120 = 0.06648079422302544
Training loss on iteration 1140 = 0.1527303446433507
Training loss on iteration 1160 = 0.1905466045602225
Training loss on iteration 1180 = 0.150797287048772
Training loss on iteration 1200 = 0.12182009431999177
Training loss on iteration 1220 = 0.15999475091230125
Training loss on iteration 1240 = 0.12033669864758849
Training loss on iteration 1260 = 0.163691350328736
Training loss on iteration 1280 = 0.23245339120039715
Training loss on iteration 1300 = 0.1893231175839901
Training loss on iteration 1320 = 0.11692960420623422
Training loss on iteration 1340 = 0.1862294181017205
Training loss on iteration 1360 = 0.07324497126974165
Training loss on iteration 1380 = 0.2773610889911652
Training loss on iteration 1400 = 0.2254097482888028
Training loss on iteration 1420 = 0.17836486781015992
Training loss on iteration 1440 = 0.26027055867016313
Training loss on iteration 1460 = 0.22120010815560817
Training loss on iteration 1480 = 0.27881448417901994
Training loss on iteration 1500 = 0.13739711218513548
Training loss on iteration 1520 = 0.11441260389983654
Training loss on iteration 1540 = 0.6844809610396624
Training loss on iteration 1560 = 0.22368853976950048
Training loss on iteration 1580 = 0.3024539755657315
Training loss on iteration 1600 = 0.1824949575588107
Training loss on iteration 1620 = 0.1291369021870196
Training loss on iteration 1640 = 0.2121726285200566
Training loss on iteration 1660 = 0.2837003476917744
Training loss on iteration 1680 = 0.1624032499268651
Training loss on iteration 1700 = 0.32247985489666464
Training loss on iteration 1720 = 0.3600705999881029
Training loss on iteration 1740 = 0.1427462287247181
Training loss on iteration 1760 = 0.2962679060176015
Training loss on iteration 1780 = 0.23243368907133116
Training loss on iteration 1800 = 0.3037630796432495
Training loss on iteration 1820 = 0.2868912641890347
Training loss on iteration 1840 = 0.17317244401201606
Training loss on iteration 1860 = 0.23617591960355638
Training loss on iteration 1880 = 0.4346129439771175
Training loss on iteration 1900 = 0.3342902135103941
Training loss on iteration 1920 = 0.16852003168314694
Training loss on iteration 1940 = 0.2066486414987594
Training loss on iteration 1960 = 0.13488499699160456
Training loss on iteration 1980 = 0.16491024382412434
Training loss on iteration 2000 = 0.17594143056776373
Training loss on iteration 2020 = 0.2220943620894104
Training loss on iteration 2040 = 0.18913530306890608
Training loss on iteration 2060 = 0.1279725211672485
Training loss on iteration 2080 = 0.09181690398836509
Training loss on iteration 2100 = 0.14030687859049068
Training loss on iteration 2120 = 0.2450285717379302
Training loss on iteration 2140 = 0.40718032885342836
Training loss on iteration 2160 = 0.21441640406847
Training loss on iteration 2180 = 0.2023378505371511
Training loss on iteration 2200 = 0.15387206724844874
Training loss on iteration 2220 = 0.08594958377070724
Training loss on iteration 2240 = 0.06317527908831835
Training loss on iteration 2260 = 0.3369510424789041
Training loss on iteration 2280 = 0.2627069673500955
Training loss on iteration 2300 = 0.21513468772172928
Training loss on iteration 2320 = 0.6798534057103097
Training loss on iteration 2340 = 0.23296650163829327
Training loss on iteration 2360 = 0.1908386318013072
Training loss on iteration 2380 = 0.2428522277623415
Training loss on iteration 2400 = 0.2004526431672275
Training loss on iteration 2420 = 0.19281469262205064
Training loss on iteration 2440 = 0.24916815299075096
Training loss on iteration 2460 = 0.23800940494984388
Training loss on iteration 2480 = 0.2321427522227168
Training loss on iteration 2500 = 0.29236599979922173
Training loss on iteration 2520 = 0.23293583197519183
Training loss on iteration 2540 = 0.2795181587338448
Training loss on iteration 2560 = 0.5822088249959052
Training loss on iteration 2580 = 0.4183921843767166
Training loss on iteration 2600 = 0.2597806751728058
Training loss on iteration 2620 = 0.18954230127856136
Training loss on iteration 2640 = 0.2659112073481083
Training loss on iteration 2660 = 0.29084817245602607
Training loss on iteration 2680 = 0.4089013246819377
Training loss on iteration 2700 = 0.31972142998129127
Training loss on iteration 2720 = 0.2202809264883399
Training loss on iteration 2740 = 0.11975973732769489
Training loss on iteration 2760 = 0.1295389712555334
Training loss on iteration 2780 = 0.20291869728825987
Training loss on iteration 2800 = 0.18531054598279298
Training loss on iteration 2820 = 0.19782264069654049
Training loss on iteration 2840 = 0.14631194118410348
Training loss on iteration 2860 = 0.36533972513861956
Training loss on iteration 2880 = 0.21357844192534686
Training loss on iteration 2900 = 0.16389497574418782
Training loss on iteration 2920 = 0.6657520732842386
Training loss on iteration 2940 = 0.26169442355749195
Training loss on iteration 2960 = 0.22070803120732307
Training loss on iteration 2980 = 0.14438630379736422
Training loss on iteration 3000 = 0.13814177745953202
Training loss on iteration 3020 = 0.18787787039764225
Training loss on iteration 3040 = 0.2852157685905695
Training loss on iteration 3060 = 0.24384400597773492
Training loss on iteration 3080 = 0.24476054841652511
Training loss on iteration 3100 = 0.31199708506464957
Training loss on iteration 3120 = 0.1667031727731228
Training loss on iteration 3140 = 0.14653397887013853
Training loss on iteration 3160 = 0.21412509379442782
Training loss on iteration 3180 = 0.2336054435931146
Training loss on iteration 3200 = 0.4366914506070316
Training loss on iteration 3220 = 0.22385985776782036
Training loss on iteration 3240 = 0.15114529775455593
Training loss on iteration 3260 = 0.12291831932961941
Training loss on iteration 3280 = 0.25879419008269905
Training loss on iteration 3300 = 0.2396563533693552
Training loss on iteration 3320 = 0.1407571210991591
Training loss on iteration 3340 = 0.285748628154397
Training loss on iteration 3360 = 0.15638601366663352
Training loss on iteration 3380 = 0.17035059500485658
Training loss on iteration 3400 = 0.148656989261508
Training loss on iteration 3420 = 0.1555073971860111
Training loss on iteration 3440 = 0.15883791157975793
Training loss on iteration 3460 = 0.13227282296866177
Training loss on iteration 3480 = 0.10485101671656594
Training loss on iteration 3500 = 0.10691207135096192
Training loss on iteration 3520 = 0.06185302559752017
Training loss on iteration 3540 = 0.3690452742972411
Training loss on iteration 3560 = 0.24790985491126777
Training loss on iteration 3580 = 0.16271809744648635
Training loss on iteration 3600 = 0.1483818065840751
Training loss on iteration 3620 = 0.19646429512649774
Training loss on iteration 3640 = 0.29892985727638005
Training loss on iteration 3660 = 0.21511996649205684
Training loss on iteration 3680 = 0.29530928172171117
Training loss on iteration 3700 = 0.29784537963569163
Training loss on iteration 3720 = 0.3147740988060832
Training loss on iteration 3740 = 0.16331661930307745
Training loss on iteration 3760 = 0.2698159206658602
Training loss on iteration 3780 = 0.2548236517235637
Training loss on iteration 3800 = 0.2588163008913398
Training loss on iteration 3820 = 0.2108962358906865
Training loss on iteration 3840 = 0.10488769272342324
Training loss on iteration 3860 = 0.2707599363289773
Training loss on iteration 3880 = 0.1265986081212759
Training loss on iteration 3900 = 0.191619088081643
Training loss on iteration 3920 = 0.15700716925784947
Training loss on iteration 3940 = 0.3536087501561269
Training loss on iteration 3960 = 0.12524439180269836
Training loss on iteration 3980 = 0.11893896479159594
Training loss on iteration 4000 = 0.10232846606522798
Training loss on iteration 4020 = 0.1694429907714948
Training loss on iteration 4040 = 0.17355450787581503
Training loss on iteration 4060 = 0.19262369219213724
Training loss on iteration 4080 = 0.1560652860440314
Training loss on iteration 4100 = 0.31613355772569773
Training loss on iteration 4120 = 0.17175013963133096
Training loss on iteration 4140 = 0.26720507158897816
Training loss on iteration 4160 = 0.1710062782629393
Training loss on iteration 4180 = 0.15534974890761077
Training loss on iteration 4200 = 0.2690634742379189
Training loss on iteration 4220 = 0.13732893583364786
Training loss on iteration 4240 = 0.08390204116003588
Training loss on iteration 4260 = 0.19297877142671496
Training loss on iteration 4280 = 0.13969158339314164
Training loss on iteration 4300 = 0.25743956975638865
Training loss on iteration 4320 = 0.3028606714680791
Training loss on iteration 4340 = 0.1335304849781096
Training loss on iteration 4360 = 0.1454608050175011
Training loss on iteration 4380 = 0.18963569670449942
Training loss on iteration 4400 = 0.07375236934167333
Training loss on iteration 4420 = 0.24150440162047743
Training loss on iteration 4440 = 0.1622825820930302
Training loss on iteration 4460 = 0.1378669144352898
Training loss on iteration 4480 = 0.13307208381593227
Training loss on iteration 4500 = 0.19347907877527176
Training loss on iteration 4520 = 0.06187823195941746
Training loss on iteration 4540 = 0.13785483178216965
Training loss on iteration 4560 = 0.10659636736381799
Training loss on iteration 4580 = 0.3207439212317695
Training loss on iteration 4600 = 0.24200723362155258
Training loss on iteration 4620 = 0.17211763868108393
Training loss on iteration 4640 = 0.20735636055469514
Training loss on iteration 4660 = 0.17618230727966874
Training loss on iteration 4680 = 0.1994096648413688
Training loss on iteration 4700 = 0.13415655586868525
Training loss on iteration 4720 = 0.15280783819034696
Training loss on iteration 4740 = 0.09172701500356198
Training loss on iteration 4760 = 0.29825909404607953
Training loss on iteration 4780 = 0.17555959490127862
Training loss on iteration 4800 = 0.12486246726475655
Training loss on iteration 4820 = 0.26694707996211947
Training loss on iteration 4840 = 0.2536037906538695
Training loss on iteration 4860 = 0.12201978070661426
Training loss on iteration 4880 = 0.22282821333501487
Training loss on iteration 4900 = 0.13812662176787854
Training loss on iteration 4920 = 0.231170385889709
Training loss on iteration 4940 = 0.26456453865394
Training loss on iteration 4960 = 0.17670113602653145
Training loss on iteration 4980 = 0.21584259769879283
Training loss on iteration 5000 = 0.21328717113938184
Training loss on iteration 5020 = 0.11131092039868236
Training loss on iteration 5040 = 0.1289412027108483
Training loss on iteration 5060 = 0.07055207146331668
Training loss on iteration 5080 = 0.14177520001539962
Training loss on iteration 5100 = 0.10905116237699986
Training loss on iteration 5120 = 0.2704750518780202
Training loss on iteration 5140 = 0.4031109078321606
Training loss on iteration 5160 = 0.1759970894549042
Training loss on iteration 5180 = 0.16383322774199768
Training loss on iteration 5200 = 0.18491258560679852
Training loss on iteration 5220 = 0.1199918739963323
Training loss on iteration 5240 = 0.08189543564803899
Training loss on iteration 5260 = 0.22107235228759237
Training loss on iteration 5280 = 0.11706131144892425
Training loss on iteration 5300 = 0.2127829300938174
Training loss on iteration 5320 = 0.11891775818075985
Training loss on iteration 5340 = 0.15250389808788894
Training loss on iteration 5360 = 0.16637700824066998
Training loss on iteration 5380 = 0.11485092281363904
Training loss on iteration 5400 = 0.12465326160308905
Training loss on iteration 5420 = 0.14631660701707006
Training loss on iteration 5440 = 0.12579534882679583
Training loss on iteration 5460 = 0.17105723939603196
Training loss on iteration 5480 = 0.12556727817282082
Training loss on iteration 5500 = 0.18755378765054048
Training loss on iteration 5520 = 0.11323383254930378
Training loss on iteration 5540 = 0.2431020990014076
Training loss on iteration 5560 = 0.18567716083489358
Training loss on iteration 5580 = 0.09064961867406965
Training loss on iteration 5600 = 0.15258440463803707
### EVAL:: Epoch 2:: Loss = 0.10875238017377359 :: ACC = 0.9636372510737993, AUC = 0.9938083964846195, EER = 0.03504490433424443
Training on epoch 3
Training loss on iteration 0 = 0.06429823487997055
Training loss on iteration 20 = 0.0919792971923016
Training loss on iteration 40 = 0.09278619572287425
Training loss on iteration 60 = 0.12333020481746644
Training loss on iteration 80 = 0.17136821076273917
Training loss on iteration 100 = 0.14668642820324748
Training loss on iteration 120 = 0.13109542638994753
Training loss on iteration 140 = 0.05513149128528312
Training loss on iteration 160 = 0.19653699160553514
Training loss on iteration 180 = 0.08407244393602013
Training loss on iteration 200 = 0.18061443811748176
Training loss on iteration 220 = 0.19970501402858645
Training loss on iteration 240 = 0.14968705130741
Training loss on iteration 260 = 0.19130964044015855
Training loss on iteration 280 = 0.3938168012071401
Training loss on iteration 300 = 0.15677587487734854
Training loss on iteration 320 = 0.2891951556317508
Training loss on iteration 340 = 0.16790533638559282
Training loss on iteration 360 = 0.15574452818837017
Training loss on iteration 380 = 0.08814530483214185
Training loss on iteration 400 = 0.10228789031971246
Training loss on iteration 420 = 0.09803139118012041
Training loss on iteration 440 = 0.1105356813990511
Training loss on iteration 460 = 0.20510594062507154
Training loss on iteration 480 = 0.1381164278835058
Training loss on iteration 500 = 0.125100487167947
Training loss on iteration 520 = 0.1961107837036252
Training loss on iteration 540 = 0.19522120356559752
Training loss on iteration 560 = 0.15247225661296399
Training loss on iteration 580 = 0.15751961845671758
Training loss on iteration 600 = 0.22178617352619767
Training loss on iteration 620 = 0.13000131369335577
Training loss on iteration 640 = 0.15848099440336227
Training loss on iteration 660 = 0.3924084395170212
Training loss on iteration 680 = 0.08023815439082682
Training loss on iteration 700 = 0.1561172236688435
Training loss on iteration 720 = 0.11018754073011224
Training loss on iteration 740 = 0.029649778266320936
Training loss on iteration 760 = 0.15004683036822825
Training loss on iteration 780 = 0.16607952496560757
Training loss on iteration 800 = 0.16893848571926356
Training loss on iteration 820 = 0.10534427016973495
Training loss on iteration 840 = 0.17500765966251491
Training loss on iteration 860 = 0.11520990250864997
Training loss on iteration 880 = 0.08267158644157462
Training loss on iteration 900 = 0.23761147613695358
Training loss on iteration 920 = 0.1761192663689144
Training loss on iteration 940 = 0.25341385407373307
Training loss on iteration 960 = 0.14691722923889755
Training loss on iteration 980 = 0.12496196166612208
Training loss on iteration 1000 = 0.12893094643950462
Training loss on iteration 1020 = 0.11144554545171559
Training loss on iteration 1040 = 0.144967308989726
Training loss on iteration 1060 = 0.1544386531226337
Training loss on iteration 1080 = 0.19635690457653254
Training loss on iteration 1100 = 0.061924386926693845
Training loss on iteration 1120 = 0.23345066397450864
Training loss on iteration 1140 = 0.1017600249266252
Training loss on iteration 1160 = 0.08234984871232882
Training loss on iteration 1180 = 0.11684926511952654
Training loss on iteration 1200 = 0.16884342550765724
Training loss on iteration 1220 = 0.125407439423725
Training loss on iteration 1240 = 0.06352241265121847
Training loss on iteration 1260 = 0.06440411682997364
Training loss on iteration 1280 = 0.09975973542314023
Training loss on iteration 1300 = 0.16972732935100793
Training loss on iteration 1320 = 0.08753378598485143
Training loss on iteration 1340 = 0.21851583737879993
Training loss on iteration 1360 = 0.21142348616849632
Training loss on iteration 1380 = 0.19812649860978127
Training loss on iteration 1400 = 0.13996807467192413
Training loss on iteration 1420 = 0.14634248490910978
Training loss on iteration 1440 = 0.17041931790299714
Training loss on iteration 1460 = 0.20323184174485504
Training loss on iteration 1480 = 0.0829378595110029
Training loss on iteration 1500 = 0.15707963835448027
Training loss on iteration 1520 = 0.0997524649836123
Training loss on iteration 1540 = 0.04974657911807299
Training loss on iteration 1560 = 0.05981123525998555
Training loss on iteration 1580 = 0.22425816356553696
Training loss on iteration 1600 = 0.12057215773966164
Training loss on iteration 1620 = 0.18852280291030182
Training loss on iteration 1640 = 0.24091522898525
Training loss on iteration 1660 = 0.10150328699382953
Training loss on iteration 1680 = 0.2540625938680023
Training loss on iteration 1700 = 0.2398076429963112
Training loss on iteration 1720 = 0.3343201784417033
Training loss on iteration 1740 = 0.4844483625143766
Training loss on iteration 1760 = 0.36595350690186024
Training loss on iteration 1780 = 0.13493622180540116
Training loss on iteration 1800 = 0.10182260274887085
Training loss on iteration 1820 = 0.2692572738043964
Training loss on iteration 1840 = 0.2047903583064908
Training loss on iteration 1860 = 0.10197045924142004
Training loss on iteration 1880 = 0.08655335837393067
Training loss on iteration 1900 = 0.18459897073043977
Training loss on iteration 1920 = 0.42916980222798884
Training loss on iteration 1940 = 0.3594966722885147
Training loss on iteration 1960 = 0.11476218106690794
Training loss on iteration 1980 = 0.21430161098833195
Training loss on iteration 2000 = 0.15387106989510357
Training loss on iteration 2020 = 0.1909389433916658
Training loss on iteration 2040 = 0.07161254058592022
Training loss on iteration 2060 = 0.14831978443544358
Training loss on iteration 2080 = 0.26701304941670967
Training loss on iteration 2100 = 0.12554771904833614
Training loss on iteration 2120 = 0.170124631957151
Training loss on iteration 2140 = 0.11470215450972318
Training loss on iteration 2160 = 0.2645739019382745
Training loss on iteration 2180 = 0.18142480738461017
Training loss on iteration 2200 = 0.08475542441010475
Training loss on iteration 2220 = 0.18609366576420144
Training loss on iteration 2240 = 0.4217170188203454
Training loss on iteration 2260 = 0.19696948190685362
Training loss on iteration 2280 = 0.16078019326087087
Training loss on iteration 2300 = 0.1934783797711134
Training loss on iteration 2320 = 0.15976741053164006
Training loss on iteration 2340 = 0.12885548085905613
Training loss on iteration 2360 = 0.15953170012217016
Training loss on iteration 2380 = 0.18990930360741914
Training loss on iteration 2400 = 0.1881184365833178
Training loss on iteration 2420 = 0.23800300708971917
Training loss on iteration 2440 = 0.11487744611222298
Training loss on iteration 2460 = 0.26622180808335544
Training loss on iteration 2480 = 0.2769053569063544
Training loss on iteration 2500 = 0.2315480262041092
Training loss on iteration 2520 = 0.12085423756507226
Training loss on iteration 2540 = 0.09431074811145664
Training loss on iteration 2560 = 0.2729840315878391
Training loss on iteration 2580 = 0.1533308582380414
Training loss on iteration 2600 = 0.2795333767309785
Training loss on iteration 2620 = 0.19779751114547253
Training loss on iteration 2640 = 0.22150612100958825
Training loss on iteration 2660 = 0.24244772656820715
Training loss on iteration 2680 = 0.1671439927769825
Training loss on iteration 2700 = 0.1215341306757182
Training loss on iteration 2720 = 0.2858769478276372
Training loss on iteration 2740 = 0.21032881066203118
Training loss on iteration 2760 = 0.1661623924970627
Training loss on iteration 2780 = 0.2061414306750521
Training loss on iteration 2800 = 0.1898613907629624
Training loss on iteration 2820 = 0.45303441658616067
Training loss on iteration 2840 = 0.2899214275181293
Training loss on iteration 2860 = 0.194700667867437
Training loss on iteration 2880 = 0.17737168234307318
Training loss on iteration 2900 = 0.214921466819942
Training loss on iteration 2920 = 0.16832414049422367
Training loss on iteration 2940 = 0.18530674558132887
Training loss on iteration 2960 = 0.1309064732166007
Training loss on iteration 2980 = 0.21463345480151474
Training loss on iteration 3000 = 0.36699990327470006
Training loss on iteration 3020 = 0.16869558980688454
Training loss on iteration 3040 = 0.21209525321610273
Training loss on iteration 3060 = 0.3052826581522822
Training loss on iteration 3080 = 0.14651343440636994
Training loss on iteration 3100 = 0.22548424173146486
Training loss on iteration 3120 = 0.23044049357995391
Training loss on iteration 3140 = 0.23209452871233224
Training loss on iteration 3160 = 0.1520123928785324
Training loss on iteration 3180 = 0.16261106827296318
Training loss on iteration 3200 = 0.36304399743676186
Training loss on iteration 3220 = 0.37081220988184216
Training loss on iteration 3240 = 0.2380329180508852
Training loss on iteration 3260 = 0.25589975006878374
Training loss on iteration 3280 = 0.1649746956769377
Training loss on iteration 3300 = 0.16000390299595893
Training loss on iteration 3320 = 0.16489154216833413
Training loss on iteration 3340 = 0.19089988293126225
Training loss on iteration 3360 = 0.24735126914456487
Training loss on iteration 3380 = 0.14476344045251607
Training loss on iteration 3400 = 0.21519854380749165
Training loss on iteration 3420 = 0.27388512338511645
Training loss on iteration 3440 = 0.17125717336311935
Training loss on iteration 3460 = 0.09704961143434047
Training loss on iteration 3480 = 0.23160649905912578
Training loss on iteration 3500 = 0.27865599466022106
Training loss on iteration 3520 = 0.19640563866123556
Training loss on iteration 3540 = 0.20924831019947304
Training loss on iteration 3560 = 0.19059786209836602
Training loss on iteration 3580 = 0.21305300211533904
Training loss on iteration 3600 = 0.22295464919880031
Training loss on iteration 3620 = 0.16489609219133855
Training loss on iteration 3640 = 0.3866944336332381
Training loss on iteration 3660 = 0.2498237555846572
Training loss on iteration 3680 = 0.1618963686283678
Training loss on iteration 3700 = 0.1479682461009361
Training loss on iteration 3720 = 0.2913379397708923
Training loss on iteration 3740 = 0.1816570783732459
Training loss on iteration 3760 = 1.5134934030473233
Training loss on iteration 3780 = 0.4621956673450768
Training loss on iteration 3800 = 0.6568576171994209
Training loss on iteration 3820 = 0.3345358554273844
Training loss on iteration 3840 = 0.30422559268772603
Training loss on iteration 3860 = 0.1932353268377483
Training loss on iteration 3880 = 0.38120091520249844
Training loss on iteration 3900 = 0.48171778172254565
Training loss on iteration 3920 = 0.2956257279962301
Training loss on iteration 3940 = 0.2708235362544656
Training loss on iteration 3960 = 0.17083574049174785
Training loss on iteration 3980 = 0.34079646226018667
Training loss on iteration 4000 = 0.3189759626984596
Training loss on iteration 4020 = 0.27908814437687396
Training loss on iteration 4040 = 0.17237572334706783
Training loss on iteration 4060 = 0.17709232456982135
Training loss on iteration 4080 = 0.18633866887539624
Training loss on iteration 4100 = 0.1873469293117523
Training loss on iteration 4120 = 0.15997714907862245
Training loss on iteration 4140 = 0.16439713384024798
Training loss on iteration 4160 = 0.12271365025080741
Training loss on iteration 4180 = 0.23944786125794054
Training loss on iteration 4200 = 0.19164500925689937
Training loss on iteration 4220 = 0.18617867110297084
Training loss on iteration 4240 = 0.13057308923453093
Training loss on iteration 4260 = 0.12108395518735052
Training loss on iteration 4280 = 0.18552488973364234
Training loss on iteration 4300 = 0.12564886368345468
Training loss on iteration 4320 = 0.23882642828393727
Training loss on iteration 4340 = 0.13742274921387435
Training loss on iteration 4360 = 0.10579142547212542
Training loss on iteration 4380 = 0.16478007616242393
Training loss on iteration 4400 = 0.11396668289671652
Training loss on iteration 4420 = 0.10438309093005955
Training loss on iteration 4440 = 0.17884147046133875
Training loss on iteration 4460 = 0.15603640601038932
Training loss on iteration 4480 = 0.21415518666617572
Training loss on iteration 4500 = 0.12250587660819293
Training loss on iteration 4520 = 0.2041648448444903
Training loss on iteration 4540 = 0.0503895950037986
Training loss on iteration 4560 = 0.19300191602669656
Training loss on iteration 4580 = 0.12555840313434602
Training loss on iteration 4600 = 0.34786356016993525
Training loss on iteration 4620 = 0.3231560354121029
Training loss on iteration 4640 = 0.21434550285339354
Training loss on iteration 4660 = 0.24416076969355344
Training loss on iteration 4680 = 0.35978546608239415
Training loss on iteration 4700 = 0.24630348812788724
Training loss on iteration 4720 = 0.17195850238204002
Training loss on iteration 4740 = 0.21924762073904275
Training loss on iteration 4760 = 0.1605731886345893
Training loss on iteration 4780 = 0.1708539042621851
Training loss on iteration 4800 = 0.16580303297378124
Training loss on iteration 4820 = 0.2263436321169138
Training loss on iteration 4840 = 0.418664058111608
Training loss on iteration 4860 = 0.2723447484895587
Training loss on iteration 4880 = 0.23204859867691993
Training loss on iteration 4900 = 0.2158086021663621
Training loss on iteration 4920 = 0.24294510195031763
Training loss on iteration 4940 = 0.24812623872421682
Training loss on iteration 4960 = 0.2111988550052047
Training loss on iteration 4980 = 0.5241247679106891
Training loss on iteration 5000 = 0.2113846568390727
Training loss on iteration 5020 = 0.1491237402893603
Training loss on iteration 5040 = 0.1496820642845705
Training loss on iteration 5060 = 0.24534997548907994
Training loss on iteration 5080 = 0.34931137124076483
Training loss on iteration 5100 = 0.3323295781970955
Training loss on iteration 5120 = 0.24144466780126095
Training loss on iteration 5140 = 0.13755444148555399
Training loss on iteration 5160 = 0.22968318555504083
Training loss on iteration 5180 = 0.24729423262178898
Training loss on iteration 5200 = 0.21112566804513336
Training loss on iteration 5220 = 0.09822460245341062
Training loss on iteration 5240 = 0.19248502098489553
Training loss on iteration 5260 = 0.09785768867004663
Training loss on iteration 5280 = 0.12159245283692144
Training loss on iteration 5300 = 0.14461052810074762
Training loss on iteration 5320 = 0.06993267670040951
Training loss on iteration 5340 = 0.24372718805680052
Training loss on iteration 5360 = 0.2770167760085315
Training loss on iteration 5380 = 0.22673324067145587
Training loss on iteration 5400 = 0.14961204286664725
Training loss on iteration 5420 = 0.07244593729265034
Training loss on iteration 5440 = 0.1977229408919811
Training loss on iteration 5460 = 0.16191443018615245
Training loss on iteration 5480 = 0.1428860836196691
Training loss on iteration 5500 = 0.07594663109630347
Training loss on iteration 5520 = 0.13155804246198385
Training loss on iteration 5540 = 0.20394088667817414
Training loss on iteration 5560 = 0.24353700280189514
Training loss on iteration 5580 = 0.10123731903731822
Training loss on iteration 5600 = 0.17365593709982932
### EVAL:: Epoch 3:: Loss = 0.3347478381835992 :: ACC = 0.8506930886372511, AUC = 0.9741687537097553, EER = 0.08336587270597423
Training on epoch 4
Training loss on iteration 0 = 0.5113371014595032
Training loss on iteration 20 = 0.21903554783202708
Training loss on iteration 40 = 0.31778077930212023
Training loss on iteration 60 = 0.1607412150129676
Training loss on iteration 80 = 0.13863094737753273
Training loss on iteration 100 = 0.10445922916405834
Training loss on iteration 120 = 0.12981919408775866
Training loss on iteration 140 = 0.3312712173908949
Training loss on iteration 160 = 0.12777763474732637
Training loss on iteration 180 = 0.1272491551702842
Training loss on iteration 200 = 0.16981640609446913
Training loss on iteration 220 = 0.17050354117527605
Training loss on iteration 240 = 0.15292919520288706
Training loss on iteration 260 = 0.12628016527742147
Training loss on iteration 280 = 0.2654361994937062
Training loss on iteration 300 = 0.12596109518781304
Training loss on iteration 320 = 0.17536249496042727
Training loss on iteration 340 = 0.2984013842884451
Training loss on iteration 360 = 1.0078937418758869
Training loss on iteration 380 = 0.8106913611292839
Training loss on iteration 400 = 0.7472988903522492
Training loss on iteration 420 = 0.32405910082161427
Training loss on iteration 440 = 0.31801230888813736
Training loss on iteration 460 = 0.3882924381643534
Training loss on iteration 480 = 0.6262700317893177
Training loss on iteration 500 = 0.4651385322213173
Training loss on iteration 520 = 0.34936584420502187
Training loss on iteration 540 = 0.20482170162722468
Training loss on iteration 560 = 0.530155273526907
Training loss on iteration 580 = 0.48594403974711897
Training loss on iteration 600 = 0.3700816433876753
Training loss on iteration 620 = 0.3544224053621292
Training loss on iteration 640 = 0.48589728958904743
Training loss on iteration 660 = 0.3040936479344964
Training loss on iteration 680 = 0.22234272938221694
Training loss on iteration 700 = 0.19555066712200642
Training loss on iteration 720 = 0.20345235895365477
Training loss on iteration 740 = 0.2757912707515061
Training loss on iteration 760 = 0.5123345971107482
Training loss on iteration 780 = 0.31246515791863205
Training loss on iteration 800 = 0.3201748788356781
Training loss on iteration 820 = 0.5645005870610476
Training loss on iteration 840 = 0.3044023301452398
Training loss on iteration 860 = 0.23062802162021398
Training loss on iteration 880 = 0.3340672916965559
Training loss on iteration 900 = 0.2890978810377419
Training loss on iteration 920 = 0.4308413896709681
Training loss on iteration 940 = 0.2756873287260532
Training loss on iteration 960 = 0.24485133262351155
Training loss on iteration 980 = 0.1653136031702161
Training loss on iteration 1000 = 0.13882326357997954
Training loss on iteration 1020 = 0.21495389128103853
Training loss on iteration 1040 = 0.49279161877930167
Training loss on iteration 1060 = 0.3059775110334158
Training loss on iteration 1080 = 0.27527516689151527
Training loss on iteration 1100 = 0.2816774470731616
Training loss on iteration 1120 = 0.24415718438103795
Training loss on iteration 1140 = 0.2105122499167919
Training loss on iteration 1160 = 0.14210348101332784
Training loss on iteration 1180 = 0.3202781410887837
Training loss on iteration 1200 = 0.21708747893571853
Training loss on iteration 1220 = 0.17155217174440623
Training loss on iteration 1240 = 0.20081125842407346
Training loss on iteration 1260 = 0.22610200000926853
Training loss on iteration 1280 = 0.2184329254552722
Training loss on iteration 1300 = 0.271731111779809
Training loss on iteration 1320 = 0.22212070589885116
Training loss on iteration 1340 = 0.2637780111283064
Training loss on iteration 1360 = 0.34831517562270164
Training loss on iteration 1380 = 0.2652046799659729
Training loss on iteration 1400 = 0.26059718914330005
Training loss on iteration 1420 = 0.29329812275245787
Training loss on iteration 1440 = 0.20095808170735835
Training loss on iteration 1460 = 0.26776930782943964
Training loss on iteration 1480 = 0.2653839958831668
Training loss on iteration 1500 = 0.20387353524565696
Training loss on iteration 1520 = 0.16170789026655258
Training loss on iteration 1540 = 0.17203840736765413
Training loss on iteration 1560 = 0.22307963874191045
Training loss on iteration 1580 = 0.15980028165504337
Training loss on iteration 1600 = 0.1961204180493951
Training loss on iteration 1620 = 0.1502163149882108
Training loss on iteration 1640 = 0.23607337828725578
Training loss on iteration 1660 = 0.261258671246469
Training loss on iteration 1680 = 0.18053573230281472
Training loss on iteration 1700 = 0.2572202354669571
Training loss on iteration 1720 = 0.25923228515312075
Training loss on iteration 1740 = 0.276974471565336
Training loss on iteration 1760 = 0.22174475621432066
Training loss on iteration 1780 = 0.20613287389278412
Training loss on iteration 1800 = 0.14602304864674806
Training loss on iteration 1820 = 0.40712342914193866
Training loss on iteration 1840 = 0.21189271109178662
Training loss on iteration 1860 = 0.23787974789738656
Training loss on iteration 1880 = 0.15946757225319744
Training loss on iteration 1900 = 0.22420518668368458
Training loss on iteration 1920 = 0.18460456440225242
Training loss on iteration 1940 = 0.12255545444786549
Training loss on iteration 1960 = 0.15295394379645585
Training loss on iteration 1980 = 0.14368762113153935
Training loss on iteration 2000 = 0.2827172136865556
Training loss on iteration 2020 = 0.23507278952747584
Training loss on iteration 2040 = 0.2250497511588037
Training loss on iteration 2060 = 0.17207573913037777
Training loss on iteration 2080 = 0.15917675774544476
Training loss on iteration 2100 = 0.19867759998887777
Training loss on iteration 2120 = 0.20758531140163541
Training loss on iteration 2140 = 0.13288716338574885
Training loss on iteration 2160 = 0.17126713956240563
Training loss on iteration 2180 = 0.3751628535799682
Training loss on iteration 2200 = 0.20684683928266168
Training loss on iteration 2220 = 0.23978751739487053
Training loss on iteration 2240 = 0.22986013758927584
Training loss on iteration 2260 = 0.26660149469971656
Training loss on iteration 2280 = 0.12282536774873734
Training loss on iteration 2300 = 0.24901434662751853
Training loss on iteration 2320 = 0.2724688922520727
Training loss on iteration 2340 = 0.31589552890509365
Training loss on iteration 2360 = 0.1252528617158532
Training loss on iteration 2380 = 0.3046124577522278
Training loss on iteration 2400 = 0.21804746184498072
Training loss on iteration 2420 = 0.14519161256030202
Training loss on iteration 2440 = 0.1580687909387052
Training loss on iteration 2460 = 0.15357390511780977
Training loss on iteration 2480 = 0.26290414424147457
Training loss on iteration 2500 = 0.2972798075526953
Training loss on iteration 2520 = 0.14640598983969538
Training loss on iteration 2540 = 0.3126555437105708
Training loss on iteration 2560 = 0.25753900445997713
Training loss on iteration 2580 = 0.2780582939274609
Training loss on iteration 2600 = 0.20671831537038088
Training loss on iteration 2620 = 0.18544440777041019
Training loss on iteration 2640 = 0.1522217608988285
Training loss on iteration 2660 = 0.20334249529987575
Training loss on iteration 2680 = 0.21445703469216823
Training loss on iteration 2700 = 0.15820570066571235
Training loss on iteration 2720 = 0.1930393171031028
Training loss on iteration 2740 = 0.21815100628882647
Training loss on iteration 2760 = 0.1768757939338684
Training loss on iteration 2780 = 0.2323891870677471
Training loss on iteration 2800 = 0.2690332028083503
Training loss on iteration 2820 = 0.34545697579160334
Training loss on iteration 2840 = 0.38802173659205436
Training loss on iteration 2860 = 0.25617241114377975
Training loss on iteration 2880 = 0.20791505966335536
Training loss on iteration 2900 = 0.14981704778037966
Training loss on iteration 2920 = 0.21702107256278397
Training loss on iteration 2940 = 0.13058099960908293
Training loss on iteration 2960 = 0.21018209985923023
Training loss on iteration 2980 = 0.20417844075709582
Training loss on iteration 3000 = 0.28750024680048225
Training loss on iteration 3020 = 0.1538097510114312
Training loss on iteration 3040 = 0.21208842494525015
Training loss on iteration 3060 = 0.1841130370274186
Training loss on iteration 3080 = 0.28051199996843934
Training loss on iteration 3100 = 0.2797309884801507
Training loss on iteration 3120 = 0.18953526178374885
Training loss on iteration 3140 = 0.16885400810278953
Training loss on iteration 3160 = 0.1733217776287347
Training loss on iteration 3180 = 0.11186834503896534
Training loss on iteration 3200 = 0.12771267627831548
Training loss on iteration 3220 = 0.24321890100836754
Training loss on iteration 3240 = 0.28437418492976574
Training loss on iteration 3260 = 0.2554555480601266
Training loss on iteration 3280 = 0.19506107484921814
Training loss on iteration 3300 = 0.20385935623198748
Training loss on iteration 3320 = 0.274887279048562
Training loss on iteration 3340 = 0.27581894434988496
Training loss on iteration 3360 = 0.2978618461638689
Training loss on iteration 3380 = 0.23845685375854372
Training loss on iteration 3400 = 0.2190068418160081
Training loss on iteration 3420 = 0.2581646589562297
Training loss on iteration 3440 = 0.27624484142288563
Training loss on iteration 3460 = 0.19666987638920547
Training loss on iteration 3480 = 0.1429286063183099
Training loss on iteration 3500 = 0.18987624822184443
Training loss on iteration 3520 = 0.27049119025468826
Training loss on iteration 3540 = 0.18734719669446348
Training loss on iteration 3560 = 0.15115886656567454
Training loss on iteration 3580 = 0.22174144280143082
Training loss on iteration 3600 = 0.2083010233938694
Training loss on iteration 3620 = 0.3266489817760885
Training loss on iteration 3640 = 0.3014126528985798
Training loss on iteration 3660 = 0.19836028548888862
Training loss on iteration 3680 = 0.12622711062431335
Training loss on iteration 3700 = 0.20073863822035493
Training loss on iteration 3720 = 0.20369766764342784
Training loss on iteration 3740 = 0.24215332688763738
Training loss on iteration 3760 = 0.22637602370232343
Training loss on iteration 3780 = 0.12498886096291244
Training loss on iteration 3800 = 0.40417584787355737
Training loss on iteration 3820 = 0.2964106431230903
Training loss on iteration 3840 = 0.25525653585791586
Training loss on iteration 3860 = 0.2409488375298679
Training loss on iteration 3880 = 0.2259748363867402
Training loss on iteration 3900 = 0.1299366069957614
Training loss on iteration 3920 = 0.26117434445768595
Training loss on iteration 3940 = 0.2695047707762569
Training loss on iteration 3960 = 0.18517359364777802
Training loss on iteration 3980 = 0.17433465039357543
Training loss on iteration 4000 = 0.2511420758441091
Training loss on iteration 4020 = 0.17606211807578803
Training loss on iteration 4040 = 0.32514347180258485
Training loss on iteration 4060 = 0.27274604346603154
Training loss on iteration 4080 = 0.1704015554394573
Training loss on iteration 4100 = 0.14912078399211168
Training loss on iteration 4120 = 0.163248075498268
Training loss on iteration 4140 = 0.24120470928028226
Training loss on iteration 4160 = 0.2911713123321533
Training loss on iteration 4180 = 0.190681238938123
Training loss on iteration 4200 = 0.11889451234601438
Training loss on iteration 4220 = 0.29215148228686305
Training loss on iteration 4240 = 0.603375889081508
Training loss on iteration 4260 = 0.4697840462438762
Training loss on iteration 4280 = 0.26576637141406534
Training loss on iteration 4300 = 0.25753572601825
Training loss on iteration 4320 = 0.2521934657357633
Training loss on iteration 4340 = 0.5574817791581154
Training loss on iteration 4360 = 0.5129548543016427
Training loss on iteration 4380 = 0.6032267795875669
Training loss on iteration 4400 = 0.24075411707162858
Training loss on iteration 4420 = 0.5682278655469417
Training loss on iteration 4440 = 0.3947632862254977
Training loss on iteration 4460 = 0.3652881583198905
Training loss on iteration 4480 = 0.1889090821146965
Training loss on iteration 4500 = 0.178984751785174
Training loss on iteration 4520 = 0.262766922544688
Training loss on iteration 4540 = 0.22969811644870788
Training loss on iteration 4560 = 0.27712721526622774
Training loss on iteration 4580 = 0.1557151927612722
Training loss on iteration 4600 = 0.24978460697457194
Training loss on iteration 4620 = 0.20232924981974065
Training loss on iteration 4640 = 0.10654636879917234
Training loss on iteration 4660 = 0.17575428448617458
Training loss on iteration 4680 = 0.18737980388104916
Training loss on iteration 4700 = 0.17440414377488195
Training loss on iteration 4720 = 0.19354723235592247
Training loss on iteration 4740 = 0.16046661823056638
Training loss on iteration 4760 = 0.3015855877660215
Training loss on iteration 4780 = 0.23490185253322124
Training loss on iteration 4800 = 0.12653027325868607
Training loss on iteration 4820 = 0.19869025240186602
Training loss on iteration 4840 = 0.14334947080351412
Training loss on iteration 4860 = 0.22278531696647405
Training loss on iteration 4880 = 0.19055094197392464
Training loss on iteration 4900 = 0.1822725680656731
Training loss on iteration 4920 = 0.1131190499290824
Training loss on iteration 4940 = 0.1964406344573945
Training loss on iteration 4960 = 0.2518457619473338
Training loss on iteration 4980 = 0.30832819724455474
Training loss on iteration 5000 = 0.3348479682113975
Training loss on iteration 5020 = 0.1888600956648588
Training loss on iteration 5040 = 0.3001712161581963
Training loss on iteration 5060 = 0.14968357104808092
Training loss on iteration 5080 = 0.2193849422968924
Training loss on iteration 5100 = 0.17560626273043453
Training loss on iteration 5120 = 0.1598690813407302
Training loss on iteration 5140 = 0.2028272643685341
Training loss on iteration 5160 = 0.24621162582188844
Training loss on iteration 5180 = 0.3069915406405926
Training loss on iteration 5200 = 0.2812220986932516
Training loss on iteration 5220 = 0.21455049915239216
Training loss on iteration 5240 = 0.18244178695604205
Training loss on iteration 5260 = 0.22275285637006165
Training loss on iteration 5280 = 0.14229401368647815
Training loss on iteration 5300 = 0.1268041383009404
Training loss on iteration 5320 = 0.15659073072019963
Training loss on iteration 5340 = 0.19093825611053034
Training loss on iteration 5360 = 0.23563995929434894
Training loss on iteration 5380 = 0.4689006399363279
Training loss on iteration 5400 = 0.37015911992639305
Training loss on iteration 5420 = 0.24661218347027897
Training loss on iteration 5440 = 0.2861496364697814
Training loss on iteration 5460 = 0.22663441356271505
Training loss on iteration 5480 = 0.3049123185221106
Training loss on iteration 5500 = 0.22860600063577294
Training loss on iteration 5520 = 0.09581575932679698
Training loss on iteration 5540 = 0.330568147910526
Training loss on iteration 5560 = 0.1889555393718183
Training loss on iteration 5580 = 0.12497439272701741
Training loss on iteration 5600 = 0.12918056421913207
### EVAL:: Epoch 4:: Loss = 0.10673150844156007 :: ACC = 0.9602694260054666, AUC = 0.9873827153190385, EER = 0.05583756345177665
Training on epoch 5
Training loss on iteration 0 = 0.6425548791885376
Training loss on iteration 20 = 0.1871885281521827
Training loss on iteration 40 = 0.31143895257264376
Training loss on iteration 60 = 0.3007568742148578
Training loss on iteration 80 = 0.13923706203931943
Training loss on iteration 100 = 0.15101232046727092
Training loss on iteration 120 = 0.24566003866493702
Training loss on iteration 140 = 0.1386447262018919
Training loss on iteration 160 = 0.46713042953051626
Training loss on iteration 180 = 0.3798222031444311
Training loss on iteration 200 = 0.37471985798329116
Training loss on iteration 220 = 0.14757366422563792
Training loss on iteration 240 = 0.18771781295072287
Training loss on iteration 260 = 0.23326927542220802
Training loss on iteration 280 = 0.2265834031626582
Training loss on iteration 300 = 0.14662369465222583
Training loss on iteration 320 = 0.2655873063020408
Training loss on iteration 340 = 0.15713049955666064
Training loss on iteration 360 = 0.11388813822995872
Training loss on iteration 380 = 0.21456154141342268
Training loss on iteration 400 = 0.235123223438859
Training loss on iteration 420 = 0.24552232436835766
Training loss on iteration 440 = 0.19595452938228847
Training loss on iteration 460 = 0.24480375070124866
Training loss on iteration 480 = 0.2147765876725316
Training loss on iteration 500 = 0.19267921128775925
Training loss on iteration 520 = 0.31212505511939526
Training loss on iteration 540 = 0.16116538704372943
Training loss on iteration 560 = 0.1929026868310757
Training loss on iteration 580 = 0.29324494786560534
Training loss on iteration 600 = 0.28790417704731225
Training loss on iteration 620 = 0.16259960541501642
Training loss on iteration 640 = 0.21721285288222134
Training loss on iteration 660 = 0.14452941957861185
Training loss on iteration 680 = 0.3114402866922319
Training loss on iteration 700 = 0.1667055302299559
Training loss on iteration 720 = 0.08122412478551269
Training loss on iteration 740 = 0.10643857945688069
Training loss on iteration 760 = 0.31025503664277493
Training loss on iteration 780 = 0.1814412584528327
Training loss on iteration 800 = 0.1938702853396535
Training loss on iteration 820 = 0.16160800959914923
Training loss on iteration 840 = 0.1279302525217645
Training loss on iteration 860 = 0.18770084395073355
Training loss on iteration 880 = 0.29977872390300037
Training loss on iteration 900 = 0.19822868765331805
Training loss on iteration 920 = 0.14840679217595606
Training loss on iteration 940 = 0.1670293893199414
Training loss on iteration 960 = 0.19911693269386888
Training loss on iteration 980 = 0.3078870752287912
Training loss on iteration 1000 = 0.14731184858828783
Training loss on iteration 1020 = 0.20927846082486212
Training loss on iteration 1040 = 0.22331705207470803
Training loss on iteration 1060 = 0.11254769959487021
Training loss on iteration 1080 = 0.13119429654907436
Training loss on iteration 1100 = 0.2598345773294568
Training loss on iteration 1120 = 0.2178294001147151
Training loss on iteration 1140 = 0.14291713400743902
Training loss on iteration 1160 = 0.11135751977562905
Training loss on iteration 1180 = 0.3255506934830919
Training loss on iteration 1200 = 0.23465633913874626
Training loss on iteration 1220 = 0.20269709848798811
Training loss on iteration 1240 = 0.17398359309881925
Training loss on iteration 1260 = 0.15600430369377136
Training loss on iteration 1280 = 0.29905214067548513
Training loss on iteration 1300 = 0.41020974116399883
Training loss on iteration 1320 = 0.21547566466033458
Training loss on iteration 1340 = 0.2163180129835382
Training loss on iteration 1360 = 0.11912650018930435
Training loss on iteration 1380 = 0.27232729028910396
Training loss on iteration 1400 = 0.16396008962765335
Training loss on iteration 1420 = 0.16764745810069143
Training loss on iteration 1440 = 0.24811145160347223
Training loss on iteration 1460 = 0.19072476821020246
Training loss on iteration 1480 = 0.20897788486909122
Training loss on iteration 1500 = 0.1267565730959177
Training loss on iteration 1520 = 0.20611855564638973
Training loss on iteration 1540 = 0.14567777616903185
Training loss on iteration 1560 = 0.4851329419761896
Training loss on iteration 1580 = 0.30460388101637365
Training loss on iteration 1600 = 0.3285651959478855
Training loss on iteration 1620 = 0.3134110443294048
Training loss on iteration 1640 = 0.2339408989995718
Training loss on iteration 1660 = 0.16986380172893406
Training loss on iteration 1680 = 0.22132025472819805
Training loss on iteration 1700 = 0.23681972585618496
Training loss on iteration 1720 = 0.15890325685031712
Training loss on iteration 1740 = 0.1373295980039984
Training loss on iteration 1760 = 0.19667993113398552
Training loss on iteration 1780 = 0.2755601996555924
Training loss on iteration 1800 = 0.21006884621456265
Training loss on iteration 1820 = 0.2850660257972777
Training loss on iteration 1840 = 0.13590210899710656
Training loss on iteration 1860 = 0.1804114487953484
Training loss on iteration 1880 = 0.22761468291282655
Training loss on iteration 1900 = 0.14955099879298359
Training loss on iteration 1920 = 0.2502060485538095
Training loss on iteration 1940 = 0.28349793497473
Training loss on iteration 1960 = 0.14451757464557885
Training loss on iteration 1980 = 0.12366086833644659
Training loss on iteration 2000 = 0.2375486524309963
Training loss on iteration 2020 = 0.22444048607721925
Training loss on iteration 2040 = 0.10435563253704458
Training loss on iteration 2060 = 0.425992029812187
Training loss on iteration 2080 = 0.23291073529981077
Training loss on iteration 2100 = 0.1710227979463525
Training loss on iteration 2120 = 0.22825488368980587
Training loss on iteration 2140 = 0.18436747998930514
Training loss on iteration 2160 = 0.1825891757849604
Training loss on iteration 2180 = 0.12245813743211328
Training loss on iteration 2200 = 0.11393415267812088
Training loss on iteration 2220 = 0.16533816689625383
Training loss on iteration 2240 = 0.2149263562168926
Training loss on iteration 2260 = 0.14320722729898988
Training loss on iteration 2280 = 0.08471175483427942
Training loss on iteration 2300 = 0.25963200714904816
Training loss on iteration 2320 = 0.10663199797272682
Training loss on iteration 2340 = 0.2275503349956125
Training loss on iteration 2360 = 0.1728206074098125
Training loss on iteration 2380 = 0.10104610472917556
Training loss on iteration 2400 = 0.11914480122795794
Training loss on iteration 2420 = 0.17545221231994218
Training loss on iteration 2440 = 0.13775348126655446
Training loss on iteration 2460 = 0.1581035093870014
Training loss on iteration 2480 = 0.2638205046299845
Training loss on iteration 2500 = 0.27314743963070215
Training loss on iteration 2520 = 0.25114581764210014
Training loss on iteration 2540 = 0.1489389343187213
Training loss on iteration 2560 = 0.09851860012859107
Training loss on iteration 2580 = 0.13517364049330355
Training loss on iteration 2600 = 0.12365071221720428
Training loss on iteration 2620 = 0.10208706797566265
Training loss on iteration 2640 = 0.09822687110863626
Training loss on iteration 2660 = 0.17621073708869517
Training loss on iteration 2680 = 0.11545097947237082
Training loss on iteration 2700 = 0.1725244317087345
Training loss on iteration 2720 = 0.14807590832933784
Training loss on iteration 2740 = 0.23501428551971912
Training loss on iteration 2760 = 0.3011206977069378
Training loss on iteration 2780 = 0.15235765050165356
Training loss on iteration 2800 = 0.3151009179651737
Training loss on iteration 2820 = 0.23604999333620072
Training loss on iteration 2840 = 0.23953540972433984
Training loss on iteration 2860 = 0.25027882810682056
Training loss on iteration 2880 = 0.13002889500930906
Training loss on iteration 2900 = 0.24220281724119558
Training loss on iteration 2920 = 0.08005579484160989
Training loss on iteration 2940 = 0.1365484282549005
Training loss on iteration 2960 = 0.1507102859672159
Training loss on iteration 2980 = 0.16375251123681664
Training loss on iteration 3000 = 0.13193748043850065
Training loss on iteration 3020 = 0.14298018213594332
Training loss on iteration 3040 = 0.2082883866474731
Training loss on iteration 3060 = 0.15001547187566758
Training loss on iteration 3080 = 0.15511881320271642
Training loss on iteration 3100 = 0.11505517582409083
Training loss on iteration 3120 = 0.07929623085947242
Training loss on iteration 3140 = 0.22472638415638357
Training loss on iteration 3160 = 0.17996680174255744
Training loss on iteration 3180 = 0.2598325059283525
Training loss on iteration 3200 = 0.20188824664801358
Training loss on iteration 3220 = 0.1587550684809685
Training loss on iteration 3240 = 0.13196209637681022
Training loss on iteration 3260 = 0.26905307192355393
Training loss on iteration 3280 = 0.2597906537353992
Training loss on iteration 3300 = 0.17723173275589943
Training loss on iteration 3320 = 0.11780698986258357
Training loss on iteration 3340 = 0.14915684973821045
Training loss on iteration 3360 = 0.11270444775000214
Training loss on iteration 3380 = 0.27713540103286505
Training loss on iteration 3400 = 0.11205743430182338
Training loss on iteration 3420 = 0.16391448718495666
Training loss on iteration 3440 = 0.1643194925505668
Training loss on iteration 3460 = 0.043574704381171614
Training loss on iteration 3480 = 0.23895170781761407
Training loss on iteration 3500 = 0.23495351602323353
Training loss on iteration 3520 = 0.16758747547864913
Training loss on iteration 3540 = 0.06311421780847012
Training loss on iteration 3560 = 0.2632966969162226
Training loss on iteration 3580 = 0.27241487307474016
Training loss on iteration 3600 = 0.26870288299396633
Training loss on iteration 3620 = 0.303916921466589
Training loss on iteration 3640 = 0.1841122684534639
Training loss on iteration 3660 = 0.22819281457923352
Training loss on iteration 3680 = 0.1894133286550641
Training loss on iteration 3700 = 0.1006332078250125
Training loss on iteration 3720 = 0.19220478348433973
Training loss on iteration 3740 = 0.21177360541187226
Training loss on iteration 3760 = 0.32169942900072784
Training loss on iteration 3780 = 0.1956799144856632
Training loss on iteration 3800 = 0.1812764700851403
Training loss on iteration 3820 = 0.12314965140540153
Training loss on iteration 3840 = 0.1620344066992402
Training loss on iteration 3860 = 0.16778956179041415
Training loss on iteration 3880 = 0.2268558215815574
Training loss on iteration 3900 = 0.21121077938005328
Training loss on iteration 3920 = 0.15406500045210123
Training loss on iteration 3940 = 0.21408753735013306
Training loss on iteration 3960 = 0.1686518768314272
Training loss on iteration 3980 = 0.1323964102892205
Training loss on iteration 4000 = 0.20954880602657794
Training loss on iteration 4020 = 0.1825373498722911
Training loss on iteration 4040 = 0.15976465079002083
Training loss on iteration 4060 = 0.1628436123020947
Training loss on iteration 4080 = 0.23425098620355128
Training loss on iteration 4100 = 0.12905524466186763
Training loss on iteration 4120 = 0.18196584089600948
Training loss on iteration 4140 = 0.16094080307520925
Training loss on iteration 4160 = 0.2008893374702893
Training loss on iteration 4180 = 0.1616477376781404
Training loss on iteration 4200 = 0.20684691569767893
Training loss on iteration 4220 = 0.24777631764300168
Training loss on iteration 4240 = 0.26381539974827317
Training loss on iteration 4260 = 0.16386600784026087
Training loss on iteration 4280 = 0.2559415290597826
Training loss on iteration 4300 = 0.13073807551991196
Training loss on iteration 4320 = 0.12962303166277706
Training loss on iteration 4340 = 0.27825457326835024
Training loss on iteration 4360 = 0.3489077762234956
Training loss on iteration 4380 = 0.16817876518471167
Training loss on iteration 4400 = 0.1939935156144202
Training loss on iteration 4420 = 0.17788040824234486
Training loss on iteration 4440 = 0.11539346547797322
Training loss on iteration 4460 = 0.20802169940434395
Training loss on iteration 4480 = 0.16564355089794844
Training loss on iteration 4500 = 0.1284340489655733
Training loss on iteration 4520 = 0.1490450468380004
Training loss on iteration 4540 = 0.2827837318647653
Training loss on iteration 4560 = 0.16683101714588702
Training loss on iteration 4580 = 0.12208808870054781
Training loss on iteration 4600 = 0.24654955375008286
Training loss on iteration 4620 = 0.19041767660528422
Training loss on iteration 4640 = 0.0846836396958679
Training loss on iteration 4660 = 0.16952777783153578
Training loss on iteration 4680 = 0.15479664625599981
Training loss on iteration 4700 = 0.2785536971408874
Training loss on iteration 4720 = 0.22068734120111913
Training loss on iteration 4740 = 0.22565827518701553
Training loss on iteration 4760 = 0.11307101538404822
Training loss on iteration 4780 = 0.21919649546034634
Training loss on iteration 4800 = 0.18846821141778491
Training loss on iteration 4820 = 0.2698209432885051
Training loss on iteration 4840 = 0.24803358260542155
Training loss on iteration 4860 = 0.15783788012340666
Training loss on iteration 4880 = 0.2846528420224786
Training loss on iteration 4900 = 0.4366131321992725
Training loss on iteration 4920 = 0.20158756794407964
Training loss on iteration 4940 = 0.424971385486424
Training loss on iteration 4960 = 0.32688267817720773
Training loss on iteration 4980 = 0.5858086828142405
Training loss on iteration 5000 = 0.31004512328654527
Training loss on iteration 5020 = 0.2286871534306556
Training loss on iteration 5040 = 0.46206519193947315
Training loss on iteration 5060 = 0.575275968387723
Training loss on iteration 5080 = 0.7058787936344743
Training loss on iteration 5100 = 0.4203639507293701
Training loss on iteration 5120 = 0.3286280106753111
Training loss on iteration 5140 = 0.32826605485752225
Training loss on iteration 5160 = 0.25859474423341455
Training loss on iteration 5180 = 0.12054666001349687
Training loss on iteration 5200 = 0.2459484978870023
Training loss on iteration 5220 = 0.34191146716475485
Training loss on iteration 5240 = 0.19504432920366527
Training loss on iteration 5260 = 0.1501673235092312
Training loss on iteration 5280 = 0.17419942542910577
Training loss on iteration 5300 = 0.19888875726610422
Training loss on iteration 5320 = 0.3092500980943441
Training loss on iteration 5340 = 0.1559292847290635
Training loss on iteration 5360 = 0.1356313851894811
Training loss on iteration 5380 = 0.2069272117689252
Training loss on iteration 5400 = 0.22415812295657817
Training loss on iteration 5420 = 0.23516164352186025
Training loss on iteration 5440 = 0.24078158233314753
Training loss on iteration 5460 = 0.15193013683892787
Training loss on iteration 5480 = 0.2721460250206292
Training loss on iteration 5500 = 0.2332132650539279
Training loss on iteration 5520 = 0.2188827575184405
Training loss on iteration 5540 = 0.1397413682192564
Training loss on iteration 5560 = 0.27661160251591355
Training loss on iteration 5580 = 0.3039106434211135
Training loss on iteration 5600 = 0.3023733410984278
### EVAL:: Epoch 5:: Loss = 0.27606460567949664 :: ACC = 0.8748535728231159, AUC = 0.8690594696359244, EER = 0.21202655212807497
Training on epoch 6
Training loss on iteration 0 = 0.18087245523929596
Training loss on iteration 20 = 0.8143940298818052
Training loss on iteration 40 = 0.44866545125842094
Training loss on iteration 60 = 0.2314028421184048
Training loss on iteration 80 = 0.41863667163997886
Training loss on iteration 100 = 0.8085236195474863
Training loss on iteration 120 = 1.2112026248127221
Training loss on iteration 140 = 0.6576581284403801
Training loss on iteration 160 = 0.439181886985898
Training loss on iteration 180 = 0.3718473892658949
Training loss on iteration 200 = 0.19012132659554482
Training loss on iteration 220 = 0.3271525535732508
Training loss on iteration 240 = 0.22641259832307697
Training loss on iteration 260 = 0.15325317676179112
Training loss on iteration 280 = 0.23288753144443036
Training loss on iteration 300 = 0.1840002409182489
Training loss on iteration 320 = 0.17515836835373194
Training loss on iteration 340 = 0.4753289110958576
Training loss on iteration 360 = 0.2914360288530588
Training loss on iteration 380 = 0.28961091712117193
Training loss on iteration 400 = 0.22005391074344516
Training loss on iteration 420 = 0.1762931832112372
Training loss on iteration 440 = 0.164152901340276
Training loss on iteration 460 = 0.12205469184555114
Training loss on iteration 480 = 0.11123297167941928
Training loss on iteration 500 = 0.13319391990080476
Training loss on iteration 520 = 0.1343152628513053
Training loss on iteration 540 = 0.24817519653588532
Training loss on iteration 560 = 0.522798434086144
Training loss on iteration 580 = 0.15786357540637255
Training loss on iteration 600 = 0.20810787416994572
Training loss on iteration 620 = 0.2648615631274879
Training loss on iteration 640 = 0.1662590863648802
Training loss on iteration 660 = 0.33670268156565725
Training loss on iteration 680 = 0.20185401141643525
Training loss on iteration 700 = 0.11394715718925
Training loss on iteration 720 = 0.4117595812305808
Training loss on iteration 740 = 0.32537583059165626
Training loss on iteration 760 = 0.18736169748008252
Training loss on iteration 780 = 0.23834824729710818
Training loss on iteration 800 = 0.18773065516725182
Training loss on iteration 820 = 0.1889733647927642
Training loss on iteration 840 = 0.38957822062075137
Training loss on iteration 860 = 0.1443124484270811
Training loss on iteration 880 = 0.19681067196652294
Training loss on iteration 900 = 0.2615575673058629
Training loss on iteration 920 = 0.16918381387367845
Training loss on iteration 940 = 0.2130644427612424
Training loss on iteration 960 = 0.19536161236464977
Training loss on iteration 980 = 0.16624696077778936
Training loss on iteration 1000 = 0.17318393867462872
Training loss on iteration 1020 = 0.19641478788107633
Training loss on iteration 1040 = 0.18370407726615667
Training loss on iteration 1060 = 0.24163185469806195
Training loss on iteration 1080 = 0.22147981533780695
Training loss on iteration 1100 = 0.1670675897737965
Training loss on iteration 1120 = 0.07534254328347742
Training loss on iteration 1140 = 0.2078462669160217
Training loss on iteration 1160 = 0.13496606973931194
Training loss on iteration 1180 = 0.3025211624568328
Training loss on iteration 1200 = 0.15417229728773235
Training loss on iteration 1220 = 0.1194282699143514
Training loss on iteration 1240 = 0.09145178080070764
Training loss on iteration 1260 = 0.11406843583972659
Training loss on iteration 1280 = 0.11163420123048126
Training loss on iteration 1300 = 0.19484111182391645
Training loss on iteration 1320 = 0.27826890582218766
Training loss on iteration 1340 = 0.44488151543773713
Training loss on iteration 1360 = 0.21893508853390814
Training loss on iteration 1380 = 0.1993832287378609
Training loss on iteration 1400 = 0.21679590307176114
Training loss on iteration 1420 = 0.1542148269712925
Training loss on iteration 1440 = 0.09818631974048912
Training loss on iteration 1460 = 0.18663666017819197
Training loss on iteration 1480 = 0.1882575623691082
Training loss on iteration 1500 = 0.37360683353617785
Training loss on iteration 1520 = 0.2348101945593953
Training loss on iteration 1540 = 0.24776687994599342
Training loss on iteration 1560 = 0.13286349237896503
Training loss on iteration 1580 = 0.29121099784970284
Training loss on iteration 1600 = 0.1874294750392437
Training loss on iteration 1620 = 0.18015576123725624
Training loss on iteration 1640 = 0.1312603889964521
Training loss on iteration 1660 = 0.11603727005422115
Training loss on iteration 1680 = 0.27530092392116784
Training loss on iteration 1700 = 0.19082654996309428
Training loss on iteration 1720 = 0.13262782966485248
Training loss on iteration 1740 = 0.16859251763671637
Training loss on iteration 1760 = 0.1760367661714554
Training loss on iteration 1780 = 0.2122407602146268
Training loss on iteration 1800 = 0.19816915416158737
Training loss on iteration 1820 = 0.12757089864462615
Training loss on iteration 1840 = 0.11203176726121455
Training loss on iteration 1860 = 0.17337060283171013
Training loss on iteration 1880 = 0.13947769310325384
Training loss on iteration 1900 = 0.15746936968062072
Training loss on iteration 1920 = 0.14461391377262772
Training loss on iteration 1940 = 0.23505331716733052
Training loss on iteration 1960 = 0.2810202671214938
Training loss on iteration 1980 = 0.17523804941156412
Training loss on iteration 2000 = 0.15872307864483445
Training loss on iteration 2020 = 0.09797857182566076
Training loss on iteration 2040 = 0.31127816438674927
Training loss on iteration 2060 = 0.16831747060641647
Training loss on iteration 2080 = 0.18779447069391608
Training loss on iteration 2100 = 0.2579138018190861
Training loss on iteration 2120 = 0.14525698870420456
Training loss on iteration 2140 = 0.22185848401859404
Training loss on iteration 2160 = 0.16767486771568657
Training loss on iteration 2180 = 0.2727754051797092
Training loss on iteration 2200 = 0.1340715126832947
Training loss on iteration 2220 = 0.11201712331967428
Training loss on iteration 2240 = 0.24538005134090782
Training loss on iteration 2260 = 0.171187075227499
Training loss on iteration 2280 = 0.3226449560374022
Training loss on iteration 2300 = 0.13814653209410607
Training loss on iteration 2320 = 0.2841766531579196
Training loss on iteration 2340 = 0.23224957501515747
Training loss on iteration 2360 = 0.18810640310985036
Training loss on iteration 2380 = 0.14142897778656333
Training loss on iteration 2400 = 0.1257650298823137
Training loss on iteration 2420 = 0.1905545188114047
Training loss on iteration 2440 = 0.1853468364744913
Training loss on iteration 2460 = 0.11925057591870428
Training loss on iteration 2480 = 0.2194708154653199
Training loss on iteration 2500 = 0.20884524807333946
Training loss on iteration 2520 = 0.22404934156220407
Training loss on iteration 2540 = 0.1391675896011293
Training loss on iteration 2560 = 0.1632680766750127
Training loss on iteration 2580 = 0.18104014124255627
Training loss on iteration 2600 = 0.13650702711893245
Training loss on iteration 2620 = 0.17776309251785277
Training loss on iteration 2640 = 0.2640491106547415
Training loss on iteration 2660 = 0.14088800344616176
Training loss on iteration 2680 = 0.1874071326223202
Training loss on iteration 2700 = 0.2782038563862443
Training loss on iteration 2720 = 0.21014382876455784
Training loss on iteration 2740 = 0.2690203814068809
Training loss on iteration 2760 = 0.16218625549227
Training loss on iteration 2780 = 0.09984239138429984
Training loss on iteration 2800 = 0.20083448784425856
Training loss on iteration 2820 = 0.16755241046193986
Training loss on iteration 2840 = 0.15227003348991275
Training loss on iteration 2860 = 0.1820621800783556
Training loss on iteration 2880 = 0.14265021916944534
Training loss on iteration 2900 = 0.2818666755047161
Training loss on iteration 2920 = 0.14450901127420365
Training loss on iteration 2940 = 0.1697052703704685
Training loss on iteration 2960 = 0.17565130644943566
Training loss on iteration 2980 = 0.235918785224203
Training loss on iteration 3000 = 0.29726251419633626
Training loss on iteration 3020 = 0.2397334416396916
Training loss on iteration 3040 = 0.1338048331439495
Training loss on iteration 3060 = 0.17802713410055732
Training loss on iteration 3080 = 0.27614625453716146
Training loss on iteration 3100 = 0.15733366669155657
Training loss on iteration 3120 = 0.2583010529866442
Training loss on iteration 3140 = 0.2016990297008306
Training loss on iteration 3160 = 0.21889676235150546
Training loss on iteration 3180 = 0.15993841188028454
Training loss on iteration 3200 = 0.15102631766349078
Training loss on iteration 3220 = 0.17197462692856788
Training loss on iteration 3240 = 0.16186738894321023
Training loss on iteration 3260 = 0.07633321748580783
Training loss on iteration 3280 = 0.1558265342726372
Training loss on iteration 3300 = 0.24782237147446723
Training loss on iteration 3320 = 0.09938652897253633
Training loss on iteration 3340 = 0.14853081668843515
Training loss on iteration 3360 = 0.13469357256544753
Training loss on iteration 3380 = 0.21022718707099558
Training loss on iteration 3400 = 0.17623252267949283
Training loss on iteration 3420 = 0.12701015076600014
Training loss on iteration 3440 = 0.15597515827976166
Training loss on iteration 3460 = 0.26862325239926577
Training loss on iteration 3480 = 0.12237672613118775
Training loss on iteration 3500 = 0.11548709633061663
Training loss on iteration 3520 = 0.304923402890563
Training loss on iteration 3540 = 0.20599386291578412
Training loss on iteration 3560 = 0.22373065263964237
Training loss on iteration 3580 = 0.18033103798516095
Training loss on iteration 3600 = 0.1980986690148711
Training loss on iteration 3620 = 0.14765365694183857
Training loss on iteration 3640 = 0.23307752036489546
Training loss on iteration 3660 = 0.25056426933733744
Training loss on iteration 3680 = 0.5525002779671923
Training loss on iteration 3700 = 0.20501733999699354
Training loss on iteration 3720 = 0.21764231361448766
Training loss on iteration 3740 = 0.23717803170438856
Training loss on iteration 3760 = 0.12400291045196354
Training loss on iteration 3780 = 0.21350999257992953
Training loss on iteration 3800 = 0.30712371030822394
Training loss on iteration 3820 = 0.38025832530111076
Training loss on iteration 3840 = 0.34003947926685213
Training loss on iteration 3860 = 0.255998654384166
Training loss on iteration 3880 = 0.1898087327252142
Training loss on iteration 3900 = 0.19543264990206807
Training loss on iteration 3920 = 0.20825277715921403
Training loss on iteration 3940 = 0.15159597037127243
Training loss on iteration 3960 = 0.27388524264097214
Training loss on iteration 3980 = 0.21925802007317544
Training loss on iteration 4000 = 0.22689189873635768
Training loss on iteration 4020 = 0.17302697151899338
Training loss on iteration 4040 = 0.2732028109021485
Training loss on iteration 4060 = 0.3077936080750078
Training loss on iteration 4080 = 0.17133445909712464
Training loss on iteration 4100 = 0.35411557629704477
Training loss on iteration 4120 = 0.14382583945989608
Training loss on iteration 4140 = 0.13530949829146266
Training loss on iteration 4160 = 0.25748925004154444
Training loss on iteration 4180 = 0.19371381024830042
Training loss on iteration 4200 = 0.2460101492702961
Training loss on iteration 4220 = 0.1666221417253837
Training loss on iteration 4240 = 0.18646306325681508
Training loss on iteration 4260 = 0.16290986990788953
Training loss on iteration 4280 = 0.16310224253684283
Training loss on iteration 4300 = 0.11204826948232949
Training loss on iteration 4320 = 0.18085490002995358
Training loss on iteration 4340 = 0.23859169883653522
Training loss on iteration 4360 = 0.31539690841455015
Training loss on iteration 4380 = 0.22440912928432227
Training loss on iteration 4400 = 0.2590026408433914
Training loss on iteration 4420 = 0.15477903019636868
Training loss on iteration 4440 = 0.15257524466142058
Training loss on iteration 4460 = 0.24241401264443993
Training loss on iteration 4480 = 0.18284363890998065
Training loss on iteration 4500 = 0.18092127852141857
Training loss on iteration 4520 = 0.17244345075450837
Training loss on iteration 4540 = 0.15449350113049148
Training loss on iteration 4560 = 0.2609642666997388
Training loss on iteration 4580 = 0.1709843734279275
Training loss on iteration 4600 = 0.29175459397956727
Training loss on iteration 4620 = 0.33644233252853156
Training loss on iteration 4640 = 0.16248095317278058
Training loss on iteration 4660 = 0.27924155723303556
Training loss on iteration 4680 = 0.2617149896919727
Training loss on iteration 4700 = 0.32595909405499696
Training loss on iteration 4720 = 0.18214919245801867
Training loss on iteration 4740 = 0.23644844917580485
Training loss on iteration 4760 = 0.24963832879438996
Training loss on iteration 4780 = 0.1080027149990201
Training loss on iteration 4800 = 0.13744664518162608
Training loss on iteration 4820 = 0.2063913361635059
Training loss on iteration 4840 = 0.1390672432811698
Training loss on iteration 4860 = 0.15501772100105882
Training loss on iteration 4880 = 0.12853570898296313
Training loss on iteration 4900 = 0.2103873975807801
Training loss on iteration 4920 = 0.5941546391695738
Training loss on iteration 4940 = 0.32998917112126946
Training loss on iteration 4960 = 0.23125278120860457
Training loss on iteration 4980 = 0.21399739803746343
Training loss on iteration 5000 = 0.31266227401793
Training loss on iteration 5020 = 0.24154976289719343
Training loss on iteration 5040 = 0.2283955831080675
Training loss on iteration 5060 = 0.24824652997776867
Training loss on iteration 5080 = 0.19036927102133633
Training loss on iteration 5100 = 0.13207828318700193
Training loss on iteration 5120 = 0.12730694438796492
Training loss on iteration 5140 = 0.37158830715343355
Training loss on iteration 5160 = 0.37536263316869733
Training loss on iteration 5180 = 0.3216849721968174
Training loss on iteration 5200 = 0.15030706063844262
Training loss on iteration 5220 = 0.2458923597005196
Training loss on iteration 5240 = 0.11810815404169261
Training loss on iteration 5260 = 0.17800652887672186
Training loss on iteration 5280 = 0.1318592257332057
Training loss on iteration 5300 = 0.1945429582381621
Training loss on iteration 5320 = 0.16134750572964549
Training loss on iteration 5340 = 0.1469300213153474
Training loss on iteration 5360 = 0.20879802795825525
Training loss on iteration 5380 = 0.39959383895620704
Training loss on iteration 5400 = 0.25205760400276633
Training loss on iteration 5420 = 0.2274466235656291
Training loss on iteration 5440 = 0.22530531845986843
Training loss on iteration 5460 = 0.3848212324548513
Training loss on iteration 5480 = 0.19162797834724188
Training loss on iteration 5500 = 0.2731257830746472
Training loss on iteration 5520 = 0.2403568435111083
Training loss on iteration 5540 = 0.11707654616329818
Training loss on iteration 5560 = 0.1487888257834129
Training loss on iteration 5580 = 0.21962307458743452
Training loss on iteration 5600 = 0.17640912113711238
### EVAL:: Epoch 6:: Loss = 0.09463474472965411 :: ACC = 0.9640765326044514, AUC = 0.9877776570309974, EER = 0.055739945333853964
Training on epoch 7
Training loss on iteration 0 = 0.04760836809873581
Training loss on iteration 20 = 0.09558851545443758
Training loss on iteration 40 = 0.1665792977437377
Training loss on iteration 60 = 0.2488679419271648
Training loss on iteration 80 = 0.1496309772366658
Training loss on iteration 100 = 0.29123291540890933
Training loss on iteration 120 = 0.28761422280222176
Training loss on iteration 140 = 0.1934139607474208
Training loss on iteration 160 = 0.17395285945385694
Training loss on iteration 180 = 0.1915286673232913
Training loss on iteration 200 = 0.1875045624561608
Training loss on iteration 220 = 0.23924190290272235
Training loss on iteration 240 = 0.3208333797752857
Training loss on iteration 260 = 0.23437463250011206
Training loss on iteration 280 = 0.16877561369910837
Training loss on iteration 300 = 0.2485029507894069
Training loss on iteration 320 = 0.20209352697711438
Training loss on iteration 340 = 0.13306718886597083
Training loss on iteration 360 = 0.30059581869281826
Training loss on iteration 380 = 0.14431173913180828
Training loss on iteration 400 = 0.17407074952498078
Training loss on iteration 420 = 0.08915662530343979
Training loss on iteration 440 = 0.20568506540730597
Training loss on iteration 460 = 0.3092725456226617
Training loss on iteration 480 = 0.21892129201442004
Training loss on iteration 500 = 0.1735327702946961
Training loss on iteration 520 = 0.2157842171844095
Training loss on iteration 540 = 0.17974923402071
Training loss on iteration 560 = 0.24343041591346265
Training loss on iteration 580 = 0.2274744540452957
Training loss on iteration 600 = 0.2562747816555202
Training loss on iteration 620 = 0.2533241727855057
Training loss on iteration 640 = 0.19485168810933828
Training loss on iteration 660 = 0.16438920896034687
Training loss on iteration 680 = 0.22444168659858404
Training loss on iteration 700 = 0.13396638869307936
Training loss on iteration 720 = 0.24588014474138617
Training loss on iteration 740 = 0.1553291411139071
Training loss on iteration 760 = 0.10230871308594942
Training loss on iteration 780 = 0.16134436631109567
Training loss on iteration 800 = 0.13279546883422882
Training loss on iteration 820 = 0.22096820089500396
Training loss on iteration 840 = 0.19629500564187766
Training loss on iteration 860 = 0.21888644322752954
Training loss on iteration 880 = 0.26087456149980426
Training loss on iteration 900 = 0.17759589655324817
Training loss on iteration 920 = 0.24942766930907964
Training loss on iteration 940 = 0.17471506185829638
Training loss on iteration 960 = 0.3991090597584844
Training loss on iteration 980 = 0.13637389513896778
Training loss on iteration 1000 = 0.13708565812557935
Training loss on iteration 1020 = 0.09622647084761411
Training loss on iteration 1040 = 0.3173644580994733
Training loss on iteration 1060 = 0.16382274755742401
Training loss on iteration 1080 = 0.09179337652167305
Training loss on iteration 1100 = 0.1656488876149524
Training loss on iteration 1120 = 0.18325218146201222
Training loss on iteration 1140 = 0.23960813982412218
Training loss on iteration 1160 = 0.12875032420270144
Training loss on iteration 1180 = 0.10421642800793052
Training loss on iteration 1200 = 0.18182755168527365
Training loss on iteration 1220 = 0.16471112752333283
Training loss on iteration 1240 = 0.17322401190176606
Training loss on iteration 1260 = 0.13045062886085362
Training loss on iteration 1280 = 0.15333953257650138
Training loss on iteration 1300 = 0.17371842099819332
Training loss on iteration 1320 = 0.1441373042296618
Training loss on iteration 1340 = 0.23185516125522554
Training loss on iteration 1360 = 0.16443170222919434
Training loss on iteration 1380 = 0.30560317118652164
Training loss on iteration 1400 = 0.24914770480245352
Training loss on iteration 1420 = 0.1603651315555908
Training loss on iteration 1440 = 0.1886467090807855
Training loss on iteration 1460 = 0.22363504208624363
Training loss on iteration 1480 = 0.21034021000377834
Training loss on iteration 1500 = 0.10984805929474532
Training loss on iteration 1520 = 0.13462367333704606
Training loss on iteration 1540 = 0.23244518409483134
Training loss on iteration 1560 = 0.3218146933242679
Training loss on iteration 1580 = 0.10093580458778888
Training loss on iteration 1600 = 0.1796822201926261
Training loss on iteration 1620 = 0.10954086011624894
Training loss on iteration 1640 = 0.08267615664517507
Training loss on iteration 1660 = 0.2352197171887383
Training loss on iteration 1680 = 0.20036451574414968
Training loss on iteration 1700 = 0.10241935388185083
Training loss on iteration 1720 = 0.15959281409159304
Training loss on iteration 1740 = 0.17204566057771445
Training loss on iteration 1760 = 0.14772667272482068
Training loss on iteration 1780 = 0.14182951133698224
Training loss on iteration 1800 = 0.14007217797916383
Training loss on iteration 1820 = 0.1923422727151774
Training loss on iteration 1840 = 0.16513877036049962
Training loss on iteration 1860 = 0.12165435121860355
Training loss on iteration 1880 = 0.3258464752230793
Training loss on iteration 1900 = 0.2815503491088748
Training loss on iteration 1920 = 0.27443527854047717
Training loss on iteration 1940 = 0.1385542301752139
Training loss on iteration 1960 = 0.12938011339865624
Training loss on iteration 1980 = 0.32352510436903686
Training loss on iteration 2000 = 0.3445556855760515
Training loss on iteration 2020 = 0.11535206511616707
Training loss on iteration 2040 = 0.12601618461776526
Training loss on iteration 2060 = 0.24195801408495754
Training loss on iteration 2080 = 0.11992419571615756
Training loss on iteration 2100 = 0.16367308921180665
Training loss on iteration 2120 = 0.29427912294631825
Training loss on iteration 2140 = 0.4263484495226294
Training loss on iteration 2160 = 0.448021250218153
Training loss on iteration 2180 = 0.4253282830119133
Training loss on iteration 2200 = 0.286108258087188
Training loss on iteration 2220 = 0.3493312934413552
Training loss on iteration 2240 = 0.19173106183297933
Training loss on iteration 2260 = 0.2539485957473516
Training loss on iteration 2280 = 0.3226314396597445
Training loss on iteration 2300 = 0.12928675394505262
Training loss on iteration 2320 = 0.2129467791877687
Training loss on iteration 2340 = 0.17426246437244117
Training loss on iteration 2360 = 0.43242351753870023
Training loss on iteration 2380 = 0.22401243448257446
Training loss on iteration 2400 = 0.18204367589205503
Training loss on iteration 2420 = 0.2536590114235878
Training loss on iteration 2440 = 0.21026789210736752
Training loss on iteration 2460 = 0.28515633614733815
Training loss on iteration 2480 = 0.20712103340774773
Training loss on iteration 2500 = 0.2907592255156487
Training loss on iteration 2520 = 0.20689286906854248
Training loss on iteration 2540 = 0.28878178531304
Training loss on iteration 2560 = 0.22152215018868446
Training loss on iteration 2580 = 0.21922148801386357
Training loss on iteration 2600 = 0.19941903585568072
Training loss on iteration 2620 = 0.3161526773124933
Training loss on iteration 2640 = 0.14936425710911863
Training loss on iteration 2660 = 0.20294095000717788
Training loss on iteration 2680 = 0.2769427258812357
Training loss on iteration 2700 = 0.3085960825905204
Training loss on iteration 2720 = 0.4801088605076075
Training loss on iteration 2740 = 0.1967336349654943
Training loss on iteration 2760 = 0.38705779565498233
Training loss on iteration 2780 = 0.2605605013668537
Training loss on iteration 2800 = 0.1966954563278705
Training loss on iteration 2820 = 0.20875091485213487
Training loss on iteration 2840 = 0.18464692675042899
Training loss on iteration 2860 = 0.2638525752350688
Training loss on iteration 2880 = 0.35373261142522094
Training loss on iteration 2900 = 0.3289020644500852
Training loss on iteration 2920 = 0.2419671787880361
Training loss on iteration 2940 = 0.46734228283166884
Training loss on iteration 2960 = 0.4148051442578435
Training loss on iteration 2980 = 0.35449384823441504
Training loss on iteration 3000 = 0.3140306605491787
Training loss on iteration 3020 = 0.31943893162533643
Training loss on iteration 3040 = 0.2749277339782566
Training loss on iteration 3060 = 0.2895366130396724
Training loss on iteration 3080 = 0.21189067102968692
Training loss on iteration 3100 = 0.24570326302200557
Training loss on iteration 3120 = 0.308254200220108
Training loss on iteration 3140 = 0.12692394820041955
Training loss on iteration 3160 = 0.18259705742821097
Training loss on iteration 3180 = 0.30399059085175395
Training loss on iteration 3200 = 0.2297709032893181
Training loss on iteration 3220 = 0.2820564217865467
Training loss on iteration 3240 = 0.158670853683725
Training loss on iteration 3260 = 0.23357609314844013
Training loss on iteration 3280 = 0.1444077607942745
Training loss on iteration 3300 = 0.19364124545827507
Training loss on iteration 3320 = 0.16215071426704525
Training loss on iteration 3340 = 0.2135497153736651
Training loss on iteration 3360 = 0.10727042276412249
Training loss on iteration 3380 = 0.18327400920679793
Training loss on iteration 3400 = 0.1789144749753177
Training loss on iteration 3420 = 0.17663127672858536
Training loss on iteration 3440 = 0.24288311977870763
Training loss on iteration 3460 = 0.2971434599487111
Training loss on iteration 3480 = 0.21623772382736206
Training loss on iteration 3500 = 0.17341455169953407
Training loss on iteration 3520 = 0.2151391116902232
Training loss on iteration 3540 = 0.20514163319021464
Training loss on iteration 3560 = 0.2733211737126112
Training loss on iteration 3580 = 0.14519531270489097
Training loss on iteration 3600 = 0.12287092981860041
Training loss on iteration 3620 = 0.20960978185757995
Training loss on iteration 3640 = 0.17162152181845158
Training loss on iteration 3660 = 0.152750872541219
Training loss on iteration 3680 = 0.1542090015951544
Training loss on iteration 3700 = 0.3002147414488718
Training loss on iteration 3720 = 0.21212380062788724
Training loss on iteration 3740 = 0.24133811993524432
Training loss on iteration 3760 = 0.2305088546127081
Training loss on iteration 3780 = 0.15481381255667656
Training loss on iteration 3800 = 0.19826068840920924
Training loss on iteration 3820 = 0.14706780016422272
Training loss on iteration 3840 = 0.1397896940354258
Training loss on iteration 3860 = 0.15436975173652173
Training loss on iteration 3880 = 0.1966914003714919
Training loss on iteration 3900 = 0.08816638789139689
Training loss on iteration 3920 = 0.17903629906941204
Training loss on iteration 3940 = 0.20397214577533304
Training loss on iteration 3960 = 0.20118049131706356
Training loss on iteration 3980 = 0.16227925536222756
Training loss on iteration 4000 = 0.162361207511276
Training loss on iteration 4020 = 0.2034889250062406
Training loss on iteration 4040 = 0.3211694410536438
Training loss on iteration 4060 = 0.19490443954709918
Training loss on iteration 4080 = 0.21507335894275456
Training loss on iteration 4100 = 0.1271226990967989
Training loss on iteration 4120 = 0.17787564187310637
Training loss on iteration 4140 = 0.33959243874996903
Training loss on iteration 4160 = 0.38448305521160364
Training loss on iteration 4180 = 0.4509980012662709
Training loss on iteration 4200 = 0.41601103264838457
Training loss on iteration 4220 = 0.4160271342843771
Training loss on iteration 4240 = 0.3125262730754912
Training loss on iteration 4260 = 0.19926474425010382
Training loss on iteration 4280 = 0.3405134683009237
Training loss on iteration 4300 = 0.22260588491335512
Training loss on iteration 4320 = 0.17156944358721377
Training loss on iteration 4340 = 0.1980944024398923
Training loss on iteration 4360 = 0.1409491295227781
Training loss on iteration 4380 = 0.12490530139766634
Training loss on iteration 4400 = 0.2686238281894475
Training loss on iteration 4420 = 0.25624900590628386
Training loss on iteration 4440 = 0.1747279797680676
Training loss on iteration 4460 = 0.1465054891537875
Training loss on iteration 4480 = 0.13220857090200297
Training loss on iteration 4500 = 0.18956540944054723
Training loss on iteration 4520 = 0.28234743466600776
Training loss on iteration 4540 = 0.16466845590621232
Training loss on iteration 4560 = 0.23700732216238976
Training loss on iteration 4580 = 0.15845086369663477
Training loss on iteration 4600 = 0.26113702906295655
Training loss on iteration 4620 = 0.1217555966693908
Training loss on iteration 4640 = 0.17926842654123903
Training loss on iteration 4660 = 0.3303612437099218
Training loss on iteration 4680 = 0.3080151099944487
Training loss on iteration 4700 = 0.17333799032494426
Training loss on iteration 4720 = 0.12570088438224047
Training loss on iteration 4740 = 0.20294588252436369
Training loss on iteration 4760 = 0.12712781545706092
Training loss on iteration 4780 = 0.23286620643921196
Training loss on iteration 4800 = 0.13381837238557637
Training loss on iteration 4820 = 0.25272748451679944
Training loss on iteration 4840 = 0.3508530112914741
Training loss on iteration 4860 = 0.2132984539726749
Training loss on iteration 4880 = 0.148653188359458
Training loss on iteration 4900 = 0.1194110793992877
Training loss on iteration 4920 = 0.28715894361957905
Training loss on iteration 4940 = 0.2869547906331718
Training loss on iteration 4960 = 0.25480839274823663
Training loss on iteration 4980 = 0.2233105597551912
Training loss on iteration 5000 = 0.3407506600022316
Training loss on iteration 5020 = 0.2583465167321265
Training loss on iteration 5040 = 0.20942235216498375
Training loss on iteration 5060 = 0.21630784226581454
Training loss on iteration 5080 = 0.2712592076510191
Training loss on iteration 5100 = 0.30978602026589214
Training loss on iteration 5120 = 0.2078410629183054
Training loss on iteration 5140 = 0.3775004154071212
Training loss on iteration 5160 = 0.27279228158295155
Training loss on iteration 5180 = 0.15047293157258537
Training loss on iteration 5200 = 0.25922212898731234
Training loss on iteration 5220 = 0.11007967127952725
Training loss on iteration 5240 = 0.2329875928699039
Training loss on iteration 5260 = 0.3027312526479363
Training loss on iteration 5280 = 0.18843409102410077
Training loss on iteration 5300 = 0.32709646797738967
Training loss on iteration 5320 = 0.34183798637241125
Training loss on iteration 5340 = 0.14341541270259767
Training loss on iteration 5360 = 0.18547057755058632
Training loss on iteration 5380 = 0.25524940388277173
Training loss on iteration 5400 = 0.19750754153355957
Training loss on iteration 5420 = 0.270632881578058
Training loss on iteration 5440 = 0.31082098102197053
Training loss on iteration 5460 = 0.4458410894498229
Training loss on iteration 5480 = 0.2417580749373883
Training loss on iteration 5500 = 0.3529608055949211
Training loss on iteration 5520 = 0.2273492093430832
Training loss on iteration 5540 = 1.1556809576228262
Training loss on iteration 5560 = 0.7816087437793613
Training loss on iteration 5580 = 0.3455879228189588
Training loss on iteration 5600 = 0.36905656149610877
### EVAL:: Epoch 7:: Loss = 0.2027792755513588 :: ACC = 0.9201483795392424, AUC = 0.9721994387320333, EER = 0.09088246778602109
Training on epoch 8
Training loss on iteration 0 = 0.07520721852779388
Training loss on iteration 20 = 0.2623405484482646
Training loss on iteration 40 = 0.3115207561291754
Training loss on iteration 60 = 0.5347573200240732
Training loss on iteration 80 = 0.8734595712274313
Training loss on iteration 100 = 0.35068879649043083
Training loss on iteration 120 = 0.2731735102832317
Training loss on iteration 140 = 0.23366696410812438
Training loss on iteration 160 = 0.41782532874494793
Training loss on iteration 180 = 0.3928946513682604
Training loss on iteration 200 = 0.26780321821570396
Training loss on iteration 220 = 0.2604083890561014
Training loss on iteration 240 = 0.27742836214601996
Training loss on iteration 260 = 0.4008885553106666
Training loss on iteration 280 = 0.39300110265612603
Training loss on iteration 300 = 0.3071472248062491
Training loss on iteration 320 = 0.3148624740540981
Training loss on iteration 340 = 0.4013515183702111
Training loss on iteration 360 = 0.35926562547683716
Training loss on iteration 380 = 0.4495655782520771
Training loss on iteration 400 = 0.3167237665504217
Training loss on iteration 420 = 0.3266319572925568
Training loss on iteration 440 = 0.5316217340528965
Training loss on iteration 460 = 0.32732467986643315
Training loss on iteration 480 = 0.28778098672628405
Training loss on iteration 500 = 0.44053722620010377
Training loss on iteration 520 = 0.3045911218971014
Training loss on iteration 540 = 0.21591043546795846
Training loss on iteration 560 = 0.26119650937616823
Training loss on iteration 580 = 0.24661959651857615
Training loss on iteration 600 = 0.43065388798713683
Training loss on iteration 620 = 0.28917075376957657
Training loss on iteration 640 = 0.271390603389591
Training loss on iteration 660 = 0.27181514389812944
Training loss on iteration 680 = 0.11520621553063393
Training loss on iteration 700 = 0.24147232342511415
Training loss on iteration 720 = 0.4114632232114673
Training loss on iteration 740 = 0.29036602806299927
Training loss on iteration 760 = 0.29640000499784946
Training loss on iteration 780 = 0.23486192412674428
Training loss on iteration 800 = 0.20440322980284692
Training loss on iteration 820 = 0.2703294226899743
Training loss on iteration 840 = 0.1843605984468013
Training loss on iteration 860 = 0.1597050989512354
Training loss on iteration 880 = 0.3342160888947546
Training loss on iteration 900 = 0.4988738365471363
Training loss on iteration 920 = 0.2866579003632069
Training loss on iteration 940 = 0.24742160718888045
Training loss on iteration 960 = 0.21875897536519914
Training loss on iteration 980 = 0.17828963585197927
Training loss on iteration 1000 = 0.21496186163276434
Training loss on iteration 1020 = 0.26041273064911363
Training loss on iteration 1040 = 0.24266535378992557
Training loss on iteration 1060 = 0.23615612885914744
Training loss on iteration 1080 = 0.23963474091142417
Training loss on iteration 1100 = 0.25698053147643807
Training loss on iteration 1120 = 0.2453150451183319
Training loss on iteration 1140 = 0.15579911042004824
Training loss on iteration 1160 = 0.2552620252594352
Training loss on iteration 1180 = 0.20319030694663526
Training loss on iteration 1200 = 0.47248298120684923
Training loss on iteration 1220 = 0.2998905203305185
Training loss on iteration 1240 = 0.22010095920413733
Training loss on iteration 1260 = 0.21373621998354791
Training loss on iteration 1280 = 0.2905138277448714
Training loss on iteration 1300 = 0.3926506660878658
Training loss on iteration 1320 = 0.2997321754693985
Training loss on iteration 1340 = 0.2599565093405545
Training loss on iteration 1360 = 0.28932414306327703
Training loss on iteration 1380 = 0.22883459897711872
Training loss on iteration 1400 = 0.30481208488345146
Training loss on iteration 1420 = 0.19239267185330391
Training loss on iteration 1440 = 0.2911170795559883
Training loss on iteration 1460 = 0.21185155790299176
Training loss on iteration 1480 = 0.18271345207467676
Training loss on iteration 1500 = 0.18584170984104276
Training loss on iteration 1520 = 0.3933702787384391
Training loss on iteration 1540 = 0.3370824029203504
Training loss on iteration 1560 = 0.26797480769455434
Training loss on iteration 1580 = 0.26300466414541007
Training loss on iteration 1600 = 0.23943976433947683
Training loss on iteration 1620 = 0.18473436105996371
Training loss on iteration 1640 = 0.14848312751855702
Training loss on iteration 1660 = 0.2506663706153631
Training loss on iteration 1680 = 0.22014890713617205
Training loss on iteration 1700 = 0.1888174071907997
Training loss on iteration 1720 = 0.1521894007921219
Training loss on iteration 1740 = 0.19697765908204018
Training loss on iteration 1760 = 0.3540430134162307
Training loss on iteration 1780 = 0.28354736119508744
Training loss on iteration 1800 = 0.16210679574869574
Training loss on iteration 1820 = 0.26990880742669104
Training loss on iteration 1840 = 0.2611429788172245
Training loss on iteration 1860 = 0.32018061745911836
Training loss on iteration 1880 = 0.2718341068830341
Training loss on iteration 1900 = 0.17483023582026364
Training loss on iteration 1920 = 0.18775960216298698
Training loss on iteration 1940 = 0.3705717767588794
Training loss on iteration 1960 = 0.18465798846445977
Training loss on iteration 1980 = 0.2510527553036809
Training loss on iteration 2000 = 0.2980204625055194
Training loss on iteration 2020 = 0.14717498822137715
Training loss on iteration 2040 = 0.15412803143262863
Training loss on iteration 2060 = 0.15636373008601367
Training loss on iteration 2080 = 0.35951002067886295
Training loss on iteration 2100 = 0.422550836764276
Training loss on iteration 2120 = 0.223865463770926
Training loss on iteration 2140 = 0.18275236431509256
Training loss on iteration 2160 = 0.26600733306258917
Training loss on iteration 2180 = 0.28528718166053296
Training loss on iteration 2200 = 0.25844785645604135
Training loss on iteration 2220 = 0.16787376077845692
Training loss on iteration 2240 = 0.25717994053848087
Training loss on iteration 2260 = 0.268481877213344
Training loss on iteration 2280 = 0.16584750590845942
Training loss on iteration 2300 = 0.1839563008164987
Training loss on iteration 2320 = 0.45289509780704973
Training loss on iteration 2340 = 0.3463536763563752
Training loss on iteration 2360 = 0.415442699752748
Training loss on iteration 2380 = 0.28549903854727743
Training loss on iteration 2400 = 0.31198854856193065
Training loss on iteration 2420 = 0.2112505490425974
Training loss on iteration 2440 = 0.19144908334128558
Training loss on iteration 2460 = 0.21688913740217686
Training loss on iteration 2480 = 0.22436884231865406
Training loss on iteration 2500 = 0.29421046301722525
Training loss on iteration 2520 = 0.2734614908695221
Training loss on iteration 2540 = 0.1447088518878445
Training loss on iteration 2560 = 0.3190748571883887
Training loss on iteration 2580 = 0.14174451427534224
Training loss on iteration 2600 = 0.23414556600619107
Training loss on iteration 2620 = 0.27143605817109345
Training loss on iteration 2640 = 0.3219417890533805
Training loss on iteration 2660 = 0.3957319110631943
Training loss on iteration 2680 = 0.24327278276905417
Training loss on iteration 2700 = 0.3503251690417528
Training loss on iteration 2720 = 0.48907316618133334
Training loss on iteration 2740 = 0.26122501990757885
Training loss on iteration 2760 = 0.3474395049735904
Training loss on iteration 2780 = 0.15036365166306495
Training loss on iteration 2800 = 0.16501505440101027
Training loss on iteration 2820 = 0.29217901299707594
Training loss on iteration 2840 = 0.35956153040751815
Training loss on iteration 2860 = 0.2960995312780142
Training loss on iteration 2880 = 0.4606865240260959
Training loss on iteration 2900 = 0.4019916242919862
Training loss on iteration 2920 = 0.2820284824352711
Training loss on iteration 2940 = 0.15080356516409665
Training loss on iteration 2960 = 0.2803132710279897
Training loss on iteration 2980 = 0.23962433068081737
Training loss on iteration 3000 = 0.24719288796186448
Training loss on iteration 3020 = 0.19130650446750225
Training loss on iteration 3040 = 0.2462660844437778
Training loss on iteration 3060 = 0.15403186311013997
Training loss on iteration 3080 = 0.1709582047536969
Training loss on iteration 3100 = 0.2108476610854268
Training loss on iteration 3120 = 0.3105247652158141
Training loss on iteration 3140 = 0.20707998210564255
Training loss on iteration 3160 = 0.18761061038821936
Training loss on iteration 3180 = 0.13914079992100598
Training loss on iteration 3200 = 0.17653311836766078
Training loss on iteration 3220 = 0.21384056992828845
Training loss on iteration 3240 = 0.18752227276563643
Training loss on iteration 3260 = 0.2490144143346697
Training loss on iteration 3280 = 0.11467503821477294
Training loss on iteration 3300 = 0.21775274612009526
Training loss on iteration 3320 = 0.21900847186334432
Training loss on iteration 3340 = 0.13977348068729042
Training loss on iteration 3360 = 0.29158533425070343
Training loss on iteration 3380 = 0.15832671439275145
Training loss on iteration 3400 = 1.2214960005134343
Training loss on iteration 3420 = 0.6749672312522307
Training loss on iteration 3440 = 0.443296230584383
Training loss on iteration 3460 = 0.31698249075561763
Training loss on iteration 3480 = 0.34285764656960965
Training loss on iteration 3500 = 0.20286785056814552
Training loss on iteration 3520 = 0.2504803350195289
Training loss on iteration 3540 = 0.16399676194414498
Training loss on iteration 3560 = 0.17942492756992579
Training loss on iteration 3580 = 0.2570534088648856
Training loss on iteration 3600 = 0.19360182732343673
Training loss on iteration 3620 = 0.16974053489975632
Training loss on iteration 3640 = 0.17623532256111502
Training loss on iteration 3660 = 0.2460320806130767
Training loss on iteration 3680 = 0.21274378722300752
Training loss on iteration 3700 = 0.30635589081794024
Training loss on iteration 3720 = 0.18029388287104667
Training loss on iteration 3740 = 0.2048229357227683
Training loss on iteration 3760 = 0.134794838167727
Training loss on iteration 3780 = 0.2005817135795951
Training loss on iteration 3800 = 0.27076534619554876
Training loss on iteration 3820 = 0.18590337540954352
Training loss on iteration 3840 = 0.22713022474199535
Training loss on iteration 3860 = 0.16234310078434647
Training loss on iteration 3880 = 0.27410741299390795
Training loss on iteration 3900 = 0.2922142347320914
Training loss on iteration 3920 = 0.23556773386662827
Training loss on iteration 3940 = 0.5090651510749012
Training loss on iteration 3960 = 0.40411857720464467
Training loss on iteration 3980 = 0.44688667729496956
Training loss on iteration 4000 = 0.18723045678343625
Training loss on iteration 4020 = 0.11268038442358375
Training loss on iteration 4040 = 0.09856564776273444
Training loss on iteration 4060 = 0.23331050763372332
Training loss on iteration 4080 = 0.18458600307349116
Training loss on iteration 4100 = 0.17659293226897715
Training loss on iteration 4120 = 0.2319163603708148
Training loss on iteration 4140 = 0.16144318422302603
Training loss on iteration 4160 = 0.26777821462601425
Training loss on iteration 4180 = 0.1782545695081353
Training loss on iteration 4200 = 0.16523169237188995
Training loss on iteration 4220 = 0.16105461586266756
Training loss on iteration 4240 = 0.19622578024864196
Training loss on iteration 4260 = 0.11100032553076744
Training loss on iteration 4280 = 0.20233317429665476
Training loss on iteration 4300 = 0.20954867023974658
Training loss on iteration 4320 = 0.17093312609940767
Training loss on iteration 4340 = 0.23742331918329002
Training loss on iteration 4360 = 0.09762055044993759
Training loss on iteration 4380 = 0.3571547414176166
Training loss on iteration 4400 = 0.14183293767273425
Training loss on iteration 4420 = 0.2751093887258321
Training loss on iteration 4440 = 0.1589851695112884
Training loss on iteration 4460 = 0.08053856003098189
Training loss on iteration 4480 = 0.17553503040689974
Training loss on iteration 4500 = 0.1581464888062328
Training loss on iteration 4520 = 0.11701709859189577
Training loss on iteration 4540 = 0.112499943113653
Training loss on iteration 4560 = 0.2117083804681897
Training loss on iteration 4580 = 0.2876206272281706
Training loss on iteration 4600 = 0.18703091610223055
Training loss on iteration 4620 = 0.22663745363242924
Training loss on iteration 4640 = 0.1341442849021405
Training loss on iteration 4660 = 0.23628749925410375
Training loss on iteration 4680 = 0.17541610738262534
Training loss on iteration 4700 = 0.3042460805736482
Training loss on iteration 4720 = 0.15975888296961785
Training loss on iteration 4740 = 0.13926447574049233
Training loss on iteration 4760 = 0.19718973473645746
Training loss on iteration 4780 = 0.30211848597973584
Training loss on iteration 4800 = 0.30036827763542534
Training loss on iteration 4820 = 0.12877536276355386
Training loss on iteration 4840 = 0.17015301149804146
Training loss on iteration 4860 = 0.3227743735071272
Training loss on iteration 4880 = 0.287459272518754
Training loss on iteration 4900 = 0.34612991092726586
Training loss on iteration 4920 = 0.2950326661579311
Training loss on iteration 4940 = 0.20884861117228865
Training loss on iteration 4960 = 0.25233118450269104
Training loss on iteration 4980 = 0.18893304448574783
Training loss on iteration 5000 = 0.18063824148848653
Training loss on iteration 5020 = 0.19870694996789098
Training loss on iteration 5040 = 0.21768212048336863
Training loss on iteration 5060 = 0.15210717502050103
Training loss on iteration 5080 = 0.15218217233195902
Training loss on iteration 5100 = 0.1970312600489706
Training loss on iteration 5120 = 0.18837700996082277
Training loss on iteration 5140 = 0.19258342321263627
Training loss on iteration 5160 = 0.1487591237295419
Training loss on iteration 5180 = 0.1378420081920922
Training loss on iteration 5200 = 0.212598807644099
Training loss on iteration 5220 = 0.14121706252917648
Training loss on iteration 5240 = 0.053831814182922245
Training loss on iteration 5260 = 0.13859900187235324
Training loss on iteration 5280 = 0.13114074226468803
Training loss on iteration 5300 = 0.2583111087791622
Training loss on iteration 5320 = 0.14947786210104824
Training loss on iteration 5340 = 0.1539735311176628
Training loss on iteration 5360 = 0.1629800352267921
Training loss on iteration 5380 = 0.15430460411589592
Training loss on iteration 5400 = 0.173599371407181
Training loss on iteration 5420 = 0.17858479482820258
Training loss on iteration 5440 = 0.14016763903200627
Training loss on iteration 5460 = 0.09079624731093645
Training loss on iteration 5480 = 0.19351724316366017
Training loss on iteration 5500 = 0.17735792794264854
Training loss on iteration 5520 = 0.1702067468315363
Training loss on iteration 5540 = 0.12197951113339514
Training loss on iteration 5560 = 0.24026504321955144
Training loss on iteration 5580 = 0.23112367787398397
Training loss on iteration 5600 = 0.2631197370588779
### EVAL:: Epoch 8:: Loss = 0.13063807744595207 :: ACC = 0.9535825849277626, AUC = 0.9445178030899624, EER = 0.13334634908238968
Training on epoch 9
Training loss on iteration 0 = 0.11735806614160538
Training loss on iteration 20 = 0.16539679665584117
Training loss on iteration 40 = 0.22702802559360863
Training loss on iteration 60 = 0.11279276818968356
Training loss on iteration 80 = 0.13152108532376589
Training loss on iteration 100 = 0.22457479955628515
Training loss on iteration 120 = 0.22324756877496837
Training loss on iteration 140 = 0.17243277675006538
Training loss on iteration 160 = 0.16669884163420648
Training loss on iteration 180 = 0.15165922022424638
Training loss on iteration 200 = 0.12422002926468849
Training loss on iteration 220 = 0.17829465600079858
Training loss on iteration 240 = 0.1650230959057808
Training loss on iteration 260 = 0.2624278446659446
Training loss on iteration 280 = 0.1175402288325131
Training loss on iteration 300 = 0.2053436200134456
Training loss on iteration 320 = 0.26363907642662526
Training loss on iteration 340 = 0.22550099547952412
Training loss on iteration 360 = 0.17661859425716103
Training loss on iteration 380 = 0.22347948633832856
Training loss on iteration 400 = 0.16085020257160068
Training loss on iteration 420 = 0.13933038086397573
Training loss on iteration 440 = 0.13811425417661666
Training loss on iteration 460 = 0.15134590149391441
Training loss on iteration 480 = 0.18926327470690013
Training loss on iteration 500 = 0.19829445169307292
Training loss on iteration 520 = 0.818721628509229
Training loss on iteration 540 = 0.7471933498978615
Training loss on iteration 560 = 0.4819837998133153
Training loss on iteration 580 = 0.2381541347131133
Training loss on iteration 600 = 0.13219123953022063
Training loss on iteration 620 = 0.32486876491457223
Training loss on iteration 640 = 0.28547427114099266
Training loss on iteration 660 = 0.46478018192574383
Training loss on iteration 680 = 0.2108622848056257
Training loss on iteration 700 = 0.18589907977730036
Training loss on iteration 720 = 0.16684693251736463
Training loss on iteration 740 = 0.15979298641905187
Training loss on iteration 760 = 0.32607163791544735
Training loss on iteration 780 = 0.29329913593828677
Training loss on iteration 800 = 0.14837658104952425
Training loss on iteration 820 = 0.21986958417110145
Training loss on iteration 840 = 0.12757109222002327
Training loss on iteration 860 = 0.2228365022689104
Training loss on iteration 880 = 0.22292324977461248
Training loss on iteration 900 = 0.1392342475708574
Training loss on iteration 920 = 0.2980381166911684
Training loss on iteration 940 = 0.30241081323474645
Training loss on iteration 960 = 0.3844196957768872
Training loss on iteration 980 = 0.13707588182296604
Training loss on iteration 1000 = 0.11251517124474049
Training loss on iteration 1020 = 0.3425975428253878
Training loss on iteration 1040 = 0.5030989232007415
Training loss on iteration 1060 = 0.36700375750660896
Training loss on iteration 1080 = 0.19846483338624238
Training loss on iteration 1100 = 0.3356984337209724
Training loss on iteration 1120 = 0.22696504672931042
Training loss on iteration 1140 = 0.20200577136129141
Training loss on iteration 1160 = 0.13761159549467267
Training loss on iteration 1180 = 0.39423943082802
Training loss on iteration 1200 = 0.26999833416193725
Training loss on iteration 1220 = 0.2653703403659165
Training loss on iteration 1240 = 0.3262435576179996
Training loss on iteration 1260 = 0.30854018754325807
Training loss on iteration 1280 = 0.26007751915603877
Training loss on iteration 1300 = 0.2519405550323427
Training loss on iteration 1320 = 0.23346270751208067
Training loss on iteration 1340 = 0.26243817768990996
Training loss on iteration 1360 = 0.40486826114356517
Training loss on iteration 1380 = 0.2334480656310916
Training loss on iteration 1400 = 0.1905180171597749
Training loss on iteration 1420 = 0.20836928957141937
Training loss on iteration 1440 = 0.13022881550714374
Training loss on iteration 1460 = 0.25799511559307575
Training loss on iteration 1480 = 0.15468769604340196
Training loss on iteration 1500 = 0.3382310627028346
Training loss on iteration 1520 = 0.2438010586425662
Training loss on iteration 1540 = 0.12810276383534075
Training loss on iteration 1560 = 0.13537416791077703
Training loss on iteration 1580 = 0.35886880606412885
Training loss on iteration 1600 = 0.28278168020769956
Training loss on iteration 1620 = 0.1793177392333746
Training loss on iteration 1640 = 0.18345757629722356
Training loss on iteration 1660 = 0.21845954600721598
Training loss on iteration 1680 = 0.11327598697971553
Training loss on iteration 1700 = 0.1421767123276368
Training loss on iteration 1720 = 0.15850702770985664
Training loss on iteration 1740 = 0.2399112872139085
Training loss on iteration 1760 = 0.24397330371430143
Training loss on iteration 1780 = 0.22148931701667607
Training loss on iteration 1800 = 0.15122160057071596
Training loss on iteration 1820 = 0.1940165324602276
Training loss on iteration 1840 = 0.27128760209307073
Training loss on iteration 1860 = 0.2217843278311193
Training loss on iteration 1880 = 0.2015166947618127
Training loss on iteration 1900 = 0.1002710003813263
Training loss on iteration 1920 = 0.21236939914524555
Training loss on iteration 1940 = 0.24733839286491274
Training loss on iteration 1960 = 0.19784519113600255
Training loss on iteration 1980 = 0.1545118428301066
Training loss on iteration 2000 = 0.1395825294777751
Training loss on iteration 2020 = 0.11244264021515846
Training loss on iteration 2040 = 0.13483402016572654
Training loss on iteration 2060 = 0.1871518180705607
Training loss on iteration 2080 = 0.1394903768086806
Training loss on iteration 2100 = 0.16072764609707518
Training loss on iteration 2120 = 0.09951200596988201
Training loss on iteration 2140 = 0.22863552465569228
Training loss on iteration 2160 = 0.19007898047566413
Training loss on iteration 2180 = 0.1932797197252512
Training loss on iteration 2200 = 0.1454092152416706
Training loss on iteration 2220 = 0.10162928947247565
Training loss on iteration 2240 = 0.2288481926545501
Training loss on iteration 2260 = 0.19960152402054518
Training loss on iteration 2280 = 0.15040015801787376
Training loss on iteration 2300 = 0.18996144926641137
Training loss on iteration 2320 = 0.13864213977940382
Training loss on iteration 2340 = 0.20282088862732053
Training loss on iteration 2360 = 0.12087622797116637
Training loss on iteration 2380 = 0.1703884816262871
Training loss on iteration 2400 = 0.20721210092306136
Training loss on iteration 2420 = 0.2361595368012786
Training loss on iteration 2440 = 0.1322811314370483
Training loss on iteration 2460 = 0.19526319336146117
Training loss on iteration 2480 = 0.08119993510190397
Training loss on iteration 2500 = 0.20366146138403565
Training loss on iteration 2520 = 0.16804139675223267
Training loss on iteration 2540 = 0.22934455680660903
Training loss on iteration 2560 = 0.09296400984749198
Training loss on iteration 2580 = 0.08828451660519931
Training loss on iteration 2600 = 0.14731738865084482
Training loss on iteration 2620 = 0.26622512640897184
Training loss on iteration 2640 = 0.28922989387065173
Training loss on iteration 2660 = 0.1882690717931837
Training loss on iteration 2680 = 0.12676831604912878
Training loss on iteration 2700 = 0.3630308357998729
Training loss on iteration 2720 = 0.1790481696370989
Training loss on iteration 2740 = 0.1053805154748261
Training loss on iteration 2760 = 0.2083888493478298
Training loss on iteration 2780 = 0.14738558776443825
Training loss on iteration 2800 = 0.2099607842741534
Training loss on iteration 2820 = 0.22099063713103534
Training loss on iteration 2840 = 0.10970503357239067
Training loss on iteration 2860 = 0.15976890157908202
Training loss on iteration 2880 = 0.1310401181690395
Training loss on iteration 2900 = 0.22240641941316425
Training loss on iteration 2920 = 0.21214925344102084
Training loss on iteration 2940 = 0.14620754178613424
Training loss on iteration 2960 = 0.17333228446077556
Training loss on iteration 2980 = 0.11446702117100357
Training loss on iteration 3000 = 0.23341932212060784
Training loss on iteration 3020 = 0.1553989252075553
Training loss on iteration 3040 = 0.16427605403587223
Training loss on iteration 3060 = 0.10739388599758967
Training loss on iteration 3080 = 0.13639671904966236
Training loss on iteration 3100 = 0.32334408108144996
Training loss on iteration 3120 = 0.13527893633581697
Training loss on iteration 3140 = 0.22648483017692342
Training loss on iteration 3160 = 0.22030536253005267
Training loss on iteration 3180 = 0.20020844396203757
Training loss on iteration 3200 = 0.2552489855326712
Training loss on iteration 3220 = 0.18550301202340053
Training loss on iteration 3240 = 0.08840278297429904
Training loss on iteration 3260 = 0.23137035258114338
Training loss on iteration 3280 = 0.20161242899484932
Training loss on iteration 3300 = 0.1985500612296164
Training loss on iteration 3320 = 0.10298920343630016
Training loss on iteration 3340 = 0.22787094076629727
Training loss on iteration 3360 = 0.15448291418142618
Training loss on iteration 3380 = 0.19196100244298578
Training loss on iteration 3400 = 0.13811197901377453
Training loss on iteration 3420 = 0.1420972021529451
Training loss on iteration 3440 = 0.14798950002295896
Training loss on iteration 3460 = 0.17972991823917256
Training loss on iteration 3480 = 0.09361942196264864
Training loss on iteration 3500 = 0.13279723009327427
Training loss on iteration 3520 = 0.21684848725562916
Training loss on iteration 3540 = 0.12627548966556787
Training loss on iteration 3560 = 0.11932880983804353
Training loss on iteration 3580 = 0.32173127150163056
Training loss on iteration 3600 = 0.29115745616145433
Training loss on iteration 3620 = 0.21943849237286486
Training loss on iteration 3640 = 0.18586785183288157
Training loss on iteration 3660 = 0.19020597566850483
Training loss on iteration 3680 = 0.1686582576134242
Training loss on iteration 3700 = 0.11499483300140127
Training loss on iteration 3720 = 0.2170041360277537
Training loss on iteration 3740 = 0.14249274781905114
Training loss on iteration 3760 = 0.2683174445293844
Training loss on iteration 3780 = 0.12961609624326229
Training loss on iteration 3800 = 0.2074375983327627
Training loss on iteration 3820 = 0.22264783456921577
Training loss on iteration 3840 = 0.16472500348463653
Training loss on iteration 3860 = 0.250759653467685
Training loss on iteration 3880 = 0.18324039408471435
Training loss on iteration 3900 = 0.23057989561930298
Training loss on iteration 3920 = 0.41829362835269424
Training loss on iteration 3940 = 0.5798219913616777
Training loss on iteration 3960 = 0.2779675845478778
Training loss on iteration 3980 = 0.3070460636168718
Training loss on iteration 4000 = 0.33010650356300175
Training loss on iteration 4020 = 0.1452247631503269
Training loss on iteration 4040 = 0.2915030778734945
Training loss on iteration 4060 = 0.19699892732314767
Training loss on iteration 4080 = 0.13545844024047254
Training loss on iteration 4100 = 0.3267523764865473
Training loss on iteration 4120 = 0.11953062200918793
Training loss on iteration 4140 = 0.0735058692866005
Training loss on iteration 4160 = 0.17637838053924498
Training loss on iteration 4180 = 0.1262005568947643
Training loss on iteration 4200 = 0.15827682676026597
Training loss on iteration 4220 = 0.22870964359026402
Training loss on iteration 4240 = 0.12637010107282548
Training loss on iteration 4260 = 0.11993730422691443
Training loss on iteration 4280 = 0.22498870911076665
Training loss on iteration 4300 = 0.1792993440758437
Training loss on iteration 4320 = 0.29443012094125154
Training loss on iteration 4340 = 0.5890666950494051
Training loss on iteration 4360 = 0.17958349781110883
Training loss on iteration 4380 = 0.22721394458785654
Training loss on iteration 4400 = 0.22066931938752532
Training loss on iteration 4420 = 0.1571859264280647
Training loss on iteration 4440 = 0.1502739941701293
Training loss on iteration 4460 = 0.11618410252267494
Training loss on iteration 4480 = 0.09195888054091483
Training loss on iteration 4500 = 0.21574075763346628
Training loss on iteration 4520 = 0.22480566781014205
Training loss on iteration 4540 = 0.13106317580095492
Training loss on iteration 4560 = 0.3708767132367939
Training loss on iteration 4580 = 0.20244057048112155
Training loss on iteration 4600 = 0.21858207639306784
Training loss on iteration 4620 = 0.13322766383644194
Training loss on iteration 4640 = 0.1621362461708486
Training loss on iteration 4660 = 0.11675475565716624
Training loss on iteration 4680 = 0.12799370514694602
Training loss on iteration 4700 = 0.11641160440631211
Training loss on iteration 4720 = 0.1355132401920855
Training loss on iteration 4740 = 0.2111161710228771
Training loss on iteration 4760 = 0.1345590258948505
Training loss on iteration 4780 = 0.11383017705520615
Training loss on iteration 4800 = 0.2742817578371614
Training loss on iteration 4820 = 0.1754978214856237
Training loss on iteration 4840 = 0.18828406990505756
Training loss on iteration 4860 = 0.20537606831640004
Training loss on iteration 4880 = 0.09214210994541645
Training loss on iteration 4900 = 0.1093396807089448
Training loss on iteration 4920 = 0.17078021080233158
Training loss on iteration 4940 = 0.27290490347659213
Training loss on iteration 4960 = 0.12408970771357417
Training loss on iteration 4980 = 0.09475070496555418
Training loss on iteration 5000 = 0.14375255788909272
Training loss on iteration 5020 = 0.19890349856577813
Training loss on iteration 5040 = 0.18639623639173805
Training loss on iteration 5060 = 0.10396995302289724
Training loss on iteration 5080 = 0.26629279617918655
Training loss on iteration 5100 = 0.1114681534934789
Training loss on iteration 5120 = 0.18700132246594875
Training loss on iteration 5140 = 0.11375233352882788
Training loss on iteration 5160 = 0.16357489284127952
Training loss on iteration 5180 = 0.08173285374068655
Training loss on iteration 5200 = 0.1718204787292052
Training loss on iteration 5220 = 0.10722028507152573
Training loss on iteration 5240 = 0.10027780928649008
Training loss on iteration 5260 = 0.23367318278178573
Training loss on iteration 5280 = 0.1829284407198429
Training loss on iteration 5300 = 0.14669211129657925
Training loss on iteration 5320 = 0.206464136345312
Training loss on iteration 5340 = 0.18530057987663895
Training loss on iteration 5360 = 0.12623173227184453
Training loss on iteration 5380 = 0.19237613696604966
Training loss on iteration 5400 = 0.22961763204075397
Training loss on iteration 5420 = 0.2517887932248414
Training loss on iteration 5440 = 0.18082302901893854
Training loss on iteration 5460 = 0.12471456876955926
Training loss on iteration 5480 = 0.2187248110305518
Training loss on iteration 5500 = 0.14080659463070333
Training loss on iteration 5520 = 0.06275337284896523
Training loss on iteration 5540 = 0.16394153558649122
Training loss on iteration 5560 = 0.12652071956545113
Training loss on iteration 5580 = 0.058775457995943726
Training loss on iteration 5600 = 0.22653420760761947
### EVAL:: Epoch 9:: Loss = 0.08597095762896619 :: ACC = 0.9686645841468177, AUC = 0.9929326255073206, EER = 0.040511518937914874
Training on epoch 10
Training loss on iteration 0 = 0.4528330862522125
Training loss on iteration 20 = 0.297379659418948
Training loss on iteration 40 = 0.7699680071964394
Training loss on iteration 60 = 0.5829038701253012
Training loss on iteration 80 = 0.264295723545365
Training loss on iteration 100 = 0.23134384555742143
Training loss on iteration 120 = 0.24862800855189562
Training loss on iteration 140 = 0.4406696623424068
Training loss on iteration 160 = 0.5454917169874534
Training loss on iteration 180 = 0.2186237816233188
Training loss on iteration 200 = 0.25734383026137947
Training loss on iteration 220 = 0.3885412677191198
Training loss on iteration 240 = 0.28297612722963095
Training loss on iteration 260 = 0.31731031127274034
Training loss on iteration 280 = 0.2758001420646906
Training loss on iteration 300 = 0.17424753881059588
Training loss on iteration 320 = 0.21470254021696747
Training loss on iteration 340 = 0.2136419507674873
Training loss on iteration 360 = 0.14134365539066493
Training loss on iteration 380 = 0.2612918690312654
Training loss on iteration 400 = 0.19362455448135735
Training loss on iteration 420 = 0.12354362880578265
Training loss on iteration 440 = 0.1590082475100644
Training loss on iteration 460 = 0.15401299032382668
Training loss on iteration 480 = 0.16500875134952367
Training loss on iteration 500 = 0.24893112347926943
Training loss on iteration 520 = 0.20028579726349563
Training loss on iteration 540 = 0.1293850047979504
Training loss on iteration 560 = 0.15532465104479343
Training loss on iteration 580 = 0.15239107925444842
Training loss on iteration 600 = 0.2310540542472154
Training loss on iteration 620 = 0.16613181638531388
Training loss on iteration 640 = 0.22254832028411328
Training loss on iteration 660 = 0.3898142733611166
Training loss on iteration 680 = 0.3297937010647729
Training loss on iteration 700 = 0.20795066950377078
Training loss on iteration 720 = 0.18769713616929948
Training loss on iteration 740 = 0.2606663997285068
Training loss on iteration 760 = 0.20442752949893475
Training loss on iteration 780 = 0.151207803376019
Training loss on iteration 800 = 0.14825595165602862
Training loss on iteration 820 = 0.14983302615582944
Training loss on iteration 840 = 0.1434778762049973
Training loss on iteration 860 = 0.15890712393447756
Training loss on iteration 880 = 0.20045944961020723
Training loss on iteration 900 = 0.21168686710298062
Training loss on iteration 920 = 0.13481615372002126
Training loss on iteration 940 = 0.1478581709554419
Training loss on iteration 960 = 0.20998609518865125
Training loss on iteration 980 = 0.16495028072968126
Training loss on iteration 1000 = 0.2572805569274351
Training loss on iteration 1020 = 0.27938419128768144
Training loss on iteration 1040 = 0.19219708163291216
Training loss on iteration 1060 = 0.14784929845482112
Training loss on iteration 1080 = 0.17100138515233992
Training loss on iteration 1100 = 0.2532584169879556
Training loss on iteration 1120 = 0.19874414578080177
Training loss on iteration 1140 = 0.12986098958645015
Training loss on iteration 1160 = 0.3162862334429519
Training loss on iteration 1180 = 0.22295385468751192
Training loss on iteration 1200 = 0.17759874924086033
Training loss on iteration 1220 = 0.12380395599175245
Training loss on iteration 1240 = 1.2621086742728949
Training loss on iteration 1260 = 2.3025633223354816
Training loss on iteration 1280 = 1.206378660304472
Training loss on iteration 1300 = 0.8466172058135271
Training loss on iteration 1320 = 0.5670093373511917
Training loss on iteration 1340 = 0.21778213357611093
Training loss on iteration 1360 = 0.2110579146683449
Training loss on iteration 1380 = 0.27602507872215937
Training loss on iteration 1400 = 0.24277699588856194
Training loss on iteration 1420 = 0.4750057016965002
Training loss on iteration 1440 = 0.20404290626756846
Training loss on iteration 1460 = 0.17626450455281883
Training loss on iteration 1480 = 0.354477857646998
Training loss on iteration 1500 = 0.41815291370730845
Training loss on iteration 1520 = 0.19833336202427745
Training loss on iteration 1540 = 0.2605791185284033
Training loss on iteration 1560 = 0.26212253868579866
Training loss on iteration 1580 = 0.14567327918484807
Training loss on iteration 1600 = 0.14398387367837132
Training loss on iteration 1620 = 0.14720409247092903
Training loss on iteration 1640 = 0.1737825245130807
Training loss on iteration 1660 = 0.18686138275079428
Training loss on iteration 1680 = 0.15767230759374798
Training loss on iteration 1700 = 0.23349617160856723
Training loss on iteration 1720 = 0.23655766285955906
Training loss on iteration 1740 = 0.3050404843874276
Training loss on iteration 1760 = 0.10792121095582843
Training loss on iteration 1780 = 0.14896573653677478
Training loss on iteration 1800 = 0.3656669836025685
Training loss on iteration 1820 = 0.14043464455753565
Training loss on iteration 1840 = 0.132356594549492
Training loss on iteration 1860 = 0.13195350021123886
Training loss on iteration 1880 = 0.17201143335551022
Training loss on iteration 1900 = 0.11712771598249674
Training loss on iteration 1920 = 0.20254779934184625
Training loss on iteration 1940 = 0.11325795331504196
Training loss on iteration 1960 = 0.1980473755626008
Training loss on iteration 1980 = 0.117248546006158
Training loss on iteration 2000 = 0.30387512743473055
Training loss on iteration 2020 = 0.3596189440228045
Training loss on iteration 2040 = 0.15959511790424585
Training loss on iteration 2060 = 0.16261387821286916
Training loss on iteration 2080 = 0.2758044716436416
Training loss on iteration 2100 = 0.2616287198849022
Training loss on iteration 2120 = 0.13521969886496663
Training loss on iteration 2140 = 0.3771514746360481
Training loss on iteration 2160 = 0.16574811860918998
Training loss on iteration 2180 = 0.18714431170374154
Training loss on iteration 2200 = 0.2461231105029583
Training loss on iteration 2220 = 0.24854834973812104
Training loss on iteration 2240 = 0.23572578800376504
Training loss on iteration 2260 = 0.22673585955053568
Training loss on iteration 2280 = 0.16190264960750939
Training loss on iteration 2300 = 0.15861946884542705
Training loss on iteration 2320 = 0.20329462403897197
Training loss on iteration 2340 = 0.1511779290623963
Training loss on iteration 2360 = 0.20647869310341777
Training loss on iteration 2380 = 0.24328911677002907
Training loss on iteration 2400 = 0.19273620042949915
Training loss on iteration 2420 = 0.22370811188593506
Training loss on iteration 2440 = 0.21007982911542059
Training loss on iteration 2460 = 0.27187108332291243
Training loss on iteration 2480 = 0.25900338497012854
Training loss on iteration 2500 = 0.11043303441256284
Training loss on iteration 2520 = 0.15674528195522724
Training loss on iteration 2540 = 0.38109732503071425
Training loss on iteration 2560 = 0.19747182363644242
Training loss on iteration 2580 = 0.16311243190430105
Training loss on iteration 2600 = 0.16996185425668955
Training loss on iteration 2620 = 0.1927051685517654
Training loss on iteration 2640 = 0.13067942287307233
Training loss on iteration 2660 = 0.20149357980117202
Training loss on iteration 2680 = 0.16218178016133605
Training loss on iteration 2700 = 0.1977382129523903
Training loss on iteration 2720 = 0.13243076498620213
Training loss on iteration 2740 = 0.1314636896364391
Training loss on iteration 2760 = 0.15875136256217956
Training loss on iteration 2780 = 0.24987420729594306
Training loss on iteration 2800 = 0.24584853781852872
Training loss on iteration 2820 = 0.16834148655179887
Training loss on iteration 2840 = 0.36339223929680886
Training loss on iteration 2860 = 0.4561456549330615
Training loss on iteration 2880 = 0.8763951831264422
Training loss on iteration 2900 = 0.3193754234816879
Training loss on iteration 2920 = 0.8132983083836735
Training loss on iteration 2940 = 0.4596040643053129
Training loss on iteration 2960 = 0.23334183167607989
Training loss on iteration 2980 = 0.3526821142528206
Training loss on iteration 3000 = 0.26764897173270585
Training loss on iteration 3020 = 0.33035350777208805
Training loss on iteration 3040 = 0.3181268746498972
Training loss on iteration 3060 = 0.18279918581247329
Training loss on iteration 3080 = 0.21003003939986228
Training loss on iteration 3100 = 0.200357146281749
Training loss on iteration 3120 = 0.200685352133587
Training loss on iteration 3140 = 0.18401972008869052
Training loss on iteration 3160 = 0.37489196225069465
Training loss on iteration 3180 = 0.65916910773376
Training loss on iteration 3200 = 1.1815392149379478
Training loss on iteration 3220 = 0.35301583979744466
Training loss on iteration 3240 = 0.13400267525576054
Training loss on iteration 3260 = 0.1798029040917754
Training loss on iteration 3280 = 0.25010084062814714
Training loss on iteration 3300 = 0.24841304495930672
Training loss on iteration 3320 = 0.11314792595803738
Training loss on iteration 3340 = 0.18100646762177347
Training loss on iteration 3360 = 0.14111735250335186
Training loss on iteration 3380 = 0.1772307847160846
Training loss on iteration 3400 = 0.14762172618648037
Training loss on iteration 3420 = 0.11990728704258799
Training loss on iteration 3440 = 0.1827272185590118
Training loss on iteration 3460 = 0.19736996735446155
Training loss on iteration 3480 = 0.15911068837158382
Training loss on iteration 3500 = 0.14108387632295488
Training loss on iteration 3520 = 0.19773695059120655
Training loss on iteration 3540 = 0.1587850496172905
Training loss on iteration 3560 = 0.2651289151981473
Training loss on iteration 3580 = 0.18055281601846218
Training loss on iteration 3600 = 0.19896157849580048
Training loss on iteration 3620 = 0.16185146495699881
Training loss on iteration 3640 = 0.07634670613333583
Training loss on iteration 3660 = 0.1303225921234116
Training loss on iteration 3680 = 0.10763298030942678
Training loss on iteration 3700 = 0.16146562616340815
Training loss on iteration 3720 = 0.12817799635231494
Training loss on iteration 3740 = 0.2540014921221882
Training loss on iteration 3760 = 0.1496689027408138
Training loss on iteration 3780 = 0.16340932776220143
Training loss on iteration 3800 = 0.17468214612454175
Training loss on iteration 3820 = 0.17476278012618424
Training loss on iteration 3840 = 0.16279914206825197
Training loss on iteration 3860 = 0.23499279456445948
Training loss on iteration 3880 = 0.11884065247140825
Training loss on iteration 3900 = 0.12890584424021653
Training loss on iteration 3920 = 0.18685004897415639
Training loss on iteration 3940 = 0.16533974796766415
Training loss on iteration 3960 = 0.1559412227012217
Training loss on iteration 3980 = 0.16959727695211768
Training loss on iteration 4000 = 0.1661929282359779
Training loss on iteration 4020 = 0.14248370635323226
Training loss on iteration 4040 = 0.1767342109233141
Training loss on iteration 4060 = 0.16395909246057272
Training loss on iteration 4080 = 0.11205815132707357
Training loss on iteration 4100 = 0.16149108408717439
Training loss on iteration 4120 = 0.1252597992308438
Training loss on iteration 4140 = 0.1663673075963743
Training loss on iteration 4160 = 0.11080429047578946
Training loss on iteration 4180 = 0.18848449718207122
Training loss on iteration 4200 = 0.20621023843996228
Training loss on iteration 4220 = 0.14227483144495637
Training loss on iteration 4240 = 0.1425720489001833
Training loss on iteration 4260 = 0.21099740115460008
Training loss on iteration 4280 = 0.2924222817644477
Training loss on iteration 4300 = 0.14812262328341602
Training loss on iteration 4320 = 0.2642222845926881
Training loss on iteration 4340 = 0.21253462322056293
Training loss on iteration 4360 = 0.18224019361659885
Training loss on iteration 4380 = 0.15663004722446203
Training loss on iteration 4400 = 0.0981798513326794
Training loss on iteration 4420 = 0.2324854577658698
Training loss on iteration 4440 = 0.09337170475628227
Training loss on iteration 4460 = 0.10963125050766394
Training loss on iteration 4480 = 0.2392326745437458
Training loss on iteration 4500 = 0.1462259935680777
Training loss on iteration 4520 = 0.1336393906502053
Training loss on iteration 4540 = 0.27114264396950605
Training loss on iteration 4560 = 0.13540702825412154
Training loss on iteration 4580 = 0.11742641232558526
Training loss on iteration 4600 = 0.1447988846921362
Training loss on iteration 4620 = 0.0676143136981409
Training loss on iteration 4640 = 0.15906509786145762
Training loss on iteration 4660 = 0.15678183624986558
Training loss on iteration 4680 = 0.14649480041116475
Training loss on iteration 4700 = 0.15470564565621317
Training loss on iteration 4720 = 0.15371982085052877
Training loss on iteration 4740 = 0.1819877886562608
Training loss on iteration 4760 = 0.14011549022980035
Training loss on iteration 4780 = 0.1338580804760568
Training loss on iteration 4800 = 0.1511481022113003
Training loss on iteration 4820 = 0.29885752536356447
Training loss on iteration 4840 = 0.17448773651849478
Training loss on iteration 4860 = 0.07956835278309882
Training loss on iteration 4880 = 0.17364744059741496
Training loss on iteration 4900 = 0.14051791439705993
Training loss on iteration 4920 = 0.13409874370554462
Training loss on iteration 4940 = 0.11399817038327456
Training loss on iteration 4960 = 0.1162708938587457
Training loss on iteration 4980 = 0.17543470738455652
Training loss on iteration 5000 = 0.2861644057556987
Training loss on iteration 5020 = 0.10721677709370851
Training loss on iteration 5040 = 0.23627889796916862
Training loss on iteration 5060 = 0.14147956353845076
Training loss on iteration 5080 = 0.1757025899772998
Training loss on iteration 5100 = 0.15688730974216014
Training loss on iteration 5120 = 0.2856438153597992
Training loss on iteration 5140 = 0.1580816036555916
Training loss on iteration 5160 = 0.2625391099601984
Training loss on iteration 5180 = 0.1944865603931248
Training loss on iteration 5200 = 0.20599238032009454
Training loss on iteration 5220 = 0.1837131477892399
Training loss on iteration 5240 = 0.1012862717412645
Training loss on iteration 5260 = 0.2882821864215657
Training loss on iteration 5280 = 0.261184081970714
Training loss on iteration 5300 = 0.1590168290771544
Training loss on iteration 5320 = 0.13480595038272442
Training loss on iteration 5340 = 0.1243261914816685
Training loss on iteration 5360 = 0.10841402091318741
Training loss on iteration 5380 = 0.14220872194273398
Training loss on iteration 5400 = 0.21308453528909013
Training loss on iteration 5420 = 0.10360194519162177
Training loss on iteration 5440 = 0.1040063853841275
Training loss on iteration 5460 = 0.15834208619780837
Training loss on iteration 5480 = 0.15550453630276023
Training loss on iteration 5500 = 0.08511084791389294
Training loss on iteration 5520 = 0.1442391050630249
Training loss on iteration 5540 = 0.12728322863113134
Training loss on iteration 5560 = 0.18020808044821024
Training loss on iteration 5580 = 0.09029649891890586
Training loss on iteration 5600 = 0.17304927514633164
### EVAL:: Epoch 10:: Loss = 0.12017689366211304 :: ACC = 0.952801639984381, AUC = 0.9779870762912464, EER = 0.07682545880515423
Training on epoch 11
Training loss on iteration 0 = 0.0063949646428227425
Training loss on iteration 20 = 0.2538880203152075
Training loss on iteration 40 = 0.1191510921344161
Training loss on iteration 60 = 0.1696106411400251
Training loss on iteration 80 = 0.06186195781920105
Training loss on iteration 100 = 0.11209308091783896
Training loss on iteration 120 = 0.17150260331109166
Training loss on iteration 140 = 0.13408535732887686
Training loss on iteration 160 = 0.16824057984631507
Training loss on iteration 180 = 0.15299471183679997
Training loss on iteration 200 = 0.11263871563132852
Training loss on iteration 220 = 0.1383931543910876
Training loss on iteration 240 = 0.11396480731200427
Training loss on iteration 260 = 0.20848270319402218
Training loss on iteration 280 = 0.2865084376186132
Training loss on iteration 300 = 0.14290816120337696
Training loss on iteration 320 = 0.14836957404622808
Training loss on iteration 340 = 0.0656215461262036
Training loss on iteration 360 = 0.1274701318325242
Training loss on iteration 380 = 0.16143439221195877
Training loss on iteration 400 = 0.11721991499653087
Training loss on iteration 420 = 0.13185645508929156
Training loss on iteration 440 = 0.1535307271813508
Training loss on iteration 460 = 0.2940660328604281
Training loss on iteration 480 = 0.16834533759392797
Training loss on iteration 500 = 0.07363740147993666
Training loss on iteration 520 = 0.21888667275197804
Training loss on iteration 540 = 0.25403310973197224
Training loss on iteration 560 = 0.3977090113097802
Training loss on iteration 580 = 0.37286431636312045
Training loss on iteration 600 = 0.26980080590583383
Training loss on iteration 620 = 0.18102529522730038
Training loss on iteration 640 = 0.18055067810346373
Training loss on iteration 660 = 0.3468664667569101
Training loss on iteration 680 = 0.7815347520987416
Training loss on iteration 700 = 3.575167615711689
Training loss on iteration 720 = 1.062690880149603
Training loss on iteration 740 = 0.7341275237500667
Training loss on iteration 760 = 0.4489191550761461
Training loss on iteration 780 = 0.5581223631277681
Training loss on iteration 800 = 0.3125006753951311
Training loss on iteration 820 = 0.20823369114659726
Training loss on iteration 840 = 0.2029308912344277
Training loss on iteration 860 = 0.2221495183184743
Training loss on iteration 880 = 0.2749651445134077
Training loss on iteration 900 = 0.4444060787558556
Training loss on iteration 920 = 0.8853861380368471
Training loss on iteration 940 = 0.9447844164445997
Training loss on iteration 960 = 0.4002786841243505
Training loss on iteration 980 = 0.3748864199966192
Training loss on iteration 1000 = 0.30699171014130117
Training loss on iteration 1020 = 0.32983574029058216
Training loss on iteration 1040 = 0.33327617198228837
Training loss on iteration 1060 = 0.23688707584515215
Training loss on iteration 1080 = 0.19723880998790264
Training loss on iteration 1100 = 0.17365874284878374
Training loss on iteration 1120 = 0.1568500614259392
Training loss on iteration 1140 = 0.17328598303720355
Training loss on iteration 1160 = 0.17392094684764742
Training loss on iteration 1180 = 0.1509324295911938
Training loss on iteration 1200 = 0.30634935488924386
Training loss on iteration 1220 = 0.3692387329414487
Training loss on iteration 1240 = 0.27164283180609344
Training loss on iteration 1260 = 0.23400043128058315
Training loss on iteration 1280 = 0.29874624414369466
Training loss on iteration 1300 = 0.31079817917197944
Training loss on iteration 1320 = 0.4444027129560709
Training loss on iteration 1340 = 0.5698953732848168
Training loss on iteration 1360 = 0.47841303711757066
Training loss on iteration 1380 = 0.30623269621282817
Training loss on iteration 1400 = 0.1956427558325231
Training loss on iteration 1420 = 0.12057294547557831
Training loss on iteration 1440 = 0.12368490383960307
Training loss on iteration 1460 = 0.16735244053415954
Training loss on iteration 1480 = 0.17094636729452758
Training loss on iteration 1500 = 0.14139934740960597
Training loss on iteration 1520 = 0.16860975911840798
Training loss on iteration 1540 = 0.31233523089904336
Training loss on iteration 1560 = 0.25990820925217123
Training loss on iteration 1580 = 0.2634041784098372
Training loss on iteration 1600 = 0.1782661191187799
Training loss on iteration 1620 = 0.15058608793187886
Training loss on iteration 1640 = 0.13633543977048249
Training loss on iteration 1660 = 0.15657165604643525
Training loss on iteration 1680 = 0.18879907859954984
Training loss on iteration 1700 = 0.2029326575808227
Training loss on iteration 1720 = 0.11147878523916006
Training loss on iteration 1740 = 0.15664579125586897
Training loss on iteration 1760 = 0.27102618673816326
Training loss on iteration 1780 = 0.06539925220422446
Training loss on iteration 1800 = 0.19528443943709134
Training loss on iteration 1820 = 0.24591434122994543
Training loss on iteration 1840 = 0.1089925545733422
Training loss on iteration 1860 = 0.12973763793706894
Training loss on iteration 1880 = 0.18542449572123587
Training loss on iteration 1900 = 0.06843224158510566
Training loss on iteration 1920 = 0.1866883461480029
Training loss on iteration 1940 = 0.18902589769568295
Training loss on iteration 1960 = 0.12086304832482711
Training loss on iteration 1980 = 0.11291069634025916
Training loss on iteration 2000 = 0.2686211628955789
Training loss on iteration 2020 = 0.5208325305487961
Training loss on iteration 2040 = 0.5821484883315862
Training loss on iteration 2060 = 0.4368235766189173
Training loss on iteration 2080 = 0.6838346146978438
Training loss on iteration 2100 = 0.3197759529110044
Training loss on iteration 2120 = 0.22004571319557725
Training loss on iteration 2140 = 0.24100238271057606
Training loss on iteration 2160 = 0.20209927568212152
Training loss on iteration 2180 = 0.3120980864390731
Training loss on iteration 2200 = 0.22949649206129835
Training loss on iteration 2220 = 0.3141843635123223
Training loss on iteration 2240 = 0.2316631181165576
Training loss on iteration 2260 = 0.1384087461512536
Training loss on iteration 2280 = 0.16187945925630629
Training loss on iteration 2300 = 0.20624877815134823
Training loss on iteration 2320 = 0.16146682731341572
Training loss on iteration 2340 = 0.30009336438961326
Training loss on iteration 2360 = 0.2887632310390472
Training loss on iteration 2380 = 0.19599443329498173
Training loss on iteration 2400 = 0.15775473075918853
Training loss on iteration 2420 = 0.2708875868469477
Training loss on iteration 2440 = 0.21661129088606684
Training loss on iteration 2460 = 0.21916287476196886
Training loss on iteration 2480 = 0.1342549332883209
Training loss on iteration 2500 = 0.12916580829769372
Training loss on iteration 2520 = 0.12210948278661818
Training loss on iteration 2540 = 0.21084031658247113
Training loss on iteration 2560 = 0.22311805402860047
Training loss on iteration 2580 = 0.20291758365929127
Training loss on iteration 2600 = 0.27812171168625355
Training loss on iteration 2620 = 0.44145314549095926
Training loss on iteration 2640 = 0.6256646355614066
Training loss on iteration 2660 = 0.2373847714625299
Training loss on iteration 2680 = 0.21094040148891507
Training loss on iteration 2700 = 0.2693573200143874
Training loss on iteration 2720 = 0.2654288027435541
Training loss on iteration 2740 = 0.14521871209144593
Training loss on iteration 2760 = 0.31829471327364445
Training loss on iteration 2780 = 0.16433222694322466
Training loss on iteration 2800 = 0.16971601052209734
Training loss on iteration 2820 = 0.32129528652876616
Training loss on iteration 2840 = 0.1592901520896703
Training loss on iteration 2860 = 0.24594283998012542
Training loss on iteration 2880 = 0.1670539190992713
Training loss on iteration 2900 = 0.15405704551376403
Training loss on iteration 2920 = 0.19379173777997494
Training loss on iteration 2940 = 0.4435749925207347
Training loss on iteration 2960 = 0.20566556862613652
Training loss on iteration 2980 = 0.2876309640938416
Training loss on iteration 3000 = 0.38388454262167215
Training loss on iteration 3020 = 0.2894689647015184
Training loss on iteration 3040 = 0.3051219414919615
Training loss on iteration 3060 = 0.1307558558182791
Training loss on iteration 3080 = 0.18294634288176895
Training loss on iteration 3100 = 0.2506326414179057
Training loss on iteration 3120 = 0.16754499585367738
Training loss on iteration 3140 = 0.23337827217765153
Training loss on iteration 3160 = 0.24636417552828788
Training loss on iteration 3180 = 0.17972594271413983
Training loss on iteration 3200 = 0.23075132695958017
Training loss on iteration 3220 = 0.2187209516298026
Training loss on iteration 3240 = 0.2725197015912272
Training loss on iteration 3260 = 0.2566817047074437
Training loss on iteration 3280 = 0.15883769147330895
Training loss on iteration 3300 = 0.29768363730981945
Training loss on iteration 3320 = 0.3595408068038523
Training loss on iteration 3340 = 0.38502659695222974
Training loss on iteration 3360 = 0.476982382312417
Training loss on iteration 3380 = 0.3430804730392992
Training loss on iteration 3400 = 0.5024933114647865
Training loss on iteration 3420 = 0.31207963759079577
Training loss on iteration 3440 = 0.33133889371529224
Training loss on iteration 3460 = 0.5114967498928309
Training loss on iteration 3480 = 0.3134595757350326
Training loss on iteration 3500 = 0.23663982129655778
Training loss on iteration 3520 = 0.2843311531469226
Training loss on iteration 3540 = 0.22838991745375098
Training loss on iteration 3560 = 0.26244863895699383
Training loss on iteration 3580 = 0.4433691707439721
Training loss on iteration 3600 = 0.32388316206634044
Training loss on iteration 3620 = 0.22030119951814414
Training loss on iteration 3640 = 0.2633280871436
Training loss on iteration 3660 = 0.27090636985376476
Training loss on iteration 3680 = 0.28279723203741014
Training loss on iteration 3700 = 0.4165886358357966
Training loss on iteration 3720 = 0.46113841980695724
Training loss on iteration 3740 = 0.366525711491704
Training loss on iteration 3760 = 0.19795867563225328
Training loss on iteration 3780 = 0.18436398752965033
Training loss on iteration 3800 = 0.12065661642700434
Training loss on iteration 3820 = 0.1946873276028782
Training loss on iteration 3840 = 0.19006125945597888
Training loss on iteration 3860 = 0.16085880737518893
Training loss on iteration 3880 = 0.16609960072673857
Training loss on iteration 3900 = 0.24305465845391155
Training loss on iteration 3920 = 0.200164025882259
Training loss on iteration 3940 = 0.2345360337756574
Training loss on iteration 3960 = 0.13608964821323752
Training loss on iteration 3980 = 0.1446223622187972
Training loss on iteration 4000 = 0.2642744369804859
Training loss on iteration 4020 = 0.29165001306682825
Training loss on iteration 4040 = 0.21971687953919172
Training loss on iteration 4060 = 0.32230889312922956
Training loss on iteration 4080 = 0.13132306162733584
Training loss on iteration 4100 = 0.4257235663710162
Training loss on iteration 4120 = 0.2932253275066614
Training loss on iteration 4140 = 0.27969419918954375
Training loss on iteration 4160 = 0.3076780680101365
Training loss on iteration 4180 = 0.33239277033135295
Training loss on iteration 4200 = 0.20749901067465543
Training loss on iteration 4220 = 0.3306601066607982
Training loss on iteration 4240 = 0.2504769155755639
Training loss on iteration 4260 = 0.24305757479742168
Training loss on iteration 4280 = 0.16779325883835555
Training loss on iteration 4300 = 0.13854868947528304
Training loss on iteration 4320 = 0.2458800478372723
Training loss on iteration 4340 = 0.2555042719002813
Training loss on iteration 4360 = 0.22797808973118663
Training loss on iteration 4380 = 0.2735562451183796
Training loss on iteration 4400 = 0.15008303057402372
Training loss on iteration 4420 = 0.32686308631673455
Training loss on iteration 4440 = 0.2667873600497842
Training loss on iteration 4460 = 0.19763004090636968
Training loss on iteration 4480 = 0.14492102162912487
Training loss on iteration 4500 = 0.16010905341245235
Training loss on iteration 4520 = 0.21274309414438902
Training loss on iteration 4540 = 0.3004298243671656
Training loss on iteration 4560 = 0.2546978748869151
Training loss on iteration 4580 = 0.18647158201783895
Training loss on iteration 4600 = 0.33270136211067436
Training loss on iteration 4620 = 0.21919197794049977
Training loss on iteration 4640 = 0.11100278384983539
Training loss on iteration 4660 = 0.23167916904203595
Training loss on iteration 4680 = 0.1944532973691821
Training loss on iteration 4700 = 0.1279282376402989
Training loss on iteration 4720 = 0.10009998413734138
Training loss on iteration 4740 = 0.20922921104356645
Training loss on iteration 4760 = 0.39433236834593116
Training loss on iteration 4780 = 0.14530647043138742
Training loss on iteration 4800 = 0.25398054365068673
Training loss on iteration 4820 = 0.24908390119671822
Training loss on iteration 4840 = 0.1930308336392045
Training loss on iteration 4860 = 0.2077548613306135
Training loss on iteration 4880 = 0.24375065341591834
Training loss on iteration 4900 = 0.20357934711501002
Training loss on iteration 4920 = 0.161480113863945
Training loss on iteration 4940 = 0.16579755023121834
Training loss on iteration 4960 = 0.19864262919873
Training loss on iteration 4980 = 0.16593017906416208
Training loss on iteration 5000 = 0.1269236729480326
Training loss on iteration 5020 = 0.21842356689157896
Training loss on iteration 5040 = 0.26621754225343464
Training loss on iteration 5060 = 0.13392777163535358
Training loss on iteration 5080 = 0.15165182093624024
Training loss on iteration 5100 = 0.29632978163426743
Training loss on iteration 5120 = 0.13608254585415125
Training loss on iteration 5140 = 0.14809631370007992
Training loss on iteration 5160 = 0.20502466447651385
Training loss on iteration 5180 = 0.19669203844387084
Training loss on iteration 5200 = 0.25957505092956124
Training loss on iteration 5220 = 0.2226720282342285
Training loss on iteration 5240 = 0.22475844114087523
Training loss on iteration 5260 = 0.16393512011272832
Training loss on iteration 5280 = 0.13929321256000549
Training loss on iteration 5300 = 0.1942859490867704
Training loss on iteration 5320 = 0.1804539014119655
Training loss on iteration 5340 = 0.19503418235108255
Training loss on iteration 5360 = 0.1794919833773747
Training loss on iteration 5380 = 0.2345978647470474
Training loss on iteration 5400 = 0.12167467740364372
Training loss on iteration 5420 = 0.1306909285020083
Training loss on iteration 5440 = 0.34875573990866543
Training loss on iteration 5460 = 0.2606718599796295
Training loss on iteration 5480 = 0.23489938927814363
Training loss on iteration 5500 = 0.24294089935719967
Training loss on iteration 5520 = 0.2745267564430833
Training loss on iteration 5540 = 0.23430162891745568
Training loss on iteration 5560 = 0.1725220850436017
Training loss on iteration 5580 = 0.16778119369409977
Training loss on iteration 5600 = 0.14743316480016802
### EVAL:: Epoch 11:: Loss = 0.15821306166657648 :: ACC = 0.943967200312378, AUC = 0.8997844387266967, EER = 0.1930886372510738
Training on epoch 12
Training loss on iteration 0 = 0.11388267576694489
Training loss on iteration 20 = 0.21478325478965415
Training loss on iteration 40 = 0.333961651683785
Training loss on iteration 60 = 0.21557610565796495
Training loss on iteration 80 = 0.2262372405617498
Training loss on iteration 100 = 0.15921160455327482
Training loss on iteration 120 = 0.2471886882558465
Training loss on iteration 140 = 0.2243403042666614
Training loss on iteration 160 = 0.19204019592143595
Training loss on iteration 180 = 0.2177939600776881
Training loss on iteration 200 = 0.17673759004101158
Training loss on iteration 220 = 0.13116350455675274
Training loss on iteration 240 = 0.2623646007617936
Training loss on iteration 260 = 0.22149610333144665
Training loss on iteration 280 = 0.13888711617328225
Training loss on iteration 300 = 0.29948341781273485
Training loss on iteration 320 = 0.2284700876218267
Training loss on iteration 340 = 0.27701121801510453
Training loss on iteration 360 = 0.22423195737646892
Training loss on iteration 380 = 0.2825515516567975
Training loss on iteration 400 = 0.2253409148659557
Training loss on iteration 420 = 0.17895724647678435
Training loss on iteration 440 = 0.10132732135243713
Training loss on iteration 460 = 0.17232656460255386
Training loss on iteration 480 = 0.11577939098933712
Training loss on iteration 500 = 0.13517537210136651
Training loss on iteration 520 = 0.09022389882011339
Training loss on iteration 540 = 0.10033731426810846
Training loss on iteration 560 = 0.19187325024977325
Training loss on iteration 580 = 0.11687965294113382
Training loss on iteration 600 = 0.20221127722179516
Training loss on iteration 620 = 0.1728643484879285
Training loss on iteration 640 = 0.11859954602550715
Training loss on iteration 660 = 0.15405230717733503
Training loss on iteration 680 = 0.3356729565188289
Training loss on iteration 700 = 0.339389174990356
Training loss on iteration 720 = 0.2413276953622699
Training loss on iteration 740 = 0.2940155456773937
Training loss on iteration 760 = 0.10672647354658693
Training loss on iteration 780 = 0.1442458197940141
Training loss on iteration 800 = 0.14864818021887913
Training loss on iteration 820 = 0.25563632026314737
Training loss on iteration 840 = 0.15700190858915447
Training loss on iteration 860 = 0.13927662007045
Training loss on iteration 880 = 0.21600834666751326
Training loss on iteration 900 = 0.27724887006916105
Training loss on iteration 920 = 0.10200600363314152
Training loss on iteration 940 = 0.28156407822389157
Training loss on iteration 960 = 0.17058927319012582
Training loss on iteration 980 = 0.19042108848225325
Training loss on iteration 1000 = 0.15747594099957496
Training loss on iteration 1020 = 0.2769712883513421
Training loss on iteration 1040 = 0.2331804867251776
Training loss on iteration 1060 = 0.2936480715870857
Training loss on iteration 1080 = 0.17806202507345006
Training loss on iteration 1100 = 0.2372717464400921
Training loss on iteration 1120 = 0.42686659065075216
Training loss on iteration 1140 = 0.33917523524723947
Training loss on iteration 1160 = 0.29012562623247506
Training loss on iteration 1180 = 0.19436718664073852
Training loss on iteration 1200 = 0.43052010268438606
Training loss on iteration 1220 = 0.1753048261627555
Training loss on iteration 1240 = 0.1930515886284411
Training loss on iteration 1260 = 0.22672281007980927
Training loss on iteration 1280 = 0.21724897841922938
Training loss on iteration 1300 = 0.29854166144505145
Training loss on iteration 1320 = 0.2598943429999053
Training loss on iteration 1340 = 0.12105417624115944
Training loss on iteration 1360 = 0.21214767247438432
Training loss on iteration 1380 = 0.1958745256997645
Training loss on iteration 1400 = 0.2184286899631843
Training loss on iteration 1420 = 0.18964000092819333
Training loss on iteration 1440 = 0.3205863071605563
Training loss on iteration 1460 = 0.1569939071778208
Training loss on iteration 1480 = 0.2655228802934289
Training loss on iteration 1500 = 0.26917706001549957
Training loss on iteration 1520 = 0.2633572063408792
Training loss on iteration 1540 = 0.20774598971474917
Training loss on iteration 1560 = 0.13797549970913678
Training loss on iteration 1580 = 0.16712556965649128
Training loss on iteration 1600 = 0.1880907675717026
Training loss on iteration 1620 = 0.13891956289298832
Training loss on iteration 1640 = 0.22962351432070136
Training loss on iteration 1660 = 0.32643308280967176
Training loss on iteration 1680 = 0.19619244132190944
Training loss on iteration 1700 = 0.158693053945899
Training loss on iteration 1720 = 0.16421672329306602
Training loss on iteration 1740 = 0.10913543163333088
Training loss on iteration 1760 = 0.12423988291993737
Training loss on iteration 1780 = 0.15968569486867637
Training loss on iteration 1800 = 0.14369102406781167
Training loss on iteration 1820 = 0.13289018678478898
Training loss on iteration 1840 = 0.19358890070579945
Training loss on iteration 1860 = 0.16659348892862907
Training loss on iteration 1880 = 0.25709119704551997
Training loss on iteration 1900 = 0.2768118688836694
Training loss on iteration 1920 = 0.5782954802270979
Training loss on iteration 1940 = 0.4141846973914653
Training loss on iteration 1960 = 0.5593849044293165
Training loss on iteration 1980 = 0.5148999451659619
Training loss on iteration 2000 = 0.3342110416851938
Training loss on iteration 2020 = 0.2359596285969019
Training loss on iteration 2040 = 0.3110201426781714
Training loss on iteration 2060 = 0.09878812385722995
Training loss on iteration 2080 = 0.17666668947786093
Training loss on iteration 2100 = 0.37858522091992197
Training loss on iteration 2120 = 0.19211688796058296
Training loss on iteration 2140 = 0.11281493032583967
Training loss on iteration 2160 = 0.19991249287268148
Training loss on iteration 2180 = 0.28603769064648077
Training loss on iteration 2200 = 0.35818492341786623
Training loss on iteration 2220 = 0.209584008064121
Training loss on iteration 2240 = 0.21286345236003398
Training loss on iteration 2260 = 0.1357962808571756
Training loss on iteration 2280 = 0.2243091848678887
Training loss on iteration 2300 = 0.21197877400554715
Training loss on iteration 2320 = 0.20174191920086743
Training loss on iteration 2340 = 0.21704796790727415
Training loss on iteration 2360 = 0.21254675753880292
Training loss on iteration 2380 = 0.15358055122196673
Training loss on iteration 2400 = 0.22955215354450048
Training loss on iteration 2420 = 0.23590223519131542
Training loss on iteration 2440 = 0.1576242484850809
Training loss on iteration 2460 = 0.22358172475360333
Training loss on iteration 2480 = 0.1991396435070783
Training loss on iteration 2500 = 0.18125669760629534
Training loss on iteration 2520 = 0.16995623715920374
Training loss on iteration 2540 = 0.2352545400324743
Training loss on iteration 2560 = 0.1754632520256564
Training loss on iteration 2580 = 0.1208781624212861
Training loss on iteration 2600 = 0.20442247590981424
Training loss on iteration 2620 = 0.18163462686352433
Training loss on iteration 2640 = 0.2167567397467792
Training loss on iteration 2660 = 0.15886763334274293
Training loss on iteration 2680 = 0.15614351882832125
Training loss on iteration 2700 = 0.18913575899787247
Training loss on iteration 2720 = 0.13169451970607043
Training loss on iteration 2740 = 0.18880598498508333
Training loss on iteration 2760 = 0.1835085079073906
Training loss on iteration 2780 = 0.22331831681076436
Training loss on iteration 2800 = 0.17514030723832547
Training loss on iteration 2820 = 0.2749813773203641
Training loss on iteration 2840 = 0.23055291161872446
Training loss on iteration 2860 = 0.27643229737877845
Training loss on iteration 2880 = 0.2346395179629326
Training loss on iteration 2900 = 0.1940861579962075
Training loss on iteration 2920 = 0.17596306058112532
Training loss on iteration 2940 = 0.05991696449927986
Training loss on iteration 2960 = 0.17588993511162698
Training loss on iteration 2980 = 0.25595901927445086
Training loss on iteration 3000 = 0.22238521543331444
Training loss on iteration 3020 = 0.1277378247352317
Training loss on iteration 3040 = 0.24812632673420013
Training loss on iteration 3060 = 0.1724264891119674
Training loss on iteration 3080 = 0.25775439296849073
Training loss on iteration 3100 = 0.23405178487300873
Training loss on iteration 3120 = 0.2058429795783013
Training loss on iteration 3140 = 0.2963566201040521
Training loss on iteration 3160 = 0.2285456326790154
Training loss on iteration 3180 = 0.18865952384658158
Training loss on iteration 3200 = 0.19396862462162973
Training loss on iteration 3220 = 0.19747361629270016
Training loss on iteration 3240 = 0.4547781193628907
Training loss on iteration 3260 = 0.16229515941813588
Training loss on iteration 3280 = 0.29225090685504257
Training loss on iteration 3300 = 0.11254592577461153
Training loss on iteration 3320 = 0.13971297753741965
Training loss on iteration 3340 = 0.21748428591527044
Training loss on iteration 3360 = 0.24052727911621333
Training loss on iteration 3380 = 0.22578901685774327
Training loss on iteration 3400 = 0.18909141024341808
Training loss on iteration 3420 = 0.22421474233269692
Training loss on iteration 3440 = 0.14336025065276772
Training loss on iteration 3460 = 0.19052257761359215
Training loss on iteration 3480 = 0.2234738869126886
Training loss on iteration 3500 = 0.12455218001268804
Training loss on iteration 3520 = 0.2759341649245471
Training loss on iteration 3540 = 0.3696664430201054
Training loss on iteration 3560 = 0.18905734168365598
Training loss on iteration 3580 = 0.21415740964002908
Training loss on iteration 3600 = 0.12963073686696588
Training loss on iteration 3620 = 0.23995851053623482
Training loss on iteration 3640 = 0.20932849417440594
Training loss on iteration 3660 = 0.09143817573785781
Training loss on iteration 3680 = 0.1342692118603736
Training loss on iteration 3700 = 0.09624770537484437
Training loss on iteration 3720 = 0.15484486459754407
Training loss on iteration 3740 = 0.12154477049480192
