>> activated env: /project/home/p201284/guo/xmad-bench-repro/venv/bin/activate  (Python 3.13.12)
>> torch 2.12.0+cu132 | CUDA available: True
Applying resumable-training patch...
  already patched: /project/home/p201284/guo/xmad-bench-repro/detection/trainer.py
  trainer.py is valid Python.
Done. Killed runs now continue from their last completed epoch.
>> Generating configs for: en  (models: septr, tag=en_septr_r01, GPU=3)
Wrote 1 configs to /project/home/p201284/guo/xmad-bench-repro/repro_tools/stepB/configs_en_septr_r01/  (languages: en)
>> single-repeat mode: this process runs ONLY repeat r01
root_path: /project/home/p201284/guo/xmad_data/
multilingual: True  model check for config: /project/home/p201284/guo/xmad-bench-repro/repro_tools/stepB/configs_en_septr_r01/config_en_septr.json

  OK  commonvoice-en       rows=96368    sep=','
  OK  mailabs-en           rows=39690    sep=','

PRE-FLIGHT PASSED — data layout looks correct for this config.

=== RUN en_septr_r01 (model=septr) ===
commonvoice-en
commonvoice-en
Training on epoch 1
Training loss on iteration 0 = 1.1485538482666016
Training loss on iteration 20 = 1.2683230012655258
Training loss on iteration 40 = 0.7143915683031082
Training loss on iteration 60 = 0.6356828004121781
Training loss on iteration 80 = 0.72154600918293
Training loss on iteration 100 = 0.6359293833374977
Training loss on iteration 120 = 0.6789767846465111
Training loss on iteration 140 = 0.6988037571310997
Training loss on iteration 160 = 0.516238871216774
Training loss on iteration 180 = 0.603871388733387
Training loss on iteration 200 = 0.5061866149306298
Training loss on iteration 220 = 0.6253851898014545
Training loss on iteration 240 = 0.6155332542955876
Training loss on iteration 260 = 0.4952381804585457
Training loss on iteration 280 = 0.4967107862234116
Training loss on iteration 300 = 0.4250520430505276
Training loss on iteration 320 = 0.43338504880666734
Training loss on iteration 340 = 0.49127622321248055
Training loss on iteration 360 = 0.403951371461153
Training loss on iteration 380 = 0.4452694546431303
Training loss on iteration 400 = 0.41774195730686187
Training loss on iteration 420 = 0.5146692376583815
Training loss on iteration 440 = 0.4518150633201003
Training loss on iteration 460 = 0.3680120689794421
Training loss on iteration 480 = 0.30400838889181614
Training loss on iteration 500 = 0.33669946119189265
Training loss on iteration 520 = 0.405507106333971
Training loss on iteration 540 = 0.33960091434419154
Training loss on iteration 560 = 0.3955569460988045
Training loss on iteration 580 = 0.2584328534081578
Training loss on iteration 600 = 0.29982876889407634
Training loss on iteration 620 = 0.33610133454203606
Training loss on iteration 640 = 0.29001770038157704
Training loss on iteration 660 = 0.4583202396053821
Training loss on iteration 680 = 0.34724967181682587
Training loss on iteration 700 = 0.34331585802137854
Training loss on iteration 720 = 0.3397130832076073
Training loss on iteration 740 = 0.35259228982031343
Training loss on iteration 760 = 0.3108964443206787
Training loss on iteration 780 = 0.24978170963004231
Training loss on iteration 800 = 0.31164789404720067
Training loss on iteration 820 = 0.15945671435911207
Training loss on iteration 840 = 0.3230787679553032
Training loss on iteration 860 = 0.435137852281332
Training loss on iteration 880 = 0.3190772099420428
Training loss on iteration 900 = 0.34467395283281804
Training loss on iteration 920 = 0.20338096134364606
Training loss on iteration 940 = 0.21899777576327323
Training loss on iteration 960 = 0.3923108335584402
Training loss on iteration 980 = 0.49226603023707866
Training loss on iteration 1000 = 0.3243427436798811
Training loss on iteration 1020 = 0.3576238755136728
Training loss on iteration 1040 = 0.19837400820106268
Training loss on iteration 1060 = 0.39318603053689005
Training loss on iteration 1080 = 0.3642118342220783
Training loss on iteration 1100 = 0.23479152447544038
Training loss on iteration 1120 = 0.31538308318704367
Training loss on iteration 1140 = 0.25125095061957836
Training loss on iteration 1160 = 0.1896054723765701
Training loss on iteration 1180 = 0.2863951646722853
Training loss on iteration 1200 = 0.2640067216940224
Training loss on iteration 1220 = 0.17254364341497422
Training loss on iteration 1240 = 0.15120193569455295
Training loss on iteration 1260 = 0.2847066717222333
Training loss on iteration 1280 = 0.2821977909654379
Training loss on iteration 1300 = 0.3720511827617884
Training loss on iteration 1320 = 0.2185781963635236
Training loss on iteration 1340 = 0.24344380609691144
Training loss on iteration 1360 = 0.2701538421213627
Training loss on iteration 1380 = 0.37084164675325154
Training loss on iteration 1400 = 0.2729718524962664
Training loss on iteration 1420 = 0.2583195666782558
Training loss on iteration 1440 = 0.3343876596540213
Training loss on iteration 1460 = 0.24079218730330468
Training loss on iteration 1480 = 0.2244418989866972
Training loss on iteration 1500 = 0.21276150569319724
Training loss on iteration 1520 = 0.2734560573473573
Training loss on iteration 1540 = 0.26005333177745343
Training loss on iteration 1560 = 0.19975768353324383
Training loss on iteration 1580 = 0.3207052600570023
Training loss on iteration 1600 = 0.29144685845822094
Training loss on iteration 1620 = 0.34716684874147175
Training loss on iteration 1640 = 0.3313229052349925
Training loss on iteration 1660 = 0.42466536797583104
Training loss on iteration 1680 = 0.36232008747756483
Training loss on iteration 1700 = 0.212808957695961
Training loss on iteration 1720 = 0.25138879460282626
Training loss on iteration 1740 = 0.22720566960051655
Training loss on iteration 1760 = 0.34363682493567466
Training loss on iteration 1780 = 0.3904306307435036
Training loss on iteration 1800 = 0.2762920236214995
Training loss on iteration 1820 = 0.1921203805366531
Training loss on iteration 1840 = 0.2827787047252059
Training loss on iteration 1860 = 0.21146445283666254
Training loss on iteration 1880 = 0.23744685091078283
Training loss on iteration 1900 = 0.25437861774116755
Training loss on iteration 1920 = 0.22393347891047596
Training loss on iteration 1940 = 0.21662721536122262
Training loss on iteration 1960 = 0.40179584324359896
Training loss on iteration 1980 = 0.40576694048941137
Training loss on iteration 2000 = 0.34405226409435274
Training loss on iteration 2020 = 0.2459260469302535
Training loss on iteration 2040 = 0.41191219314932825
Training loss on iteration 2060 = 0.21437085270881653
Training loss on iteration 2080 = 0.16695343586616218
Training loss on iteration 2100 = 0.3115223630331457
Training loss on iteration 2120 = 0.2211440809071064
Training loss on iteration 2140 = 0.35906163486652076
Training loss on iteration 2160 = 0.28530853278934953
Training loss on iteration 2180 = 0.2742410952458158
Training loss on iteration 2200 = 0.3060720171779394
Training loss on iteration 2220 = 0.22861163811758162
Training loss on iteration 2240 = 0.17632569763809441
Training loss on iteration 2260 = 0.34170827064663173
Training loss on iteration 2280 = 0.2613687742501497
Training loss on iteration 2300 = 0.20143535071983934
Training loss on iteration 2320 = 0.31623738519847394
Training loss on iteration 2340 = 0.3325617713853717
Training loss on iteration 2360 = 0.23579106405377387
Training loss on iteration 2380 = 0.25700715444982053
Training loss on iteration 2400 = 0.35355721414089203
Training loss on iteration 2420 = 0.26997676100581885
Training loss on iteration 2440 = 0.305408101156354
Training loss on iteration 2460 = 0.4145018497481942
Training loss on iteration 2480 = 0.3422337222844362
Training loss on iteration 2500 = 0.31662058979272845
Training loss on iteration 2520 = 0.23943807631731034
Training loss on iteration 2540 = 0.23710284680128096
Training loss on iteration 2560 = 0.3475953858345747
Training loss on iteration 2580 = 0.2379117649048567
Training loss on iteration 2600 = 0.2559050817042589
Training loss on iteration 2620 = 0.260072192363441
Training loss on iteration 2640 = 0.33167679682374
Training loss on iteration 2660 = 0.36309260297566653
Training loss on iteration 2680 = 0.2478220097720623
Training loss on iteration 2700 = 0.2738423841074109
Training loss on iteration 2720 = 0.23038448095321656
Training loss on iteration 2740 = 0.31373116010800006
Training loss on iteration 2760 = 0.2777595167979598
Training loss on iteration 2780 = 0.241010844707489
Training loss on iteration 2800 = 0.2585129590705037
Training loss on iteration 2820 = 0.2734396731480956
Training loss on iteration 2840 = 0.22773907873779536
Training loss on iteration 2860 = 0.28687926325947044
Training loss on iteration 2880 = 0.2684478510171175
Training loss on iteration 2900 = 0.3154540786519647
Training loss on iteration 2920 = 0.26260526664555073
Training loss on iteration 2940 = 0.25490591004490853
Training loss on iteration 2960 = 0.21840595901012422
Training loss on iteration 2980 = 0.23391279838979245
Training loss on iteration 3000 = 0.26656067175790665
Training loss on iteration 3020 = 0.3117160230875015
Training loss on iteration 3040 = 0.3100001338403672
Training loss on iteration 3060 = 0.2500879641622305
Training loss on iteration 3080 = 0.26806767750531435
Training loss on iteration 3100 = 0.37886375123634936
Training loss on iteration 3120 = 0.3630902525037527
Training loss on iteration 3140 = 0.29314316175878047
Training loss on iteration 3160 = 0.3619068771600723
Training loss on iteration 3180 = 0.28923039324581623
Training loss on iteration 3200 = 0.3731159493327141
Training loss on iteration 3220 = 0.405822391808033
Training loss on iteration 3240 = 0.26774045042693617
Training loss on iteration 3260 = 0.19900136049836875
Training loss on iteration 3280 = 0.4511924164369702
Training loss on iteration 3300 = 0.3442974366247654
Training loss on iteration 3320 = 0.27817345652729275
Training loss on iteration 3340 = 0.30475212074816227
Training loss on iteration 3360 = 0.21184073928743602
Training loss on iteration 3380 = 0.28480497617274525
Training loss on iteration 3400 = 0.22486067172139884
Training loss on iteration 3420 = 0.16575590893626213
Training loss on iteration 3440 = 0.32074390072375536
Training loss on iteration 3460 = 0.3164373688399792
Training loss on iteration 3480 = 0.4213566493242979
Training loss on iteration 3500 = 0.5300202578306198
Training loss on iteration 3520 = 0.5045020036399365
Training loss on iteration 3540 = 0.3032725092023611
Training loss on iteration 3560 = 0.45273164808750155
Training loss on iteration 3580 = 0.3558222852647305
Training loss on iteration 3600 = 0.5057784734293819
Training loss on iteration 3620 = 0.6496249943971634
Training loss on iteration 3640 = 0.4516183495521545
Training loss on iteration 3660 = 0.2965713517740369
Training loss on iteration 3680 = 0.35483479518443345
Training loss on iteration 3700 = 0.4008960146456957
Training loss on iteration 3720 = 0.2991445869207382
Training loss on iteration 3740 = 0.3992832817137241
Training loss on iteration 3760 = 0.4296575829386711
Training loss on iteration 3780 = 0.31300248075276615
Training loss on iteration 3800 = 0.291093922406435
Training loss on iteration 3820 = 0.4409103661775589
Training loss on iteration 3840 = 0.4090631179511547
Training loss on iteration 3860 = 0.35401605973020195
Training loss on iteration 3880 = 0.34624323789030315
Training loss on iteration 3900 = 0.3026115957647562
Training loss on iteration 3920 = 0.2482562143355608
Training loss on iteration 3940 = 0.4059726297855377
Training loss on iteration 3960 = 0.2900338478386402
Training loss on iteration 3980 = 0.30872654281556605
Training loss on iteration 4000 = 0.34150558449327945
Training loss on iteration 4020 = 0.3498872373253107
Training loss on iteration 4040 = 0.35022085402160885
Training loss on iteration 4060 = 0.37990513294935224
Training loss on iteration 4080 = 0.25814575180411337
Training loss on iteration 4100 = 0.2541374804452062
Training loss on iteration 4120 = 0.26480512181296945
Training loss on iteration 4140 = 0.21359508335590363
Training loss on iteration 4160 = 0.3135257888585329
Training loss on iteration 4180 = 0.2859950579702854
Training loss on iteration 4200 = 0.39572481289505956
Training loss on iteration 4220 = 0.39620860628783705
Training loss on iteration 4240 = 0.36619839631021023
Training loss on iteration 4260 = 0.2779047507792711
Training loss on iteration 4280 = 0.2580172807443887
Training loss on iteration 4300 = 0.2571670083329082
Training loss on iteration 4320 = 0.3810356752946973
Training loss on iteration 4340 = 0.3166658986359835
Training loss on iteration 4360 = 0.3170171907171607
Training loss on iteration 4380 = 0.5127270147204399
Training loss on iteration 4400 = 0.47121931686997415
Training loss on iteration 4420 = 0.3995180524885654
Training loss on iteration 4440 = 0.3212094157934189
Training loss on iteration 4460 = 0.4249516949057579
Training loss on iteration 4480 = 0.3874670475721359
Training loss on iteration 4500 = 0.5112603656947613
Training loss on iteration 4520 = 0.3931653007864952
Training loss on iteration 4540 = 0.39950073808431624
Training loss on iteration 4560 = 0.4539792615920305
Training loss on iteration 4580 = 0.3521474078297615
Training loss on iteration 4600 = 0.3041435871273279
Training loss on iteration 4620 = 0.6372044157236815
Training loss on iteration 4640 = 0.48349589891731737
Training loss on iteration 4660 = 0.388970847055316
Training loss on iteration 4680 = 0.3576167054474354
Training loss on iteration 4700 = 0.45155278518795966
Training loss on iteration 4720 = 0.287250055372715
Training loss on iteration 4740 = 0.4356562905013561
Training loss on iteration 4760 = 0.33333287239074705
Training loss on iteration 4780 = 0.29776734188199044
Training loss on iteration 4800 = 0.3620115825906396
Training loss on iteration 4820 = 0.38747886568307877
Training loss on iteration 4840 = 0.368392295576632
Training loss on iteration 4860 = 0.3770889103412628
Training loss on iteration 4880 = 0.31917021591216327
Training loss on iteration 4900 = 0.2561766397207975
Training loss on iteration 4920 = 0.25088308863341807
Training loss on iteration 4940 = 0.2809679791331291
Training loss on iteration 4960 = 0.3436434049159288
Training loss on iteration 4980 = 0.33905520029366015
Training loss on iteration 5000 = 0.30967977102845906
Training loss on iteration 5020 = 0.314331927895546
Training loss on iteration 5040 = 0.22522367723286152
Training loss on iteration 5060 = 0.3007044278085232
Training loss on iteration 5080 = 0.22249608505517243
Training loss on iteration 5100 = 0.3210171753540635
Training loss on iteration 5120 = 0.4089128915220499
Training loss on iteration 5140 = 0.31307816579937936
Training loss on iteration 5160 = 0.5176581338047981
Training loss on iteration 5180 = 0.3482188358902931
Training loss on iteration 5200 = 0.4475465163588524
Training loss on iteration 5220 = 0.2673436440527439
Training loss on iteration 5240 = 0.40253515504300597
Training loss on iteration 5260 = 0.42529708594083787
Training loss on iteration 5280 = 0.28875625468790533
Training loss on iteration 5300 = 0.2910159880295396
Training loss on iteration 5320 = 0.292172035202384
Training loss on iteration 5340 = 0.28175319768488405
Training loss on iteration 5360 = 0.2446707807481289
Training loss on iteration 5380 = 0.2923742517828941
Training loss on iteration 5400 = 0.19564555324614047
Training loss on iteration 5420 = 0.2038985702674836
Training loss on iteration 5440 = 0.29579462166875603
Training loss on iteration 5460 = 0.19612856674939394
Training loss on iteration 5480 = 0.34818091355264186
Training loss on iteration 5500 = 0.2731544468551874
Training loss on iteration 5520 = 0.3712270647287369
Training loss on iteration 5540 = 0.247058686055243
Training loss on iteration 5560 = 0.21614427994936705
Training loss on iteration 5580 = 0.26715099550783633
Training loss on iteration 5600 = 0.47010978646576407
Training loss on iteration 5620 = 0.28758377581834793
Training loss on iteration 5640 = 0.1899323219433427
Training loss on iteration 5660 = 0.2835066201165318
Training loss on iteration 5680 = 0.22156949155032635
Training loss on iteration 5700 = 0.3136153917759657
Training loss on iteration 5720 = 0.23443034663796425
Training loss on iteration 5740 = 0.378342671180144
Training loss on iteration 5760 = 0.28093773815780876
Training loss on iteration 5780 = 0.24547243788838385
Training loss on iteration 5800 = 0.27435640133917333
Training loss on iteration 5820 = 0.27305462397634983
Training loss on iteration 5840 = 0.28125357199460266
Training loss on iteration 5860 = 0.3058308694511652
Training loss on iteration 5880 = 0.2513238059356809
Training loss on iteration 5900 = 0.24647214775905013
Training loss on iteration 5920 = 0.5758063405752182
Training loss on iteration 5940 = 0.3380189068615437
Training loss on iteration 5960 = 0.22831344474107026
Training loss on iteration 5980 = 0.26563011296093464
Training loss on iteration 6000 = 0.7880098052322865
Training loss on iteration 6020 = 0.7129705306142569
Training loss on iteration 6040 = 0.4217531107366085
Training loss on iteration 6060 = 0.3805552765727043
Training loss on iteration 6080 = 0.34106023535132407
Training loss on iteration 6100 = 0.21959003787487746
Training loss on iteration 6120 = 0.315263888053596
Training loss on iteration 6140 = 0.34950064700096845
Training loss on iteration 6160 = 0.3629035547375679
Training loss on iteration 6180 = 0.31830323673784733
Training loss on iteration 6200 = 0.18561470732092858
Training loss on iteration 6220 = 0.1960448246449232
Training loss on iteration 6240 = 0.3158851969987154
Training loss on iteration 6260 = 0.2731738559901714
Training loss on iteration 6280 = 0.17269143760204314
Training loss on iteration 6300 = 0.32887702584266665
Training loss on iteration 6320 = 0.2353843417018652
Training loss on iteration 6340 = 0.5324727654457092
Training loss on iteration 6360 = 0.3752104815095663
Training loss on iteration 6380 = 0.3612510088831186
Training loss on iteration 6400 = 0.24707256257534027
Training loss on iteration 6420 = 0.36318888710811736
Training loss on iteration 6440 = 0.3489072173833847
Training loss on iteration 6460 = 0.2852393090724945
Training loss on iteration 6480 = 0.3640692638233304
Training loss on iteration 6500 = 0.3678455907851458
Training loss on iteration 6520 = 0.21590211503207685
Training loss on iteration 6540 = 0.23312783194705844
Training loss on iteration 6560 = 0.23920284155756236
Training loss on iteration 6580 = 0.43060051277279854
Training loss on iteration 6600 = 0.2803172513842583
Training loss on iteration 6620 = 0.28176986835896967
Training loss on iteration 6640 = 0.2525724956765771
Training loss on iteration 6660 = 0.44132231157273055
Training loss on iteration 6680 = 0.3466738060116768
Training loss on iteration 6700 = 0.33360789231956006
Training loss on iteration 6720 = 0.26318860091269014
Training loss on iteration 6740 = 0.238384610414505
Training loss on iteration 6760 = 0.18995743691921235
Training loss on iteration 6780 = 0.288114953879267
Training loss on iteration 6800 = 0.28996835462749004
Training loss on iteration 6820 = 0.27564073987305165
Training loss on iteration 6840 = 0.3209917234256864
Training loss on iteration 6860 = 0.1796293554827571
Training loss on iteration 6880 = 0.23871670085936786
Training loss on iteration 6900 = 0.5193643763661384
Training loss on iteration 6920 = 0.46872312650084497
Training loss on iteration 6940 = 0.39218279868364336
Training loss on iteration 6960 = 0.401258335262537
Training loss on iteration 6980 = 0.22957546170800924
Training loss on iteration 7000 = 0.4013676311820745
Training loss on iteration 7020 = 0.3716450445353985
Training loss on iteration 7040 = 0.29610677119344475
Training loss on iteration 7060 = 0.26640579402446746
Training loss on iteration 7080 = 0.3019559871405363
Training loss on iteration 7100 = 0.32347278371453286
Training loss on iteration 7120 = 0.22644060365855695
Training loss on iteration 7140 = 0.20021285274997352
Training loss on iteration 7160 = 0.3605334900319576
Training loss on iteration 7180 = 0.40528931841254234
Training loss on iteration 7200 = 0.28486757464706897
Training loss on iteration 7220 = 0.3042928658425808
Training loss on iteration 7240 = 0.23066758043132723
Training loss on iteration 7260 = 0.28417940996587276
Training loss on iteration 7280 = 0.2740166710689664
Training loss on iteration 7300 = 0.1283295455388725
Training loss on iteration 7320 = 0.3475748239085078
Training loss on iteration 7340 = 0.23719834052026273
Training loss on iteration 7360 = 0.2419334940612316
Training loss on iteration 7380 = 0.22094998881220818
Training loss on iteration 7400 = 0.3235820082947612
Training loss on iteration 7420 = 0.3441855698823929
Training loss on iteration 7440 = 0.24640143364667894
Training loss on iteration 7460 = 0.26096466071903707
Training loss on iteration 7480 = 0.20505718011409044
### EVAL:: Epoch 1:: Loss = 0.17138224450142894 :: ACC = 0.9364938225383751, AUC = 0.4575542750448156, EER = 0.5285473605391239
Training on epoch 2
Training loss on iteration 0 = 0.09663847088813782
Training loss on iteration 20 = 0.3114355649799109
Training loss on iteration 40 = 0.18322851844131946
Training loss on iteration 60 = 0.24034898430109025
Training loss on iteration 80 = 0.35374218188226225
Training loss on iteration 100 = 0.1883342770859599
Training loss on iteration 120 = 0.26200099736452104
Training loss on iteration 140 = 0.24176032776013018
Training loss on iteration 160 = 0.22650413126684726
Training loss on iteration 180 = 0.17110477981623262
Training loss on iteration 200 = 0.29448304530233144
Training loss on iteration 220 = 0.23424101062119007
Training loss on iteration 240 = 0.1478973097167909
Training loss on iteration 260 = 0.2809969392605126
Training loss on iteration 280 = 0.34480361379683017
Training loss on iteration 300 = 0.23568522445857526
Training loss on iteration 320 = 0.22009646594524385
Training loss on iteration 340 = 0.26870453972369435
Training loss on iteration 360 = 0.18210003152489662
Training loss on iteration 380 = 0.18796615535393357
Training loss on iteration 400 = 0.21082792927045374
Training loss on iteration 420 = 0.23866903688758612
Training loss on iteration 440 = 0.28343734303489326
Training loss on iteration 460 = 0.278484489582479
Training loss on iteration 480 = 0.17242316622287035
Training loss on iteration 500 = 0.21075873039662837
Training loss on iteration 520 = 0.36270362734794614
Training loss on iteration 540 = 0.2097552552819252
Training loss on iteration 560 = 0.20338391028344632
Training loss on iteration 580 = 0.26783976554870603
Training loss on iteration 600 = 0.2680366517975926
Training loss on iteration 620 = 0.23829906713217497
Training loss on iteration 640 = 0.32441441928967835
Training loss on iteration 660 = 0.24818794056773186
Training loss on iteration 680 = 0.2381358237937093
Training loss on iteration 700 = 0.1847669526003301
Training loss on iteration 720 = 0.2804493194445968
Training loss on iteration 740 = 0.25345863588154316
Training loss on iteration 760 = 0.2345161777921021
Training loss on iteration 780 = 0.26038886425085367
Training loss on iteration 800 = 0.2671656969934702
Training loss on iteration 820 = 0.1603591650724411
Training loss on iteration 840 = 0.2556297527626157
Training loss on iteration 860 = 0.3323254900984466
Training loss on iteration 880 = 0.2352552947588265
Training loss on iteration 900 = 0.3090459980070591
Training loss on iteration 920 = 0.22825471377000212
Training loss on iteration 940 = 0.2069196118041873
Training loss on iteration 960 = 0.1998057933524251
Training loss on iteration 980 = 0.271594719029963
Training loss on iteration 1000 = 0.24245939329266547
Training loss on iteration 1020 = 0.23744046553038062
Training loss on iteration 1040 = 0.23844749461859466
Training loss on iteration 1060 = 0.213092788355425
Training loss on iteration 1080 = 0.35216487273573877
Training loss on iteration 1100 = 0.2436344474554062
Training loss on iteration 1120 = 0.13032223684713246
Training loss on iteration 1140 = 0.15457348129712045
Training loss on iteration 1160 = 0.24165366261731833
Training loss on iteration 1180 = 0.2783174250274897
Training loss on iteration 1200 = 0.3021813303232193
Training loss on iteration 1220 = 0.17192901102826
Training loss on iteration 1240 = 0.15150720034725965
Training loss on iteration 1260 = 0.20732243545353413
Training loss on iteration 1280 = 0.2942618189379573
Training loss on iteration 1300 = 0.18140956498682498
Training loss on iteration 1320 = 0.34576757736504077
Training loss on iteration 1340 = 0.2588821567595005
Training loss on iteration 1360 = 0.2364735615439713
Training loss on iteration 1380 = 0.16727480618283153
Training loss on iteration 1400 = 0.12814632020890712
Training loss on iteration 1420 = 0.28469162788242103
Training loss on iteration 1440 = 0.33327462002635
Training loss on iteration 1460 = 0.16376684401184322
Training loss on iteration 1480 = 0.18192846917081623
Training loss on iteration 1500 = 0.3111361710354686
Training loss on iteration 1520 = 0.2461214642971754
Training loss on iteration 1540 = 0.18320625354535877
Training loss on iteration 1560 = 0.2158195074647665
Training loss on iteration 1580 = 0.20110192705178634
Training loss on iteration 1600 = 0.260003091301769
Training loss on iteration 1620 = 0.31823628265410664
Training loss on iteration 1640 = 0.23736722385510803
Training loss on iteration 1660 = 0.23094919435679911
Training loss on iteration 1680 = 0.17011946374550463
Training loss on iteration 1700 = 0.16575821335427462
Training loss on iteration 1720 = 0.2057853506412357
Training loss on iteration 1740 = 0.2014031855389476
Training loss on iteration 1760 = 0.23505275901407002
Training loss on iteration 1780 = 0.23127189334481954
Training loss on iteration 1800 = 0.16203735992312432
Training loss on iteration 1820 = 0.14122806247323752
Training loss on iteration 1840 = 0.2155398016795516
Training loss on iteration 1860 = 0.22220021011307836
Training loss on iteration 1880 = 0.22142214709892868
Training loss on iteration 1900 = 0.3004649905487895
Training loss on iteration 1920 = 0.32108717383816837
Training loss on iteration 1940 = 0.22605724465101956
Training loss on iteration 1960 = 0.1980066355317831
Training loss on iteration 1980 = 0.27452688459306956
Training loss on iteration 2000 = 0.13479071632027625
Training loss on iteration 2020 = 0.13865842109080403
Training loss on iteration 2040 = 0.18172692167572677
Training loss on iteration 2060 = 0.1264773387578316
Training loss on iteration 2080 = 0.23732316534151324
Training loss on iteration 2100 = 0.14972944646142422
Training loss on iteration 2120 = 0.2979262404609472
Training loss on iteration 2140 = 0.2184263405855745
Training loss on iteration 2160 = 0.1576348438858986
Training loss on iteration 2180 = 0.15436226455494761
Training loss on iteration 2200 = 0.24114332143217326
Training loss on iteration 2220 = 0.19621100113727152
Training loss on iteration 2240 = 0.20240803104825317
Training loss on iteration 2260 = 0.2081940596923232
Training loss on iteration 2280 = 0.41747186053544283
Training loss on iteration 2300 = 0.33862491473555567
Training loss on iteration 2320 = 0.2974298810586333
Training loss on iteration 2340 = 0.31003540065139534
Training loss on iteration 2360 = 0.20560148861259223
Training loss on iteration 2380 = 0.209034254681319
Training loss on iteration 2400 = 0.269898465834558
Training loss on iteration 2420 = 0.26343556782230737
Training loss on iteration 2440 = 0.39413614850491285
Training loss on iteration 2460 = 0.34682987481355665
Training loss on iteration 2480 = 0.1977835088968277
Training loss on iteration 2500 = 0.38550806008279326
Training loss on iteration 2520 = 0.2813955541700125
Training loss on iteration 2540 = 0.31021597273647783
Training loss on iteration 2560 = 0.4237633508630097
Training loss on iteration 2580 = 0.34936539027839897
Training loss on iteration 2600 = 0.4365206304937601
Training loss on iteration 2620 = 0.4764916758984327
Training loss on iteration 2640 = 0.3966438852250576
Training loss on iteration 2660 = 0.3462428987026215
Training loss on iteration 2680 = 0.25608360283076764
Training loss on iteration 2700 = 0.3350290022790432
Training loss on iteration 2720 = 0.37856313548982146
Training loss on iteration 2740 = 0.272193918004632
Training loss on iteration 2760 = 0.3829771466553211
Training loss on iteration 2780 = 0.31119546853005886
Training loss on iteration 2800 = 0.22456184551119804
Training loss on iteration 2820 = 0.26442827163264154
Training loss on iteration 2840 = 0.2604347249493003
Training loss on iteration 2860 = 0.2827719997614622
Training loss on iteration 2880 = 0.3630959870293736
Training loss on iteration 2900 = 0.3461012229323387
Training loss on iteration 2920 = 0.31876482055522504
Training loss on iteration 2940 = 0.24127566507086157
Training loss on iteration 2960 = 0.29544041976332663
Training loss on iteration 2980 = 1.1668089732527733
Training loss on iteration 3000 = 0.4721709150820971
Training loss on iteration 3020 = 0.5077971734106541
Training loss on iteration 3040 = 0.36246950663626193
Training loss on iteration 3060 = 0.2994912452995777
Training loss on iteration 3080 = 0.3940374247729778
Training loss on iteration 3100 = 0.4187691166996956
Training loss on iteration 3120 = 0.280556246265769
Training loss on iteration 3140 = 0.3884335968643427
Training loss on iteration 3160 = 0.34182421639561655
Training loss on iteration 3180 = 0.3349508436396718
Training loss on iteration 3200 = 0.2770499249920249
Training loss on iteration 3220 = 0.28812429700046777
Training loss on iteration 3240 = 0.3180408962070942
Training loss on iteration 3260 = 0.1989227505400777
Training loss on iteration 3280 = 0.45490140756592157
Training loss on iteration 3300 = 0.23325607515871524
Training loss on iteration 3320 = 0.3059593439102173
Training loss on iteration 3340 = 0.333563801413402
Training loss on iteration 3360 = 0.3140394911170006
Training loss on iteration 3380 = 0.23782504983246328
Training loss on iteration 3400 = 0.29443410150706767
Training loss on iteration 3420 = 0.2981391239911318
Training loss on iteration 3440 = 0.25986470486968755
Training loss on iteration 3460 = 0.3071274753659964
Training loss on iteration 3480 = 0.39030539989471436
Training loss on iteration 3500 = 0.3086600132286549
Training loss on iteration 3520 = 0.2722954971715808
Training loss on iteration 3540 = 0.2662622328847647
Training loss on iteration 3560 = 0.18621725728735328
Training loss on iteration 3580 = 0.2568965632468462
Training loss on iteration 3600 = 0.25578735005110503
Training loss on iteration 3620 = 0.25045591238886117
Training loss on iteration 3640 = 0.2714449528604746
Training loss on iteration 3660 = 0.1977805458009243
Training loss on iteration 3680 = 0.2764600723981857
Training loss on iteration 3700 = 0.23480507880449294
Training loss on iteration 3720 = 0.34250995591282846
Training loss on iteration 3740 = 0.20524764955043792
Training loss on iteration 3760 = 0.22184503953903914
Training loss on iteration 3780 = 0.1921218520961702
Training loss on iteration 3800 = 0.21321920128539204
Training loss on iteration 3820 = 0.1810007005929947
Training loss on iteration 3840 = 0.30745287891477346
Training loss on iteration 3860 = 0.30115118250250816
Training loss on iteration 3880 = 0.1788468610495329
Training loss on iteration 3900 = 0.17981646759435535
Training loss on iteration 3920 = 0.3291189352050424
Training loss on iteration 3940 = 0.2299546434544027
Training loss on iteration 3960 = 0.2040014011785388
Training loss on iteration 3980 = 0.2957821568474174
Training loss on iteration 4000 = 0.21440144181251525
Training loss on iteration 4020 = 0.23283639103174208
Training loss on iteration 4040 = 0.32783660795539615
Training loss on iteration 4060 = 0.2651650983840227
Training loss on iteration 4080 = 0.30028198957443236
Training loss on iteration 4100 = 0.23237615237012504
Training loss on iteration 4120 = 0.3759041871875525
Training loss on iteration 4140 = 0.2094411334954202
Training loss on iteration 4160 = 0.2904252529144287
Training loss on iteration 4180 = 0.2980645578354597
Training loss on iteration 4200 = 0.18026656145229936
Training loss on iteration 4220 = 0.33209527358412744
Training loss on iteration 4240 = 0.6010378485545516
Training loss on iteration 4260 = 0.5982205398380757
Training loss on iteration 4280 = 0.4653831534087658
Training loss on iteration 4300 = 0.4391118220984936
Training loss on iteration 4320 = 0.3853741124272346
Training loss on iteration 4340 = 0.362024150788784
Training loss on iteration 4360 = 0.3882734149694443
Training loss on iteration 4380 = 0.3632166314870119
Training loss on iteration 4400 = 0.3546117790043354
Training loss on iteration 4420 = 0.31734356954693793
Training loss on iteration 4440 = 0.3312286864966154
Training loss on iteration 4460 = 0.35159377958625554
Training loss on iteration 4480 = 0.2981710858643055
Training loss on iteration 4500 = 0.24315945468842984
Training loss on iteration 4520 = 0.1757633587345481
Training loss on iteration 4540 = 0.24350316477939488
Training loss on iteration 4560 = 0.2464871640317142
Training loss on iteration 4580 = 0.22566796676255763
Training loss on iteration 4600 = 0.3091154497116804
Training loss on iteration 4620 = 0.2049165742471814
Training loss on iteration 4640 = 0.411620132625103
Training loss on iteration 4660 = 0.27516657691448926
Training loss on iteration 4680 = 0.20401544794440268
Training loss on iteration 4700 = 0.3284096820279956
Training loss on iteration 4720 = 0.21237340439110994
Training loss on iteration 4740 = 0.2996271725744009
Training loss on iteration 4760 = 0.2848019032739103
Training loss on iteration 4780 = 0.25636117341928183
Training loss on iteration 4800 = 0.2788663374260068
Training loss on iteration 4820 = 0.17645245138555765
Training loss on iteration 4840 = 0.26842389488592744
Training loss on iteration 4860 = 0.20797162735834718
Training loss on iteration 4880 = 0.44583371337503197
Training loss on iteration 4900 = 0.3512922497931868
Training loss on iteration 4920 = 0.24400651957839728
Training loss on iteration 4940 = 0.15412512747570872
Training loss on iteration 4960 = 0.19316555559635162
Training loss on iteration 4980 = 0.3870935996528715
Training loss on iteration 5000 = 0.21745440680533648
Training loss on iteration 5020 = 0.16619261559098958
Training loss on iteration 5040 = 0.3165982995182276
Training loss on iteration 5060 = 0.1481046937406063
Training loss on iteration 5080 = 0.13191149942576885
Training loss on iteration 5100 = 0.3004953727126122
Training loss on iteration 5120 = 0.2354594197124243
Training loss on iteration 5140 = 0.18192565748468043
Training loss on iteration 5160 = 0.14061876393388956
Training loss on iteration 5180 = 0.1841380107216537
Training loss on iteration 5200 = 0.25098989219404755
Training loss on iteration 5220 = 0.22629820071160794
Training loss on iteration 5240 = 0.2806753928773105
Training loss on iteration 5260 = 0.19807541444897653
Training loss on iteration 5280 = 0.19051343565806747
Training loss on iteration 5300 = 0.1747131460811943
Training loss on iteration 5320 = 0.19856830791104585
Training loss on iteration 5340 = 0.16393076470121742
Training loss on iteration 5360 = 0.1918640283867717
Training loss on iteration 5380 = 0.28106185160577296
Training loss on iteration 5400 = 0.24680630890652538
Training loss on iteration 5420 = 0.41291007287800313
Training loss on iteration 5440 = 0.2879199614748359
Training loss on iteration 5460 = 0.22118672747164964
Training loss on iteration 5480 = 0.17651801984757184
Training loss on iteration 5500 = 0.23909744445700198
Training loss on iteration 5520 = 0.32509489450603724
Training loss on iteration 5540 = 0.49460536167025565
Training loss on iteration 5560 = 0.3734591457992792
Training loss on iteration 5580 = 0.35625401632860304
Training loss on iteration 5600 = 0.3533157676458359
Training loss on iteration 5620 = 0.2735365292057395
Training loss on iteration 5640 = 0.22480209106579424
Training loss on iteration 5660 = 0.2736639566719532
Training loss on iteration 5680 = 0.24808506118133664
Training loss on iteration 5700 = 0.3690916907042265
Training loss on iteration 5720 = 0.25327576901763676
Training loss on iteration 5740 = 0.20161766447126866
Training loss on iteration 5760 = 0.21044492926448582
Training loss on iteration 5780 = 0.19144575595855712
Training loss on iteration 5800 = 0.1788124823477119
Training loss on iteration 5820 = 0.2806138711050153
Training loss on iteration 5840 = 0.20981829995289444
Training loss on iteration 5860 = 0.24197953920811416
Training loss on iteration 5880 = 0.15086783915758134
Training loss on iteration 5900 = 0.2785911481245421
Training loss on iteration 5920 = 0.20178882954642177
Training loss on iteration 5940 = 0.21766700502485037
Training loss on iteration 5960 = 0.2084855276159942
Training loss on iteration 5980 = 0.19525514859706164
Training loss on iteration 6000 = 0.3137222994118929
Training loss on iteration 6020 = 0.23709953865036368
Training loss on iteration 6040 = 0.18896406292915344
Training loss on iteration 6060 = 0.30674051847308875
Training loss on iteration 6080 = 0.33276138827204704
Training loss on iteration 6100 = 0.30918361665681005
Training loss on iteration 6120 = 0.2983649868518114
Training loss on iteration 6140 = 0.17574371807277203
Training loss on iteration 6160 = 0.3139551004394889
Training loss on iteration 6180 = 0.31931575275957585
Training loss on iteration 6200 = 0.6217344492673874
Training loss on iteration 6220 = 0.5445828650146722
Training loss on iteration 6240 = 0.6814841229468585
Training loss on iteration 6260 = 0.665746595710516
Training loss on iteration 6280 = 0.7376380726695061
Training loss on iteration 6300 = 0.597392612695694
Training loss on iteration 6320 = 0.3969282552599907
Training loss on iteration 6340 = 0.5078456066548824
Training loss on iteration 6360 = 0.371321695484221
Training loss on iteration 6380 = 0.40931100584566593
Training loss on iteration 6400 = 0.34794498458504675
Training loss on iteration 6420 = 0.3607193805277348
Training loss on iteration 6440 = 0.3624022200703621
Training loss on iteration 6460 = 0.4108915958553553
Training loss on iteration 6480 = 0.47409969940781593
Training loss on iteration 6500 = 0.4650692276656628
Training loss on iteration 6520 = 0.37437427416443825
Training loss on iteration 6540 = 0.28631416223943235
Training loss on iteration 6560 = 0.44168523475527766
Training loss on iteration 6580 = 0.404123454913497
Training loss on iteration 6600 = 0.3785070113837719
Training loss on iteration 6620 = 0.3935043983161449
Training loss on iteration 6640 = 0.3939918799325824
Training loss on iteration 6660 = 0.4239531375467777
Training loss on iteration 6680 = 0.4658732287585735
Training loss on iteration 6700 = 0.3508807349950075
Training loss on iteration 6720 = 0.3864618897438049
Training loss on iteration 6740 = 0.26454108227044343
Training loss on iteration 6760 = 0.28502436354756355
Training loss on iteration 6780 = 0.39110805876553056
Training loss on iteration 6800 = 0.3640026718378067
Training loss on iteration 6820 = 0.3477602915838361
Training loss on iteration 6840 = 0.3557915173470974
Training loss on iteration 6860 = 0.3638287032023072
Training loss on iteration 6880 = 0.4203437212854624
Training loss on iteration 6900 = 0.42452417286112903
Training loss on iteration 6920 = 0.31924186274409294
Training loss on iteration 6940 = 0.3210663013160229
Training loss on iteration 6960 = 0.3981561101973057
Training loss on iteration 6980 = 0.4758276306092739
Training loss on iteration 7000 = 0.4477492619305849
Training loss on iteration 7020 = 0.32238918766379354
Training loss on iteration 7040 = 0.3524660408496857
Training loss on iteration 7060 = 0.5227893948554992
Training loss on iteration 7080 = 0.3610455747693777
Training loss on iteration 7100 = 0.34946585576981304
Training loss on iteration 7120 = 0.29836335834115746
Training loss on iteration 7140 = 0.34572812244296075
Training loss on iteration 7160 = 0.36734870746731757
Training loss on iteration 7180 = 0.267656084895134
Training loss on iteration 7200 = 0.2944237217307091
Training loss on iteration 7220 = 0.3136299991980195
Training loss on iteration 7240 = 0.31137351263314483
Training loss on iteration 7260 = 0.3253086989745498
Training loss on iteration 7280 = 0.4437562420964241
Training loss on iteration 7300 = 0.35646500922739505
Training loss on iteration 7320 = 0.29340959042310716
Training loss on iteration 7340 = 0.3324550185352564
Training loss on iteration 7360 = 0.35967584121972324
Training loss on iteration 7380 = 0.3736799072474241
Training loss on iteration 7400 = 0.31491808630526064
Training loss on iteration 7420 = 0.40448064133524897
Training loss on iteration 7440 = 0.3997366689145565
Training loss on iteration 7460 = 0.313619820587337
Training loss on iteration 7480 = 0.35588605124503375
### EVAL:: Epoch 2:: Loss = 0.33456360381019246 :: ACC = 0.8464058405091726, AUC = 0.8141371967599635, EER = 0.26113815050542866
Training on epoch 3
Training loss on iteration 0 = 0.2543565630912781
Training loss on iteration 20 = 0.27550604213029145
Training loss on iteration 40 = 0.29026337917894124
Training loss on iteration 60 = 0.3764888045378029
Training loss on iteration 80 = 0.3162742115557194
Training loss on iteration 100 = 0.3223158523440361
Training loss on iteration 120 = 0.32387117519974706
Training loss on iteration 140 = 0.2828309051692486
Training loss on iteration 160 = 0.23560476209968328
Training loss on iteration 180 = 0.36959491688758134
Training loss on iteration 200 = 0.22314173635095358
Training loss on iteration 220 = 0.3578842140734196
Training loss on iteration 240 = 0.27347243633121254
Training loss on iteration 260 = 0.3345442272722721
Training loss on iteration 280 = 0.26309032309800384
Training loss on iteration 300 = 0.2149257754907012
Training loss on iteration 320 = 0.36408463986590506
Training loss on iteration 340 = 0.300218215957284
Training loss on iteration 360 = 0.2460155410692096
Training loss on iteration 380 = 0.23934853356331587
Training loss on iteration 400 = 0.24841860942542554
Training loss on iteration 420 = 0.3339229866862297
Training loss on iteration 440 = 0.22221019864082336
Training loss on iteration 460 = 0.2931049771606922
Training loss on iteration 480 = 0.23322006370872259
Training loss on iteration 500 = 0.2929460346698761
Training loss on iteration 520 = 0.37560106106102464
Training loss on iteration 540 = 0.3213539009913802
Training loss on iteration 560 = 0.30052214600145816
Training loss on iteration 580 = 0.44231727048754693
Training loss on iteration 600 = 0.3445741519331932
Training loss on iteration 620 = 0.27225612103939056
Training loss on iteration 640 = 0.24988551419228316
Training loss on iteration 660 = 0.2798952557146549
Training loss on iteration 680 = 0.3744102378375828
Training loss on iteration 700 = 0.3186533469706774
Training loss on iteration 720 = 0.35464443303644655
Training loss on iteration 740 = 0.31602043733000756
Training loss on iteration 760 = 0.2842270095832646
Training loss on iteration 780 = 0.274042597413063
Training loss on iteration 800 = 0.3527954529970884
Training loss on iteration 820 = 0.30116567090153695
Training loss on iteration 840 = 0.4122021703980863
Training loss on iteration 860 = 0.3769919540733099
Training loss on iteration 880 = 0.28420644169673326
Training loss on iteration 900 = 0.3237518347799778
Training loss on iteration 920 = 0.2672181487083435
Training loss on iteration 940 = 0.2806275077164173
Training loss on iteration 960 = 0.24107439573854209
Training loss on iteration 980 = 0.2655783339869231
Training loss on iteration 1000 = 0.2819139569997787
Training loss on iteration 1020 = 0.22737584561109542
Training loss on iteration 1040 = 0.3253664061427116
Training loss on iteration 1060 = 0.37451423667371275
Training loss on iteration 1080 = 0.3027312304824591
Training loss on iteration 1100 = 0.357172591611743
Training loss on iteration 1120 = 0.29827356338500977
Training loss on iteration 1140 = 0.3367607120424509
Training loss on iteration 1160 = 0.3031660869717598
Training loss on iteration 1180 = 0.3081744223833084
Training loss on iteration 1200 = 0.2922218034043908
Training loss on iteration 1220 = 0.3735057134181261
Training loss on iteration 1240 = 0.30751818930730224
Training loss on iteration 1260 = 0.29952652268111707
Training loss on iteration 1280 = 0.41331147514283656
Training loss on iteration 1300 = 0.43520336151123046
Training loss on iteration 1320 = 0.3242204630747437
Training loss on iteration 1340 = 0.34826886020600795
Training loss on iteration 1360 = 0.45730387754738333
Training loss on iteration 1380 = 0.46252053752541544
Training loss on iteration 1400 = 0.42603737488389015
Training loss on iteration 1420 = 0.3881525810807943
Training loss on iteration 1440 = 0.3569879101589322
Training loss on iteration 1460 = 0.3473664209246635
Training loss on iteration 1480 = 0.30286824330687523
Training loss on iteration 1500 = 0.44802547469735143
Training loss on iteration 1520 = 0.3861995652318001
Training loss on iteration 1540 = 0.6188323637470603
Training loss on iteration 1560 = 0.6009009441360831
Training loss on iteration 1580 = 0.47837198711931705
Training loss on iteration 1600 = 0.5213471945375204
Training loss on iteration 1620 = 0.49899815283715726
Training loss on iteration 1640 = 0.30702317748218777
Training loss on iteration 1660 = 0.3876527898013592
Training loss on iteration 1680 = 0.259707193961367
Training loss on iteration 1700 = 0.6242357559502125
Training loss on iteration 1720 = 0.4232336558401585
Training loss on iteration 1740 = 0.3267125048674643
Training loss on iteration 1760 = 0.32427036091685296
Training loss on iteration 1780 = 0.28058605268597603
Training loss on iteration 1800 = 0.2846038158982992
Training loss on iteration 1820 = 0.2944598950445652
Training loss on iteration 1840 = 0.3325694318860769
Training loss on iteration 1860 = 0.3871682770550251
Training loss on iteration 1880 = 0.27116559389978645
Training loss on iteration 1900 = 0.37763873748481275
Training loss on iteration 1920 = 0.32496074587106705
Training loss on iteration 1940 = 0.3598405556753278
Training loss on iteration 1960 = 0.47548484709113836
Training loss on iteration 1980 = 0.3210981678217649
Training loss on iteration 2000 = 0.30367156974971293
Training loss on iteration 2020 = 0.24677243204787375
Training loss on iteration 2040 = 0.301974381133914
Training loss on iteration 2060 = 0.28508148053660987
Training loss on iteration 2080 = 0.27649022890254854
Training loss on iteration 2100 = 0.273290023393929
Training loss on iteration 2120 = 0.281699937954545
Training loss on iteration 2140 = 0.3012596482411027
Training loss on iteration 2160 = 0.3235943906009197
Training loss on iteration 2180 = 0.354404828324914
Training loss on iteration 2200 = 0.500263249129057
Training loss on iteration 2220 = 0.39906176589429376
Training loss on iteration 2240 = 0.4046547686681151
Training loss on iteration 2260 = 0.276221851631999
Training loss on iteration 2280 = 0.5035074688494205
Training loss on iteration 2300 = 0.3507874868810177
Training loss on iteration 2320 = 0.3861143082380295
Training loss on iteration 2340 = 0.3556902717798948
Training loss on iteration 2360 = 0.44807641990482805
Training loss on iteration 2380 = 0.400592253357172
Training loss on iteration 2400 = 0.422673736512661
Training loss on iteration 2420 = 0.3592489682137966
Training loss on iteration 2440 = 0.39247612059116366
Training loss on iteration 2460 = 0.4041926395148039
Training loss on iteration 2480 = 0.3408770725131035
Training loss on iteration 2500 = 0.3369139894843102
Training loss on iteration 2520 = 0.39726509880274535
Training loss on iteration 2540 = 0.3782540245912969
Training loss on iteration 2560 = 0.5837280949577689
Training loss on iteration 2580 = 0.348804522305727
Training loss on iteration 2600 = 0.3528671216219664
Training loss on iteration 2620 = 0.37090763449668884
Training loss on iteration 2640 = 0.3924012161791325
Training loss on iteration 2660 = 0.22835235614329577
Training loss on iteration 2680 = 0.2545219746883959
Training loss on iteration 2700 = 0.23361578853800893
Training loss on iteration 2720 = 0.3949735380709171
Training loss on iteration 2740 = 0.3414190985262394
Training loss on iteration 2760 = 0.2655763816088438
Training loss on iteration 2780 = 0.30320989433676004
Training loss on iteration 2800 = 0.35950770005583765
Training loss on iteration 2820 = 0.3900162477046251
Training loss on iteration 2840 = 0.42196154929697516
Training loss on iteration 2860 = 0.4634765960276127
Training loss on iteration 2880 = 0.263879730924964
Training loss on iteration 2900 = 0.3266230568289757
Training loss on iteration 2920 = 0.34857987575232985
Training loss on iteration 2940 = 0.2619848819449544
Training loss on iteration 2960 = 0.3176290106959641
Training loss on iteration 2980 = 0.2782012149691582
Training loss on iteration 3000 = 0.29555404782295225
Training loss on iteration 3020 = 0.34863110557198523
Training loss on iteration 3040 = 0.2637174505740404
Training loss on iteration 3060 = 0.4184574369341135
Training loss on iteration 3080 = 0.7779432710260152
Training loss on iteration 3100 = 0.40322591103613376
Training loss on iteration 3120 = 0.29986437410116196
Training loss on iteration 3140 = 0.3089433241635561
Training loss on iteration 3160 = 0.3084855146706104
Training loss on iteration 3180 = 0.3606554724276066
Training loss on iteration 3200 = 0.35978405699133875
Training loss on iteration 3220 = 0.4008487803861499
Training loss on iteration 3240 = 0.5228711303323508
Training loss on iteration 3260 = 0.6876624703407288
Training loss on iteration 3280 = 0.4808669898658991
Training loss on iteration 3300 = 0.41487843692302706
Training loss on iteration 3320 = 0.38118403875268997
Training loss on iteration 3340 = 0.5194305747747421
Training loss on iteration 3360 = 0.3625471081584692
Training loss on iteration 3380 = 0.39159334897994996
Training loss on iteration 3400 = 0.4060274362564087
Training loss on iteration 3420 = 0.2948101606220007
Training loss on iteration 3440 = 0.4155448451638222
Training loss on iteration 3460 = 0.5358937121927738
Training loss on iteration 3480 = 0.4581631481647491
Training loss on iteration 3500 = 0.37351969107985494
Training loss on iteration 3520 = 0.28754162434488534
Training loss on iteration 3540 = 0.4785584695637226
Training loss on iteration 3560 = 0.34895068146288394
Training loss on iteration 3580 = 0.43718984462320803
Training loss on iteration 3600 = 0.391844642534852
Training loss on iteration 3620 = 0.3360440291464329
Training loss on iteration 3640 = 0.34093633918091654
Training loss on iteration 3660 = 0.4370912410318851
Training loss on iteration 3680 = 0.39624641835689545
Training loss on iteration 3700 = 0.48622316010296346
Training loss on iteration 3720 = 0.3885024834424257
Training loss on iteration 3740 = 0.4062229171395302
Training loss on iteration 3760 = 0.40137913450598717
Training loss on iteration 3780 = 0.29106741957366467
Training loss on iteration 3800 = 0.2932280898094177
Training loss on iteration 3820 = 0.30470341057516637
Training loss on iteration 3840 = 0.4115435522049665
Training loss on iteration 3860 = 0.3265200721099973
Training loss on iteration 3880 = 0.3021403755992651
Training loss on iteration 3900 = 0.3122423429042101
Training loss on iteration 3920 = 0.24088281439617276
Training loss on iteration 3940 = 0.3168921574950218
Training loss on iteration 3960 = 0.3718676411546767
Training loss on iteration 3980 = 0.3229237962514162
Training loss on iteration 4000 = 0.34324620850384235
Training loss on iteration 4020 = 0.321914030238986
Training loss on iteration 4040 = 0.2624570026062429
Training loss on iteration 4060 = 0.3276048883795738
Training loss on iteration 4080 = 0.2947330681607127
Training loss on iteration 4100 = 0.39027150217443707
Training loss on iteration 4120 = 0.37785159721970557
Training loss on iteration 4140 = 0.34188299924135207
Training loss on iteration 4160 = 0.37793099954724313
Training loss on iteration 4180 = 0.36796323135495185
Training loss on iteration 4200 = 0.3173045594245195
Training loss on iteration 4220 = 0.31824485417455434
Training loss on iteration 4240 = 0.4163017446175218
Training loss on iteration 4260 = 0.3781180504709482
Training loss on iteration 4280 = 0.37331060860306026
Training loss on iteration 4300 = 0.4153446197509766
Training loss on iteration 4320 = 0.4538394916802645
Training loss on iteration 4340 = 0.30711508337408305
Training loss on iteration 4360 = 0.33782915845513345
Training loss on iteration 4380 = 0.3933606930077076
Training loss on iteration 4400 = 0.37851447304710745
Training loss on iteration 4420 = 0.3107665818184614
Training loss on iteration 4440 = 0.40114275086671114
Training loss on iteration 4460 = 0.4542832478880882
Training loss on iteration 4480 = 0.3097898941487074
Training loss on iteration 4500 = 0.31006220653653144
Training loss on iteration 4520 = 0.29612396396696566
Training loss on iteration 4540 = 0.3364854218438268
Training loss on iteration 4560 = 0.23283901177346705
Training loss on iteration 4580 = 0.3134308237582445
Training loss on iteration 4600 = 0.33506059255450965
Training loss on iteration 4620 = 0.33553793504834173
Training loss on iteration 4640 = 0.3883075244724751
Training loss on iteration 4660 = 0.30499898819252846
Training loss on iteration 4680 = 0.25459959656000136
Training loss on iteration 4700 = 0.3310858439654112
Training loss on iteration 4720 = 0.6154559098184109
Training loss on iteration 4740 = 0.5579154714941978
Training loss on iteration 4760 = 0.5311156123876571
Training loss on iteration 4780 = 0.5141480222344399
Training loss on iteration 4800 = 0.5692285384982825
Training loss on iteration 4820 = 0.6431615583598613
Training loss on iteration 4840 = 0.8755559310317039
Training loss on iteration 4860 = 1.6450826711021365
Training loss on iteration 4880 = 1.0298402100801467
Training loss on iteration 4900 = 0.6199377968907356
Training loss on iteration 4920 = 0.6219699345529079
Training loss on iteration 4940 = 0.5792485330253839
Training loss on iteration 4960 = 0.5847686797380447
Training loss on iteration 4980 = 0.45917331613600254
Training loss on iteration 5000 = 0.4422035045921803
Training loss on iteration 5020 = 0.47481595277786254
Training loss on iteration 5040 = 0.38679691441357134
Training loss on iteration 5060 = 0.46108640916645527
Training loss on iteration 5080 = 0.3360943112522364
Training loss on iteration 5100 = 0.35278354659676553
Training loss on iteration 5120 = 0.24747174866497518
Training loss on iteration 5140 = 0.3898535676300526
Training loss on iteration 5160 = 0.3651020251214504
Training loss on iteration 5180 = 0.38849630393087864
Training loss on iteration 5200 = 0.3318108519539237
Training loss on iteration 5220 = 0.37778456285595896
Training loss on iteration 5240 = 0.4212011694908142
Training loss on iteration 5260 = 0.4416095703840256
Training loss on iteration 5280 = 0.35230087358504536
Training loss on iteration 5300 = 0.3042034378275275
Training loss on iteration 5320 = 0.44135847836732867
Training loss on iteration 5340 = 0.44687079526484014
Training loss on iteration 5360 = 0.374906549975276
Training loss on iteration 5380 = 0.39277835823595525
Training loss on iteration 5400 = 0.46379440687596796
Training loss on iteration 5420 = 0.36154956333339217
Training loss on iteration 5440 = 0.38966694474220276
Training loss on iteration 5460 = 0.4244616497308016
Training loss on iteration 5480 = 0.48341410495340825
Training loss on iteration 5500 = 0.3470985863357782
Training loss on iteration 5520 = 0.5158774107694626
Training loss on iteration 5540 = 0.5023816149681807
Training loss on iteration 5560 = 0.48137725219130517
Training loss on iteration 5580 = 0.5517450062558055
Training loss on iteration 5600 = 0.481157922744751
Training loss on iteration 5620 = 0.5542488738894462
Training loss on iteration 5640 = 0.4292536206543446
Training loss on iteration 5660 = 0.44875444024801253
Training loss on iteration 5680 = 0.41492655873298645
Training loss on iteration 5700 = 0.45676014497876166
Training loss on iteration 5720 = 0.4427028767764568
Training loss on iteration 5740 = 0.3314647670835257
Training loss on iteration 5760 = 0.3131073029711843
Training loss on iteration 5780 = 0.3002232080325484
Training loss on iteration 5800 = 0.241202192613855
Training loss on iteration 5820 = 0.3724454201757908
Training loss on iteration 5840 = 0.3479343503713608
Training loss on iteration 5860 = 0.24946150248870252
Training loss on iteration 5880 = 0.40689334087073803
Training loss on iteration 5900 = 0.294263556599617
Training loss on iteration 5920 = 0.407535626552999
Training loss on iteration 5940 = 0.29354563616216184
Training loss on iteration 5960 = 0.3142330483533442
Training loss on iteration 5980 = 0.31310902163386345
Training loss on iteration 6000 = 0.42501194402575493
Training loss on iteration 6020 = 0.280658858269453
Training loss on iteration 6040 = 0.2906758520752192
Training loss on iteration 6060 = 0.321261871419847
Training loss on iteration 6080 = 0.24446650128811598
Training loss on iteration 6100 = 0.25137608707882464
Training loss on iteration 6120 = 0.3135275511071086
Training loss on iteration 6140 = 0.34472612142562864
Training loss on iteration 6160 = 0.9239089682698249
Training loss on iteration 6180 = 0.9605250976979732
Training loss on iteration 6200 = 0.5018856633454561
Training loss on iteration 6220 = 0.3747807700186968
Training loss on iteration 6240 = 0.46071617528796194
Training loss on iteration 6260 = 0.5186449274420738
Training loss on iteration 6280 = 0.36283376850187776
Training loss on iteration 6300 = 0.6269312098622322
Training loss on iteration 6320 = 0.6112356744706631
Training loss on iteration 6340 = 0.34345179460942743
Training loss on iteration 6360 = 0.5524442464113235
Training loss on iteration 6380 = 0.3182177904993296
Training loss on iteration 6400 = 0.28020862899720667
Training loss on iteration 6420 = 0.4257959622889757
Training loss on iteration 6440 = 0.35272570364177225
Training loss on iteration 6460 = 0.3229333583265543
Training loss on iteration 6480 = 0.38065504394471644
Training loss on iteration 6500 = 0.316171907633543
Training loss on iteration 6520 = 0.23437854684889317
Training loss on iteration 6540 = 0.3161757461726665
Training loss on iteration 6560 = 0.36062987633049487
Training loss on iteration 6580 = 0.3327772840857506
Training loss on iteration 6600 = 0.308404653519392
Training loss on iteration 6620 = 0.24792511910200118
Training loss on iteration 6640 = 0.2959129773080349
Training loss on iteration 6660 = 0.40023440718650816
Training loss on iteration 6680 = 0.34790805988013745
Training loss on iteration 6700 = 0.49946006909012797
Training loss on iteration 6720 = 0.2975297836586833
Training loss on iteration 6740 = 0.3148812958970666
Training loss on iteration 6760 = 0.374752639234066
Training loss on iteration 6780 = 0.3072811184450984
Training loss on iteration 6800 = 0.3216266674920917
Training loss on iteration 6820 = 0.3873597659170628
Training loss on iteration 6840 = 0.2813383974134922
Training loss on iteration 6860 = 0.3195225861854851
Training loss on iteration 6880 = 0.2902210671454668
Training loss on iteration 6900 = 0.36350691728293894
Training loss on iteration 6920 = 0.4045952491462231
Training loss on iteration 6940 = 0.4511995501816273
Training loss on iteration 6960 = 0.30366235161200167
Training loss on iteration 6980 = 0.43927816227078437
Training loss on iteration 7000 = 0.34442322901450095
Training loss on iteration 7020 = 0.38251375220716
Training loss on iteration 7040 = 0.31952567752450706
Training loss on iteration 7060 = 0.3947710540145636
Training loss on iteration 7080 = 0.2606016010046005
Training loss on iteration 7100 = 0.26701288428157566
Training loss on iteration 7120 = 0.3788948252797127
Training loss on iteration 7140 = 0.25933350138366223
Training loss on iteration 7160 = 0.23401508647948505
Training loss on iteration 7180 = 0.3355935027822852
Training loss on iteration 7200 = 0.2908666741102934
Training loss on iteration 7220 = 0.2246819172054529
Training loss on iteration 7240 = 0.4106603294610977
Training loss on iteration 7260 = 0.37505565546453
Training loss on iteration 7280 = 0.3328984288498759
Training loss on iteration 7300 = 0.37565428800880907
Training loss on iteration 7320 = 0.4008144557476044
Training loss on iteration 7340 = 0.44907831950113175
Training loss on iteration 7360 = 0.2900136183947325
Training loss on iteration 7380 = 0.36135139390826226
Training loss on iteration 7400 = 0.3254232332110405
Training loss on iteration 7420 = 0.2749664757400751
Training loss on iteration 7440 = 0.30283130519092083
Training loss on iteration 7460 = 0.5085751950740814
Training loss on iteration 7480 = 0.4317606918513775
### EVAL:: Epoch 3:: Loss = 0.33560723497398953 :: ACC = 0.8585735679520778, AUC = 0.6615649881325848, EER = 0.3819730438038188
Training on epoch 4
Training loss on iteration 0 = 0.22141723334789276
Training loss on iteration 20 = 0.31456246245652436
Training loss on iteration 40 = 0.45038249120116236
Training loss on iteration 60 = 0.3613377045840025
Training loss on iteration 80 = 0.4000922780483961
Training loss on iteration 100 = 0.34617476323619484
Training loss on iteration 120 = 0.42406081557273867
Training loss on iteration 140 = 0.35063438266515734
Training loss on iteration 160 = 0.26314797848463056
Training loss on iteration 180 = 0.27743854820728303
Training loss on iteration 200 = 0.2479235403239727
Training loss on iteration 220 = 0.2795347936451435
Training loss on iteration 240 = 0.483694239705801
Training loss on iteration 260 = 0.6034124039113522
Training loss on iteration 280 = 0.5498534090816974
Training loss on iteration 300 = 0.41360573619604113
Training loss on iteration 320 = 0.4367404758930206
Training loss on iteration 340 = 0.38581049870699646
Training loss on iteration 360 = 0.3710559044033289
Training loss on iteration 380 = 0.3137954637408257
Training loss on iteration 400 = 0.38453160524368285
Training loss on iteration 420 = 0.31550821997225287
Training loss on iteration 440 = 0.41466451361775397
Training loss on iteration 460 = 0.5615082755684853
Training loss on iteration 480 = 0.45500730685889723
Training loss on iteration 500 = 0.40626156367361543
Training loss on iteration 520 = 0.3182947308756411
Training loss on iteration 540 = 0.4238495884463191
Training loss on iteration 560 = 0.5467257224023342
Training loss on iteration 580 = 0.40919345878064634
Training loss on iteration 600 = 0.3187927357852459
Training loss on iteration 620 = 0.2859589146450162
Training loss on iteration 640 = 0.32225183583796024
Training loss on iteration 660 = 0.2627182148396969
Training loss on iteration 680 = 0.3179166290909052
Training loss on iteration 700 = 0.2578975701704621
Training loss on iteration 720 = 0.5022878251969815
Training loss on iteration 740 = 0.37935017235577106
Training loss on iteration 760 = 0.385349306371063
Training loss on iteration 780 = 0.24415130782872438
Training loss on iteration 800 = 0.3586160983890295
Training loss on iteration 820 = 0.29312751479446886
Training loss on iteration 840 = 0.3699985288083553
Training loss on iteration 860 = 0.31819456852972505
Training loss on iteration 880 = 0.4601321671158075
Training loss on iteration 900 = 0.41665639989078046
Training loss on iteration 920 = 0.39111016038805246
Training loss on iteration 940 = 0.39110291600227354
Training loss on iteration 960 = 0.29330302458256485
Training loss on iteration 980 = 0.3436224389821291
Training loss on iteration 1000 = 0.3003957372158766
Training loss on iteration 1020 = 0.37214425634592774
Training loss on iteration 1040 = 0.38146750181913375
Training loss on iteration 1060 = 0.33076785150915383
Training loss on iteration 1080 = 0.32284686230123044
Training loss on iteration 1100 = 0.334227205067873
Training loss on iteration 1120 = 0.3176757556386292
Training loss on iteration 1140 = 0.5313540928065776
Training loss on iteration 1160 = 0.4076834820210934
Training loss on iteration 1180 = 0.30979790911078453
Training loss on iteration 1200 = 0.3207722093909979
Training loss on iteration 1220 = 0.30580951161682607
Training loss on iteration 1240 = 0.2163879431784153
Training loss on iteration 1260 = 0.4303698964416981
Training loss on iteration 1280 = 0.29632397666573523
Training loss on iteration 1300 = 0.2841920259408653
Training loss on iteration 1320 = 0.4211274076253176
Training loss on iteration 1340 = 0.4023727125488222
Training loss on iteration 1360 = 0.27925430666655304
Training loss on iteration 1380 = 0.37414229325950144
Training loss on iteration 1400 = 0.38244089502841233
Training loss on iteration 1420 = 0.3548783240839839
Training loss on iteration 1440 = 0.36376259606331585
Training loss on iteration 1460 = 0.27962412339402365
Training loss on iteration 1480 = 0.3902895223349333
Training loss on iteration 1500 = 0.2927561840042472
Training loss on iteration 1520 = 0.2988114973530173
Training loss on iteration 1540 = 0.27155251912772654
Training loss on iteration 1560 = 0.220054420735687
Training loss on iteration 1580 = 0.2072345891967416
Training loss on iteration 1600 = 0.32898254990577697
Training loss on iteration 1620 = 0.31735603967681525
Training loss on iteration 1640 = 0.26607296597212554
Training loss on iteration 1660 = 0.27753563430160283
Training loss on iteration 1680 = 0.3178877431899309
Training loss on iteration 1700 = 0.2684670638293028
Training loss on iteration 1720 = 0.40650216341018675
Training loss on iteration 1740 = 0.21607699133455754
Training loss on iteration 1760 = 0.2257034035399556
Training loss on iteration 1780 = 0.3033422304317355
Training loss on iteration 1800 = 0.27432113140821457
Training loss on iteration 1820 = 0.21014453927055002
Training loss on iteration 1840 = 0.27200563717633486
Training loss on iteration 1860 = 0.28853012714535
Training loss on iteration 1880 = 0.30887562669813634
Training loss on iteration 1900 = 0.32103949654847386
Training loss on iteration 1920 = 0.28311815671622753
Training loss on iteration 1940 = 0.24425095040351152
Training loss on iteration 1960 = 0.5275861574336886
Training loss on iteration 1980 = 0.5432659156620503
Training loss on iteration 2000 = 0.6667665988206863
Training loss on iteration 2020 = 0.30845716297626496
Training loss on iteration 2040 = 0.3652344524860382
Training loss on iteration 2060 = 0.3067051985533908
Training loss on iteration 2080 = 0.3422395642846823
Training loss on iteration 2100 = 0.2910999031737447
Training loss on iteration 2120 = 0.37542254403233527
Training loss on iteration 2140 = 0.27518444173038004
Training loss on iteration 2160 = 0.23076547598466277
Training loss on iteration 2180 = 0.325704026222229
Training loss on iteration 2200 = 0.300729950517416
Training loss on iteration 2220 = 0.32270529959350824
Training loss on iteration 2240 = 0.2802781365811825
Training loss on iteration 2260 = 0.29994004126638174
Training loss on iteration 2280 = 0.2990994706749916
Training loss on iteration 2300 = 0.24457249157130717
Training loss on iteration 2320 = 0.3238311376888305
Training loss on iteration 2340 = 0.23449549097567796
Training loss on iteration 2360 = 0.2484044510871172
Training loss on iteration 2380 = 0.32874641623348
Training loss on iteration 2400 = 0.24379928596317768
Training loss on iteration 2420 = 0.293105411529541
Training loss on iteration 2440 = 0.5165416449308395
Training loss on iteration 2460 = 0.4291905861347914
Training loss on iteration 2480 = 0.3991866565309465
Training loss on iteration 2500 = 0.3106322960346006
Training loss on iteration 2520 = 0.18847950547933578
Training loss on iteration 2540 = 0.2727378187701106
Training loss on iteration 2560 = 0.29179904945194723
Training loss on iteration 2580 = 0.3132277946919203
Training loss on iteration 2600 = 0.2086030112579465
Training loss on iteration 2620 = 0.3404260233044624
Training loss on iteration 2640 = 0.4249284636229277
Training loss on iteration 2660 = 0.25587728079408406
Training loss on iteration 2680 = 0.30410793982446194
Training loss on iteration 2700 = 0.26065944097936156
Training loss on iteration 2720 = 0.3401572103612125
Training loss on iteration 2740 = 0.31662399470806124
Training loss on iteration 2760 = 0.3142840288579464
Training loss on iteration 2780 = 0.2568743733689189
Training loss on iteration 2800 = 0.28666022764518856
Training loss on iteration 2820 = 0.24460096526890993
Training loss on iteration 2840 = 0.27330299876630304
Training loss on iteration 2860 = 0.2556312454864383
Training loss on iteration 2880 = 0.41775620765984056
Training loss on iteration 2900 = 0.378691350389272
Training loss on iteration 2920 = 0.3361788265407085
Training loss on iteration 2940 = 0.30518197705969213
Training loss on iteration 2960 = 0.229201652482152
Training loss on iteration 2980 = 0.3158932687714696
Training loss on iteration 3000 = 0.4775077670812607
Training loss on iteration 3020 = 0.40732524953782556
Training loss on iteration 3040 = 0.5111263394355774
Training loss on iteration 3060 = 0.4494298530742526
Training loss on iteration 3080 = 0.39454241301864384
Training loss on iteration 3100 = 0.30917041227221487
Training loss on iteration 3120 = 0.38566445708274844
Training loss on iteration 3140 = 0.30367015562951566
Training loss on iteration 3160 = 0.3161972289904952
Training loss on iteration 3180 = 0.3171604136005044
Training loss on iteration 3200 = 0.30717626493424177
Training loss on iteration 3220 = 0.375669464468956
Training loss on iteration 3240 = 0.3030457330867648
Training loss on iteration 3260 = 0.3271437963470817
Training loss on iteration 3280 = 0.2326331168413162
Training loss on iteration 3300 = 0.2982730820775032
Training loss on iteration 3320 = 0.38631522096693516
Training loss on iteration 3340 = 0.31007980480790137
Training loss on iteration 3360 = 0.3975972831249237
Training loss on iteration 3380 = 0.43137652762234213
Training loss on iteration 3400 = 0.35504281558096407
Training loss on iteration 3420 = 0.28549852641299367
Training loss on iteration 3440 = 0.42082697423174975
Training loss on iteration 3460 = 0.2993910528719425
Training loss on iteration 3480 = 0.353905925154686
Training loss on iteration 3500 = 0.35092190094292164
Training loss on iteration 3520 = 0.40384680340066553
Training loss on iteration 3540 = 0.3042009001597762
Training loss on iteration 3560 = 0.3753882471472025
Training loss on iteration 3580 = 0.41020865067839624
Training loss on iteration 3600 = 0.3899993471801281
Training loss on iteration 3620 = 0.3616950542666018
Training loss on iteration 3640 = 0.34526417665183545
Training loss on iteration 3660 = 0.3359304390847683
Training loss on iteration 3680 = 0.3290973976254463
Training loss on iteration 3700 = 0.2629805457312614
Training loss on iteration 3720 = 0.37467904556542636
Training loss on iteration 3740 = 0.26064804997295143
Training loss on iteration 3760 = 0.29623207123950124
Training loss on iteration 3780 = 0.40969809982925653
Training loss on iteration 3800 = 0.32418297939002516
Training loss on iteration 3820 = 0.40384295196272435
Training loss on iteration 3840 = 0.33988173231482505
Training loss on iteration 3860 = 0.4170136511325836
Training loss on iteration 3880 = 0.3663930356502533
Training loss on iteration 3900 = 0.365183162689209
Training loss on iteration 3920 = 0.298839769884944
Training loss on iteration 3940 = 0.369529708661139
Training loss on iteration 3960 = 0.3023014286532998
Training loss on iteration 3980 = 0.39073349833488463
Training loss on iteration 4000 = 0.3024607257917523
Training loss on iteration 4020 = 0.30916438549757
Training loss on iteration 4040 = 0.282770075276494
Training loss on iteration 4060 = 0.3246061708778143
Training loss on iteration 4080 = 0.4034574646502733
Training loss on iteration 4100 = 0.3453790534287691
Training loss on iteration 4120 = 0.3032025933265686
Training loss on iteration 4140 = 0.4038369942456484
Training loss on iteration 4160 = 0.3369664892554283
Training loss on iteration 4180 = 0.3989011824131012
Training loss on iteration 4200 = 0.24486750457435846
Training loss on iteration 4220 = 0.33521046712994573
Training loss on iteration 4240 = 0.2686743585392833
Training loss on iteration 4260 = 0.41823913976550103
Training loss on iteration 4280 = 0.34751901067793367
Training loss on iteration 4300 = 0.4064531863667071
Training loss on iteration 4320 = 0.42496795803308485
Training loss on iteration 4340 = 0.4236015655100346
Training loss on iteration 4360 = 0.32745736110955476
Training loss on iteration 4380 = 0.4347687289118767
Training loss on iteration 4400 = 0.36498957630246875
Training loss on iteration 4420 = 0.26324041876941917
Training loss on iteration 4440 = 0.36297190375626087
Training loss on iteration 4460 = 0.32962120808660983
Training loss on iteration 4480 = 0.29963542222976686
Training loss on iteration 4500 = 0.41802349090576174
Training loss on iteration 4520 = 0.4486987005919218
Training loss on iteration 4540 = 0.23637643903493882
Training loss on iteration 4560 = 0.37909049913287163
Training loss on iteration 4580 = 0.2544416366145015
Training loss on iteration 4600 = 0.33997700568288564
Training loss on iteration 4620 = 0.3424715094268322
Training loss on iteration 4640 = 0.3816834451630712
Training loss on iteration 4660 = 0.41406412050127983
Training loss on iteration 4680 = 0.37319410070776937
Training loss on iteration 4700 = 0.3555884901434183
Training loss on iteration 4720 = 0.33755382569506764
Training loss on iteration 4740 = 0.3701194129884243
Training loss on iteration 4760 = 0.32686476949602367
Training loss on iteration 4780 = 0.30681308209896085
Training loss on iteration 4800 = 0.2197593405842781
Training loss on iteration 4820 = 0.3260226260870695
Training loss on iteration 4840 = 0.3354941103607416
Training loss on iteration 4860 = 0.24117061980068683
Training loss on iteration 4880 = 0.2584141444414854
Training loss on iteration 4900 = 0.28087984398007393
Training loss on iteration 4920 = 0.3929465401917696
Training loss on iteration 4940 = 0.45847689658403395
Training loss on iteration 4960 = 0.6033671729266643
Training loss on iteration 4980 = 0.5087105020880699
Training loss on iteration 5000 = 0.3707469882443547
Training loss on iteration 5020 = 0.3209228847175837
Training loss on iteration 5040 = 0.30974368043243883
Training loss on iteration 5060 = 0.2973598279058933
Training loss on iteration 5080 = 0.2814877485856414
Training loss on iteration 5100 = 0.26844733245670793
Training loss on iteration 5120 = 0.4756790455430746
Training loss on iteration 5140 = 0.42466587815433743
Training loss on iteration 5160 = 0.34422316737473013
Training loss on iteration 5180 = 0.33036315254867077
Training loss on iteration 5200 = 0.29212100328877566
Training loss on iteration 5220 = 0.38067105375230315
Training loss on iteration 5240 = 0.29290758799761535
Training loss on iteration 5260 = 0.32935776077210904
Training loss on iteration 5280 = 0.30134043358266355
Training loss on iteration 5300 = 0.18597007831558585
Training loss on iteration 5320 = 0.25153242871165277
Training loss on iteration 5340 = 0.4486181475222111
Training loss on iteration 5360 = 0.3296590194106102
Training loss on iteration 5380 = 0.29649113919585945
Training loss on iteration 5400 = 0.30913781095296144
Training loss on iteration 5420 = 0.3387497839517891
Training loss on iteration 5440 = 0.3069836661219597
Training loss on iteration 5460 = 0.3663070898503065
Training loss on iteration 5480 = 0.33404470458626745
Training loss on iteration 5500 = 0.36472457088530064
Training loss on iteration 5520 = 0.3985814366489649
Training loss on iteration 5540 = 0.39872949114069345
Training loss on iteration 5560 = 0.2992039890959859
Training loss on iteration 5580 = 0.27988618332892656
Training loss on iteration 5600 = 0.4192339210305363
Training loss on iteration 5620 = 0.429724511411041
Training loss on iteration 5640 = 0.2358568225055933
Training loss on iteration 5660 = 0.25374612864106894
Training loss on iteration 5680 = 0.24231027960777282
Training loss on iteration 5700 = 0.26515598595142365
Training loss on iteration 5720 = 0.2787024613469839
Training loss on iteration 5740 = 0.34712714087218044
Training loss on iteration 5760 = 0.3232416700571775
Training loss on iteration 5780 = 0.32816015668213366
Training loss on iteration 5800 = 0.4334960363805294
Training loss on iteration 5820 = 0.35436984747648237
Training loss on iteration 5840 = 0.3265000995248556
Training loss on iteration 5860 = 0.3696609679609537
Training loss on iteration 5880 = 0.31809645891189575
Training loss on iteration 5900 = 0.38196374792605636
Training loss on iteration 5920 = 0.4237241132184863
Training loss on iteration 5940 = 0.3536303801462054
Training loss on iteration 5960 = 0.2005635853856802
Training loss on iteration 5980 = 0.33573229908943175
Training loss on iteration 6000 = 0.4002064699307084
Training loss on iteration 6020 = 0.5666127886623145
Training loss on iteration 6040 = 0.48504000548273324
Training loss on iteration 6060 = 0.5303885404020547
Training loss on iteration 6080 = 0.46914287433028223
Training loss on iteration 6100 = 0.4061252512037754
Training loss on iteration 6120 = 0.3496440127491951
Training loss on iteration 6140 = 0.33589684814214704
Training loss on iteration 6160 = 0.200731111317873
Training loss on iteration 6180 = 0.44317160435020925
Training loss on iteration 6200 = 0.4970088146626949
Training loss on iteration 6220 = 0.5104372672736645
Training loss on iteration 6240 = 0.4575103739276528
Training loss on iteration 6260 = 0.4658574353903532
Training loss on iteration 6280 = 0.5061342742294073
Training loss on iteration 6300 = 0.3836418390274048
Training loss on iteration 6320 = 0.3884665586054325
Training loss on iteration 6340 = 0.3359476994723082
Training loss on iteration 6360 = 0.31304294615983963
Training loss on iteration 6380 = 0.3508356399834156
Training loss on iteration 6400 = 0.32967547737061975
Training loss on iteration 6420 = 0.3604082388803363
Training loss on iteration 6440 = 0.32579349651932715
Training loss on iteration 6460 = 0.4467897269874811
Training loss on iteration 6480 = 0.43089503459632394
Training loss on iteration 6500 = 0.3815446399152279
Training loss on iteration 6520 = 0.37960167452692983
Training loss on iteration 6540 = 0.3540689004585147
Training loss on iteration 6560 = 0.2606099424883723
Training loss on iteration 6580 = 0.2824695657007396
Training loss on iteration 6600 = 0.3505027450621128
Training loss on iteration 6620 = 0.357956001162529
Training loss on iteration 6640 = 0.4101004756987095
Training loss on iteration 6660 = 0.2954933509230614
Training loss on iteration 6680 = 0.6250289291143417
Training loss on iteration 6700 = 0.39988432005047797
Training loss on iteration 6720 = 0.3961628831923008
Training loss on iteration 6740 = 0.3452946573495865
Training loss on iteration 6760 = 0.35458059050142765
Training loss on iteration 6780 = 0.42254258319735527
Training loss on iteration 6800 = 0.3916774459183216
Training loss on iteration 6820 = 0.3801116421818733
Training loss on iteration 6840 = 0.33071892000734804
Training loss on iteration 6860 = 0.3350899416953325
Training loss on iteration 6880 = 0.39758446589112284
Training loss on iteration 6900 = 0.4246402733027935
Training loss on iteration 6920 = 0.4609725881367922
Training loss on iteration 6940 = 0.3260356679558754
Training loss on iteration 6960 = 0.37311639450490475
Training loss on iteration 6980 = 0.33297143317759037
Training loss on iteration 7000 = 0.31964040771126745
Training loss on iteration 7020 = 0.30688281208276746
Training loss on iteration 7040 = 0.25856437999755144
Training loss on iteration 7060 = 0.3628367601893842
Training loss on iteration 7080 = 0.30503428168594837
Training loss on iteration 7100 = 0.40637682359665633
Training loss on iteration 7120 = 0.3674101810902357
Training loss on iteration 7140 = 0.3005717985332012
Training loss on iteration 7160 = 0.28918215855956075
Training loss on iteration 7180 = 0.3134923703968525
Training loss on iteration 7200 = 0.3695761952549219
Training loss on iteration 7220 = 0.4419002953916788
Training loss on iteration 7240 = 0.3201864680275321
Training loss on iteration 7260 = 0.39851559810340403
Training loss on iteration 7280 = 0.3266480477526784
Training loss on iteration 7300 = 0.35337428860366343
Training loss on iteration 7320 = 0.3313278879970312
Training loss on iteration 7340 = 0.4328804358839989
Training loss on iteration 7360 = 0.34321587570011614
Training loss on iteration 7380 = 0.287354651466012
Training loss on iteration 7400 = 0.44068476632237435
Training loss on iteration 7420 = 0.29194470774382353
Training loss on iteration 7440 = 0.33703737054020166
Training loss on iteration 7460 = 0.39545815289020536
Training loss on iteration 7480 = 0.2722248736768961
### EVAL:: Epoch 4:: Loss = 0.21216271939570253 :: ACC = 0.9125327592661925, AUC = 0.537992776666782, EER = 0.4754773493073755
Training on epoch 5
Training loss on iteration 0 = 0.14689330756664276
Training loss on iteration 20 = 0.3043187939561903
Training loss on iteration 40 = 0.2999671149998903
Training loss on iteration 60 = 0.36721802279353144
Training loss on iteration 80 = 0.2664092997089028
Training loss on iteration 100 = 0.28442077673971655
Training loss on iteration 120 = 0.3063803810626268
Training loss on iteration 140 = 0.31329043419100344
Training loss on iteration 160 = 0.3104910869151354
Training loss on iteration 180 = 0.33701740596443414
Training loss on iteration 200 = 0.31206543669104575
Training loss on iteration 220 = 0.3702618535608053
Training loss on iteration 240 = 0.37126669101417065
Training loss on iteration 260 = 0.4026657583191991
Training loss on iteration 280 = 0.31252304203808307
Training loss on iteration 300 = 0.27603894621133807
Training loss on iteration 320 = 0.33110972568392755
Training loss on iteration 340 = 0.35749028362333773
Training loss on iteration 360 = 0.33591757863759997
Training loss on iteration 380 = 0.41599881537258626
Training loss on iteration 400 = 0.3397346492856741
Training loss on iteration 420 = 0.2746081568300724
Training loss on iteration 440 = 0.5141822293400764
Training loss on iteration 460 = 0.3735531188547611
Training loss on iteration 480 = 0.28469825219362976
Training loss on iteration 500 = 0.42395391426980494
Training loss on iteration 520 = 0.4239603653550148
Training loss on iteration 540 = 0.29402222875505685
Training loss on iteration 560 = 0.400742313824594
Training loss on iteration 580 = 0.32946100607514384
Training loss on iteration 600 = 0.3292105013504624
Training loss on iteration 620 = 0.32946224324405193
Training loss on iteration 640 = 0.4288588650524616
Training loss on iteration 660 = 0.3162308646366
Training loss on iteration 680 = 0.3616340834647417
Training loss on iteration 700 = 0.23517189295962454
Training loss on iteration 720 = 0.3355395680293441
Training loss on iteration 740 = 0.3230386022478342
Training loss on iteration 760 = 0.33835671842098236
Training loss on iteration 780 = 0.15679743383079767
Training loss on iteration 800 = 0.32959060999564826
Training loss on iteration 820 = 0.31539078019559386
Training loss on iteration 840 = 0.2948749909177423
Training loss on iteration 860 = 0.28598015420138834
Training loss on iteration 880 = 0.3164099768735468
Training loss on iteration 900 = 0.21946578286588192
Training loss on iteration 920 = 0.3720091201364994
Training loss on iteration 940 = 0.4438332445919514
Training loss on iteration 960 = 0.39839637614786627
Training loss on iteration 980 = 0.3010193997994065
Training loss on iteration 1000 = 0.4261465547606349
Training loss on iteration 1020 = 0.36052137762308123
Training loss on iteration 1040 = 0.32153372541069986
Training loss on iteration 1060 = 0.334643005207181
Training loss on iteration 1080 = 0.33212288953363894
Training loss on iteration 1100 = 0.32820978462696077
Training loss on iteration 1120 = 0.40150636062026024
Training loss on iteration 1140 = 0.42503618746995925
Training loss on iteration 1160 = 0.4163208521902561
Training loss on iteration 1180 = 0.4670170359313488
Training loss on iteration 1200 = 0.6737134838476777
Training loss on iteration 1220 = 0.4367038194090128
Training loss on iteration 1240 = 0.3427370984107256
Training loss on iteration 1260 = 0.3527082871645689
Training loss on iteration 1280 = 0.3537666192278266
Training loss on iteration 1300 = 0.4108597062528133
Training loss on iteration 1320 = 0.35366494096815587
Training loss on iteration 1340 = 0.29402951784431935
Training loss on iteration 1360 = 0.35448356419801713
Training loss on iteration 1380 = 0.2768008284270763
Training loss on iteration 1400 = 0.40380054609850047
Training loss on iteration 1420 = 0.3341991577297449
Training loss on iteration 1440 = 0.4192572731524706
Training loss on iteration 1460 = 0.28054212424904107
Training loss on iteration 1480 = 0.3887885132804513
Training loss on iteration 1500 = 0.28987450804561377
Training loss on iteration 1520 = 0.3718560509383678
Training loss on iteration 1540 = 0.3723370086401701
Training loss on iteration 1560 = 0.36641357392072677
Training loss on iteration 1580 = 0.30431639701128005
Training loss on iteration 1600 = 0.28765099626034496
Training loss on iteration 1620 = 0.25528060682117937
Training loss on iteration 1640 = 0.4239986013621092
Training loss on iteration 1660 = 0.39257082939147947
Training loss on iteration 1680 = 0.3085161853581667
Training loss on iteration 1700 = 0.284054740704596
Training loss on iteration 1720 = 0.2507396824657917
Training loss on iteration 1740 = 0.5044974513351917
Training loss on iteration 1760 = 0.397390197776258
Training loss on iteration 1780 = 0.33354141674935817
Training loss on iteration 1800 = 0.33069684244692327
Training loss on iteration 1820 = 0.23901618104428052
Training loss on iteration 1840 = 0.30436700247228143
Training loss on iteration 1860 = 0.31119441948831084
Training loss on iteration 1880 = 0.32360707186162474
Training loss on iteration 1900 = 0.20291293263435364
Training loss on iteration 1920 = 0.31599348969757557
Training loss on iteration 1940 = 0.2652552923187613
Training loss on iteration 1960 = 0.3968395615927875
Training loss on iteration 1980 = 0.3666548430919647
Training loss on iteration 2000 = 0.3285658709704876
Training loss on iteration 2020 = 0.346978747099638
Training loss on iteration 2040 = 0.28774070255458356
Training loss on iteration 2060 = 0.340067146345973
Training loss on iteration 2080 = 0.3528740584850311
Training loss on iteration 2100 = 0.23915435504168273
Training loss on iteration 2120 = 0.2639322502538562
Training loss on iteration 2140 = 0.34403961300849917
Training loss on iteration 2160 = 0.2774879714474082
Training loss on iteration 2180 = 0.2694850884377956
Training loss on iteration 2200 = 0.2767507879063487
Training loss on iteration 2220 = 0.3831806410104036
Training loss on iteration 2240 = 0.2634213823825121
Training loss on iteration 2260 = 0.260653998889029
Training loss on iteration 2280 = 0.5279535546898841
Training loss on iteration 2300 = 0.3737189218401909
Training loss on iteration 2320 = 0.29212242607027294
Training loss on iteration 2340 = 0.3160281728953123
Training loss on iteration 2360 = 0.3566406415309757
Training loss on iteration 2380 = 0.27751184059306977
Training loss on iteration 2400 = 0.4976161625701934
Training loss on iteration 2420 = 0.3974289149045944
Training loss on iteration 2440 = 0.4367049403488636
Training loss on iteration 2460 = 0.4680387805216014
Training loss on iteration 2480 = 0.27448441814631225
Training loss on iteration 2500 = 0.3188534004613757
Training loss on iteration 2520 = 0.3084840551018715
Training loss on iteration 2540 = 0.309600393101573
Training loss on iteration 2560 = 0.3539318213239312
Training loss on iteration 2580 = 0.33512667194008827
Training loss on iteration 2600 = 0.2539580563083291
Training loss on iteration 2620 = 0.2903238239698112
Training loss on iteration 2640 = 0.4023183163255453
Training loss on iteration 2660 = 0.45486433878540994
Training loss on iteration 2680 = 0.7755476320162416
Training loss on iteration 2700 = 0.618602230027318
Training loss on iteration 2720 = 0.3631814700551331
Training loss on iteration 2740 = 0.3027342682704329
Training loss on iteration 2760 = 0.29219605922698977
Training loss on iteration 2780 = 0.32820659726858137
Training loss on iteration 2800 = 0.4970742518082261
Training loss on iteration 2820 = 0.4094689957797527
Training loss on iteration 2840 = 0.34175766855478285
Training loss on iteration 2860 = 0.40434729494154453
Training loss on iteration 2880 = 0.31574361883103846
Training loss on iteration 2900 = 0.3086362903937697
Training loss on iteration 2920 = 0.26316433772444725
Training loss on iteration 2940 = 0.33096418865025046
Training loss on iteration 2960 = 0.2850661460310221
Training loss on iteration 2980 = 0.3525521717965603
Training loss on iteration 3000 = 0.2728248819708824
Training loss on iteration 3020 = 0.3145498650148511
Training loss on iteration 3040 = 0.34488197676837445
Training loss on iteration 3060 = 0.24092101939022542
Training loss on iteration 3080 = 0.19925476424396038
Training loss on iteration 3100 = 0.3652429491281509
Training loss on iteration 3120 = 0.47557380273938177
Training loss on iteration 3140 = 0.33281739242374897
Training loss on iteration 3160 = 0.44576937071979045
Training loss on iteration 3180 = 0.4178905250504613
Training loss on iteration 3200 = 0.36590241119265554
Training loss on iteration 3220 = 0.27852748408913613
Training loss on iteration 3240 = 0.1909945914754644
Training loss on iteration 3260 = 0.29049295717850326
Training loss on iteration 3280 = 0.49400272909551857
Training loss on iteration 3300 = 0.7461998783051967
Training loss on iteration 3320 = 0.965468009095639
Training loss on iteration 3340 = 0.43621673006564377
Training loss on iteration 3360 = 0.42981881089508533
Training loss on iteration 3380 = 0.3624018434435129
Training loss on iteration 3400 = 0.30967238172888756
Training loss on iteration 3420 = 0.3005964670330286
Training loss on iteration 3440 = 0.31867035534232857
Training loss on iteration 3460 = 0.4020886391401291
Training loss on iteration 3480 = 0.25058723948895933
Training loss on iteration 3500 = 0.39951219484210015
Training loss on iteration 3520 = 0.5717915495857596
Training loss on iteration 3540 = 0.31922763027250767
Training loss on iteration 3560 = 0.22681661944370718
Training loss on iteration 3580 = 0.34496380630880596
Training loss on iteration 3600 = 0.36253964613424616
Training loss on iteration 3620 = 0.4376396633684635
Training loss on iteration 3640 = 0.2662013816647232
Training loss on iteration 3660 = 0.24072095640003682
Training loss on iteration 3680 = 0.31270515443757174
Training loss on iteration 3700 = 0.301432429254055
Training loss on iteration 3720 = 0.29680711925029757
Training loss on iteration 3740 = 0.3136424273252487
Training loss on iteration 3760 = 0.4459444094449282
Training loss on iteration 3780 = 0.360251010581851
Training loss on iteration 3800 = 0.3019529404118657
Training loss on iteration 3820 = 0.318041968671605
Training loss on iteration 3840 = 0.27211884018033744
Training loss on iteration 3860 = 0.309880961664021
Training loss on iteration 3880 = 0.3316895257681608
Training loss on iteration 3900 = 0.4220171719789505
Training loss on iteration 3920 = 0.35126074217259884
Training loss on iteration 3940 = 0.31699749939143657
Training loss on iteration 3960 = 0.2238255050033331
Training loss on iteration 3980 = 0.22498171199113132
Training loss on iteration 4000 = 0.3960912715643644
Training loss on iteration 4020 = 6.276624673604966
Training loss on iteration 4040 = 3.6222584180533888
Training loss on iteration 4060 = 1.1836590412072838
Training loss on iteration 4080 = 2.472860586643219
Training loss on iteration 4100 = 1.259057778865099
Training loss on iteration 4120 = 0.5385171703994274
Training loss on iteration 4140 = 0.43543303832411767
Training loss on iteration 4160 = 0.2769174750894308
Training loss on iteration 4180 = 0.42770643942058084
Training loss on iteration 4200 = 0.6784806117415428
Training loss on iteration 4220 = 0.5120695266872645
Training loss on iteration 4240 = 0.38257948979735373
Training loss on iteration 4260 = 0.304363165423274
Training loss on iteration 4280 = 0.3055446416139603
Training loss on iteration 4300 = 0.4323388570919633
Training loss on iteration 4320 = 0.4304194120690227
Training loss on iteration 4340 = 0.44224654249846934
Training loss on iteration 4360 = 0.36327495775185525
Training loss on iteration 4380 = 0.3715252749621868
Training loss on iteration 4400 = 0.32706553116440773
Training loss on iteration 4420 = 0.34847600050270555
Training loss on iteration 4440 = 0.392604698613286
Training loss on iteration 4460 = 0.35493820868432524
Training loss on iteration 4480 = 0.3257082846015692
Training loss on iteration 4500 = 0.3096502278000116
Training loss on iteration 4520 = 0.501512435823679
Training loss on iteration 4540 = 0.47298202440142634
Training loss on iteration 4560 = 0.37352932393550875
Training loss on iteration 4580 = 0.4102513287216425
Training loss on iteration 4600 = 0.4860127612948418
Training loss on iteration 4620 = 0.35400698482990267
Training loss on iteration 4640 = 0.3631946720182896
Training loss on iteration 4660 = 0.3101125665009022
Training loss on iteration 4680 = 1.382877927646041
Training loss on iteration 4700 = 1.0451865445822477
Training loss on iteration 4720 = 0.6056883029639721
Training loss on iteration 4740 = 0.5741143803112209
Training loss on iteration 4760 = 0.5044768691062927
Training loss on iteration 4780 = 0.48914239555597305
Training loss on iteration 4800 = 0.5975887224078178
Training loss on iteration 4820 = 0.37034155838191507
Training loss on iteration 4840 = 0.3220011111348867
Training loss on iteration 4860 = 0.8779255174100399
Training loss on iteration 4880 = 0.4776222638785839
Training loss on iteration 4900 = 0.40570840388536455
Training loss on iteration 4920 = 0.3503355760127306
Training loss on iteration 4940 = 0.4740143731236458
Training loss on iteration 4960 = 0.4656350616365671
Training loss on iteration 4980 = 0.41391279101371764
Training loss on iteration 5000 = 0.3279116738587618
Training loss on iteration 5020 = 0.4389977429062128
Training loss on iteration 5040 = 0.4355166744440794
Training loss on iteration 5060 = 0.49061732478439807
Training loss on iteration 5080 = 0.327799740806222
Training loss on iteration 5100 = 0.4234516352415085
Training loss on iteration 5120 = 0.35880567263811824
Training loss on iteration 5140 = 0.31319664921611545
Training loss on iteration 5160 = 0.437960521876812
Training loss on iteration 5180 = 0.3766225339844823
Training loss on iteration 5200 = 0.3267447892576456
Training loss on iteration 5220 = 0.3538871996104717
Training loss on iteration 5240 = 0.3684969760477543
Training loss on iteration 5260 = 0.36951025761663914
Training loss on iteration 5280 = 0.48248751237988474
Training loss on iteration 5300 = 0.374034920707345
Training loss on iteration 5320 = 0.2775949124246836
Training loss on iteration 5340 = 0.3506859514862299
Training loss on iteration 5360 = 0.44750007018446925
Training loss on iteration 5380 = 0.37898014187812806
Training loss on iteration 5400 = 0.3237519945949316
Training loss on iteration 5420 = 0.3351123444736004
Training loss on iteration 5440 = 0.3286719644442201
Training loss on iteration 5460 = 0.31219799928367137
Training loss on iteration 5480 = 0.29880027696490286
Training loss on iteration 5500 = 0.2620538890361786
Training loss on iteration 5520 = 0.2849270191043615
Training loss on iteration 5540 = 0.3296039417386055
Training loss on iteration 5560 = 0.30191585309803487
Training loss on iteration 5580 = 0.3433688264340162
Training loss on iteration 5600 = 0.32343819793313744
Training loss on iteration 5620 = 0.25549299605190756
Training loss on iteration 5640 = 0.3115121627226472
Training loss on iteration 5660 = 0.3817273024469614
Training loss on iteration 5680 = 0.32316484991461036
Training loss on iteration 5700 = 0.31439876090735197
Training loss on iteration 5720 = 0.43121482655405996
Training loss on iteration 5740 = 0.42943818531930444
Training loss on iteration 5760 = 0.48549396023154257
Training loss on iteration 5780 = 0.39722091481089594
Training loss on iteration 5800 = 0.4884462900459766
Training loss on iteration 5820 = 0.280817068554461
Training loss on iteration 5840 = 0.2581410472281277
Training loss on iteration 5860 = 0.38777826754376293
Training loss on iteration 5880 = 0.46272614784538746
Training loss on iteration 5900 = 0.37324963957071305
Training loss on iteration 5920 = 0.38418538570404054
Training loss on iteration 5940 = 0.5048968382179737
Training loss on iteration 5960 = 0.39562957286834716
Training loss on iteration 5980 = 0.27904330343008044
Training loss on iteration 6000 = 0.4008103508502245
Training loss on iteration 6020 = 0.3865446634590626
Training loss on iteration 6040 = 0.3438330261036754
Training loss on iteration 6060 = 0.4177722856402397
Training loss on iteration 6080 = 0.3644404798746109
Training loss on iteration 6100 = 0.3659049585461617
Training loss on iteration 6120 = 0.24536999315023422
Training loss on iteration 6140 = 0.361251921672374
Training loss on iteration 6160 = 0.27180481385439637
Training loss on iteration 6180 = 0.2952039588242769
Training loss on iteration 6200 = 0.3341560699045658
Training loss on iteration 6220 = 0.2578957621008158
Training loss on iteration 6240 = 0.36128500625491144
Training loss on iteration 6260 = 0.2750099394470453
Training loss on iteration 6280 = 0.4151168026030064
Training loss on iteration 6300 = 0.4063696555793285
Training loss on iteration 6320 = 0.36283655613660815
Training loss on iteration 6340 = 0.3689583223313093
Training loss on iteration 6360 = 0.4944186698645353
Training loss on iteration 6380 = 0.3002117121592164
Training loss on iteration 6400 = 0.3055119559168816
Training loss on iteration 6420 = 0.28490315899252894
Training loss on iteration 6440 = 0.4968636281788349
Training loss on iteration 6460 = 0.3331495147198439
Training loss on iteration 6480 = 0.4040601342916489
Training loss on iteration 6500 = 0.49303878508508203
Training loss on iteration 6520 = 0.45871043428778646
Training loss on iteration 6540 = 0.2846369929611683
Training loss on iteration 6560 = 0.25917778108268974
Training loss on iteration 6580 = 0.3333579171448946
Training loss on iteration 6600 = 0.3290274262428284
Training loss on iteration 6620 = 0.44317430779337885
Training loss on iteration 6640 = 0.3368664916604757
Training loss on iteration 6660 = 0.2954906698316336
Training loss on iteration 6680 = 0.27485748901963236
Training loss on iteration 6700 = 0.3124393172562122
Training loss on iteration 6720 = 0.3546547405421734
Training loss on iteration 6740 = 0.3879804402589798
Training loss on iteration 6760 = 0.2692329205572605
Training loss on iteration 6780 = 0.27595409862697123
Training loss on iteration 6800 = 0.4955056007951498
Training loss on iteration 6820 = 0.45878356173634527
Training loss on iteration 6840 = 0.333999985922128
Training loss on iteration 6860 = 0.26381721198558805
Training loss on iteration 6880 = 0.3852058045566082
Training loss on iteration 6900 = 0.2819860976189375
Training loss on iteration 6920 = 0.398781418427825
Training loss on iteration 6940 = 0.41724685551598667
Training loss on iteration 6960 = 0.43097051940858366
Training loss on iteration 6980 = 0.3608310973271728
Training loss on iteration 7000 = 0.2632280446588993
Training loss on iteration 7020 = 0.5059017706662416
Training loss on iteration 7040 = 0.29944092966616154
Training loss on iteration 7060 = 0.32805460235103967
Training loss on iteration 7080 = 0.35886086355894803
Training loss on iteration 7100 = 0.49187525138258936
Training loss on iteration 7120 = 0.38113411590456964
Training loss on iteration 7140 = 0.3228858098387718
Training loss on iteration 7160 = 0.30274165887385607
Training loss on iteration 7180 = 0.5498994350433349
Training loss on iteration 7200 = 0.4512942239642143
Training loss on iteration 7220 = 0.540604617074132
Training loss on iteration 7240 = 0.46732387393713
Training loss on iteration 7260 = 0.40191636644303796
Training loss on iteration 7280 = 0.43203083574771883
Training loss on iteration 7300 = 0.30278761200606824
Training loss on iteration 7320 = 0.39678459614515305
Training loss on iteration 7340 = 0.3468782238662243
Training loss on iteration 7360 = 0.29825787656009195
Training loss on iteration 7380 = 0.46303059682250025
Training loss on iteration 7400 = 0.3490359902381897
Training loss on iteration 7420 = 0.39217469850555065
Training loss on iteration 7440 = 0.2726079788058996
Training loss on iteration 7460 = 0.2580986637622118
Training loss on iteration 7480 = 0.2889128959737718
### EVAL:: Epoch 5:: Loss = 0.2614077382076719 :: ACC = 0.8978846873830026, AUC = 0.19064066783698502, EER = 0.7381130662673157
Training on epoch 6
Training loss on iteration 0 = 0.2442432940006256
Training loss on iteration 20 = 0.4435020208358765
Training loss on iteration 40 = 0.4046030677855015
Training loss on iteration 60 = 0.48071585297584535
Training loss on iteration 80 = 0.25801287069916723
Training loss on iteration 100 = 0.3097298825159669
Training loss on iteration 120 = 0.337459178455174
Training loss on iteration 140 = 0.45373642034828665
Training loss on iteration 160 = 0.3444183165207505
Training loss on iteration 180 = 0.410650965385139
Training loss on iteration 200 = 0.4796405840665102
Training loss on iteration 220 = 0.48036479838192464
Training loss on iteration 240 = 0.41863889396190646
Training loss on iteration 260 = 0.4407423475757241
Training loss on iteration 280 = 0.41673340648412704
Training loss on iteration 300 = 0.44588133227080107
Training loss on iteration 320 = 0.31263703405857085
Training loss on iteration 340 = 0.4238736051134765
Training loss on iteration 360 = 0.3002606838941574
Training loss on iteration 380 = 0.254458131454885
Training loss on iteration 400 = 0.37211736124008893
Training loss on iteration 420 = 0.3062340412288904
Training loss on iteration 440 = 0.40078954957425594
Training loss on iteration 460 = 0.3809415679425001
Training loss on iteration 480 = 0.3015854997560382
Training loss on iteration 500 = 0.3678109563887119
Training loss on iteration 520 = 0.3684573333710432
Training loss on iteration 540 = 0.3355062797665596
Training loss on iteration 560 = 0.432068389095366
Training loss on iteration 580 = 0.37227305993437765
Training loss on iteration 600 = 0.8053241692483425
Training loss on iteration 620 = 0.6808353271335363
Training loss on iteration 640 = 0.4565090000629425
Training loss on iteration 660 = 0.2707805786281824
Training loss on iteration 680 = 0.3524645287543535
Training loss on iteration 700 = 0.38625073749572036
Training loss on iteration 720 = 0.2800246845930815
Training loss on iteration 740 = 0.28241285029798746
Training loss on iteration 760 = 0.30123503506183624
Training loss on iteration 780 = 0.2688462622463703
Training loss on iteration 800 = 0.3383337613195181
Training loss on iteration 820 = 0.30930765382945535
Training loss on iteration 840 = 0.330777090229094
Training loss on iteration 860 = 0.3558910258114338
Training loss on iteration 880 = 0.3092082755640149
Training loss on iteration 900 = 0.258213700260967
Training loss on iteration 920 = 0.42654325868934395
Training loss on iteration 940 = 0.46903395727276803
Training loss on iteration 960 = 0.3476552728563547
Training loss on iteration 980 = 0.3632099872455001
Training loss on iteration 1000 = 0.2226338680833578
Training loss on iteration 1020 = 0.3284354332834482
Training loss on iteration 1040 = 0.3856409329921007
Training loss on iteration 1060 = 0.4292425407096744
Training loss on iteration 1080 = 0.36709472462534903
Training loss on iteration 1100 = 0.2589535554870963
Training loss on iteration 1120 = 0.30711704324930905
Training loss on iteration 1140 = 0.29334344808012247
Training loss on iteration 1160 = 0.2141743591055274
Training loss on iteration 1180 = 0.2675804402679205
Training loss on iteration 1200 = 0.38214552607387303
Training loss on iteration 1220 = 0.3001844699494541
Training loss on iteration 1240 = 0.3277987075969577
Training loss on iteration 1260 = 0.3479082427918911
Training loss on iteration 1280 = 0.3402054879814386
Training loss on iteration 1300 = 0.3625521554611623
Training loss on iteration 1320 = 0.29698314629495143
Training loss on iteration 1340 = 0.40865337252616885
Training loss on iteration 1360 = 0.35471809916198255
Training loss on iteration 1380 = 0.37066469229757787
Training loss on iteration 1400 = 0.34475207068026065
Training loss on iteration 1420 = 0.3530343808233738
Training loss on iteration 1440 = 0.3409796576946974
Training loss on iteration 1460 = 0.28433679323643446
Training loss on iteration 1480 = 0.3826629400253296
Training loss on iteration 1500 = 0.3944179341197014
Training loss on iteration 1520 = 0.35453051393851637
Training loss on iteration 1540 = 0.37141987765207884
Training loss on iteration 1560 = 0.414414594322443
Training loss on iteration 1580 = 0.3341534184291959
Training loss on iteration 1600 = 0.3385906096547842
Training loss on iteration 1620 = 0.34507189206779004
Training loss on iteration 1640 = 0.3028155883774161
Training loss on iteration 1660 = 0.36043905429542067
Training loss on iteration 1680 = 0.33713504280894996
Training loss on iteration 1700 = 0.32943840734660623
Training loss on iteration 1720 = 0.3120440699160099
Training loss on iteration 1740 = 0.4547364622354507
Training loss on iteration 1760 = 0.42982812970876694
Training loss on iteration 1780 = 0.31704544331878426
Training loss on iteration 1800 = 0.3412342805415392
Training loss on iteration 1820 = 0.2762537855654955
Training loss on iteration 1840 = 0.42586956918239594
Training loss on iteration 1860 = 0.3876524530351162
Training loss on iteration 1880 = 0.3597966756671667
Training loss on iteration 1900 = 0.40562823265790937
Training loss on iteration 1920 = 0.33672165861353276
Training loss on iteration 1940 = 0.30532942060381174
Training loss on iteration 1960 = 0.6101350605487823
Training loss on iteration 1980 = 0.3439891515299678
Training loss on iteration 2000 = 0.4107778802514076
Training loss on iteration 2020 = 0.31765054948627947
Training loss on iteration 2040 = 0.436817742139101
Training loss on iteration 2060 = 0.24014212097972631
Training loss on iteration 2080 = 0.42086293213069437
Training loss on iteration 2100 = 0.44472946897149085
Training loss on iteration 2120 = 0.46358963996171954
Training loss on iteration 2140 = 0.3916664689779282
Training loss on iteration 2160 = 0.2639329413883388
Training loss on iteration 2180 = 0.2901447795331478
Training loss on iteration 2200 = 0.6387516435235738
Training loss on iteration 2220 = 0.35987382046878336
Training loss on iteration 2240 = 0.3683631144464016
Training loss on iteration 2260 = 0.4837661687284708
Training loss on iteration 2280 = 0.4770083653740585
Training loss on iteration 2300 = 0.2936960505321622
Training loss on iteration 2320 = 0.33518958613276484
Training loss on iteration 2340 = 0.22800725381821393
Training loss on iteration 2360 = 0.3835786785930395
Training loss on iteration 2380 = 0.24802186437882484
Training loss on iteration 2400 = 0.4156986389309168
Training loss on iteration 2420 = 0.2944638852030039
Training loss on iteration 2440 = 0.37733897417783735
Training loss on iteration 2460 = 0.4930897936224937
Training loss on iteration 2480 = 0.4874705243855715
Training loss on iteration 2500 = 0.3100676774978638
Training loss on iteration 2520 = 0.28096310994587836
Training loss on iteration 2540 = 0.26486425921320916
Training loss on iteration 2560 = 0.40933135952800515
Training loss on iteration 2580 = 0.35670085363090037
Training loss on iteration 2600 = 0.3253217661753297
Training loss on iteration 2620 = 0.3052336797118187
Training loss on iteration 2640 = 0.2987009221687913
Training loss on iteration 2660 = 0.2576183542609215
Training loss on iteration 2680 = 0.3658762712031603
Training loss on iteration 2700 = 0.23212429132545367
Training loss on iteration 2720 = 0.30462404880672694
Training loss on iteration 2740 = 0.3184434028342366
Training loss on iteration 2760 = 0.42172457855194806
Training loss on iteration 2780 = 0.3201566323637962
Training loss on iteration 2800 = 0.413229301199317
Training loss on iteration 2820 = 0.40805978458374736
Training loss on iteration 2840 = 0.30874181613326074
Training loss on iteration 2860 = 0.42366236485540865
Training loss on iteration 2880 = 0.27754669897258283
Training loss on iteration 2900 = 0.3212919794023037
Training loss on iteration 2920 = 0.31459593065083025
Training loss on iteration 2940 = 0.26991604156792165
Training loss on iteration 2960 = 0.4094106245785952
Training loss on iteration 2980 = 0.39266948103904725
Training loss on iteration 3000 = 0.3327292285859585
Training loss on iteration 3020 = 0.28323846207931636
Training loss on iteration 3040 = 0.24449718333780765
Training loss on iteration 3060 = 0.30831370390951635
Training loss on iteration 3080 = 0.24835239835083484
Training loss on iteration 3100 = 0.35067103495821356
Training loss on iteration 3120 = 0.24712513536214828
Training loss on iteration 3140 = 0.3913569340482354
Training loss on iteration 3160 = 0.46997442743740975
Training loss on iteration 3180 = 0.3223769348114729
Training loss on iteration 3200 = 0.3545961773023009
Training loss on iteration 3220 = 0.3342734709382057
Training loss on iteration 3240 = 0.3554696898907423
Training loss on iteration 3260 = 0.36404810287058353
Training loss on iteration 3280 = 0.410978901386261
Training loss on iteration 3300 = 0.32270034924149515
Training loss on iteration 3320 = 0.34700127840042116
Training loss on iteration 3340 = 0.38082738369703295
Training loss on iteration 3360 = 0.40503749530762434
Training loss on iteration 3380 = 0.4622422721236944
Training loss on iteration 3400 = 0.3315682896412909
Training loss on iteration 3420 = 0.6233450969681144
Training loss on iteration 3440 = 0.4556634195148945
Training loss on iteration 3460 = 0.4733075277879834
Training loss on iteration 3480 = 0.40635609701275827
Training loss on iteration 3500 = 0.4208004757761955
Training loss on iteration 3520 = 0.4346715573221445
Training loss on iteration 3540 = 0.3710428413003683
Training loss on iteration 3560 = 0.47850905600935223
Training loss on iteration 3580 = 0.28607354070991275
Training loss on iteration 3600 = 0.30577877406030896
Training loss on iteration 3620 = 0.28779546208679674
Training loss on iteration 3640 = 0.31084560267627237
Training loss on iteration 3660 = 0.2985956944525242
Training loss on iteration 3680 = 0.3082562574651092
Training loss on iteration 3700 = 0.3416982665657997
Training loss on iteration 3720 = 0.26916985618881883
Training loss on iteration 3740 = 0.2354475252330303
Training loss on iteration 3760 = 0.4444529007188976
Training loss on iteration 3780 = 0.2639284137636423
Training loss on iteration 3800 = 0.24767723716795445
Training loss on iteration 3820 = 0.42567317858338355
Training loss on iteration 3840 = 0.46832875311374667
Training loss on iteration 3860 = 0.4426651142537594
Training loss on iteration 3880 = 0.43216470293700693
Training loss on iteration 3900 = 0.39702535010874274
Training loss on iteration 3920 = 0.5301569516770541
Training loss on iteration 3940 = 0.33797445744276045
Training loss on iteration 3960 = 0.22752129845321178
Training loss on iteration 3980 = 0.2131132041104138
Training loss on iteration 4000 = 0.32279962319880723
Training loss on iteration 4020 = 0.3044829870108515
Training loss on iteration 4040 = 0.3303605110384524
Training loss on iteration 4060 = 0.39231486301869156
Training loss on iteration 4080 = 0.41704812087118626
Training loss on iteration 4100 = 0.3712084172293544
Training loss on iteration 4120 = 0.3108969535678625
Training loss on iteration 4140 = 0.31072877869009974
Training loss on iteration 4160 = 0.33682650197297337
Training loss on iteration 4180 = 0.27361279521137477
Training loss on iteration 4200 = 0.2826138734817505
Training loss on iteration 4220 = 0.32330394722521305
Training loss on iteration 4240 = 0.3963600233197212
Training loss on iteration 4260 = 0.4035945573821664
Training loss on iteration 4280 = 0.29599341759458186
Training loss on iteration 4300 = 0.336448323354125
Training loss on iteration 4320 = 0.3496476573869586
Training loss on iteration 4340 = 0.290614652633667
Training loss on iteration 4360 = 0.2746150495484471
Training loss on iteration 4380 = 0.305862969905138
Training loss on iteration 4400 = 0.3910343093797565
Training loss on iteration 4420 = 0.48898861519992354
Training loss on iteration 4440 = 0.41627642437815665
Training loss on iteration 4460 = 0.24485078803263605
Training loss on iteration 4480 = 0.26308469446375965
Training loss on iteration 4500 = 0.681429218640551
Training loss on iteration 4520 = 0.4854986446443945
Training loss on iteration 4540 = 0.42020776923745873
Training loss on iteration 4560 = 0.305090356990695
Training loss on iteration 4580 = 0.3023411612957716
Training loss on iteration 4600 = 0.28201848957687614
Training loss on iteration 4620 = 0.34220441021025183
Training loss on iteration 4640 = 0.2549361567944288
Training loss on iteration 4660 = 0.2390141668729484
Training loss on iteration 4680 = 0.22967304587364196
Training loss on iteration 4700 = 0.30241662906482814
Training loss on iteration 4720 = 0.3396624693647027
Training loss on iteration 4740 = 0.25787366162985564
Training loss on iteration 4760 = 0.32222998128272595
Training loss on iteration 4780 = 0.3805959980934858
Training loss on iteration 4800 = 0.27384578734636306
Training loss on iteration 4820 = 0.20983092850074173
Training loss on iteration 4840 = 0.29791463278234004
Training loss on iteration 4860 = 0.3459573946893215
Training loss on iteration 4880 = 0.24545792285352946
Training loss on iteration 4900 = 0.4630381088703871
Training loss on iteration 4920 = 0.4750476375222206
Training loss on iteration 4940 = 0.5107973858714103
Training loss on iteration 4960 = 0.33446444794535635
Training loss on iteration 4980 = 0.35640483591705563
Training loss on iteration 5000 = 0.35622655488550664
Training loss on iteration 5020 = 0.31119757127016784
Training loss on iteration 5040 = 0.31007540933787825
Training loss on iteration 5060 = 0.34012259244918824
Training loss on iteration 5080 = 0.3912262085825205
Training loss on iteration 5100 = 0.30376847721636296
Training loss on iteration 5120 = 0.2626545075327158
Training loss on iteration 5140 = 0.3075203947722912
Training loss on iteration 5160 = 0.2970526907593012
Training loss on iteration 5180 = 0.32752920482307674
Training loss on iteration 5200 = 0.2146139893680811
Training loss on iteration 5220 = 0.30694929920136926
Training loss on iteration 5240 = 0.6263021044433117
Training loss on iteration 5260 = 0.535311608761549
Training loss on iteration 5280 = 0.3495274163782597
Training loss on iteration 5300 = 0.3945577840320766
Training loss on iteration 5320 = 0.7042910043150187
Training loss on iteration 5340 = 0.5317723615095019
Training loss on iteration 5360 = 0.43439574390649793
Training loss on iteration 5380 = 0.319034856185317
Training loss on iteration 5400 = 0.41849534325301646
Training loss on iteration 5420 = 0.28266875287517906
Training loss on iteration 5440 = 0.3458613557741046
Training loss on iteration 5460 = 0.29911772552877663
Training loss on iteration 5480 = 0.21563641596585512
Training loss on iteration 5500 = 0.2940227802842855
Training loss on iteration 5520 = 0.21412204056978226
Training loss on iteration 5540 = 0.24993147365748883
Training loss on iteration 5560 = 0.3617088181897998
Training loss on iteration 5580 = 0.45304506123065946
Training loss on iteration 5600 = 0.2767046593129635
Training loss on iteration 5620 = 0.26245789397507907
Training loss on iteration 5640 = 0.35685753300786016
Training loss on iteration 5660 = 0.3130908112972975
Training loss on iteration 5680 = 0.36118845734745264
Training loss on iteration 5700 = 0.4626375941559672
Training loss on iteration 5720 = 0.29271091488189993
Training loss on iteration 5740 = 0.4738453932106495
Training loss on iteration 5760 = 0.2808513565920293
Training loss on iteration 5780 = 0.3635428585112095
Training loss on iteration 5800 = 0.39734426960349084
Training loss on iteration 5820 = 0.2751086063683033
Training loss on iteration 5840 = 0.2851661557331681
Training loss on iteration 5860 = 0.26261075492948294
Training loss on iteration 5880 = 0.3524558532983065
Training loss on iteration 5900 = 0.40126661751419307
Training loss on iteration 5920 = 0.40967508368194105
Training loss on iteration 5940 = 0.47447140626609324
Training loss on iteration 5960 = 0.5472635345999152
Training loss on iteration 5980 = 0.47203672863543034
Training loss on iteration 6000 = 0.31476815599016844
Training loss on iteration 6020 = 0.2514247073791921
Training loss on iteration 6040 = 0.30324989929795265
Training loss on iteration 6060 = 0.1970434590242803
Training loss on iteration 6080 = 0.42113031465560197
Training loss on iteration 6100 = 0.37852948531508446
Training loss on iteration 6120 = 0.43976841066032646
Training loss on iteration 6140 = 0.5928888827562332
Training loss on iteration 6160 = 0.5657797122374177
Training loss on iteration 6180 = 1.6025929495692253
Training loss on iteration 6200 = 1.0513707287609577
Training loss on iteration 6220 = 0.6243282049894333
Training loss on iteration 6240 = 0.5190178949385882
Training loss on iteration 6260 = 0.7784591980278492
Training loss on iteration 6280 = 0.46997319757938383
Training loss on iteration 6300 = 0.5413034662604332
Training loss on iteration 6320 = 0.5730477169156074
Training loss on iteration 6340 = 0.572828258574009
Training loss on iteration 6360 = 0.44738966375589373
Training loss on iteration 6380 = 0.49101355373859407
Training loss on iteration 6400 = 0.5290763676166534
Training loss on iteration 6420 = 0.44892376884818075
Training loss on iteration 6440 = 0.6948498286306858
Training loss on iteration 6460 = 0.4978112639859319
Training loss on iteration 6480 = 0.42964598909020424
Training loss on iteration 6500 = 0.5258555680513382
Training loss on iteration 6520 = 0.5948361020535231
Training loss on iteration 6540 = 0.8580774903297425
Training loss on iteration 6560 = 0.7292508609592915
Training loss on iteration 6580 = 0.5647829510271549
Training loss on iteration 6600 = 0.4060907006263733
Training loss on iteration 6620 = 0.3704687986522913
Training loss on iteration 6640 = 0.49210641011595724
Training loss on iteration 6660 = 0.3361941635608673
Training loss on iteration 6680 = 0.4350016612559557
Training loss on iteration 6700 = 0.4458765428513288
Training loss on iteration 6720 = 0.3825231842696667
Training loss on iteration 6740 = 0.5150810480117798
Training loss on iteration 6760 = 0.4502363674342632
Training loss on iteration 6780 = 0.33387228548526765
Training loss on iteration 6800 = 0.7052718013525009
Training loss on iteration 6820 = 0.6668721616268158
Training loss on iteration 6840 = 0.4834107391536236
Training loss on iteration 6860 = 0.4671602822840214
Training loss on iteration 6880 = 0.35295598693192004
Training loss on iteration 6900 = 0.3712678011506796
Training loss on iteration 6920 = 0.43472991734743116
Training loss on iteration 6940 = 0.35438838582485915
Training loss on iteration 6960 = 0.3727407842874527
Training loss on iteration 6980 = 0.3543482132256031
Training loss on iteration 7000 = 0.5263910308480263
Training loss on iteration 7020 = 0.34671737663447855
Training loss on iteration 7040 = 0.40571139976382253
Training loss on iteration 7060 = 0.3809491522610188
Training loss on iteration 7080 = 0.38612409960478544
Training loss on iteration 7100 = 0.5018561650067568
Training loss on iteration 7120 = 0.42748152688145635
Training loss on iteration 7140 = 0.5523454390466214
Training loss on iteration 7160 = 0.5069082535803318
Training loss on iteration 7180 = 0.49904303103685377
Training loss on iteration 7200 = 0.4153938166797161
Training loss on iteration 7220 = 0.9201233665458858
Training loss on iteration 7240 = 0.5984939388930798
Training loss on iteration 7260 = 0.47463599443435667
Training loss on iteration 7280 = 0.7262310191988945
Training loss on iteration 7300 = 0.5305965714156627
Training loss on iteration 7320 = 0.6554590724408627
Training loss on iteration 7340 = 0.603748606145382
Training loss on iteration 7360 = 0.3626170387491584
Training loss on iteration 7380 = 0.35166853591799735
Training loss on iteration 7400 = 0.5106399280950427
Training loss on iteration 7420 = 0.5554065011441708
Training loss on iteration 7440 = 0.520519407838583
Training loss on iteration 7460 = 0.2791011355817318
Training loss on iteration 7480 = 0.43097486570477483
### EVAL:: Epoch 6:: Loss = 0.2997275200397425 :: ACC = 0.8688693373268439, AUC = 0.1506919543017961, EER = 0.775926619243729
Training on epoch 7
Training loss on iteration 0 = 0.34001022577285767
Training loss on iteration 20 = 0.40176252126693723
Training loss on iteration 40 = 0.2874067690223455
Training loss on iteration 60 = 0.5303044218569994
Training loss on iteration 80 = 0.49027408882975576
Training loss on iteration 100 = 0.38643000181764364
Training loss on iteration 120 = 0.4155332036316395
Training loss on iteration 140 = 0.3499596413224936
Training loss on iteration 160 = 0.42942579202353953
Training loss on iteration 180 = 0.3539765913039446
Training loss on iteration 200 = 0.4005290143191814
Training loss on iteration 220 = 0.3740540437400341
Training loss on iteration 240 = 0.33544859252870085
Training loss on iteration 260 = 0.2976366052404046
Training loss on iteration 280 = 0.408177537843585
Training loss on iteration 300 = 0.4165196929126978
Training loss on iteration 320 = 0.25067768692970277
Training loss on iteration 340 = 0.2660690258257091
Training loss on iteration 360 = 0.24726730976253747
Training loss on iteration 380 = 0.4644827526062727
Training loss on iteration 400 = 0.2838134543970227
Training loss on iteration 420 = 0.308594267629087
Training loss on iteration 440 = 0.43573092222213744
Training loss on iteration 460 = 0.3534068543463945
Training loss on iteration 480 = 0.5090489566326142
Training loss on iteration 500 = 0.6087828809395432
Training loss on iteration 520 = 0.4601266525685787
Training loss on iteration 540 = 0.4273665823042393
Training loss on iteration 560 = 0.4506436796858907
Training loss on iteration 580 = 0.29446332082152366
Training loss on iteration 600 = 0.3278096079826355
Training loss on iteration 620 = 0.41183293201029303
Training loss on iteration 640 = 0.4699420865625143
Training loss on iteration 660 = 0.33029236923903227
Training loss on iteration 680 = 0.3144657012075186
Training loss on iteration 700 = 0.36850077118724583
Training loss on iteration 720 = 0.39724692739546297
Training loss on iteration 740 = 0.37990142703056334
Training loss on iteration 760 = 0.3612069644033909
Training loss on iteration 780 = 0.3360399711877108
Training loss on iteration 800 = 0.3164296023547649
Training loss on iteration 820 = 0.2919367686845362
Training loss on iteration 840 = 0.33201879616826774
Training loss on iteration 860 = 0.3252194682136178
Training loss on iteration 880 = 0.31701874248683454
Training loss on iteration 900 = 0.4933855593204498
Training loss on iteration 920 = 0.348238792270422
Training loss on iteration 940 = 0.36825808696448803
Training loss on iteration 960 = 0.39105155095458033
Training loss on iteration 980 = 0.3044705050066113
Training loss on iteration 1000 = 0.32037837971001865
Training loss on iteration 1020 = 0.5478930663317442
Training loss on iteration 1040 = 0.35434239730238914
Training loss on iteration 1060 = 0.32222394421696665
Training loss on iteration 1080 = 0.3335795821622014
Training loss on iteration 1100 = 0.25446643866598606
Training loss on iteration 1120 = 0.3951944414526224
Training loss on iteration 1140 = 0.2508752912282944
Training loss on iteration 1160 = 0.4096441950649023
Training loss on iteration 1180 = 0.255544058419764
Training loss on iteration 1200 = 0.31932388823479413
Training loss on iteration 1220 = 0.35973429922014477
Training loss on iteration 1240 = 0.2845647048205137
Training loss on iteration 1260 = 0.44715429805219176
Training loss on iteration 1280 = 0.3274000409990549
Training loss on iteration 1300 = 0.40093308947980405
Training loss on iteration 1320 = 0.47208383232355117
Training loss on iteration 1340 = 0.4158781062811613
Training loss on iteration 1360 = 0.3325443103909492
Training loss on iteration 1380 = 0.28882581554353237
Training loss on iteration 1400 = 0.3009868888184428
Training loss on iteration 1420 = 0.38109233118593694
Training loss on iteration 1440 = 0.304205771535635
Training loss on iteration 1460 = 0.31541849225759505
Training loss on iteration 1480 = 0.3051612401381135
Training loss on iteration 1500 = 0.2955120634287596
Training loss on iteration 1520 = 0.36254970263689756
Training loss on iteration 1540 = 0.30823079962283373
Training loss on iteration 1560 = 0.2507210278417915
Training loss on iteration 1580 = 0.27896908633410933
Training loss on iteration 1600 = 0.333397070877254
Training loss on iteration 1620 = 0.32617681138217447
Training loss on iteration 1640 = 0.34444116335362196
Training loss on iteration 1660 = 0.2898070649243891
Training loss on iteration 1680 = 0.3760488899424672
Training loss on iteration 1700 = 0.34611001834273336
Training loss on iteration 1720 = 0.37276175171136855
Training loss on iteration 1740 = 0.22078187130391597
Training loss on iteration 1760 = 0.36575161255896094
Training loss on iteration 1780 = 0.2819556508213282
Training loss on iteration 1800 = 0.235626907274127
Training loss on iteration 1820 = 0.23145562019199134
Training loss on iteration 1840 = 0.3450357086956501
Training loss on iteration 1860 = 0.5662489295005798
Training loss on iteration 1880 = 0.49313927106559274
Training loss on iteration 1900 = 0.5195758387446403
Training loss on iteration 1920 = 0.39961570780724287
Training loss on iteration 1940 = 0.3747974831610918
Training loss on iteration 1960 = 0.3718916833400726
Training loss on iteration 1980 = 0.37032151110470296
Training loss on iteration 2000 = 0.43362279888242483
Training loss on iteration 2020 = 0.30510853938758375
Training loss on iteration 2040 = 0.4042350746691227
Training loss on iteration 2060 = 0.39278337713330985
Training loss on iteration 2080 = 0.3272427739575505
Training loss on iteration 2100 = 0.34852755945175884
Training loss on iteration 2120 = 0.36728769466280936
Training loss on iteration 2140 = 0.29007986597716806
Training loss on iteration 2160 = 0.41056830175220965
Training loss on iteration 2180 = 0.35225177742540836
Training loss on iteration 2200 = 0.4115247491747141
Training loss on iteration 2220 = 0.2683685101568699
Training loss on iteration 2240 = 0.333335929736495
Training loss on iteration 2260 = 0.43977295616641643
Training loss on iteration 2280 = 0.5506948944181204
Training loss on iteration 2300 = 0.4148570466786623
Training loss on iteration 2320 = 0.3103114539757371
Training loss on iteration 2340 = 0.8872308989288286
Training loss on iteration 2360 = 0.5705966420471669
Training loss on iteration 2380 = 0.39488708823919294
Training loss on iteration 2400 = 0.4106659986078739
Training loss on iteration 2420 = 0.3774284694343805
Training loss on iteration 2440 = 0.500798924639821
Training loss on iteration 2460 = 0.5875532336533069
Training loss on iteration 2480 = 0.46333367340266707
Training loss on iteration 2500 = 0.3809592813253403
Training loss on iteration 2520 = 0.5360270429402589
Training loss on iteration 2540 = 0.324389836192131
Training loss on iteration 2560 = 0.4001767190173268
Training loss on iteration 2580 = 0.5279298018664121
Training loss on iteration 2600 = 0.5132835648953915
Training loss on iteration 2620 = 0.47192566096782684
Training loss on iteration 2640 = 0.4905973255634308
Training loss on iteration 2660 = 0.34598194994032383
Training loss on iteration 2680 = 0.4294710922986269
Training loss on iteration 2700 = 0.4335515581071377
Training loss on iteration 2720 = 0.39661531932651994
Training loss on iteration 2740 = 0.46227492168545725
Training loss on iteration 2760 = 0.34536193739622834
Training loss on iteration 2780 = 0.3461926631629467
Training loss on iteration 2800 = 0.3791435960680246
Training loss on iteration 2820 = 0.33363835215568544
Training loss on iteration 2840 = 0.3794048935174942
Training loss on iteration 2860 = 0.3614493068307638
Training loss on iteration 2880 = 0.4694738479331136
Training loss on iteration 2900 = 0.37171613946557047
Training loss on iteration 2920 = 0.8396298363804817
Training loss on iteration 2940 = 0.43827911391854285
Training loss on iteration 2960 = 0.4698219481855631
Training loss on iteration 2980 = 0.3283191334456205
Training loss on iteration 3000 = 0.5201524168252945
Training loss on iteration 3020 = 0.3695280207321048
Training loss on iteration 3040 = 0.3243020223453641
Training loss on iteration 3060 = 0.47922017686069013
Training loss on iteration 3080 = 0.4277644149959087
Training loss on iteration 3100 = 0.27100415751338003
Training loss on iteration 3120 = 0.3121077723801136
Training loss on iteration 3140 = 0.4600988689810038
Training loss on iteration 3160 = 0.5011250101029873
Training loss on iteration 3180 = 0.3961331944912672
Training loss on iteration 3200 = 0.42387170158326626
Training loss on iteration 3220 = 0.38657025024294855
Training loss on iteration 3240 = 0.3296848922967911
Training loss on iteration 3260 = 0.325620056502521
Training loss on iteration 3280 = 0.32537164241075517
Training loss on iteration 3300 = 0.3496478948742151
Training loss on iteration 3320 = 0.3452377934008837
Training loss on iteration 3340 = 0.33380509428679944
Training loss on iteration 3360 = 0.2995251851156354
Training loss on iteration 3380 = 0.40802508853375913
Training loss on iteration 3400 = 0.32109425514936446
Training loss on iteration 3420 = 0.3689549006521702
Training loss on iteration 3440 = 0.3380920173600316
Training loss on iteration 3460 = 0.32976100146770476
Training loss on iteration 3480 = 0.3387561455368996
Training loss on iteration 3500 = 0.4071039743721485
Training loss on iteration 3520 = 0.4073728803545237
Training loss on iteration 3540 = 0.37387761622667315
Training loss on iteration 3560 = 0.42084242552518847
Training loss on iteration 3580 = 0.455415465682745
Training loss on iteration 3600 = 0.38169116266071795
Training loss on iteration 3620 = 0.47402154803276064
Training loss on iteration 3640 = 0.37719462513923646
Training loss on iteration 3660 = 0.37307570204138757
Training loss on iteration 3680 = 0.38375975340604784
Training loss on iteration 3700 = 0.25319366417825223
Training loss on iteration 3720 = 0.3718686539679766
Training loss on iteration 3740 = 0.4050635762512684
Training loss on iteration 3760 = 0.4023909144103527
Training loss on iteration 3780 = 0.3683641872368753
Training loss on iteration 3800 = 0.2902634436264634
Training loss on iteration 3820 = 0.2951218099333346
Training loss on iteration 3840 = 0.28164851665496826
Training loss on iteration 3860 = 0.347450234554708
Training loss on iteration 3880 = 0.3203840395435691
Training loss on iteration 3900 = 0.38234010748565195
Training loss on iteration 3920 = 0.9359162943437696
Training loss on iteration 3940 = 0.6947969444096088
Training loss on iteration 3960 = 0.41440083403140304
Training loss on iteration 3980 = 0.4689601916819811
Training loss on iteration 4000 = 0.49504169449210167
Training loss on iteration 4020 = 0.3765974409878254
Training loss on iteration 4040 = 0.3780035089701414
Training loss on iteration 4060 = 0.3598263468593359
Training loss on iteration 4080 = 0.3756469149142504
Training loss on iteration 4100 = 0.41651520431041716
Training loss on iteration 4120 = 0.29684846512973306
Training loss on iteration 4140 = 0.35123180150985717
Training loss on iteration 4160 = 0.38369924705475567
Training loss on iteration 4180 = 0.4969577259384096
Training loss on iteration 4200 = 0.39567242227494714
Training loss on iteration 4220 = 0.41931129479780793
Training loss on iteration 4240 = 0.36693530026823284
Training loss on iteration 4260 = 0.5095334514975548
Training loss on iteration 4280 = 0.32090486735105517
Training loss on iteration 4300 = 0.3254762816242874
Training loss on iteration 4320 = 0.3491768479347229
Training loss on iteration 4340 = 0.2848490020260215
Training loss on iteration 4360 = 0.45765573158860207
Training loss on iteration 4380 = 0.3719735348597169
Training loss on iteration 4400 = 0.3078594278544188
Training loss on iteration 4420 = 0.4254952609539032
Training loss on iteration 4440 = 0.3475993722677231
Training loss on iteration 4460 = 0.3442127392860129
Training loss on iteration 4480 = 0.3978328721597791
Training loss on iteration 4500 = 0.39126822277903556
Training loss on iteration 4520 = 0.2547368885949254
Training loss on iteration 4540 = 0.40126818548887966
Training loss on iteration 4560 = 0.26479800008237364
Training loss on iteration 4580 = 0.31696675829589366
Training loss on iteration 4600 = 0.3740902379155159
Training loss on iteration 4620 = 0.35547408629208804
Training loss on iteration 4640 = 0.2826009958982468
Training loss on iteration 4660 = 0.27355118114501237
Training loss on iteration 4680 = 0.28012354504317044
Training loss on iteration 4700 = 0.35068790507502856
Training loss on iteration 4720 = 0.3181925369426608
Training loss on iteration 4740 = 0.40773542895913123
Training loss on iteration 4760 = 0.5664361901581287
Training loss on iteration 4780 = 0.5022579520940781
Training loss on iteration 4800 = 0.5608097471296787
Training loss on iteration 4820 = 0.5880611771717668
Training loss on iteration 4840 = 0.5053972899913788
Training loss on iteration 4860 = 0.3729177011176944
Training loss on iteration 4880 = 0.49102359898388387
Training loss on iteration 4900 = 0.3045062080025673
Training loss on iteration 4920 = 0.41502151601016524
Training loss on iteration 4940 = 0.4061421106569469
Training loss on iteration 4960 = 0.36738513940945267
Training loss on iteration 4980 = 0.6662298625335097
Training loss on iteration 5000 = 0.5039120276458562
Training loss on iteration 5020 = 0.347684009373188
Training loss on iteration 5040 = 0.31836335617117584
Training loss on iteration 5060 = 0.30094724651426075
Training loss on iteration 5080 = 0.3280190800316632
Training loss on iteration 5100 = 0.3393011499196291
Training loss on iteration 5120 = 0.28384401425719263
Training loss on iteration 5140 = 0.2528069918975234
Training loss on iteration 5160 = 0.3479552650824189
Training loss on iteration 5180 = 0.29774396419525145
Training loss on iteration 5200 = 0.31635713037103413
Training loss on iteration 5220 = 0.28068256489932536
Training loss on iteration 5240 = 0.31991702965460717
Training loss on iteration 5260 = 0.2772507430519909
Training loss on iteration 5280 = 0.20191498138010502
Training loss on iteration 5300 = 0.1975535331759602
Training loss on iteration 5320 = 0.34998646047897636
Training loss on iteration 5340 = 0.26821240577846767
Training loss on iteration 5360 = 0.3090405594557524
Training loss on iteration 5380 = 0.209157619997859
Training loss on iteration 5400 = 0.28065398447215556
Training loss on iteration 5420 = 0.3112304758280516
Training loss on iteration 5440 = 0.431152237392962
Training loss on iteration 5460 = 0.38791943341493607
Training loss on iteration 5480 = 0.39328477866947653
Training loss on iteration 5500 = 0.37772697494365276
Training loss on iteration 5520 = 0.2703877036459744
Training loss on iteration 5540 = 0.31273787952959536
Training loss on iteration 5560 = 0.37532786317169664
Training loss on iteration 5580 = 0.29362464509904385
Training loss on iteration 5600 = 0.382750485278666
Training loss on iteration 5620 = 0.25320743657648564
Training loss on iteration 5640 = 0.278237066231668
Training loss on iteration 5660 = 0.3529369104653597
Training loss on iteration 5680 = 0.4006510082632303
Training loss on iteration 5700 = 0.39748068507760764
Training loss on iteration 5720 = 0.34682344999164344
Training loss on iteration 5740 = 0.4095920345745981
Training loss on iteration 5760 = 0.32955496571958065
Training loss on iteration 5780 = 0.3427720136940479
Training loss on iteration 5800 = 0.2754758942872286
Training loss on iteration 5820 = 0.3455283736810088
Training loss on iteration 5840 = 0.5942163966596127
Training loss on iteration 5860 = 0.38584880214184525
Training loss on iteration 5880 = 0.3733899323269725
Training loss on iteration 5900 = 0.2735234031453729
Training loss on iteration 5920 = 0.4268968150019646
Training loss on iteration 5940 = 0.2808382296934724
Training loss on iteration 5960 = 0.22006128234788774
Training loss on iteration 5980 = 0.31348901577293875
Training loss on iteration 6000 = 0.3017096552997828
Training loss on iteration 6020 = 0.35284326449036596
Training loss on iteration 6040 = 0.2648127758875489
Training loss on iteration 6060 = 0.34138676077127456
Training loss on iteration 6080 = 0.24188769664615392
Training loss on iteration 6100 = 0.44216246604919435
Training loss on iteration 6120 = 0.2591052283998579
Training loss on iteration 6140 = 0.3026811756193638
Training loss on iteration 6160 = 0.28159146662801504
Training loss on iteration 6180 = 0.24235056135803462
Training loss on iteration 6200 = 0.3303666943218559
Training loss on iteration 6220 = 0.23133082166314126
Training loss on iteration 6240 = 0.31570692751556634
Training loss on iteration 6260 = 0.35177673352882266
Training loss on iteration 6280 = 0.2760679699480534
Training loss on iteration 6300 = 0.25733229406178
Training loss on iteration 6320 = 0.24414956327527762
Training loss on iteration 6340 = 0.3331049720058218
Training loss on iteration 6360 = 0.28296988531947137
Training loss on iteration 6380 = 0.27857409566640856
Training loss on iteration 6400 = 0.28668391504324975
Training loss on iteration 6420 = 0.19678772501647473
Training loss on iteration 6440 = 0.3217845695558935
Training loss on iteration 6460 = 0.32649192325770854
Training loss on iteration 6480 = 0.32193932570517064
Training loss on iteration 6500 = 0.3174924520775676
Training loss on iteration 6520 = 0.49342058375477793
Training loss on iteration 6540 = 0.3680525852367282
Training loss on iteration 6560 = 0.23120667366310954
Training loss on iteration 6580 = 0.29418941047042607
Training loss on iteration 6600 = 0.3305598897859454
Training loss on iteration 6620 = 0.24767612367868425
Training loss on iteration 6640 = 0.3151335975620896
Training loss on iteration 6660 = 0.33418548479676247
Training loss on iteration 6680 = 0.3745750799775124
Training loss on iteration 6700 = 0.2552042250987142
Training loss on iteration 6720 = 0.3507509149610996
Training loss on iteration 6740 = 0.42508557960391047
Training loss on iteration 6760 = 0.18205076488666236
Training loss on iteration 6780 = 0.3339886993635446
Training loss on iteration 6800 = 0.2466400765348226
Training loss on iteration 6820 = 0.2994031190872192
Training loss on iteration 6840 = 0.5647200170904398
Training loss on iteration 6860 = 0.5280415747314692
Training loss on iteration 6880 = 0.3282442171126604
Training loss on iteration 6900 = 0.3321129336021841
Training loss on iteration 6920 = 0.4035636305809021
Training loss on iteration 6940 = 0.6292695722018834
Training loss on iteration 6960 = 0.3350032723508775
Training loss on iteration 6980 = 0.43721050564199687
Training loss on iteration 7000 = 0.39916090462356807
Training loss on iteration 7020 = 0.35032922141253947
Training loss on iteration 7040 = 0.43550610803067685
Training loss on iteration 7060 = 0.38185600116848945
Training loss on iteration 7080 = 0.400196726154536
Training loss on iteration 7100 = 0.4647869564592838
Training loss on iteration 7120 = 0.47500997558236124
Training loss on iteration 7140 = 0.4305841574445367
Training loss on iteration 7160 = 0.3243638487532735
Training loss on iteration 7180 = 0.31492285057902336
Training loss on iteration 7200 = 0.43582476722076535
Training loss on iteration 7220 = 0.41958477459847926
Training loss on iteration 7240 = 0.3103066416457295
Training loss on iteration 7260 = 0.30266903662122785
Training loss on iteration 7280 = 0.2964891228824854
Training loss on iteration 7300 = 0.23131528347730637
Training loss on iteration 7320 = 0.3369771458208561
Training loss on iteration 7340 = 0.3862102761864662
Training loss on iteration 7360 = 0.4695129989646375
Training loss on iteration 7380 = 0.34685872178524735
Training loss on iteration 7400 = 0.4132073190063238
Training loss on iteration 7420 = 0.25836070338264105
Training loss on iteration 7440 = 0.3826898779720068
Training loss on iteration 7460 = 0.31855718940496447
Training loss on iteration 7480 = 0.29946765676140785
### EVAL:: Epoch 7:: Loss = 1.3084254799183572 :: ACC = 0.6624391613627855, AUC = 0.2934541933052164, EER = 0.6457319356046425
Training on epoch 8
Training loss on iteration 0 = 3.122154712677002
Training loss on iteration 20 = 0.44730265121907
Training loss on iteration 40 = 0.3480685282498598
Training loss on iteration 60 = 0.32213920429348947
Training loss on iteration 80 = 0.44568746294826267
Training loss on iteration 100 = 0.33578932117670773
Training loss on iteration 120 = 0.41454877369105814
Training loss on iteration 140 = 0.4388032940682024
Training loss on iteration 160 = 0.3421745181083679
Training loss on iteration 180 = 0.44468207731842996
Training loss on iteration 200 = 0.30778015628457067
Training loss on iteration 220 = 0.3963135648518801
Training loss on iteration 240 = 0.5239700585603714
Training loss on iteration 260 = 0.3533614922314882
Training loss on iteration 280 = 0.24024847745895386
Training loss on iteration 300 = 1.0190301954746246
Training loss on iteration 320 = 1.0792450178880244
Training loss on iteration 340 = 0.7741327699273824
Training loss on iteration 360 = 0.8639102123677731
Training loss on iteration 380 = 0.8754933167248964
Training loss on iteration 400 = 0.7659761793911457
Training loss on iteration 420 = 0.41842409167438743
Training loss on iteration 440 = 0.3430436536669731
Training loss on iteration 460 = 0.33912104172632096
Training loss on iteration 480 = 0.6178808666765689
Training loss on iteration 500 = 0.5491454400122165
Training loss on iteration 520 = 0.435978589206934
Training loss on iteration 540 = 0.36655683824792507
Training loss on iteration 560 = 0.4170276248827577
Training loss on iteration 580 = 0.35387770272791386
Training loss on iteration 600 = 0.4381861675530672
Training loss on iteration 620 = 0.5650088720023632
Training loss on iteration 640 = 0.43163350149989127
Training loss on iteration 660 = 0.3819532036781311
Training loss on iteration 680 = 0.38028261326253415
Training loss on iteration 700 = 0.29075260274112225
Training loss on iteration 720 = 0.414902151748538
Training loss on iteration 740 = 0.294679444655776
Training loss on iteration 760 = 0.275199481099844
Training loss on iteration 780 = 0.3678738631308079
Training loss on iteration 800 = 0.5945836324244738
Training loss on iteration 820 = 0.5247641999274493
Training loss on iteration 840 = 0.4066654147580266
Training loss on iteration 860 = 0.4869771137833595
Training loss on iteration 880 = 0.3903108540922403
Training loss on iteration 900 = 0.25267351102083924
Training loss on iteration 920 = 0.5322797164320946
Training loss on iteration 940 = 0.36976654194295405
Training loss on iteration 960 = 0.30155765507370236
Training loss on iteration 980 = 0.35482487846165894
Training loss on iteration 1000 = 0.36532688327133656
Training loss on iteration 1020 = 0.37072139587253333
Training loss on iteration 1040 = 0.31720289485529063
Training loss on iteration 1060 = 0.36773098483681677
Training loss on iteration 1080 = 0.38073425367474556
Training loss on iteration 1100 = 0.2870507508516312
Training loss on iteration 1120 = 0.27877784986048937
Training loss on iteration 1140 = 0.28800013065338137
Training loss on iteration 1160 = 0.39596872627735136
Training loss on iteration 1180 = 0.3008755799382925
Training loss on iteration 1200 = 0.367504933103919
Training loss on iteration 1220 = 0.29336600210517644
Training loss on iteration 1240 = 0.3108910730108619
Training loss on iteration 1260 = 0.34237675815820695
Training loss on iteration 1280 = 0.29973496273159983
Training loss on iteration 1300 = 0.24021939113736152
Training loss on iteration 1320 = 0.2680793315172195
Training loss on iteration 1340 = 0.3069797419011593
Training loss on iteration 1360 = 0.312367679271847
Training loss on iteration 1380 = 0.30120235215872526
Training loss on iteration 1400 = 0.33922721445560455
Training loss on iteration 1420 = 0.3616421866230667
Training loss on iteration 1440 = 0.41126194447278974
Training loss on iteration 1460 = 0.2952763635665178
Training loss on iteration 1480 = 0.24419041574001313
Training loss on iteration 1500 = 0.4323919538408518
Training loss on iteration 1520 = 0.2691597739234567
Training loss on iteration 1540 = 0.44710763543844223
Training loss on iteration 1560 = 0.5027915753424168
Training loss on iteration 1580 = 0.33477203249931337
Training loss on iteration 1600 = 0.3814360499382019
Training loss on iteration 1620 = 0.49670783765614035
Training loss on iteration 1640 = 0.3841161444783211
Training loss on iteration 1660 = 0.29930124022066595
Training loss on iteration 1680 = 0.3597538260743022
Training loss on iteration 1700 = 0.46441656574606893
Training loss on iteration 1720 = 0.3928734682500362
Training loss on iteration 1740 = 0.26455505527555945
Training loss on iteration 1760 = 0.44367706291377546
Training loss on iteration 1780 = 0.47745226211845876
Training loss on iteration 1800 = 0.375800546258688
Training loss on iteration 1820 = 0.3313297172077
Training loss on iteration 1840 = 0.2865403790026903
Training loss on iteration 1860 = 0.29878997476771474
Training loss on iteration 1880 = 0.5025527011603117
Training loss on iteration 1900 = 0.28258978519588707
Training loss on iteration 1920 = 0.3287981626577675
Training loss on iteration 1940 = 0.7666940849274397
Training loss on iteration 1960 = 0.750549500528723
Training loss on iteration 1980 = 0.28612255984917284
Training loss on iteration 2000 = 0.4235780224204063
Training loss on iteration 2020 = 0.4258597563952208
Training loss on iteration 2040 = 0.2658721817657351
Training loss on iteration 2060 = 0.32480866797268393
Training loss on iteration 2080 = 0.2878816928714514
Training loss on iteration 2100 = 0.4004290524870157
Training loss on iteration 2120 = 0.4257722395472229
Training loss on iteration 2140 = 0.637149203568697
Training loss on iteration 2160 = 0.4723667539656162
Training loss on iteration 2180 = 0.34575361432507634
Training loss on iteration 2200 = 0.3672587636858225
Training loss on iteration 2220 = 0.7007778286933899
Training loss on iteration 2240 = 0.5533053368330002
Training loss on iteration 2260 = 0.6975874390453101
Training loss on iteration 2280 = 0.3946236474905163
Training loss on iteration 2300 = 0.4172808088362217
Training loss on iteration 2320 = 0.4255203355103731
Training loss on iteration 2340 = 0.5699711504392326
Training loss on iteration 2360 = 0.34731357004493474
Training loss on iteration 2380 = 0.6692329460754991
Training loss on iteration 2400 = 0.5933354526758194
Training loss on iteration 2420 = 0.6533147282898426
Training loss on iteration 2440 = 0.849742041528225
Training loss on iteration 2460 = 0.6305681683588773
Training loss on iteration 2480 = 0.6838807415217161
Training loss on iteration 2500 = 0.5087708399631083
Training loss on iteration 2520 = 0.35499424710869787
Training loss on iteration 2540 = 0.3603470155969262
Training loss on iteration 2560 = 0.3178413797169924
Training loss on iteration 2580 = 0.3128234948962927
Training loss on iteration 2600 = 0.4366515580564737
Training loss on iteration 2620 = 0.6618600200861693
Training loss on iteration 2640 = 0.6406053744256497
Training loss on iteration 2660 = 0.42112805843353274
Training loss on iteration 2680 = 0.3857989892363548
Training loss on iteration 2700 = 0.44832892417907716
Training loss on iteration 2720 = 0.45605135299265387
Training loss on iteration 2740 = 0.42874979302287103
Training loss on iteration 2760 = 0.8065716460347175
Training loss on iteration 2780 = 0.7919832617044449
Training loss on iteration 2800 = 0.4438621452078223
Training loss on iteration 2820 = 0.43587200678884985
Training loss on iteration 2840 = 0.5180643372237682
Training loss on iteration 2860 = 0.4708872944116592
Training loss on iteration 2880 = 0.43806017339229586
Training loss on iteration 2900 = 0.4780268482863903
Training loss on iteration 2920 = 0.3636699687689543
Training loss on iteration 2940 = 0.3564246024005115
Training loss on iteration 2960 = 0.48170801997184753
Training loss on iteration 2980 = 0.40039129108190535
Training loss on iteration 3000 = 0.623913374170661
Training loss on iteration 3020 = 0.5000567007809877
Training loss on iteration 3040 = 0.4702128604054451
Training loss on iteration 3060 = 0.4162453293800354
Training loss on iteration 3080 = 0.5359997518360615
Training loss on iteration 3100 = 0.7230910016223788
Training loss on iteration 3120 = 0.6743324026465416
Training loss on iteration 3140 = 0.6202666401863098
Training loss on iteration 3160 = 0.6181169293820858
Training loss on iteration 3180 = 0.5180946931242942
Training loss on iteration 3200 = 0.4895703226327896
Training loss on iteration 3220 = 0.580540481209755
Training loss on iteration 3240 = 0.5222522035241127
Training loss on iteration 3260 = 1.130321481078863
Training loss on iteration 3280 = 1.1145170707255603
Training loss on iteration 3300 = 0.8095537971705198
Training loss on iteration 3320 = 0.559109540656209
Training loss on iteration 3340 = 0.55662040412426
Training loss on iteration 3360 = 0.3766567796468735
Training loss on iteration 3380 = 0.4259348429739475
Training loss on iteration 3400 = 0.6243352364748717
Training loss on iteration 3420 = 0.4878818511962891
Training loss on iteration 3440 = 0.43721441738307476
Training loss on iteration 3460 = 0.31339874416589736
Training loss on iteration 3480 = 0.4475412517786026
Training loss on iteration 3500 = 0.3072009600698948
Training loss on iteration 3520 = 0.6093151371926069
Training loss on iteration 3540 = 0.647701615281403
Training loss on iteration 3560 = 0.4113884475082159
Training loss on iteration 3580 = 0.3730636525899172
Training loss on iteration 3600 = 0.46550743095576763
Training loss on iteration 3620 = 0.45311695858836176
Training loss on iteration 3640 = 0.6728529039770365
Training loss on iteration 3660 = 0.5600985087454319
Training loss on iteration 3680 = 0.31544115841388704
Training loss on iteration 3700 = 0.4177144501358271
Training loss on iteration 3720 = 0.3133236080408096
Training loss on iteration 3740 = 0.33047827892005444
Training loss on iteration 3760 = 0.33906258940696715
Training loss on iteration 3780 = 0.4159082708880305
Training loss on iteration 3800 = 0.4392604805529118
Training loss on iteration 3820 = 0.45968824401497843
Training loss on iteration 3840 = 0.43497263826429844
Training loss on iteration 3860 = 0.3618783801794052
Training loss on iteration 3880 = 0.29734874768182634
Training loss on iteration 3900 = 0.36712340302765367
Training loss on iteration 3920 = 0.3875373288989067
Training loss on iteration 3940 = 0.36601171307265756
Training loss on iteration 3960 = 0.4529244093224406
Training loss on iteration 3980 = 0.36152409911155703
Training loss on iteration 4000 = 0.5577656343579293
Training loss on iteration 4020 = 0.44046968445181844
Training loss on iteration 4040 = 0.35828925371170045
Training loss on iteration 4060 = 0.4702670589089394
Training loss on iteration 4080 = 0.49970314279198647
Training loss on iteration 4100 = 0.4317869558930397
Training loss on iteration 4120 = 0.3978176139295101
Training loss on iteration 4140 = 0.3472571659833193
Training loss on iteration 4160 = 0.28111979169771073
Training loss on iteration 4180 = 0.8680665343999863
Training loss on iteration 4200 = 1.8947086945176124
Training loss on iteration 4220 = 1.26518973573111
Training loss on iteration 4240 = 0.8576389455236495
Training loss on iteration 4260 = 0.4254081010818481
Training loss on iteration 4280 = 0.42428010553121565
Training loss on iteration 4300 = 0.44033497497439383
Training loss on iteration 4320 = 0.5572082626633346
Training loss on iteration 4340 = 0.3391057256609201
Training loss on iteration 4360 = 0.4006282687187195
Training loss on iteration 4380 = 0.3222729068249464
Training loss on iteration 4400 = 0.3873712569475174
Training loss on iteration 4420 = 0.5603488340973855
Training loss on iteration 4440 = 0.38453967235982417
Training loss on iteration 4460 = 0.38941094763576983
Training loss on iteration 4480 = 0.3596265271306038
Training loss on iteration 4500 = 0.4150220934301615
Training loss on iteration 4520 = 0.40707463398575783
Training loss on iteration 4540 = 0.39607359692454336
Training loss on iteration 4560 = 0.4004739552736282
Training loss on iteration 4580 = 0.4607921903952956
Training loss on iteration 4600 = 0.45812425753101704
Training loss on iteration 4620 = 0.4271665893495083
Training loss on iteration 4640 = 0.28560306103900074
Training loss on iteration 4660 = 0.44983533048070967
Training loss on iteration 4680 = 0.5769698662683368
Training loss on iteration 4700 = 0.5348129499703645
Training loss on iteration 4720 = 0.390781020373106
Training loss on iteration 4740 = 0.36412115059792993
Training loss on iteration 4760 = 0.41644996255636213
Training loss on iteration 4780 = 0.37888006642460825
Training loss on iteration 4800 = 0.3582576557993889
Training loss on iteration 4820 = 0.36436747247353196
Training loss on iteration 4840 = 0.3604461563751101
Training loss on iteration 4860 = 0.47882058545947076
Training loss on iteration 4880 = 0.3984156219288707
Training loss on iteration 4900 = 0.6128294706344605
Training loss on iteration 4920 = 0.6903327614068985
Training loss on iteration 4940 = 0.4626566589344293
Training loss on iteration 4960 = 0.3821567799896002
Training loss on iteration 4980 = 0.383753027766943
Training loss on iteration 5000 = 0.4253972519189119
Training loss on iteration 5020 = 0.3787523817270994
Training loss on iteration 5040 = 0.3436350427567959
Training loss on iteration 5060 = 0.39241802170872686
Training loss on iteration 5080 = 0.2998650513589382
Training loss on iteration 5100 = 0.3935359701514244
Training loss on iteration 5120 = 0.3657193882390857
Training loss on iteration 5140 = 0.9462576702237129
Training loss on iteration 5160 = 1.7644466266036034
Training loss on iteration 5180 = 0.7684691164642572
Training loss on iteration 5200 = 0.6576827518641949
Training loss on iteration 5220 = 0.5333881795406341
Training loss on iteration 5240 = 0.5546369306743145
Training loss on iteration 5260 = 0.38745684586465357
Training loss on iteration 5280 = 0.49578888192772863
Training loss on iteration 5300 = 0.2685007035732269
Training loss on iteration 5320 = 0.335437948256731
Training loss on iteration 5340 = 0.3815222278237343
Training loss on iteration 5360 = 0.30888966768980025
Training loss on iteration 5380 = 0.3864245392382145
Training loss on iteration 5400 = 0.465267073828727
Training loss on iteration 5420 = 0.3248637495562434
Training loss on iteration 5440 = 0.4337691832333803
Training loss on iteration 5460 = 0.3307655857875943
Training loss on iteration 5480 = 0.3828431960195303
Training loss on iteration 5500 = 0.33270319029688833
Training loss on iteration 5520 = 0.356342314183712
Training loss on iteration 5540 = 0.40817216150462626
Training loss on iteration 5560 = 0.30450918413698674
Training loss on iteration 5580 = 0.3418332729488611
Training loss on iteration 5600 = 0.32840564996004107
Training loss on iteration 5620 = 0.34776131696999074
Training loss on iteration 5640 = 0.28850669637322424
Training loss on iteration 5660 = 0.3930344799533486
Training loss on iteration 5680 = 0.3233164127916098
Training loss on iteration 5700 = 0.3323581114411354
Training loss on iteration 5720 = 0.3394638016819954
Training loss on iteration 5740 = 0.32419633883982896
Training loss on iteration 5760 = 0.36742390915751455
Training loss on iteration 5780 = 0.255429695174098
Training loss on iteration 5800 = 0.3184947432950139
Training loss on iteration 5820 = 0.36960369944572447
Training loss on iteration 5840 = 0.3038751406595111
Training loss on iteration 5860 = 0.44091214388608935
Training loss on iteration 5880 = 0.3500787500292063
Training loss on iteration 5900 = 0.39382823295891284
Training loss on iteration 5920 = 0.3973505597561598
Training loss on iteration 5940 = 0.4168710870668292
Training loss on iteration 5960 = 0.4256630800664425
Training loss on iteration 5980 = 0.4093724127858877
Training loss on iteration 6000 = 0.34998255372047427
Training loss on iteration 6020 = 0.4527167908847332
Training loss on iteration 6040 = 0.40643772333860395
Training loss on iteration 6060 = 0.36103811413049697
Training loss on iteration 6080 = 0.31112746596336366
Training loss on iteration 6100 = 0.4287062730640173
Training loss on iteration 6120 = 0.35659739971160886
Training loss on iteration 6140 = 0.2879556676372886
Training loss on iteration 6160 = 0.3539844363927841
Training loss on iteration 6180 = 0.35347598101943734
Training loss on iteration 6200 = 0.3364184020087123
Training loss on iteration 6220 = 0.42885014712810515
Training loss on iteration 6240 = 0.4085304070264101
Training loss on iteration 6260 = 0.3258879750967026
Training loss on iteration 6280 = 0.36598800867795944
Training loss on iteration 6300 = 0.4628401331603527
Training loss on iteration 6320 = 0.4390905793756247
Training loss on iteration 6340 = 0.39159866496920587
Training loss on iteration 6360 = 0.37736720852553846
Training loss on iteration 6380 = 0.3732231419533491
Training loss on iteration 6400 = 0.28471548613160846
Training loss on iteration 6420 = 0.35730998404324055
Training loss on iteration 6440 = 0.41563694290816783
Training loss on iteration 6460 = 0.3499697301536798
Training loss on iteration 6480 = 0.36150355618447066
Training loss on iteration 6500 = 0.3675790848210454
Training loss on iteration 6520 = 0.491833733767271
Training loss on iteration 6540 = 0.27515180334448813
Training loss on iteration 6560 = 0.41814125403761865
Training loss on iteration 6580 = 0.3125846015289426
Training loss on iteration 6600 = 0.4723571175709367
Training loss on iteration 6620 = 0.3329867240041494
Training loss on iteration 6640 = 0.32922606393694875
Training loss on iteration 6660 = 0.39798732921481134
Training loss on iteration 6680 = 0.3571845177561045
Training loss on iteration 6700 = 0.321919409558177
Training loss on iteration 6720 = 0.29245224930346014
Training loss on iteration 6740 = 0.41316842548549176
Training loss on iteration 6760 = 0.487348363827914
Training loss on iteration 6780 = 0.30359742417931557
Training loss on iteration 6800 = 0.29970792052336037
Training loss on iteration 6820 = 0.3426931478083134
Training loss on iteration 6840 = 0.30513506215065717
Training loss on iteration 6860 = 0.42236262634396554
Training loss on iteration 6880 = 0.4379433818161488
Training loss on iteration 6900 = 0.34949035812169316
Training loss on iteration 6920 = 0.41855555288493634
Training loss on iteration 6940 = 0.34965532943606376
Training loss on iteration 6960 = 0.39393877424299717
Training loss on iteration 6980 = 0.4139793936163187
Training loss on iteration 7000 = 0.39880103468894956
Training loss on iteration 7020 = 0.3276748489588499
Training loss on iteration 7040 = 0.4050526238977909
Training loss on iteration 7060 = 0.30554866679012777
Training loss on iteration 7080 = 0.2806733321398497
Training loss on iteration 7100 = 0.28744532242417337
Training loss on iteration 7120 = 0.25862627746537326
Training loss on iteration 7140 = 0.40367926731705667
Training loss on iteration 7160 = 0.3107104333117604
Training loss on iteration 7180 = 0.3354509696364403
Training loss on iteration 7200 = 0.3093527887016535
Training loss on iteration 7220 = 0.3042729577049613
Training loss on iteration 7240 = 0.3675227534025908
Training loss on iteration 7260 = 0.4405453471466899
Training loss on iteration 7280 = 0.2662013560533524
Training loss on iteration 7300 = 0.256917445641011
Training loss on iteration 7320 = 0.3072106041014194
Training loss on iteration 7340 = 0.41944379843771457
Training loss on iteration 7360 = 0.4116043658927083
Training loss on iteration 7380 = 0.4925125680863857
Training loss on iteration 7400 = 0.5274415668100119
Training loss on iteration 7420 = 0.43700049398466945
Training loss on iteration 7440 = 0.22419813442975284
Training loss on iteration 7460 = 0.2717144202440977
Training loss on iteration 7480 = 0.5651612473651767
### EVAL:: Epoch 8:: Loss = 0.26016244545583833 :: ACC = 0.8939535754399102, AUC = 0.13848482182617605, EER = 0.7919318607263197
Training on epoch 9
Training loss on iteration 0 = 0.38316673040390015
Training loss on iteration 20 = 0.2972243223339319
Training loss on iteration 40 = 0.319564819522202
Training loss on iteration 60 = 0.23384416997432708
Training loss on iteration 80 = 0.3070676479488611
Training loss on iteration 100 = 0.3568182798102498
Training loss on iteration 120 = 0.30025434494018555
Training loss on iteration 140 = 0.3429269498214126
Training loss on iteration 160 = 0.3367242206819355
Training loss on iteration 180 = 0.40107148364186285
Training loss on iteration 200 = 0.4968461953336373
Training loss on iteration 220 = 0.4046736977994442
Training loss on iteration 240 = 0.5339895106852055
Training loss on iteration 260 = 0.40784552283585074
Training loss on iteration 280 = 0.5011992547893896
Training loss on iteration 300 = 0.3802010890096426
Training loss on iteration 320 = 0.423828811198473
Training loss on iteration 340 = 0.3606115095317364
Training loss on iteration 360 = 0.30761154033243654
Training loss on iteration 380 = 0.48912590462714434
Training loss on iteration 400 = 0.3325424499809742
Training loss on iteration 420 = 0.3412805017083883
Training loss on iteration 440 = 0.3277095127850771
Training loss on iteration 460 = 0.3217995734885335
Training loss on iteration 480 = 0.34012454547919335
Training loss on iteration 500 = 0.3442600551992655
Training loss on iteration 520 = 0.5050482008606195
Training loss on iteration 540 = 0.4128631355240941
Training loss on iteration 560 = 0.3955694232136011
Training loss on iteration 580 = 0.4713467541150749
Training loss on iteration 600 = 0.41446372866630554
Training loss on iteration 620 = 0.34877913892269136
Training loss on iteration 640 = 0.34227927001193165
Training loss on iteration 660 = 0.281758863478899
Training loss on iteration 680 = 0.36694703381508587
Training loss on iteration 700 = 0.38829650850966574
Training loss on iteration 720 = 0.3554231574293226
Training loss on iteration 740 = 0.5405562125146389
Training loss on iteration 760 = 0.597894449532032
Training loss on iteration 780 = 0.3344281744211912
Training loss on iteration 800 = 0.3565438941121101
Training loss on iteration 820 = 0.3183766333386302
Training loss on iteration 840 = 0.25498184841126204
Training loss on iteration 860 = 0.3351181269623339
Training loss on iteration 880 = 0.29131057728081944
Training loss on iteration 900 = 0.3257530860602856
Training loss on iteration 920 = 0.2385793747380376
Training loss on iteration 940 = 0.325858037173748
Training loss on iteration 960 = 0.3181562328711152
Training loss on iteration 980 = 0.2664217739365995
Training loss on iteration 1000 = 0.21354154869914055
Training loss on iteration 1020 = 0.3523011291399598
Training loss on iteration 1040 = 0.37708052778616546
Training loss on iteration 1060 = 0.41767097506672146
Training loss on iteration 1080 = 0.3365158010274172
Training loss on iteration 1100 = 0.3334717839956284
Training loss on iteration 1120 = 0.4176816791296005
Training loss on iteration 1140 = 0.32561083026230336
Training loss on iteration 1160 = 0.3901013536378741
Training loss on iteration 1180 = 0.5517194336280227
Training loss on iteration 1200 = 0.5844931494444608
Training loss on iteration 1220 = 0.46775527819991114
Training loss on iteration 1240 = 0.6172366965562105
Training loss on iteration 1260 = 0.4557722833007574
Training loss on iteration 1280 = 0.35678756758570673
Training loss on iteration 1300 = 0.42787906881421806
Training loss on iteration 1320 = 0.4031720807775855
Training loss on iteration 1340 = 0.28902281206101177
Training loss on iteration 1360 = 0.3976589186117053
Training loss on iteration 1380 = 0.659545949101448
Training loss on iteration 1400 = 0.5895904488861561
Training loss on iteration 1420 = 0.4174439959228039
Training loss on iteration 1440 = 0.5525824077427387
Training loss on iteration 1460 = 0.2829895667731762
Training loss on iteration 1480 = 0.4001163594424725
Training loss on iteration 1500 = 0.40703130066394805
Training loss on iteration 1520 = 0.31519320867955686
Training loss on iteration 1540 = 0.31609868723899126
Training loss on iteration 1560 = 0.3879982251673937
Training loss on iteration 1580 = 0.3533296726644039
Training loss on iteration 1600 = 0.306733806990087
Training loss on iteration 1620 = 0.3605578117072582
Training loss on iteration 1640 = 0.41421172190457584
Training loss on iteration 1660 = 0.3160999035462737
Training loss on iteration 1680 = 0.3907648159191012
Training loss on iteration 1700 = 0.4308534268289804
Training loss on iteration 1720 = 0.41476225983351467
Training loss on iteration 1740 = 0.3406188260763884
Training loss on iteration 1760 = 0.4118197292089462
Training loss on iteration 1780 = 0.414691386371851
Training loss on iteration 1800 = 0.48284781221300366
Training loss on iteration 1820 = 0.6203337412327528
Training loss on iteration 1840 = 0.34066530391573907
Training loss on iteration 1860 = 0.29248472237959505
Training loss on iteration 1880 = 0.256531579233706
Training loss on iteration 1900 = 0.2834863025695086
Training loss on iteration 1920 = 0.44201111067086457
Training loss on iteration 1940 = 0.3462401630356908
Training loss on iteration 1960 = 0.32082935981452465
Training loss on iteration 1980 = 0.35517692286521196
Training loss on iteration 2000 = 0.31628072410821917
Training loss on iteration 2020 = 0.42471885923296215
Training loss on iteration 2040 = 0.3078782629221678
Training loss on iteration 2060 = 0.2929255665279925
Training loss on iteration 2080 = 0.31399464020505546
Training loss on iteration 2100 = 0.27971725463867186
Training loss on iteration 2120 = 0.2690396562218666
Training loss on iteration 2140 = 0.2926296204328537
Training loss on iteration 2160 = 0.2843731394037604
Training loss on iteration 2180 = 0.33496739380061624
Training loss on iteration 2200 = 0.3305654749274254
Training loss on iteration 2220 = 0.29814315736293795
Training loss on iteration 2240 = 0.3859476150944829
Training loss on iteration 2260 = 0.40538179259747265
Training loss on iteration 2280 = 0.511835506465286
Training loss on iteration 2300 = 0.62538867816329
Training loss on iteration 2320 = 0.35182812307029965
Training loss on iteration 2340 = 0.337197748105973
Training loss on iteration 2360 = 0.35518390871584415
Training loss on iteration 2380 = 0.33879508040845396
Training loss on iteration 2400 = 0.3444674342870712
Training loss on iteration 2420 = 0.2732391832396388
Training loss on iteration 2440 = 0.3280969299376011
Training loss on iteration 2460 = 0.3021216643974185
Training loss on iteration 2480 = 0.21664806997869163
Training loss on iteration 2500 = 0.28652761355042455
Training loss on iteration 2520 = 0.4860101990401745
Training loss on iteration 2540 = 0.6936311192810536
Training loss on iteration 2560 = 0.44251069594174625
Training loss on iteration 2580 = 0.5402634210884572
Training loss on iteration 2600 = 0.5055294282734394
Training loss on iteration 2620 = 0.28623133562505243
Training loss on iteration 2640 = 0.33343879915773866
Training loss on iteration 2660 = 0.29078276380896567
Training loss on iteration 2680 = 0.3550295244902372
Training loss on iteration 2700 = 0.3552418907172978
Training loss on iteration 2720 = 0.2938391206786036
Training loss on iteration 2740 = 0.22909819558262826
Training loss on iteration 2760 = 0.21901173442602156
Training loss on iteration 2780 = 0.3409141281619668
Training loss on iteration 2800 = 0.33037457168102263
Training loss on iteration 2820 = 0.38929184079170226
Training loss on iteration 2840 = 0.2956939272582531
Training loss on iteration 2860 = 0.3468111323192716
Training loss on iteration 2880 = 0.36594162732362745
Training loss on iteration 2900 = 0.338502810895443
Training loss on iteration 2920 = 0.3087764445692301
Training loss on iteration 2940 = 0.39497106298804285
Training loss on iteration 2960 = 0.28194151758216324
Training loss on iteration 2980 = 0.398898209631443
Training loss on iteration 3000 = 0.29201689045876267
Training loss on iteration 3020 = 0.30468930387869475
Training loss on iteration 3040 = 0.286325716227293
Training loss on iteration 3060 = 0.4150250816717744
Training loss on iteration 3080 = 0.5494765562936663
Training loss on iteration 3100 = 0.7290033319965005
Training loss on iteration 3120 = 0.7093840601854027
Training loss on iteration 3140 = 0.505103987455368
Training loss on iteration 3160 = 0.3607296863570809
Training loss on iteration 3180 = 0.4269442917779088
Training loss on iteration 3200 = 0.36892783008515834
Training loss on iteration 3220 = 0.35911148227751255
Training loss on iteration 3240 = 0.5524446669965982
Training loss on iteration 3260 = 0.32362876608967783
Training loss on iteration 3280 = 0.2449980925768614
Training loss on iteration 3300 = 0.31008751383051275
Training loss on iteration 3320 = 0.4353360179811716
Training loss on iteration 3340 = 0.43066502958536146
Training loss on iteration 3360 = 0.36874168887734415
Training loss on iteration 3380 = 0.2333213527686894
Training loss on iteration 3400 = 0.27918561156839133
Training loss on iteration 3420 = 0.34154448807239535
Training loss on iteration 3440 = 0.28113471884280444
Training loss on iteration 3460 = 0.3351849219761789
Training loss on iteration 3480 = 0.4028178047388792
Training loss on iteration 3500 = 0.327960298769176
Training loss on iteration 3520 = 0.3480001107789576
Training loss on iteration 3540 = 0.26886017993092537
Training loss on iteration 3560 = 0.36027080528438093
Training loss on iteration 3580 = 0.30357808247208595
Training loss on iteration 3600 = 0.42944384217262266
Training loss on iteration 3620 = 0.2097727181389928
Training loss on iteration 3640 = 0.39610491171479223
Training loss on iteration 3660 = 0.3552705101668835
Training loss on iteration 3680 = 0.4652267656289041
Training loss on iteration 3700 = 0.4645897902548313
Training loss on iteration 3720 = 0.44063821593299507
Training loss on iteration 3740 = 0.4236375965178013
Training loss on iteration 3760 = 0.40710117826238273
Training loss on iteration 3780 = 0.29528573118150236
Training loss on iteration 3800 = 0.28271661326289177
Training loss on iteration 3820 = 0.24469192884862423
Training loss on iteration 3840 = 0.3658549733459949
Training loss on iteration 3860 = 0.23483627922832967
Training loss on iteration 3880 = 0.29384894454851745
Training loss on iteration 3900 = 0.3703203294426203
Training loss on iteration 3920 = 0.2753018105402589
Training loss on iteration 3940 = 0.4293510377407074
Training loss on iteration 3960 = 0.25099493488669394
Training loss on iteration 3980 = 0.26554327439516784
Training loss on iteration 4000 = 0.35655108094215393
Training loss on iteration 4020 = 0.3408184077590704
Training loss on iteration 4040 = 0.5359952120110393
Training loss on iteration 4060 = 0.28982593957334757
Training loss on iteration 4080 = 0.45576442424207925
Training loss on iteration 4100 = 0.45025240257382393
Training loss on iteration 4120 = 0.4849994884803891
Training loss on iteration 4140 = 0.4014652013778687
Training loss on iteration 4160 = 0.5333803184330463
Training loss on iteration 4180 = 0.31206423193216326
Training loss on iteration 4200 = 0.2870468102395535
Training loss on iteration 4220 = 0.41786943515762687
Training loss on iteration 4240 = 0.6561783039942384
Training loss on iteration 4260 = 0.42876065922901035
Training loss on iteration 4280 = 0.4572038805112243
Training loss on iteration 4300 = 0.3123517621308565
Training loss on iteration 4320 = 0.36513756662607194
Training loss on iteration 4340 = 0.3335624411702156
Training loss on iteration 4360 = 0.3658710777759552
Training loss on iteration 4380 = 0.409383743442595
Training loss on iteration 4400 = 0.36888375468552115
Training loss on iteration 4420 = 0.550542914122343
Training loss on iteration 4440 = 0.3535755448043346
Training loss on iteration 4460 = 0.37906718738377093
Training loss on iteration 4480 = 0.42718543522059915
Training loss on iteration 4500 = 0.19811770655214786
Training loss on iteration 4520 = 0.5173698201775551
Training loss on iteration 4540 = 0.5933414198458195
Training loss on iteration 4560 = 0.32484841123223307
Training loss on iteration 4580 = 0.2667952283518389
Training loss on iteration 4600 = 0.37002008873969316
Training loss on iteration 4620 = 0.34406086457893253
Training loss on iteration 4640 = 0.332907133968547
Training loss on iteration 4660 = 0.31052158325910567
Training loss on iteration 4680 = 0.3694837588816881
Training loss on iteration 4700 = 0.28214662577956917
Training loss on iteration 4720 = 0.27943525832379235
Training loss on iteration 4740 = 0.4845635280013084
Training loss on iteration 4760 = 0.39976360090076923
Training loss on iteration 4780 = 0.29035923518240453
Training loss on iteration 4800 = 0.4008047144860029
Training loss on iteration 4820 = 0.21419284818693995
Training loss on iteration 4840 = 0.2917815392836928
Training loss on iteration 4860 = 0.349684942420572
Training loss on iteration 4880 = 0.2520483858883381
Training loss on iteration 4900 = 0.4308613795787096
Training loss on iteration 4920 = 0.32170055210590365
Training loss on iteration 4940 = 0.21128626810386777
Training loss on iteration 4960 = 0.27225855775177477
Training loss on iteration 4980 = 0.3125733042135835
Training loss on iteration 5000 = 0.3008190248161554
Training loss on iteration 5020 = 0.44706902876496313
Training loss on iteration 5040 = 0.2507961606606841
Training loss on iteration 5060 = 0.2839845588430762
Training loss on iteration 5080 = 0.46339883245527747
Training loss on iteration 5100 = 0.27890502102673054
Training loss on iteration 5120 = 0.29311300376430155
Training loss on iteration 5140 = 0.23230340331792831
Training loss on iteration 5160 = 0.3317317764274776
Training loss on iteration 5180 = 0.3382712386548519
Training loss on iteration 5200 = 0.31441322071477773
Training loss on iteration 5220 = 0.22769071869552135
Training loss on iteration 5240 = 0.25423969235271215
Training loss on iteration 5260 = 0.2946767043322325
Training loss on iteration 5280 = 0.2803958646953106
Training loss on iteration 5300 = 0.7778978038579225
Training loss on iteration 5320 = 1.2578070729970932
Training loss on iteration 5340 = 0.8404594793915748
Training loss on iteration 5360 = 0.5636038336902857
Training loss on iteration 5380 = 0.3241065088659525
Training loss on iteration 5400 = 0.34935663677752016
Training loss on iteration 5420 = 0.34220295734703543
Training loss on iteration 5440 = 0.37563158459961415
Training loss on iteration 5460 = 0.3206103464588523
Training loss on iteration 5480 = 0.26445693261921405
Training loss on iteration 5500 = 0.3458157375454903
Training loss on iteration 5520 = 0.4848922336474061
Training loss on iteration 5540 = 0.31760500855743884
Training loss on iteration 5560 = 0.2931552577763796
Training loss on iteration 5580 = 0.22675197781063616
Training loss on iteration 5600 = 0.4796939673833549
Training loss on iteration 5620 = 0.3416656106710434
Training loss on iteration 5640 = 0.330655001103878
Training loss on iteration 5660 = 0.24518409529700874
Training loss on iteration 5680 = 0.38047387450933456
Training loss on iteration 5700 = 0.23376114889979363
Training loss on iteration 5720 = 0.3196848364546895
Training loss on iteration 5740 = 0.35765868742018936
Training loss on iteration 5760 = 0.3332705824635923
Training loss on iteration 5780 = 0.3628600288182497
Training loss on iteration 5800 = 0.3738987216725945
Training loss on iteration 5820 = 0.3298046514391899
Training loss on iteration 5840 = 0.2889105382375419
Training loss on iteration 5860 = 0.30674077952280643
Training loss on iteration 5880 = 0.37391197346150873
Training loss on iteration 5900 = 0.5015192361548543
Training loss on iteration 5920 = 0.4031497996300459
Training loss on iteration 5940 = 0.4959648694843054
Training loss on iteration 5960 = 0.49476216565817593
Training loss on iteration 5980 = 0.5538286909461021
Training loss on iteration 6000 = 0.35304989404976367
Training loss on iteration 6020 = 0.3614441679790616
Training loss on iteration 6040 = 0.35815285202115776
Training loss on iteration 6060 = 0.32891109827905896
Training loss on iteration 6080 = 0.2644139137119055
Training loss on iteration 6100 = 0.35505815166980026
Training loss on iteration 6120 = 0.3444051370024681
Training loss on iteration 6140 = 0.3384034849703312
Training loss on iteration 6160 = 0.27596656121313573
Training loss on iteration 6180 = 0.534039549715817
Training loss on iteration 6200 = 0.4123231738805771
Training loss on iteration 6220 = 0.4263729747384787
Training loss on iteration 6240 = 0.3862378098070621
Training loss on iteration 6260 = 0.30995857594534754
Training loss on iteration 6280 = 0.3771911568939686
Training loss on iteration 6300 = 0.5005528926849365
Training loss on iteration 6320 = 0.3569339670240879
Training loss on iteration 6340 = 0.30017614662647246
Training loss on iteration 6360 = 0.33995055463165047
Training loss on iteration 6380 = 0.29065591637045146
Training loss on iteration 6400 = 0.371550764888525
Training loss on iteration 6420 = 0.39261836316436527
Training loss on iteration 6440 = 0.3426140080206096
Training loss on iteration 6460 = 0.42020699568092823
Training loss on iteration 6480 = 0.7232235394418239
Training loss on iteration 6500 = 1.2091293953359128
Training loss on iteration 6520 = 0.6513651535962708
Training loss on iteration 6540 = 0.7244189750403166
Training loss on iteration 6560 = 1.1169177981093525
Training loss on iteration 6580 = 0.6852574774995446
Training loss on iteration 6600 = 0.35260972995311024
Training loss on iteration 6620 = 0.5036930238828063
Training loss on iteration 6640 = 0.39389094156213106
Training loss on iteration 6660 = 0.543558943271637
Training loss on iteration 6680 = 0.42459714841097596
Training loss on iteration 6700 = 0.44570932611823083
Training loss on iteration 6720 = 0.3136681545525789
Training loss on iteration 6740 = 0.3606138933449984
Training loss on iteration 6760 = 0.39658932127058505
Training loss on iteration 6780 = 0.6101824019104243
Training loss on iteration 6800 = 0.479787028208375
Training loss on iteration 6820 = 0.43926186859607697
Training loss on iteration 6840 = 0.6314293995499611
Training loss on iteration 6860 = 0.2800009723752737
Training loss on iteration 6880 = 0.4209716632962227
Training loss on iteration 6900 = 0.42209597376640884
Training loss on iteration 6920 = 0.3202363111078739
Training loss on iteration 6940 = 0.3548233568668365
Training loss on iteration 6960 = 0.4305674057453871
Training loss on iteration 6980 = 0.3400370296090841
Training loss on iteration 7000 = 0.3566656615585089
Training loss on iteration 7020 = 0.3752651197835803
Training loss on iteration 7040 = 0.47037320733070376
Training loss on iteration 7060 = 0.4232768964022398
Training loss on iteration 7080 = 0.2831660958006978
Training loss on iteration 7100 = 0.3167039503576234
Training loss on iteration 7120 = 0.39664043076336386
Training loss on iteration 7140 = 0.26544400965794923
Training loss on iteration 7160 = 0.29643965046852827
Training loss on iteration 7180 = 0.3302543967962265
Training loss on iteration 7200 = 0.3965073212981224
Training loss on iteration 7220 = 0.31842745952308177
Training loss on iteration 7240 = 0.37081407830119134
Training loss on iteration 7260 = 0.3277331918478012
Training loss on iteration 7280 = 0.42680209334939717
Training loss on iteration 7300 = 0.4009492530487478
Training loss on iteration 7320 = 2.3961292281746864
Training loss on iteration 7340 = 0.5818566419184208
Training loss on iteration 7360 = 0.7048567952588201
Training loss on iteration 7380 = 0.4891715064644814
Training loss on iteration 7400 = 0.4796842958778143
Training loss on iteration 7420 = 0.2459695848636329
Training loss on iteration 7440 = 0.3864925932139158
Training loss on iteration 7460 = 0.29025845006108286
Training loss on iteration 7480 = 0.3487433368340135
### EVAL:: Epoch 9:: Loss = 0.3677253188553743 :: ACC = 0.8302602021714713, AUC = 0.10201934936035942, EER = 0.8248783227255709
Training on epoch 10
Training loss on iteration 0 = 0.6302635073661804
Training loss on iteration 20 = 0.3890896575525403
Training loss on iteration 40 = 0.6215170189738274
Training loss on iteration 60 = 0.43037976063787936
Training loss on iteration 80 = 0.7252345748245717
Training loss on iteration 100 = 0.3233511220663786
Training loss on iteration 120 = 0.3732875816524029
Training loss on iteration 140 = 0.34149189591407775
Training loss on iteration 160 = 0.33942050747573377
Training loss on iteration 180 = 0.33728394098579884
Training loss on iteration 200 = 0.44193747714161874
Training loss on iteration 220 = 0.3939812080934644
Training loss on iteration 240 = 0.4995274655520916
Training loss on iteration 260 = 0.4288038000464439
Training loss on iteration 280 = 0.2883042722940445
Training loss on iteration 300 = 0.29680434670299294
Training loss on iteration 320 = 0.2838875180110335
Training loss on iteration 340 = 0.41933472603559496
Training loss on iteration 360 = 0.6112340938299894
Training loss on iteration 380 = 0.6400208607316017
Training loss on iteration 400 = 0.571916539222002
Training loss on iteration 420 = 0.5023770034313202
Training loss on iteration 440 = 0.4349430803209543
Training loss on iteration 460 = 0.3447719582822174
Training loss on iteration 480 = 0.3680456141009927
Training loss on iteration 500 = 0.30277037657797334
Training loss on iteration 520 = 0.4111772349104285
Training loss on iteration 540 = 0.5272181026637555
Training loss on iteration 560 = 0.5640606876462698
Training loss on iteration 580 = 0.32815866842865943
Training loss on iteration 600 = 0.34422264201566577
Training loss on iteration 620 = 0.34406434735283253
Training loss on iteration 640 = 0.40511711947619916
Training loss on iteration 660 = 0.3785743298009038
Training loss on iteration 680 = 0.43420416712760923
Training loss on iteration 700 = 0.3754443861544132
Training loss on iteration 720 = 0.36688942462205887
Training loss on iteration 740 = 0.31275675669312475
Training loss on iteration 760 = 0.39817280769348146
Training loss on iteration 780 = 0.2538880068808794
Training loss on iteration 800 = 0.4441408902406693
Training loss on iteration 820 = 0.6177553974092007
Training loss on iteration 840 = 0.41256984127685425
Training loss on iteration 860 = 0.380189523473382
Training loss on iteration 880 = 0.38649944253265855
Training loss on iteration 900 = 0.3131308225914836
Training loss on iteration 920 = 0.2387976497411728
Training loss on iteration 940 = 0.6117263905704021
Training loss on iteration 960 = 0.36446372121572496
Training loss on iteration 980 = 0.35042897462844846
Training loss on iteration 1000 = 0.337867783382535
Training loss on iteration 1020 = 0.3410524728242308
Training loss on iteration 1040 = 0.5929688934236765
Training loss on iteration 1060 = 0.9426401510834694
Training loss on iteration 1080 = 0.6356374442577362
Training loss on iteration 1100 = 0.6717366084456444
Training loss on iteration 1120 = 0.6230100225657225
Training loss on iteration 1140 = 0.5204915761947632
Training loss on iteration 1160 = 0.6036107186228037
Training loss on iteration 1180 = 0.6516486037522554
Training loss on iteration 1200 = 0.32459129169583323
Training loss on iteration 1220 = 0.372282886877656
Training loss on iteration 1240 = 0.3585260484367609
Training loss on iteration 1260 = 0.3485351216048002
Training loss on iteration 1280 = 0.2593052228912711
Training loss on iteration 1300 = 0.3625420808792114
Training loss on iteration 1320 = 0.22951824283227323
Training loss on iteration 1340 = 0.2987299344036728
Training loss on iteration 1360 = 0.44941275250166657
Training loss on iteration 1380 = 0.4657436106353998
Training loss on iteration 1400 = 0.4600641343742609
Training loss on iteration 1420 = 0.36546714827418325
Training loss on iteration 1440 = 0.3099795326590538
Training loss on iteration 1460 = 0.2977788170799613
Training loss on iteration 1480 = 0.2186007760465145
Training loss on iteration 1500 = 0.33283749744296076
Training loss on iteration 1520 = 0.25355960708111525
Training loss on iteration 1540 = 0.33111777771264317
Training loss on iteration 1560 = 0.31829994544386864
Training loss on iteration 1580 = 0.3406569793820381
Training loss on iteration 1600 = 0.3864322865381837
Training loss on iteration 1620 = 0.3835228905081749
Training loss on iteration 1640 = 0.3902474794536829
Training loss on iteration 1660 = 0.40534048303961756
Training loss on iteration 1680 = 0.4113975900225341
Training loss on iteration 1700 = 0.37997059244662523
Training loss on iteration 1720 = 0.26277507804334166
Training loss on iteration 1740 = 0.23509903359226883
Training loss on iteration 1760 = 0.3475710663944483
Training loss on iteration 1780 = 0.30027973651885986
Training loss on iteration 1800 = 0.3936902955174446
Training loss on iteration 1820 = 0.3223129792138934
Training loss on iteration 1840 = 0.3089978123083711
Training loss on iteration 1860 = 0.37050022603943944
Training loss on iteration 1880 = 0.37511554788798096
Training loss on iteration 1900 = 0.3049335118383169
Training loss on iteration 1920 = 0.44048457108438016
Training loss on iteration 1940 = 0.3803037915378809
Training loss on iteration 1960 = 0.2852350115310401
Training loss on iteration 1980 = 0.33801308237016203
Training loss on iteration 2000 = 0.2894188862293959
Training loss on iteration 2020 = 0.398261081892997
Training loss on iteration 2040 = 0.4104563906788826
Training loss on iteration 2060 = 0.27947925198823215
Training loss on iteration 2080 = 0.31527863088995217
Training loss on iteration 2100 = 0.3921265470795333
Training loss on iteration 2120 = 0.3710770931094885
Training loss on iteration 2140 = 0.43972268179059026
Training loss on iteration 2160 = 0.2753280736505985
Training loss on iteration 2180 = 0.3334343694150448
Training loss on iteration 2200 = 0.3122788559645414
Training loss on iteration 2220 = 0.25368383359164
Training loss on iteration 2240 = 0.6142490077763796
Training loss on iteration 2260 = 0.3302665114402771
Training loss on iteration 2280 = 0.4455158358439803
Training loss on iteration 2300 = 0.30741585455834863
Training loss on iteration 2320 = 0.3814635328948498
Training loss on iteration 2340 = 0.4647263761609793
Training loss on iteration 2360 = 0.45752336345613004
Training loss on iteration 2380 = 0.265640239790082
Training loss on iteration 2400 = 0.43175034523010253
Training loss on iteration 2420 = 0.28677954017184676
Training loss on iteration 2440 = 0.34170795963145795
Training loss on iteration 2460 = 0.3861014122143388
Training loss on iteration 2480 = 0.38815111555159093
Training loss on iteration 2500 = 0.3104624044150114
Training loss on iteration 2520 = 0.19872525064274668
Training loss on iteration 2540 = 0.3615157786756754
Training loss on iteration 2560 = 0.4003748992457986
Training loss on iteration 2580 = 0.2965698126703501
Training loss on iteration 2600 = 0.39588329531252386
Training loss on iteration 2620 = 0.3326662264764309
Training loss on iteration 2640 = 0.334111912548542
Training loss on iteration 2660 = 0.3757476691156626
Training loss on iteration 2680 = 0.35555754527449607
Training loss on iteration 2700 = 0.29470748268067837
Training loss on iteration 2720 = 0.2777485587168485
Training loss on iteration 2740 = 0.28325888169929386
Training loss on iteration 2760 = 0.277108446508646
Training loss on iteration 2780 = 0.24413839671760798
Training loss on iteration 2800 = 0.3228139039129019
Training loss on iteration 2820 = 0.3368796855211258
Training loss on iteration 2840 = 0.3113398513756692
Training loss on iteration 2860 = 0.2776104973629117
Training loss on iteration 2880 = 0.356000748462975
Training loss on iteration 2900 = 0.26545553989708426
Training loss on iteration 2920 = 0.32209271658211946
Training loss on iteration 2940 = 0.33414955278858544
Training loss on iteration 2960 = 0.3299210835248232
Training loss on iteration 2980 = 0.34936537593603134
Training loss on iteration 3000 = 0.5892239924520254
Training loss on iteration 3020 = 0.3956502951681614
Training loss on iteration 3040 = 0.26154877208173277
Training loss on iteration 3060 = 0.5795132256112993
Training loss on iteration 3080 = 0.39698680564761163
Training loss on iteration 3100 = 0.22681451300159097
Training loss on iteration 3120 = 0.30827392973005774
Training loss on iteration 3140 = 0.32098623299971224
Training loss on iteration 3160 = 0.8869921687990427
Training loss on iteration 3180 = 0.925744509184733
Training loss on iteration 3200 = 0.4822071068920195
Training loss on iteration 3220 = 0.3776380275376141
Training loss on iteration 3240 = 0.4034108752384782
Training loss on iteration 3260 = 0.3638769414043054
Training loss on iteration 3280 = 0.4512672141194344
Training loss on iteration 3300 = 0.3714730467647314
Training loss on iteration 3320 = 0.3290796311572194
Training loss on iteration 3340 = 0.4870474640280008
Training loss on iteration 3360 = 0.4296018173918128
Training loss on iteration 3380 = 0.35011648423969743
Training loss on iteration 3400 = 0.4076075706630945
Training loss on iteration 3420 = 0.31307133492082356
Training loss on iteration 3440 = 0.2810399970971048
Training loss on iteration 3460 = 0.29433915875852107
Training loss on iteration 3480 = 0.25251789204776287
Training loss on iteration 3500 = 0.18471270641312004
Training loss on iteration 3520 = 0.38442613240331414
Training loss on iteration 3540 = 0.4593907192349434
Training loss on iteration 3560 = 0.44345310628414153
Training loss on iteration 3580 = 0.34707570308819413
Training loss on iteration 3600 = 0.21332415202632546
Training loss on iteration 3620 = 0.3760865148156881
Training loss on iteration 3640 = 0.3943311758339405
Training loss on iteration 3660 = 0.40458262860774996
Training loss on iteration 3680 = 0.6159416563808918
Training loss on iteration 3700 = 0.38891203319653866
Training loss on iteration 3720 = 0.41155642294324934
Training loss on iteration 3740 = 0.3605142887914553
Training loss on iteration 3760 = 0.34397680666297675
Training loss on iteration 3780 = 0.34767648377455773
Training loss on iteration 3800 = 0.35915620177984237
Training loss on iteration 3820 = 0.610316277295351
Training loss on iteration 3840 = 0.3955347645096481
Training loss on iteration 3860 = 0.37763848546892403
Training loss on iteration 3880 = 1.159888517484069
Training loss on iteration 3900 = 0.3914059855043888
Training loss on iteration 3920 = 0.402851396612823
Training loss on iteration 3940 = 0.31888482728973033
Training loss on iteration 3960 = 0.2874943420290947
Training loss on iteration 3980 = 0.33853768073022367
Training loss on iteration 4000 = 0.35379910934716463
Training loss on iteration 4020 = 0.5087735366076231
Training loss on iteration 4040 = 0.6299225207418203
Training loss on iteration 4060 = 0.30622722012922166
Training loss on iteration 4080 = 0.25615600142627953
Training loss on iteration 4100 = 0.21673831902444363
Training loss on iteration 4120 = 0.2860939705744386
Training loss on iteration 4140 = 0.39139726758003235
Training loss on iteration 4160 = 0.327755281329155
Training loss on iteration 4180 = 0.4769755654036999
Training loss on iteration 4200 = 0.3964428845793009
Training loss on iteration 4220 = 0.9133746266365051
Training loss on iteration 4240 = 0.4546690915711224
Training loss on iteration 4260 = 0.3497077930252999
Training loss on iteration 4280 = 0.35480805933475495
Training loss on iteration 4300 = 0.3000620827078819
Training loss on iteration 4320 = 0.24834331553429365
Training loss on iteration 4340 = 0.2676957428921014
Training loss on iteration 4360 = 0.4092431074008346
Training loss on iteration 4380 = 0.5714243257418274
Training loss on iteration 4400 = 0.7267583547160029
Training loss on iteration 4420 = 0.69243832398206
Training loss on iteration 4440 = 0.4313046892406419
Training loss on iteration 4460 = 0.4047161236405373
Training loss on iteration 4480 = 0.5307688727974892
Training loss on iteration 4500 = 0.3074917457997799
Training loss on iteration 4520 = 0.3636541239917278
Training loss on iteration 4540 = 0.47310023531317713
Training loss on iteration 4560 = 0.592884910851717
Training loss on iteration 4580 = 0.38817764557898043
Training loss on iteration 4600 = 0.5244649156928063
Training loss on iteration 4620 = 0.4043173432350159
Training loss on iteration 4640 = 0.23797972165048123
Training loss on iteration 4660 = 0.34856173023581505
Training loss on iteration 4680 = 0.3115952149964869
Training loss on iteration 4700 = 0.29577558785676955
Training loss on iteration 4720 = 0.32998443450778725
Training loss on iteration 4740 = 0.36798788979649544
Training loss on iteration 4760 = 0.2816245425492525
Training loss on iteration 4780 = 0.3134688036516309
Training loss on iteration 4800 = 0.5087925914674998
Training loss on iteration 4820 = 0.4255455886013806
Training loss on iteration 4840 = 0.32050659954547883
Training loss on iteration 4860 = 0.3314425334334373
Training loss on iteration 4880 = 0.2874056063592434
Training loss on iteration 4900 = 0.3837932422757149
Training loss on iteration 4920 = 0.31735354512929914
Training loss on iteration 4940 = 0.38564187120646237
Training loss on iteration 4960 = 0.43648009970784185
Training loss on iteration 4980 = 0.4092855338007212
Training loss on iteration 5000 = 0.28109888881444933
Training loss on iteration 5020 = 0.5124255731701851
Training loss on iteration 5040 = 0.376776522397995
Training loss on iteration 5060 = 0.41963975317776203
Training loss on iteration 5080 = 0.4196795692667365
Training loss on iteration 5100 = 0.35926827117800714
Training loss on iteration 5120 = 0.3772000441327691
Training loss on iteration 5140 = 0.4107144169509411
Training loss on iteration 5160 = 0.29820497271139174
Training loss on iteration 5180 = 0.32554177194833755
Training loss on iteration 5200 = 0.3531898219138384
Training loss on iteration 5220 = 0.4477677257731557
Training loss on iteration 5240 = 0.39330981224775313
Training loss on iteration 5260 = 0.41886777672916653
Training loss on iteration 5280 = 0.3137609714642167
Training loss on iteration 5300 = 0.41385828200727703
Training loss on iteration 5320 = 0.3272382501512766
Training loss on iteration 5340 = 0.4619108624756336
Training loss on iteration 5360 = 0.32885868288576603
Training loss on iteration 5380 = 0.36327542597427964
Training loss on iteration 5400 = 0.3206122644245625
Training loss on iteration 5420 = 0.2253879051655531
Training loss on iteration 5440 = 0.20880876574665308
Training loss on iteration 5460 = 0.32586393151432275
Training loss on iteration 5480 = 0.4574897151440382
Training loss on iteration 5500 = 0.446328080445528
Training loss on iteration 5520 = 0.26814541313797235
Training loss on iteration 5540 = 0.27017114283517
Training loss on iteration 5560 = 0.3277311724377796
Training loss on iteration 5580 = 0.3891673083882779
Training loss on iteration 5600 = 0.42186770066618917
Training loss on iteration 5620 = 0.24195310678333043
Training loss on iteration 5640 = 0.33739281583111735
Training loss on iteration 5660 = 0.41062410064041616
Training loss on iteration 5680 = 0.6449100434780121
Training loss on iteration 5700 = 0.47997715026140214
Training loss on iteration 5720 = 0.3659886407898739
Training loss on iteration 5740 = 0.2570773739367723
Training loss on iteration 5760 = 0.3406576219946146
Training loss on iteration 5780 = 0.2896073808893561
Training loss on iteration 5800 = 0.27854045331478117
Training loss on iteration 5820 = 0.2853219283744693
Training loss on iteration 5840 = 0.3111059014685452
Training loss on iteration 5860 = 0.3051581965759397
Training loss on iteration 5880 = 0.3237548818811774
Training loss on iteration 5900 = 0.3382461775094271
Training loss on iteration 5920 = 0.2295569360256195
Training loss on iteration 5940 = 0.21331465495750307
Training loss on iteration 5960 = 0.39139367155730725
Training loss on iteration 5980 = 0.3301397358998656
Training loss on iteration 6000 = 0.36436974853277204
Training loss on iteration 6020 = 0.3710754245519638
Training loss on iteration 6040 = 0.40494259470142424
Training loss on iteration 6060 = 0.3937107540667057
Training loss on iteration 6080 = 0.5114359021186828
Training loss on iteration 6100 = 0.2933447636663914
Training loss on iteration 6120 = 0.3100098088383675
Training loss on iteration 6140 = 0.3193031057715416
Training loss on iteration 6160 = 0.3068253196775913
Training loss on iteration 6180 = 0.3756647862493992
Training loss on iteration 6200 = 0.44394174637272954
Training loss on iteration 6220 = 0.47242334820330145
Training loss on iteration 6240 = 0.43243086780421436
Training loss on iteration 6260 = 0.32487686164677143
Training loss on iteration 6280 = 0.3263303937856108
Training loss on iteration 6300 = 0.30482234633527694
Training loss on iteration 6320 = 0.24279321897774936
Training loss on iteration 6340 = 0.2947793807834387
Training loss on iteration 6360 = 0.36164250774309037
Training loss on iteration 6380 = 0.29404396247118714
Training loss on iteration 6400 = 0.38365137465298177
Training loss on iteration 6420 = 0.3166438614483923
Training loss on iteration 6440 = 0.4556462101638317
Training loss on iteration 6460 = 0.3854614857584238
Training loss on iteration 6480 = 0.36579548716545107
Training loss on iteration 6500 = 0.27473308332264423
Training loss on iteration 6520 = 0.3276561576407403
Training loss on iteration 6540 = 0.4706532694399357
Training loss on iteration 6560 = 0.33558367304503917
Training loss on iteration 6580 = 0.5222713679075242
Training loss on iteration 6600 = 0.2076446523424238
Training loss on iteration 6620 = 0.23626010660082103
Training loss on iteration 6640 = 0.39645161693915726
Training loss on iteration 6660 = 0.4149630170315504
Training loss on iteration 6680 = 0.3666387744247913
Training loss on iteration 6700 = 0.3803805407136679
Training loss on iteration 6720 = 0.6967366180382669
Training loss on iteration 6740 = 0.39656805610284207
Training loss on iteration 6760 = 0.40173399448394775
Training loss on iteration 6780 = 0.41467791721224784
Training loss on iteration 6800 = 0.38994570784270766
Training loss on iteration 6820 = 0.416008011624217
Training loss on iteration 6840 = 0.42373957168310883
Training loss on iteration 6860 = 0.5996025618165731
Training loss on iteration 6880 = 0.3269676435738802
Training loss on iteration 6900 = 0.38483076356351376
Training loss on iteration 6920 = 0.3451623276807368
Training loss on iteration 6940 = 0.34790302366018294
Training loss on iteration 6960 = 0.4495212228503078
Training loss on iteration 6980 = 0.32909523164853455
Training loss on iteration 7000 = 0.2876422759145498
Training loss on iteration 7020 = 0.42633346393704413
Training loss on iteration 7040 = 0.23005031142383814
Training loss on iteration 7060 = 0.24794195964932442
Training loss on iteration 7080 = 0.2707701129838824
Training loss on iteration 7100 = 0.34070878103375435
Training loss on iteration 7120 = 0.356272641941905
Training loss on iteration 7140 = 0.35467937246430664
Training loss on iteration 7160 = 0.3760624688118696
Training loss on iteration 7180 = 0.3467717435210943
Training loss on iteration 7200 = 0.2966867683455348
Training loss on iteration 7220 = 0.49853394478559493
Training loss on iteration 7240 = 0.7470410259440541
Training loss on iteration 7260 = 0.6439582362771035
Training loss on iteration 7280 = 0.4840554788708687
Training loss on iteration 7300 = 0.7869696035981179
Training loss on iteration 7320 = 0.4913265539333224
Training loss on iteration 7340 = 0.5716914441436529
Training loss on iteration 7360 = 0.2521479491144419
Training loss on iteration 7380 = 0.5028949078172446
Training loss on iteration 7400 = 0.472336764074862
Training loss on iteration 7420 = 0.36567488238215445
Training loss on iteration 7440 = 0.4997115798294544
Training loss on iteration 7460 = 0.3625165054574609
Training loss on iteration 7480 = 0.37154235169291494
### EVAL:: Epoch 10:: Loss = 0.29635522242212997 :: ACC = 0.8910520404342943, AUC = 0.0997404103674098, EER = 0.8211344065892924
Training on epoch 11
Training loss on iteration 0 = 0.49034976959228516
Training loss on iteration 20 = 0.5383994394913316
Training loss on iteration 40 = 0.5662312062457204
Training loss on iteration 60 = 0.6643704455345869
Training loss on iteration 80 = 0.750364349829033
Training loss on iteration 100 = 1.8682817002758383
Training loss on iteration 120 = 1.248407178092748
Training loss on iteration 140 = 0.5874645637057256
Training loss on iteration 160 = 0.5143784902989864
Training loss on iteration 180 = 0.44027763660997155
Training loss on iteration 200 = 0.43787065595388414
Training loss on iteration 220 = 0.3839014947414398
Training loss on iteration 240 = 0.394774036295712
Training loss on iteration 260 = 0.4537488304078579
Training loss on iteration 280 = 0.21707020569592714
Training loss on iteration 300 = 0.49349441677331923
Training loss on iteration 320 = 0.3199196562170982
Training loss on iteration 340 = 0.27785462234169245
Training loss on iteration 360 = 0.24620690504089
Training loss on iteration 380 = 0.414327434822917
Training loss on iteration 400 = 0.4456956546753645
Training loss on iteration 420 = 0.39789051599800584
Training loss on iteration 440 = 0.234675857052207
Training loss on iteration 460 = 0.283344064373523
Training loss on iteration 480 = 0.3110690413042903
Training loss on iteration 500 = 0.37551133166998624
Training loss on iteration 520 = 0.3808847888372838
Training loss on iteration 540 = 0.43307281360030175
Training loss on iteration 560 = 0.37420762442052363
Training loss on iteration 580 = 0.34883764013648033
Training loss on iteration 600 = 0.411988720856607
Training loss on iteration 620 = 0.3487892523407936
Training loss on iteration 640 = 0.46653081476688385
Training loss on iteration 660 = 0.4058444224298
Training loss on iteration 680 = 0.4743890009820461
Training loss on iteration 700 = 0.41872595362365245
Training loss on iteration 720 = 0.391816546022892
Training loss on iteration 740 = 0.37149219736456873
Training loss on iteration 760 = 0.42724817246198654
Training loss on iteration 780 = 0.3503960441797972
Training loss on iteration 800 = 0.49509874247014524
Training loss on iteration 820 = 0.2965133568271995
Training loss on iteration 840 = 0.28845394905656574
Training loss on iteration 860 = 0.4608164386823773
Training loss on iteration 880 = 0.3420069571584463
Training loss on iteration 900 = 0.3175346885807812
Training loss on iteration 920 = 0.2658400025218725
Training loss on iteration 940 = 0.3856382046826184
Training loss on iteration 960 = 0.42950194552540777
Training loss on iteration 980 = 0.404653187468648
Training loss on iteration 1000 = 0.3575795726850629
Training loss on iteration 1020 = 0.3721542567014694
Training loss on iteration 1040 = 0.31009625978767874
Training loss on iteration 1060 = 0.3668224260210991
Training loss on iteration 1080 = 0.4383546531200409
Training loss on iteration 1100 = 0.33479737062007187
Training loss on iteration 1120 = 0.39270329140126703
Training loss on iteration 1140 = 0.32513907812535764
Training loss on iteration 1160 = 0.47282878328114747
Training loss on iteration 1180 = 0.3341826219111681
Training loss on iteration 1200 = 0.29313213638961316
Training loss on iteration 1220 = 0.30921879534143953
Training loss on iteration 1240 = 0.382894254475832
Training loss on iteration 1260 = 0.24133548154495657
Training loss on iteration 1280 = 0.5430290170013905
Training loss on iteration 1300 = 0.3539820544421673
Training loss on iteration 1320 = 0.26280691623687746
Training loss on iteration 1340 = 0.24727695900946856
Training loss on iteration 1360 = 0.38628927506506444
Training loss on iteration 1380 = 0.2515595849603415
Training loss on iteration 1400 = 0.28614109139889476
Training loss on iteration 1420 = 0.2845341360196471
Training loss on iteration 1440 = 0.3498615263029933
Training loss on iteration 1460 = 0.3440792206674814
Training loss on iteration 1480 = 0.3862286530435085
Training loss on iteration 1500 = 0.3250621449202299
Training loss on iteration 1520 = 0.21165258567780257
Training loss on iteration 1540 = 0.3504544263705611
Training loss on iteration 1560 = 0.2425868870690465
Training loss on iteration 1580 = 0.3178006254136562
Training loss on iteration 1600 = 0.30563344499096273
Training loss on iteration 1620 = 0.3465616594068706
Training loss on iteration 1640 = 0.37208958230912687
Training loss on iteration 1660 = 0.37344393990933894
Training loss on iteration 1680 = 0.4238597991876304
Training loss on iteration 1700 = 0.33910491950809957
Training loss on iteration 1720 = 0.31720092594623567
Training loss on iteration 1740 = 0.26499989069998264
Training loss on iteration 1760 = 0.35074486806988714
Training loss on iteration 1780 = 0.36725864820182325
Training loss on iteration 1800 = 0.3348272717092186
Training loss on iteration 1820 = 0.2865318164229393
Training loss on iteration 1840 = 0.36341242138296365
Training loss on iteration 1860 = 0.3435577593743801
Training loss on iteration 1880 = 0.39840151444077493
Training loss on iteration 1900 = 0.36592252235859635
Training loss on iteration 1920 = 0.42314329370856285
Training loss on iteration 1940 = 0.379221848398447
Training loss on iteration 1960 = 0.3248151193372905
Training loss on iteration 1980 = 0.2548020732589066
Training loss on iteration 2000 = 0.23242733106017113
Training loss on iteration 2020 = 0.3734390121884644
Training loss on iteration 2040 = 0.30991360917687416
Training loss on iteration 2060 = 0.32076629120856526
Training loss on iteration 2080 = 0.40291145704686643
Training loss on iteration 2100 = 0.8220346417278052
Training loss on iteration 2120 = 0.6185738624073565
Training loss on iteration 2140 = 0.5228250969201327
Training loss on iteration 2160 = 0.4383835379965603
Training loss on iteration 2180 = 0.3224931836128235
Training loss on iteration 2200 = 0.3080020472407341
Training loss on iteration 2220 = 0.2510406397283077
Training loss on iteration 2240 = 0.4247689666226506
Training loss on iteration 2260 = 0.35639669708907606
Training loss on iteration 2280 = 0.33356001260690393
Training loss on iteration 2300 = 0.4452077608555555
Training loss on iteration 2320 = 0.3450543640181422
Training loss on iteration 2340 = 0.3193796152248979
Training loss on iteration 2360 = 0.47490580677986144
Training loss on iteration 2380 = 0.29269401114434
Training loss on iteration 2400 = 0.3852083317935467
Training loss on iteration 2420 = 0.39633669033646585
Training loss on iteration 2440 = 0.31808708757162096
Training loss on iteration 2460 = 0.36003129547461865
Training loss on iteration 2480 = 0.347542423568666
Training loss on iteration 2500 = 0.45689995381981136
Training loss on iteration 2520 = 0.3104710914194584
Training loss on iteration 2540 = 0.5458184216171503
Training loss on iteration 2560 = 1.0373645797371864
Training loss on iteration 2580 = 0.6889567129779607
Training loss on iteration 2600 = 0.572711924649775
Training loss on iteration 2620 = 0.370387645624578
Training loss on iteration 2640 = 0.31168417893350125
Training loss on iteration 2660 = 0.31673358296975496
Training loss on iteration 2680 = 0.256077528744936
Training loss on iteration 2700 = 0.3635834614746273
Training loss on iteration 2720 = 0.4896517116576433
Training loss on iteration 2740 = 0.46414291663095353
Training loss on iteration 2760 = 0.32022785404697063
Training loss on iteration 2780 = 0.2901647949591279
Training loss on iteration 2800 = 0.39139659348875283
Training loss on iteration 2820 = 0.4009152228012681
Training loss on iteration 2840 = 0.3783710468094796
Training loss on iteration 2860 = 0.2877827566117048
Training loss on iteration 2880 = 0.33247261252254245
Training loss on iteration 2900 = 0.2730839552357793
Training loss on iteration 2920 = 0.34974842723459004
Training loss on iteration 2940 = 0.2626696456223726
Training loss on iteration 2960 = 0.35017494931817056
Training loss on iteration 2980 = 0.3545423178002238
Training loss on iteration 3000 = 0.2651757079176605
Training loss on iteration 3020 = 0.29028425756841897
Training loss on iteration 3040 = 0.3480418372899294
Training loss on iteration 3060 = 0.24841468930244445
Training loss on iteration 3080 = 0.2283996284008026
Training loss on iteration 3100 = 0.6078220354393125
Training loss on iteration 3120 = 0.4126949436962605
Training loss on iteration 3140 = 0.4063606882467866
Training loss on iteration 3160 = 0.40399681497365236
Training loss on iteration 3180 = 0.9273845076560974
Training loss on iteration 3200 = 0.6293757429346443
Training loss on iteration 3220 = 0.7023361515253782
Training loss on iteration 3240 = 0.8228997554630041
Training loss on iteration 3260 = 0.42365057980641724
Training loss on iteration 3280 = 0.380514707043767
Training loss on iteration 3300 = 0.32251040190458297
Training loss on iteration 3320 = 0.37580872476100924
Training loss on iteration 3340 = 0.42102522822096944
Training loss on iteration 3360 = 0.4601657696068287
Training loss on iteration 3380 = 0.2806357152760029
Training loss on iteration 3400 = 0.33511354960501194
Training loss on iteration 3420 = 0.37411430589854716
Training loss on iteration 3440 = 0.4048217788338661
Training loss on iteration 3460 = 0.3684692233800888
Training loss on iteration 3480 = 0.3290737964212894
Training loss on iteration 3500 = 0.2868820471689105
Training loss on iteration 3520 = 0.37349251136183736
Training loss on iteration 3540 = 0.36208948728162793
Training loss on iteration 3560 = 0.40074546076357365
Training loss on iteration 3580 = 0.278440919611603
Training loss on iteration 3600 = 0.39688821472227576
Training loss on iteration 3620 = 0.32756969826295973
Training loss on iteration 3640 = 0.347648061811924
Training loss on iteration 3660 = 0.39237030521035193
Training loss on iteration 3680 = 0.27977513866499065
Training loss on iteration 3700 = 0.3118034332990646
Training loss on iteration 3720 = 0.4428709205240011
Training loss on iteration 3740 = 0.34031333699822425
Training loss on iteration 3760 = 0.29200077638961375
Training loss on iteration 3780 = 0.2897292751818895
Training loss on iteration 3800 = 0.3037324404343963
Training loss on iteration 3820 = 0.2727083281148225
Training loss on iteration 3840 = 0.3515799405053258
Training loss on iteration 3860 = 0.5907553637400269
Training loss on iteration 3880 = 0.5915141366422176
Training loss on iteration 3900 = 0.4780723864212632
Training loss on iteration 3920 = 0.5092798483557999
Training loss on iteration 3940 = 0.801203305204399
Training loss on iteration 3960 = 0.4261923948768526
Training loss on iteration 3980 = 0.3288313109427691
Training loss on iteration 4000 = 0.28675106801092626
Training loss on iteration 4020 = 0.4557401958853006
Training loss on iteration 4040 = 0.3392585637047887
Training loss on iteration 4060 = 0.3428308239672333
Training loss on iteration 4080 = 0.44295203126966953
Training loss on iteration 4100 = 0.3752625106833875
Training loss on iteration 4120 = 0.4209728689864278
Training loss on iteration 4140 = 0.6032916367053985
Training loss on iteration 4160 = 0.4775974364951253
Training loss on iteration 4180 = 0.4178586922585964
Training loss on iteration 4200 = 0.6457015605643391
Training loss on iteration 4220 = 0.6425425082445144
Training loss on iteration 4240 = 0.6036519803106785
Training loss on iteration 4260 = 0.7819742038846016
Training loss on iteration 4280 = 0.8973305098712444
Training loss on iteration 4300 = 0.8065807770006359
Training loss on iteration 4320 = 0.32598131587728857
Training loss on iteration 4340 = 0.5060831416398287
Training loss on iteration 4360 = 0.41683523543179035
Training loss on iteration 4380 = 0.3499909421429038
Training loss on iteration 4400 = 0.38943345099687576
Training loss on iteration 4420 = 0.4141563426703215
Training loss on iteration 4440 = 0.2701775573194027
Training loss on iteration 4460 = 0.32123470287770034
Training loss on iteration 4480 = 0.2834411311894655
Training loss on iteration 4500 = 0.2953531396109611
Training loss on iteration 4520 = 0.291993872448802
Training loss on iteration 4540 = 0.3132466132752597
Training loss on iteration 4560 = 0.34029665067791937
Training loss on iteration 4580 = 0.35706102326512335
Training loss on iteration 4600 = 0.3753063127398491
Training loss on iteration 4620 = 0.9059095313772559
Training loss on iteration 4640 = 0.3933809347450733
Training loss on iteration 4660 = 0.5257917574141174
Training loss on iteration 4680 = 0.2708752926439047
Training loss on iteration 4700 = 0.4345434126444161
Training loss on iteration 4720 = 0.32769046537578106
Training loss on iteration 4740 = 0.42718890830874445
Training loss on iteration 4760 = 0.4137728616595268
Training loss on iteration 4780 = 0.34077520584687593
Training loss on iteration 4800 = 0.33025030298158525
Training loss on iteration 4820 = 0.3501096861436963
Training loss on iteration 4840 = 0.28545335251837967
Training loss on iteration 4860 = 0.28100460693240165
Training loss on iteration 4880 = 0.29229564033448696
Training loss on iteration 4900 = 0.4777368318289518
Training loss on iteration 4920 = 0.36336127715185285
Training loss on iteration 4940 = 0.2701174467802048
Training loss on iteration 4960 = 0.3269416836323217
Training loss on iteration 4980 = 0.3737132243812084
Training loss on iteration 5000 = 0.2602194003760815
Training loss on iteration 5020 = 0.36702944710850716
Training loss on iteration 5040 = 0.2887982066720724
Training loss on iteration 5060 = 0.37549664243124425
Training loss on iteration 5080 = 0.38570696115493774
Training loss on iteration 5100 = 0.43887276444584133
Training loss on iteration 5120 = 0.3697323244065046
Training loss on iteration 5140 = 0.47698492333292963
Training loss on iteration 5160 = 0.3377964962273836
Training loss on iteration 5180 = 0.2680868707597256
Training loss on iteration 5200 = 0.38439869955182077
Training loss on iteration 5220 = 0.2772921476513147
Training loss on iteration 5240 = 0.3380448153242469
Training loss on iteration 5260 = 0.49084889627993106
Training loss on iteration 5280 = 0.5131488120183348
Training loss on iteration 5300 = 0.3437293849885464
Training loss on iteration 5320 = 0.41671667359769343
Training loss on iteration 5340 = 0.6138717626221478
Training loss on iteration 5360 = 0.3404310842975974
Training loss on iteration 5380 = 0.5251144278794527
Training loss on iteration 5400 = 0.5504666700959205
Training loss on iteration 5420 = 0.4514658313244581
Training loss on iteration 5440 = 0.47806885167956353
Training loss on iteration 5460 = 0.3856405982747674
Training loss on iteration 5480 = 0.4254923081956804
Training loss on iteration 5500 = 0.29696744345128534
Training loss on iteration 5520 = 0.47537911012768747
Training loss on iteration 5540 = 0.4817806098610163
Training loss on iteration 5560 = 0.5534510770812631
Training loss on iteration 5580 = 0.4383961262181401
Training loss on iteration 5600 = 0.5896827311487869
Training loss on iteration 5620 = 0.33329812437295914
Training loss on iteration 5640 = 0.46424093246459963
Training loss on iteration 5660 = 0.5852028604596853
Training loss on iteration 5680 = 0.5279919732362032
Training loss on iteration 5700 = 0.463627777248621
Training loss on iteration 5720 = 0.3639824092388153
Training loss on iteration 5740 = 0.34597015045583246
Training loss on iteration 5760 = 0.3497705593705177
Training loss on iteration 5780 = 0.22741863317787647
Training loss on iteration 5800 = 0.39517544326372445
Training loss on iteration 5820 = 0.3581195130944252
Training loss on iteration 5840 = 0.3972293658182025
Training loss on iteration 5860 = 0.430963971093297
Training loss on iteration 5880 = 0.3127061266452074
Training loss on iteration 5900 = 0.2597837192937732
Training loss on iteration 5920 = 0.32121486179530623
Training loss on iteration 5940 = 0.3700462019070983
Training loss on iteration 5960 = 0.39660624973475933
Training loss on iteration 5980 = 0.408713723346591
Training loss on iteration 6000 = 0.46518814023584126
Training loss on iteration 6020 = 0.362226427718997
Training loss on iteration 6040 = 0.2892060298472643
Training loss on iteration 6060 = 0.4271193705499172
Training loss on iteration 6080 = 0.2259637444280088
Training loss on iteration 6100 = 0.41510552726686
Training loss on iteration 6120 = 0.3544438863173127
Training loss on iteration 6140 = 0.330038140155375
Training loss on iteration 6160 = 0.3115989301353693
Training loss on iteration 6180 = 0.30077661145478485
Training loss on iteration 6200 = 0.27624083645641806
Training loss on iteration 6220 = 0.3507658071815968
Training loss on iteration 6240 = 0.3147959750611335
Training loss on iteration 6260 = 0.2624180130660534
Training loss on iteration 6280 = 0.2505040320567787
Training loss on iteration 6300 = 0.28005058439448477
Training loss on iteration 6320 = 0.3244820687919855
Training loss on iteration 6340 = 0.26718707848340273
Training loss on iteration 6360 = 0.2587254060897976
Training loss on iteration 6380 = 0.22807958181947469
Training loss on iteration 6400 = 0.24629873903468252
Training loss on iteration 6420 = 0.20959244798868895
Training loss on iteration 6440 = 0.3038843248039484
Training loss on iteration 6460 = 0.415970978140831
Training loss on iteration 6480 = 0.39437667801976206
Training loss on iteration 6500 = 0.28832472749054433
Training loss on iteration 6520 = 0.28894922211766244
Training loss on iteration 6540 = 0.23846746664494275
Training loss on iteration 6560 = 0.3753035747911781
Training loss on iteration 6580 = 0.2751577362418175
Training loss on iteration 6600 = 0.25841339454054835
Training loss on iteration 6620 = 0.4223757504019886
Training loss on iteration 6640 = 0.2549584586173296
Training loss on iteration 6660 = 0.3303961720317602
Training loss on iteration 6680 = 0.4138054221868515
Training loss on iteration 6700 = 0.3845438439399004
Training loss on iteration 6720 = 0.45443597827106713
Training loss on iteration 6740 = 0.3890613267198205
Training loss on iteration 6760 = 0.3389727998524904
Training loss on iteration 6780 = 0.3766809947788715
Training loss on iteration 6800 = 0.3095278933644295
Training loss on iteration 6820 = 0.25326219443231823
Training loss on iteration 6840 = 0.3300084317103028
Training loss on iteration 6860 = 0.3605639774352312
Training loss on iteration 6880 = 0.3513713415712118
Training loss on iteration 6900 = 0.38175958665087817
Training loss on iteration 6920 = 0.3455297820270061
Training loss on iteration 6940 = 0.2478860198520124
Training loss on iteration 6960 = 0.2503173680976033
Training loss on iteration 6980 = 0.32937161456793546
Training loss on iteration 7000 = 0.3488815691322088
Training loss on iteration 7020 = 0.31013843081891534
Training loss on iteration 7040 = 0.38492133766412734
Training loss on iteration 7060 = 0.33157567381858827
Training loss on iteration 7080 = 0.3216593936085701
Training loss on iteration 7100 = 0.29403668371960523
Training loss on iteration 7120 = 0.4413205782882869
Training loss on iteration 7140 = 0.45197670310735705
Training loss on iteration 7160 = 0.36822671741247176
Training loss on iteration 7180 = 0.38689028061926367
Training loss on iteration 7200 = 0.3797846529632807
Training loss on iteration 7220 = 0.3841053992509842
Training loss on iteration 7240 = 0.2979926591739058
Training loss on iteration 7260 = 0.20443478520028294
Training loss on iteration 7280 = 0.38514817543327806
Training loss on iteration 7300 = 0.3934345522429794
Training loss on iteration 7320 = 0.48520019771531225
Training loss on iteration 7340 = 0.36775857098400594
Training loss on iteration 7360 = 0.2600071055814624
Training loss on iteration 7380 = 0.3188427912071347
Training loss on iteration 7400 = 0.3200153116136789
Training loss on iteration 7420 = 0.2958387043327093
Training loss on iteration 7440 = 0.3525750532746315
Training loss on iteration 7460 = 0.31159863378852604
Training loss on iteration 7480 = 0.3209368983283639
### EVAL:: Epoch 11:: Loss = 0.36619677802566986 :: ACC = 0.8565144140771247, AUC = 0.09554264427007722, EER = 0.8275926619243729
Training on epoch 12
Training loss on iteration 0 = 0.02794402278959751
Training loss on iteration 20 = 0.4122356622945517
Training loss on iteration 40 = 0.3693862812593579
Training loss on iteration 60 = 0.35588808339089156
Training loss on iteration 80 = 0.24628160065039992
Training loss on iteration 100 = 0.3704371749423444
Training loss on iteration 120 = 0.4164475552737713
Training loss on iteration 140 = 0.23947684988379478
Training loss on iteration 160 = 0.29846251104027033
Training loss on iteration 180 = 0.31855300907045603
Training loss on iteration 200 = 0.36145090162754057
Training loss on iteration 220 = 0.3890975095331669
Training loss on iteration 240 = 0.26088050547987224
Training loss on iteration 260 = 0.5269584193825722
Training loss on iteration 280 = 0.4799718875437975
Training loss on iteration 300 = 0.3822309453040361
Training loss on iteration 320 = 0.3978940546512604
Training loss on iteration 340 = 0.2261112652719021
Training loss on iteration 360 = 0.39774580039083957
Training loss on iteration 380 = 0.3147673949599266
Training loss on iteration 400 = 0.4207798388786614
Training loss on iteration 420 = 0.40828846823424103
Training loss on iteration 440 = 0.4142624314874411
Training loss on iteration 460 = 0.5839962523430586
Training loss on iteration 480 = 0.2910776033997536
Training loss on iteration 500 = 0.3321638464927673
Training loss on iteration 520 = 0.3292756747454405
Training loss on iteration 540 = 0.38947344832122327
Training loss on iteration 560 = 0.27971431612968445
Training loss on iteration 580 = 0.48713302249088886
Training loss on iteration 600 = 0.3295718287117779
Training loss on iteration 620 = 0.35919618560001254
Training loss on iteration 640 = 0.3819459069520235
Training loss on iteration 660 = 0.28846402689814565
Training loss on iteration 680 = 0.2554459923878312
Training loss on iteration 700 = 0.4655986543744802
Training loss on iteration 720 = 0.5025726888328791
Training loss on iteration 740 = 0.4097834166139364
Training loss on iteration 760 = 0.44525982439517975
Training loss on iteration 780 = 0.2586845043115318
Training loss on iteration 800 = 0.31417938489466907
Training loss on iteration 820 = 0.2403916258364916
Training loss on iteration 840 = 0.25627850610762837
Training loss on iteration 860 = 0.36147303935140374
Training loss on iteration 880 = 0.5715117014944553
Training loss on iteration 900 = 0.3382110142149031
Training loss on iteration 920 = 0.4005337167531252
Training loss on iteration 940 = 0.7104720510542393
Training loss on iteration 960 = 0.9624682498164475
Training loss on iteration 980 = 0.5732692385092377
Training loss on iteration 1000 = 0.5263002779334783
Training loss on iteration 1020 = 0.3206065502949059
Training loss on iteration 1040 = 0.388248635455966
Training loss on iteration 1060 = 0.3854027337394655
Training loss on iteration 1080 = 0.3086088612675667
Training loss on iteration 1100 = 0.2542961133643985
Training loss on iteration 1120 = 0.3397507729008794
Training loss on iteration 1140 = 0.2803757429122925
Training loss on iteration 1160 = 0.3201729927212
Training loss on iteration 1180 = 0.34840417448431255
Training loss on iteration 1200 = 0.37647436298429965
Training loss on iteration 1220 = 0.368787020072341
Training loss on iteration 1240 = 40.90105315223336
Training loss on iteration 1260 = 4.935913989692926
Training loss on iteration 1280 = 2.116156541183591
Training loss on iteration 1300 = 0.8282026996836066
Training loss on iteration 1320 = 0.7658218909986317
Training loss on iteration 1340 = 0.49202057318761944
Training loss on iteration 1360 = 0.5046033634804189
Training loss on iteration 1380 = 0.4488490656018257
Training loss on iteration 1400 = 0.4557616800069809
Training loss on iteration 1420 = 0.3912950955331326
Training loss on iteration 1440 = 0.3370290735736489
Training loss on iteration 1460 = 0.4125103779137135
Training loss on iteration 1480 = 0.24375127283856274
Training loss on iteration 1500 = 0.323766003921628
Training loss on iteration 1520 = 0.26782627310603857
Training loss on iteration 1540 = 0.35273295603692534
Training loss on iteration 1560 = 0.3896417612209916
Training loss on iteration 1580 = 0.32825204692780974
Training loss on iteration 1600 = 0.3127032776363194
Training loss on iteration 1620 = 0.361753161624074
Training loss on iteration 1640 = 0.27123571243137123
Training loss on iteration 1660 = 0.4347987622022629
Training loss on iteration 1680 = 0.2721279013901949
Training loss on iteration 1700 = 0.276463408023119
Training loss on iteration 1720 = 0.42540958635509013
Training loss on iteration 1740 = 0.4186149384826422
Training loss on iteration 1760 = 0.2505995877087116
Training loss on iteration 1780 = 0.2656373281031847
Training loss on iteration 1800 = 0.279074786324054
Training loss on iteration 1820 = 0.4166633725166321
Training loss on iteration 1840 = 0.4177624981850386
Training loss on iteration 1860 = 0.3151057310402393
Training loss on iteration 1880 = 0.458200903609395
Training loss on iteration 1900 = 0.9105603273957967
Training loss on iteration 1920 = 0.703710293583572
Training loss on iteration 1940 = 0.5136774523183704
Training loss on iteration 1960 = 0.38431455492973327
Training loss on iteration 1980 = 0.31447046538814905
Training loss on iteration 2000 = 0.34303792621940377
Training loss on iteration 2020 = 0.48539680037647487
Training loss on iteration 2040 = 0.3028733242303133
Training loss on iteration 2060 = 0.2361526768654585
Training loss on iteration 2080 = 0.6075542153790593
Training loss on iteration 2100 = 0.33322747722268103
Training loss on iteration 2120 = 0.30455981753766537
Training loss on iteration 2140 = 0.38733271658420565
Training loss on iteration 2160 = 0.3361506978049874
Training loss on iteration 2180 = 0.30029607079923154
Training loss on iteration 2200 = 0.32349378960207104
Training loss on iteration 2220 = 0.383602281473577
Training loss on iteration 2240 = 0.2975191708654165
Training loss on iteration 2260 = 0.2982501436024904
Training loss on iteration 2280 = 0.2718275208026171
Training loss on iteration 2300 = 0.2751500885002315
Training loss on iteration 2320 = 0.4965882642194629
Training loss on iteration 2340 = 0.34643739722669126
Training loss on iteration 2360 = 0.3728752262890339
Training loss on iteration 2380 = 0.3375594764947891
Training loss on iteration 2400 = 0.2323999922722578
Training loss on iteration 2420 = 0.2642151408828795
Training loss on iteration 2440 = 0.25798754882998765
Training loss on iteration 2460 = 0.2882901782169938
Training loss on iteration 2480 = 0.2526950992643833
Training loss on iteration 2500 = 0.2682325463742018
Training loss on iteration 2520 = 0.3731569951400161
Training loss on iteration 2540 = 0.3600775472819805
Training loss on iteration 2560 = 0.31068048924207686
Training loss on iteration 2580 = 0.24681893158704044
Training loss on iteration 2600 = 0.293096661567688
Training loss on iteration 2620 = 0.2681064604781568
Training loss on iteration 2640 = 0.35316440686583517
Training loss on iteration 2660 = 0.3294389246031642
Training loss on iteration 2680 = 0.42521413452923296
Training loss on iteration 2700 = 0.3693222364410758
Training loss on iteration 2720 = 0.316021166741848
Training loss on iteration 2740 = 0.3263836890459061
Training loss on iteration 2760 = 0.33047765754163266
Training loss on iteration 2780 = 0.303512092679739
Training loss on iteration 2800 = 0.304687999561429
Training loss on iteration 2820 = 0.3083929728716612
Training loss on iteration 2840 = 0.2768536049872637
Training loss on iteration 2860 = 0.2349098663777113
Training loss on iteration 2880 = 0.39774532467126844
Training loss on iteration 2900 = 0.4232860829681158
Training loss on iteration 2920 = 0.3595204561948776
Training loss on iteration 2940 = 0.4268613584339619
Training loss on iteration 2960 = 0.2555431231856346
Training loss on iteration 2980 = 0.35611502192914485
Training loss on iteration 3000 = 0.3762738773599267
Training loss on iteration 3020 = 0.3802169866859913
Training loss on iteration 3040 = 0.32014498487114906
Training loss on iteration 3060 = 0.37639742251485586
Training loss on iteration 3080 = 0.4608915256336331
Training loss on iteration 3100 = 0.36396997720003127
Training loss on iteration 3120 = 0.35565100917592646
Training loss on iteration 3140 = 0.400837286375463
Training loss on iteration 3160 = 0.4457859955728054
Training loss on iteration 3180 = 0.29247410483658315
Training loss on iteration 3200 = 0.48357678558677436
Training loss on iteration 3220 = 0.3287187431007624
Training loss on iteration 3240 = 0.2627939138561487
Training loss on iteration 3260 = 0.3285479350946844
Training loss on iteration 3280 = 0.30719012543559077
Training loss on iteration 3300 = 0.25676647648215295
Training loss on iteration 3320 = 0.28100036419928076
Training loss on iteration 3340 = 0.2453857708722353
Training loss on iteration 3360 = 0.25615844279527666
Training loss on iteration 3380 = 0.3645237548276782
Training loss on iteration 3400 = 0.43095132783055307
Training loss on iteration 3420 = 0.30724704191088675
Training loss on iteration 3440 = 0.35168464835733176
Training loss on iteration 3460 = 0.37282310696318743
Training loss on iteration 3480 = 0.2864927356131375
Training loss on iteration 3500 = 0.2857524136081338
Training loss on iteration 3520 = 0.34245068952441216
Training loss on iteration 3540 = 0.3439415109343827
Training loss on iteration 3560 = 0.34387354329228403
Training loss on iteration 3580 = 0.25685044266283513
Training loss on iteration 3600 = 0.38491500951349733
Training loss on iteration 3620 = 0.2990843625739217
Training loss on iteration 3640 = 0.42059881091117857
Training loss on iteration 3660 = 0.33396256268024443
Training loss on iteration 3680 = 0.2793819691054523
Training loss on iteration 3700 = 0.22091102586127817
Training loss on iteration 3720 = 0.2274208651855588
Training loss on iteration 3740 = 0.21159915830940007
Training loss on iteration 3760 = 0.24032286060974
Training loss on iteration 3780 = 0.3797448296099901
Training loss on iteration 3800 = 0.27208015527576207
Training loss on iteration 3820 = 0.2660001454874873
Training loss on iteration 3840 = 0.21666169487871229
Training loss on iteration 3860 = 0.33013267843052746
Training loss on iteration 3880 = 0.20000857934355737
Training loss on iteration 3900 = 0.28443826660513877
Training loss on iteration 3920 = 0.4008437296375632
Training loss on iteration 3940 = 0.39693777859210966
Training loss on iteration 3960 = 0.3485530249774456
Training loss on iteration 3980 = 0.3310060244053602
Training loss on iteration 4000 = 0.32601016834378244
Training loss on iteration 4020 = 0.2667671166360378
Training loss on iteration 4040 = 0.26626792320748793
Training loss on iteration 4060 = 0.27308032140135763
Training loss on iteration 4080 = 0.32669057976454496
Training loss on iteration 4100 = 0.3327783659100533
Training loss on iteration 4120 = 0.2983950350433588
Training loss on iteration 4140 = 0.2648806334938854
Training loss on iteration 4160 = 0.2986503364518285
Training loss on iteration 4180 = 0.25094579681754114
Training loss on iteration 4200 = 0.2676107853651047
Training loss on iteration 4220 = 0.2709226502105594
Training loss on iteration 4240 = 0.3345342718064785
Training loss on iteration 4260 = 0.31442775279283525
Training loss on iteration 4280 = 0.3779179319739342
Training loss on iteration 4300 = 0.2936391267925501
Training loss on iteration 4320 = 0.3675317132845521
Training loss on iteration 4340 = 0.32430644892156124
Training loss on iteration 4360 = 0.32603802587836983
Training loss on iteration 4380 = 0.2826750002801418
Training loss on iteration 4400 = 0.3075158417224884
Training loss on iteration 4420 = 0.3219990719109774
Training loss on iteration 4440 = 0.23698382079601288
Training loss on iteration 4460 = 0.3221931499429047
Training loss on iteration 4480 = 0.295067018084228
Training loss on iteration 4500 = 0.3988792957738042
Training loss on iteration 4520 = 0.3957146979868412
Training loss on iteration 4540 = 0.3145406190305948
Training loss on iteration 4560 = 0.4303489655256271
Training loss on iteration 4580 = 0.3265820048749447
Training loss on iteration 4600 = 0.3353039836511016
Training loss on iteration 4620 = 0.32011739276349543
Training loss on iteration 4640 = 0.3497004758566618
Training loss on iteration 4660 = 0.2681035168468952
Training loss on iteration 4680 = 0.24647002313286065
Training loss on iteration 4700 = 0.2547934453934431
Training loss on iteration 4720 = 0.2862676251679659
Training loss on iteration 4740 = 0.422499630972743
Training loss on iteration 4760 = 0.3304235115647316
Training loss on iteration 4780 = 0.23359578605741263
Training loss on iteration 4800 = 0.2978191778063774
Training loss on iteration 4820 = 0.3095461681485176
Training loss on iteration 4840 = 0.289835612103343
Training loss on iteration 4860 = 0.2687248565256596
Training loss on iteration 4880 = 0.25716726537793877
Training loss on iteration 4900 = 0.3955611906014383
Training loss on iteration 4920 = 0.3643152602016926
Training loss on iteration 4940 = 0.30802414026111363
Training loss on iteration 4960 = 0.4065608120523393
Training loss on iteration 4980 = 0.5300416432321071
Training loss on iteration 5000 = 0.2911071810871363
Training loss on iteration 5020 = 0.3017612329684198
Training loss on iteration 5040 = 0.4468853659927845
Training loss on iteration 5060 = 0.36851426381617786
Training loss on iteration 5080 = 0.2989857539534569
Training loss on iteration 5100 = 0.3189629324711859
Training loss on iteration 5120 = 0.3322864916175604
Training loss on iteration 5140 = 0.27612845972180367
Training loss on iteration 5160 = 0.31777598401531576
Training loss on iteration 5180 = 0.3323273994028568
Training loss on iteration 5200 = 0.24509696112945675
Training loss on iteration 5220 = 0.2979420069605112
Training loss on iteration 5240 = 0.39724892769008874
Training loss on iteration 5260 = 0.3139276681467891
Training loss on iteration 5280 = 0.37344021406024697
Training loss on iteration 5300 = 0.4511195166036487
Training loss on iteration 5320 = 0.3300036621280015
Training loss on iteration 5340 = 0.3040251310914755
Training loss on iteration 5360 = 0.2731490259291604
Training loss on iteration 5380 = 0.30089838672429325
Training loss on iteration 5400 = 0.5239228735677898
Training loss on iteration 5420 = 0.7633444989100099
Training loss on iteration 5440 = 0.6587842201814056
Training loss on iteration 5460 = 0.43635887261480094
Training loss on iteration 5480 = 0.31963474582880735
Training loss on iteration 5500 = 0.3452528744935989
Training loss on iteration 5520 = 0.29927546381950376
Training loss on iteration 5540 = 0.41845831498503683
Training loss on iteration 5560 = 0.28046577107161286
Training loss on iteration 5580 = 0.554183810018003
Training loss on iteration 5600 = 0.29540227060206237
Training loss on iteration 5620 = 0.33401689138263463
Training loss on iteration 5640 = 0.37359241843223573
Training loss on iteration 5660 = 0.4739056766033173
Training loss on iteration 5680 = 0.3930403131991625
Training loss on iteration 5700 = 0.2809192607179284
Training loss on iteration 5720 = 0.31058198902755974
Training loss on iteration 5740 = 0.3192603252828121
Training loss on iteration 5760 = 0.2766402866691351
Training loss on iteration 5780 = 0.26515067368745804
Training loss on iteration 5800 = 0.3333962420001626
Training loss on iteration 5820 = 0.25538454223424195
Training loss on iteration 5840 = 0.3391581866890192
Training loss on iteration 5860 = 0.3261812785640359
Training loss on iteration 5880 = 0.18565507214516402
Training loss on iteration 5900 = 0.26736959801055493
Training loss on iteration 5920 = 0.3119079673662782
Training loss on iteration 5940 = 0.27847391199320554
Training loss on iteration 5960 = 0.4361101403832436
Training loss on iteration 5980 = 0.38181418981403115
Training loss on iteration 6000 = 0.3233681822195649
Training loss on iteration 6020 = 0.40651913918554783
Training loss on iteration 6040 = 0.3150404620915651
Training loss on iteration 6060 = 0.351398803666234
Training loss on iteration 6080 = 0.6426907067187131
Training loss on iteration 6100 = 0.7928116267547012
Training loss on iteration 6120 = 0.2909839726984501
Training loss on iteration 6140 = 0.24925858294591308
Training loss on iteration 6160 = 0.38832186404615643
Training loss on iteration 6180 = 0.232024581823498
Training loss on iteration 6200 = 0.3120310572907329
Training loss on iteration 6220 = 0.3494817841798067
Training loss on iteration 6240 = 0.435917304828763
Training loss on iteration 6260 = 0.3780817138031125
Training loss on iteration 6280 = 0.30212118327617643
Training loss on iteration 6300 = 0.27121846545487643
Training loss on iteration 6320 = 0.4214478857815266
Training loss on iteration 6340 = 0.2901677381712943
Training loss on iteration 6360 = 0.3423164810752496
Training loss on iteration 6380 = 0.2759862529113889
Training loss on iteration 6400 = 0.2856894936412573
Training loss on iteration 6420 = 0.5215413622558117
Training loss on iteration 6440 = 0.8637107304297388
Training loss on iteration 6460 = 0.5237593793310225
Training loss on iteration 6480 = 0.3964234638027847
Training loss on iteration 6500 = 0.5127103969454765
Training loss on iteration 6520 = 0.3078749166801572
Training loss on iteration 6540 = 0.42632077131420376
Training loss on iteration 6560 = 0.39089780300855637
Training loss on iteration 6580 = 0.4064962428063154
Training loss on iteration 6600 = 0.3253732483834028
Training loss on iteration 6620 = 0.3512759666889906
Training loss on iteration 6640 = 0.2779858773574233
Training loss on iteration 6660 = 0.6474122203886509
Training loss on iteration 6680 = 0.40813155979849397
Training loss on iteration 6700 = 0.3924365064129233
Training loss on iteration 6720 = 0.28930103220045567
Training loss on iteration 6740 = 0.3117376728914678
Training loss on iteration 6760 = 0.3004265525378287
Training loss on iteration 6780 = 0.25300949402153494
Training loss on iteration 6800 = 0.3067799836397171
Training loss on iteration 6820 = 0.30746857896447183
Training loss on iteration 6840 = 0.37711671805009245
Training loss on iteration 6860 = 0.3873230081051588
Training loss on iteration 6880 = 0.2876961478032172
Training loss on iteration 6900 = 0.46484740925952794
Training loss on iteration 6920 = 0.5393366951495409
Training loss on iteration 6940 = 0.6197861848399043
Training loss on iteration 6960 = 0.39733121506869795
Training loss on iteration 6980 = 0.6596299722790718
Training loss on iteration 7000 = 0.4366329651325941
Training loss on iteration 7020 = 0.4161415921524167
Training loss on iteration 7040 = 0.3507882244884968
Training loss on iteration 7060 = 0.19749121703207492
Training loss on iteration 7080 = 0.3813148790039122
Training loss on iteration 7100 = 0.2998786427546293
Training loss on iteration 7120 = 0.24750342899933458
Training loss on iteration 7140 = 0.46135985758155584
Training loss on iteration 7160 = 0.33505430854856966
Training loss on iteration 7180 = 0.3131521910429001
Training loss on iteration 7200 = 0.2817964396439493
Training loss on iteration 7220 = 0.2907039185985923
Training loss on iteration 7240 = 0.5454879077151418
Training loss on iteration 7260 = 0.2467334933578968
Training loss on iteration 7280 = 0.440616067359224
Training loss on iteration 7300 = 0.3243806479498744
Training loss on iteration 7320 = 0.30990597419440746
Training loss on iteration 7340 = 0.2724043419584632
Training loss on iteration 7360 = 0.28447082079946995
Training loss on iteration 7380 = 0.34523867378011347
Training loss on iteration 7400 = 0.2984198606573045
Training loss on iteration 7420 = 0.5032374176196754
Training loss on iteration 7440 = 0.42235461957752707
Training loss on iteration 7460 = 0.4182471290230751
Training loss on iteration 7480 = 0.1916723103262484
### EVAL:: Epoch 12:: Loss = 0.38643274704059166 :: ACC = 0.8526301010857357, AUC = 0.1022959818010073, EER = 0.8122426057656309
Training on epoch 13
Training loss on iteration 0 = 0.6953033208847046
Training loss on iteration 20 = 0.3163819260895252
Training loss on iteration 40 = 0.3244727331213653
Training loss on iteration 60 = 0.28893128875643015
Training loss on iteration 80 = 0.3012054681777954
Training loss on iteration 100 = 0.32606491502374413
Training loss on iteration 120 = 0.2291762623237446
Training loss on iteration 140 = 0.2762365460395813
Training loss on iteration 160 = 0.3053447224199772
Training loss on iteration 180 = 0.22442493718117476
Training loss on iteration 200 = 0.3240287993103266
Training loss on iteration 220 = 0.21821555867791176
Training loss on iteration 240 = 0.35693932697176933
Training loss on iteration 260 = 0.4587747924029827
Training loss on iteration 280 = 0.33608806058764457
Training loss on iteration 300 = 0.23397245462983846
Training loss on iteration 320 = 0.3071680014021695
Training loss on iteration 340 = 0.26128262616693976
Training loss on iteration 360 = 0.44349140077829363
Training loss on iteration 380 = 0.5204384054988622
Training loss on iteration 400 = 0.3724273141473532
Training loss on iteration 420 = 0.31714562298730015
Training loss on iteration 440 = 0.3368821877986193
Training loss on iteration 460 = 0.5441946793347597
Training loss on iteration 480 = 0.5089128952473402
Training loss on iteration 500 = 0.35088592804968355
Training loss on iteration 520 = 0.23248329875059426
Training loss on iteration 540 = 0.42869825232774017
Training loss on iteration 560 = 0.35735910646617414
Training loss on iteration 580 = 0.36659089459571986
Training loss on iteration 600 = 0.32904792986810205
Training loss on iteration 620 = 0.37988556884229185
Training loss on iteration 640 = 0.29860756136476996
Training loss on iteration 660 = 0.24933900516480206
Training loss on iteration 680 = 0.27681694375351074
Training loss on iteration 700 = 0.26090008169412615
Training loss on iteration 720 = 0.4079877220094204
Training loss on iteration 740 = 0.5862748399376869
Training loss on iteration 760 = 0.47492687683552504
Training loss on iteration 780 = 0.3500607147812843
Training loss on iteration 800 = 0.40959516279399394
Training loss on iteration 820 = 0.3167190529406071
Training loss on iteration 840 = 0.37155715925619004
Training loss on iteration 860 = 0.2962742291390896
Training loss on iteration 880 = 0.44959319978952406
Training loss on iteration 900 = 0.34242659118026497
Training loss on iteration 920 = 0.34989543724805117
Training loss on iteration 940 = 0.4918907994404435
Training loss on iteration 960 = 0.5265390880405902
Training loss on iteration 980 = 0.32579690041020515
Training loss on iteration 1000 = 0.5684209771454334
Training loss on iteration 1020 = 0.4544469904154539
Training loss on iteration 1040 = 0.4909960518591106
Training loss on iteration 1060 = 0.4379802091047168
Training loss on iteration 1080 = 0.24082927275449037
Training loss on iteration 1100 = 0.772067879140377
Training loss on iteration 1120 = 0.7460792671889067
Training loss on iteration 1140 = 0.6625857660081238
Training loss on iteration 1160 = 0.4772946024313569
Training loss on iteration 1180 = 0.584535263851285
Training loss on iteration 1200 = 0.4400728799402714
Training loss on iteration 1220 = 0.38414685875177385
Training loss on iteration 1240 = 0.31382583267986774
Training loss on iteration 1260 = 0.2428497651591897
Training loss on iteration 1280 = 0.2589445431251079
Training loss on iteration 1300 = 0.3132321333512664
Training loss on iteration 1320 = 0.35536400091368703
Training loss on iteration 1340 = 0.3213142462074757
Training loss on iteration 1360 = 0.29641333818435667
Training loss on iteration 1380 = 0.2320856185629964
Training loss on iteration 1400 = 0.4495370498858392
Training loss on iteration 1420 = 0.38999177888035774
Training loss on iteration 1440 = 0.3866813085973263
Training loss on iteration 1460 = 0.37080569434911015
Training loss on iteration 1480 = 0.39821175765246153
Training loss on iteration 1500 = 0.2344387387856841
Training loss on iteration 1520 = 0.3792591141536832
Training loss on iteration 1540 = 0.4710104752331972
Training loss on iteration 1560 = 0.4559825163334608
Training loss on iteration 1580 = 0.6869249247014523
Training loss on iteration 1600 = 1.0429782308638096
Training loss on iteration 1620 = 0.8303952664136887
Training loss on iteration 1640 = 0.4669814134016633
Training loss on iteration 1660 = 0.5000110364519059
Training loss on iteration 1680 = 0.3998490716330707
Training loss on iteration 1700 = 0.43018431924283507
Training loss on iteration 1720 = 0.3390098153613508
Training loss on iteration 1740 = 0.3540761801414192
Training loss on iteration 1760 = 0.38464775746688246
Training loss on iteration 1780 = 0.36041831560432913
Training loss on iteration 1800 = 0.6076122891157866
Training loss on iteration 1820 = 0.47510677184909583
Training loss on iteration 1840 = 0.6936998692806811
Training loss on iteration 1860 = 0.4406505163758993
Training loss on iteration 1880 = 0.5785054392181337
Training loss on iteration 1900 = 0.420688886474818
Training loss on iteration 1920 = 0.24799983538687229
Training loss on iteration 1940 = 0.32856562016531826
Training loss on iteration 1960 = 0.2487570290453732
Training loss on iteration 1980 = 0.3150923207402229
Training loss on iteration 2000 = 0.39957108604721725
Training loss on iteration 2020 = 0.5177582059055567
Training loss on iteration 2040 = 0.36116258446127175
Training loss on iteration 2060 = 0.5126460116356611
Training loss on iteration 2080 = 0.43031034916639327
Training loss on iteration 2100 = 0.3481740953400731
Training loss on iteration 2120 = 0.37835639491677286
Training loss on iteration 2140 = 0.6355626326054334
Training loss on iteration 2160 = 0.5426306530833245
Training loss on iteration 2180 = 0.5383625176735223
Training loss on iteration 2200 = 0.3748702649027109
Training loss on iteration 2220 = 0.37389177568256854
Training loss on iteration 2240 = 0.4012805920094252
Training loss on iteration 2260 = 0.3323612463660538
Training loss on iteration 2280 = 0.364493809081614
Training loss on iteration 2300 = 0.3304540263488889
Training loss on iteration 2320 = 0.4777890305966139
Training loss on iteration 2340 = 0.25095547214150427
Training loss on iteration 2360 = 0.5745990529656411
Training loss on iteration 2380 = 0.3371214522048831
Training loss on iteration 2400 = 0.25090620927512647
Training loss on iteration 2420 = 0.321899763122201
Training loss on iteration 2440 = 0.3245718512684107
Training loss on iteration 2460 = 0.3210709461942315
Training loss on iteration 2480 = 0.2545015662908554
Training loss on iteration 2500 = 0.6952227671339642
Training loss on iteration 2520 = 0.5895574897527694
Training loss on iteration 2540 = 0.6508595583960414
Training loss on iteration 2560 = 0.5725989893078804
Training loss on iteration 2580 = 0.5130527805536985
Training loss on iteration 2600 = 0.33666353542357685
Training loss on iteration 2620 = 0.3421707137487829
Training loss on iteration 2640 = 0.28548986008390786
Training loss on iteration 2660 = 0.5516238269978203
Training loss on iteration 2680 = 0.4389484365470707
Training loss on iteration 2700 = 0.39190291306003927
Training loss on iteration 2720 = 0.36749213710427286
Training loss on iteration 2740 = 0.38235151264816525
Training loss on iteration 2760 = 0.5421587894670665
Training loss on iteration 2780 = 0.2638172771781683
Training loss on iteration 2800 = 0.3933996375650167
Training loss on iteration 2820 = 0.3016968875192106
Training loss on iteration 2840 = 0.33545144284144046
Training loss on iteration 2860 = 0.32823704052716496
Training loss on iteration 2880 = 0.4298435591161251
Training loss on iteration 2900 = 0.3518892746418715
Training loss on iteration 2920 = 0.36517569674178957
Training loss on iteration 2940 = 0.29504381213337183
Training loss on iteration 2960 = 0.3426393516361713
Training loss on iteration 2980 = 0.3717887276783586
Training loss on iteration 3000 = 0.2706422723829746
Training loss on iteration 3020 = 0.43893037661910056
Training loss on iteration 3040 = 0.2959792401641607
Training loss on iteration 3060 = 0.25500554107129575
Training loss on iteration 3080 = 0.2628711908124387
Training loss on iteration 3100 = 0.29408713839948175
Training loss on iteration 3120 = 0.23047168664634227
Training loss on iteration 3140 = 0.3217652752995491
Training loss on iteration 3160 = 0.2591180634684861
Training loss on iteration 3180 = 0.3105218678712845
Training loss on iteration 3200 = 0.369823884870857
Training loss on iteration 3220 = 0.2770011994987726
Training loss on iteration 3240 = 0.30451829303056
Training loss on iteration 3260 = 0.3344304644502699
Training loss on iteration 3280 = 0.45378389693796634
Training loss on iteration 3300 = 0.25087315402925014
Training loss on iteration 3320 = 0.39548331242986023
Training loss on iteration 3340 = 0.40224466836079953
Training loss on iteration 3360 = 0.32740571806207297
Training loss on iteration 3380 = 0.29379253163933755
Training loss on iteration 3400 = 0.36371574001386764
Training loss on iteration 3420 = 0.23953201863914728
Training loss on iteration 3440 = 0.31840809984132645
Training loss on iteration 3460 = 0.33353495988994836
Training loss on iteration 3480 = 0.37485854849219324
Training loss on iteration 3500 = 0.5406369545264169
Training loss on iteration 3520 = 0.40306063666939734
Training loss on iteration 3540 = 0.38135672323405745
Training loss on iteration 3560 = 0.3547412811778486
Training loss on iteration 3580 = 0.39862591680139303
Training loss on iteration 3600 = 0.3294041668996215
Training loss on iteration 3620 = 0.34901236798614266
Training loss on iteration 3640 = 0.29634002931416037
Training loss on iteration 3660 = 0.2732079157140106
Training loss on iteration 3680 = 0.36505279280245306
Training loss on iteration 3700 = 0.2825311075896025
Training loss on iteration 3720 = 0.2695437792688608
Training loss on iteration 3740 = 0.3848518725251779
Training loss on iteration 3760 = 0.35419208095408977
Training loss on iteration 3780 = 0.47240613400936127
Training loss on iteration 3800 = 0.38130168747156856
Training loss on iteration 3820 = 0.3197564588859677
Training loss on iteration 3840 = 0.389663065969944
Training loss on iteration 3860 = 0.6291856970638037
Training loss on iteration 3880 = 0.4715985178947449
Training loss on iteration 3900 = 0.2570872899144888
Training loss on iteration 3920 = 0.2307005664333701
Training loss on iteration 3940 = 0.2917369978036731
Training loss on iteration 3960 = 0.3105944965034723
Training loss on iteration 3980 = 0.398113814368844
Training loss on iteration 4000 = 0.45111143887043
Training loss on iteration 4020 = 0.3911004163790494
Training loss on iteration 4040 = 0.31321359891444445
Training loss on iteration 4060 = 0.22115293904789723
Training loss on iteration 4080 = 0.32267934586852787
Training loss on iteration 4100 = 0.38633513879030945
Training loss on iteration 4120 = 0.31458496358245613
Training loss on iteration 4140 = 0.36950155906379223
Training loss on iteration 4160 = 0.445406865561381
Training loss on iteration 4180 = 0.4944785489700735
Training loss on iteration 4200 = 0.24396755918860435
Training loss on iteration 4220 = 0.24879496432840825
Training loss on iteration 4240 = 0.2281179056270048
Training loss on iteration 4260 = 0.4292668879032135
Training loss on iteration 4280 = 0.30482857902534305
Training loss on iteration 4300 = 0.3070178234949708
Training loss on iteration 4320 = 0.9979108016108512
Training loss on iteration 4340 = 0.970163550786674
Training loss on iteration 4360 = 0.5712777994573116
Training loss on iteration 4380 = 0.3645641852170229
Training loss on iteration 4400 = 0.5525994153693319
Training loss on iteration 4420 = 0.26215862296521664
Training loss on iteration 4440 = 0.29767289850860834
Training loss on iteration 4460 = 0.21757311718538402
Training loss on iteration 4480 = 0.264227597694844
Training loss on iteration 4500 = 0.35133436070755125
Training loss on iteration 4520 = 0.3502993855625391
Training loss on iteration 4540 = 0.30945492163300514
Training loss on iteration 4560 = 0.33251301273703576
Training loss on iteration 4580 = 0.2746642855927348
Training loss on iteration 4600 = 0.2505099245347083
Training loss on iteration 4620 = 0.3938447542488575
Training loss on iteration 4640 = 0.3067655999213457
Training loss on iteration 4660 = 0.35102660283446313
Training loss on iteration 4680 = 0.33174009434878826
Training loss on iteration 4700 = 0.29273453671485183
Training loss on iteration 4720 = 0.3542898382991552
Training loss on iteration 4740 = 0.30398496203124525
Training loss on iteration 4760 = 0.1999395564198494
Training loss on iteration 4780 = 0.3410358783788979
Training loss on iteration 4800 = 0.3802564132027328
Training loss on iteration 4820 = 0.30079207178205253
Training loss on iteration 4840 = 0.48043174371123315
Training loss on iteration 4860 = 0.3999280912801623
Training loss on iteration 4880 = 0.20021526664495468
Training loss on iteration 4900 = 0.40371414497494695
Training loss on iteration 4920 = 0.6396023032255471
Training loss on iteration 4940 = 0.3816129917278886
Training loss on iteration 4960 = 0.2487132975831628
Training loss on iteration 4980 = 0.24811688363552092
Training loss on iteration 5000 = 0.28255921714007853
Training loss on iteration 5020 = 0.18511648550629617
Training loss on iteration 5040 = 0.29083787868730726
Training loss on iteration 5060 = 0.4545727264136076
Training loss on iteration 5080 = 0.38940656566992404
Training loss on iteration 5100 = 0.25680129704996946
Training loss on iteration 5120 = 0.4168047308921814
Training loss on iteration 5140 = 0.3076496553607285
Training loss on iteration 5160 = 0.20217966567724943
Training loss on iteration 5180 = 0.2906190081965178
Training loss on iteration 5200 = 0.664181943796575
Training loss on iteration 5220 = 0.44073826596140864
Training loss on iteration 5240 = 0.3931958541274071
Training loss on iteration 5260 = 0.4070089997723699
Training loss on iteration 5280 = 0.3036886040121317
Training loss on iteration 5300 = 0.47055283300578593
Training loss on iteration 5320 = 0.33292941018007693
Training loss on iteration 5340 = 0.3089915608987212
Training loss on iteration 5360 = 0.28615935184061525
Training loss on iteration 5380 = 0.3516993587836623
Training loss on iteration 5400 = 0.4264031215570867
Training loss on iteration 5420 = 0.2548461688682437
Training loss on iteration 5440 = 0.27660466684028506
Training loss on iteration 5460 = 0.31726894341409206
Training loss on iteration 5480 = 0.6397049561142921
Training loss on iteration 5500 = 0.33431516131386163
Training loss on iteration 5520 = 0.44113556100055573
Training loss on iteration 5540 = 0.3680553634185344
Training loss on iteration 5560 = 0.28316238410770894
Training loss on iteration 5580 = 0.33266170751303437
Training loss on iteration 5600 = 0.3781407876405865
Training loss on iteration 5620 = 0.3344852515496314
Training loss on iteration 5640 = 0.30165342791005967
Training loss on iteration 5660 = 0.2837554685771465
Training loss on iteration 5680 = 0.4105870639439672
Training loss on iteration 5700 = 0.37903032936155795
Training loss on iteration 5720 = 0.38144223354756834
Training loss on iteration 5740 = 0.3263526936993003
Training loss on iteration 5760 = 0.32920804992318153
Training loss on iteration 5780 = 0.41001186124049127
Training loss on iteration 5800 = 0.36450189258903265
Training loss on iteration 5820 = 0.3143765276297927
Training loss on iteration 5840 = 0.41723759975284336
Training loss on iteration 5860 = 0.24546871040947735
Training loss on iteration 5880 = 0.7458725437521935
Training loss on iteration 5900 = 0.5482555765658617
Training loss on iteration 5920 = 0.4515185713768005
Training loss on iteration 5940 = 0.2703783350065351
Training loss on iteration 5960 = 0.49505714848637583
Training loss on iteration 5980 = 0.38986904877237977
Training loss on iteration 6000 = 0.4039645159617066
Training loss on iteration 6020 = 0.4523154690861702
Training loss on iteration 6040 = 0.20004522278904915
Training loss on iteration 6060 = 0.35701649710536004
Training loss on iteration 6080 = 0.3840919090434909
Training loss on iteration 6100 = 0.333164362795651
Training loss on iteration 6120 = 0.3926079351687804
Training loss on iteration 6140 = 0.32302450641291214
Training loss on iteration 6160 = 0.30521735921502113
Training loss on iteration 6180 = 0.3573458421975374
Training loss on iteration 6200 = 0.45422859013197014
Training loss on iteration 6220 = 0.5370984815061093
Training loss on iteration 6240 = 0.2941522903740406
Training loss on iteration 6260 = 0.23348660673946142
Training loss on iteration 6280 = 0.29937366414815186
Training loss on iteration 6300 = 0.38052549175918104
Training loss on iteration 6320 = 0.3925351560115814
Training loss on iteration 6340 = 0.4238697985187173
Training loss on iteration 6360 = 0.5759001411497593
Training loss on iteration 6380 = 0.24197088368237019
Training loss on iteration 6400 = 0.3695345725864172
Training loss on iteration 6420 = 0.2695026376284659
Training loss on iteration 6440 = 0.2428257784806192
Training loss on iteration 6460 = 0.3579409770667553
Training loss on iteration 6480 = 0.24291159883141517
Training loss on iteration 6500 = 0.314233778603375
Training loss on iteration 6520 = 0.2470233216881752
Training loss on iteration 6540 = 0.22737521063536406
Training loss on iteration 6560 = 0.5505232062190771
Training loss on iteration 6580 = 0.5569741087965667
Training loss on iteration 6600 = 0.761450240202248
Training loss on iteration 6620 = 0.37624553954228757
Training loss on iteration 6640 = 0.4563776504248381
Training loss on iteration 6660 = 0.4049634410068393
Training loss on iteration 6680 = 0.3657644590362906
Training loss on iteration 6700 = 0.39344061240553857
Training loss on iteration 6720 = 0.38150601405650375
Training loss on iteration 6740 = 0.35746776033192873
Training loss on iteration 6760 = 0.3811362596228719
Training loss on iteration 6780 = 0.4312731827609241
Training loss on iteration 6800 = 0.6343945544213057
Training loss on iteration 6820 = 0.5790038261562586
Training loss on iteration 6840 = 0.6737726766616106
Training loss on iteration 6860 = 0.37440170934423805
Training loss on iteration 6880 = 0.6340884678065777
Training loss on iteration 6900 = 0.456144767801743
Training loss on iteration 6920 = 0.3997673568315804
Training loss on iteration 6940 = 0.3229959705844522
Training loss on iteration 6960 = 0.2761666658334434
Training loss on iteration 6980 = 0.5741066291928292
Training loss on iteration 7000 = 0.5262894093990326
Training loss on iteration 7020 = 0.3005039967596531
Training loss on iteration 7040 = 0.23193834237754346
Training loss on iteration 7060 = 0.2653264982625842
Training loss on iteration 7080 = 0.3472532665589824
Training loss on iteration 7100 = 0.3703266682103276
Training loss on iteration 7120 = 0.33880937229841945
Training loss on iteration 7140 = 0.3101617116481066
Training loss on iteration 7160 = 0.3578937090933323
Training loss on iteration 7180 = 0.30430624447762966
Training loss on iteration 7200 = 0.47199164098128676
Training loss on iteration 7220 = 0.8297671593725682
Training loss on iteration 7240 = 0.8901788766961545
Training loss on iteration 7260 = 0.3728899732232094
Training loss on iteration 7280 = 0.4296210206579417
Training loss on iteration 7300 = 0.2878159360960126
Training loss on iteration 7320 = 0.2910597831010818
Training loss on iteration 7340 = 0.24659304972738028
Training loss on iteration 7360 = 0.2085408616811037
Training loss on iteration 7380 = 0.4112279530614614
Training loss on iteration 7400 = 0.35142293106764555
Training loss on iteration 7420 = 0.29709292082116007
Training loss on iteration 7440 = 0.3080681247636676
Training loss on iteration 7460 = 0.31490428298711776
Training loss on iteration 7480 = 0.2790200035786256
### EVAL:: Epoch 13:: Loss = 0.3943961017907178 :: ACC = 0.833910520404343, AUC = 0.12016961142047208, EER = 0.7948333957319356
Training on epoch 14
Training loss on iteration 0 = 0.6807569265365601
Training loss on iteration 20 = 0.35305883809924127
Training loss on iteration 40 = 0.2274423869792372
Training loss on iteration 60 = 0.3250603704713285
Training loss on iteration 80 = 0.3218586817383766
Training loss on iteration 100 = 0.3290952266193926
Training loss on iteration 120 = 0.3653163525275886
Training loss on iteration 140 = 0.22278224918991327
Training loss on iteration 160 = 0.3201274940744042
Training loss on iteration 180 = 0.31479074712842703
Training loss on iteration 200 = 0.2604739462956786
Training loss on iteration 220 = 0.26631066096015277
Training loss on iteration 240 = 0.38694429071620107
Training loss on iteration 260 = 0.30092249885201455
Training loss on iteration 280 = 0.22726362822577356
Training loss on iteration 300 = 0.37290019732899965
Training loss on iteration 320 = 0.2679664624854922
Training loss on iteration 340 = 0.331127873249352
Training loss on iteration 360 = 0.2862002205103636
Training loss on iteration 380 = 0.26860807482153176
Training loss on iteration 400 = 0.39852920547127724
Training loss on iteration 420 = 0.2726051673293114
Training loss on iteration 440 = 0.3767060335725546
Training loss on iteration 460 = 0.2894146045204252
Training loss on iteration 480 = 0.3983660664409399
Training loss on iteration 500 = 0.4028649445623159
Training loss on iteration 520 = 0.36299100597389045
Training loss on iteration 540 = 0.2621813088655472
Training loss on iteration 560 = 0.34908078536391257
Training loss on iteration 580 = 0.31482183691114185
Training loss on iteration 600 = 0.26190071264281867
Training loss on iteration 620 = 0.33005755487829447
Training loss on iteration 640 = 0.29854463692754507
Training loss on iteration 660 = 0.5844069385901094
Training loss on iteration 680 = 0.3714529656805098
Training loss on iteration 700 = 0.3785550596192479
Training loss on iteration 720 = 0.28743398645892737
Training loss on iteration 740 = 0.28294859621673824
Training loss on iteration 760 = 0.355344526655972
Training loss on iteration 780 = 0.2352358026430011
Training loss on iteration 800 = 0.24263820927590132
Training loss on iteration 820 = 0.25168453585356476
Training loss on iteration 840 = 0.32411129474639894
Training loss on iteration 860 = 0.257223130390048
Training loss on iteration 880 = 0.33702245391905306
Training loss on iteration 900 = 0.27804679656401277
Training loss on iteration 920 = 0.44438156504184007
Training loss on iteration 940 = 0.3528434822335839
Training loss on iteration 960 = 0.29453644789755346
Training loss on iteration 980 = 0.30498680025339125
Training loss on iteration 1000 = 0.33659152425825595
Training loss on iteration 1020 = 0.2794763511046767
Training loss on iteration 1040 = 0.251759232650511
Training loss on iteration 1060 = 0.3811121343635023
Training loss on iteration 1080 = 0.2893705373629928
Training loss on iteration 1100 = 0.36929380148649216
Training loss on iteration 1120 = 0.40402392419055105
Training loss on iteration 1140 = 0.27958072647452353
Training loss on iteration 1160 = 0.31991006098687647
Training loss on iteration 1180 = 0.275951542891562
Training loss on iteration 1200 = 0.3839255589060485
Training loss on iteration 1220 = 0.6701888356357812
Training loss on iteration 1240 = 0.2514360351487994
Training loss on iteration 1260 = 0.51620640787296
Training loss on iteration 1280 = 0.40677301175892355
Training loss on iteration 1300 = 0.23212481252849101
Training loss on iteration 1320 = 0.35193872585950886
Training loss on iteration 1340 = 0.5014163342420943
Training loss on iteration 1360 = 0.5754301972687245
Training loss on iteration 1380 = 0.8025139231234789
Training loss on iteration 1400 = 0.8567916013300418
Training loss on iteration 1420 = 0.3179916385561228
Training loss on iteration 1440 = 0.3608490285929292
Training loss on iteration 1460 = 0.4506674911826849
Training loss on iteration 1480 = 0.2855618827044964
Training loss on iteration 1500 = 0.2920034497976303
Training loss on iteration 1520 = 0.3507854241877794
Training loss on iteration 1540 = 0.3553125161677599
Training loss on iteration 1560 = 0.4205516617745161
Training loss on iteration 1580 = 0.8503430620767176
Training loss on iteration 1600 = 0.6541152720805258
Training loss on iteration 1620 = 0.3575795094948262
Training loss on iteration 1640 = 0.3078051246004179
Training loss on iteration 1660 = 0.24677025084383786
Training loss on iteration 1680 = 0.4547289784066379
Training loss on iteration 1700 = 1.080175253842026
Training loss on iteration 1720 = 1.2507443502865498
Training loss on iteration 1740 = 0.7942752586037386
Training loss on iteration 1760 = 0.49410273944959043
Training loss on iteration 1780 = 0.644226233898371
Training loss on iteration 1800 = 0.47318159975111485
Training loss on iteration 1820 = 0.36325620450079443
Training loss on iteration 1840 = 0.3291611695662141
Training loss on iteration 1860 = 0.39341388903558255
Training loss on iteration 1880 = 0.5436220526695251
Training loss on iteration 1900 = 0.47100821137428284
Training loss on iteration 1920 = 0.36663147397339346
Training loss on iteration 1940 = 0.3894032401964068
Training loss on iteration 1960 = 0.2865177770610899
Training loss on iteration 1980 = 0.3013404101133347
Training loss on iteration 2000 = 0.3439466208219528
Training loss on iteration 2020 = 0.36237223809584973
Training loss on iteration 2040 = 0.4525538649410009
Training loss on iteration 2060 = 0.35787653308361767
Training loss on iteration 2080 = 0.49100006781518457
Training loss on iteration 2100 = 0.4158810455352068
Training loss on iteration 2120 = 0.8057979841716587
Training loss on iteration 2140 = 0.6707395851612091
Training loss on iteration 2160 = 0.5070113055408001
Training loss on iteration 2180 = 0.37046109437942504
Training loss on iteration 2200 = 0.24508886924013495
Training loss on iteration 2220 = 0.34580594711005685
Training loss on iteration 2240 = 0.3935670071281493
Training loss on iteration 2260 = 0.288597643468529
Training loss on iteration 2280 = 0.33818961922079327
Training loss on iteration 2300 = 0.3319194234907627
Training loss on iteration 2320 = 0.37564957737922666
Training loss on iteration 2340 = 0.4098265293985605
Training loss on iteration 2360 = 0.4912094479426742
Training loss on iteration 2380 = 1.6535258896648883
Training loss on iteration 2400 = 4.655240295082331
Training loss on iteration 2420 = 1.6420701905153692
Training loss on iteration 2440 = 0.9057201363146306
Training loss on iteration 2460 = 1.1649780414998532
Training loss on iteration 2480 = 1.566472238302231
Training loss on iteration 2500 = 0.9959028124809265
Training loss on iteration 2520 = 0.8555956833064556
Training loss on iteration 2540 = 0.4146607890725136
Training loss on iteration 2560 = 0.4402624450623989
Training loss on iteration 2580 = 0.5440388478338718
Training loss on iteration 2600 = 0.37650073543190954
Training loss on iteration 2620 = 0.4484913147985935
Training loss on iteration 2640 = 0.5464769095182419
Training loss on iteration 2660 = 0.4169318612664938
Training loss on iteration 2680 = 0.38773982524871825
Training loss on iteration 2700 = 0.4156298466026783
Training loss on iteration 2720 = 0.5443719245493412
Training loss on iteration 2740 = 0.6606591753661633
Training loss on iteration 2760 = 0.4089341988787055
Training loss on iteration 2780 = 0.5401074767112732
Training loss on iteration 2800 = 0.5809094294905662
Training loss on iteration 2820 = 0.6569796375930309
Training loss on iteration 2840 = 0.7803283184766769
Training loss on iteration 2860 = 0.5259822621941567
Training loss on iteration 2880 = 0.5955762679222971
Training loss on iteration 2900 = 0.6307482741773128
Training loss on iteration 2920 = 0.42380366548895837
Training loss on iteration 2940 = 0.4339786279946566
Training loss on iteration 2960 = 0.44308527298271655
Training loss on iteration 2980 = 0.4891996715217829
Training loss on iteration 3000 = 0.4329607173800468
Training loss on iteration 3020 = 0.5918888594955206
Training loss on iteration 3040 = 0.4370605155825615
Training loss on iteration 3060 = 0.4233178749680519
Training loss on iteration 3080 = 0.4366003792732954
Training loss on iteration 3100 = 0.5765809977427125
Training loss on iteration 3120 = 0.43997361361980436
Training loss on iteration 3140 = 0.4162587746977806
Training loss on iteration 3160 = 0.40738834254443645
Training loss on iteration 3180 = 0.5829333499073982
Training loss on iteration 3200 = 0.4950345061719418
Training loss on iteration 3220 = 0.38387878239154816
Training loss on iteration 3240 = 0.45738074705004694
Training loss on iteration 3260 = 0.3951619263738394
Training loss on iteration 3280 = 0.3137655043043196
Training loss on iteration 3300 = 0.3750977724790573
Training loss on iteration 3320 = 0.524437940120697
Training loss on iteration 3340 = 0.4737681232392788
Training loss on iteration 3360 = 0.42140871584415435
Training loss on iteration 3380 = 0.38878009654581547
Training loss on iteration 3400 = 0.45941258370876314
Training loss on iteration 3420 = 0.4884231250733137
Training loss on iteration 3440 = 0.41260345168411733
Training loss on iteration 3460 = 0.3369638143107295
Training loss on iteration 3480 = 0.47095877379179
Training loss on iteration 3500 = 0.59727463722229
Training loss on iteration 3520 = 0.34853807650506496
Training loss on iteration 3540 = 0.3293849028646946
Training loss on iteration 3560 = 0.382306420430541
Training loss on iteration 3580 = 0.33732168301939963
Training loss on iteration 3600 = 0.6767155028879642
Training loss on iteration 3620 = 0.4609520297497511
Training loss on iteration 3640 = 0.7670045588165522
Training loss on iteration 3660 = 0.7381449047476053
Training loss on iteration 3680 = 0.42569957710802553
Training loss on iteration 3700 = 0.49003060050308705
Training loss on iteration 3720 = 0.3532780116423965
Training loss on iteration 3740 = 0.3916964717209339
Training loss on iteration 3760 = 0.3969998400658369
Training loss on iteration 3780 = 0.2863500487059355
Training loss on iteration 3800 = 0.3556174110621214
Training loss on iteration 3820 = 0.4981304008513689
Training loss on iteration 3840 = 0.4676014922559261
Training loss on iteration 3860 = 0.4310393899679184
Training loss on iteration 3880 = 0.34524768628180025
Training loss on iteration 3900 = 0.40229719057679175
Training loss on iteration 3920 = 0.3827253054827452
Training loss on iteration 3940 = 0.38133026417344806
Training loss on iteration 3960 = 0.34380271583795546
Training loss on iteration 3980 = 0.34332260936498643
Training loss on iteration 4000 = 0.3158476632088423
Training loss on iteration 4020 = 0.39442335329949857
Training loss on iteration 4040 = 0.44588437788188456
Training loss on iteration 4060 = 0.29643006063997746
Training loss on iteration 4080 = 0.4407013185322285
Training loss on iteration 4100 = 0.4404092043638229
Training loss on iteration 4120 = 0.3850507911294699
Training loss on iteration 4140 = 0.35807257071137427
Training loss on iteration 4160 = 0.2920222306624055
Training loss on iteration 4180 = 0.3498012203723192
Training loss on iteration 4200 = 0.3525527846068144
Training loss on iteration 4220 = 0.3524241179227829
Training loss on iteration 4240 = 0.4601232476532459
Training loss on iteration 4260 = 0.3301694822497666
Training loss on iteration 4280 = 0.3520507223904133
Training loss on iteration 4300 = 0.423451891541481
Training loss on iteration 4320 = 0.452951792627573
Training loss on iteration 4340 = 0.311914274469018
Training loss on iteration 4360 = 0.5079907592386007
Training loss on iteration 4380 = 0.3474840898066759
Training loss on iteration 4400 = 0.3809097960591316
Training loss on iteration 4420 = 0.45473488345742225
Training loss on iteration 4440 = 0.5061857052147388
Training loss on iteration 4460 = 0.5994711714796722
Training loss on iteration 4480 = 0.5388555645942688
Training loss on iteration 4500 = 0.4925917528569698
Training loss on iteration 4520 = 0.4306483708322048
Training loss on iteration 4540 = 0.33121535666286944
Training loss on iteration 4560 = 0.4645557964220643
Training loss on iteration 4580 = 0.45795749723911283
Training loss on iteration 4600 = 0.4370617400854826
Training loss on iteration 4620 = 0.36583672612905505
Training loss on iteration 4640 = 0.40796463899314406
Training loss on iteration 4660 = 0.3897834142670035
Training loss on iteration 4680 = 0.3367529958486557
Training loss on iteration 4700 = 0.5140408173203468
Training loss on iteration 4720 = 0.505558954551816
Training loss on iteration 4740 = 0.5363376893103122
Training loss on iteration 4760 = 0.3167013915255666
Training loss on iteration 4780 = 0.4204939631745219
Training loss on iteration 4800 = 0.4152281668037176
Training loss on iteration 4820 = 0.8910630069673061
Training loss on iteration 4840 = 0.6656033115461468
Training loss on iteration 4860 = 0.7201778755523265
Training loss on iteration 4880 = 3.210496634244919
Training loss on iteration 4900 = 1.5351348757045344
Training loss on iteration 4920 = 1.0044642666354775
Training loss on iteration 4940 = 0.5670059781521559
Training loss on iteration 4960 = 0.6892447736114263
Training loss on iteration 4980 = 0.42720198929309844
Training loss on iteration 5000 = 0.42143796030431985
Training loss on iteration 5020 = 0.31315549537539483
Training loss on iteration 5040 = 0.38604836165905
Training loss on iteration 5060 = 0.34930303543806074
Training loss on iteration 5080 = 0.38821214716881514
Training loss on iteration 5100 = 0.4813901290297508
Training loss on iteration 5120 = 0.392360781878233
Training loss on iteration 5140 = 0.3794080536812544
Training loss on iteration 5160 = 0.3899907283484936
Training loss on iteration 5180 = 0.36990780420601366
Training loss on iteration 5200 = 0.3461376061663032
Training loss on iteration 5220 = 0.4224483129568398
Training loss on iteration 5240 = 0.3948731552809477
Training loss on iteration 5260 = 0.39751333333551886
Training loss on iteration 5280 = 0.35155016407370565
Training loss on iteration 5300 = 0.24820171669125557
Training loss on iteration 5320 = 0.4957714296877384
Training loss on iteration 5340 = 0.3609151626005769
Training loss on iteration 5360 = 0.2896957382559776
Training loss on iteration 5380 = 0.3207069210708141
Training loss on iteration 5400 = 0.41284102015197277
Training loss on iteration 5420 = 0.3995978370308876
Training loss on iteration 5440 = 0.3633738218806684
Training loss on iteration 5460 = 0.2779284783639014
Training loss on iteration 5480 = 0.42934396490454674
Training loss on iteration 5500 = 0.31034472174942496
Training loss on iteration 5520 = 0.49189117923378944
Training loss on iteration 5540 = 0.35964041016995907
Training loss on iteration 5560 = 0.3737705860286951
Training loss on iteration 5580 = 0.3687853731215
Training loss on iteration 5600 = 0.411636333540082
Training loss on iteration 5620 = 0.267655480094254
Training loss on iteration 5640 = 0.35205484651960434
Training loss on iteration 5660 = 0.3902140997350216
Training loss on iteration 5680 = 0.4388121866621077
Training loss on iteration 5700 = 0.3336703671142459
Training loss on iteration 5720 = 0.3782344624400139
Training loss on iteration 5740 = 0.3247440353035927
Training loss on iteration 5760 = 0.427986104413867
Training loss on iteration 5780 = 0.3839740801602602
Training loss on iteration 5800 = 0.2959703715518117
Training loss on iteration 5820 = 0.2940438026562333
Training loss on iteration 5840 = 0.26763559244573115
Training loss on iteration 5860 = 0.31483283936977385
Training loss on iteration 5880 = 0.39562558149918914
Training loss on iteration 5900 = 0.2895454393699765
Training loss on iteration 5920 = 0.6387190906330943
Training loss on iteration 5940 = 0.45687642791308464
Training loss on iteration 5960 = 0.489662180095911
Training loss on iteration 5980 = 0.40990088544785974
Training loss on iteration 6000 = 0.3774105982854962
Training loss on iteration 6020 = 0.30715223038569095
Training loss on iteration 6040 = 0.36754986122250555
Training loss on iteration 6060 = 0.46422007083892824
Training loss on iteration 6080 = 0.36463593505322933
Training loss on iteration 6100 = 0.3360787572339177
Training loss on iteration 6120 = 0.5353978477418423
Training loss on iteration 6140 = 0.3756810105405748
Training loss on iteration 6160 = 0.23624463956803082
Training loss on iteration 6180 = 0.26659105382859705
Training loss on iteration 6200 = 0.401902125030756
Training loss on iteration 6220 = 0.4275793328881264
Training loss on iteration 6240 = 0.41372341439127924
Training loss on iteration 6260 = 0.2796539904549718
Training loss on iteration 6280 = 0.30504653640091417
Training loss on iteration 6300 = 0.3892891040071845
Training loss on iteration 6320 = 0.3333108976483345
Training loss on iteration 6340 = 0.30424865148961544
Training loss on iteration 6360 = 0.2898274093866348
Training loss on iteration 6380 = 0.36760641131550076
Training loss on iteration 6400 = 0.280436173081398
Training loss on iteration 6420 = 0.3574757739901543
Training loss on iteration 6440 = 0.2783125625923276
Training loss on iteration 6460 = 0.46645373236387966
Training loss on iteration 6480 = 0.3567295366898179
Training loss on iteration 6500 = 0.3089579440653324
Training loss on iteration 6520 = 0.37512257052585485
Training loss on iteration 6540 = 0.46463040374219416
Training loss on iteration 6560 = 0.4827304221689701
Training loss on iteration 6580 = 0.5329568829387427
Training loss on iteration 6600 = 0.5842520575970411
Training loss on iteration 6620 = 0.5236767567694187
Training loss on iteration 6640 = 0.49721605870872737
Training loss on iteration 6660 = 0.5265648725442589
Training loss on iteration 6680 = 0.44436543472111223
Training loss on iteration 6700 = 0.5507412150502204
Training loss on iteration 6720 = 0.47858739010989665
Training loss on iteration 6740 = 0.42920983489602804
Training loss on iteration 6760 = 0.30589897036552427
Training loss on iteration 6780 = 0.40767336282879113
Training loss on iteration 6800 = 0.4346226863563061
Training loss on iteration 6820 = 0.3475687218829989
Training loss on iteration 6840 = 0.4380678003653884
Training loss on iteration 6860 = 0.39585232734680176
Training loss on iteration 6880 = 0.38907473282888533
Training loss on iteration 6900 = 0.38353390749543903
Training loss on iteration 6920 = 0.27840063348412514
Training loss on iteration 6940 = 0.41107658892869947
Training loss on iteration 6960 = 0.4141294799745083
Training loss on iteration 6980 = 0.4399374695494771
Training loss on iteration 7000 = 0.39947624020278455
Training loss on iteration 7020 = 0.5145797338336706
Training loss on iteration 7040 = 0.36469652131199837
Training loss on iteration 7060 = 0.5116602085530758
Training loss on iteration 7080 = 0.547293683513999
Training loss on iteration 7100 = 0.44775765724480154
Training loss on iteration 7120 = 0.3617420092225075
Training loss on iteration 7140 = 0.35145459361374376
Training loss on iteration 7160 = 0.3047491669654846
Training loss on iteration 7180 = 0.3863890102133155
Training loss on iteration 7200 = 0.489484878629446
Training loss on iteration 7220 = 0.4849451441317797
Training loss on iteration 7240 = 0.3256804486736655
Training loss on iteration 7260 = 0.38335004784166815
Training loss on iteration 7280 = 0.3745189644396305
Training loss on iteration 7300 = 0.38656602129340173
Training loss on iteration 7320 = 0.3925125588662922
Training loss on iteration 7340 = 0.3978515788912773
Training loss on iteration 7360 = 0.3653648469597101
Training loss on iteration 7380 = 0.3029293015599251
Training loss on iteration 7400 = 0.4084736565127969
Training loss on iteration 7420 = 0.4229488141834736
Training loss on iteration 7440 = 0.4512459313496947
Training loss on iteration 7460 = 0.45748224258422854
Training loss on iteration 7480 = 0.4954280167818069
### EVAL:: Epoch 14:: Loss = 0.2963482728528136 :: ACC = 0.8664825907899663, AUC = 0.2405879484937501, EER = 0.6846686634219393
Training on epoch 15
Training loss on iteration 0 = 0.4587484896183014
Training loss on iteration 20 = 0.3235779345035553
Training loss on iteration 40 = 0.430979445297271
Training loss on iteration 60 = 0.4631242759525776
Training loss on iteration 80 = 0.4068129379302263
Training loss on iteration 100 = 0.34100226052105426
Training loss on iteration 120 = 0.4146476715803146
Training loss on iteration 140 = 0.42761318348348143
Training loss on iteration 160 = 0.3807270050048828
Training loss on iteration 180 = 0.38962070625275375
Training loss on iteration 200 = 0.46439582519233225
Training loss on iteration 220 = 0.34426517356187103
Training loss on iteration 240 = 0.4748204492032528
Training loss on iteration 260 = 0.290164059959352
Training loss on iteration 280 = 0.5108844373375178
Training loss on iteration 300 = 0.23991203177720308
Training loss on iteration 320 = 0.32832848457619546
Training loss on iteration 340 = 0.5564551968127489
Training loss on iteration 360 = 0.4831831972114742
Training loss on iteration 380 = 0.6326760664582253
Training loss on iteration 400 = 0.4467419994994998
Training loss on iteration 420 = 0.3395024616271257
Training loss on iteration 440 = 0.4398793175816536
Training loss on iteration 460 = 0.4956280397251248
Training loss on iteration 480 = 0.7486891504377127
Training loss on iteration 500 = 0.40165956076234577
Training loss on iteration 520 = 0.30165739003568887
Training loss on iteration 540 = 0.5942739453166723
Training loss on iteration 560 = 0.31400691382586954
Training loss on iteration 580 = 0.4367745777592063
Training loss on iteration 600 = 0.47296879068017006
Training loss on iteration 620 = 0.6072747841477394
Training loss on iteration 640 = 0.8432261848822236
Training loss on iteration 660 = 0.520782558247447
Training loss on iteration 680 = 0.79046446159482
Training loss on iteration 700 = 0.44544040188193323
Training loss on iteration 720 = 0.5612224748823792
Training loss on iteration 740 = 0.7179321406409145
Training loss on iteration 760 = 0.5755304107442498
Training loss on iteration 780 = 0.31330246329307554
Training loss on iteration 800 = 0.5392695409245789
Training loss on iteration 820 = 0.6372076973319054
Training loss on iteration 840 = 0.49866805588826535
Training loss on iteration 860 = 0.3953966833651066
Training loss on iteration 880 = 0.32882150504738095
Training loss on iteration 900 = 0.35157630424946545
Training loss on iteration 920 = 0.36134869121015073
Training loss on iteration 940 = 0.2484645377844572
Training loss on iteration 960 = 0.30483517041429875
Training loss on iteration 980 = 0.3602369137108326
Training loss on iteration 1000 = 0.4866412399336696
Training loss on iteration 1020 = 0.3981955354101956
Training loss on iteration 1040 = 0.4293845699168742
Training loss on iteration 1060 = 0.5282584100961685
Training loss on iteration 1080 = 0.3956848032772541
Training loss on iteration 1100 = 0.3693596160039306
Training loss on iteration 1120 = 0.5322433780878782
Training loss on iteration 1140 = 0.4147458277642727
Training loss on iteration 1160 = 0.4075634852051735
Training loss on iteration 1180 = 0.34768706671893596
Training loss on iteration 1200 = 0.35376698821783065
Training loss on iteration 1220 = 0.3621031105518341
Training loss on iteration 1240 = 0.38683158420026303
Training loss on iteration 1260 = 0.34838918494060633
Training loss on iteration 1280 = 0.3716684110462666
Training loss on iteration 1300 = 0.30363798458129165
Training loss on iteration 1320 = 0.34014291800558566
Training loss on iteration 1340 = 0.4903230708092451
Training loss on iteration 1360 = 0.3725374177098274
Training loss on iteration 1380 = 0.39180438946932555
Training loss on iteration 1400 = 0.6375305024906993
Training loss on iteration 1420 = 0.9462732819374651
Training loss on iteration 1440 = 0.6458924883976579
Training loss on iteration 1460 = 0.5805249748751521
Training loss on iteration 1480 = 0.4340956499800086
Training loss on iteration 1500 = 0.4358939668163657
Training loss on iteration 1520 = 0.5824506968259812
Training loss on iteration 1540 = 0.4334251079708338
Training loss on iteration 1560 = 0.39733106112107636
Training loss on iteration 1580 = 0.31734018828719857
Training loss on iteration 1600 = 0.483384707570076
Training loss on iteration 1620 = 0.435071074962616
Training loss on iteration 1640 = 0.4592291723936796
Training loss on iteration 1660 = 0.3883641202002764
Training loss on iteration 1680 = 0.3621480828151107
Training loss on iteration 1700 = 0.3713353957980871
Training loss on iteration 1720 = 0.3008039122447371
Training loss on iteration 1740 = 0.359735185559839
Training loss on iteration 1760 = 0.44850913509726525
Training loss on iteration 1780 = 0.5440202482044697
Training loss on iteration 1800 = 0.45327795315533875
Training loss on iteration 1820 = 0.4932971351779997
Training loss on iteration 1840 = 0.446407001465559
Training loss on iteration 1860 = 0.6046517297625542
Training loss on iteration 1880 = 0.5374515324831008
Training loss on iteration 1900 = 0.6443489821627736
Training loss on iteration 1920 = 0.2795238820835948
Training loss on iteration 1940 = 0.30076192803680896
Training loss on iteration 1960 = 0.27487047500908374
Training loss on iteration 1980 = 0.4097361545078456
Training loss on iteration 2000 = 0.3457381032407284
Training loss on iteration 2020 = 0.35966412955895066
Training loss on iteration 2040 = 0.35452661029994487
Training loss on iteration 2060 = 0.36499080145731566
Training loss on iteration 2080 = 0.41517070550471546
Training loss on iteration 2100 = 1.1436837048269808
Training loss on iteration 2120 = 1.201062967814505
Training loss on iteration 2140 = 1.1285454656928777
Training loss on iteration 2160 = 0.5358625836670399
Training loss on iteration 2180 = 0.540969168394804
Training loss on iteration 2200 = 0.4783930152654648
Training loss on iteration 2220 = 0.547747402638197
Training loss on iteration 2240 = 0.39886435829102995
Training loss on iteration 2260 = 0.4215440837200731
Training loss on iteration 2280 = 0.36303740479052066
Training loss on iteration 2300 = 0.2803647952154279
Training loss on iteration 2320 = 0.333244467433542
Training loss on iteration 2340 = 0.4203853223472834
Training loss on iteration 2360 = 0.36100440472364426
Training loss on iteration 2380 = 0.43330000080168246
Training loss on iteration 2400 = 0.30145835001021626
Training loss on iteration 2420 = 0.33257492668926714
Training loss on iteration 2440 = 0.33885479951277375
Training loss on iteration 2460 = 0.5164471302181483
Training loss on iteration 2480 = 0.5185495199635625
Training loss on iteration 2500 = 0.4345383216044866
Training loss on iteration 2520 = 0.46139433020725845
Training loss on iteration 2540 = 0.4872902624309063
Training loss on iteration 2560 = 0.6697212934494019
Training loss on iteration 2580 = 0.6590313911437988
Training loss on iteration 2600 = 0.32291097063571217
Training loss on iteration 2620 = 0.6119175352156162
Training loss on iteration 2640 = 0.5184716910123826
Training loss on iteration 2660 = 0.3976821162737906
Training loss on iteration 2680 = 0.2565874641761184
Training loss on iteration 2700 = 0.328752407990396
Training loss on iteration 2720 = 0.3847112273797393
Training loss on iteration 2740 = 0.35598430447280405
Training loss on iteration 2760 = 0.3534125161357224
Training loss on iteration 2780 = 0.5691909044981003
Training loss on iteration 2800 = 0.5888231676071882
Training loss on iteration 2820 = 0.5215202119201422
Training loss on iteration 2840 = 0.373269522190094
Training loss on iteration 2860 = 0.46589766843244435
Training loss on iteration 2880 = 0.47115255929529665
Training loss on iteration 2900 = 0.5305623672902584
Training loss on iteration 2920 = 0.43942686952650545
Training loss on iteration 2940 = 0.46442680768668654
Training loss on iteration 2960 = 0.4995628081262112
Training loss on iteration 2980 = 0.4129412380047143
Training loss on iteration 3000 = 0.4200537152588367
Training loss on iteration 3020 = 0.3768924422562122
Training loss on iteration 3040 = 0.4650273956358433
Training loss on iteration 3060 = 0.2608214858919382
Training loss on iteration 3080 = 0.35828581266105175
Training loss on iteration 3100 = 0.3747009355574846
Training loss on iteration 3120 = 0.3471099080517888
Training loss on iteration 3140 = 0.366010763309896
Training loss on iteration 3160 = 0.2550045448355377
Training loss on iteration 3180 = 0.3330170851200819
Training loss on iteration 3200 = 0.5122948015108705
Training loss on iteration 3220 = 0.5227650597691536
Training loss on iteration 3240 = 0.6846995279192924
Training loss on iteration 3260 = 0.558858817256987
Training loss on iteration 3280 = 0.5615493297576905
Training loss on iteration 3300 = 0.46791587406769397
Training loss on iteration 3320 = 0.42115833833813665
Training loss on iteration 3340 = 0.46744877845048904
Training loss on iteration 3360 = 0.27939577121287584
Training loss on iteration 3380 = 0.35219601830467584
Training loss on iteration 3400 = 0.3807222280651331
Training loss on iteration 3420 = 0.554350258037448
Training loss on iteration 3440 = 0.4451212532818317
Training loss on iteration 3460 = 0.37368911765515805
Training loss on iteration 3480 = 0.3976245854049921
Training loss on iteration 3500 = 0.4250631768256426
Training loss on iteration 3520 = 0.36758290231227875
Training loss on iteration 3540 = 0.29415001198649404
Training loss on iteration 3560 = 0.34527109786868093
Training loss on iteration 3580 = 0.5229303581640125
Training loss on iteration 3600 = 0.9361336920410395
Training loss on iteration 3620 = 0.6911669684574008
Training loss on iteration 3640 = 0.5118543945252896
Training loss on iteration 3660 = 0.3049222737550735
Training loss on iteration 3680 = 0.3197303958237171
Training loss on iteration 3700 = 0.4802918054163456
Training loss on iteration 3720 = 0.6111940838396549
Training loss on iteration 3740 = 0.42274969145655633
Training loss on iteration 3760 = 0.35461221244186164
Training loss on iteration 3780 = 0.4191099859774113
Training loss on iteration 3800 = 0.36253617480397227
Training loss on iteration 3820 = 0.36464475421234965
Training loss on iteration 3840 = 0.40064467005431653
Training loss on iteration 3860 = 0.407432496547699
Training loss on iteration 3880 = 0.4234856631606817
Training loss on iteration 3900 = 0.2722067289054394
Training loss on iteration 3920 = 0.4410752519965172
Training loss on iteration 3940 = 0.43339843954890966
Training loss on iteration 3960 = 0.3081947576254606
Training loss on iteration 3980 = 0.5439214009791613
Training loss on iteration 4000 = 0.32026345962658526
Training loss on iteration 4020 = 0.6818290542811155
Training loss on iteration 4040 = 0.6802694156765938
Training loss on iteration 4060 = 0.3784275345504284
Training loss on iteration 4080 = 0.41913948189467193
Training loss on iteration 4100 = 0.4146089743822813
Training loss on iteration 4120 = 0.3508439227938652
Training loss on iteration 4140 = 0.43654920905828476
Training loss on iteration 4160 = 0.29241172727197406
Training loss on iteration 4180 = 0.3443371530622244
Training loss on iteration 4200 = 0.4322641439735889
Training loss on iteration 4220 = 0.3808696956606582
Training loss on iteration 4240 = 0.4607097335159779
Training loss on iteration 4260 = 0.41757722981274126
Training loss on iteration 4280 = 0.384813797287643
Training loss on iteration 4300 = 0.3706243973225355
Training loss on iteration 4320 = 0.5345098722726107
Training loss on iteration 4340 = 0.6504002746194602
Training loss on iteration 4360 = 0.2798276379704475
Training loss on iteration 4380 = 0.4440674439072609
Training loss on iteration 4400 = 0.38922399170696736
Training loss on iteration 4420 = 0.29683804176747797
Training loss on iteration 4440 = 0.25650787018239496
Training loss on iteration 4460 = 0.31562980338931085
Training loss on iteration 4480 = 0.5406000971794128
Training loss on iteration 4500 = 0.33722420409321785
Training loss on iteration 4520 = 0.3499575396999717
Training loss on iteration 4540 = 0.46307369619607924
Training loss on iteration 4560 = 0.2711760584264994
Training loss on iteration 4580 = 0.315060980245471
Training loss on iteration 4600 = 0.2018989257514477
Training loss on iteration 4620 = 0.29543107058852913
Training loss on iteration 4640 = 0.3311578337103128
Training loss on iteration 4660 = 0.2586127191781998
Training loss on iteration 4680 = 0.3529928784817457
Training loss on iteration 4700 = 0.35286254771053793
Training loss on iteration 4720 = 0.31450101658701896
Training loss on iteration 4740 = 0.2861123377457261
Training loss on iteration 4760 = 0.28067686781287193
Training loss on iteration 4780 = 0.34078730940818786
Training loss on iteration 4800 = 0.32597208707593384
Training loss on iteration 4820 = 0.3405142217874527
Training loss on iteration 4840 = 0.38154500275850295
Training loss on iteration 4860 = 0.3573366940021515
Training loss on iteration 4880 = 0.3109631918370724
Training loss on iteration 4900 = 0.4733864191919565
Training loss on iteration 4920 = 0.42134987376630306
Training loss on iteration 4940 = 0.4764286182820797
Training loss on iteration 4960 = 0.47059470005333426
Training loss on iteration 4980 = 0.42220912761986257
Training loss on iteration 5000 = 0.3312289878726006
Training loss on iteration 5020 = 0.3856709308922291
Training loss on iteration 5040 = 0.30147364884614947
Training loss on iteration 5060 = 0.3564641483128071
Training loss on iteration 5080 = 0.28287353962659834
Training loss on iteration 5100 = 0.35795624926686287
Training loss on iteration 5120 = 0.4148333713412285
Training loss on iteration 5140 = 0.4385309316217899
Training loss on iteration 5160 = 0.5223168842494488
Training loss on iteration 5180 = 0.2571474784985185
Training loss on iteration 5200 = 0.3673940498381853
Training loss on iteration 5220 = 0.31821185648441314
Training loss on iteration 5240 = 0.41684902254492046
Training loss on iteration 5260 = 0.37909983955323695
Training loss on iteration 5280 = 0.3094114766456187
Training loss on iteration 5300 = 0.2488755276426673
Training loss on iteration 5320 = 0.47146465433761475
Training loss on iteration 5340 = 0.2743532719090581
Training loss on iteration 5360 = 0.2828292868100107
Training loss on iteration 5380 = 0.3733868606388569
Training loss on iteration 5400 = 0.3639829881489277
Training loss on iteration 5420 = 0.3118685347959399
Training loss on iteration 5440 = 0.3262656457722187
Training loss on iteration 5460 = 0.28373899795114993
Training loss on iteration 5480 = 0.432431423291564
Training loss on iteration 5500 = 0.31641100719571114
Training loss on iteration 5520 = 0.2609417958185077
Training loss on iteration 5540 = 0.2652427894063294
Training loss on iteration 5560 = 0.28466411102563144
Training loss on iteration 5580 = 0.3827153654769063
Training loss on iteration 5600 = 0.3040871495380998
Training loss on iteration 5620 = 0.37408398296684026
Training loss on iteration 5640 = 0.28411432467401027
Training loss on iteration 5660 = 0.282704324554652
Training loss on iteration 5680 = 0.31332184839993715
Training loss on iteration 5700 = 0.3060392551124096
Training loss on iteration 5720 = 0.316287899017334
Training loss on iteration 5740 = 0.3216516964137554
Training loss on iteration 5760 = 0.2325126715004444
Training loss on iteration 5780 = 0.3648902587592602
Training loss on iteration 5800 = 0.30453305393457414
Training loss on iteration 5820 = 0.31663815984502436
Training loss on iteration 5840 = 0.6086997894570232
Training loss on iteration 5860 = 0.4503896656446159
Training loss on iteration 5880 = 0.595286715682596
Training loss on iteration 5900 = 0.7770765522960573
Training loss on iteration 5920 = 0.6321219897363335
Training loss on iteration 5940 = 0.4372982792556286
Training loss on iteration 5960 = 0.3326345955953002
Training loss on iteration 5980 = 0.4512324799550697
Training loss on iteration 6000 = 0.4681838772026822
Training loss on iteration 6020 = 0.3474148275330663
Training loss on iteration 6040 = 0.6168735685874708
Training loss on iteration 6060 = 0.44758085403591397
Training loss on iteration 6080 = 0.5011448944918812
Training loss on iteration 6100 = 0.3791753325611353
Training loss on iteration 6120 = 0.24347713822498918
Training loss on iteration 6140 = 0.28999299742281437
Training loss on iteration 6160 = 0.49157746620476245
Training loss on iteration 6180 = 0.30380649929866194
Training loss on iteration 6200 = 0.49423123300075533
Training loss on iteration 6220 = 0.3810987826436758
Training loss on iteration 6240 = 0.29162443354725837
Training loss on iteration 6260 = 0.2710029885172844
Training loss on iteration 6280 = 0.3277067217975855
Training loss on iteration 6300 = 0.3223294930532575
Training loss on iteration 6320 = 0.3868200659751892
Training loss on iteration 6340 = 0.2919526671990752
Training loss on iteration 6360 = 0.33950814735144375
Training loss on iteration 6380 = 0.31569036897271874
Training loss on iteration 6400 = 0.3344243336468935
Training loss on iteration 6420 = 0.3468004262074828
Training loss on iteration 6440 = 0.31305336775258186
Training loss on iteration 6460 = 0.23249734084820375
Training loss on iteration 6480 = 0.26370955239981414
Training loss on iteration 6500 = 0.3332961581647396
Training loss on iteration 6520 = 0.37990984637290237
Training loss on iteration 6540 = 0.3902621243149042
Training loss on iteration 6560 = 0.4513842584565282
Training loss on iteration 6580 = 0.49546754695475104
Training loss on iteration 6600 = 0.45654873540624974
Training loss on iteration 6620 = 0.3541118884459138
Training loss on iteration 6640 = 0.3169403809122741
Training loss on iteration 6660 = 0.3948552429676056
Training loss on iteration 6680 = 0.2590445297770202
Training loss on iteration 6700 = 0.28594581549987197
Training loss on iteration 6720 = 0.36805438809096813
Training loss on iteration 6740 = 0.4026662942022085
Training loss on iteration 6760 = 0.49923479817807676
Training loss on iteration 6780 = 0.3737070752307773
Training loss on iteration 6800 = 0.3645824366947636
Training loss on iteration 6820 = 0.3963852636516094
Training loss on iteration 6840 = 0.4170503677800298
Training loss on iteration 6860 = 0.3510954865254462
Training loss on iteration 6880 = 0.3429172238335013
Training loss on iteration 6900 = 0.38602538369596007
Training loss on iteration 6920 = 0.3303232424892485
Training loss on iteration 6940 = 0.32475806064903734
Training loss on iteration 6960 = 0.3542206384241581
Training loss on iteration 6980 = 0.3566574092954397
Training loss on iteration 7000 = 0.4801704823970795
Training loss on iteration 7020 = 0.5494232419878244
Training loss on iteration 7040 = 0.3323492511641234
Training loss on iteration 7060 = 0.38424811251461505
Training loss on iteration 7080 = 0.39801548845134677
Training loss on iteration 7100 = 0.3416396830230951
Training loss on iteration 7120 = 0.29229621710255743
Training loss on iteration 7140 = 0.38927702168002726
Training loss on iteration 7160 = 0.4857992310076952
Training loss on iteration 7180 = 0.36149469297379255
Training loss on iteration 7200 = 0.326662721298635
Training loss on iteration 7220 = 0.3534320288337767
Training loss on iteration 7240 = 0.2986727809533477
Training loss on iteration 7260 = 0.22620227942243218
Training loss on iteration 7280 = 0.3379563421010971
Training loss on iteration 7300 = 0.24643390700221063
Training loss on iteration 7320 = 0.29305996289476755
Training loss on iteration 7340 = 0.3533543046563864
Training loss on iteration 7360 = 0.25671719275414945
Training loss on iteration 7380 = 0.3029292864724994
Training loss on iteration 7400 = 0.32534762360155584
Training loss on iteration 7420 = 0.4949343973770738
Training loss on iteration 7440 = 0.4687264472944662
Training loss on iteration 7460 = 0.43319733124226334
Training loss on iteration 7480 = 0.41618588026612996
### EVAL:: Epoch 15:: Loss = 0.34200543071252065 :: ACC = 0.8451422688131786, AUC = 0.14297454697703652, EER = 0.7666604268064395
Training on epoch 16
Training loss on iteration 0 = 0.5290536880493164
Training loss on iteration 20 = 0.5767655171453953
Training loss on iteration 40 = 0.5797747123986483
Training loss on iteration 60 = 0.30397759899497034
Training loss on iteration 80 = 0.8772034905850887
Training loss on iteration 100 = 0.44406680688261985
Training loss on iteration 120 = 0.49037328902632
Training loss on iteration 140 = 0.4427221488207579
Training loss on iteration 160 = 0.3591022230684757
Training loss on iteration 180 = 0.3231195595115423
Training loss on iteration 200 = 0.2748119719326496
Training loss on iteration 220 = 0.27701452660840004
Training loss on iteration 240 = 0.35336658265441656
Training loss on iteration 260 = 0.27188512589782476
Training loss on iteration 280 = 0.3091097282245755
Training loss on iteration 300 = 0.3523848094046116
Training loss on iteration 320 = 0.37524642534554004
Training loss on iteration 340 = 0.41746468655765057
Training loss on iteration 360 = 0.3451892910525203
Training loss on iteration 380 = 0.5796601766720414
Training loss on iteration 400 = 0.3496960697695613
Training loss on iteration 420 = 0.31505939215421674
Training loss on iteration 440 = 0.35817316398024557
Training loss on iteration 460 = 0.3764397896826267
Training loss on iteration 480 = 0.5083009444177151
Training loss on iteration 500 = 0.540099773555994
Training loss on iteration 520 = 0.4898790758103132
Training loss on iteration 540 = 0.35665308125317097
Training loss on iteration 560 = 0.4349691551178694
Training loss on iteration 580 = 0.37624961975961924
Training loss on iteration 600 = 0.4404843030497432
Training loss on iteration 620 = 0.41436556885018944
Training loss on iteration 640 = 0.33652516212314365
Training loss on iteration 660 = 0.3033719562925398
Training loss on iteration 680 = 0.41664314493536947
Training loss on iteration 700 = 0.3428572969511151
Training loss on iteration 720 = 0.3083617925643921
Training loss on iteration 740 = 0.35361607680097223
Training loss on iteration 760 = 0.4422361239790916
Training loss on iteration 780 = 0.3250348078086972
Training loss on iteration 800 = 0.25254286946728827
Training loss on iteration 820 = 0.3978710679337382
Training loss on iteration 840 = 0.5025783963501453
Training loss on iteration 860 = 0.5748761866241694
Training loss on iteration 880 = 0.4737731395289302
Training loss on iteration 900 = 0.39920125878416
Training loss on iteration 920 = 0.4398431243374944
Training loss on iteration 940 = 0.3043020240962505
Training loss on iteration 960 = 0.2743700025603175
Training loss on iteration 980 = 0.5633497305214406
Training loss on iteration 1000 = 0.5286076851189137
Training loss on iteration 1020 = 0.2866704437881708
Training loss on iteration 1040 = 0.31104345731437205
Training loss on iteration 1060 = 0.3545490846037865
Training loss on iteration 1080 = 0.32588431760668757
Training loss on iteration 1100 = 0.3560862520709634
Training loss on iteration 1120 = 0.3694644460454583
Training loss on iteration 1140 = 0.8378259376622736
Training loss on iteration 1160 = 0.7813955951482058
Training loss on iteration 1180 = 0.8613847362808883
Training loss on iteration 1200 = 0.7036049669142812
Training loss on iteration 1220 = 0.47777466499246657
Training loss on iteration 1240 = 0.41626508086919783
Training loss on iteration 1260 = 0.6048176134005189
Training loss on iteration 1280 = 0.35251169595867393
Training loss on iteration 1300 = 0.3384640201926231
Training loss on iteration 1320 = 0.4660646222531796
Training loss on iteration 1340 = 0.37183576114475725
Training loss on iteration 1360 = 0.3690641617402434
Training loss on iteration 1380 = 0.2547274976968765
Training loss on iteration 1400 = 0.3471709931269288
Training loss on iteration 1420 = 0.2547638134099543
Training loss on iteration 1440 = 0.2647750746458769
Training loss on iteration 1460 = 0.44288425482809546
Training loss on iteration 1480 = 0.3396226929500699
Training loss on iteration 1500 = 0.3787931749597192
Training loss on iteration 1520 = 0.2325825098901987
Training loss on iteration 1540 = 0.2749619150534272
Training loss on iteration 1560 = 0.43869002629071474
Training loss on iteration 1580 = 0.2876217387616634
Training loss on iteration 1600 = 0.5789860062301159
Training loss on iteration 1620 = 0.3718561243265867
Training loss on iteration 1640 = 0.2990466244518757
Training loss on iteration 1660 = 0.2833967822603881
Training loss on iteration 1680 = 0.3197076488286257
Training loss on iteration 1700 = 0.2770428046584129
Training loss on iteration 1720 = 0.3258526388555765
Training loss on iteration 1740 = 0.308633753657341
Training loss on iteration 1760 = 0.2003208205103874
Training loss on iteration 1780 = 0.32601974830031394
Training loss on iteration 1800 = 0.4213418550789356
Training loss on iteration 1820 = 0.33034366704523566
Training loss on iteration 1840 = 0.32174205826595426
Training loss on iteration 1860 = 0.28557802457362413
Training loss on iteration 1880 = 0.3279831176623702
Training loss on iteration 1900 = 0.3998356094583869
Training loss on iteration 1920 = 0.596001363079995
Training loss on iteration 1940 = 0.33325172527693214
Training loss on iteration 1960 = 0.3571926003322005
Training loss on iteration 1980 = 0.4758085739798844
Training loss on iteration 2000 = 0.39699601493775843
Training loss on iteration 2020 = 0.4039410088211298
Training loss on iteration 2040 = 0.4550019663758576
Training loss on iteration 2060 = 0.4220447026193142
Training loss on iteration 2080 = 0.3926418783143163
Training loss on iteration 2100 = 0.4075385079719126
Training loss on iteration 2120 = 0.32914458177983763
Training loss on iteration 2140 = 0.23873363496968522
Training loss on iteration 2160 = 0.5116344401612878
Training loss on iteration 2180 = 0.46217088773846626
Training loss on iteration 2200 = 0.48904934534803035
Training loss on iteration 2220 = 0.3211382368579507
Training loss on iteration 2240 = 0.46948341496754437
Training loss on iteration 2260 = 0.3857355064712465
Training loss on iteration 2280 = 0.30594224389642477
Training loss on iteration 2300 = 0.4025525223463774
Training loss on iteration 2320 = 0.40540011003613474
Training loss on iteration 2340 = 0.3453400227241218
Training loss on iteration 2360 = 0.19110160516574978
Training loss on iteration 2380 = 0.5076317287050187
Training loss on iteration 2400 = 0.2696182671934366
Training loss on iteration 2420 = 0.33941542441025374
Training loss on iteration 2440 = 0.3584845196455717
Training loss on iteration 2460 = 0.4650158115196973
Training loss on iteration 2480 = 0.435139870736748
Training loss on iteration 2500 = 0.6039855882525444
Training loss on iteration 2520 = 0.44386600158177314
Training loss on iteration 2540 = 0.44518638104200364
Training loss on iteration 2560 = 0.3457219060510397
Training loss on iteration 2580 = 0.3510434843599796
Training loss on iteration 2600 = 0.3286237483844161
Training loss on iteration 2620 = 0.3214525845833123
Training loss on iteration 2640 = 0.9107458608224988
Training loss on iteration 2660 = 1.7138754858868197
Training loss on iteration 2680 = 0.7428887899965048
Training loss on iteration 2700 = 0.4673051030113129
Training loss on iteration 2720 = 0.4606785892508924
Training loss on iteration 2740 = 0.5983912354102359
Training loss on iteration 2760 = 0.5763047757791355
Training loss on iteration 2780 = 1.1217930633574724
Training loss on iteration 2800 = 0.6354310104623437
Training loss on iteration 2820 = 0.5031077414751053
Training loss on iteration 2840 = 0.49679020382463934
Training loss on iteration 2860 = 0.39304252434521914
Training loss on iteration 2880 = 0.2818447585217655
Training loss on iteration 2900 = 0.374875982478261
Training loss on iteration 2920 = 0.30280244355089964
Training loss on iteration 2940 = 0.28375024180859326
Training loss on iteration 2960 = 0.3002946457825601
Training loss on iteration 2980 = 0.4860524648800492
Training loss on iteration 3000 = 0.867941140756011
Training loss on iteration 3020 = 0.41428075917065144
Training loss on iteration 3040 = 0.344137857388705
Training loss on iteration 3060 = 0.24944142918102444
Training loss on iteration 3080 = 0.34334344062954186
Training loss on iteration 3100 = 0.24093537284061312
Training loss on iteration 3120 = 0.34780490840785205
Training loss on iteration 3140 = 0.2769925846718252
Training loss on iteration 3160 = 0.289197211060673
Training loss on iteration 3180 = 0.33246537744998933
Training loss on iteration 3200 = 0.3450107589364052
Training loss on iteration 3220 = 0.2550532453693449
Training loss on iteration 3240 = 0.18901073485612868
Training loss on iteration 3260 = 0.36645775064826014
Training loss on iteration 3280 = 0.4008441440761089
Training loss on iteration 3300 = 0.2823814570903778
Training loss on iteration 3320 = 0.3138033725321293
Training loss on iteration 3340 = 0.47781120613217354
Training loss on iteration 3360 = 0.42384059615433217
Training loss on iteration 3380 = 0.36658294387161733
Training loss on iteration 3400 = 0.35091812908649445
Training loss on iteration 3420 = 0.37134629376232625
Training loss on iteration 3440 = 0.40507005862891676
Training loss on iteration 3460 = 0.43879530783742665
Training loss on iteration 3480 = 0.28666121773421765
Training loss on iteration 3500 = 0.23421306079253554
Training loss on iteration 3520 = 0.3216722007840872
Training loss on iteration 3540 = 0.44507092237472534
Training loss on iteration 3560 = 0.39759085364639757
Training loss on iteration 3580 = 0.563277293741703
Training loss on iteration 3600 = 0.3257819109596312
Training loss on iteration 3620 = 0.398247015173547
Training loss on iteration 3640 = 0.5311404831707478
Training loss on iteration 3660 = 0.2694228857755661
Training loss on iteration 3680 = 0.28539475053548813
Training loss on iteration 3700 = 0.22899318151175976
Training loss on iteration 3720 = 0.22408332265913486
Training loss on iteration 3740 = 0.40834327405318616
Training loss on iteration 3760 = 0.4242423038929701
Training loss on iteration 3780 = 0.46588369365781546
Training loss on iteration 3800 = 0.26061754412949084
Training loss on iteration 3820 = 0.26431440899614245
Training loss on iteration 3840 = 0.4438294503837824
Training loss on iteration 3860 = 0.35709411101415756
Training loss on iteration 3880 = 0.510859635239467
Training loss on iteration 3900 = 0.5127679431810975
Training loss on iteration 3920 = 0.3478745319880545
Training loss on iteration 3940 = 0.35653644111007454
Training loss on iteration 3960 = 0.46867708005011083
Training loss on iteration 3980 = 0.3752977169118822
Training loss on iteration 4000 = 0.35145097877830267
Training loss on iteration 4020 = 0.26932773645967245
Training loss on iteration 4040 = 0.3013966688886285
Training loss on iteration 4060 = 0.2529974107630551
Training loss on iteration 4080 = 0.2161507388111204
Training loss on iteration 4100 = 0.46815032735466955
Training loss on iteration 4120 = 0.4793505322188139
Training loss on iteration 4140 = 0.5974310908466578
Training loss on iteration 4160 = 0.3932695148512721
Training loss on iteration 4180 = 0.36794249154627323
Training loss on iteration 4200 = 0.26232925783842803
Training loss on iteration 4220 = 0.32635711748152973
Training loss on iteration 4240 = 0.3398246021941304
Training loss on iteration 4260 = 0.3392363555729389
Training loss on iteration 4280 = 0.2937230058014393
Training loss on iteration 4300 = 0.25776752687525006
Training loss on iteration 4320 = 0.5572025537490845
Training loss on iteration 4340 = 0.3740924364887178
Training loss on iteration 4360 = 0.2825535360723734
Training loss on iteration 4380 = 0.44493033513426783
Training loss on iteration 4400 = 0.4702336058951914
Training loss on iteration 4420 = 0.3475929147563875
Training loss on iteration 4440 = 0.2477308454690501
Training loss on iteration 4460 = 0.5555077788420022
Training loss on iteration 4480 = 0.4163549231830984
Training loss on iteration 4500 = 0.5035061869770289
Training loss on iteration 4520 = 0.4221692500635982
Training loss on iteration 4540 = 0.26280419025570156
Training loss on iteration 4560 = 0.255989290215075
Training loss on iteration 4580 = 0.47644792271312325
Training loss on iteration 4600 = 0.27497177198529243
Training loss on iteration 4620 = 0.3575913641601801
Training loss on iteration 4640 = 0.4017203588038683
Training loss on iteration 4660 = 0.279203219152987
Training loss on iteration 4680 = 0.27536711990833285
Training loss on iteration 4700 = 0.33990175251383337
Training loss on iteration 4720 = 0.5022981954738498
Training loss on iteration 4740 = 0.4349463848397136
Training loss on iteration 4760 = 0.22539924141019582
Training loss on iteration 4780 = 0.31874998565763235
Training loss on iteration 4800 = 0.2672793284058571
Training loss on iteration 4820 = 0.3668052950873971
Training loss on iteration 4840 = 0.40742230862379075
Training loss on iteration 4860 = 0.37904641730710864
Training loss on iteration 4880 = 0.30610853508114816
Training loss on iteration 4900 = 0.36845580525696275
Training loss on iteration 4920 = 0.24003075123764575
Training loss on iteration 4940 = 0.41705695204436777
Training loss on iteration 4960 = 1.025384097546339
Training loss on iteration 4980 = 2.78011219650507
Training loss on iteration 5000 = 1.4235568122006952
Training loss on iteration 5020 = 0.5611113600898534
Training loss on iteration 5040 = 0.3601862090290524
Training loss on iteration 5060 = 0.43185873348265885
Training loss on iteration 5080 = 0.7943498194217682
Training loss on iteration 5100 = 0.4016249094158411
Training loss on iteration 5120 = 0.39741133004426954
Training loss on iteration 5140 = 0.45258492808789014
Training loss on iteration 5160 = 0.4021025765687227
Training loss on iteration 5180 = 0.28913781326264143
Training loss on iteration 5200 = 0.34197715669870377
Training loss on iteration 5220 = 0.3323520507663488
Training loss on iteration 5240 = 0.2301849459297955
Training loss on iteration 5260 = 0.42767629139125346
Training loss on iteration 5280 = 0.32802587654441595
Training loss on iteration 5300 = 0.2630310996901244
Training loss on iteration 5320 = 0.324168960750103
Training loss on iteration 5340 = 0.377958994358778
Training loss on iteration 5360 = 0.2999729273840785
Training loss on iteration 5380 = 0.2512661964632571
Training loss on iteration 5400 = 0.28900099951424635
Training loss on iteration 5420 = 0.2927510358393192
Training loss on iteration 5440 = 0.37485995022580026
Training loss on iteration 5460 = 0.37321050902828573
Training loss on iteration 5480 = 0.2709891269914806
Training loss on iteration 5500 = 0.29980671405792236
Training loss on iteration 5520 = 0.455546566657722
Training loss on iteration 5540 = 0.3083758199587464
Training loss on iteration 5560 = 0.2691279103979468
Training loss on iteration 5580 = 0.32370630875229833
Training loss on iteration 5600 = 0.27903646044433117
Training loss on iteration 5620 = 0.21074816156178713
Training loss on iteration 5640 = 0.26840075878426434
Training loss on iteration 5660 = 0.28896046164445577
Training loss on iteration 5680 = 0.3345509563572705
Training loss on iteration 5700 = 0.3946769194677472
Training loss on iteration 5720 = 0.28099756836891177
Training loss on iteration 5740 = 0.28367332480847834
Training loss on iteration 5760 = 0.3762917846441269
Training loss on iteration 5780 = 0.35161459278315305
Training loss on iteration 5800 = 0.4490749097429216
Training loss on iteration 5820 = 0.34465806987136605
Training loss on iteration 5840 = 0.47367255222052335
Training loss on iteration 5860 = 0.43482800051569936
Training loss on iteration 5880 = 0.3244334703311324
Training loss on iteration 5900 = 0.3341162359341979
Training loss on iteration 5920 = 0.18089150600135326
Training loss on iteration 5940 = 0.314104491751641
Training loss on iteration 5960 = 0.3721938421949744
Training loss on iteration 5980 = 0.25913345739245414
Training loss on iteration 6000 = 0.36359013319015504
Training loss on iteration 6020 = 0.30642668325454
Training loss on iteration 6040 = 0.272412321344018
Training loss on iteration 6060 = 0.29890096336603167
Training loss on iteration 6080 = 0.3524486608803272
Training loss on iteration 6100 = 0.27106789220124483
Training loss on iteration 6120 = 0.28540121875703334
Training loss on iteration 6140 = 0.26368046570569276
Training loss on iteration 6160 = 0.29559001196175816
Training loss on iteration 6180 = 0.2756667513400316
Training loss on iteration 6200 = 0.3278725903481245
Training loss on iteration 6220 = 0.5747017758199945
Training loss on iteration 6240 = 0.439754077186808
Training loss on iteration 6260 = 0.3867676456924528
Training loss on iteration 6280 = 0.40376094728708267
Training loss on iteration 6300 = 0.25670027937740086
Training loss on iteration 6320 = 0.3438548630103469
Training loss on iteration 6340 = 0.2982879436342046
Training loss on iteration 6360 = 0.315442969975993
Training loss on iteration 6380 = 0.36257629038300365
Training loss on iteration 6400 = 0.30405221339315175
Training loss on iteration 6420 = 0.3613680484239012
Training loss on iteration 6440 = 0.2336986507754773
Training loss on iteration 6460 = 0.3791065737605095
Training loss on iteration 6480 = 0.31182889379560946
Training loss on iteration 6500 = 0.328115131566301
Training loss on iteration 6520 = 0.502461351454258
Training loss on iteration 6540 = 0.3960736427456141
Training loss on iteration 6560 = 0.45231353491544724
Training loss on iteration 6580 = 0.4413657050579786
Training loss on iteration 6600 = 0.4113432325422764
Training loss on iteration 6620 = 0.43266203086823224
Training loss on iteration 6640 = 0.35678719729185104
Training loss on iteration 6660 = 0.4088942368514836
Training loss on iteration 6680 = 0.35336816124618053
Training loss on iteration 6700 = 0.3824458125978708
Training loss on iteration 6720 = 0.31041561271995305
Training loss on iteration 6740 = 0.35976148312911393
Training loss on iteration 6760 = 0.4635172410868108
Training loss on iteration 6780 = 0.31930049862712623
Training loss on iteration 6800 = 0.3548387156799436
Training loss on iteration 6820 = 0.2343666570726782
Training loss on iteration 6840 = 0.40675443820655344
Training loss on iteration 6860 = 0.40728094819933175
Training loss on iteration 6880 = 0.462978749582544
Training loss on iteration 6900 = 0.3105486983433366
Training loss on iteration 6920 = 0.3404026350006461
Training loss on iteration 6940 = 0.4354088302701712
Training loss on iteration 6960 = 0.32583668613806366
Training loss on iteration 6980 = 0.3298376850783825
Training loss on iteration 7000 = 0.4566204812377691
Training loss on iteration 7020 = 0.3416687736287713
Training loss on iteration 7040 = 0.31006029061973095
Training loss on iteration 7060 = 0.3748874654993415
Training loss on iteration 7080 = 0.3101314952597022
Training loss on iteration 7100 = 0.28273903238587084
Training loss on iteration 7120 = 0.48921327162534
Training loss on iteration 7140 = 0.4082082435488701
Training loss on iteration 7160 = 0.2700284419581294
Training loss on iteration 7180 = 0.26461558509618044
Training loss on iteration 7200 = 0.31759904826176355
Training loss on iteration 7220 = 0.2887831123545766
Training loss on iteration 7240 = 0.2712839139858261
Training loss on iteration 7260 = 0.34102035108953715
Training loss on iteration 7280 = 0.4357948308810592
Training loss on iteration 7300 = 0.2895738804712892
Training loss on iteration 7320 = 0.49137521907687187
Training loss on iteration 7340 = 0.27478330861777067
Training loss on iteration 7360 = 0.28582003228366376
Training loss on iteration 7380 = 0.2427030611783266
Training loss on iteration 7400 = 0.332534262072295
Training loss on iteration 7420 = 0.3508506963029504
Training loss on iteration 7440 = 0.3418453959748149
Training loss on iteration 7460 = 0.3842052945867181
Training loss on iteration 7480 = 0.3531310914084315
### EVAL:: Epoch 16:: Loss = 0.4034552241815481 :: ACC = 0.8223043803818795, AUC = 0.2860646589805419, EER = 0.6482590789966305
Training on epoch 17
Training loss on iteration 0 = 0.44786080718040466
Training loss on iteration 20 = 0.2275454683229327
Training loss on iteration 40 = 0.36931454967707394
Training loss on iteration 60 = 0.3819753677584231
Training loss on iteration 80 = 0.23860121392644942
Training loss on iteration 100 = 0.3328857109416276
Training loss on iteration 120 = 0.29547460917383433
Training loss on iteration 140 = 0.26140521029010416
Training loss on iteration 160 = 0.3509319042786956
Training loss on iteration 180 = 0.304760399274528
Training loss on iteration 200 = 0.3656358949840069
Training loss on iteration 220 = 0.36189576126635076
Training loss on iteration 240 = 0.352561130002141
Training loss on iteration 260 = 0.3153234040364623
Training loss on iteration 280 = 0.35316928662359715
Training loss on iteration 300 = 0.3545707520097494
Training loss on iteration 320 = 0.2734362646006048
Training loss on iteration 340 = 0.3980899337679148
Training loss on iteration 360 = 0.3675688225775957
Training loss on iteration 380 = 0.23386003710329534
Training loss on iteration 400 = 0.33473105998709796
Training loss on iteration 420 = 0.4378360712900758
Training loss on iteration 440 = 0.8905276924371719
Training loss on iteration 460 = 0.4887533225119114
Training loss on iteration 480 = 0.4238581081852317
Training loss on iteration 500 = 0.4316585540771484
Training loss on iteration 520 = 0.49783087251707914
Training loss on iteration 540 = 0.4131195327267051
Training loss on iteration 560 = 0.28462589662522075
Training loss on iteration 580 = 0.33389817057177423
Training loss on iteration 600 = 0.40989094004035
Training loss on iteration 620 = 0.3739859886467457
Training loss on iteration 640 = 0.35436869896948336
Training loss on iteration 660 = 0.40267837792634964
Training loss on iteration 680 = 0.2703986229375005
Training loss on iteration 700 = 0.3194913061335683
Training loss on iteration 720 = 0.3431587252765894
Training loss on iteration 740 = 0.44450086168944836
Training loss on iteration 760 = 0.5257799312472343
Training loss on iteration 780 = 0.3335783056914806
Training loss on iteration 800 = 0.5404918469488621
Training loss on iteration 820 = 0.4762166660279036
Training loss on iteration 840 = 0.36208580397069456
Training loss on iteration 860 = 0.38766203112900255
Training loss on iteration 880 = 0.3248892331495881
Training loss on iteration 900 = 0.29613301195204256
Training loss on iteration 920 = 0.3469311486929655
Training loss on iteration 940 = 0.5178214382380247
Training loss on iteration 960 = 0.33934008330106735
Training loss on iteration 980 = 0.29382307613268493
Training loss on iteration 1000 = 0.2606780474772677
Training loss on iteration 1020 = 0.3262360908091068
Training loss on iteration 1040 = 0.47080901643494144
Training loss on iteration 1060 = 0.6728830156847835
Training loss on iteration 1080 = 0.37596364263445137
Training loss on iteration 1100 = 0.23808395564556123
Training loss on iteration 1120 = 0.32416502088308335
Training loss on iteration 1140 = 0.2692517526447773
Training loss on iteration 1160 = 0.3085848897695541
Training loss on iteration 1180 = 0.5781066820025444
Training loss on iteration 1200 = 0.3208708791062236
Training loss on iteration 1220 = 0.3848820997402072
Training loss on iteration 1240 = 0.3983100146055222
Training loss on iteration 1260 = 0.5852457597851753
Training loss on iteration 1280 = 0.5889273233711719
Training loss on iteration 1300 = 0.6086950723081828
Training loss on iteration 1320 = 0.5727356350049376
Training loss on iteration 1340 = 0.6144330846145749
Training loss on iteration 1360 = 0.3782345075160265
Training loss on iteration 1380 = 0.45608661584556104
Training loss on iteration 1400 = 0.4117843482643366
Training loss on iteration 1420 = 0.4122700784355402
Training loss on iteration 1440 = 0.4795117247849703
Training loss on iteration 1460 = 0.4155713371932507
Training loss on iteration 1480 = 0.4939236618578434
Training loss on iteration 1500 = 0.48249882981181147
Training loss on iteration 1520 = 0.2818933501839638
Training loss on iteration 1540 = 0.34299492826685307
Training loss on iteration 1560 = 0.4599403519183397
Training loss on iteration 1580 = 0.5137994457036257
Training loss on iteration 1600 = 0.7003675134852528
Training loss on iteration 1620 = 0.5342835366725922
Training loss on iteration 1640 = 0.42513857800513505
Training loss on iteration 1660 = 0.3145150400698185
Training loss on iteration 1680 = 0.26650506872683766
Training loss on iteration 1700 = 0.3344468889757991
Training loss on iteration 1720 = 0.63504588752985
Training loss on iteration 1740 = 0.48149303421378137
Training loss on iteration 1760 = 0.471668672375381
Training loss on iteration 1780 = 0.3381106249988079
Training loss on iteration 1800 = 0.5513458479195833
Training loss on iteration 1820 = 0.40857778023928404
Training loss on iteration 1840 = 0.5095829971134662
Training loss on iteration 1860 = 0.6327878144569695
Training loss on iteration 1880 = 0.5536107011139393
Training loss on iteration 1900 = 0.39987310096621514
Training loss on iteration 1920 = 0.35554988123476505
Training loss on iteration 1940 = 0.45558047071099284
Training loss on iteration 1960 = 0.26476467587053776
Training loss on iteration 1980 = 0.34474478401243686
Training loss on iteration 2000 = 0.4951233737170696
Training loss on iteration 2020 = 0.35582458674907685
Training loss on iteration 2040 = 0.352825721539557
Training loss on iteration 2060 = 0.39919890873134134
Training loss on iteration 2080 = 0.4587375417351723
Training loss on iteration 2100 = 0.34365261495113375
Training loss on iteration 2120 = 0.2451754704117775
Training loss on iteration 2140 = 0.2651109714526683
Training loss on iteration 2160 = 0.4137818805873394
Training loss on iteration 2180 = 0.527684336155653
Training loss on iteration 2200 = 0.3434286754578352
Training loss on iteration 2220 = 0.30106692500412463
Training loss on iteration 2240 = 0.3673427816480398
Training loss on iteration 2260 = 0.3663324695080519
Training loss on iteration 2280 = 0.31196605823934076
Training loss on iteration 2300 = 0.3533055575564504
Training loss on iteration 2320 = 0.7807733364403248
Training loss on iteration 2340 = 0.4941069453954697
Training loss on iteration 2360 = 0.4386648885905743
Training loss on iteration 2380 = 0.3229654423892498
Training loss on iteration 2400 = 0.4556349800899625
Training loss on iteration 2420 = 0.49458158295601606
Training loss on iteration 2440 = 0.9975061038509011
Training loss on iteration 2460 = 0.5394397193565965
Training loss on iteration 2480 = 0.45800490379333497
Training loss on iteration 2500 = 0.4753016721457243
Training loss on iteration 2520 = 0.34738767296075823
Training loss on iteration 2540 = 0.4861938960850239
Training loss on iteration 2560 = 0.4575832011178136
Training loss on iteration 2580 = 0.5025349520146847
Training loss on iteration 2600 = 0.27289861887693406
Training loss on iteration 2620 = 0.30549981268122794
Training loss on iteration 2640 = 0.2799876980483532
Training loss on iteration 2660 = 0.2937656480818987
Training loss on iteration 2680 = 0.3343652996700257
Training loss on iteration 2700 = 0.40544832721352575
Training loss on iteration 2720 = 0.4943548873066902
Training loss on iteration 2740 = 0.4065799670293927
Training loss on iteration 2760 = 0.47523128911852835
Training loss on iteration 2780 = 0.5733661159873009
Training loss on iteration 2800 = 0.6558900906704366
Training loss on iteration 2820 = 0.7095668645575642
Training loss on iteration 2840 = 0.5944650504738093
Training loss on iteration 2860 = 0.3618029712699354
Training loss on iteration 2880 = 0.42489165905863047
Training loss on iteration 2900 = 0.42067266441881657
Training loss on iteration 2920 = 0.38206585636362433
Training loss on iteration 2940 = 0.43662881683558225
Training loss on iteration 2960 = 0.27338318303227427
Training loss on iteration 2980 = 0.2809596624225378
Training loss on iteration 3000 = 0.34031755160540345
Training loss on iteration 3020 = 0.34153897911310194
Training loss on iteration 3040 = 0.33151560723781587
Training loss on iteration 3060 = 0.28877414036542176
Training loss on iteration 3080 = 0.2647544321604073
Training loss on iteration 3100 = 0.35984113346785307
Training loss on iteration 3120 = 0.34120942824520173
Training loss on iteration 3140 = 0.2979638325050473
Training loss on iteration 3160 = 0.2585982973687351
Training loss on iteration 3180 = 0.33744873069226744
Training loss on iteration 3200 = 0.2592667922377586
Training loss on iteration 3220 = 0.3525798048824072
Training loss on iteration 3240 = 0.29273440688848495
Training loss on iteration 3260 = 0.46749728079885244
Training loss on iteration 3280 = 0.37397498497739434
Training loss on iteration 3300 = 0.3524416834115982
Training loss on iteration 3320 = 0.412033774331212
Training loss on iteration 3340 = 0.435279631242156
Training loss on iteration 3360 = 0.532154955714941
Training loss on iteration 3380 = 0.46831089314073326
Training loss on iteration 3400 = 0.45995698049664496
Training loss on iteration 3420 = 0.429714298248291
Training loss on iteration 3440 = 0.4113906521350145
Training loss on iteration 3460 = 0.3419688496738672
Training loss on iteration 3480 = 0.2509217961225659
Training loss on iteration 3500 = 0.4427468099165708
Training loss on iteration 3520 = 0.37465819753706453
Training loss on iteration 3540 = 0.46981797851622104
Training loss on iteration 3560 = 0.43704246897250415
Training loss on iteration 3580 = 0.40468790475279093
Training loss on iteration 3600 = 0.4207977563142776
Training loss on iteration 3620 = 0.4011754162609577
Training loss on iteration 3640 = 0.3245154615491629
Training loss on iteration 3660 = 0.3353025840129703
Training loss on iteration 3680 = 0.4424453072249889
Training loss on iteration 3700 = 0.33148022228851914
Training loss on iteration 3720 = 0.4337013991549611
Training loss on iteration 3740 = 0.2760394410230219
Training loss on iteration 3760 = 0.2741885602474213
Training loss on iteration 3780 = 0.5092031259089709
Training loss on iteration 3800 = 0.5253333821892738
Training loss on iteration 3820 = 0.3436648236587644
Training loss on iteration 3840 = 0.3251672150567174
Training loss on iteration 3860 = 0.3672934966161847
Training loss on iteration 3880 = 0.4654890388250351
Training loss on iteration 3900 = 0.2622951287776232
Training loss on iteration 3920 = 0.36742884386330843
Training loss on iteration 3940 = 0.4494504396338016
Training loss on iteration 3960 = 0.42856768555939195
Training loss on iteration 3980 = 0.4741694159805775
Training loss on iteration 4000 = 0.3115457536187023
Training loss on iteration 4020 = 0.3528860718011856
Training loss on iteration 4040 = 0.2740957310423255
Training loss on iteration 4060 = 0.3623994892463088
Training loss on iteration 4080 = 0.37267687655985354
Training loss on iteration 4100 = 0.3884440606459975
Training loss on iteration 4120 = 0.37136009419336913
Training loss on iteration 4140 = 0.5025701325386762
Training loss on iteration 4160 = 0.2818008899688721
Training loss on iteration 4180 = 0.36798721849918364
Training loss on iteration 4200 = 0.34949376378208397
Training loss on iteration 4220 = 0.37691203206777574
Training loss on iteration 4240 = 0.3017030328512192
Training loss on iteration 4260 = 0.4540019281208515
Training loss on iteration 4280 = 0.3792680227663368
Training loss on iteration 4300 = 0.3115460958331823
Training loss on iteration 4320 = 0.22218933822587134
Training loss on iteration 4340 = 0.31034854203462603
Training loss on iteration 4360 = 0.3044781286269426
Training loss on iteration 4380 = 0.3924750848673284
Training loss on iteration 4400 = 0.5844402015209198
Training loss on iteration 4420 = 0.6335560468956828
Training loss on iteration 4440 = 0.5859911069273949
Training loss on iteration 4460 = 0.3578006295487285
Training loss on iteration 4480 = 0.34909965815022587
Training loss on iteration 4500 = 0.31165065672248604
Training loss on iteration 4520 = 0.3302434225566685
Training loss on iteration 4540 = 0.2786243745591491
Training loss on iteration 4560 = 0.4195617128163576
Training loss on iteration 4580 = 0.37336700055748223
Training loss on iteration 4600 = 0.4081719357520342
Training loss on iteration 4620 = 0.33562761507928374
Training loss on iteration 4640 = 0.24755345489829778
Training loss on iteration 4660 = 0.2790211587678641
Training loss on iteration 4680 = 0.3478639071807265
Training loss on iteration 4700 = 0.28564144279807807
Training loss on iteration 4720 = 0.43978070877492426
Training loss on iteration 4740 = 0.3440421216189861
Training loss on iteration 4760 = 0.28703174106776713
Training loss on iteration 4780 = 0.36642758063972
Training loss on iteration 4800 = 0.3274114392697811
Training loss on iteration 4820 = 0.381242073699832
Training loss on iteration 4840 = 0.3689365194179118
Training loss on iteration 4860 = 0.4105164454318583
Training loss on iteration 4880 = 0.6646117471158505
Training loss on iteration 4900 = 0.8715917587280273
Training loss on iteration 4920 = 0.6827382726594806
Training loss on iteration 4940 = 0.4893476266413927
Training loss on iteration 4960 = 0.8127249281620607
Training loss on iteration 4980 = 0.5692387036979198
Training loss on iteration 5000 = 0.3657275032252073
Training loss on iteration 5020 = 0.5109726771712303
Training loss on iteration 5040 = 0.290695071069058
Training loss on iteration 5060 = 0.35930318841710684
Training loss on iteration 5080 = 0.26075653955340383
Training loss on iteration 5100 = 0.445442851819098
Training loss on iteration 5120 = 0.5051135416142642
Training loss on iteration 5140 = 0.6714393129572273
Training loss on iteration 5160 = 0.4709580450318754
Training loss on iteration 5180 = 0.3623356342315674
Training loss on iteration 5200 = 0.5160104559734464
Training loss on iteration 5220 = 0.42203536750748755
Training loss on iteration 5240 = 0.39470069352537396
Training loss on iteration 5260 = 0.38825762262567876
Training loss on iteration 5280 = 0.3028745148330927
Training loss on iteration 5300 = 0.38059445898979904
Training loss on iteration 5320 = 0.40511706899851563
Training loss on iteration 5340 = 0.31036232723854484
Training loss on iteration 5360 = 0.3107653561979532
Training loss on iteration 5380 = 0.2891318663954735
Training loss on iteration 5400 = 0.30310573540627955
Training loss on iteration 5420 = 0.3493012454360723
Training loss on iteration 5440 = 0.26961551532149314
Training loss on iteration 5460 = 0.25050982339307665
Training loss on iteration 5480 = 0.34660605899989605
Training loss on iteration 5500 = 0.6007504116743803
Training loss on iteration 5520 = 0.4714420437812805
Training loss on iteration 5540 = 0.5358049422502518
Training loss on iteration 5560 = 0.5261192839592695
Training loss on iteration 5580 = 0.5010258040390909
Training loss on iteration 5600 = 0.2902816738933325
Training loss on iteration 5620 = 0.31657704450190066
Training loss on iteration 5640 = 0.3243063535541296
Training loss on iteration 5660 = 0.32435837732627987
Training loss on iteration 5680 = 0.2300065916031599
Training loss on iteration 5700 = 0.2974184511229396
Training loss on iteration 5720 = 0.32710346169769766
Training loss on iteration 5740 = 0.2760307242162526
Training loss on iteration 5760 = 0.2893230002373457
Training loss on iteration 5780 = 0.375861238874495
Training loss on iteration 5800 = 0.33774288073182107
Training loss on iteration 5820 = 0.3051134765148163
Training loss on iteration 5840 = 0.42258241195231677
Training loss on iteration 5860 = 0.291832559928298
Training loss on iteration 5880 = 0.31884933402761817
Training loss on iteration 5900 = 0.2814590986818075
Training loss on iteration 5920 = 0.3260060636792332
Training loss on iteration 5940 = 0.36441652700304983
Training loss on iteration 5960 = 0.35890852063894274
Training loss on iteration 5980 = 0.2302304201759398
Training loss on iteration 6000 = 0.2497997723519802
Training loss on iteration 6020 = 0.3611193381249905
Training loss on iteration 6040 = 0.297088167630136
Training loss on iteration 6060 = 0.3482456857338548
Training loss on iteration 6080 = 0.33549138428643344
Training loss on iteration 6100 = 0.372415229305625
Training loss on iteration 6120 = 0.4474348798394203
Training loss on iteration 6140 = 0.2791305068996735
Training loss on iteration 6160 = 0.6447559645399451
Training loss on iteration 6180 = 0.47238945960998535
Training loss on iteration 6200 = 0.41449329336173835
Training loss on iteration 6220 = 0.44948108261451125
Training loss on iteration 6240 = 0.5023812492378056
Training loss on iteration 6260 = 0.2403498724102974
Training loss on iteration 6280 = 0.23448335127905012
Training loss on iteration 6300 = 0.3157157382927835
Training loss on iteration 6320 = 0.2141445552930236
Training loss on iteration 6340 = 0.36317868158221245
Training loss on iteration 6360 = 0.40337932128459214
Training loss on iteration 6380 = 0.4127989001572132
Training loss on iteration 6400 = 0.29820454455912115
Training loss on iteration 6420 = 0.3648975115269423
Training loss on iteration 6440 = 0.30547385662794113
Training loss on iteration 6460 = 0.3106434106826782
Training loss on iteration 6480 = 0.32547355741262435
Training loss on iteration 6500 = 0.32210271507501603
Training loss on iteration 6520 = 0.36635891571640966
Training loss on iteration 6540 = 0.4960216350853443
Training loss on iteration 6560 = 0.588345966860652
Training loss on iteration 6580 = 0.43146125664934515
Training loss on iteration 6600 = 0.39757270608097317
Training loss on iteration 6620 = 0.279280075058341
Training loss on iteration 6640 = 0.26464973685797305
Training loss on iteration 6660 = 0.2339183235540986
Training loss on iteration 6680 = 0.24633817207068204
Training loss on iteration 6700 = 0.25464212205260994
Training loss on iteration 6720 = 0.25729131810367106
Training loss on iteration 6740 = 0.22603247705847024
Training loss on iteration 6760 = 0.33390108197927476
Training loss on iteration 6780 = 0.2713863065466285
Training loss on iteration 6800 = 0.3363815052434802
Training loss on iteration 6820 = 0.35186167024075987
Training loss on iteration 6840 = 0.24074850166216494
Training loss on iteration 6860 = 0.2960342585109174
Training loss on iteration 6880 = 0.3878751754760742
Training loss on iteration 6900 = 0.3577780120074749
Training loss on iteration 6920 = 0.3385586619377136
Training loss on iteration 6940 = 0.5029666110873222
Training loss on iteration 6960 = 0.2676127631217241
Training loss on iteration 6980 = 0.44904511468485
Training loss on iteration 7000 = 0.28462106473743914
Training loss on iteration 7020 = 0.29948580618947745
Training loss on iteration 7040 = 0.3987034294754267
Training loss on iteration 7060 = 0.25989442467689516
Training loss on iteration 7080 = 0.5048262380063534
Training loss on iteration 7100 = 0.6737614350393415
Training loss on iteration 7120 = 0.3127237681299448
Training loss on iteration 7140 = 0.4399964898824692
Training loss on iteration 7160 = 0.2888552103191614
Training loss on iteration 7180 = 0.40871511660516263
Training loss on iteration 7200 = 0.27004782017320395
Training loss on iteration 7220 = 0.35412863828241825
Training loss on iteration 7240 = 0.34647637195885184
Training loss on iteration 7260 = 0.4791953921318054
Training loss on iteration 7280 = 0.3060951573774219
Training loss on iteration 7300 = 0.47474711388349533
Training loss on iteration 7320 = 0.5555242102593183
Training loss on iteration 7340 = 0.4104052077978849
Training loss on iteration 7360 = 0.4065835908055305
Training loss on iteration 7380 = 0.4260145126841962
Training loss on iteration 7400 = 0.4390572052448988
Training loss on iteration 7420 = 0.4299136348068714
Training loss on iteration 7440 = 0.3338627628982067
Training loss on iteration 7460 = 0.2639529496431351
Training loss on iteration 7480 = 0.409325473383069
### EVAL:: Epoch 17:: Loss = 0.37229691129507825 :: ACC = 0.8403219767877199, AUC = 0.15038798889047905, EER = 0.7652564582553351
Training on epoch 18
Training loss on iteration 0 = 0.4335288107395172
Training loss on iteration 20 = 0.3460117168724537
Training loss on iteration 40 = 0.24667835254222154
Training loss on iteration 60 = 0.31159101938828826
Training loss on iteration 80 = 0.21272243140265346
Training loss on iteration 100 = 0.29925354132428766
Training loss on iteration 120 = 0.3818124817684293
Training loss on iteration 140 = 0.34431467382237313
Training loss on iteration 160 = 0.36912781102582815
Training loss on iteration 180 = 0.44893010896630586
Training loss on iteration 200 = 0.3866742642596364
Training loss on iteration 220 = 0.39385038483887913
Training loss on iteration 240 = 0.23390948744490742
Training loss on iteration 260 = 0.2813853729516268
Training loss on iteration 280 = 0.3086842842400074
Training loss on iteration 300 = 0.28048013113439085
Training loss on iteration 320 = 0.30913881501182916
Training loss on iteration 340 = 0.4195505015552044
Training loss on iteration 360 = 0.31751653328537943
Training loss on iteration 380 = 0.3519432103261352
Training loss on iteration 400 = 0.26892662509344517
Training loss on iteration 420 = 0.2959886509925127
Training loss on iteration 440 = 0.3251881323754787
Training loss on iteration 460 = 0.3598041135817766
Training loss on iteration 480 = 0.34152251929044725
Training loss on iteration 500 = 0.4963845307007432
Training loss on iteration 520 = 0.5248569508083165
Training loss on iteration 540 = 0.5132690206170082
Training loss on iteration 560 = 0.3741627199575305
Training loss on iteration 580 = 0.37960895877331496
Training loss on iteration 600 = 0.554191480204463
Training loss on iteration 620 = 0.2906300203874707
Training loss on iteration 640 = 0.31853956561535596
Training loss on iteration 660 = 0.25492288591340184
Training loss on iteration 680 = 0.35431051775813105
Training loss on iteration 700 = 0.4739900391548872
Training loss on iteration 720 = 0.530651468783617
Training loss on iteration 740 = 0.43795500360429285
Training loss on iteration 760 = 0.33386547304689884
Training loss on iteration 780 = 0.4488690335303545
Training loss on iteration 800 = 0.3663736119866371
Training loss on iteration 820 = 0.3454300494864583
Training loss on iteration 840 = 0.3544874792918563
Training loss on iteration 860 = 0.20532720666378737
Training loss on iteration 880 = 0.34432796970941126
Training loss on iteration 900 = 0.29525981163606047
Training loss on iteration 920 = 0.28009974416345357
Training loss on iteration 940 = 0.23013809658586978
Training loss on iteration 960 = 0.33717933520674703
Training loss on iteration 980 = 0.3008260566741228
Training loss on iteration 1000 = 0.2525838679634035
Training loss on iteration 1020 = 0.31067511551082133
Training loss on iteration 1040 = 0.26916162185370923
Training loss on iteration 1060 = 0.23611091524362565
Training loss on iteration 1080 = 0.25689918398857114
Training loss on iteration 1100 = 0.3548688363283873
Training loss on iteration 1120 = 0.32406585486605766
Training loss on iteration 1140 = 0.5756327480077743
Training loss on iteration 1160 = 0.42484443318098786
Training loss on iteration 1180 = 0.40112534137442707
Training loss on iteration 1200 = 0.3129742298275232
Training loss on iteration 1220 = 0.4388376550283283
Training loss on iteration 1240 = 0.33135391138494014
Training loss on iteration 1260 = 0.3263169631361961
Training loss on iteration 1280 = 0.3124484922736883
Training loss on iteration 1300 = 0.35657789106480775
Training loss on iteration 1320 = 0.5486592233181
Training loss on iteration 1340 = 0.507360552623868
Training loss on iteration 1360 = 0.32275215908885
Training loss on iteration 1380 = 0.19956132043153046
Training loss on iteration 1400 = 0.4744256974197924
Training loss on iteration 1420 = 0.6592597832903266
Training loss on iteration 1440 = 0.30645612338557837
Training loss on iteration 1460 = 0.487135222251527
Training loss on iteration 1480 = 0.47002112176269295
Training loss on iteration 1500 = 0.4084720418788493
Training loss on iteration 1520 = 0.40414674282073976
Training loss on iteration 1540 = 0.44386186697520313
Training loss on iteration 1560 = 0.28635861575603483
Training loss on iteration 1580 = 0.2690565813332796
Training loss on iteration 1600 = 0.2663933736504987
Training loss on iteration 1620 = 0.3259524427819997
Training loss on iteration 1640 = 0.26547842370346186
Training loss on iteration 1660 = 0.5590494584292174
Training loss on iteration 1680 = 0.34123503882437944
Training loss on iteration 1700 = 0.37484522331506015
Training loss on iteration 1720 = 0.31157299168407915
Training loss on iteration 1740 = 0.41302979588508604
Training loss on iteration 1760 = 0.6037390833720565
Training loss on iteration 1780 = 0.3108847912284546
Training loss on iteration 1800 = 0.41719131721183655
Training loss on iteration 1820 = 0.42045903243124483
Training loss on iteration 1840 = 0.23897835034877063
Training loss on iteration 1860 = 0.4084375808481127
Training loss on iteration 1880 = 0.3513969318941236
Training loss on iteration 1900 = 0.45562905352562666
Training loss on iteration 1920 = 0.4093519363552332
Training loss on iteration 1940 = 0.27476787753403187
Training loss on iteration 1960 = 0.5927202858030796
Training loss on iteration 1980 = 0.6131825771648437
Training loss on iteration 2000 = 0.29575787838548423
Training loss on iteration 2020 = 0.2512385655194521
Training loss on iteration 2040 = 0.4699125800281763
Training loss on iteration 2060 = 0.2760638130828738
Training loss on iteration 2080 = 0.31472843622323127
Training loss on iteration 2100 = 0.3177013657055795
Training loss on iteration 2120 = 0.31126740565523503
Training loss on iteration 2140 = 0.34232807662338016
Training loss on iteration 2160 = 0.3807684205472469
Training loss on iteration 2180 = 0.4156488116830587
Training loss on iteration 2200 = 0.22802730780094863
Training loss on iteration 2220 = 0.2808524495922029
Training loss on iteration 2240 = 0.2431891266256571
Training loss on iteration 2260 = 0.3963782542385161
Training loss on iteration 2280 = 0.3062397717498243
Training loss on iteration 2300 = 0.28687020831275734
Training loss on iteration 2320 = 0.3067320268601179
Training loss on iteration 2340 = 0.3372657738626003
Training loss on iteration 2360 = 0.4500833086669445
Training loss on iteration 2380 = 0.5105353929102421
Training loss on iteration 2400 = 0.45531339608132837
Training loss on iteration 2420 = 0.5127836825326085
Training loss on iteration 2440 = 0.37237612933386116
Training loss on iteration 2460 = 0.3386225719936192
Training loss on iteration 2480 = 0.35021999925374986
Training loss on iteration 2500 = 0.2690919273532927
Training loss on iteration 2520 = 0.3344286898616701
Training loss on iteration 2540 = 0.3158099357970059
Training loss on iteration 2560 = 0.26694615446031095
Training loss on iteration 2580 = 0.26343996142968534
Training loss on iteration 2600 = 0.26443155510351063
Training loss on iteration 2620 = 0.19036650490015744
Training loss on iteration 2640 = 0.3192274386063218
Training loss on iteration 2660 = 0.30844262316823007
Training loss on iteration 2680 = 0.373424631357193
Training loss on iteration 2700 = 0.3435368877835572
Training loss on iteration 2720 = 0.28812211398035287
Training loss on iteration 2740 = 0.26600649356842043
Training loss on iteration 2760 = 0.37395934090018274
Training loss on iteration 2780 = 0.20946952220983803
Training loss on iteration 2800 = 0.3928374372422695
Training loss on iteration 2820 = 0.17444056738168
Training loss on iteration 2840 = 0.2762424336746335
Training loss on iteration 2860 = 0.23512277705594897
Training loss on iteration 2880 = 0.3209484162740409
Training loss on iteration 2900 = 0.29742040298879147
Training loss on iteration 2920 = 0.3282201658934355
Training loss on iteration 2940 = 0.5456662786426023
Training loss on iteration 2960 = 0.565898862387985
Training loss on iteration 2980 = 1.319838124141097
Training loss on iteration 3000 = 0.5749210973735899
Training loss on iteration 3020 = 0.9932913879863918
Training loss on iteration 3040 = 0.4581287747947499
Training loss on iteration 3060 = 0.4830392450094223
Training loss on iteration 3080 = 0.5187586970627308
Training loss on iteration 3100 = 0.3659809447824955
Training loss on iteration 3120 = 0.3672500360757113
Training loss on iteration 3140 = 0.34664668748155236
Training loss on iteration 3160 = 0.3415026246570051
Training loss on iteration 3180 = 0.37862727893516424
Training loss on iteration 3200 = 0.30375870640855285
Training loss on iteration 3220 = 0.35769202848896386
Training loss on iteration 3240 = 0.28743202704936266
Training loss on iteration 3260 = 0.4893152367323637
Training loss on iteration 3280 = 0.3877968355314806
Training loss on iteration 3300 = 0.2516684830188751
Training loss on iteration 3320 = 0.3947498228400946
Training loss on iteration 3340 = 0.573209647834301
Training loss on iteration 3360 = 0.36516465060412884
Training loss on iteration 3380 = 0.4477773144841194
Training loss on iteration 3400 = 0.47004541791975496
Training loss on iteration 3420 = 0.3730048857629299
Training loss on iteration 3440 = 0.39492128491401673
Training loss on iteration 3460 = 0.27066763266921046
Training loss on iteration 3480 = 0.3718793258070946
Training loss on iteration 3500 = 0.35483011826872823
Training loss on iteration 3520 = 0.3126062246970832
Training loss on iteration 3540 = 0.27339409552514554
Training loss on iteration 3560 = 0.3486983964219689
Training loss on iteration 3580 = 0.4543494498357177
Training loss on iteration 3600 = 0.4160290302708745
Training loss on iteration 3620 = 0.8558527214452625
Training loss on iteration 3640 = 0.3011969365179539
Training loss on iteration 3660 = 0.3877391471527517
Training loss on iteration 3680 = 0.39183133468031883
Training loss on iteration 3700 = 0.3200263936072588
Training loss on iteration 3720 = 0.3697585020214319
Training loss on iteration 3740 = 0.4691019215155393
Training loss on iteration 3760 = 0.30768919363617897
Training loss on iteration 3780 = 0.49804634898900985
Training loss on iteration 3800 = 0.29655222333967685
Training loss on iteration 3820 = 0.4248629853129387
Training loss on iteration 3840 = 0.340072220005095
Training loss on iteration 3860 = 0.30054047806188466
Training loss on iteration 3880 = 0.3620519730262458
Training loss on iteration 3900 = 0.4683841334655881
Training loss on iteration 3920 = 0.2967991601675749
Training loss on iteration 3940 = 0.48298164596781135
Training loss on iteration 3960 = 0.5514627675525844
Training loss on iteration 3980 = 0.4094899337738752
Training loss on iteration 4000 = 0.5544491125270724
Training loss on iteration 4020 = 0.44202113263309
Training loss on iteration 4040 = 0.26599952382966874
Training loss on iteration 4060 = 0.34527526069432496
Training loss on iteration 4080 = 0.21591337621212006
Training loss on iteration 4100 = 0.34310866717714816
Training loss on iteration 4120 = 0.4785266565158963
Training loss on iteration 4140 = 0.283698986005038
Training loss on iteration 4160 = 0.4167163327336311
Training loss on iteration 4180 = 0.3701044775079936
Training loss on iteration 4200 = 0.5057742486707866
Training loss on iteration 4220 = 0.28926375342998656
Training loss on iteration 4240 = 0.456795313116163
Training loss on iteration 4260 = 0.32290806659730154
Training loss on iteration 4280 = 0.41246771831065415
Training loss on iteration 4300 = 0.5108506496995687
Training loss on iteration 4320 = 0.3863701466470957
Training loss on iteration 4340 = 0.37117169350385665
Training loss on iteration 4360 = 0.4018580302596092
Training loss on iteration 4380 = 0.32129217833280566
Training loss on iteration 4400 = 0.2431150703225285
Training loss on iteration 4420 = 0.3108102516271174
Training loss on iteration 4440 = 0.265957622602582
Training loss on iteration 4460 = 0.28362776190042494
Training loss on iteration 4480 = 0.3562204295769334
Training loss on iteration 4500 = 0.37383811781182885
Training loss on iteration 4520 = 0.34352314900606873
Training loss on iteration 4540 = 0.3079044334590435
Training loss on iteration 4560 = 0.24228944210335612
Training loss on iteration 4580 = 0.36930919834412634
Training loss on iteration 4600 = 0.21555388271808623
Training loss on iteration 4620 = 0.2730830159969628
Training loss on iteration 4640 = 0.2569777058437467
Training loss on iteration 4660 = 0.2754862578585744
Training loss on iteration 4680 = 0.23438646458089352
Training loss on iteration 4700 = 0.3370373947545886
Training loss on iteration 4720 = 0.35580579098314047
Training loss on iteration 4740 = 0.3313432166352868
Training loss on iteration 4760 = 0.3725804526358843
Training loss on iteration 4780 = 0.30804178938269616
Training loss on iteration 4800 = 0.28365481123328207
Training loss on iteration 4820 = 0.2805735602858476
Training loss on iteration 4840 = 0.23426453163847327
Training loss on iteration 4860 = 0.29317164085805414
Training loss on iteration 4880 = 0.27086364114657047
Training loss on iteration 4900 = 0.31833075657486914
Training loss on iteration 4920 = 0.4488471332937479
Training loss on iteration 4940 = 0.28966569565236566
Training loss on iteration 4960 = 0.3213188547641039
Training loss on iteration 4980 = 0.1973595700226724
Training loss on iteration 5000 = 0.38578240415081383
Training loss on iteration 5020 = 0.2881165128201246
Training loss on iteration 5040 = 0.31382885482162237
Training loss on iteration 5060 = 0.4079912490211427
Training loss on iteration 5080 = 0.4237256357446313
Training loss on iteration 5100 = 0.32850978143978865
Training loss on iteration 5120 = 0.453223636187613
Training loss on iteration 5140 = 0.2836600605864078
Training loss on iteration 5160 = 0.29049118105322125
Training loss on iteration 5180 = 0.33518972545862197
Training loss on iteration 5200 = 0.33112707901746036
Training loss on iteration 5220 = 0.4723361721262336
Training loss on iteration 5240 = 0.4047736011911184
Training loss on iteration 5260 = 0.2989597674459219
Training loss on iteration 5280 = 0.5960907440632581
Training loss on iteration 5300 = 0.8860388848930597
Training loss on iteration 5320 = 0.8072386115265544
Training loss on iteration 5340 = 0.8174078289419413
Training loss on iteration 5360 = 0.5444976564496755
Training loss on iteration 5380 = 0.749421613290906
Training loss on iteration 5400 = 0.4981404975289479
Training loss on iteration 5420 = 0.280033684708178
Training loss on iteration 5440 = 0.5597371965646744
Training loss on iteration 5460 = 0.3126322016818449
Training loss on iteration 5480 = 0.42477005096152426
Training loss on iteration 5500 = 0.4202580539975315
Training loss on iteration 5520 = 0.24738764613866807
Training loss on iteration 5540 = 0.3577322565950453
Training loss on iteration 5560 = 0.3165140114724636
Training loss on iteration 5580 = 0.26976710205199195
Training loss on iteration 5600 = 0.37926944997161627
Training loss on iteration 5620 = 0.4764034204185009
Training loss on iteration 5640 = 0.30521168941631915
Training loss on iteration 5660 = 0.5801431249827147
Training loss on iteration 5680 = 1.0889882072806358
Training loss on iteration 5700 = 0.7388534807832912
Training loss on iteration 5720 = 0.9535896481946111
Training loss on iteration 5740 = 0.8613601560937241
Training loss on iteration 5760 = 0.5202761478256435
Training loss on iteration 5780 = 0.7534710134845227
Training loss on iteration 5800 = 0.5433557504788041
Training loss on iteration 5820 = 0.32738258349709215
Training loss on iteration 5840 = 0.3355167357251048
Training loss on iteration 5860 = 0.3086976297199726
Training loss on iteration 5880 = 0.3160813856869936
Training loss on iteration 5900 = 0.32652375670149925
Training loss on iteration 5920 = 0.2763083141297102
Training loss on iteration 5940 = 0.31804964151233434
Training loss on iteration 5960 = 0.2876415394246578
Training loss on iteration 5980 = 0.2366246609017253
Training loss on iteration 6000 = 0.2792058027349412
Training loss on iteration 6020 = 0.19911842653527856
Training loss on iteration 6040 = 0.3009478945285082
Training loss on iteration 6060 = 0.2926007382571697
Training loss on iteration 6080 = 0.3696157310158014
Training loss on iteration 6100 = 0.33627363611012695
Training loss on iteration 6120 = 0.34383840253576636
Training loss on iteration 6140 = 0.3345924587920308
Training loss on iteration 6160 = 0.3596202565357089
Training loss on iteration 6180 = 0.24517114302143456
Training loss on iteration 6200 = 0.19368582502938808
Training loss on iteration 6220 = 0.23427699338644742
Training loss on iteration 6240 = 0.17700999961234629
Training loss on iteration 6260 = 0.31836516642943025
Training loss on iteration 6280 = 0.2692182822152972
Training loss on iteration 6300 = 0.3283161323517561
Training loss on iteration 6320 = 0.2423065833747387
Training loss on iteration 6340 = 0.3244584143161774
Training loss on iteration 6360 = 0.31247890181839466
Training loss on iteration 6380 = 0.29064662717282774
Training loss on iteration 6400 = 0.30430244877934454
Training loss on iteration 6420 = 0.26240723859518766
Training loss on iteration 6440 = 0.27141894586384296
Training loss on iteration 6460 = 0.23976129842922092
Training loss on iteration 6480 = 0.2616085223853588
Training loss on iteration 6500 = 0.26323490059003235
Training loss on iteration 6520 = 0.24499400025233625
Training loss on iteration 6540 = 0.2684046081267297
Training loss on iteration 6560 = 0.22472859816625715
Training loss on iteration 6580 = 0.24840969797223805
Training loss on iteration 6600 = 0.4006412262097001
Training loss on iteration 6620 = 0.40735304206609724
Training loss on iteration 6640 = 0.4261686990503222
Training loss on iteration 6660 = 0.2643228031694889
Training loss on iteration 6680 = 0.30155470576137305
Training loss on iteration 6700 = 0.2723431203048676
Training loss on iteration 6720 = 0.3424196820706129
Training loss on iteration 6740 = 0.2502240214962512
Training loss on iteration 6760 = 0.26941808462142947
Training loss on iteration 6780 = 0.22900550793856383
Training loss on iteration 6800 = 0.2923767873086035
Training loss on iteration 6820 = 0.2636690318584442
Training loss on iteration 6840 = 0.2689046403043903
Training loss on iteration 6860 = 0.226999806240201
Training loss on iteration 6880 = 0.32592586749233304
Training loss on iteration 6900 = 0.38484523948282
Training loss on iteration 6920 = 0.41097917780280113
Training loss on iteration 6940 = 0.475706336426083
Training loss on iteration 6960 = 0.45970844021067025
Training loss on iteration 6980 = 0.4036929874680936
Training loss on iteration 7000 = 0.3011221902444959
Training loss on iteration 7020 = 0.24719360414892436
Training loss on iteration 7040 = 0.25831310665234924
Training loss on iteration 7060 = 0.32659889068454506
Training loss on iteration 7080 = 0.4156479177996516
Training loss on iteration 7100 = 0.30615679090842607
Training loss on iteration 7120 = 0.2815207987092435
Training loss on iteration 7140 = 0.30042525064200165
Training loss on iteration 7160 = 0.20790665000677108
Training loss on iteration 7180 = 0.3243980010505766
Training loss on iteration 7200 = 0.3212964023463428
Training loss on iteration 7220 = 0.2978606313467026
Training loss on iteration 7240 = 0.3194282703101635
Training loss on iteration 7260 = 0.2636715240776539
Training loss on iteration 7280 = 0.2915353703312576
Training loss on iteration 7300 = 0.29106001667678355
Training loss on iteration 7320 = 0.222794641694054
Training loss on iteration 7340 = 0.3633000284433365
Training loss on iteration 7360 = 0.5915455885231495
Training loss on iteration 7380 = 0.4993109410977922
Training loss on iteration 7400 = 0.21636135317385197
Training loss on iteration 7420 = 0.36540367705747484
Training loss on iteration 7440 = 0.6553824137896299
Training loss on iteration 7460 = 0.48343514748848976
Training loss on iteration 7480 = 0.3637769251246937
### EVAL:: Epoch 18:: Loss = 0.28407031687762135 :: ACC = 0.9089760389367278, AUC = 0.12561861433472743, EER = 0.788655934107076
Training on epoch 19
Training loss on iteration 0 = 0.2587730884552002
Training loss on iteration 20 = 0.6418160437955521
Training loss on iteration 40 = 0.4657396198250353
Training loss on iteration 60 = 0.3859035400673747
Training loss on iteration 80 = 0.48962379368022085
Training loss on iteration 100 = 0.31690414231270553
Training loss on iteration 120 = 0.4133466579020023
Training loss on iteration 140 = 0.2392923690378666
Training loss on iteration 160 = 0.22686544115422294
Training loss on iteration 180 = 0.30607766201719644
Training loss on iteration 200 = 0.25081415690656284
Training loss on iteration 220 = 0.2804747289046645
Training loss on iteration 240 = 0.44415059115272015
Training loss on iteration 260 = 0.3996635897550732
Training loss on iteration 280 = 0.2618866449221969
Training loss on iteration 300 = 0.3172742256894708
Training loss on iteration 320 = 0.2686847047880292
Training loss on iteration 340 = 2.664501866605133
Training loss on iteration 360 = 0.4510700514074415
Training loss on iteration 380 = 0.4341728978906758
Training loss on iteration 400 = 0.8945470308943186
Training loss on iteration 420 = 0.5853408709168434
Training loss on iteration 440 = 0.29885693805990743
Training loss on iteration 460 = 0.3274282077793032
Training loss on iteration 480 = 0.24738176702521741
Training loss on iteration 500 = 0.27200314989313484
Training loss on iteration 520 = 0.3032585287000984
Training loss on iteration 540 = 0.3523526489268988
Training loss on iteration 560 = 0.5105402705259621
Training loss on iteration 580 = 0.3767566432245076
Training loss on iteration 600 = 0.43441878966987135
Training loss on iteration 620 = 0.33739371029660103
Training loss on iteration 640 = 0.2508535286411643
Training loss on iteration 660 = 0.41004280562046913
Training loss on iteration 680 = 0.32011388912796973
Training loss on iteration 700 = 0.27112651013303546
Training loss on iteration 720 = 0.4379461234435439
Training loss on iteration 740 = 0.24969928679056466
Training loss on iteration 760 = 0.2731398405507207
Training loss on iteration 780 = 0.232582123670727
Training loss on iteration 800 = 0.2907193049788475
Training loss on iteration 820 = 0.30161181576550006
Training loss on iteration 840 = 0.2837137570604682
Training loss on iteration 860 = 0.2607502417638898
Training loss on iteration 880 = 0.2755798895843327
Training loss on iteration 900 = 0.2739034083671868
Training loss on iteration 920 = 0.30528824832290413
Training loss on iteration 940 = 0.2375760678201914
Training loss on iteration 960 = 0.3044817365705967
Training loss on iteration 980 = 0.4324640384875238
Training loss on iteration 1000 = 0.3895937979221344
Training loss on iteration 1020 = 0.39089616350829604
Training loss on iteration 1040 = 0.5920249061193317
Training loss on iteration 1060 = 0.5140466495417059
Training loss on iteration 1080 = 0.6296141483820975
Training loss on iteration 1100 = 1.0069563198834657
Training loss on iteration 1120 = 1.2062170997262
Training loss on iteration 1140 = 0.9612873451318592
Training loss on iteration 1160 = 0.7098873611539602
Training loss on iteration 1180 = 0.7225751998834312
Training loss on iteration 1200 = 0.6476483447971987
Training loss on iteration 1220 = 0.49312671460211277
Training loss on iteration 1240 = 0.38431823141872884
Training loss on iteration 1260 = 0.2647105023264885
Training loss on iteration 1280 = 0.21669441756093874
Training loss on iteration 1300 = 0.35576306032016874
Training loss on iteration 1320 = 0.2560577005147934
Training loss on iteration 1340 = 0.20875537231331692
Training loss on iteration 1360 = 0.32368857562541964
Training loss on iteration 1380 = 0.2712200175737962
Training loss on iteration 1400 = 0.24830171666108072
Training loss on iteration 1420 = 0.4369304902851582
Training loss on iteration 1440 = 0.4996700756251812
Training loss on iteration 1460 = 0.44438154933741314
Training loss on iteration 1480 = 0.7810955422930419
Training loss on iteration 1500 = 0.43550018770620225
Training loss on iteration 1520 = 0.3138704222626984
Training loss on iteration 1540 = 0.3731932245194912
Training loss on iteration 1560 = 0.2253990311175585
Training loss on iteration 1580 = 0.5173356112092733
Training loss on iteration 1600 = 0.6157386823557317
Training loss on iteration 1620 = 0.6217202271567658
Training loss on iteration 1640 = 0.3359443675726652
Training loss on iteration 1660 = 0.6353671901350026
Training loss on iteration 1680 = 0.4888454786268994
Training loss on iteration 1700 = 0.3841382531449199
Training loss on iteration 1720 = 0.39418774386867883
Training loss on iteration 1740 = 0.2554757785052061
Training loss on iteration 1760 = 0.3698536081239581
Training loss on iteration 1780 = 0.3617952136322856
Training loss on iteration 1800 = 0.3043813171330839
Training loss on iteration 1820 = 0.24477538233622909
Training loss on iteration 1840 = 0.2995337123051286
Training loss on iteration 1860 = 0.15350786740891637
Training loss on iteration 1880 = 0.30287617444992065
Training loss on iteration 1900 = 0.35071402150206266
Training loss on iteration 1920 = 0.35893530149478464
Training loss on iteration 1940 = 0.31952754631638525
Training loss on iteration 1960 = 0.21858222023583948
Training loss on iteration 1980 = 0.37553468719124794
Training loss on iteration 2000 = 0.4372241667471826
Training loss on iteration 2020 = 0.4330634479876608
Training loss on iteration 2040 = 0.4219170693773776
Training loss on iteration 2060 = 0.37985416539013384
Training loss on iteration 2080 = 0.363054704060778
Training loss on iteration 2100 = 0.4373235488310456
Training loss on iteration 2120 = 0.462005993258208
Training loss on iteration 2140 = 0.9795286238193512
Training loss on iteration 2160 = 0.8311947787296958
Training loss on iteration 2180 = 1.000607035588473
Training loss on iteration 2200 = 1.2478437517478596
Training loss on iteration 2220 = 1.1168790495139547
Training loss on iteration 2240 = 0.4985521780094132
Training loss on iteration 2260 = 0.4221026334911585
Training loss on iteration 2280 = 0.368050535954535
Training loss on iteration 2300 = 0.4404154374264181
Training loss on iteration 2320 = 0.3772385614924133
Training loss on iteration 2340 = 0.3921460762619972
Training loss on iteration 2360 = 0.5375269757583737
Training loss on iteration 2380 = 0.7522228968795389
Training loss on iteration 2400 = 0.4709169031120837
Training loss on iteration 2420 = 0.41964644007384777
Training loss on iteration 2440 = 0.29926031534560027
Training loss on iteration 2460 = 0.29251009188592436
Training loss on iteration 2480 = 0.32318921852856874
Training loss on iteration 2500 = 0.40416500344872475
Training loss on iteration 2520 = 0.25748707018792627
Training loss on iteration 2540 = 0.3083954194560647
Training loss on iteration 2560 = 0.32658836590126156
Training loss on iteration 2580 = 0.32328841779381035
Training loss on iteration 2600 = 0.25948946764692665
Training loss on iteration 2620 = 0.40635391799733045
Training loss on iteration 2640 = 0.3236640098504722
Training loss on iteration 2660 = 0.26488648150116206
Training loss on iteration 2680 = 0.31070729475468395
Training loss on iteration 2700 = 0.33102560676634313
Training loss on iteration 2720 = 0.3233734412118793
Training loss on iteration 2740 = 0.30809072209522126
Training loss on iteration 2760 = 0.3363181946799159
Training loss on iteration 2780 = 0.3721732093021274
Training loss on iteration 2800 = 0.6330714439973235
Training loss on iteration 2820 = 0.40217001240234823
Training loss on iteration 2840 = 0.27284029449801894
Training loss on iteration 2860 = 0.5300563711673021
Training loss on iteration 2880 = 0.35711762830615046
Training loss on iteration 2900 = 0.4358526490628719
Training loss on iteration 2920 = 0.3159411415457726
Training loss on iteration 2940 = 0.38908545635640623
Training loss on iteration 2960 = 0.4571016485802829
Training loss on iteration 2980 = 0.3969904167577624
Training loss on iteration 3000 = 0.4233813717961311
Training loss on iteration 3020 = 0.3805120106786489
Training loss on iteration 3040 = 0.39874140471220015
Training loss on iteration 3060 = 0.2802873929031193
Training loss on iteration 3080 = 0.5722204765304924
Training loss on iteration 3100 = 0.3918539647012949
Training loss on iteration 3120 = 0.5165648207068443
Training loss on iteration 3140 = 0.3259272836148739
Training loss on iteration 3160 = 0.3659714262932539
Training loss on iteration 3180 = 0.28353719878941774
Training loss on iteration 3200 = 0.36639324985444544
Training loss on iteration 3220 = 0.3099320031702518
Training loss on iteration 3240 = 0.3568126641213894
Training loss on iteration 3260 = 0.2982625726610422
Training loss on iteration 3280 = 0.34570608362555505
Training loss on iteration 3300 = 0.3206250173971057
Training loss on iteration 3320 = 0.5646112045273185
Training loss on iteration 3340 = 0.4522254528477788
Training loss on iteration 3360 = 0.3566827305126935
Training loss on iteration 3380 = 0.3427990674972534
Training loss on iteration 3400 = 0.31877399552613495
Training loss on iteration 3420 = 0.27977831438183787
Training loss on iteration 3440 = 0.4234300688840449
Training loss on iteration 3460 = 0.3241637978702784
Training loss on iteration 3480 = 0.42079791901633146
Training loss on iteration 3500 = 0.2931955808773637
Training loss on iteration 3520 = 0.3190741686150432
Training loss on iteration 3540 = 0.3954091617139056
Training loss on iteration 3560 = 0.3897729246877134
Training loss on iteration 3580 = 0.4606367690721527
Training loss on iteration 3600 = 0.4899724184535444
Training loss on iteration 3620 = 0.30455074459314346
Training loss on iteration 3640 = 0.41454428872093557
Training loss on iteration 3660 = 0.2862691253423691
Training loss on iteration 3680 = 0.43202800713479517
Training loss on iteration 3700 = 0.3652715548872948
Training loss on iteration 3720 = 0.4171907423064113
Training loss on iteration 3740 = 0.2791222623549402
Training loss on iteration 3760 = 0.633288660645485
Training loss on iteration 3780 = 0.4596892649307847
Training loss on iteration 3800 = 0.36165026370435954
Training loss on iteration 3820 = 0.2967155957594514
Training loss on iteration 3840 = 0.3162208454683423
Training loss on iteration 3860 = 0.3475371453911066
Training loss on iteration 3880 = 0.4335706351324916
Training loss on iteration 3900 = 0.39562939456664026
Training loss on iteration 3920 = 0.3436583025380969
Training loss on iteration 3940 = 0.38263592664152385
Training loss on iteration 3960 = 0.529524065181613
Training loss on iteration 3980 = 0.35888991691172123
Training loss on iteration 4000 = 0.3270900994539261
Training loss on iteration 4020 = 0.243581145722419
Training loss on iteration 4040 = 0.36857094168663024
Training loss on iteration 4060 = 0.6068514611572027
Training loss on iteration 4080 = 0.5316706883255392
Training loss on iteration 4100 = 0.26401190175674855
Training loss on iteration 4120 = 0.4230517685413361
Training loss on iteration 4140 = 0.4168441056739539
Training loss on iteration 4160 = 0.28925515739247204
Training loss on iteration 4180 = 0.3581737207248807
Training loss on iteration 4200 = 0.315206429711543
Training loss on iteration 4220 = 0.34182783514261245
Training loss on iteration 4240 = 0.4441925404593349
Training loss on iteration 4260 = 0.5521153703331947
Training loss on iteration 4280 = 0.32095453329384327
Training loss on iteration 4300 = 0.3022481046617031
Training loss on iteration 4320 = 0.3738677442073822
Training loss on iteration 4340 = 0.38355723628774285
Training loss on iteration 4360 = 0.33423396563157437
Training loss on iteration 4380 = 0.33304318562150004
Training loss on iteration 4400 = 0.25494579002261164
Training loss on iteration 4420 = 0.401595232822001
Training loss on iteration 4440 = 0.4981941867619753
Training loss on iteration 4460 = 0.4234135000966489
Training loss on iteration 4480 = 0.2962033409625292
Training loss on iteration 4500 = 0.3547391381114721
Training loss on iteration 4520 = 0.2722942559979856
Training loss on iteration 4540 = 0.2720557934604585
Training loss on iteration 4560 = 0.35088528133928776
Training loss on iteration 4580 = 0.3241895653307438
Training loss on iteration 4600 = 0.26345403199084105
Training loss on iteration 4620 = 0.23439832162111998
Training loss on iteration 4640 = 0.3358974180184305
Training loss on iteration 4660 = 0.28365151728503407
Training loss on iteration 4680 = 0.3130466166883707
Training loss on iteration 4700 = 0.2738497910089791
Training loss on iteration 4720 = 0.29570164866745474
Training loss on iteration 4740 = 0.3737769890576601
Training loss on iteration 4760 = 0.24456145586445927
Training loss on iteration 4780 = 0.3038130518980324
Training loss on iteration 4800 = 0.307956487609772
Training loss on iteration 4820 = 0.3945975371170789
Training loss on iteration 4840 = 0.3021276716142893
Training loss on iteration 4860 = 0.2577319391071796
Training loss on iteration 4880 = 0.35119281988590956
Training loss on iteration 4900 = 0.3311969029717147
Training loss on iteration 4920 = 0.3475221311673522
Training loss on iteration 4940 = 0.4075723845977336
Training loss on iteration 4960 = 0.3366381336003542
Training loss on iteration 4980 = 0.4295411782339215
Training loss on iteration 5000 = 0.4911246996372938
Training loss on iteration 5020 = 0.41677398458123205
Training loss on iteration 5040 = 0.3763433050364256
Training loss on iteration 5060 = 0.3210045523941517
Training loss on iteration 5080 = 0.2578081298619509
Training loss on iteration 5100 = 0.2999405632726848
Training loss on iteration 5120 = 0.5081610801629722
Training loss on iteration 5140 = 0.36884295139461754
Training loss on iteration 5160 = 0.3052737766876817
Training loss on iteration 5180 = 0.340865601785481
Training loss on iteration 5200 = 0.367567382613197
Training loss on iteration 5220 = 0.38793403171002866
Training loss on iteration 5240 = 0.41813713386654855
Training loss on iteration 5260 = 0.535770537587814
Training loss on iteration 5280 = 0.41840451005846263
Training loss on iteration 5300 = 0.37517023691907525
Training loss on iteration 5320 = 0.30495539754629136
Training loss on iteration 5340 = 0.4608559159561992
Training loss on iteration 5360 = 0.2550175148993731
Training loss on iteration 5380 = 0.23493269477039574
Training loss on iteration 5400 = 0.34853107389062643
Training loss on iteration 5420 = 0.3205076588317752
Training loss on iteration 5440 = 0.2781635768245906
Training loss on iteration 5460 = 0.26807673191651704
Training loss on iteration 5480 = 0.3264646014198661
Training loss on iteration 5500 = 0.28674292005598545
Training loss on iteration 5520 = 0.21562241297215223
Training loss on iteration 5540 = 0.4629033714532852
Training loss on iteration 5560 = 0.3580685461871326
Training loss on iteration 5580 = 0.28123426008969543
Training loss on iteration 5600 = 0.5004315249621868
Training loss on iteration 5620 = 0.45765111707150935
Training loss on iteration 5640 = 0.45352388378232716
Training loss on iteration 5660 = 0.5106438169255852
Training loss on iteration 5680 = 0.5629730083979666
Training loss on iteration 5700 = 0.639536895416677
Training loss on iteration 5720 = 0.37615546805318445
Training loss on iteration 5740 = 0.36835672929883
Training loss on iteration 5760 = 0.3697891693562269
Training loss on iteration 5780 = 0.30658338505309074
Training loss on iteration 5800 = 0.38776492131873963
Training loss on iteration 5820 = 0.5066676020622254
Training loss on iteration 5840 = 0.3351566014811397
Training loss on iteration 5860 = 0.32885385437402875
Training loss on iteration 5880 = 0.4537157788872719
Training loss on iteration 5900 = 0.3504477933049202
Training loss on iteration 5920 = 0.5283231399953365
Training loss on iteration 5940 = 0.23948244899511337
Training loss on iteration 5960 = 0.4508852120488882
Training loss on iteration 5980 = 0.4610176060348749
Training loss on iteration 6000 = 0.4541586619336158
Training loss on iteration 6020 = 0.5334855874069035
Training loss on iteration 6040 = 0.4029450167901814
Training loss on iteration 6060 = 0.7064467068295925
Training loss on iteration 6080 = 0.5849668510258198
Training loss on iteration 6100 = 0.7438660940621048
Training loss on iteration 6120 = 0.5197616875171661
Training loss on iteration 6140 = 0.46587148858234284
Training loss on iteration 6160 = 0.5253144491929561
Training loss on iteration 6180 = 0.3611681956797838
Training loss on iteration 6200 = 0.3276294846087694
Training loss on iteration 6220 = 0.38769516721367836
Training loss on iteration 6240 = 0.2927188258152455
Training loss on iteration 6260 = 0.3700891924556345
Training loss on iteration 6280 = 0.2837581725791097
Training loss on iteration 6300 = 0.2819413382560015
Training loss on iteration 6320 = 0.33204904119484124
Training loss on iteration 6340 = 0.34443556889891624
Training loss on iteration 6360 = 0.3971769526600838
Training loss on iteration 6380 = 0.44807869717478754
Training loss on iteration 6400 = 0.48157938695512714
Training loss on iteration 6420 = 0.6939074830152094
Training loss on iteration 6440 = 0.4036163978278637
Training loss on iteration 6460 = 0.32715950198471544
Training loss on iteration 6480 = 0.46891223080456257
Training loss on iteration 6500 = 0.4690967453178018
Training loss on iteration 6520 = 0.522639156319201
Training loss on iteration 6540 = 0.4547791449353099
Training loss on iteration 6560 = 0.20588204225059598
Training loss on iteration 6580 = 0.37100336216390134
Training loss on iteration 6600 = 0.2395943399053067
Training loss on iteration 6620 = 0.274473505653441
Training loss on iteration 6640 = 0.3737633334472775
Training loss on iteration 6660 = 0.26446826294995845
Training loss on iteration 6680 = 0.3290828600525856
Training loss on iteration 6700 = 0.2966632177121937
Training loss on iteration 6720 = 0.5022457179613411
Training loss on iteration 6740 = 0.3971383074764162
Training loss on iteration 6760 = 0.33161145807243886
Training loss on iteration 6780 = 0.5655725329648703
Training loss on iteration 6800 = 0.34047174770821587
Training loss on iteration 6820 = 0.41121610027039424
Training loss on iteration 6840 = 0.35697835953906176
Training loss on iteration 6860 = 0.4555966768413782
Training loss on iteration 6880 = 0.37547062560915945
Training loss on iteration 6900 = 0.31363596841692926
Training loss on iteration 6920 = 0.30691988691687583
Training loss on iteration 6940 = 0.3569218432530761
Training loss on iteration 6960 = 0.3602649032138288
Training loss on iteration 6980 = 0.35518029797822237
Training loss on iteration 7000 = 0.35812781418208034
Training loss on iteration 7020 = 0.28380304723978045
Training loss on iteration 7040 = 0.26763830054551363
Training loss on iteration 7060 = 0.43554777279496193
Training loss on iteration 7080 = 0.3855408485978842
Training loss on iteration 7100 = 0.29776947423815725
Training loss on iteration 7120 = 0.30132250431925056
Training loss on iteration 7140 = 0.2831080500036478
Training loss on iteration 7160 = 0.22927544207777828
Training loss on iteration 7180 = 0.2206167897209525
Training loss on iteration 7200 = 0.2168096643872559
Training loss on iteration 7220 = 0.26598807257832957
Training loss on iteration 7240 = 0.2798689750023186
Training loss on iteration 7260 = 0.3943193263374269
Training loss on iteration 7280 = 1.0526273306459188
Training loss on iteration 7300 = 1.660552419887972
Training loss on iteration 7320 = 1.1624389046337456
Training loss on iteration 7340 = 0.5385225629259367
Training loss on iteration 7360 = 0.7072846360504628
Training loss on iteration 7380 = 0.8904084574431181
Training loss on iteration 7400 = 0.8499745555222035
Training loss on iteration 7420 = 1.077869698649738
Training loss on iteration 7440 = 0.9243635651655495
Training loss on iteration 7460 = 0.4078138692304492
Training loss on iteration 7480 = 0.5374601640738547
### EVAL:: Epoch 19:: Loss = 0.48499750555048704 :: ACC = 0.8488861849494571, AUC = 0.1762157889325578, EER = 0.7444777236989891
Training on epoch 20
Training loss on iteration 0 = 0.7568044066429138
Training loss on iteration 20 = 0.2771192636340857
Training loss on iteration 40 = 0.2768745057284832
Training loss on iteration 60 = 0.3217510200105608
Training loss on iteration 80 = 0.3540940580889583
Training loss on iteration 100 = 0.23928042631596327
Training loss on iteration 120 = 0.23436400713399053
Training loss on iteration 140 = 0.27010538121685385
Training loss on iteration 160 = 0.2732853311114013
Training loss on iteration 180 = 0.3359434586018324
Training loss on iteration 200 = 0.2883181231562048
Training loss on iteration 220 = 0.28159950440749526
Training loss on iteration 240 = 0.41764119304716585
Training loss on iteration 260 = 0.2968475017696619
Training loss on iteration 280 = 0.3758168748579919
Training loss on iteration 300 = 0.40121894255280494
Training loss on iteration 320 = 0.36177803836762906
Training loss on iteration 340 = 0.39010776337236164
Training loss on iteration 360 = 0.28894165782257913
Training loss on iteration 380 = 0.32333451993763446
Training loss on iteration 400 = 0.3397950630635023
Training loss on iteration 420 = 0.4774264616891742
Training loss on iteration 440 = 0.46244785841554403
Training loss on iteration 460 = 0.3594731414690614
Training loss on iteration 480 = 0.3958855873905122
Training loss on iteration 500 = 0.30771593637764455
Training loss on iteration 520 = 0.30557917933911083
Training loss on iteration 540 = 0.370445797406137
Training loss on iteration 560 = 0.4146501560695469
Training loss on iteration 580 = 0.46518221306614577
Training loss on iteration 600 = 0.28504888731986283
Training loss on iteration 620 = 0.4032734401524067
Training loss on iteration 640 = 0.513932223804295
Training loss on iteration 660 = 0.39285474047064783
Training loss on iteration 680 = 0.35898562986403704
Training loss on iteration 700 = 0.3536422781646252
Training loss on iteration 720 = 0.4205083591863513
Training loss on iteration 740 = 0.778497832082212
Training loss on iteration 760 = 0.38592741964384913
Training loss on iteration 780 = 0.7511590352034545
Training loss on iteration 800 = 0.453413740452379
Training loss on iteration 820 = 0.6949085216037929
Training loss on iteration 840 = 0.3700584352016449
Training loss on iteration 860 = 0.4000210613012314
Training loss on iteration 880 = 0.41667206641286614
Training loss on iteration 900 = 0.41564104296267035
Training loss on iteration 920 = 0.3734950479120016
Training loss on iteration 940 = 0.3846326892729849
Training loss on iteration 960 = 0.39931350871920585
Training loss on iteration 980 = 0.3166140910238028
Training loss on iteration 1000 = 0.2749467143788934
Training loss on iteration 1020 = 0.2929167740046978
Training loss on iteration 1040 = 0.5178588721901178
Training loss on iteration 1060 = 0.4517886331304908
Training loss on iteration 1080 = 0.39686409309506415
Training loss on iteration 1100 = 0.3928026711801067
Training loss on iteration 1120 = 0.3962781772017479
Training loss on iteration 1140 = 0.4900618027895689
Training loss on iteration 1160 = 0.3376145908609033
Training loss on iteration 1180 = 0.43981172889471054
Training loss on iteration 1200 = 0.3808369835838675
Training loss on iteration 1220 = 0.33568406365811826
Training loss on iteration 1240 = 0.3760957673192024
Training loss on iteration 1260 = 0.3408493775874376
Training loss on iteration 1280 = 0.33538457974791525
Training loss on iteration 1300 = 0.34531425638124347
Training loss on iteration 1320 = 0.3117817435413599
Training loss on iteration 1340 = 0.28683932768180964
Training loss on iteration 1360 = 0.3893288986757398
Training loss on iteration 1380 = 0.47384438253939154
Training loss on iteration 1400 = 0.28460331736132505
Training loss on iteration 1420 = 0.4008635051548481
Training loss on iteration 1440 = 0.3556412238162011
Training loss on iteration 1460 = 0.2578948464244604
Training loss on iteration 1480 = 0.29505202062428
Training loss on iteration 1500 = 0.282344164699316
Training loss on iteration 1520 = 0.36842136438935996
Training loss on iteration 1540 = 0.32348698533605785
Training loss on iteration 1560 = 0.4452717504929751
Training loss on iteration 1580 = 0.5989925844827667
Training loss on iteration 1600 = 0.4372785484883934
Training loss on iteration 1620 = 0.4754120286554098
Training loss on iteration 1640 = 0.9249297472648322
Training loss on iteration 1660 = 1.2879058643011376
Training loss on iteration 1680 = 0.8546316587831825
Training loss on iteration 1700 = 0.3807477677240968
Training loss on iteration 1720 = 0.4301805689930916
Training loss on iteration 1740 = 0.5142084650695324
Training loss on iteration 1760 = 0.5778695963323116
Training loss on iteration 1780 = 0.4274843022227287
Training loss on iteration 1800 = 0.24951244406402112
Training loss on iteration 1820 = 0.3344503305852413
Training loss on iteration 1840 = 0.5259595926851034
Training loss on iteration 1860 = 0.48064596243202684
Training loss on iteration 1880 = 0.2770500730723143
Training loss on iteration 1900 = 0.37593665113672614
Training loss on iteration 1920 = 0.4104257483035326
Training loss on iteration 1940 = 0.2632436104118824
Training loss on iteration 1960 = 0.3213365079835057
Training loss on iteration 1980 = 0.296472823061049
Training loss on iteration 2000 = 0.2999933362007141
Training loss on iteration 2020 = 0.3147053424268961
Training loss on iteration 2040 = 0.27145710224285724
Training loss on iteration 2060 = 0.28263508463278414
Training loss on iteration 2080 = 0.35133568327873943
Training loss on iteration 2100 = 0.3831427862867713
Training loss on iteration 2120 = 0.4301601365208626
Training loss on iteration 2140 = 0.3236331516876817
Training loss on iteration 2160 = 0.3784562412183732
Training loss on iteration 2180 = 0.2816731074359268
Training loss on iteration 2200 = 0.2529930120334029
Training loss on iteration 2220 = 0.3255861459765583
Training loss on iteration 2240 = 1.0272140737622977
Training loss on iteration 2260 = 1.0397827738896013
Training loss on iteration 2280 = 1.0330831726081668
Training loss on iteration 2300 = 0.5531774120870978
Training loss on iteration 2320 = 0.7883362803608179
Training loss on iteration 2340 = 0.5077865899074823
Training loss on iteration 2360 = 0.3244369006715715
Training loss on iteration 2380 = 0.3134666200727224
Training loss on iteration 2400 = 0.3000079725869
Training loss on iteration 2420 = 0.3590837487950921
Training loss on iteration 2440 = 0.25930831362493334
Training loss on iteration 2460 = 0.3603042470989749
Training loss on iteration 2480 = 0.43129409942775965
Training loss on iteration 2500 = 0.47626324370503426
Training loss on iteration 2520 = 0.37398548228666184
Training loss on iteration 2540 = 0.4237693311297335
Training loss on iteration 2560 = 0.2974572487175465
Training loss on iteration 2580 = 0.4282798312604427
Training loss on iteration 2600 = 0.2800759834237397
Training loss on iteration 2620 = 0.5025366169400514
Training loss on iteration 2640 = 0.29393821572884915
Training loss on iteration 2660 = 0.5162991679739207
Training loss on iteration 2680 = 0.43086667638272047
Training loss on iteration 2700 = 0.5838464595377445
Training loss on iteration 2720 = 0.4448462725616992
Training loss on iteration 2740 = 0.42403741739690304
Training loss on iteration 2760 = 0.3393667425960302
Training loss on iteration 2780 = 0.2760523368604481
Training loss on iteration 2800 = 0.3392538547515869
Training loss on iteration 2820 = 0.32507122443057596
Training loss on iteration 2840 = 0.3252869134536013
Training loss on iteration 2860 = 0.48807160137221217
Training loss on iteration 2880 = 0.372458198107779
Training loss on iteration 2900 = 0.35752102062106134
Training loss on iteration 2920 = 0.5176054351264611
Training loss on iteration 2940 = 0.37247696667909624
Training loss on iteration 2960 = 0.3064551564864814
Training loss on iteration 2980 = 0.44034504843875766
Training loss on iteration 3000 = 0.3803915623575449
Training loss on iteration 3020 = 0.3275235515087843
Training loss on iteration 3040 = 0.3802048347890377
Training loss on iteration 3060 = 0.42944232393056153
Training loss on iteration 3080 = 0.2931384924799204
Training loss on iteration 3100 = 0.27730656834319234
Training loss on iteration 3120 = 0.3684800509363413
Training loss on iteration 3140 = 0.25035699252039195
Training loss on iteration 3160 = 0.34468504938995465
Training loss on iteration 3180 = 0.33285519350320103
Training loss on iteration 3200 = 0.2936929992865771
Training loss on iteration 3220 = 0.36361952759325505
Training loss on iteration 3240 = 0.3933892659842968
Training loss on iteration 3260 = 0.4706010900437832
Training loss on iteration 3280 = 0.4188521385192871
Training loss on iteration 3300 = 0.3903307165950537
Training loss on iteration 3320 = 0.44120341530069707
Training loss on iteration 3340 = 0.4337882834486663
Training loss on iteration 3360 = 0.3079393460880965
Training loss on iteration 3380 = 0.3125488284043968
Training loss on iteration 3400 = 0.19632283926475794
Training loss on iteration 3420 = 0.2518496984150261
Training loss on iteration 3440 = 0.3123073204420507
Training loss on iteration 3460 = 0.40893043191172185
Training loss on iteration 3480 = 0.32759477104991674
Training loss on iteration 3500 = 0.32821246348321437
Training loss on iteration 3520 = 0.4044014308601618
Training loss on iteration 3540 = 0.24504816983826458
Training loss on iteration 3560 = 0.3647144875023514
Training loss on iteration 3580 = 0.3366269176825881
Training loss on iteration 3600 = 0.4111945965560153
Training loss on iteration 3620 = 0.2988130979239941
Training loss on iteration 3640 = 0.34797238614410164
Training loss on iteration 3660 = 0.3725270124152303
Training loss on iteration 3680 = 0.2849963529035449
Training loss on iteration 3700 = 0.22473981650546193
Training loss on iteration 3720 = 0.2389435676857829
Training loss on iteration 3740 = 0.3055280176922679
Training loss on iteration 3760 = 0.3074397897347808
Training loss on iteration 3780 = 0.3278530590236187
Training loss on iteration 3800 = 0.2904030976817012
Training loss on iteration 3820 = 0.26414689105004074
Training loss on iteration 3840 = 0.30344217610545454
Training loss on iteration 3860 = 0.3680117686279118
Training loss on iteration 3880 = 0.2983774784952402
Training loss on iteration 3900 = 0.2748020035214722
Training loss on iteration 3920 = 0.2679180411621928
Training loss on iteration 3940 = 0.35161207653582094
Training loss on iteration 3960 = 0.30658703837543727
Training loss on iteration 3980 = 0.3333420054987073
Training loss on iteration 4000 = 0.34445044873282316
Training loss on iteration 4020 = 0.30893151462078094
Training loss on iteration 4040 = 0.2913288294803351
Training loss on iteration 4060 = 0.38615058083087206
Training loss on iteration 4080 = 0.3478098200634122
Training loss on iteration 4100 = 0.2542616173159331
Training loss on iteration 4120 = 0.3341196174733341
Training loss on iteration 4140 = 0.29415985350497065
Training loss on iteration 4160 = 0.2550715450197458
Training loss on iteration 4180 = 0.2692583334632218
Training loss on iteration 4200 = 0.42732053324580194
Training loss on iteration 4220 = 0.39229381843470035
Training loss on iteration 4240 = 0.2652924083173275
Training loss on iteration 4260 = 0.38509207954630253
Training loss on iteration 4280 = 0.46494584530591965
Training loss on iteration 4300 = 0.577967157959938
Training loss on iteration 4320 = 0.4335266603156924
Training loss on iteration 4340 = 0.31194495130330324
Training loss on iteration 4360 = 0.3399238700047135
Training loss on iteration 4380 = 0.5039256945252418
Training loss on iteration 4400 = 0.34218531381338835
Training loss on iteration 4420 = 0.5421952592674643
Training loss on iteration 4440 = 0.3082028506323695
Training loss on iteration 4460 = 0.468404271826148
Training loss on iteration 4480 = 0.28649125238880513
Training loss on iteration 4500 = 0.4529838068410754
Training loss on iteration 4520 = 0.43404551558196547
Training loss on iteration 4540 = 0.3593344347202219
Training loss on iteration 4560 = 0.5681259134784341
Training loss on iteration 4580 = 0.3234471397474408
Training loss on iteration 4600 = 0.3295225047157146
Training loss on iteration 4620 = 0.44043940734118225
Training loss on iteration 4640 = 0.3719624665565789
Training loss on iteration 4660 = 0.33439400484785436
Training loss on iteration 4680 = 0.24239965323358775
Training loss on iteration 4700 = 0.283084285305813
Training loss on iteration 4720 = 0.13949437423143535
Training loss on iteration 4740 = 0.2980188094545156
Training loss on iteration 4760 = 0.34488277416676283
Training loss on iteration 4780 = 0.2813505199737847
Training loss on iteration 4800 = 0.35098886750638486
Training loss on iteration 4820 = 0.2827435053884983
Training loss on iteration 4840 = 0.4244294449687004
Training loss on iteration 4860 = 0.35678286394104364
Training loss on iteration 4880 = 0.21834270171821119
Training loss on iteration 4900 = 0.24892970276996493
Training loss on iteration 4920 = 0.23698910057428293
Training loss on iteration 4940 = 0.31075835339725016
Training loss on iteration 4960 = 0.30680363895371554
Training loss on iteration 4980 = 0.3139963221736252
Training loss on iteration 5000 = 0.3545035906136036
Training loss on iteration 5020 = 0.4325865628197789
Training loss on iteration 5040 = 0.37131807021796703
Training loss on iteration 5060 = 0.4182923182845116
Training loss on iteration 5080 = 0.38283345149829984
Training loss on iteration 5100 = 0.38073609340935943
Training loss on iteration 5120 = 0.43086802745237945
Training loss on iteration 5140 = 0.4914665574207902
Training loss on iteration 5160 = 0.5203488972038031
Training loss on iteration 5180 = 0.3689871211070567
Training loss on iteration 5200 = 0.32778902805875987
Training loss on iteration 5220 = 0.5361729258671403
Training loss on iteration 5240 = 0.3069004240445793
Training loss on iteration 5260 = 0.41663328018039464
Training loss on iteration 5280 = 0.39365843757987024
Training loss on iteration 5300 = 0.5703289328608662
Training loss on iteration 5320 = 0.6373725886456668
Training loss on iteration 5340 = 0.36423954179044815
Training loss on iteration 5360 = 0.4177824308164418
Training loss on iteration 5380 = 0.40358741730451586
Training loss on iteration 5400 = 0.4253923633601516
Training loss on iteration 5420 = 0.3072365762665868
Training loss on iteration 5440 = 0.2750224808230996
Training loss on iteration 5460 = 0.3233286961913109
Training loss on iteration 5480 = 0.37428979501128196
Training loss on iteration 5500 = 0.30847571343183516
Training loss on iteration 5520 = 0.32053747596219184
Training loss on iteration 5540 = 0.366898438334465
Training loss on iteration 5560 = 0.3518309770151973
Training loss on iteration 5580 = 0.4207255257293582
Training loss on iteration 5600 = 0.330915673263371
Training loss on iteration 5620 = 0.3101789737120271
Training loss on iteration 5640 = 0.32926523424685
Training loss on iteration 5660 = 0.3617597069591284
Training loss on iteration 5680 = 0.3113224618602544
Training loss on iteration 5700 = 0.34211563169956205
Training loss on iteration 5720 = 0.1985241341404617
Training loss on iteration 5740 = 0.528569387178868
Training loss on iteration 5760 = 0.17713231416419148
Training loss on iteration 5780 = 0.3601875193184242
Training loss on iteration 5800 = 0.27801831834949553
Training loss on iteration 5820 = 0.2655811788514256
Training loss on iteration 5840 = 0.6652097482234239
Training loss on iteration 5860 = 0.6175754824653268
Training loss on iteration 5880 = 0.43403487065806984
Training loss on iteration 5900 = 0.5785722986795008
Training loss on iteration 5920 = 0.5370536191621795
Training loss on iteration 5940 = 0.49454735827166585
Training loss on iteration 5960 = 0.3749921552836895
Training loss on iteration 5980 = 0.27632827972993257
Training loss on iteration 6000 = 0.3174220766872168
Training loss on iteration 6020 = 0.22924067005515097
Training loss on iteration 6040 = 0.41655005076900126
Training loss on iteration 6060 = 0.26579644896555693
Training loss on iteration 6080 = 0.3568989370949566
Training loss on iteration 6100 = 0.2868659088388085
Training loss on iteration 6120 = 0.32011637520045044
Training loss on iteration 6140 = 0.2705451030284166
Training loss on iteration 6160 = 0.3566445725038648
Training loss on iteration 6180 = 0.4184647874906659
Training loss on iteration 6200 = 0.32333121369592843
Training loss on iteration 6220 = 0.3309172268025577
Training loss on iteration 6240 = 0.3669632200151682
Training loss on iteration 6260 = 0.40918961074203253
Training loss on iteration 6280 = 0.2914767380803823
Training loss on iteration 6300 = 0.29564043460413814
Training loss on iteration 6320 = 0.3157966123893857
Training loss on iteration 6340 = 0.4308719883672893
Training loss on iteration 6360 = 0.3255822522565722
Training loss on iteration 6380 = 0.4797661818563938
Training loss on iteration 6400 = 0.49790870361030104
Training loss on iteration 6420 = 0.6358696752227843
Training loss on iteration 6440 = 0.329827225767076
Training loss on iteration 6460 = 0.6740852229297161
Training loss on iteration 6480 = 0.4498970258049667
Training loss on iteration 6500 = 0.29860491640865805
Training loss on iteration 6520 = 0.2933133026584983
Training loss on iteration 6540 = 0.3018359106965363
Training loss on iteration 6560 = 0.2951544437557459
Training loss on iteration 6580 = 0.3715675825253129
Training loss on iteration 6600 = 0.34282133262604475
Training loss on iteration 6620 = 0.45894581489264963
Training loss on iteration 6640 = 0.24371532201766968
Training loss on iteration 6660 = 0.2549543128989171
Training loss on iteration 6680 = 0.27050803932361306
Training loss on iteration 6700 = 0.2631278023123741
Training loss on iteration 6720 = 0.24378093811683357
Training loss on iteration 6740 = 0.3005461238324642
Training loss on iteration 6760 = 0.2015449387487024
Training loss on iteration 6780 = 0.2738957872148603
Training loss on iteration 6800 = 0.3326440052129328
Training loss on iteration 6820 = 0.2511346496641636
Training loss on iteration 6840 = 0.26753543303348126
Training loss on iteration 6860 = 0.5104035791009665
Training loss on iteration 6880 = 0.39089328423142433
Training loss on iteration 6900 = 0.2884260038845241
Training loss on iteration 6920 = 0.3396556437015533
Training loss on iteration 6940 = 0.3835607644170523
Training loss on iteration 6960 = 0.3465589631348848
Training loss on iteration 6980 = 0.2780419936403632
Training loss on iteration 7000 = 0.38501305468380453
Training loss on iteration 7020 = 0.30413140254095195
Training loss on iteration 7040 = 0.3071511764079332
Training loss on iteration 7060 = 0.28810018487274647
Training loss on iteration 7080 = 0.5087083724327386
Training loss on iteration 7100 = 0.4038229671888985
Training loss on iteration 7120 = 0.336641032807529
Training loss on iteration 7140 = 0.23565822788514196
Training loss on iteration 7160 = 0.38412006562575696
Training loss on iteration 7180 = 0.2195168082602322
Training loss on iteration 7200 = 0.3733098367229104
Training loss on iteration 7220 = 0.3669043082743883
Training loss on iteration 7240 = 0.301909820176661
Training loss on iteration 7260 = 0.36374661736190317
Training loss on iteration 7280 = 0.3077478401362896
Training loss on iteration 7300 = 0.3353447074070573
Training loss on iteration 7320 = 0.31279727080836894
Training loss on iteration 7340 = 0.3137767943320796
Training loss on iteration 7360 = 0.4138498123735189
Training loss on iteration 7380 = 0.41839316245168445
Training loss on iteration 7400 = 0.402266835514456
Training loss on iteration 7420 = 0.45452481717802584
Training loss on iteration 7440 = 0.46756664402782916
Training loss on iteration 7460 = 0.4617831547278911
Training loss on iteration 7480 = 0.35937095982953904
### EVAL:: Epoch 20:: Loss = 0.270280304328974 :: ACC = 0.8992418569824036, AUC = 0.21034552764617848, EER = 0.7082553350804942
### Out of domain:: Best epoch 1 :: ACC = 0.35530360292265056, AUC = 0.8385553496894965, EER = 0.2380448475686571
recorded: {'exp_name': 'en_septr_r01', 'model': 'septr', 'train': 'commonvoice-en', 'test': 'mailabs-en', 'in_acc': 0.9364938225383751, 'in_auc': 0.4575542750448156, 'in_eer': 0.5285473605391239, 'cross_acc': 0.35530360292265056, 'cross_auc': 0.8385553496894965, 'cross_eer': 0.2380448475686571}

Done. Results -> /project/home/p201284/guo/xmad-bench-repro/results_en_septr_r01.csv
Done (en_septr_r01). Metrics -> /project/home/p201284/guo/xmad-bench-repro/results_en_septr_r01.csv ; logs/checkpoints under detection/experiments/.
